generation,genome_id,fitness,diversity,agreement,num_nodes,num_connections
0,1,0.04385054111480713,0.04385054111480713,0.73828125,1,4
0,2,0.047355389222502715,0.09856081008911133,0.4921875,1,4
0,3,0.06019807141274215,0.10412639379501343,0.53125,1,4
0,4,0.05442607868462802,0.08171892166137695,0.56640625,1,4
0,5,0.044042152119800455,0.07748997211456299,0.52734375,1,4
0,6,0.01741654006764293,0.1255953311920166,0.35546875,1,4
0,7,0.018224742729216818,0.11519837379455566,0.36328125,1,4
0,8,0.038610605522990234,0.05883520841598511,0.5625,1,4
0,9,0.04490232467651367,0.04490232467651367,0.71484375,1,4
0,10,0.05450610956177117,0.10111278295516968,0.515625,1,4
0,11,0.03690373664721847,0.041895151138305664,0.65234375,1,4
0,12,0.004399776458740234,0.004399776458740234,0.91796875,1,4
0,13,0.023966868873685605,0.11576449871063232,0.3828125,1,4
0,14,0.05137005448341371,0.10274010896682739,0.5,1,4
0,15,0.053610731963999576,0.1138949990272522,0.48828125,1,4
0,16,0.04646963416598738,0.06085026264190674,0.60546875,1,4
0,17,0.03771415818482638,0.06635618209838867,0.52734375,1,4
0,18,0.041962414747104056,0.052274346351623535,0.62109375,1,4
0,19,0.0562408023979515,0.09895288944244385,0.52734375,1,4
0,20,0.05253068392630668,0.095714271068573,0.51953125,1,4
0,21,0.008007407188415527,0.008007407188415527,0.8984375,1,4
0,22,0.058487706352025284,0.09628844261169434,0.54296875,1,4
0,23,0.06221440550871195,0.11975103616714478,0.5078125,1,4
0,24,0.030878385296091444,0.10828584432601929,0.4140625,1,4
0,25,0.03682953119277954,0.03682953119277954,0.734375,1,4
0,26,0.037807470536790795,0.08759015798568726,0.47265625,1,4
0,27,0.03553050756454468,0.03553050756454468,0.7109375,1,4
0,28,0.0,0.1478348970413208,0.28125,1,4
0,29,0.046200646320357926,0.08728682994842529,0.51171875,1,4
0,30,0.048503626836463816,0.09336036443710327,0.5078125,1,4
0,31,0.02765906415879727,0.10412824153900146,0.40625,1,4
0,32,0.045664573786780245,0.06757301092147827,0.5703125,1,4
0,33,0.05075844284147025,0.06732726097106934,0.6015625,1,4
0,34,0.05063502385746688,0.07832366228103638,0.55859375,1,4
0,35,0.023865938186645508,0.023865938186645508,0.78125,1,4
0,36,0.036040156614035375,0.09414571523666382,0.453125,1,4
0,37,0.04802572284825147,0.05452144145965576,0.65234375,1,4
0,38,0.02372121810913086,0.02372121810913086,0.71875,1,4
0,39,0.05213524634018541,0.05223727226257324,0.69921875,1,4
0,40,0.05070437514223159,0.08921182155609131,0.52734375,1,4
0,41,0.039534232579171665,0.07333886623382568,0.515625,1,4
0,42,0.03777702094521374,0.05843454599380493,0.55859375,1,4
0,43,0.03873715735971928,0.11268991231918335,0.4375,1,4
0,44,0.0,0.13221144676208496,0.2890625,1,4
0,45,0.009875297546386719,0.009875297546386719,0.87890625,1,4
0,46,0.0,0.13888555765151978,0.2734375,1,4
0,47,0.05245262989774347,0.07651209831237793,0.57421875,1,4
0,48,0.0401679277420044,0.08033585548400879,0.5,1,4
0,49,0.044044999172911055,0.09978336095809937,0.4765625,1,4
0,50,0.03559268743265421,0.09541076421737671,0.44921875,1,4
0,51,0.04536997107788921,0.057215332984924316,0.6171875,1,4
0,52,0.030543450731784112,0.09713196754455566,0.42578125,1,4
0,53,0.04858828778378666,0.12076312303543091,0.4609375,1,4
0,54,0.04838583420496435,0.09869939088821411,0.49609375,1,4
0,55,0.0,0.13776016235351562,0.29296875,1,4
0,56,0.05154639738611878,0.07519018650054932,0.57421875,1,4
0,57,0.037266326369717724,0.038860201835632324,0.68359375,1,4
0,58,0.043225182336755104,0.06305211782455444,0.57421875,1,4
0,59,0.05761501705273987,0.09485173225402832,0.54296875,1,4
0,60,0.03685569867957384,0.08168882131576538,0.48046875,1,4
0,61,0.05016219615936281,0.10032439231872559,0.5,1,4
0,62,0.049485933152027435,0.08417540788650513,0.53515625,1,4
0,63,0.0476309321820736,0.08238863945007324,0.53125,1,4
0,64,0.036744482349604375,0.03871023654937744,0.6796875,1,4
0,65,0.050530286505818374,0.05269145965576172,0.68359375,1,4
0,66,0.03526711463928223,0.03526711463928223,0.7890625,1,4
0,67,0.055334917036816485,0.08826005458831787,0.55078125,1,4
0,68,0.041960337432101376,0.04610234498977661,0.6640625,1,4
0,69,0.03487515449523926,0.03487515449523926,0.72265625,1,4
0,70,0.011235116980969911,0.12505173683166504,0.3359375,1,4
0,71,0.037258602678775794,0.10838866233825684,0.4375,1,4
0,72,0.03874380607157946,0.06935954093933105,0.5234375,1,4
0,73,0.02951747179031372,0.02951747179031372,0.76171875,1,4
0,74,0.033485095831565566,0.12159126996994019,0.41015625,1,4
0,75,0.02105534076690674,0.02105534076690674,0.8125,1,4
0,76,0.0524701843969524,0.053092360496520996,0.6953125,1,4
0,77,0.056688028853386654,0.10148346424102783,0.5234375,1,4
0,78,0.043559032958000905,0.06445729732513428,0.5703125,1,4
0,79,0.04145017778500915,0.05292391777038574,0.61328125,1,4
0,80,0.04869933752343059,0.05922579765319824,0.62890625,1,4
0,81,0.008780906908214096,0.12488400936126709,0.328125,1,4
0,82,0.04580088984221221,0.07663416862487793,0.5390625,1,4
0,83,0.026527323760092265,0.10779356956481934,0.3984375,1,4
0,84,0.04984290804713965,0.07375597953796387,0.5703125,1,4
0,85,0.03403402771800757,0.0889052152633667,0.453125,1,4
0,86,0.03557180659845472,0.09292227029800415,0.453125,1,4
0,87,0.03514863923192025,0.08953285217285156,0.45703125,1,4
0,88,0.05025048996321858,0.07126939296722412,0.58203125,1,4
0,89,0.04351220664102585,0.09644263982772827,0.48046875,1,4
0,90,0.018026292324066162,0.018026292324066162,0.828125,1,4
0,91,0.04472174542024732,0.13793694972991943,0.4296875,1,4
0,92,0.042143987026065595,0.0877143144607544,0.4921875,1,4
0,93,0.051373837748542435,0.08738672733306885,0.53515625,1,4
0,94,0.04340697685256601,0.05473983287811279,0.6171875,1,4
0,95,0.04418449383229018,0.07159006595611572,0.546875,1,4
0,96,0.026557182194665078,0.09004819393157959,0.41796875,1,4
0,97,0.036272871308028705,0.09475362300872803,0.453125,1,4
0,98,0.04314588441047818,0.08801072835922241,0.49609375,1,4
0,99,0.03949703997932375,0.09150445461273193,0.47265625,1,4
0,100,0.031007339013740427,0.10513746738433838,0.41796875,1,4
0,101,0.0454599962104112,0.08283102512359619,0.51953125,1,4
0,102,0.046723098959773786,0.08220696449279785,0.52734375,1,4
0,103,0.0002472939668223297,0.126614511013031,0.30078125,1,4
0,104,0.01913750171661377,0.01913750171661377,0.8203125,1,4
0,105,0.040974368341267116,0.04703783988952637,0.6484375,1,4
0,106,0.0236436277627945,0.1260993480682373,0.375,1,4
0,107,0.041431686491705484,0.057177960872650146,0.58984375,1,4
0,108,0.0026973946951329747,0.12555146217346191,0.30859375,1,4
0,109,0.0518760601989925,0.07460826635360718,0.578125,1,4
0,110,0.0,0.15375089645385742,0.27734375,1,4
0,111,0.042389109032228596,0.06272608041763306,0.5703125,1,4
0,112,0.03706765873357654,0.05821669101715088,0.5546875,1,4
0,113,0.05027526919730008,0.07333600521087646,0.57421875,1,4
0,114,0.0002600569278001822,0.1331491470336914,0.30078125,1,4
0,115,0.059003014583140626,0.09411072731018066,0.55078125,1,4
0,116,0.06113011669367553,0.1057385802268982,0.53125,1,4
0,117,0.04124250914901496,0.08947527408599854,0.484375,1,4
0,118,0.024869409855455167,0.11471295356750488,0.38671875,1,4
0,119,0.03745897323824466,0.053127408027648926,0.58203125,1,4
0,120,0.04783503571525217,0.06879645586013794,0.578125,1,4
0,121,0.04933928372338415,0.0699770450592041,0.58203125,1,4
0,122,0.051721811294555664,0.051721811294555664,0.7109375,1,4
0,123,0.036482000723481185,0.0845193862915039,0.47265625,1,4
0,124,0.03442752815317363,0.08353978395462036,0.46484375,1,4
0,125,0.0301693705841899,0.10579943656921387,0.4140625,1,4
0,126,0.03636225918307901,0.10009396076202393,0.4453125,1,4
0,127,0.04853624640963972,0.04960191249847412,0.69140625,1,4
0,128,0.043480753898620605,0.043480753898620605,0.71484375,1,4
0,129,0.018236637115478516,0.018236637115478516,0.81640625,1,4
0,130,0.03847411740571261,0.0911979079246521,0.46875,1,4
0,131,0.03408026695251465,0.03408026695251465,0.7265625,1,4
0,132,0.016547203063964844,0.016547203063964844,0.81640625,1,4
0,133,0.03863384574651719,0.043378353118896484,0.65625,1,4
0,134,0.049846181645989425,0.14500707387924194,0.4375,1,4
0,135,0.03323159785941244,0.10249745845794678,0.4296875,1,4
0,136,0.034025459317490465,0.04089444875717163,0.6328125,1,4
0,137,0.02845045225694776,0.08775079250335693,0.4296875,1,4
0,138,0.04852554749231786,0.07506066560745239,0.55859375,1,4
0,139,0.04611125960946084,0.04759871959686279,0.6875,1,4
0,140,0.014841675758361816,0.014841675758361816,0.8515625,1,4
0,141,0.03659916017204524,0.09560596942901611,0.453125,1,4
0,142,0.014505719533190135,0.1125292181968689,0.3515625,1,4
0,143,0.03575278178323061,0.09583991765975952,0.44921875,1,4
0,144,0.04026359599083663,0.050775766372680664,0.6171875,1,4
0,145,0.04571404308080674,0.08329391479492188,0.51953125,1,4
0,146,0.041081377305090434,0.09306931495666504,0.4765625,1,4
0,147,0.0,0.13105922937393188,0.2890625,1,4
0,148,0.051802220754325404,0.09609687328338623,0.515625,1,4
0,149,0.03212286019697786,0.10542887449264526,0.421875,1,4
0,150,0.03645395510829986,0.03840416669845581,0.6796875,1,4
1,89,0.055760932154953494,0.09645134210586548,0.53125,1,4
1,117,0.05030308850109578,0.09005308151245117,0.5234375,1,4
1,151,0.06780865986365826,0.1281108260154724,0.51171875,1,3
1,152,0.0552236088551581,0.06637203693389893,0.6328125,1,3
1,153,0.05982249951921404,0.082558274269104,0.58984375,1,4
1,154,0.03891801834106445,0.03891801834106445,0.74609375,1,3
1,155,0.06879686960019173,0.09757339954376221,0.58203125,1,4
1,156,0.050395769532769925,0.08432233333587646,0.5390625,1,3
1,157,0.04562450665980578,0.08619832992553711,0.51171875,1,3
1,158,0.05801400437485428,0.09868162870407104,0.53515625,2,5
1,159,0.04763000062666834,0.09167879819869995,0.5078125,1,3
1,160,0.06126010674051941,0.1357799768447876,0.48046875,2,5
1,161,0.047664996120147414,0.0868486762046814,0.51953125,1,3
1,162,0.056630137609317906,0.09032595157623291,0.55078125,1,3
1,163,0.043499648105353124,0.09641480445861816,0.48046875,2,3
1,164,0.04846383933909238,0.06779640913009644,0.5859375,1,2
1,165,0.044439523015171296,0.09641116857528687,0.484375,2,5
1,166,0.005341932177543644,0.13024139404296875,0.31640625,1,3
1,167,0.05201699631288649,0.09477829933166504,0.51953125,1,4
1,168,0.0,0.13857579231262207,0.296875,1,3
1,169,0.04349997080862523,0.09641551971435547,0.48046875,2,6
1,170,0.05016353109385819,0.0882602334022522,0.52734375,1,3
1,171,0.049425233155488975,0.0639033317565918,0.609375,2,5
1,172,0.0626882479991764,0.08651316165924072,0.58984375,1,4
1,173,0.061026301584206535,0.09733790159225464,0.55078125,1,3
1,174,0.0579678830690682,0.06967031955718994,0.6328125,1,3
1,175,0.06044644117355348,0.09793853759765625,0.546875,1,4
1,176,0.0002397682983428274,0.12276136875152588,0.30078125,1,3
1,177,0.04279695777222515,0.10636913776397705,0.4609375,1,3
1,178,0.06930848676711322,0.09075689315795898,0.60546875,1,3
1,179,0.04688709857873619,0.09564220905303955,0.49609375,1,4
1,180,0.038327150046825416,0.11149716377258301,0.4375,1,3
1,181,0.05278321681544186,0.09449303150177002,0.5234375,1,3
1,182,0.043390735751017935,0.09617340564727783,0.48046875,1,4
1,23,0.07056798459962012,0.11807453632354736,0.5390625,1,4
1,116,0.0729218408232555,0.10342377424240112,0.58203125,1,4
1,183,0.07078236434608699,0.11843323707580566,0.5390625,1,4
1,184,0.04782586265355349,0.08872044086456299,0.515625,1,4
1,185,0.06657285301480444,0.1029767394065857,0.55859375,1,4
1,186,0.05847063311375678,0.14188134670257568,0.46484375,1,4
1,187,0.014382382738403981,0.12071770429611206,0.34765625,1,4
1,188,0.020463340217247612,0.12182825803756714,0.3671875,1,4
1,189,0.04689331550616772,0.04792290925979614,0.69140625,2,4
1,190,0.04529146477580071,0.09825944900512695,0.484375,1,3
1,191,0.054949275450781,0.09837073087692261,0.5234375,1,4
1,192,0.045800745487213135,0.045800745487213135,0.71484375,1,4
1,193,0.06003685295581819,0.09883880615234375,0.54296875,1,4
1,194,0.04036194086074829,0.04036194086074829,0.7109375,1,3
1,195,0.05269165383651853,0.06564021110534668,0.62109375,1,3
1,196,0.05406163446605206,0.06206178665161133,0.6484375,1,3
1,197,0.028114730492234237,0.11424398422241211,0.3984375,1,4
1,198,0.044295302359387285,0.05085021257400513,0.6484375,1,3
1,199,0.0,0.13379132747650146,0.26953125,1,4
1,200,0.05745551758445801,0.0961347222328186,0.5390625,1,4
1,201,0.05093545932322741,0.08522534370422363,0.5390625,1,3
1,202,0.06272311520297082,0.09149354696273804,0.57421875,1,4
1,203,0.01718116377014667,0.1238979697227478,0.35546875,1,3
1,204,0.0625634863972664,0.07700121402740479,0.625,1,3
1,205,0.04523110389709473,0.04523110389709473,0.70703125,1,4
1,206,0.042284790892153985,0.09173649549484253,0.484375,1,4
1,207,0.029120206832885742,0.029120206832885742,0.77734375,1,3
1,208,0.04944757302291692,0.07212865352630615,0.57421875,1,4
1,209,0.0015025413595140017,0.12821686267852783,0.3046875,1,4
1,210,0.047235498786903925,0.06031066179275513,0.61328125,1,3
1,211,0.05141666135750712,0.10923373699188232,0.48828125,2,6
1,212,0.044358015060424805,0.044358015060424805,0.7421875,2,6
1,213,0.04679548740386963,0.04679548740386963,0.70703125,1,3
1,214,0.0039084032177925145,0.12506890296936035,0.3125,1,4
1,215,0.060503175482153906,0.09960651397705078,0.54296875,2,5
1,216,0.04470049473457039,0.08768832683563232,0.50390625,1,4
1,217,0.05210760142654181,0.08718657493591309,0.5390625,1,3
1,218,0.058825099258683636,0.09382694959640503,0.55078125,1,4
1,219,0.05466020130552353,0.10326945781707764,0.51171875,1,4
1,220,0.06528396310750396,0.11104780435562134,0.53515625,1,4
1,221,0.061690945294685676,0.10854214429855347,0.52734375,1,3
1,222,0.03176003694534302,0.03176003694534302,0.7734375,1,2
1,223,0.05248669348657132,0.06961965560913086,0.6015625,1,4
1,224,0.07267675921320917,0.09640026092529297,0.6015625,1,3
1,225,0.059952685609459884,0.06587076187133789,0.6640625,1,3
1,226,0.05001051630824805,0.11854344606399536,0.46875,1,3
1,227,0.04627394676208496,0.04627394676208496,0.73046875,1,3
1,228,0.0671431226655841,0.12923789024353027,0.5078125,1,3
1,229,0.058833919465541853,0.11541366577148438,0.50390625,1,3
1,230,0.05052438098937274,0.09205865859985352,0.51953125,1,4
1,231,0.018717684899456802,0.13497823476791382,0.35546875,1,3
1,232,0.04602823220193387,0.09029293060302734,0.50390625,1,3
1,233,0.034200857626274235,0.10240256786346436,0.43359375,2,5
1,234,0.0473855771124363,0.06815004348754883,0.578125,1,4
1,235,0.04495096206665039,0.04495096206665039,0.72265625,1,4
1,236,0.04725444409996272,0.06521368026733398,0.58984375,1,3
1,237,0.04730517487041653,0.05753028392791748,0.62890625,1,4
1,238,0.048522771336138255,0.0643618106842041,0.6015625,1,3
1,239,0.05222000228241087,0.09348475933074951,0.5234375,2,5
1,240,0.04748592199757696,0.05707228183746338,0.6328125,1,4
1,241,0.06345848925411703,0.06617259979248047,0.68359375,1,4
1,242,0.06238967261742801,0.06375950574874878,0.69140625,1,3
1,243,0.057635644916445024,0.09051978588104248,0.5546875,1,3
1,244,0.0403287410736084,0.0403287410736084,0.7109375,1,3
1,245,0.05678387451916934,0.06668198108673096,0.640625,1,4
1,246,0.06704506545793266,0.0977979302406311,0.57421875,1,4
1,247,0.05682139098644258,0.09507369995117188,0.5390625,1,3
1,248,0.05596050526946784,0.07828354835510254,0.5859375,1,3
1,249,0.038890074123628444,0.11000949144363403,0.44140625,1,3
1,250,0.0,0.13527250289916992,0.27734375,1,4
1,251,0.04907982063014061,0.08942657709121704,0.51953125,1,3
1,252,0.05154624907299877,0.09227859973907471,0.5234375,1,3
1,253,0.06009669229388238,0.06747698783874512,0.65625,1,4
1,254,0.079692633706145,0.10709351301193237,0.59765625,1,4
1,255,0.05427122628316284,0.06522738933563232,0.6328125,2,5
1,256,0.0582551071420312,0.06540924310684204,0.65625,1,4
1,257,0.05091787199489774,0.09988486766815186,0.50390625,1,4
1,258,0.046674655168317265,0.052987635135650635,0.65234375,2,5
1,259,0.06139143509790303,0.12043070793151855,0.50390625,1,4
1,260,0.06278435233980419,0.1085999608039856,0.53125,1,4
1,261,0.060072915628552444,0.09153968095779419,0.5625,1,4
1,262,0.06035426259040833,0.07428216934204102,0.625,2,6
1,263,0.063510978827253,0.09398156404495239,0.5703125,1,3
1,264,0.05499867722392083,0.056772828102111816,0.6875,2,4
1,265,0.04953444004058838,0.04953444004058838,0.73046875,1,4
1,266,0.0471793010365218,0.09623825550079346,0.49609375,1,3
1,267,0.04317604191601277,0.06209588050842285,0.578125,1,3
1,268,0.045456200139597065,0.04740035533905029,0.68359375,2,4
1,269,0.03722262382507324,0.03722262382507324,0.734375,1,3
1,270,0.05248067202046514,0.06961166858673096,0.6015625,2,5
1,271,0.018435316043905917,0.11652940511703491,0.36328125,1,4
1,272,0.04318069270811976,0.0815812349319458,0.51171875,1,3
1,273,0.06959792727138849,0.09604889154434204,0.58984375,1,4
1,274,0.0419982341118157,0.04292035102844238,0.69140625,1,3
1,275,0.06718961929436774,0.10088294744491577,0.56640625,1,4
1,276,0.03451909963041545,0.14026808738708496,0.3984375,1,4
1,277,0.04564672568812967,0.08954453468322754,0.50390625,1,4
1,278,0.0537036512978375,0.07723671197891235,0.578125,1,3
1,279,0.04066272452473641,0.042838096618652344,0.6796875,1,3
1,280,0.056685073999688036,0.07148462533950806,0.6171875,1,4
1,281,0.044359973398968584,0.055941641330718994,0.6171875,2,5
1,282,0.0631623691879213,0.10074496269226074,0.55078125,1,3
1,283,0.040351152420043945,0.040351152420043945,0.7109375,1,3
1,284,0.02865566639229656,0.12125372886657715,0.39453125,1,4
1,285,0.03308816067874432,0.1085970401763916,0.421875,2,4
1,286,0.06517614831682296,0.07926410436630249,0.62890625,1,4
1,287,0.03576821694150568,0.10709547996520996,0.43359375,1,4
1,288,0.04709164809901268,0.06328326463699341,0.59765625,1,4
1,289,0.051623048260808,0.07029521465301514,0.59375,1,4
1,290,0.0648624859750271,0.12032461166381836,0.515625,1,3
1,291,0.05896626971662046,0.09554028511047363,0.546875,1,4
1,292,0.08511576196178795,0.1259516477584839,0.5703125,1,3
1,293,0.06259924289770426,0.09683024883270264,0.55859375,2,5
1,294,0.07973329909145833,0.09471797943115234,0.63671875,1,3
1,295,0.052950080484151854,0.10003852844238281,0.51171875,1,4
1,296,0.05045301490463317,0.09032148122787476,0.5234375,2,5
2,294,0.052172934170812375,0.08729588985443115,0.5390625,1,3
2,254,0.0540315101388842,0.09844887256622314,0.51953125,1,4
2,297,0.02222187817096711,0.10250091552734375,0.38671875,1,3
2,298,0.05323567776940764,0.08907407522201538,0.5390625,1,4
2,299,0.04661968676373363,0.08345901966094971,0.5234375,1,3
2,300,0.039606152102351196,0.09388124942779541,0.46875,1,2
2,301,0.030180275440216064,0.030180275440216064,0.73046875,1,4
2,302,0.042502399068325765,0.09029555320739746,0.48828125,1,2
2,303,0.04099461110308767,0.08893746137619019,0.484375,1,3
2,304,0.04146309779025615,0.081337571144104,0.50390625,1,4
2,305,0.04679042799398304,0.07828986644744873,0.5390625,1,2
2,306,0.04792356491088867,0.04792356491088867,0.75,1,4
2,307,0.04467397928237915,0.04467397928237915,0.703125,1,3
2,308,0.052363383583724506,0.08352041244506836,0.55078125,1,4
2,309,0.04422031296417118,0.08511579036712646,0.5078125,1,3
2,310,0.012612969381734734,0.14038783311843872,0.3359375,1,2
2,311,0.06389674975071104,0.08818095922470093,0.58984375,1,4
2,312,0.055211151251569404,0.10627108812332153,0.5078125,1,2
2,313,0.0477417097426951,0.06020629405975342,0.6171875,1,3
2,314,0.02776296413503588,0.11747634410858154,0.39453125,1,2
2,315,0.06729671265929939,0.11079072952270508,0.54296875,1,2
2,316,0.044577015796676285,0.08580237627029419,0.5078125,1,3
2,317,0.07022309268359096,0.09436804056167603,0.59765625,1,3
2,318,0.04689156124368311,0.06559693813323975,0.5859375,1,3
2,319,0.04839731403626502,0.08232367038726807,0.53515625,1,3
2,320,0.04404136561788619,0.10686814785003662,0.46484375,1,2
2,321,0.03665912244468928,0.09338045120239258,0.45703125,1,4
2,322,0.06295735435560347,0.10200685262680054,0.546875,1,3
2,323,0.055549544282257564,0.08592557907104492,0.55859375,1,3
2,324,0.05929910251870752,0.08649897575378418,0.57421875,1,2
2,325,0.00664830207824707,0.00664830207824707,0.88671875,2,5
2,326,0.052702555432915694,0.08676433563232422,0.54296875,1,3
2,327,0.04054820141755045,0.04603254795074463,0.65234375,1,3
2,328,0.03779877908527852,0.10404825210571289,0.4453125,1,4
2,329,0.04158738255500794,0.08317476511001587,0.5,2,4
2,330,0.057626977562904365,0.08652496337890625,0.56640625,1,2
2,331,0.0463910244870931,0.056418538093566895,0.62890625,1,2
2,332,0.04490126436576248,0.10402464866638184,0.47265625,1,4
2,333,0.03196813305839897,0.09860050678253174,0.4296875,1,4
2,334,0.030794262886047363,0.030794262886047363,0.75,1,2
2,335,0.0381349187809974,0.04235374927520752,0.66015625,1,3
2,336,0.035564273130148656,0.10969221591949463,0.4296875,2,4
2,337,0.0345768928527832,0.0345768928527832,0.70703125,1,3
2,338,0.03609060589224101,0.08554810285568237,0.46875,1,2
2,339,0.05414546164683998,0.08375370502471924,0.55859375,2,5
2,340,0.04390153102576733,0.06689757108688354,0.5625,2,3
2,341,0.05790130491368474,0.09688061475753784,0.5390625,1,3
2,342,0.05762254772707821,0.0948641300201416,0.54296875,1,3
2,343,0.048415682045742876,0.09319108724594116,0.5078125,1,3
2,344,0.03553645429201425,0.09526002407073975,0.44921875,1,4
2,345,0.017220412846654657,0.11601120233535767,0.359375,1,3
2,346,0.05559621891006828,0.08226954936981201,0.5703125,1,3
2,347,0.040082763880491264,0.09501099586486816,0.46875,1,2
2,348,0.04024623439181597,0.08920377492904663,0.48046875,1,4
2,349,0.054813914000988014,0.08742904663085938,0.55078125,1,4
2,350,0.025146543979644775,0.025146543979644775,0.76953125,2,4
2,351,0.022400259971618652,0.022400259971618652,0.77734375,1,3
2,352,0.025121950544416908,0.08518171310424805,0.41796875,1,4
2,353,0.047480042092502124,0.07692968845367432,0.546875,1,3
2,354,0.04828922543674708,0.06243455410003662,0.609375,1,2
2,355,0.03942570742219687,0.0855337381362915,0.484375,1,3
2,356,0.04725602979306132,0.05886882543563843,0.62109375,1,3
2,357,0.022397548193112023,0.12601697444915771,0.37109375,1,2
2,358,0.050867384299635894,0.08798682689666748,0.53125,1,3
2,359,0.02948225883301348,0.08339732885360718,0.44140625,1,2
2,360,0.02294636867009104,0.1058427095413208,0.38671875,1,3
2,361,0.052667263895273216,0.08533430099487305,0.546875,2,4
2,362,0.04098136397078634,0.0760233998298645,0.515625,1,3
2,363,0.054455135716125376,0.06322228908538818,0.64453125,1,3
2,364,0.05198986362665892,0.084236741065979,0.546875,1,4
2,365,0.04924038669560105,0.0866360068321228,0.52734375,1,2
2,366,0.0487993045244366,0.08300745487213135,0.53515625,1,3
2,367,0.044000246096402414,0.09968197345733643,0.4765625,1,2
2,368,0.04008133383467794,0.04311269521713257,0.671875,1,1
2,369,0.04858235851861537,0.08852016925811768,0.51953125,1,3
2,370,0.0612872731871903,0.08573520183563232,0.5859375,1,3
2,292,0.061578992754220976,0.11423349380493164,0.515625,1,3
2,116,0.06053470820188524,0.09655380249023438,0.55078125,1,4
2,371,0.057924532331526286,0.07887595891952515,0.59375,2,6
2,372,0.0012843555305153164,0.10959833860397339,0.3046875,1,3
2,373,0.013043731451034551,0.1094818115234375,0.34765625,1,2
2,374,0.0029655790422111793,0.13803422451019287,0.30859375,1,3
2,375,0.04027370130643249,0.07209837436676025,0.5234375,1,3
2,376,0.006241918075829749,0.1229177713394165,0.3203125,2,6
2,377,0.0505779292434454,0.11210346221923828,0.48046875,1,4
2,378,0.05094802309758962,0.1154220700263977,0.4765625,1,3
2,379,0.04122209548950196,0.0824441909790039,0.5,1,2
2,380,0.048152284580282874,0.08773654699325562,0.51953125,2,6
2,381,0.0388363664969802,0.09205657243728638,0.46875,2,5
2,382,0.04917609342373908,0.08803552389144897,0.5234375,2,3
2,383,0.01816618465818465,0.11482822895050049,0.36328125,1,2
2,384,0.04014821024611593,0.09301304817199707,0.47265625,1,2
2,385,0.03965392825193704,0.10100901126861572,0.45703125,1,4
2,386,0.0,0.12863141298294067,0.22265625,1,2
2,387,0.030350361717864878,0.09651792049407959,0.42578125,1,3
2,388,0.006263293325901036,0.12333869934082031,0.3203125,1,4
2,389,0.04860445368103684,0.09355443716049194,0.5078125,2,5
2,390,0.04937941301614047,0.08541303873062134,0.53125,2,4
2,391,0.03943318035453559,0.08554995059967041,0.484375,2,3
2,392,0.043404023628681905,0.0681682825088501,0.5546875,1,3
2,393,0.056478690356016166,0.08122777938842773,0.578125,1,4
2,394,0.03943378478288651,0.08555126190185547,0.484375,1,3
2,395,0.04841815866529942,0.08981919288635254,0.515625,1,2
2,396,0.047426087083294995,0.07807767391204834,0.54296875,1,2
2,397,0.060660733375698335,0.08603405952453613,0.58203125,1,3
2,398,0.03653021110221744,0.11267149448394775,0.4296875,1,3
2,399,0.03996754344552756,0.08318448066711426,0.4921875,1,4
2,400,0.03451490076258779,0.12103855609893799,0.4140625,2,3
2,401,0.003269823268055919,0.1046343445777893,0.3125,1,3
2,402,0.038516758941113956,0.09346246719360352,0.46484375,1,3
2,403,0.023534728446975357,0.13241517543792725,0.37109375,1,2
2,404,0.053609609138220556,0.08419668674468994,0.5546875,1,2
2,405,0.05240607401356102,0.10907280445098877,0.4921875,1,3
2,406,0.04088150267489255,0.09061181545257568,0.48046875,1,2
2,407,0.053658563876524575,0.07940226793289185,0.5703125,1,3
2,408,0.04636273300275207,0.09649479389190674,0.4921875,2,6
2,409,0.03807915886864067,0.08626782894134521,0.4765625,2,4
2,410,0.03078822791576386,0.08956575393676758,0.4375,1,3
2,411,0.04919635527767242,0.07726544141769409,0.5546875,1,2
2,412,0.052846695878542974,0.09984320402145386,0.51171875,1,3
2,413,0.007159127388149504,0.1182410717010498,0.32421875,2,4
2,414,0.04843233805149794,0.08824682235717773,0.51953125,2,4
2,415,0.051990763284266,0.10820841789245605,0.4921875,1,3
2,416,0.04767778108362109,0.09007757902145386,0.51171875,1,4
2,417,0.02190346876159311,0.10579788684844971,0.3828125,1,3
2,418,0.04336111713200808,0.08346199989318848,0.5078125,1,4
2,419,0.03209683322347701,0.09079325199127197,0.44140625,1,2
2,420,0.05280697543639691,0.09621769189834595,0.51953125,2,4
2,421,0.05110598704777659,0.08551067113876343,0.5390625,2,4
2,422,0.04718542413320393,0.06882888078689575,0.57421875,1,3
2,423,0.048401195555925376,0.08819007873535156,0.51953125,1,3
2,424,0.04202181077562273,0.08571779727935791,0.49609375,1,2
2,425,0.04624604911077768,0.06558996438980103,0.58203125,1,3
2,426,0.016025880002416674,0.1155669093132019,0.35546875,1,3
2,427,0.05309291603043676,0.07856523990631104,0.5703125,1,4
2,428,0.046137154102325446,0.09227430820465088,0.5,1,4
2,429,0.020805367967113856,0.08131563663482666,0.40234375,1,2
2,430,0.0467082082759589,0.066245436668396,0.58203125,1,3
2,431,0.007390456274151806,0.12206172943115234,0.32421875,1,3
2,432,0.007401149370707576,0.12223833799362183,0.32421875,1,3
2,433,0.03441108902916313,0.15872502326965332,0.38671875,1,3
2,434,0.04077306808903814,0.07998394966125488,0.50390625,1,2
2,435,0.019965402781963355,0.10648214817047119,0.375,1,3
2,436,0.04301511449739338,0.12167811393737793,0.44140625,1,3
2,437,0.05300178565084935,0.10811519622802734,0.49609375,1,3
2,438,0.04774988442659379,0.08259439468383789,0.53125,1,4
2,439,0.05161433678586037,0.0849727988243103,0.54296875,1,3
2,440,0.03451391845010222,0.08374941349029541,0.46484375,1,4
2,441,0.0025366602931171695,0.11807000637054443,0.30859375,1,3
2,442,0.019522021641023464,0.10983818769454956,0.37109375,1,3
3,322,0.07197739148978145,0.09672552347183228,0.59765625,1,3
3,116,0.06398475787136705,0.08598476648330688,0.59765625,1,4
3,443,0.03224998665973545,0.07825589179992676,0.46484375,1,1
3,444,0.0076344301924109485,0.10857856273651123,0.328125,2,3
3,445,0.052970763761550195,0.07953381538391113,0.56640625,1,3
3,446,0.030900202458724386,0.09826648235321045,0.42578125,1,2
3,447,0.03970140218734741,0.03970140218734741,0.74609375,1,3
3,448,0.0615756679326296,0.09821414947509766,0.55078125,1,3
3,449,0.0720513400156051,0.0994347333908081,0.58984375,1,3
3,450,0.03896185813937337,0.049746811389923096,0.61328125,2,5
3,451,0.0371374934911728,0.12592315673828125,0.41796875,1,3
3,452,0.041049343766644604,0.06757962703704834,0.54296875,1,2
3,453,0.03215916175395251,0.09096956253051758,0.44140625,2,3
3,454,0.03878193628042937,0.08413708209991455,0.484375,2,3
3,455,0.03383272886276245,0.03383272886276245,0.7109375,1,3
3,456,0.031206335406750444,0.08151859045028687,0.453125,1,3
3,457,0.04783932096324862,0.08137452602386475,0.53515625,1,4
3,458,0.05705001996830107,0.09545624256134033,0.5390625,2,3
3,459,0.03202349832281471,0.08157229423522949,0.45703125,1,2
3,460,0.05442637065425516,0.08418822288513184,0.55859375,1,4
3,461,0.04754830361343921,0.11817830801010132,0.4609375,2,4
3,462,0.06269774213433267,0.08106374740600586,0.609375,1,3
3,463,0.056903328280895955,0.07357197999954224,0.609375,1,2
3,464,0.03136861324310303,0.03136861324310303,0.71484375,1,0
3,465,0.0,0.12886816263198853,0.28125,2,5
3,466,0.06470902590081097,0.07869601249694824,0.62890625,1,4
3,467,0.03453018888831139,0.08184933662414551,0.46875,2,6
3,468,0.03595514595508576,0.08522701263427734,0.46875,1,2
3,469,0.04318581020925195,0.04902690649032593,0.65234375,1,1
3,470,0.03759227204136551,0.10347980260848999,0.4453125,1,4
3,471,0.04159891605377198,0.08319783210754395,0.5,1,1
3,472,0.05560503096785397,0.07673794031143188,0.58984375,1,2
3,473,0.03420264832675458,0.08934569358825684,0.453125,1,4
3,474,0.0503876495640725,0.0791364312171936,0.5546875,1,4
3,475,0.042167899897322066,0.08776408433914185,0.4921875,2,4
3,476,0.009770095348358154,0.009770095348358154,0.890625,2,4
3,477,0.03735321760177612,0.03735321760177612,0.734375,2,4
3,478,0.056823348859325065,0.09997785091400146,0.52734375,1,4
3,479,0.008938927203416828,0.11162757873535156,0.33203125,1,4
3,480,0.04762498941272498,0.08525872230529785,0.5234375,1,2
3,481,0.05688407621346415,0.08540952205657959,0.56640625,1,4
3,482,0.0,0.12585031986236572,0.25,1,2
3,483,0.04036842403002084,0.0777016282081604,0.5078125,1,2
3,484,0.04318359028548003,0.07225489616394043,0.5390625,1,3
3,485,0.05498177977278829,0.0790749192237854,0.578125,2,7
3,486,0.046691137365996845,0.0835869312286377,0.5234375,1,4
3,487,0.005355226574465636,0.13056552410125732,0.31640625,2,4
3,488,0.02488065324723721,0.09366834163665771,0.40625,1,3
3,489,0.04016036051325501,0.075874924659729,0.51171875,1,1
3,490,0.0,0.10983061790466309,0.2890625,1,2
3,491,0.03364358376711608,0.0951685905456543,0.44140625,1,4
3,492,0.040290498523972935,0.08930188417434692,0.48046875,1,3
3,493,0.037412067409604795,0.07339072227478027,0.50390625,2,6
3,494,0.04675983404740692,0.06283736228942871,0.59765625,1,1
3,495,0.056083485949784524,0.07439053058624268,0.6015625,2,6
3,496,0.02614122617524118,0.10217028856277466,0.40234375,1,4
3,497,0.040667890687473125,0.08295601606369019,0.49609375,1,1
3,498,0.05390160391107202,0.07058215141296387,0.60546875,2,3
3,499,0.055976099800318486,0.07830536365509033,0.5859375,1,4
3,500,0.04957176465541125,0.08031880855560303,0.546875,2,5
3,501,0.04486917471513153,0.07632231712341309,0.53515625,1,3
3,502,0.03341673151589931,0.09452688694000244,0.44140625,1,1
3,503,0.05543606961145998,0.07862401008605957,0.58203125,1,4
3,504,0.05553621472790838,0.0776900053024292,0.5859375,1,3
3,505,0.01886703912168742,0.10615301132202148,0.37109375,1,1
3,506,0.008029201067984108,0.11419308185577393,0.328125,2,5
3,507,0.040000507025979466,0.09267085790634155,0.47265625,3,4
3,508,0.030513243749737743,0.08876579999923706,0.4375,2,3
3,509,0.0633980587590486,0.0727798342704773,0.6484375,1,2
3,510,0.04686153656803072,0.07971131801605225,0.53515625,2,3
3,511,0.03683972172439099,0.08732378482818604,0.46875,1,0
3,512,0.04186671320348979,0.10405707359313965,0.4609375,1,3
3,513,0.050184425199404366,0.07117569446563721,0.58203125,1,4
3,317,0.07236569700762631,0.08800768852233887,0.62890625,1,3
3,315,0.07251821458339693,0.09874820709228516,0.59375,1,2
3,514,0.06302619329653682,0.06924766302108765,0.6640625,1,3
3,515,0.046164456754922874,0.0747981071472168,0.546875,1,2
3,516,0.042098275036551065,0.07670575380325317,0.51953125,1,4
3,517,0.04767751833423973,0.06164366006851196,0.609375,2,4
3,518,0.008892714977264404,0.008892714977264404,0.8671875,1,2
3,519,0.04360653832554818,0.0946040153503418,0.484375,1,3
3,520,0.045446396572515375,0.06823623180389404,0.56640625,2,2
3,521,0.0555635701166466,0.09776133298873901,0.52734375,1,4
3,522,0.042108006658963866,0.08260267972946167,0.50390625,1,3
3,523,0.04296462633647025,0.06852924823760986,0.55078125,1,2
3,524,0.04883896559476853,0.060109496116638184,0.625,1,3
3,525,0.05375260126311333,0.06537133455276489,0.62890625,1,1
3,526,0.06209011771716178,0.0792771577835083,0.61328125,1,2
3,527,0.04041985934600235,0.07780063152313232,0.5078125,1,3
3,528,0.0430437307804823,0.051133155822753906,0.63671875,1,0
3,529,0.02760303020477295,0.02760303020477295,0.74609375,1,1
3,530,0.04535760404542089,0.04878801107406616,0.671875,1,2
3,531,0.04921001940965653,0.07498669624328613,0.5625,1,2
3,532,0.042709017172455795,0.09265685081481934,0.484375,2,4
3,533,0.03959020413458348,0.07344269752502441,0.515625,1,1
3,534,0.042031573131680496,0.06404811143875122,0.5625,2,5
3,535,0.04164556413888932,0.06642532348632812,0.55078125,1,2
3,536,0.059651498217135675,0.07254528999328613,0.62890625,1,2
3,537,0.0288145209196955,0.07931739091873169,0.4453125,1,3
3,538,0.04332587169483305,0.0803726315498352,0.515625,1,3
3,539,0.04734951769933105,0.08054137229919434,0.53515625,1,2
3,540,0.038712109439075,0.06930279731750488,0.5234375,1,2
3,541,0.05825585743878038,0.09909301996231079,0.53515625,1,2
3,542,0.0590653675608337,0.0744863748550415,0.6171875,1,2
3,543,0.03762161731719971,0.03762161731719971,0.7421875,1,2
3,544,0.04068633797578514,0.07686865329742432,0.51171875,1,3
3,545,0.04421591432765127,0.06542932987213135,0.5703125,1,3
3,546,0.06399303511716427,0.0807005763053894,0.6171875,1,3
3,547,0.0680371541529894,0.10367566347122192,0.5625,1,2
3,548,0.05056068871635944,0.07375234365463257,0.57421875,1,3
3,549,0.04316105972975493,0.060378313064575195,0.5859375,1,1
3,550,0.056027719983831055,0.07431656122207642,0.6015625,1,2
3,551,0.04178927675820888,0.043576598167419434,0.68359375,1,2
3,552,0.056850600522011525,0.07639765739440918,0.59765625,1,2
3,553,0.0380212648306042,0.07913368940353394,0.4921875,1,2
3,554,0.04852049751207233,0.052744150161743164,0.66796875,1,2
3,555,0.0034597422927618057,0.11071175336837769,0.3125,1,2
3,556,0.03852349007502199,0.05463719367980957,0.58203125,1,2
3,557,0.05795942270196975,0.07309168577194214,0.6171875,1,3
3,558,0.023213244974613197,0.09822463989257812,0.39453125,1,3
3,559,0.03672039438970388,0.08507168292999268,0.47265625,2,3
3,560,0.046411897055804736,0.07765650749206543,0.5390625,1,3
3,561,0.039274947252124555,0.06680655479431152,0.53515625,1,3
3,562,0.0514647038653493,0.06571054458618164,0.61328125,2,2
3,563,0.051951624918729074,0.07169604301452637,0.58984375,1,1
3,564,0.04405569762457163,0.07493859529495239,0.53515625,1,1
3,565,0.051286971662193544,0.07933211326599121,0.55859375,2,4
3,566,0.05388759565539659,0.08335483074188232,0.55859375,2,4
3,567,0.05156446667388082,0.07213389873504639,0.5859375,1,1
3,568,0.042298306245356805,0.05400681495666504,0.61328125,1,2
3,569,0.04038438678253443,0.07629817724227905,0.51171875,1,1
3,570,0.034557054750621326,0.0435793399810791,0.6171875,1,3
3,571,0.042897173902019865,0.06440865993499756,0.56640625,1,2
3,572,0.04247470013797284,0.0773916244506836,0.51953125,1,2
3,573,0.05695053166709841,0.07859480381011963,0.58984375,1,2
3,574,0.028049202635884292,0.12380337715148926,0.390625,2,3
3,575,0.029599547386169434,0.029599547386169434,0.734375,1,3
3,576,0.06322702392935754,0.09930133819580078,0.5546875,2,3
3,577,0.04825047869235278,0.07943487167358398,0.54296875,1,3
3,578,0.04273152735549957,0.055955350399017334,0.60546875,2,3
3,579,0.03548298054374755,0.080386221408844,0.4765625,1,3
3,580,0.04980450414586813,0.08762854337692261,0.52734375,1,2
3,581,0.05219314713031054,0.07506430149078369,0.578125,1,2
3,582,0.0569991609081626,0.08434557914733887,0.5703125,1,3
3,583,0.04103797674179078,0.055881500244140625,0.59375,2,5
3,584,0.04504982777871192,0.053516268730163574,0.63671875,1,1
3,585,0.06278173741884531,0.0791730284690857,0.6171875,2,4
3,586,0.06165654980577529,0.07324397563934326,0.63671875,2,5
3,587,0.07744863547850402,0.09648102521896362,0.62109375,1,3
3,588,0.03851220547221602,0.048567116260528564,0.6171875,1,2
4,562,0.044649970717728145,0.07855939865112305,0.52734375,2,2
4,522,0.04021683253813536,0.09758776426315308,0.46484375,1,3
4,589,0.03328979993239046,0.07712388038635254,0.47265625,2,4
4,590,0.05314573040232064,0.09514200687408447,0.5234375,2,2
4,591,0.04719907976686955,0.06788182258605957,0.578125,2,2
4,592,0.0002478937385603821,0.12692159414291382,0.30078125,2,1
4,593,0.020717574050650008,0.10502374172210693,0.37890625,1,3
4,594,0.0014202513266354834,0.12119477987289429,0.3046875,2,4
4,595,0.002663628663867716,0.12397980690002441,0.30859375,2,2
4,596,0.020647019846364863,0.09972900152206421,0.3828125,2,1
4,597,0.03758284123614431,0.09817558526992798,0.453125,2,5
4,598,0.037057768553495414,0.10780441761016846,0.4375,2,2
4,599,0.04539434518665076,0.08420979976654053,0.515625,2,2
4,600,0.04501304577570409,0.09976917505264282,0.48046875,1,3
4,601,0.042428699787706144,0.09204870462417603,0.484375,2,2
4,602,0.06367060821503402,0.09157121181488037,0.578125,2,2
4,603,0.022730959812179215,0.0961838960647583,0.39453125,2,1
4,604,0.02210596855729819,0.10677599906921387,0.3828125,2,4
4,605,0.0110701322555542,0.0110701322555542,0.8359375,1,3
4,606,0.04462439566850663,0.09681224822998047,0.484375,2,2
4,607,0.05803037015721203,0.11169755458831787,0.5078125,3,2
4,608,0.006925761699676514,0.006925761699676514,0.87890625,1,3
4,315,0.061837433138862266,0.11070197820663452,0.5234375,1,2
4,317,0.07228460966143758,0.09975665807723999,0.58984375,1,3
4,609,0.048652969300746925,0.0902547836303711,0.515625,1,2
4,610,0.047027095220983035,0.08723866939544678,0.515625,2,6
4,611,0.044820358045399196,0.047708988189697266,0.67578125,1,1
4,612,0.039576468057930476,0.05389136075973511,0.59375,1,3
4,613,0.04892092198133469,0.07802963256835938,0.55078125,1,2
4,614,0.05546966346446426,0.09759610891342163,0.52734375,1,2
4,615,0.04167677520308644,0.09655433893203735,0.47265625,1,3
4,616,0.02912451373413206,0.09558814764022827,0.421875,1,2
4,617,0.05110979080200197,0.1022195816040039,0.5,1,2
4,618,0.04848419455811382,0.08679687976837158,0.5234375,1,2
4,619,0.05825628153979779,0.07932770252227783,0.59375,2,5
4,620,0.05102596431970597,0.08826112747192383,0.53125,1,3
4,621,0.04285619035363198,0.11488151550292969,0.44921875,1,3
4,622,0.04918219766113908,0.08365875482559204,0.53515625,2,3
4,623,0.04543487541377545,0.0747995376586914,0.54296875,1,3
4,624,0.031017648987472064,0.10180151462554932,0.421875,2,2
4,625,0.019727580249309547,0.10521376132965088,0.375,2,3
4,626,0.042094549164175994,0.057320237159729004,0.59375,2,2
4,627,0.05834040232002736,0.09162664413452148,0.5546875,1,2
4,628,0.04837902821600438,0.10278034210205078,0.48828125,2,4
4,629,0.043371335137635476,0.09825718402862549,0.4765625,1,2
4,630,0.044217625632882125,0.10244083404541016,0.47265625,1,2
4,631,0.04265861492604018,0.08878540992736816,0.4921875,2,2
4,632,0.06132697826251388,0.12763988971710205,0.4921875,1,3
4,633,0.03714814223349095,0.10225725173950195,0.4453125,1,3
4,634,0.0253876387141645,0.08903062343597412,0.4140625,1,1
4,635,0.05119671020656825,0.08428525924682617,0.54296875,1,3
4,636,0.03612306690774859,0.14678579568862915,0.3984375,1,2
4,637,0.053830531658604755,0.09471213817596436,0.52734375,1,2
4,638,0.02815897017717362,0.11442375183105469,0.3984375,1,3
4,639,0.04344349633902312,0.07268977165222168,0.5390625,1,1
4,640,0.043629073305055506,0.07421290874481201,0.53515625,1,3
4,641,0.060854356270283474,0.1070702075958252,0.52734375,3,5
4,642,0.03882404370233417,0.08795535564422607,0.4765625,2,3
4,643,0.04628238861914725,0.08744126558303833,0.51171875,1,1
4,644,0.04475867748260498,0.04475867748260498,0.73046875,1,2
4,645,0.011531282798387115,0.1157650351524353,0.33984375,1,1
4,646,0.04095878498628736,0.08885973691940308,0.484375,1,2
4,647,0.04663820052519441,0.09513449668884277,0.49609375,1,2
4,648,0.05473319813609124,0.08596134185791016,0.5546875,2,3
4,649,0.03959640255197883,0.10614323616027832,0.44921875,1,1
4,650,0.05122028035111726,0.07264482975006104,0.58203125,2,3
4,651,0.04229236394166947,0.05205214023590088,0.625,2,3
4,652,0.045525823021307595,0.080100417137146,0.52734375,2,3
4,653,0.05846550315618516,0.08651542663574219,0.5703125,1,2
4,654,0.013759076595306396,0.013759076595306396,0.83984375,1,2
4,655,0.028953620698302988,0.03081965446472168,0.67578125,2,3
4,656,0.0433936812914908,0.07634902000427246,0.52734375,1,2
4,657,0.04952512867748738,0.07224178314208984,0.57421875,1,2
4,658,0.040693917777389295,0.04331660270690918,0.67578125,1,3
4,659,0.03638118691742421,0.12335872650146484,0.41796875,1,2
4,660,0.041702625341713435,0.09885066747665405,0.46875,1,2
4,661,0.0736852139234543,0.11572647094726562,0.5546875,2,3
4,662,0.0597236811881885,0.08470505475997925,0.58203125,1,1
4,663,0.04773782473057509,0.08855712413787842,0.515625,1,3
4,664,0.05496876779943705,0.08502721786499023,0.55859375,1,2
4,665,0.05780966277234257,0.09220731258392334,0.55078125,1,2
4,666,0.021540663437917832,0.08753031492233276,0.3984375,1,2
4,667,0.04651171294972301,0.07782351970672607,0.5390625,1,2
4,587,0.08190296590328218,0.1115274429321289,0.59375,1,3
4,449,0.07415525615215303,0.11299848556518555,0.5625,1,3
4,668,0.04201331839431078,0.10194700956344604,0.46484375,1,2
4,669,0.052898489404469735,0.12255215644836426,0.47265625,1,1
4,670,0.06188537040725352,0.10526680946350098,0.53515625,2,4
4,671,0.04883243143558503,0.07788848876953125,0.55078125,2,3
4,672,0.04544660821557046,0.11871767044067383,0.453125,1,3
4,673,0.0514328288845718,0.08605754375457764,0.5390625,1,3
4,674,0.006876415340229873,0.11357176303863525,0.32421875,1,4
4,675,0.04552794573828579,0.10091042518615723,0.48046875,1,3
4,676,0.04520493652671576,0.08867788314819336,0.50390625,2,4
4,677,0.04890304198488594,0.09071868658065796,0.515625,1,3
4,678,0.04285550862550736,0.09297466278076172,0.484375,1,2
4,679,0.04620997607707978,0.10025215148925781,0.484375,2,4
4,680,0.04493586486205459,0.09352505207061768,0.4921875,1,3
4,681,0.05775008094497026,0.13379204273223877,0.47265625,1,4
4,682,0.042573502287268646,0.0886082649230957,0.4921875,2,5
4,683,0.057917791069485254,0.12304526567459106,0.48828125,2,4
4,684,0.04293913953006268,0.09315609931945801,0.484375,2,4
4,685,0.0,0.1579982042312622,0.26171875,1,3
4,686,0.06137191329617055,0.09493178129196167,0.55859375,1,4
4,687,0.0,0.1322171688079834,0.2890625,1,2
4,688,0.03689460118766875,0.0895262360572815,0.46484375,1,2
4,689,0.042875070124864585,0.0930171012878418,0.484375,2,4
4,690,0.03341804444789887,0.09721612930297852,0.4375,1,2
4,691,0.048351395642384894,0.09306734800338745,0.5078125,1,2
4,692,0.05769700417295099,0.08663010597229004,0.56640625,1,3
4,693,0.03694667608942837,0.08965259790420532,0.46484375,2,3
4,694,0.04796315589919687,0.08158516883850098,0.53515625,1,2
4,695,0.03647119272500277,0.11248946189880371,0.4296875,1,2
4,696,0.03407849883660675,0.1331923007965088,0.40234375,1,2
4,697,0.049465609132312245,0.06477338075637817,0.60546875,1,1
4,698,0.04844513372518123,0.11755406856536865,0.46484375,1,3
4,699,0.0002714076545089522,0.13896071910858154,0.30078125,1,2
4,700,0.05318392405752093,0.09357446432113647,0.52734375,2,5
4,701,0.03702164569403977,0.13443320989608765,0.41015625,1,2
4,702,0.047589217778295285,0.09160029888153076,0.5078125,3,6
4,703,0.023320309817790992,0.12437498569488525,0.375,1,2
4,704,0.05741971638053657,0.09932059049606323,0.53125,1,2
4,705,0.0509731851052493,0.09630358219146729,0.51171875,1,2
4,706,0.07538848067633809,0.09625661373138428,0.61328125,1,3
4,707,0.061020200606435544,0.08900952339172363,0.57421875,1,2
4,708,0.012602403759956365,0.11522197723388672,0.34375,1,0
4,709,0.05279194633476437,0.08291250467300415,0.5546875,1,3
4,710,0.04328198928851635,0.076152503490448,0.52734375,2,5
4,711,0.024051336804404858,0.15202820301055908,0.36328125,1,3
4,712,0.05114624113775791,0.10033285617828369,0.50390625,1,2
4,713,0.04603494843468071,0.08860862255096436,0.5078125,1,3
4,714,0.045606393367052085,0.13267314434051514,0.4375,1,2
4,715,0.05623270384967328,0.0925760269165039,0.54296875,1,2
4,716,0.057742355391383185,0.09987866878509521,0.53125,1,2
4,717,0.06337387021631004,0.09114444255828857,0.578125,1,2
4,718,0.008359406143426899,0.11888933181762695,0.328125,1,2
4,719,0.056533915922045715,0.08878946304321289,0.5546875,1,2
4,720,0.04363153944723309,0.09081035852432251,0.4921875,1,2
4,721,0.020357268163934357,0.11453759670257568,0.37109375,1,3
4,722,0.033192913513630636,0.09389376640319824,0.44140625,3,5
4,723,0.0,0.16025972366333008,0.23046875,1,2
4,724,0.047419146634638316,0.0681983232498169,0.578125,1,2
4,725,0.04927517659962178,0.05786442756652832,0.640625,1,2
4,726,0.06705895008053632,0.09011596441268921,0.59765625,1,2
4,727,0.06232264882419259,0.08839112520217896,0.58203125,1,3
4,728,0.06799264112487437,0.08903384208679199,0.60546875,1,3
4,729,0.029986146837472923,0.10515689849853516,0.4140625,1,3
4,730,0.053463091491721584,0.10100775957107544,0.51171875,1,2
4,731,0.03899530763737858,0.09462368488311768,0.46484375,2,3
4,732,0.04204669408500195,0.09966623783111572,0.46875,2,3
5,317,0.07852878887206317,0.0901496410369873,0.6484375,1,3
5,602,0.07913119718432428,0.08511590957641602,0.671875,2,2
5,733,0.04848172003403307,0.10518068075180054,0.484375,2,5
5,734,0.05538859160151334,0.09421581029891968,0.53515625,1,1
5,735,0.012446511187590664,0.12495321035385132,0.33984375,2,3
5,736,0.06490530818700792,0.07988345623016357,0.625,3,3
5,737,0.05369305610656738,0.05369305610656738,0.7265625,2,1
5,738,0.034622371196746826,0.034622371196746826,0.7578125,1,0
5,739,0.051440192386507995,0.1140146255493164,0.48046875,1,2
5,740,0.03073751926422119,0.03073751926422119,0.76953125,2,1
5,741,0.02560386329423637,0.11810070276260376,0.38671875,1,2
5,742,0.0705948229879141,0.10012340545654297,0.58203125,3,4
5,743,0.07043602410703899,0.0742042064666748,0.6796875,2,3
5,744,0.06057220604270697,0.0728003978729248,0.6328125,1,2
5,745,0.08060747850686313,0.08580255508422852,0.67578125,1,3
5,746,0.05816365964710713,0.0792015790939331,0.59375,3,3
5,747,0.03622448444366455,0.03622448444366455,0.7578125,2,3
5,748,0.05798327969387174,0.09106576442718506,0.5546875,1,2
5,749,0.07055767113342883,0.08285671472549438,0.640625,1,3
5,750,0.05604594945907593,0.05604594945907593,0.7421875,1,2
5,751,0.043473368627019233,0.0821341872215271,0.51171875,2,2
5,752,0.06872967537492515,0.08561944961547852,0.62109375,1,3
5,753,0.05806579208001495,0.09261584281921387,0.55078125,1,1
5,754,0.08262561913579704,0.1155855655670166,0.5859375,1,3
5,755,0.06314962659962477,0.08834046125411987,0.5859375,1,3
5,756,0.07277366565540434,0.08449006080627441,0.64453125,1,3
5,757,0.05900425091385842,0.08254146575927734,0.5859375,2,2
5,758,0.06002437369897962,0.07859969139099121,0.60546875,1,3
5,759,0.07127416133880617,0.085662841796875,0.6328125,1,1
5,760,0.03409409523010254,0.03409409523010254,0.7578125,1,0
5,761,0.05139767832588405,0.07950335741043091,0.55859375,1,3
5,762,0.04433375783264638,0.06036937236785889,0.59375,1,2
5,763,0.09489138505887242,0.10772591829299927,0.65234375,1,3
5,764,0.056308826198801405,0.08843594789505005,0.5546875,1,1
5,765,0.06803192454390229,0.08176606893539429,0.6328125,1,2
5,766,0.06624337472021581,0.11458313465118408,0.53125,2,3
5,706,0.08189798297826202,0.08902710676193237,0.66796875,1,3
5,661,0.08234755927696825,0.10646957159042358,0.609375,2,3
5,767,0.05268860608339311,0.09954452514648438,0.51171875,2,5
5,768,0.07113026827573778,0.09816360473632812,0.58984375,1,3
5,769,0.058220207691192634,0.0772247314453125,0.6015625,1,2
5,770,0.07783995370846243,0.07954901456832886,0.69140625,1,2
5,771,0.058949427679181106,0.07343578338623047,0.62109375,1,0
5,772,0.04274826042819769,0.09474939107894897,0.48046875,1,1
5,773,0.07351307733915748,0.07991230487823486,0.66796875,1,2
5,774,0.07466416072566064,0.08292418718338013,0.66015625,1,2
5,775,0.05199267994612456,0.08292913436889648,0.55078125,2,2
5,776,0.07926422357559204,0.07926422357559204,0.703125,1,1
5,777,0.05654135788790883,0.09460514783859253,0.5390625,1,1
5,778,0.0629886790411547,0.07312971353530884,0.64453125,2,3
5,779,0.05896571453195066,0.07004743814468384,0.63671875,1,1
5,780,0.07099223136901855,0.07099223136901855,0.7109375,2,5
5,781,0.06622857600450517,0.08151209354400635,0.625,3,5
5,782,0.06329217494931073,0.08734661340713501,0.58984375,2,3
5,783,0.06525328243151308,0.07842648029327393,0.6328125,2,3
5,784,0.061167730251327164,0.07021945714950562,0.6484375,2,3
5,785,0.0342482328414917,0.0342482328414917,0.76171875,1,1
5,786,0.0577181309927255,0.08928000926971436,0.55859375,2,4
5,787,0.04201769828796387,0.04201769828796387,0.75390625,2,5
5,788,0.05853237211704255,0.08538055419921875,0.57421875,2,3
5,789,0.03949729725718499,0.09150505065917969,0.47265625,3,4
5,790,0.057056438643485315,0.08443033695220947,0.5703125,1,1
5,791,0.06046679371502251,0.07353681325912476,0.62890625,2,4
5,792,0.05623702798038722,0.07657808065414429,0.59375,1,1
5,793,0.057295145117677755,0.08602672815322876,0.56640625,1,2
5,794,0.062345959246158614,0.09500336647033691,0.5625,1,2
5,795,0.07298886205535383,0.0776929259300232,0.67578125,2,4
5,796,0.05973975104279817,0.09240710735321045,0.55859375,3,5
5,797,0.0646800114773214,0.07866072654724121,0.62890625,1,2
5,798,0.06945879478007556,0.10908865928649902,0.5546875,4,6
5,799,0.049408609513193376,0.08134150505065918,0.54296875,3,5
5,800,0.05775819160044194,0.08546876907348633,0.5703125,3,6
5,801,0.058855389710515744,0.06536650657653809,0.66015625,2,3
5,802,0.04006673744879664,0.0851210355758667,0.48828125,1,1
5,803,0.07358616404235364,0.09888744354248047,0.59765625,2,3
5,804,0.0654646190814674,0.08255636692047119,0.6171875,1,1
5,805,0.0479725068435073,0.08899247646331787,0.515625,2,3
5,806,0.07012187864165755,0.0746411681175232,0.67578125,1,3
5,807,0.05985969188623131,0.08373814821243286,0.5859375,1,1
5,808,0.06540893763303758,0.07770156860351562,0.63671875,1,3
5,809,0.05798854271415622,0.08458727598190308,0.57421875,4,5
5,810,0.06630649743601681,0.08795058727264404,0.6015625,2,3
5,811,0.06649421434849502,0.09839606285095215,0.5703125,1,2
5,812,0.045931339263916016,0.045931339263916016,0.70703125,1,4
5,813,0.048075844068080194,0.11665797233581543,0.46484375,2,4
5,814,0.05787022260483355,0.08951526880264282,0.55859375,3,6
5,815,0.05166554963216187,0.09761166572570801,0.51171875,1,2
5,816,0.047200699103996165,0.0789763331413269,0.5390625,2,3
5,817,0.08606178103946151,0.09879738092422485,0.6484375,4,8
5,818,0.058541729464195676,0.08539420366287231,0.57421875,1,1
5,819,0.06650064373388888,0.07992565631866455,0.6328125,3,5
5,587,0.09315501688979567,0.10346066951751709,0.66015625,1,3
5,449,0.07928657066076995,0.10654783248901367,0.59765625,1,3
5,820,0.04974120610859246,0.09063166379928589,0.51953125,2,4
5,821,0.0637941265013069,0.06455057859420776,0.6953125,2,5
5,822,0.06014518672600389,0.08650094270706177,0.578125,1,2
5,823,0.06676543201319875,0.08855932950973511,0.6015625,1,3
5,824,0.04721512156538666,0.08920347690582275,0.51171875,1,3
5,825,0.05793431401252748,0.09386825561523438,0.546875,1,2
5,826,0.08424490620382132,0.10756456851959229,0.61328125,3,6
5,827,0.06000050704460592,0.09281045198440552,0.55859375,2,4
5,828,0.05477757751941682,0.09475040435791016,0.53125,1,1
5,829,0.047633351292461164,0.09913933277130127,0.4921875,1,3
5,830,0.014969293843023484,0.12564390897750854,0.34765625,1,2
5,831,0.05527809238992632,0.07332223653793335,0.6015625,1,1
5,832,0.03662918042391539,0.12845301628112793,0.4140625,1,2
5,833,0.0633699514437467,0.07706749439239502,0.62890625,2,4
5,834,0.05330081749707462,0.09541964530944824,0.5234375,2,4
5,835,0.07325855246745051,0.10999524593353271,0.56640625,2,4
5,836,0.06498258048668505,0.0909045934677124,0.5859375,1,2
5,837,0.06433766568079592,0.09000241756439209,0.5859375,1,2
5,838,0.061613532132469125,0.0925106406211853,0.56640625,1,1
5,839,0.04848351515829564,0.08386337757110596,0.53125,1,2
5,840,0.04089151567313821,0.1386520266532898,0.41796875,1,4
5,841,0.06200694292783738,0.08443498611450195,0.59375,2,4
5,842,0.06193261384032668,0.09579908847808838,0.55859375,1,2
5,843,0.05860077473334969,0.08548033237457275,0.57421875,1,3
5,844,0.04703381750732661,0.08275365829467773,0.52734375,1,2
5,845,0.06362369772978128,0.0699041485786438,0.6640625,2,3
5,846,0.06568035483360292,0.08712005615234375,0.6015625,1,2
5,847,0.0013577938079833984,0.0013577938079833984,0.9453125,1,2
5,848,0.06463013589382173,0.0795447826385498,0.625,2,4
5,849,0.05361992120742798,0.05361992120742798,0.7109375,1,4
5,850,0.03897441376466305,0.10447591543197632,0.44921875,1,1
5,851,0.06943496223539115,0.11250221729278564,0.546875,3,5
5,852,0.047276663593947894,0.08614110946655273,0.51953125,1,1
5,853,0.07308384100906552,0.08029812574386597,0.6640625,2,4
5,854,0.06039628386497498,0.06234455108642578,0.6875,2,4
5,855,0.07771905139088632,0.10872173309326172,0.5859375,1,3
5,856,0.07346582226455213,0.08248794078826904,0.65625,1,3
5,857,0.06431413302198054,0.10939812660217285,0.53515625,1,3
5,858,0.07981168478727342,0.08238625526428223,0.6875,1,3
5,859,0.07937121391296387,0.07937121391296387,0.73828125,1,2
5,860,0.06887280754745008,0.08904767036437988,0.609375,1,4
5,861,0.04305232758633793,0.09542334079742432,0.48046875,1,3
5,862,0.0536155547015369,0.08551764488220215,0.55078125,3,5
5,863,0.056033663218840964,0.07838588953018188,0.5859375,1,1
5,864,0.04496306786313654,0.11175286769866943,0.4609375,1,2
5,865,0.04204541444778443,0.0875091552734375,0.4921875,1,2
5,866,0.05763175361789764,0.08528167009353638,0.5703125,1,2
5,867,0.06993061956018211,0.10057437419891357,0.578125,2,4
5,868,0.07859510555863382,0.09229516983032227,0.640625,1,3
5,869,0.06575473851989956,0.093258798122406,0.58203125,1,2
5,870,0.05722221359610558,0.0800485610961914,0.5859375,1,2
5,871,0.04349109646864236,0.09639585018157959,0.48046875,1,3
5,872,0.01979315583594144,0.11783832311630249,0.3671875,1,2
5,873,0.06990278000012042,0.08115696907043457,0.64453125,1,4
5,874,0.05236990237608553,0.08621668815612793,0.54296875,1,1
5,875,0.02687835693359375,0.02687835693359375,0.8359375,1,4
5,876,0.07615458196960391,0.08367198705673218,0.6640625,1,2
6,602,0.060657811816781766,0.09107565879821777,0.56640625,2,2
6,759,0.06740890908986331,0.09179085493087769,0.59375,1,1
6,877,0.009455474093556408,0.13447785377502441,0.328125,2,1
6,878,0.053169604623690254,0.12901818752288818,0.46484375,3,3
6,879,0.04225975275039673,0.04225975275039673,0.7265625,1,1
6,880,0.04861263697966934,0.05643916130065918,0.64453125,1,1
6,881,0.04695703717879952,0.09038347005844116,0.5078125,2,2
6,882,0.01399130560457707,0.1279205083847046,0.34375,3,3
6,883,0.06894708797335626,0.07741427421569824,0.65625,1,1
6,884,0.045191330835223205,0.09218311309814453,0.49609375,2,1
6,885,0.06583313201554121,0.08846867084503174,0.59765625,2,3
6,886,0.022708211094141013,0.10968494415283203,0.3828125,2,2
6,887,0.04101978102698923,0.09091830253601074,0.48046875,2,2
6,888,0.05033616442233325,0.09337723255157471,0.515625,1,1
6,889,0.05396530777215958,0.12791776657104492,0.46875,3,3
6,890,0.04777157935313881,0.09195131063461304,0.5078125,2,2
6,891,0.07335021696053447,0.11699473857879639,0.55078125,2,3
6,892,0.041614881833083935,0.04339474439620972,0.68359375,3,3
6,893,0.049690034240484245,0.08742713928222656,0.52734375,3,5
6,894,0.047529986593872316,0.05395865440368652,0.65234375,3,2
6,895,0.054954433115199215,0.080161452293396,0.57421875,1,0
6,896,0.0426843676250428,0.07260596752166748,0.53515625,1,2
6,897,0.06923681497573854,0.095550537109375,0.58984375,1,1
6,898,0.05546341370791198,0.09593671560287476,0.53125,2,2
6,899,0.05245103663764895,0.05825364589691162,0.66015625,1,1
6,900,0.03741919994354248,0.03741919994354248,0.73046875,1,0
6,901,0.06014846451580526,0.09745573997497559,0.546875,4,5
6,902,0.04526466131210328,0.09052932262420654,0.5,2,2
6,903,0.07628877600654961,0.1112816333770752,0.57421875,2,3
6,904,0.06348469248041512,0.07207131385803223,0.65234375,2,2
6,905,0.06672418862581254,0.09208297729492188,0.58984375,2,2
6,906,0.04501160082872958,0.07410269975662231,0.54296875,3,5
6,826,0.07203147932887079,0.11670923233032227,0.546875,3,6
6,858,0.06762591749429704,0.08970069885253906,0.6015625,1,3
6,907,0.0420757532119751,0.0420757532119751,0.73046875,1,2
6,908,0.0612440526019782,0.09768521785736084,0.55078125,1,2
6,909,0.044721411541104324,0.09500980377197266,0.48828125,1,2
6,910,0.06722582294605674,0.11067402362823486,0.54296875,2,5
6,911,0.046307086944580085,0.09261417388916016,0.5,1,2
6,912,0.07678793219383807,0.10055094957351685,0.60546875,1,3
6,913,0.010418594582006339,0.1301053762435913,0.33203125,2,3
6,914,0.03716851398348809,0.1146402359008789,0.4296875,2,2
6,915,0.06366518978029491,0.1048121452331543,0.54296875,1,2
6,916,0.016847248887643225,0.14140641689300537,0.34765625,1,3
6,917,0.06267726980149747,0.08534777164459229,0.59375,1,3
6,918,0.05491091357544065,0.07787919044494629,0.58203125,2,3
6,919,0.052205353858880706,0.07838457822799683,0.56640625,1,2
6,920,0.021455367095768455,0.08718371391296387,0.3984375,2,3
6,921,0.06226628576405347,0.07229101657867432,0.64453125,1,3
6,922,0.035798795521259315,0.1041419506072998,0.4375,1,2
6,923,0.05317028937861325,0.10045456886291504,0.51171875,1,2
6,924,0.0,0.15818554162979126,0.21875,1,2
6,925,0.009468700736761097,0.13466596603393555,0.328125,2,4
6,926,0.02526321751065553,0.10689890384674072,0.39453125,1,3
6,927,0.06760222092270853,0.09722566604614258,0.578125,3,6
6,928,0.07323287648614497,0.1245688796043396,0.53515625,3,3
6,929,0.04545733728446067,0.09461039304733276,0.4921875,1,3
6,930,0.0473323166370392,0.09466463327407837,0.5,1,2
6,931,0.04465622641146184,0.06804758310317993,0.5625,3,6
6,932,0.046310067176818855,0.0926201343536377,0.5,2,3
6,933,0.046310067176818855,0.0926201343536377,0.5,2,3
6,934,0.05679264990612866,0.0966041088104248,0.53515625,2,4
6,935,0.05091569386422635,0.10385990142822266,0.49609375,1,3
6,936,0.05289849638938905,0.10579699277877808,0.5,2,3
6,937,0.04477321449667216,0.10864400863647461,0.46484375,1,2
6,938,0.04960697889328004,0.09921395778656006,0.5,1,2
6,939,0.045728287193924196,0.07073378562927246,0.55859375,2,4
6,940,0.042677224497310824,0.07776063680648804,0.51953125,3,6
6,941,0.04630976915359498,0.09261953830718994,0.5,2,3
6,942,0.039506594068370766,0.10590249300003052,0.44921875,1,2
6,943,0.0638440662296489,0.08579570055007935,0.59765625,1,4
6,944,0.04455762449651957,0.12265324592590332,0.4453125,2,3
6,945,0.052574864355847246,0.08257156610488892,0.5546875,2,3
6,946,0.03532905271276832,0.09724986553192139,0.4453125,2,4
6,947,0.03705838951282204,0.10201019048690796,0.4453125,2,4
6,948,0.04705411009490491,0.11153566837310791,0.46875,1,3
6,949,0.061315147206187255,0.09343260526657104,0.5625,4,8
6,950,0.053557331208139665,0.08677643537521362,0.546875,1,2
6,951,0.046310067176818855,0.0926201343536377,0.5,1,1
6,952,0.03534836322069169,0.10283160209655762,0.4375,1,3
6,953,0.009468210395425562,0.13465899229049683,0.328125,1,1
6,954,0.02710601303260774,0.15250855684280396,0.37109375,1,2
6,763,0.07652564812451602,0.12018752098083496,0.5546875,1,3
6,587,0.09413107263389976,0.11447769403457642,0.62890625,1,3
6,955,0.0646609920077026,0.09299558401107788,0.578125,1,2
6,956,0.04437386943027378,0.09235537052154541,0.4921875,4,7
6,957,0.07902537658810617,0.12041962146759033,0.5625,3,5
6,958,0.02943265065550805,0.11080527305603027,0.40625,3,6
6,959,0.05057469243183733,0.08602738380432129,0.53515625,1,3
6,960,0.048718818579800434,0.08571833372116089,0.52734375,5,8
6,961,0.06858115922659637,0.0854344367980957,0.62109375,1,2
6,962,0.05508621654007585,0.10806185007095337,0.50390625,2,4
6,963,0.05576742812991143,0.08497893810272217,0.5625,1,3
6,964,0.0425519091077149,0.08856332302093506,0.4921875,1,2
6,965,0.053663197904825224,0.0960683822631836,0.5234375,1,2
6,966,0.011748885735869413,0.13077020645141602,0.3359375,1,0
6,967,0.06747893220745028,0.09985321760177612,0.5703125,1,2
6,968,0.07143269351217897,0.09353846311569214,0.60546875,1,2
6,969,0.06575747625902297,0.08501976728439331,0.609375,1,3
6,970,0.05351366009563208,0.06666421890258789,0.62109375,1,3
6,971,0.06248897453770043,0.11806035041809082,0.51171875,1,3
6,972,0.05990451062098146,0.08738207817077637,0.57421875,1,2
6,973,0.0431766682304442,0.0537869930267334,0.62109375,1,3
6,974,0.07380225998349489,0.08870130777359009,0.6328125,1,2
6,975,0.031297511421144016,0.11782592535018921,0.40625,2,2
6,976,0.04819901660084725,0.04925727844238281,0.69140625,1,3
6,977,0.045123636722564704,0.0902472734451294,0.5,1,0
6,978,0.056582909077405937,0.08622157573699951,0.5625,1,2
6,979,0.04941581282764674,0.09003877639770508,0.51953125,1,3
6,980,0.06663242343347521,0.10004633665084839,0.56640625,1,3
6,981,0.06995861779432745,0.08715039491653442,0.62109375,1,2
6,982,0.060155961662530906,0.08901691436767578,0.5703125,2,3
6,983,0.05222815275192262,0.10445630550384521,0.5,2,3
6,984,0.07419331162236632,0.09023034572601318,0.62890625,1,3
6,985,0.03368778247386218,0.10390448570251465,0.4296875,2,3
6,986,0.0527142626233399,0.08820164203643799,0.5390625,1,1
6,987,0.024828731082379825,0.11452531814575195,0.38671875,1,2
6,988,0.07180940592661501,0.10045468807220459,0.5859375,1,3
6,989,0.06352994777262212,0.07375812530517578,0.64453125,1,2
6,990,0.04776250524446369,0.10362035036087036,0.484375,1,2
6,991,0.06689975364133717,0.08649665117263794,0.609375,1,2
6,992,0.04818300157785416,0.07342171669006348,0.5625,1,3
6,993,0.03519955300725997,0.10539281368255615,0.43359375,1,3
6,994,0.05332562606781722,0.08922457695007324,0.5390625,1,2
6,995,0.04675745964050293,0.04675745964050293,0.734375,1,4
6,996,0.044778718496672816,0.11406320333480835,0.45703125,4,8
6,997,0.05674748879391701,0.08048397302627563,0.58203125,1,3
6,998,0.04697440611198545,0.08874869346618652,0.51171875,1,1
6,999,0.03634382842574269,0.10881894826889038,0.43359375,1,1
6,1000,0.06034511583857239,0.07517445087432861,0.62109375,2,4
6,1001,0.05214900523424149,0.08449459075927734,0.546875,1,1
6,1002,0.05760174989700318,0.081695556640625,0.58203125,1,2
6,1003,0.05015946587081999,0.08825308084487915,0.52734375,1,2
6,1004,0.05269697948824615,0.08405250310897827,0.55078125,1,2
6,1005,0.05033785442356021,0.08028966188430786,0.55078125,1,1
6,1006,0.04883085633628071,0.10163170099258423,0.4921875,1,2
6,1007,0.05411495512817056,0.08908957242965698,0.54296875,2,3
6,1008,0.042665719985961914,0.042665719985961914,0.703125,2,2
6,1009,0.055964786559343345,0.08048868179321289,0.578125,2,3
6,1010,0.0,0.11670529842376709,0.26171875,1,2
6,1011,0.03681030124425889,0.10708451271057129,0.4375,2,3
6,1012,0.06391816656105222,0.09887039661407471,0.55859375,1,2
6,1013,0.03785728907678277,0.12836378812789917,0.41796875,1,3
6,1014,0.0686437049880624,0.09872353076934814,0.578125,1,3
6,1015,0.06352278264239432,0.08425819873809814,0.6015625,1,2
6,1016,0.06665277620777489,0.08510279655456543,0.61328125,1,1
6,1017,0.03533057868480683,0.10277986526489258,0.4375,1,1
6,1018,0.052527394844219095,0.08647596836090088,0.54296875,1,2
6,1019,0.05281163076870144,0.0606268048286438,0.6484375,1,1
6,1020,0.07227014470845462,0.10249948501586914,0.58203125,1,3
7,891,0.06013062596321107,0.12026125192642212,0.5,2,3
7,928,0.05628671520389617,0.12751680612564087,0.4765625,3,3
7,1021,0.025636181468144066,0.11824977397918701,0.38671875,2,3
7,1022,0.05101127154193819,0.0744096040725708,0.57421875,1,1
7,1023,0.0,0.13991737365722656,0.2734375,2,2
7,1024,0.06395913707092406,0.12083792686462402,0.51171875,3,5
7,1025,0.05176994134671987,0.08806049823760986,0.53515625,1,2
7,1026,0.05726140737533571,0.0958099365234375,0.5390625,2,3
7,1027,0.04787194915115834,0.11347424983978271,0.46875,1,4
7,1028,0.040320340543985374,0.09557414054870605,0.46875,2,2
7,1029,0.04046087851747871,0.051024556159973145,0.6171875,1,1
7,1030,0.03275203448720277,0.09015613794326782,0.4453125,3,6
7,1031,0.05116306396666915,0.062222063541412354,0.62890625,3,4
7,1032,0.038528203964233405,0.0770564079284668,0.5,3,3
7,1033,0.03764098975807429,0.042263567447662354,0.65625,3,3
7,1034,0.06508177891373636,0.09917223453521729,0.5625,1,3
7,1035,0.04179126303642989,0.08524751663208008,0.49609375,5,9
7,1036,0.03830569703131915,0.09757471084594727,0.45703125,4,5
7,1037,0.0645877104252577,0.09841936826705933,0.5625,1,2
7,1038,0.028205415117554374,0.09563690423965454,0.41796875,3,5
7,1039,0.05260036769323052,0.08261162042617798,0.5546875,1,2
7,1040,0.04037424502894283,0.10034763813018799,0.4609375,2,1
7,1041,0.03910733270458878,0.044894516468048096,0.6484375,3,3
7,1042,0.03652551979757846,0.10936295986175537,0.43359375,2,2
7,1043,0.029016858199611313,0.11340939998626709,0.40234375,3,2
7,1044,0.06212707469239832,0.13478416204452515,0.484375,2,2
7,1045,0.029892155434936292,0.10482728481292725,0.4140625,2,2
7,1046,0.055337817175313844,0.09412944316864014,0.53515625,4,8
7,1047,0.0,0.13906967639923096,0.2734375,2,4
7,1048,0.03552328050136567,0.11296844482421875,0.42578125,3,5
7,1049,0.06289172847755255,0.1282891035079956,0.49609375,2,3
7,1050,0.05949722137302161,0.09203195571899414,0.55859375,2,3
7,1051,0.03827228257432581,0.09748959541320801,0.45703125,3,6
7,1052,0.027615761850029237,0.09684431552886963,0.4140625,1,3
7,1053,0.05389176588505507,0.11691772937774658,0.484375,1,2
7,1054,0.016032928135246042,0.12437665462493896,0.3515625,1,2
7,1055,0.0,0.1352033019065857,0.2734375,1,2
7,1056,0.04166719689965249,0.05128270387649536,0.625,3,4
7,1057,0.004291057586669922,0.004291057586669922,0.90625,2,4
7,1058,0.04734459682367743,0.08944809436798096,0.51171875,1,2
7,1059,0.03905444405972958,0.0812840461730957,0.4921875,2,2
7,1060,0.033896854380145676,0.13773959875106812,0.3984375,1,3
7,1061,0.04878273629583419,0.11837327480316162,0.46484375,3,6
7,1062,0.04566077236086131,0.05979108810424805,0.60546875,1,0
7,1063,0.04159126523882151,0.048841118812561035,0.640625,3,3
7,957,0.07025413436349483,0.12360864877700806,0.52734375,3,5
7,763,0.08223980362527074,0.11996233463287354,0.57421875,1,3
7,1064,0.04233081685379148,0.09382414817810059,0.48046875,1,2
7,1065,0.05119967088103295,0.07801854610443115,0.5625,1,1
7,1066,0.052358342567458756,0.07425892353057861,0.58203125,1,3
7,1067,0.050958329811692245,0.09122610092163086,0.5234375,1,1
7,1068,0.04801727924495936,0.09794759750366211,0.49609375,1,3
7,1069,0.0680418679257855,0.10852783918380737,0.55078125,2,3
7,1070,0.05244163353927434,0.1069725751876831,0.49609375,1,3
7,1071,0.04870820045471193,0.09741640090942383,0.5,1,4
7,1072,0.04969450423959643,0.07926350831985474,0.55078125,1,3
7,1073,0.043991950806230314,0.0915604829788208,0.4921875,1,2
7,1074,0.04334849817678333,0.09820544719696045,0.4765625,2,4
7,1075,0.05603784229606391,0.0817418098449707,0.57421875,1,3
7,1076,0.054497905774042024,0.09588634967803955,0.52734375,1,2
7,1077,0.045899629592895515,0.09179925918579102,0.5,1,3
7,1078,0.042376070283353336,0.11069667339324951,0.453125,1,3
7,1079,0.06352440314367415,0.10132241249084473,0.55078125,2,3
7,1080,0.04975126776844264,0.0635228157043457,0.61328125,1,3
7,1081,0.048341172281652696,0.10061252117156982,0.4921875,1,3
7,1082,0.06923083146102728,0.10394775867462158,0.56640625,1,3
7,1083,0.050240498967468745,0.05519986152648926,0.6640625,3,5
7,1084,0.05325543810613454,0.09370028972625732,0.52734375,1,2
7,1085,0.06754008168354632,0.10447287559509277,0.55859375,1,2
7,1086,0.03906017565168441,0.09708160161972046,0.4609375,1,2
7,1087,0.05813603103160859,0.07155203819274902,0.625,1,3
7,1088,0.054899970302358284,0.1037224531173706,0.51171875,1,3
7,1089,0.05816984875127674,0.09135878086090088,0.5546875,1,3
7,1090,0.043660067487508065,0.0840374231338501,0.5078125,1,1
7,1091,0.03320776799228043,0.10560482740402222,0.42578125,1,2
7,1092,0.04758474929258228,0.07473433017730713,0.5546875,3,4
7,1093,0.0588486259803176,0.09102869033813477,0.55859375,1,2
7,1094,0.056888910010457046,0.08668786287307739,0.5625,1,3
7,1095,0.05294851073995233,0.09006524085998535,0.53515625,1,3
7,1096,0.05157952848821879,0.08773660659790039,0.53515625,1,2
7,1097,0.060080215567722924,0.12504500150680542,0.4921875,1,3
7,1098,0.04022529069334269,0.09319162368774414,0.47265625,1,1
7,1099,0.05252426967490466,0.09923404455184937,0.51171875,1,2
7,1100,0.04871858004480601,0.09037649631500244,0.515625,1,3
7,1101,0.051279604434967055,0.10255920886993408,0.5,1,2
7,1102,0.04831944080069662,0.06759440898895264,0.5859375,1,1
7,1103,0.05317006818950177,0.09196984767913818,0.53125,1,3
7,1104,0.045522083295509226,0.10089743137359619,0.48046875,3,4
7,1105,0.04402362601831556,0.07881152629852295,0.5234375,1,2
7,1106,0.03349616983905435,0.09475159645080566,0.44140625,2,3
7,1107,0.035499030374921865,0.03858917951583862,0.66796875,1,2
7,1108,0.026780675165355212,0.10882306098937988,0.3984375,1,2
7,1109,0.055504599120467915,0.09936487674713135,0.5234375,1,2
7,1110,0.05498927272856237,0.10019397735595703,0.51953125,1,2
7,1111,0.06247897748835386,0.11384069919586182,0.51953125,1,3
7,1112,0.045237840036861605,0.09610694646835327,0.48828125,1,1
7,1113,0.03812804818153382,0.0971221923828125,0.45703125,1,2
7,1114,0.038305720430798836,0.09757477045059204,0.45703125,1,2
7,1115,0.043633333640173085,0.05571138858795166,0.61328125,1,2
7,587,0.08039268781431021,0.11726796627044678,0.57421875,1,3
7,912,0.06790421623736621,0.10195589065551758,0.56640625,1,3
7,1116,0.04142330680042506,0.1082078218460083,0.453125,1,3
7,1117,0.06507004762534054,0.10065215826034546,0.55859375,1,2
7,1118,0.039106564596295364,0.10215592384338379,0.453125,2,3
7,1119,0.07295430987142028,0.10953843593597412,0.56640625,1,2
7,1120,0.041424139402806766,0.05160379409790039,0.62109375,1,1
7,1121,0.05264658224768937,0.08667218685150146,0.54296875,1,2
7,1122,0.0443155923858285,0.0603446364402771,0.59375,3,4
7,1123,0.04023136454634369,0.0411146879196167,0.69140625,2,2
7,1124,0.04251650848891587,0.057135045528411865,0.59765625,2,2
7,1125,0.03568681329488755,0.10094833374023438,0.44140625,3,3
7,1126,0.08102840976789595,0.12166142463684082,0.56640625,2,4
7,1127,0.0,0.13781094551086426,0.2734375,3,5
7,1128,0.05819583730772138,0.09282326698303223,0.55078125,1,3
7,1129,0.057819128967821605,0.078732430934906,0.59375,1,1
7,1130,0.05299157684203239,0.10395282506942749,0.50390625,1,2
7,1131,0.0,0.14045333862304688,0.2734375,1,0
7,1132,0.06362855806946756,0.09695780277252197,0.5625,1,3
7,1133,0.013169344514608388,0.12040543556213379,0.34375,1,1
7,1134,0.05918926326557995,0.09440779685974121,0.55078125,1,3
7,1135,0.06035529810469599,0.09626764059066772,0.55078125,2,2
7,1136,0.052202999591827406,0.10440599918365479,0.5,1,3
7,1137,0.043878777418285615,0.07223773002624512,0.54296875,2,3
7,1138,0.01613286137580872,0.10868453979492188,0.359375,1,2
7,1139,0.0488433656282723,0.11065399646759033,0.4765625,1,3
7,1140,0.058634818531572826,0.12203669548034668,0.4921875,1,3
7,1141,0.053969067521393306,0.09335190057754517,0.53125,1,2
7,1142,0.05657870415598155,0.09167182445526123,0.546875,1,2
7,1143,0.06085115275345744,0.095569908618927,0.5546875,1,2
7,1144,0.05602718889713288,0.08799362182617188,0.5546875,1,1
7,1145,0.04826211836189032,0.08639931678771973,0.5234375,2,2
7,1146,0.017474548774771396,0.11045640707015991,0.36328125,1,2
7,1147,0.06150551489554346,0.09234845638275146,0.56640625,1,4
7,1148,0.033809661865234375,0.033809661865234375,0.71875,1,2
7,1149,0.045753287151455886,0.14550113677978516,0.42578125,1,2
7,1150,0.05935489013791086,0.09616994857788086,0.546875,1,2
7,1151,0.04735931800678373,0.07438027858734131,0.5546875,1,2
7,1152,0.0,0.13346731662750244,0.2890625,1,0
7,1153,0.0457290024496615,0.056966543197631836,0.62109375,1,1
7,1154,0.0598053641151637,0.09392744302749634,0.5546875,1,3
7,1155,0.050027796765789403,0.096294105052948,0.5078125,1,3
7,1156,0.06799151934683324,0.09018564224243164,0.6015625,1,3
7,1157,0.03855958068743349,0.04689431190490723,0.62890625,1,0
7,1158,0.04986148397438229,0.06881153583526611,0.58984375,1,0
7,1159,0.0,0.1350926160812378,0.2890625,1,1
7,1160,0.036582112312316895,0.036582112312316895,0.76171875,2,5
7,1161,0.04187977686524392,0.09927058219909668,0.46875,2,3
7,1162,0.056109793484210975,0.07743453979492188,0.58984375,3,5
7,1163,0.0630815955810249,0.09201645851135254,0.57421875,1,2
7,1164,0.03933998045977206,0.04784339666366577,0.62890625,2,1
8,1112,0.056891420623287565,0.09366047382354736,0.54296875,1,1
8,1138,0.027009325101971633,0.10556316375732422,0.40234375,1,2
8,1165,0.036973705049604184,0.09418177604675293,0.45703125,1,1
8,1166,0.05356154369655997,0.06838780641555786,0.61328125,1,0
8,1167,0.0618803728139028,0.07708698511123657,0.62109375,1,1
8,1168,0.012468834989704197,0.1251773238182068,0.33984375,1,0
8,1169,0.03766477108001709,0.03766477108001709,0.71875,1,1
8,1170,0.057385041844099774,0.09447312355041504,0.54296875,1,1
8,1171,0.056852517882362015,0.0892898440361023,0.5546875,2,2
8,1172,0.037198610603809364,0.10821413993835449,0.4375,2,3
8,1173,0.04353980347514153,0.11373662948608398,0.453125,1,2
8,1174,0.028809244744479663,0.1271580457687378,0.390625,1,2
8,1175,0.04743067617528141,0.10076558589935303,0.48828125,2,4
8,1176,0.03965359926223755,0.03965359926223755,0.70703125,1,1
8,1177,0.05959975894074888,0.09219056367874146,0.55859375,1,1
8,1034,0.06260905042290689,0.09540426731109619,0.5625,1,3
8,1024,0.06494376738555731,0.1142653226852417,0.52734375,3,5
8,1178,0.06525564892217518,0.10408377647399902,0.55078125,1,2
8,1179,0.0437392182648182,0.12040042877197266,0.4453125,3,5
8,1180,0.061917956918478026,0.09435117244720459,0.5625,3,5
8,1181,0.05484778899699451,0.10362386703491211,0.51171875,2,3
8,1182,0.042217823211103685,0.04447638988494873,0.6796875,3,4
8,1183,0.0015536891296505967,0.13258147239685059,0.3046875,3,4
8,1184,0.05947032500989736,0.09199035167694092,0.55859375,2,3
8,1185,0.06315651815384628,0.10742902755737305,0.53515625,3,4
8,1186,0.05463043251074851,0.126564621925354,0.47265625,1,2
8,1187,0.0,0.15307366847991943,0.28515625,1,1
8,1188,0.01954003109131009,0.10993951559066772,0.37109375,2,4
8,1189,0.04051242675632239,0.10069108009338379,0.4609375,1,2
8,1190,0.05894837435334922,0.0986325740814209,0.5390625,4,6
8,1191,0.04897396126762033,0.10192954540252686,0.4921875,1,2
8,1192,0.06128383125178517,0.10089170932769775,0.54296875,1,1
8,1193,0.07715043891221286,0.10233426094055176,0.6015625,1,2
8,1194,0.05413264548406006,0.09524369239807129,0.52734375,3,5
8,1195,0.05110023915767671,0.10024261474609375,0.50390625,3,5
8,1196,0.041260694502852864,0.11060458421707153,0.44921875,2,3
8,1197,0.05795986019074918,0.10025489330291748,0.53125,3,5
8,1198,0.05587014555931092,0.0814971923828125,0.57421875,1,2
8,1199,0.024983477080240853,0.12067490816116333,0.3828125,3,5
8,1200,0.05042260629124941,0.09891331195831299,0.50390625,1,1
8,1201,0.04893487552180887,0.10396122932434082,0.48828125,3,6
8,1202,0.04740866739302874,0.1028527021408081,0.484375,4,7
8,1203,0.05407090019434692,0.10030543804168701,0.515625,1,1
8,1126,0.07292253989726306,0.11815297603607178,0.546875,2,4
8,587,0.07379013369791211,0.11414062976837158,0.55859375,1,3
8,1204,0.04967935360036791,0.08312362432479858,0.5390625,1,1
8,1205,0.0556956056971103,0.08883535861968994,0.55078125,2,4
8,1206,0.05097306380048395,0.11058562994003296,0.484375,1,3
8,1207,0.048696407815441496,0.1079331636428833,0.48046875,1,4
8,1208,0.047274478711187846,0.09273767471313477,0.50390625,3,4
8,1209,0.053898053476586945,0.07057750225067139,0.60546875,1,1
8,1210,0.06261255266144873,0.08758914470672607,0.5859375,1,3
8,1211,0.04056233493611217,0.08799964189529419,0.484375,2,3
8,1212,0.0351898716762662,0.10853743553161621,0.4296875,1,2
8,1213,0.038009470794349916,0.09223151206970215,0.46484375,3,4
8,1214,0.05560593586415054,0.09618324041366577,0.53125,2,3
8,1215,0.05633415188640357,0.1276242733001709,0.4765625,1,2
8,1216,0.05030099675059319,0.1046915054321289,0.4921875,1,3
8,1217,0.04930925834923983,0.08675718307495117,0.52734375,2,3
8,1218,0.051255191210657365,0.07695794105529785,0.56640625,1,1
8,1219,0.06695435266010465,0.08443504571914673,0.6171875,3,3
8,1220,0.04897883534431459,0.09795767068862915,0.5,1,2
8,1221,0.05233470280654729,0.09369009733200073,0.5234375,2,2
8,1222,0.07407367252744736,0.102225661277771,0.58984375,2,3
8,1223,0.06250429979991169,0.1063196063041687,0.53515625,1,3
8,1224,0.054328111233189716,0.1045714020729065,0.5078125,3,5
8,1225,0.06352397985756399,0.09136033058166504,0.578125,3,5
8,1226,0.057432613801211126,0.14274513721466064,0.4609375,1,3
8,1227,0.06680343672633172,0.0842447280883789,0.6171875,1,1
8,1228,0.06444444321095945,0.08893680572509766,0.58984375,2,4
8,1229,0.06446020910516383,0.09678483009338379,0.56640625,1,2
8,1230,0.0449309446848929,0.09958720207214355,0.48046875,1,2
8,1231,0.06363485194742681,0.11391973495483398,0.5234375,3,5
8,1232,0.06170039111748339,0.09690368175506592,0.5546875,1,1
8,1233,0.058336990419775255,0.06850582361221313,0.640625,2,2
8,1234,0.06358299497514965,0.1030205488204956,0.546875,1,3
8,1235,0.06525946292094888,0.09255635738372803,0.58203125,1,2
8,1236,0.054005190264433636,0.10203194618225098,0.51171875,1,3
8,1237,0.04177553672343493,0.09464192390441895,0.4765625,3,4
8,1238,0.03931969404220581,0.03931969404220581,0.7265625,1,1
8,1239,0.06142342020757497,0.09222519397735596,0.56640625,1,3
8,1240,0.055473656393587596,0.06667256355285645,0.6328125,1,2
8,1241,0.026695874053984887,0.1129610538482666,0.39453125,2,3
8,1242,0.05950670340098441,0.06908714771270752,0.64453125,1,2
8,1243,0.02842543553560973,0.10701340436935425,0.40625,1,3
8,1244,0.055698648677207536,0.08124703168869019,0.57421875,4,8
8,1245,0.06350030552130194,0.1080138087272644,0.53515625,2,4
8,1246,0.03272503614425659,0.03272503614425659,0.7421875,3,3
8,1247,0.0630949374753982,0.10557061433792114,0.5390625,1,3
8,1248,0.060933306114748134,0.10364735126495361,0.53515625,2,2
8,1249,0.07301831454969944,0.09323036670684814,0.61328125,1,2
8,1250,0.06351966038346292,0.09679186344146729,0.5625,1,1
8,1251,0.05312555376440288,0.09510588645935059,0.5234375,3,4
8,1252,0.06459549197461457,0.07499521970748901,0.64453125,2,3
8,1253,0.03970672935247422,0.12246894836425781,0.4296875,2,4
8,1254,0.06470294413156809,0.09051340818405151,0.5859375,2,5
8,1255,0.05407108669169248,0.08624422550201416,0.55078125,2,4
8,1256,0.044720858335495,0.08944171667098999,0.5,2,3
8,1257,0.055955233983695514,0.09066164493560791,0.546875,1,2
8,1258,0.0568499421933666,0.10002464056015015,0.52734375,2,4
8,763,0.0779557228088379,0.1187896728515625,0.5625,1,3
8,1082,0.07158835802692921,0.10153251886367798,0.58203125,1,3
8,1259,0.034535442246124155,0.09769141674041748,0.44140625,1,2
8,1260,0.04873535223305226,0.0904076099395752,0.515625,1,3
8,1261,0.057162508601322784,0.10415375232696533,0.51953125,1,3
8,1262,0.05421892181038857,0.082619309425354,0.5625,2,3
8,1263,0.04588199313730002,0.11403679847717285,0.4609375,1,2
8,1264,0.0324552309466526,0.09717589616775513,0.43359375,2,3
8,1265,0.0572325650136918,0.10245829820632935,0.5234375,1,3
8,1266,0.016048433259129528,0.1244969367980957,0.3515625,2,0
8,1267,0.02680005272850395,0.11828988790512085,0.390625,2,2
8,1268,0.04434406757354736,0.04434406757354736,0.70703125,1,1
8,1269,0.027007182361558087,0.136907696723938,0.37890625,1,2
8,1270,0.07008866267278792,0.09940552711486816,0.58203125,1,2
8,1271,0.07002585800364615,0.11528372764587402,0.54296875,2,2
8,1272,0.0641865497455001,0.07206910848617554,0.65625,1,2
8,1273,0.06032917648553849,0.07425129413604736,0.625,2,4
8,1274,0.043086750898510225,0.10708940029144287,0.4609375,1,0
8,1275,0.051523555070161826,0.10946083068847656,0.48828125,1,1
8,1276,0.04468515235930682,0.09904241561889648,0.48046875,1,2
8,1277,0.05008002882823349,0.05502355098724365,0.6640625,1,0
8,1278,0.03965796390548349,0.09856736660003662,0.4609375,1,3
8,1279,0.062434440711513176,0.10985028743743896,0.52734375,1,2
8,1280,0.05308561341371388,0.09340149164199829,0.52734375,1,1
8,1281,0.04697472508996726,0.13287878036499023,0.44140625,1,3
8,1282,0.04454488260671497,0.0946347713470459,0.48828125,1,3
8,1283,0.0672507475828752,0.11832433938980103,0.52734375,3,4
8,1284,0.05594874580856413,0.07518571615219116,0.59765625,2,1
8,1285,0.05305874906480313,0.0933542251586914,0.52734375,2,3
8,1286,0.03911733627319336,0.03911733627319336,0.7109375,2,2
8,1287,0.001458287239074707,0.001458287239074707,0.953125,1,1
8,1288,0.025655527133494622,0.12392103672027588,0.3828125,1,2
8,1289,0.06036065332591535,0.09779953956604004,0.546875,2,4
8,1290,0.03600534703582526,0.1145014762878418,0.42578125,1,2
8,1291,0.04036920773796738,0.12451225519180298,0.4296875,1,2
8,1292,0.06194465258158745,0.09880268573760986,0.55078125,1,1
8,1293,0.016735978075303144,0.14047247171401978,0.34765625,2,2
8,1294,0.05301490332931281,0.08589756488800049,0.546875,2,2
8,1295,0.05316281877458096,0.0935373306274414,0.52734375,2,3
8,1296,0.04683698108419777,0.09748184680938721,0.4921875,1,2
8,1297,0.0484175211749971,0.10286211967468262,0.48828125,1,2
8,1298,0.04735909122973681,0.10971879959106445,0.47265625,1,1
8,1299,0.007950067520141602,0.007950067520141602,0.89453125,1,2
8,1300,0.052965066046454026,0.10006684064865112,0.51171875,2,3
8,1301,0.04179391381330789,0.09682571887969971,0.47265625,1,2
8,1302,0.06524026952683927,0.1024632453918457,0.5546875,2,4
8,1303,0.008434864226728681,0.11996251344680786,0.328125,1,2
8,1304,0.07194736995734276,0.09421241283416748,0.60546875,2,4
8,1305,0.057276545325294144,0.06575244665145874,0.6484375,1,2
8,1306,0.04864543769508601,0.10553586483001709,0.484375,1,3
9,1178,0.0623126254649833,0.10599356889724731,0.53515625,1,2
9,1024,0.053051234688609845,0.11758542060852051,0.48046875,3,5
9,1307,0.06487768189981581,0.10189378261566162,0.5546875,1,2
9,1308,0.059701333288103356,0.11711525917053223,0.50390625,3,4
9,1309,0.054134797304868705,0.06662744283676147,0.625,2,3
9,1310,0.011069178581237793,0.011069178581237793,0.87890625,2,3
9,1311,0.05531916534528137,0.09256017208099365,0.5390625,3,3
9,1312,0.04693806124851108,0.08707350492477417,0.515625,1,1
9,1313,0.06303060310892762,0.09327071905136108,0.5703125,4,6
9,1314,0.0624673403799534,0.11588144302368164,0.515625,1,2
9,1315,0.059618093073368086,0.10312318801879883,0.53125,1,1
9,1316,0.03877279348671437,0.11958837509155273,0.4296875,4,5
9,1317,0.05531873786821962,0.09255945682525635,0.5390625,2,1
9,1318,0.055237844353541746,0.10632246732711792,0.5078125,3,4
9,1319,0.05781437130644918,0.09221482276916504,0.55078125,3,6
9,1320,0.07455525174736978,0.11360800266265869,0.5625,3,4
9,1321,0.061187831335701055,0.06795698404312134,0.66015625,2,2
9,1322,0.053782836068421616,0.10161185264587402,0.51171875,3,5
9,1323,0.026368450373411186,0.14063173532485962,0.375,3,4
9,1324,0.07000030134804548,0.09406864643096924,0.59765625,3,6
9,1325,0.06577106565237047,0.09459209442138672,0.578125,3,5
9,1326,0.06040959781967105,0.10107749700546265,0.5390625,1,1
9,1327,0.015040973899886019,0.16741257905960083,0.3359375,3,6
9,1328,0.04930541943758727,0.11170077323913574,0.4765625,1,2
9,1329,0.05963693372905255,0.09087532758712769,0.5625,1,2
9,1330,0.03797173616476358,0.12075483798980713,0.42578125,1,1
9,1331,0.058916485635563745,0.10021674633026123,0.53515625,1,1
9,1332,0.06244562286883593,0.09108877182006836,0.57421875,3,5
9,1333,0.0331285959109664,0.10217976570129395,0.4296875,1,1
9,1222,0.06151694920845331,0.10464012622833252,0.53515625,2,3
9,587,0.0813840562477708,0.11542558670043945,0.58203125,1,3
9,1334,0.06748376693576576,0.10934078693389893,0.546875,2,2
9,1335,0.067768722306937,0.08442234992980957,0.62109375,2,2
9,1336,0.0524930888786912,0.06235837936401367,0.63671875,1,1
9,1337,0.0521462114993483,0.09501373767852783,0.51953125,1,1
9,1338,0.0,0.14745426177978516,0.29296875,1,3
9,1339,0.05767292110249401,0.08067905902862549,0.5859375,1,1
9,1340,0.04502123652491719,0.06964010000228882,0.55859375,3,4
9,1341,0.07656431512441488,0.10566288232803345,0.58984375,2,3
9,1342,0.08177721896208824,0.09494316577911377,0.64453125,3,5
9,1343,0.061249810853041715,0.08686953783035278,0.58203125,2,6
9,1344,0.013650317443534739,0.1519339680671692,0.3359375,1,1
9,1345,0.057532184757292285,0.10299468040466309,0.5234375,1,2
9,1346,0.06533328385557981,0.09530097246170044,0.57421875,2,2
9,1347,0.02221285784617067,0.13224399089813232,0.3671875,1,0
9,1348,0.03289857134222985,0.12385344505310059,0.40625,1,1
9,1349,0.05532342195510864,0.05532342195510864,0.70703125,2,3
9,1350,0.06531111313961448,0.08663028478622437,0.6015625,1,3
9,1351,0.05732890439685435,0.08867794275283813,0.55859375,3,5
9,1352,0.034840624313801534,0.12218081951141357,0.4140625,1,3
9,1353,0.048915264313109226,0.10391956567764282,0.48828125,1,0
9,1354,0.06670365668833257,0.10807681083679199,0.546875,1,1
9,1355,0.029516004025936134,0.11536026000976562,0.40234375,2,4
9,1356,0.05923597491346301,0.09448230266571045,0.55078125,3,5
9,1357,0.061004757648333914,0.13820546865463257,0.4765625,1,2
9,1358,0.057531961472705014,0.0725526213645935,0.6171875,1,0
9,1359,0.04267114307731391,0.08704233169555664,0.49609375,1,1
9,1360,0.050619453191757216,0.1012389063835144,0.5,1,2
9,1361,0.0628365066368133,0.09165894985198975,0.57421875,1,3
9,1362,0.0589168081060052,0.09253191947937012,0.5546875,3,3
9,1363,0.04113447666168213,0.04113447666168213,0.71484375,3,4
9,1364,0.05898935021832586,0.09124636650085449,0.55859375,1,3
9,1365,0.0527146551758051,0.0803270936012268,0.5625,2,2
9,1366,0.03363389382138849,0.1221315860748291,0.41015625,1,2
9,1367,0.05889368313364685,0.0823867917060852,0.5859375,2,4
9,1368,0.055905517772771425,0.0920373797416687,0.54296875,1,1
9,1369,0.05732641695067287,0.0900341272354126,0.5546875,3,6
9,1370,0.05633180402219297,0.10449957847595215,0.515625,2,4
9,1371,0.03206526022404433,0.12071627378463745,0.40625,1,0
9,1372,0.04737164615653456,0.1006401777267456,0.48828125,3,5
9,1373,0.05480418540537359,0.10166573524475098,0.515625,1,2
9,1374,0.05317380046471954,0.08897054195404053,0.5390625,2,5
9,1375,0.06470214435830714,0.08365529775619507,0.609375,1,3
9,1376,0.06788546824827792,0.08456778526306152,0.62109375,1,1
9,1377,0.056309640174731626,0.09907400608062744,0.52734375,1,2
9,1378,0.06571426359005274,0.08605039119720459,0.60546875,2,4
9,1193,0.07464257231913508,0.10301077365875244,0.58984375,1,2
9,1249,0.0720222992822528,0.09311974048614502,0.609375,1,2
9,1379,0.03862927376758308,0.11566191911697388,0.43359375,1,0
9,1380,0.06844169343821706,0.09197413921356201,0.59765625,1,2
9,1381,0.0542400497943163,0.057141780853271484,0.6796875,1,1
9,1382,0.05796267208643258,0.09103339910507202,0.5546875,3,3
9,1383,0.0595017671585083,0.0595017671585083,0.73046875,2,4
9,1384,0.04816058347932995,0.10231626033782959,0.48828125,1,3
9,1385,0.059503000229597106,0.10292410850524902,0.53125,1,2
9,1386,0.02732538362033666,0.11103647947311401,0.3984375,1,2
9,1387,0.05227118730545044,0.05227118730545044,0.73828125,2,3
9,1388,0.06349215656518938,0.07814419269561768,0.625,2,3
9,1389,0.045554964803159244,0.057448625564575195,0.6171875,1,2
9,1390,0.07487952592782678,0.10474950075149536,0.5859375,2,3
9,1391,0.06980302231386305,0.07508224248886108,0.671875,3,3
9,1392,0.034331908915191896,0.10917973518371582,0.42578125,1,1
9,1393,0.045125765027478344,0.1045447587966919,0.47265625,1,2
9,1394,0.05418798979371787,0.0906674861907959,0.5390625,2,3
9,1395,0.013094805646687751,0.14575088024139404,0.3359375,3,2
9,1396,0.06502461852505804,0.08100390434265137,0.62109375,1,2
9,1397,0.030532152624800808,0.12919390201568604,0.39453125,1,2
9,1398,0.023894243524409838,0.11021488904953003,0.38671875,2,6
9,1399,0.048954436788335456,0.09422808885574341,0.5078125,2,3
9,1400,0.04103433853015304,0.10719174146652222,0.453125,1,2
9,1401,0.041498692356981344,0.08816319704055786,0.48828125,1,1
9,1402,0.07965944008901717,0.1145663857460022,0.578125,1,2
9,1403,0.06547473510727288,0.09688746929168701,0.5703125,3,4
9,1404,0.07685937639325859,0.1090083122253418,0.58203125,1,2
9,1405,0.03889328800141812,0.09666681289672852,0.4609375,1,2
9,1406,0.07657499285414816,0.08790671825408936,0.6484375,1,2
9,1407,0.06763825588859619,0.09866321086883545,0.57421875,1,2
9,1408,0.05864809267222882,0.07582783699035645,0.609375,1,1
9,1409,0.05573129653930664,0.05573129653930664,0.75390625,1,2
9,1410,0.07993849203921856,0.09607630968093872,0.6328125,2,4
9,1411,0.08338783099316062,0.09681308269500732,0.64453125,1,2
9,1412,0.0447501689195633,0.14231109619140625,0.42578125,2,3
9,1413,0.07203670754097403,0.07511770725250244,0.68359375,2,4
9,1414,0.06835149822290988,0.09970360994338989,0.57421875,1,2
9,1415,0.05618264945223928,0.05741620063781738,0.69140625,1,1
9,1416,0.06894444557838143,0.08384692668914795,0.62890625,1,1
9,1417,0.05531838163733483,0.0925588607788086,0.5390625,3,4
9,1418,0.05021955072879792,0.10243988037109375,0.49609375,3,4
9,1419,0.06234863214194775,0.08966994285583496,0.578125,2,3
9,1420,0.061065711313858635,0.06178981065750122,0.6953125,2,3
9,1421,0.05368972034193576,0.06529486179351807,0.62890625,1,1
9,1422,0.04656906286254526,0.13173127174377441,0.44140625,3,5
9,1423,0.06248548440635206,0.1012423038482666,0.546875,2,4
9,1424,0.06675692670978607,0.09212815761566162,0.58984375,1,2
9,763,0.07466206140816213,0.1209714412689209,0.546875,1,3
9,1271,0.061369237489998354,0.11812424659729004,0.5078125,2,2
9,1425,0.008362889289855957,0.008362889289855957,0.8828125,1,1
9,1426,0.06428555888123812,0.13379758596420288,0.4921875,1,2
9,1427,0.07226485013961793,0.085845947265625,0.63671875,2,2
9,1428,0.03917001001536847,0.11394912004470825,0.4375,3,3
9,1429,0.05686887493357063,0.08931553363800049,0.5546875,1,3
9,1430,0.057780940551310785,0.08937716484069824,0.55859375,1,2
9,1431,0.06304829323198648,0.0919678807258606,0.57421875,2,3
9,1432,0.03069682093337179,0.12989068031311035,0.39453125,1,3
9,1433,0.014690041542053223,0.014690041542053223,0.87890625,3,5
9,1434,0.053230816265568144,0.08360177278518677,0.5546875,1,1
9,1435,0.0018432140350341797,0.0018432140350341797,0.94140625,2,1
9,1436,0.020060746464878324,0.13514608144760132,0.359375,2,2
9,1437,0.04497000435367227,0.08821702003479004,0.50390625,2,2
9,1438,0.05735047347843648,0.087391197681427,0.5625,1,2
9,1439,0.04384434223175049,0.04384434223175049,0.71875,2,2
9,1440,0.061087274923920645,0.09897685050964355,0.546875,2,2
9,1441,0.048363955924287445,0.061751484870910645,0.61328125,1,2
9,1442,0.056696300394833095,0.08769941329956055,0.55859375,1,1
9,1443,0.06218462274409832,0.09618890285491943,0.55859375,2,3
9,1444,0.05146196088753641,0.13108718395233154,0.45703125,1,3
9,1445,0.04623875976540149,0.09431970119476318,0.49609375,1,1
9,1446,0.029951749602332718,0.13815581798553467,0.38671875,1,3
9,1447,0.05771820119116456,0.08419293165206909,0.57421875,2,2
9,1448,0.060236599529162056,0.07503926753997803,0.62109375,2,1
10,763,0.06571246962994338,0.12190139293670654,0.515625,1,3
10,1427,0.06793993082828821,0.08896481990814209,0.60546875,2,2
10,1449,0.003253025701269512,0.15141355991363525,0.30859375,1,2
10,1450,0.042927849572151906,0.13240396976470947,0.4296875,1,3
10,1451,0.00484919548034668,0.00484919548034668,0.88671875,1,1
10,1452,0.06996863731183113,0.08933651447296143,0.61328125,2,3
10,1453,0.062245611799880876,0.10414952039718628,0.5390625,2,1
10,1454,0.038317942293360836,0.11818546056747437,0.4296875,2,5
10,1455,0.046160620171576745,0.04863011837005615,0.6796875,3,4
10,1456,0.05245676636695863,0.10491353273391724,0.5,1,1
10,1457,0.038155291462317116,0.13380485773086548,0.4140625,1,2
10,1458,0.05458870343863965,0.11361551284790039,0.4921875,2,2
10,1459,0.04693299648351968,0.1138848066329956,0.46484375,1,2
10,1460,0.04650095268152655,0.09122025966644287,0.50390625,2,2
10,1461,0.05034154909662903,0.1115795373916626,0.48046875,3,4
10,1462,0.0516954897902906,0.05560523271560669,0.671875,1,3
10,1463,0.04662260902114213,0.10333669185638428,0.48046875,1,2
10,1464,0.0,0.14076483249664307,0.25,1,2
10,1465,0.0,0.11902356147766113,0.2890625,1,2
10,1466,0.01908906153403223,0.1376563310623169,0.35546875,1,1
10,1467,0.03764861822128296,0.03764861822128296,0.72265625,1,2
10,1468,0.04963250365108252,0.09207189083099365,0.515625,2,2
10,1469,0.0,0.1493593454360962,0.25,1,2
10,1470,0.04538598307408393,0.057949185371398926,0.61328125,2,1
10,1471,0.0178454217966646,0.1384372115135193,0.3515625,1,2
10,1472,0.07436942216008903,0.10695827007293701,0.578125,1,2
10,587,0.08024244173429908,0.1187402606010437,0.5703125,1,3
10,1404,0.0734959839610383,0.11035174131393433,0.56640625,1,2
10,1473,0.04313039488624782,0.09559637308120728,0.48046875,2,3
10,1474,0.04343526531010867,0.10295766592025757,0.46875,1,1
10,1475,0.06616940198000522,0.08664637804031372,0.60546875,1,1
10,1476,0.0483546257019043,0.0483546257019043,0.703125,1,2
10,1477,0.05577153060585262,0.10536909103393555,0.51171875,1,1
10,1478,0.047702212817966945,0.051309943199157715,0.671875,1,1
10,1479,0.04802815709263087,0.08909571170806885,0.515625,1,1
10,1480,0.034588347771205015,0.10356277227401733,0.43359375,1,1
10,1481,0.04911429807543755,0.11641907691955566,0.46875,1,3
10,1482,0.07766769221052529,0.10718560218811035,0.58984375,1,2
10,1483,0.05234818195458502,0.09210401773452759,0.52734375,1,2
10,1484,0.07426949497312309,0.10113292932510376,0.59375,1,2
10,1485,0.048358672764152295,0.09308135509490967,0.5078125,2,4
10,1486,0.06725017866119744,0.09407675266265869,0.5859375,1,3
10,1487,0.060166159179061665,0.09748440980911255,0.546875,1,2
10,1488,0.02915376331657172,0.12867867946624756,0.390625,2,3
10,1489,0.06157363252714277,0.08981680870056152,0.57421875,1,2
10,1490,0.03247832134366036,0.10659551620483398,0.421875,1,2
10,1491,0.052550421329215176,0.08651387691497803,0.54296875,1,1
10,1492,0.04921947885304691,0.09473824501037598,0.5078125,1,0
10,1493,0.04890052415430547,0.09412431716918945,0.5078125,1,1
10,1494,0.05719188461080195,0.10420727729797363,0.51953125,1,2
10,1495,0.0462244738591835,0.10245424509048462,0.48046875,1,2
10,1496,0.04910687566734851,0.08084475994110107,0.54296875,1,0
10,1497,0.04444528929889203,0.11610198020935059,0.453125,2,4
10,1498,0.0519315985729918,0.09811431169509888,0.51171875,1,1
10,1499,0.046573163825087256,0.11301165819168091,0.46484375,1,2
10,1500,0.04188062530010939,0.04237723350524902,0.6953125,2,1
10,1501,0.024396121501922614,0.1301126480102539,0.375,2,3
10,1502,0.05172312259674074,0.10344624519348145,0.5,3,4
10,1503,0.05811571422964335,0.0859978199005127,0.5703125,1,3
10,1504,0.03861820697784424,0.03861820697784424,0.7265625,2,2
10,1505,0.06567832664586605,0.09187787771224976,0.5859375,1,2
10,1506,0.04647977440617979,0.050525784492492676,0.66796875,1,1
10,1507,0.0536727715516463,0.08302253484725952,0.55859375,1,1
10,1508,0.06028908700682224,0.10607564449310303,0.52734375,2,3
10,1509,0.061889899428933866,0.08104252815246582,0.60546875,1,2
10,1510,0.0486446125432849,0.0497126579284668,0.69140625,1,1
10,1511,0.049783046822994954,0.10361349582672119,0.4921875,1,1
10,1512,0.06560195004567505,0.09569287300109863,0.57421875,1,2
10,1513,0.054282960947602994,0.09082639217376709,0.5390625,1,3
10,1342,0.06498786993324758,0.09757709503173828,0.56640625,3,5
10,1320,0.06098104175180198,0.11737704277038574,0.5078125,3,4
10,1514,0.04825006448663772,0.08489358425140381,0.52734375,2,3
10,1515,0.06637796130962671,0.11106377840042114,0.5390625,3,5
10,1516,0.06282547209411861,0.10179316997528076,0.546875,1,3
10,1517,0.048626519739627845,0.08411073684692383,0.53125,2,2
10,1518,0.05089313862845302,0.09110939502716064,0.5234375,4,8
10,1519,0.0011365413665771484,0.0011365413665771484,0.9375,3,4
10,1520,0.05583416484296323,0.1035764217376709,0.515625,1,2
10,1521,0.019103195518255237,0.1377582550048828,0.35546875,3,4
10,1522,0.019100715871900324,0.1377403736114502,0.35546875,2,1
10,1523,0.03217437770217658,0.12112706899642944,0.40625,3,5
10,1524,0.04390620812773705,0.04984474182128906,0.65234375,3,4
10,1525,0.064003205858171,0.10052037239074707,0.5546875,1,2
10,1526,0.039260061923414476,0.09757840633392334,0.4609375,3,7
10,1527,0.05115226656198502,0.11588478088378906,0.4765625,4,7
10,1528,0.04373794072307647,0.12039691209793091,0.4453125,4,5
10,1529,0.05481697339564563,0.10168945789337158,0.515625,1,1
10,1530,0.05472856760025026,0.10945713520050049,0.5,3,4
10,1531,0.06974182184785606,0.0913243293762207,0.60546875,3,5
10,1532,0.026456987019628293,0.12779223918914795,0.3828125,3,3
10,1533,0.04687572643160821,0.10169649124145508,0.484375,4,6
10,1534,0.06689717457629742,0.11975997686386108,0.5234375,3,5
10,1535,0.05461586150340737,0.09777384996414185,0.5234375,4,7
10,1536,0.03332579252310098,0.12101280689239502,0.41015625,2,1
10,1537,0.05321805388666691,0.10054481029510498,0.51171875,3,4
10,1538,0.08080701692961158,0.10317504405975342,0.61328125,3,5
10,1539,0.033474032417871065,0.12155109643936157,0.41015625,1,1
10,1540,0.056952747516334064,0.0894472599029541,0.5546875,3,6
10,1541,0.04173610894940794,0.04181778430938721,0.69921875,2,2
10,1542,0.05684268847107888,0.09358024597167969,0.54296875,1,1
10,1543,0.013221903704106815,0.14716553688049316,0.3359375,3,5
10,1544,0.06136792828328909,0.11594235897064209,0.51171875,3,4
10,1545,0.04428240424022079,0.08068537712097168,0.51953125,1,2
10,1546,0.01688630622811616,0.14173424243927002,0.34765625,3,6
10,1547,0.022706876043230302,0.1351851224899292,0.3671875,3,2
10,1548,0.01910337735898793,0.13775956630706787,0.35546875,3,5
10,1549,0.04462221823632718,0.10577118396759033,0.46875,3,3
10,1411,0.07422693097032608,0.09719741344451904,0.60546875,1,2
10,1410,0.08256276790052654,0.09807920455932617,0.63671875,2,4
10,1550,0.05819088593125344,0.0792386531829834,0.59375,1,1
10,1551,0.048851609230041504,0.048851609230041504,0.77734375,3,4
10,1552,0.055349308764562025,0.10084998607635498,0.51953125,1,1
10,1553,0.05127713340334595,0.06547105312347412,0.61328125,1,1
10,1554,0.08211971714626999,0.10229998826980591,0.62109375,3,5
10,1555,0.06348138267640026,0.06487518548965454,0.69140625,1,2
10,1556,0.07923594000749291,0.09636294841766357,0.62890625,2,3
10,1557,0.06995513616129757,0.0882192850112915,0.6171875,1,2
10,1558,0.071989503223449,0.09548866748809814,0.6015625,1,2
10,1559,0.04140097182244063,0.13588011264801025,0.421875,4,5
10,1560,0.06330567225813867,0.06534779071807861,0.6875,1,1
10,1561,0.06478382414206864,0.07117879390716553,0.6640625,2,4
10,1562,0.04832489846739919,0.08502525091171265,0.52734375,1,1
10,1563,0.04747316520661116,0.08498692512512207,0.5234375,1,2
10,1564,0.04616808891296387,0.04616808891296387,0.703125,3,3
10,1565,0.05026752874255181,0.05188906192779541,0.6875,4,5
10,1566,0.04846123373135925,0.09327876567840576,0.5078125,2,3
10,1567,0.08821336459368469,0.11124444007873535,0.6171875,1,2
10,1568,0.0469116282183677,0.09202587604522705,0.50390625,1,3
10,1569,0.052592741325497634,0.054289281368255615,0.6875,2,3
10,1570,0.0394819974899292,0.0394819974899292,0.7109375,1,0
10,1571,0.05528223514556885,0.05528223514556885,0.7421875,1,2
10,1572,0.07992676948197187,0.08781653642654419,0.6640625,1,2
10,1573,0.04973104828968645,0.09225469827651978,0.515625,2,3
10,1574,0.038921933155506856,0.1071399450302124,0.4453125,1,1
10,1575,0.07672033738344909,0.10046243667602539,0.60546875,1,2
10,1576,0.06727744778618218,0.09411489963531494,0.5859375,2,4
10,1577,0.04514338821172715,0.060665130615234375,0.59765625,3,5
10,1578,0.05761709483340384,0.0980064868927002,0.53515625,1,1
10,1579,0.050669039133936174,0.06809067726135254,0.59765625,2,2
10,1580,0.030608111992478378,0.12437582015991211,0.3984375,1,0
10,1581,0.055763094685971744,0.08372640609741211,0.56640625,2,2
10,1582,0.07200505165383221,0.07745081186294556,0.671875,1,1
10,1583,0.04155164351686836,0.10327398777008057,0.4609375,2,3
10,1584,0.05050608166493476,0.06787168979644775,0.59765625,1,2
10,1585,0.056003122357651605,0.09853470325469971,0.52734375,1,1
10,1586,0.05041943863034249,0.09186744689941406,0.51953125,2,3
10,1587,0.04993274458684028,0.06072580814361572,0.62890625,1,2
10,1588,0.0660840750206262,0.07339489459991455,0.66015625,1,2
10,1589,0.08103531412780286,0.11034595966339111,0.59375,2,4
10,1590,0.048896533204242594,0.09238016605377197,0.51171875,2,3
11,1531,0.061330368975177414,0.09208548069000244,0.56640625,3,5
11,1534,0.0627066600136459,0.11225807666778564,0.5234375,3,5
11,1591,0.044608988799154765,0.09284472465515137,0.4921875,3,5
11,1592,0.018955265171825893,0.11284995079040527,0.3671875,3,3
11,1593,0.04950998956337572,0.06483149528503418,0.60546875,4,6
11,1594,0.06434854608960451,0.10263693332672119,0.55078125,3,4
11,1595,0.015585031360387806,0.12090206146240234,0.3515625,3,5
11,1596,0.05219319532625378,0.09183132648468018,0.52734375,4,6
11,1597,0.05314479814842345,0.10040640830993652,0.51171875,1,2
11,1598,0.05794142279773951,0.07685494422912598,0.6015625,3,6
11,1599,0.045724974013865,0.0880119800567627,0.5078125,3,5
11,1600,0.044608988799154765,0.09284472465515137,0.4921875,2,3
11,1601,0.04288161650765688,0.08747166395187378,0.49609375,1,3
11,1602,0.04440434044227005,0.09241878986358643,0.4921875,3,4
11,1603,0.04900068079587073,0.06949681043624878,0.58203125,3,5
11,1604,0.04210880398750306,0.09981346130371094,0.46875,3,5
11,1605,0.05801480018999428,0.08973890542984009,0.55859375,3,5
11,1606,0.03606947895605118,0.09187847375869751,0.45703125,3,5
11,1607,0.06607994972728194,0.09243971109390259,0.5859375,1,2
11,1608,0.04873785725794734,0.09381121397018433,0.5078125,3,4
11,1609,0.0,0.11639803647994995,0.23828125,2,3
11,1610,0.03718683100305498,0.11134302616119385,0.43359375,1,2
11,1611,0.05506229540333153,0.10598456859588623,0.5078125,3,5
11,1612,0.051294284407049424,0.06631988286972046,0.609375,3,4
11,1613,0.06120691273827107,0.10769051313400269,0.52734375,3,5
11,1614,0.04770487290807069,0.0869213342666626,0.51953125,3,4
11,1615,0.053490117657929666,0.07004332542419434,0.60546875,2,2
11,1616,0.04632448009215296,0.0908740758895874,0.50390625,3,5
11,1617,0.05197711568325759,0.06894373893737793,0.6015625,4,8
11,1618,0.0,0.13524550199508667,0.2890625,1,2
11,1619,0.04859909228980542,0.06617748737335205,0.59375,3,3
11,1620,0.04428601264953614,0.08857202529907227,0.5,3,5
11,1621,0.04296575824264438,0.08428531885147095,0.50390625,3,4
11,1622,0.02818531449884177,0.11015939712524414,0.40234375,3,5
11,1623,0.044608988799154765,0.09284472465515137,0.4921875,3,5
11,1472,0.07351410179398955,0.10145342350006104,0.58984375,1,2
11,1452,0.0707045621238649,0.08302921056747437,0.640625,2,3
11,1624,0.04521320248022676,0.10021281242370605,0.48046875,1,1
11,1625,0.03573942184448242,0.03573942184448242,0.703125,3,2
11,1626,0.05302895070053638,0.07126200199127197,0.59765625,2,3
11,1627,0.04757524922024459,0.10107272863388062,0.48828125,2,2
11,1628,0.048442943952977664,0.12654483318328857,0.453125,2,4
11,1629,0.017428855644539002,0.12568414211273193,0.35546875,3,4
11,1630,0.04837599396705629,0.09675198793411255,0.5,1,3
11,1631,0.03926970250904561,0.09760236740112305,0.4609375,1,1
11,1632,0.06376826413907112,0.10846960544586182,0.53515625,1,4
11,1633,0.045212180586531765,0.10021054744720459,0.48046875,1,2
11,1634,0.058396683773025884,0.1045423150062561,0.5234375,2,3
11,1635,0.03629976511001587,0.03629976511001587,0.70703125,2,3
11,1636,0.017067546374164525,0.12307864427566528,0.35546875,2,3
11,1637,0.04402019060216845,0.10198342800140381,0.47265625,2,3
11,1638,0.04520644806325436,0.10241460800170898,0.4765625,1,1
11,1639,0.028367996215820312,0.028367996215820312,0.7421875,2,3
11,1640,0.050270873121917255,0.07895302772521973,0.5546875,1,1
11,1641,0.03573840856552124,0.03573840856552124,0.703125,1,1
11,1642,0.03521362727042288,0.10543495416641235,0.43359375,2,4
11,1643,0.059951988048851504,0.09869909286499023,0.54296875,2,4
11,1644,0.06241083587519826,0.1117284893989563,0.5234375,1,2
11,1410,0.05707183096092196,0.09395748376846313,0.54296875,2,4
11,1554,0.05174789135344328,0.09776723384857178,0.51171875,3,5
11,1645,0.05868251924403013,0.09818774461746216,0.5390625,3,6
11,1646,0.01725624245591462,0.13386660814285278,0.3515625,2,3
11,1647,0.06236781226471067,0.08724677562713623,0.5859375,1,2
11,1648,0.02696604444645346,0.10539400577545166,0.40234375,3,4
11,1649,0.05206523602828385,0.10021579265594482,0.5078125,2,4
11,1650,0.06187558337114752,0.08539164066314697,0.58984375,1,2
11,1651,0.05024884315207601,0.06039297580718994,0.6328125,1,1
11,1652,0.04982526553794742,0.08072954416275024,0.546875,2,4
11,1653,0.0368939838372171,0.037331461906433105,0.6953125,1,2
11,1654,0.05643374891951681,0.07296484708786011,0.609375,1,1
11,1655,0.04909954802133144,0.09631788730621338,0.50390625,1,2
11,1656,0.0668776861857623,0.09229481220245361,0.58984375,2,3
11,1657,0.055691478075459606,0.07292592525482178,0.60546875,1,1
11,1658,0.052698154118843384,0.0626019835472107,0.63671875,1,1
11,1659,0.05513581854756922,0.08042603731155396,0.57421875,3,4
11,1660,0.043444619514048106,0.10297983884811401,0.46875,2,4
11,1661,0.05580100603401662,0.1035149097442627,0.515625,3,6
11,1662,0.049915748415514834,0.08351916074752808,0.5390625,2,2
11,1663,0.052523454418405904,0.09570109844207764,0.51953125,2,3
11,1664,0.05140488408505917,0.0795145034790039,0.55859375,4,6
11,1665,0.05117616313509644,0.10439121723175049,0.49609375,1,3
11,1666,0.05373899312689902,0.0979158878326416,0.51953125,2,5
11,1667,0.06028537056408823,0.0769728422164917,0.61328125,2,5
11,1668,0.046931751072406776,0.06067943572998047,0.609375,1,1
11,1669,0.0579724635463208,0.09104877710342407,0.5546875,2,4
11,1670,0.041999864624813206,0.04821509122848511,0.6484375,2,4
11,1671,0.06197948986664415,0.08221113681793213,0.6015625,2,3
11,1672,0.0608532400801778,0.09557318687438965,0.5546875,1,2
11,1673,0.047757958993315704,0.05136990547180176,0.671875,3,6
11,1674,0.0636807754635811,0.1031789779663086,0.546875,1,3
11,1675,0.05596799589693547,0.07236266136169434,0.609375,2,2
11,1676,0.048128426540642984,0.050186872482299805,0.68359375,2,3
11,1677,0.05185069655999542,0.07457178831100464,0.578125,4,5
11,1678,0.06549580395221712,0.10131072998046875,0.55859375,2,4
11,1679,0.05848609074018896,0.058600544929504395,0.69921875,3,5
11,1680,0.05008007492870093,0.07410693168640137,0.5703125,2,3
11,1681,0.03576934337615967,0.03576934337615967,0.703125,1,1
11,1567,0.07120025297626854,0.10535991191864014,0.5703125,1,2
11,1589,0.05551103421021254,0.10487693548202515,0.51171875,2,4
11,1682,0.027252674102783203,0.027252674102783203,0.76171875,1,1
11,1683,0.04800124047324062,0.06367003917694092,0.6015625,2,3
11,1684,0.04994305246509612,0.06221616268157959,0.62109375,3,4
11,1685,0.050090197473764426,0.08664250373840332,0.53125,2,2
11,1686,0.0586130633018911,0.10312676429748535,0.52734375,2,5
11,1687,0.05123863997869194,0.07582134008407593,0.5703125,1,2
11,1688,0.0625484286574647,0.09976571798324585,0.55078125,2,5
11,1689,0.05854983441531659,0.08921879529953003,0.5625,1,2
11,1690,0.044270060257986195,0.048123717308044434,0.66796875,2,3
11,1691,0.04454223322682083,0.09270578622817993,0.4921875,2,3
11,1692,0.0496618151664734,0.09932363033294678,0.5,1,1
11,1693,0.05506078060716392,0.10214173793792725,0.515625,1,2
11,1694,0.05723723396658898,0.07400369644165039,0.609375,1,3
11,1695,0.045689955353736884,0.10830211639404297,0.46875,1,1
11,1696,0.04685944318771363,0.088531494140625,0.51171875,1,2
11,1697,0.06420816248282792,0.0799868106842041,0.62109375,4,5
11,1698,0.044756435556337244,0.0861477255821228,0.5078125,1,0
11,1699,0.05535991862416268,0.07851600646972656,0.58203125,1,2
11,1700,0.025266572367399938,0.11152142286300659,0.390625,1,1
11,1701,0.03752291202545167,0.10915756225585938,0.4375,3,5
11,1702,0.04665192030370236,0.05956554412841797,0.61328125,1,1
11,1703,0.04763688845559955,0.10120368003845215,0.48828125,1,3
11,1704,0.05535138736013324,0.06147485971450806,0.66015625,1,2
11,1705,0.045531659387052066,0.07875746488571167,0.53125,1,2
11,1706,0.0,0.13499486446380615,0.2890625,2,3
11,1707,0.0487979636527598,0.05601918697357178,0.6484375,1,2
11,1708,0.05503274011425675,0.07299679517745972,0.6015625,2,4
11,1709,0.06707322271540762,0.08355593681335449,0.62109375,1,2
11,1710,0.05474836821667851,0.08732450008392334,0.55078125,2,3
11,1711,0.04902387445326895,0.07819384336471558,0.55078125,2,4
11,1712,0.05873271520249546,0.08818519115447998,0.56640625,2,5
11,1713,0.03573906421661377,0.03573906421661377,0.703125,1,1
11,1714,0.05358749488368631,0.07496392726898193,0.5859375,3,5
11,1715,0.04919936740770937,0.07971543073654175,0.546875,1,1
11,1716,0.05604137526825072,0.10396081209182739,0.515625,2,3
11,1717,0.051152771338820464,0.07794708013534546,0.5625,1,3
11,1718,0.04241761122830213,0.1029280424118042,0.46484375,1,2
11,1719,0.058998175431042923,0.10380434989929199,0.52734375,2,4
11,1720,0.06920856109354646,0.10391432046890259,0.56640625,1,3
11,1721,0.028191403951495893,0.09886300563812256,0.4140625,1,2
11,1722,0.047035586088895805,0.07870006561279297,0.5390625,1,1
11,1723,0.06601636670529844,0.1005963683128357,0.5625,1,2
11,1724,0.0015248022973537484,0.13011646270751953,0.3046875,4,6
11,1725,0.04491516901180149,0.08485817909240723,0.51171875,1,2
11,1726,0.04496715974528343,0.07911747694015503,0.52734375,2,2
11,1727,0.024682516697794206,0.10894352197647095,0.390625,1,2
11,1728,0.05333504453301431,0.09894037246704102,0.515625,1,2
11,1729,0.0464444209355861,0.07771092653274536,0.5390625,3,5
11,1730,0.03573906421661377,0.03573906421661377,0.703125,2,3
11,1731,0.04828887758776546,0.08079707622528076,0.5390625,1,1
11,1732,0.050273188855499036,0.08276486396789551,0.54296875,1,1
12,1617,0.051566764712333686,0.06346678733825684,0.625,4,8
12,1608,0.0542724383994937,0.08793509006500244,0.546875,3,4
12,1733,0.04137110710144043,0.04137110710144043,0.73046875,4,8
12,1734,0.049061500933021314,0.12816065549850464,0.453125,5,8
12,1735,0.030951673630625013,0.09267401695251465,0.43359375,4,8
12,1736,0.004059411585330967,0.12990117073059082,0.3125,4,8
12,1737,0.04937668144702912,0.12272262573242188,0.4609375,3,4
12,1738,0.05387694144155831,0.08089441061019897,0.56640625,4,8
12,1739,0.028569211252033717,0.09376561641693115,0.421875,4,9
12,1740,0.04046832374297083,0.10308349132537842,0.45703125,4,8
12,1741,0.061890354380011565,0.08541202545166016,0.58984375,4,8
12,1742,0.05444087181240321,0.07038819789886475,0.609375,3,7
12,1743,0.07020028401166202,0.11374223232269287,0.546875,4,6
12,1744,0.0527563812211156,0.09444499015808105,0.5234375,3,3
12,1745,0.059813634725287564,0.07451236248016357,0.62109375,3,3
12,1746,0.053516494575887925,0.08954393863677979,0.5390625,4,7
12,1747,0.05248288111761213,0.07548099756240845,0.578125,4,9
12,1748,0.04896840546280146,0.10191798210144043,0.4921875,3,6
12,1749,0.05400994466617704,0.07164013385772705,0.6015625,2,3
12,1632,0.06361792329698802,0.0999152660369873,0.5546875,1,4
12,1644,0.06264499807730319,0.11214768886566162,0.5234375,1,2
12,1750,0.05120623041875661,0.08567839860916138,0.5390625,2,5
12,1751,0.03998708724975586,0.03998708724975586,0.71875,1,0
12,1752,0.043035857612267144,0.09142887592315674,0.48828125,1,4
12,1753,0.0517960786819458,0.0517960786819458,0.71875,1,3
12,1754,0.052011326421052224,0.08562636375427246,0.54296875,1,4
12,1755,0.04698755824938417,0.09982419013977051,0.48828125,1,2
12,1756,0.04466523928567768,0.08597218990325928,0.5078125,1,3
12,1757,0.06492869649082424,0.0829014778137207,0.61328125,1,3
12,1758,0.022645079530775554,0.10938000679016113,0.3828125,1,0
12,1759,0.0746460445225239,0.12489795684814453,0.5390625,1,3
12,1760,0.06813632464036347,0.07252764701843262,0.67578125,1,2
12,1761,0.07019133865833284,0.10857391357421875,0.55859375,1,3
12,1762,0.05187101429328324,0.09984195232391357,0.5078125,1,3
12,1763,0.06452133134007455,0.09831821918487549,0.5625,1,2
12,1764,0.04521970718633384,0.08543354272842407,0.51171875,1,4
12,1765,0.04127246141433716,0.04127246141433716,0.74609375,2,5
12,1766,0.054492561961524195,0.06326574087142944,0.64453125,1,2
12,1767,0.04813509620726109,0.14002937078475952,0.4375,2,4
12,1768,0.058741865213960416,0.07893919944763184,0.59765625,2,5
12,1720,0.06841806205920876,0.099800705909729,0.57421875,1,3
12,1607,0.06616440881043674,0.08776211738586426,0.6015625,1,2
12,1769,0.06328080873936416,0.0702815055847168,0.66015625,3,4
12,1770,0.05351902381516994,0.08954817056655884,0.5390625,4,5
12,1771,0.04356429423205555,0.10092723369598389,0.47265625,2,4
12,1772,0.05263701220974327,0.10955345630645752,0.4921875,3,4
12,1773,0.04932507453486325,0.09494149684906006,0.5078125,1,2
12,1774,0.012579736299812799,0.11501473188400269,0.34375,2,2
12,1775,0.06009427434764804,0.09893333911895752,0.54296875,2,4
12,1776,0.04162241099402309,0.12837755680084229,0.4296875,1,3
12,1777,0.04306447505950928,0.04306447505950928,0.734375,2,3
12,1778,0.004059433937072757,0.12990188598632812,0.3125,4,5
12,1779,0.03222643316257746,0.13636308908462524,0.39453125,1,2
12,1780,0.06367209216114135,0.09560149908065796,0.56640625,1,2
12,1781,0.06669344985857607,0.09728503227233887,0.57421875,1,1
12,1782,0.05423627863638104,0.08928930759429932,0.54296875,2,3
12,1783,0.05081196723040194,0.07629245519638062,0.56640625,3,5
12,1784,0.057356680277735,0.07415813207626343,0.609375,3,4
12,1785,0.04506755573675037,0.09988999366760254,0.48046875,1,1
12,1786,0.05467182304710151,0.09456747770309448,0.53125,1,1
12,1787,0.00025255791842937827,0.12930965423583984,0.30078125,3,4
12,1788,0.05016245506703855,0.0984029769897461,0.50390625,1,2
12,1789,0.028447526739910252,0.096457839012146,0.41796875,3,3
12,1790,0.06385869660880418,0.09056967496871948,0.58203125,1,1
12,1791,0.06658584740944208,0.08097851276397705,0.62890625,1,3
12,1792,0.04252341866958887,0.12028723955154419,0.44140625,1,3
12,1793,0.03860728803556413,0.12277597188949585,0.42578125,3,6
12,1794,0.05365744570735843,0.08558446168899536,0.55078125,1,1
12,1795,0.05201967805624009,0.09152603149414062,0.52734375,1,4
12,1567,0.07180280087050052,0.10780948400497437,0.56640625,1,2
12,1709,0.07297748210839929,0.08472669124603271,0.64453125,1,2
12,1796,0.0540366629138589,0.05812346935272217,0.671875,1,2
12,1797,0.06840353563893588,0.08957189321517944,0.60546875,1,2
12,1798,0.06153063476085664,0.09969520568847656,0.546875,1,2
12,1799,0.03804352460429073,0.09937900304794312,0.453125,2,3
12,1800,0.07058148609939964,0.08792632818222046,0.62109375,2,6
12,1801,0.06840934511274101,0.08319616317749023,0.62890625,1,3
12,1802,0.05251527205109597,0.08786869049072266,0.5390625,4,5
12,1803,0.003969509154558185,0.12702429294586182,0.3125,2,3
12,1804,0.07081000297330321,0.10631883144378662,0.56640625,1,3
12,1805,0.06838984531350435,0.07514077425003052,0.6640625,1,2
12,1806,0.046027541160583496,0.046027541160583496,0.71875,4,5
12,1807,0.04729158862028272,0.12046414613723755,0.45703125,1,2
12,1808,0.0550829079002142,0.05573606491088867,0.6953125,2,3
12,1809,0.052788976812735214,0.09450334310531616,0.5234375,1,2
12,1810,0.060416394611820586,0.08568751811981201,0.58203125,1,1
12,1811,0.0795520478859544,0.11128592491149902,0.5859375,2,3
12,1812,0.038231730461120605,0.038231730461120605,0.73828125,1,1
12,1813,0.04671381670050324,0.0821906328201294,0.52734375,1,2
12,1814,0.035808682441711426,0.035808682441711426,0.76953125,2,4
12,1815,0.06183344428427518,0.08309376239776611,0.59765625,1,1
12,1816,0.05411491892300547,0.08908951282501221,0.54296875,1,1
12,1817,0.06340591236948968,0.06545126438140869,0.6875,1,3
12,1818,0.05042428011074663,0.09187626838684082,0.51953125,1,2
12,1819,0.0331592548172921,0.1124340295791626,0.41796875,1,1
12,1820,0.03115824982523919,0.11314201354980469,0.41015625,5,6
12,1821,0.05734381685033441,0.08021867275238037,0.5859375,1,1
12,1822,0.039339423179626465,0.039339423179626465,0.73828125,4,6
12,1823,0.05199426971375943,0.058379530906677246,0.65625,1,0
12,1824,0.0720613761804998,0.0827251672744751,0.6484375,1,4
12,1825,0.0607593390159309,0.08862900733947754,0.57421875,2,5
12,1826,0.06070487294346095,0.08377599716186523,0.58984375,1,1
12,1827,0.06576260528527202,0.09199577569961548,0.5859375,3,4
12,1828,0.05683242529630662,0.06994760036468506,0.625,1,1
12,1829,0.039583027362823486,0.039583027362823486,0.70703125,2,5
12,1830,0.060905110090971,0.08184623718261719,0.59765625,2,3
12,1831,0.06850022450089456,0.0843079686164856,0.625,2,5
12,1832,0.06762821250595154,0.09591591358184814,0.58203125,1,2
12,1833,0.04276231676340104,0.0927724838256836,0.484375,2,2
12,1834,0.055377703043632216,0.0673477053642273,0.62890625,2,3
12,1835,0.05950856767594815,0.08558535575866699,0.578125,1,1
12,1836,0.060973601648584015,0.08414685726165771,0.58984375,2,3
12,1837,0.04689648747444154,0.09379297494888306,0.5,1,1
12,1838,0.05669462017249317,0.0804089903831482,0.58203125,1,3
12,1839,0.028791197575628764,0.10839039087295532,0.40625,1,1
12,1840,0.0726696476340294,0.08159399032592773,0.65625,3,5
12,1841,0.06883558002300562,0.0962945818901062,0.5859375,1,2
12,1842,0.06786836404353382,0.07300126552581787,0.671875,1,2
12,1843,0.05936288833618164,0.05936288833618164,0.7421875,2,3
12,1844,0.027454591239802546,0.1073034405708313,0.40234375,1,1
12,1845,0.04159102041739971,0.10092228651046753,0.46484375,2,3
12,1846,0.05147366342134775,0.1009751558303833,0.50390625,2,6
12,1847,0.03469727886840702,0.1070181131362915,0.4296875,2,6
12,1472,0.07947404356673361,0.10147309303283691,0.61328125,1,2
12,1452,0.0734215658158064,0.08524227142333984,0.64453125,2,3
12,1848,0.05359898507595063,0.06929969787597656,0.609375,1,1
12,1849,0.05642948229797186,0.10281813144683838,0.51953125,3,4
12,1850,0.04817679338157178,0.13627910614013672,0.44140625,2,3
12,1851,0.056718582753092064,0.0949016809463501,0.5390625,1,1
12,1852,0.046158027369529016,0.09606873989105225,0.4921875,1,1
12,1853,0.035309433937072754,0.035309433937072754,0.73828125,2,3
12,1854,0.05012554419226945,0.08252179622650146,0.54296875,1,1
12,1855,0.05128258862532676,0.056955933570861816,0.66015625,2,3
12,1856,0.05539014888927341,0.0883481502532959,0.55078125,2,3
12,1857,0.04709114134311677,0.10004425048828125,0.48828125,1,1
12,1858,0.005186873255297545,0.12646090984344482,0.31640625,2,3
12,1859,0.060895331320352866,0.09419459104537964,0.55859375,3,5
12,1860,0.033139586448669434,0.033139586448669434,0.76953125,3,6
12,1861,0.02887541055679322,0.10870742797851562,0.40625,1,1
12,1862,0.03530919551849365,0.03530919551849365,0.73828125,3,3
12,1863,0.05497111834120006,0.06847983598709106,0.62109375,1,1
12,1864,0.05353337991982699,0.08957219123840332,0.5390625,1,1
12,1865,0.05437974259257317,0.07030916213989258,0.609375,2,3
12,1866,0.05649844836443664,0.10114407539367676,0.5234375,2,2
12,1867,0.035320401191711426,0.035320401191711426,0.73828125,1,1
12,1868,0.05362876667641104,0.07022488117218018,0.60546875,2,3
12,1869,0.035311758518218994,0.035311758518218994,0.73828125,1,2
12,1870,0.0043430328369140625,0.0043430328369140625,0.93359375,1,2
12,1871,0.04380112886428833,0.04380112886428833,0.75,2,4
12,1872,0.04789721965789795,0.04789721965789795,0.73046875,2,2
13,1743,0.06486091157421471,0.12032169103622437,0.515625,4,6
13,1781,0.043024837039411075,0.10198479890823364,0.46875,1,1
13,1873,0.037595334812067456,0.10634702444076538,0.44140625,1,2
13,1874,0.0,0.12110006809234619,0.27734375,1,2
13,1875,0.03860727138817311,0.05552506446838379,0.578125,4,5
13,1876,0.014776813331991438,0.114632248878479,0.3515625,4,6
13,1877,0.05242581933271141,0.10284298658370972,0.50390625,1,1
13,1878,0.046262545511126525,0.07049530744552612,0.5625,4,5
13,1879,0.029557712608948357,0.10365444421768188,0.4140625,4,6
13,1880,0.03527812426909805,0.09710967540740967,0.4453125,1,2
13,1881,0.06163904676213862,0.09987086057662964,0.546875,4,6
13,1882,0.05327854212373496,0.09374094009399414,0.52734375,1,1
13,1883,0.06008630990982057,0.12017261981964111,0.5,2,5
13,1884,0.06963393010664733,0.08674591779708862,0.62109375,4,6
13,1885,0.0390651822090149,0.07813036441802979,0.5,1,1
13,1886,0.040708674350753433,0.07691085338592529,0.51171875,2,2
13,1887,0.05953325517475606,0.12390661239624023,0.4921875,4,7
13,1888,0.05372144700959326,0.10340368747711182,0.5078125,5,7
13,1889,0.06351170665584506,0.0926438570022583,0.57421875,3,4
13,1890,0.05302948807366193,0.087302565574646,0.54296875,1,4
13,1891,0.04192708723712713,0.11239093542098999,0.44921875,4,5
13,1892,0.0,0.13847362995147705,0.2734375,4,5
13,1893,0.037127610761672265,0.07727372646331787,0.4921875,1,1
13,1894,0.06819521624129267,0.11226993799209595,0.54296875,3,4
13,1895,0.0630085961893201,0.11480569839477539,0.51953125,1,1
13,1896,0.03994361381046475,0.10174691677093506,0.45703125,4,6
13,1709,0.06142150959931315,0.09088963270187378,0.5703125,1,2
13,1720,0.06078528473153712,0.1088184118270874,0.5234375,1,3
13,1897,0.04658689489588142,0.08967101573944092,0.5078125,2,2
13,1898,0.06518563069403173,0.09933048486709595,0.5625,1,1
13,1899,0.04356394754722715,0.08385241031646729,0.5078125,2,3
13,1900,0.04180709552019835,0.08047080039978027,0.5078125,5,10
13,1901,0.05731784505769612,0.09436249732971191,0.54296875,1,2
13,1902,0.02134202490560711,0.1200782060623169,0.37109375,1,1
13,1903,0.059327216818928726,0.09040337800979614,0.5625,1,3
13,1904,0.0481529524549842,0.09446096420288086,0.50390625,2,4
13,1905,0.0606539942091331,0.10317224264144897,0.53515625,4,9
13,1906,0.036977636162191636,0.0941917896270752,0.45703125,2,3
13,1907,0.030135691165924072,0.030135691165924072,0.72265625,1,3
13,1908,0.03772787027992309,0.09610283374786377,0.45703125,1,2
13,1909,0.0,0.1404973268508911,0.265625,1,3
13,1910,0.03331820201128722,0.09171462059020996,0.4453125,1,2
13,1911,0.035404443857260055,0.08202296495437622,0.47265625,5,8
13,1912,0.060342221986502416,0.08802056312561035,0.57421875,1,1
13,1913,0.05233143083751203,0.0953512191772461,0.51953125,1,2
13,1914,0.035849549924023456,0.09609931707382202,0.44921875,1,3
13,1915,0.03459431033115835,0.0410957932472229,0.63671875,4,8
13,1916,0.037448129500262446,0.09539026021957397,0.45703125,1,1
13,1917,0.04197732720058412,0.09725064039230347,0.47265625,1,3
13,1918,0.04158582747913898,0.09634363651275635,0.47265625,1,2
13,1919,0.06044435175135733,0.09493100643157959,0.5546875,1,2
13,1920,0.034314489923417575,0.09706640243530273,0.44140625,2,4
13,1921,0.03527836245484651,0.0971103310585022,0.4453125,5,8
13,1922,0.04016001929994673,0.09304040670394897,0.47265625,2,4
13,1923,0.05940732033923269,0.08543974161148071,0.578125,2,4
13,1924,0.04012245079502464,0.08892941474914551,0.48046875,2,3
13,1759,0.05510300816968084,0.13370966911315918,0.46484375,1,3
13,1761,0.07461490412242712,0.11541640758514404,0.55859375,1,3
13,1925,0.04500803258270026,0.09561872482299805,0.48828125,1,2
13,1926,0.03984767221845687,0.12672054767608643,0.42578125,1,3
13,1927,0.03400790435262025,0.0961991548538208,0.44140625,2,2
13,1928,0.04519650293514133,0.10239207744598389,0.4765625,1,3
13,1929,0.05573685024864973,0.09806621074676514,0.52734375,1,4
13,1930,0.06973761133849622,0.10470867156982422,0.56640625,1,2
13,1931,0.05569054593797774,0.12902063131332397,0.47265625,1,3
13,1932,0.056696285959333195,0.10149824619293213,0.5234375,1,2
13,1933,0.03847265057265759,0.14483821392059326,0.40625,1,2
13,1934,0.04997193301096559,0.13755714893341064,0.4453125,1,2
13,1935,0.04040368809364737,0.09804117679595947,0.46484375,1,3
13,1936,0.04557151766493917,0.09484803676605225,0.4921875,1,3
13,1937,0.05203954037278891,0.11789488792419434,0.4765625,1,2
13,1938,0.04836386325769127,0.13680827617645264,0.44140625,2,4
13,1939,0.0419485797174275,0.05290067195892334,0.6171875,1,2
13,1940,0.03617681004106999,0.09450268745422363,0.453125,2,3
13,1941,0.05448423139750958,0.09116315841674805,0.5390625,1,2
13,1942,0.06722813495434822,0.12701404094696045,0.51171875,1,2
13,1943,0.04202605364844204,0.07031810283660889,0.5390625,1,2
13,1944,0.0527768242172897,0.09448158740997314,0.5234375,1,3
13,1945,0.06829342152923347,0.09821975231170654,0.578125,1,2
13,1946,0.032100352109409876,0.09080320596694946,0.44140625,1,2
13,1947,0.0728029445745051,0.11795920133590698,0.546875,1,2
13,1948,0.03495724289678038,0.08482515811920166,0.46484375,2,2
13,1949,0.051388575229793794,0.07715821266174316,0.56640625,1,3
13,1950,0.04826192208565772,0.1025315523147583,0.48828125,2,4
13,1951,0.04822611808776857,0.0946044921875,0.50390625,2,3
13,1472,0.07206715270876886,0.1066427230834961,0.5703125,1,2
13,1452,0.06593146733939649,0.08977901935577393,0.59375,2,3
13,1952,0.05225100065581501,0.10658371448516846,0.49609375,1,2
13,1953,0.04271085211075843,0.08221036195755005,0.5078125,1,1
13,1954,0.04187653935514391,0.061084866523742676,0.57421875,1,3
13,1955,0.03402349166572095,0.09365606307983398,0.4453125,1,1
13,1956,0.04254147363826633,0.049390554428100586,0.64453125,1,1
13,1957,0.038645458873361356,0.10931754112243652,0.44140625,2,3
13,1958,0.04301836714148522,0.04440605640411377,0.6875,1,2
13,1959,0.05511207645758987,0.059280216693878174,0.671875,2,4
13,1960,0.035177458310499794,0.09683257341384888,0.4453125,2,3
13,1961,0.06173179112374783,0.08406031131744385,0.59375,2,2
13,1962,0.03313296334818006,0.03935980796813965,0.63671875,1,0
13,1963,0.06840784917585553,0.11261999607086182,0.54296875,2,3
13,1964,0.05216944310814143,0.08729004859924316,0.5390625,1,1
13,1965,0.05376709310803563,0.1096763014793396,0.49609375,2,3
13,1966,0.03445572999771685,0.09746593236923218,0.44140625,3,5
13,1967,0.03313276264816523,0.03935956954956055,0.63671875,2,2
13,1968,0.02896785666234792,0.09822213649749756,0.41796875,1,1
13,1969,0.04644448496401311,0.05857038497924805,0.6171875,1,1
13,1970,0.034622935811057694,0.10678881406784058,0.4296875,1,1
13,1971,0.03609774936921895,0.044968485832214355,0.62109375,2,3
13,1972,0.029016187181696303,0.11340677738189697,0.40234375,4,6
13,1973,0.03879856201820076,0.10975062847137451,0.44140625,1,2
13,1974,0.05544498306699098,0.13453948497772217,0.46484375,1,2
13,1975,0.04730525286868215,0.07915127277374268,0.5390625,1,1
13,1976,0.036827298812568195,0.04702138900756836,0.61328125,1,0
13,1977,0.03715058416128159,0.10807442665100098,0.4375,3,4
13,1978,0.04414945584721864,0.05637037754058838,0.61328125,1,1
13,1811,0.06409451190847905,0.12109369039535522,0.51171875,2,3
13,1840,0.060205155983567245,0.08658719062805176,0.578125,3,5
13,1979,0.0576779890106991,0.08660155534744263,0.56640625,4,5
13,1980,0.045090921455994255,0.10215288400650024,0.4765625,1,3
13,1981,0.03788472106680275,0.04207587242126465,0.66015625,2,5
13,1982,0.04671708121895791,0.08080792427062988,0.53125,3,7
13,1983,0.04188295849598945,0.09283149242401123,0.48046875,1,4
13,1984,0.0,0.13843226432800293,0.2734375,2,3
13,1985,0.03636779659427703,0.1156541109085083,0.42578125,1,1
13,1986,0.04445844888687134,0.04445844888687134,0.75390625,1,2
13,1987,0.030377880437299616,0.10300314426422119,0.41796875,2,2
13,1988,0.05323742469772698,0.10058140754699707,0.51171875,2,2
13,1989,0.04232698888517917,0.07996833324432373,0.51171875,1,3
13,1990,0.05783719522878528,0.13399386405944824,0.47265625,2,3
13,1991,0.047541577485390014,0.08086806535720825,0.53515625,3,4
13,1992,0.06126019917428495,0.10596358776092529,0.53125,1,2
13,1993,0.046018150635063655,0.07959896326065063,0.53125,3,5
13,1994,0.0,0.12078523635864258,0.296875,3,5
13,1995,0.05790544033516199,0.09236007928848267,0.55078125,2,6
13,1996,0.06849160161800684,0.08745062351226807,0.61328125,1,2
13,1997,0.06990788644179703,0.10813546180725098,0.55859375,4,7
13,1998,0.04786784853786231,0.1084439754486084,0.4765625,2,3
13,1999,0.0037997458130121266,0.12159186601638794,0.3125,1,2
13,2000,0.052796803647652275,0.05993783473968506,0.65234375,1,1
13,2001,0.0460928468964994,0.09593307971954346,0.4921875,2,3
13,2002,0.06236285390332342,0.08606410026550293,0.58984375,1,3
13,2003,0.0,0.13063085079193115,0.2890625,2,2
13,2004,0.05452742753550411,0.07953858375549316,0.57421875,1,1
13,2005,0.032193779945373535,0.032193779945373535,0.75390625,2,6
13,2006,0.043682925053872175,0.10120207071304321,0.47265625,1,1
13,2007,0.05917466757819057,0.08756482601165771,0.5703125,1,1
13,2008,0.04642436234280468,0.09662306308746338,0.4921875,2,5
13,2009,0.036529416684061296,0.07602870464324951,0.4921875,3,5
13,2010,0.03313276264816523,0.03935956954956055,0.63671875,2,4
13,2011,0.06979717081412674,0.09899210929870605,0.58203125,1,3
13,2012,0.05143294692970813,0.09207576513290405,0.5234375,3,7
14,1709,0.06705128587782384,0.08669257164001465,0.609375,1,2
14,1923,0.06717109680175783,0.082672119140625,0.625,2,4
14,2013,0.04738239198923112,0.08951950073242188,0.51171875,1,2
14,2014,0.05624161427840591,0.08833038806915283,0.5546875,1,1
14,2015,0.0721827072557062,0.09700143337249756,0.59765625,2,3
14,2016,0.07052238564938308,0.09004354476928711,0.61328125,1,2
14,2017,0.0483919307589531,0.09314537048339844,0.5078125,1,1
14,2018,0.05388668831437827,0.07538247108459473,0.5859375,1,1
14,2019,0.07023474015295507,0.09316110610961914,0.6015625,2,3
14,2020,0.0668234769254923,0.08427000045776367,0.6171875,1,3
14,2021,0.047373092966154225,0.059741437435150146,0.6171875,1,3
14,2022,0.06381729524582626,0.08464884757995605,0.6015625,1,1
14,2023,0.0656419023871422,0.0848703384399414,0.609375,2,3
14,2024,0.06681227521039547,0.0842558741569519,0.6171875,1,1
14,2025,0.06797758257016541,0.09509432315826416,0.5859375,1,2
14,2026,0.06503058969974519,0.09223175048828125,0.58203125,2,4
14,2027,0.06593399355188014,0.08860421180725098,0.59765625,2,5
14,2028,0.051573498174548156,0.0702277421951294,0.59375,1,1
14,2029,0.04290493426378817,0.08751922845840454,0.49609375,2,3
14,2030,0.05019058054313064,0.08397901058197021,0.5390625,1,2
14,2031,0.053502917988225825,0.07484561204910278,0.5859375,1,2
14,2032,0.05010144319385291,0.06318211555480957,0.6171875,2,4
14,2033,0.06424624391365798,0.08866328001022339,0.58984375,1,2
14,2034,0.06250840751454236,0.08081895112991333,0.609375,2,4
14,1884,0.06342778727412225,0.08636975288391113,0.59375,4,6
14,1894,0.0712846051901579,0.1086241602897644,0.5625,3,4
14,2035,0.039175874087959535,0.04258608818054199,0.66796875,4,4
14,2036,0.0,0.1178438663482666,0.2890625,3,4
14,2037,0.04926962242461742,0.08668744564056396,0.52734375,4,5
14,2038,0.05722850421443582,0.07306981086730957,0.61328125,3,4
14,2039,0.06188872922211886,0.07902002334594727,0.61328125,3,4
14,2040,0.051014170399867005,0.12378793954849243,0.46484375,3,4
14,2041,0.0525651223724708,0.07667618989944458,0.57421875,3,5
14,2042,0.05913271254394204,0.0838668942451477,0.58203125,4,5
14,2043,0.019646749831736095,0.09489750862121582,0.3828125,5,8
14,2044,0.06824300927110018,0.10556018352508545,0.55859375,4,4
14,2045,0.0,0.1269751787185669,0.26171875,4,4
14,2046,0.061792158056050546,0.07792508602142334,0.6171875,4,4
14,2047,0.05143634940031917,0.0971786379814148,0.51171875,3,4
14,2048,0.060073351487517364,0.08762836456298828,0.57421875,3,4
14,2049,0.023573308484628804,0.11386352777481079,0.3828125,4,6
14,2050,0.03895384725183249,0.041037797927856445,0.6796875,4,5
14,2051,0.03900215215981007,0.1018831729888916,0.453125,3,3
14,2052,0.0,0.13789987564086914,0.2890625,4,7
14,2053,0.0,0.14079022407531738,0.2578125,5,8
14,2054,0.05470408557448537,0.09005945920944214,0.54296875,4,6
14,2055,0.041545707499608404,0.14087021350860596,0.41796875,3,4
14,2056,0.04902556678280236,0.09436500072479248,0.5078125,3,5
14,2057,0.059722608420997865,0.07921755313873291,0.6015625,3,4
14,2058,0.03744457662105561,0.039447784423828125,0.6796875,4,6
14,2059,0.044176956638693816,0.11540102958679199,0.453125,4,5
14,2060,0.05166420387104154,0.11704456806182861,0.4765625,4,6
14,1997,0.06864993611816318,0.10307556390762329,0.56640625,4,7
14,2011,0.06562895490787925,0.09308040142059326,0.58203125,1,3
14,2061,0.06142910197377206,0.09953069686889648,0.546875,1,3
14,2062,0.0577380401082337,0.0775902271270752,0.59765625,4,7
14,2063,0.06614701845683159,0.08773905038833618,0.6015625,1,2
14,2064,0.04533773101866246,0.09835982322692871,0.484375,1,3
14,2065,0.040876626968383796,0.08175325393676758,0.5,2,3
14,2066,0.02214772859588266,0.09775549173355103,0.390625,3,4
14,2067,0.02475760527886451,0.11958390474319458,0.3828125,1,1
14,2068,0.03693515062332153,0.03693515062332153,0.71484375,1,3
14,2069,0.0437257654266432,0.05317717790603638,0.62890625,1,0
14,2070,0.053481378126889474,0.07003188133239746,0.60546875,2,1
14,2071,0.053300476167351014,0.08918249607086182,0.5390625,1,1
14,2072,0.04600260965526105,0.07957208156585693,0.53125,2,3
14,2073,0.05174289224669338,0.08657634258270264,0.5390625,1,1
14,2074,0.06947372714057566,0.0898246169090271,0.609375,1,3
14,2075,0.008941370062530044,0.12716615200042725,0.328125,1,1
14,2076,0.05845433473587036,0.05845433473587036,0.71484375,1,2
14,2077,0.05560770607553423,0.07472741603851318,0.59765625,3,5
14,2078,0.05704862624406815,0.0820474624633789,0.578125,4,6
14,2079,0.05540662072598935,0.07968592643737793,0.578125,2,4
14,2080,0.05449091270565987,0.07420039176940918,0.59375,1,1
14,2081,0.051757271401584155,0.09265637397766113,0.5234375,2,3
14,2082,0.04465176560916007,0.04905945062637329,0.6640625,1,1
14,2083,0.03650161577388645,0.09535115957260132,0.453125,1,3
14,2084,0.035035985521972186,0.09152257442474365,0.453125,1,3
14,2085,0.06352657731622459,0.11372590065002441,0.5234375,1,2
14,2086,0.06453124620020391,0.06661289930343628,0.6875,4,8
14,2087,0.059027590788900866,0.10755205154418945,0.51953125,1,3
14,2088,0.06541534431744368,0.0856589674949646,0.60546875,1,2
14,2089,0.034638075158,0.11368393898010254,0.421875,1,3
14,2090,0.043356331065297134,0.04475492238998413,0.6875,1,2
14,2091,0.03629575087688864,0.03784811496734619,0.68359375,2,3
14,2092,0.05610083579085768,0.0795668363571167,0.58203125,1,1
14,2093,0.053665808402001865,0.0750734806060791,0.5859375,4,7
14,2094,0.06936617754399778,0.09703683853149414,0.5859375,1,2
14,2095,0.042690470465458936,0.1144372820854187,0.44921875,4,7
14,2096,0.0326510884333402,0.11856281757354736,0.41015625,1,2
14,2097,0.04207853483967484,0.10210525989532471,0.46484375,1,1
14,1947,0.08196144551038743,0.11160707473754883,0.59375,1,2
14,1942,0.06301779043860735,0.12362110614776611,0.50390625,1,2
14,2098,0.031048178672790527,0.031048178672790527,0.71484375,1,3
14,2099,0.05063827475532891,0.09933638572692871,0.50390625,1,3
14,2100,0.011693958193063741,0.10691618919372559,0.34375,1,1
14,2101,0.039402879308909185,0.04194235801696777,0.67578125,1,2
14,2102,0.05375037901103498,0.09457111358642578,0.52734375,1,1
14,2103,0.045219360035844154,0.04915565252304077,0.66796875,1,4
14,2104,0.06494764192029835,0.09085571765899658,0.5859375,1,2
14,2105,0.03940046019852162,0.09339368343353271,0.46875,1,1
14,2106,0.04479128867387772,0.055127739906311035,0.625,1,1
14,2107,0.03588801913429052,0.07954400777816772,0.48046875,1,1
14,2108,0.04054189170710743,0.10327088832855225,0.45703125,1,1
14,2109,0.05288849771022798,0.09992218017578125,0.51171875,2,2
14,2110,0.07134665385819973,0.1213604211807251,0.53515625,1,2
14,2111,0.06567961769178511,0.11758029460906982,0.5234375,1,2
14,2112,0.04000286478549243,0.04491549730300903,0.65625,1,1
14,2113,0.049815521575510516,0.0958855152130127,0.5078125,1,1
14,2114,0.06441339850425722,0.11141777038574219,0.53125,1,2
14,2115,0.03579845954664052,0.03732955455780029,0.68359375,1,1
14,2116,0.053626004140824086,0.08422243595123291,0.5546875,1,2
14,2117,0.035953477257862694,0.03749120235443115,0.68359375,1,2
14,2118,0.04439512279350311,0.0983995795249939,0.48046875,2,2
14,2119,0.04851601563859732,0.095173180103302,0.50390625,1,1
14,2120,0.03948671487160028,0.12179034948348999,0.4296875,1,2
14,2121,0.028739092871546752,0.10819423198699951,0.40625,1,1
14,2122,0.04750908818095923,0.07949233055114746,0.5390625,1,1
14,1761,0.06528605916537346,0.11486756801605225,0.52734375,1,3
14,1472,0.06488845800049604,0.10349810123443604,0.55078125,1,2
14,2123,0.055819566827267415,0.07309365272521973,0.60546875,1,2
14,2124,0.035796687589026994,0.037327706813812256,0.68359375,2,3
14,2125,0.03577343001961709,0.10406816005706787,0.4375,1,1
14,2126,0.04759348696097732,0.09905636310577393,0.4921875,1,1
14,2127,0.014497782569378618,0.11246764659881592,0.3515625,2,3
14,2128,0.06629857176449151,0.10255247354507446,0.55859375,1,2
14,2129,0.04047420015558601,0.10059607028961182,0.4609375,1,1
14,2130,0.00736608554143459,0.12165921926498413,0.32421875,1,0
14,2131,0.03643513948190958,0.09766906499862671,0.44921875,2,4
14,2132,0.04981425032019616,0.05358171463012695,0.671875,1,2
14,2133,0.03581537888385356,0.03734719753265381,0.68359375,2,2
14,2134,0.028840343467891223,0.11719250679016113,0.3984375,1,1
14,2135,0.032320613041520126,0.10607790946960449,0.421875,1,0
14,2136,0.0678708190098405,0.07705068588256836,0.65234375,1,3
14,2137,0.06645420845597984,0.10279321670532227,0.55859375,2,4
14,2138,0.036443566437810666,0.03800225257873535,0.68359375,1,1
14,2139,0.022300101816654212,0.10771369934082031,0.3828125,2,3
14,2140,0.05261096509639175,0.09939783811569214,0.51171875,1,2
14,2141,0.04662039270624519,0.10561788082122803,0.4765625,1,1
14,2142,0.04398225015029312,0.09964120388031006,0.4765625,2,3
14,2143,0.03749770973809064,0.039101481437683105,0.68359375,2,3
14,2144,0.057910392992198474,0.07487404346466064,0.609375,2,5
14,2145,0.05972544802352787,0.06492447853088379,0.66796875,2,3
14,2146,0.055759486276656396,0.07493138313293457,0.59765625,1,2
14,2147,0.06448797101620586,0.10285931825637817,0.55078125,1,3
14,2148,0.03348181396722794,0.10988903045654297,0.421875,1,1
14,2149,0.032809473574161536,0.11124801635742188,0.41796875,1,1
14,2150,0.03951393172610552,0.1059221625328064,0.44921875,1,1
14,2151,0.06718803825788201,0.08578622341156006,0.61328125,2,3
14,2152,0.009785890579223633,0.009785890579223633,0.85546875,2,3
15,2136,0.060024566831998534,0.06814318895339966,0.65234375,1,3
15,2151,0.06268716091290118,0.07905375957489014,0.6171875,2,3
15,2153,0.03515218943357468,0.07170486450195312,0.49609375,1,2
15,2154,0.024579395540058616,0.07816553115844727,0.42578125,2,2
15,2155,0.01350260840263218,0.0973709225654602,0.35546875,1,2
15,2156,0.04855817556381226,0.05976390838623047,0.625,1,2
15,2157,0.021490073530003432,0.09093320369720459,0.39453125,2,2
15,2158,0.03907656227238477,0.06044471263885498,0.55859375,2,2
15,2159,0.03907646681182087,0.040747761726379395,0.68359375,2,3
15,2160,0.032150855404324837,0.032856762409210205,0.69140625,1,1
15,2161,0.04272521566599608,0.06144750118255615,0.578125,2,3
15,2162,0.03282048471737654,0.03422421216964722,0.68359375,3,4
15,2163,0.032158437534235425,0.032864511013031006,0.69140625,2,3
15,2164,0.02010735729709268,0.09274744987487793,0.38671875,1,2
15,2165,0.03217645967379213,0.0328829288482666,0.69140625,1,0
15,2166,0.01433381857350469,0.11119568347930908,0.3515625,1,2
15,2167,0.03448996483348311,0.03489893674850464,0.6953125,1,2
15,2168,0.032151846913620837,0.03285777568817139,0.69140625,1,1
15,2169,0.053427999839186675,0.059989333152770996,0.65625,1,3
15,2170,0.05294877826236189,0.06289970874786377,0.63671875,1,3
15,2171,0.03807129617780448,0.09462380409240723,0.4609375,2,4
15,2172,0.0074002742767333984,0.0074002742767333984,0.87890625,3,5
15,2173,0.051695174071937806,0.06683820486068726,0.609375,1,2
15,2174,0.03251420659944416,0.07053929567337036,0.484375,1,2
15,2094,0.05289741163142026,0.08708512783050537,0.54296875,1,2
15,1997,0.04514864087104798,0.09029728174209595,0.5,4,7
15,2175,0.038707921281456954,0.08397650718688965,0.484375,2,3
15,2176,0.04196167539339513,0.08231562376022339,0.50390625,1,1
15,2177,0.04610150784719736,0.04711371660232544,0.69140625,1,2
15,2178,0.03215056378394366,0.03285646438598633,0.69140625,2,2
15,2179,0.04083849047310651,0.04688185453414917,0.6484375,4,6
15,2180,0.05355366133153439,0.07196712493896484,0.59765625,1,2
15,2181,0.055628331028856344,0.09158104658126831,0.54296875,4,6
15,2182,0.03878718381747604,0.08414846658706665,0.484375,1,0
15,2183,0.05943243950605393,0.08092927932739258,0.59375,1,1
15,2184,0.051587710622698076,0.08102118968963623,0.5546875,1,2
15,2185,0.05567713826894761,0.07581567764282227,0.59375,1,1
15,2186,0.053453371860086925,0.08525896072387695,0.55078125,4,8
15,2187,0.05697330133989454,0.08430731296539307,0.5703125,4,6
15,2188,0.0,0.1104590892791748,0.296875,3,4
15,2189,0.041804153705015785,0.08046513795852661,0.5078125,1,1
15,2190,0.03907248680479825,0.04536306858062744,0.64453125,2,3
15,2191,0.016428908333182342,0.0978093147277832,0.3671875,2,3
15,2192,0.050933281425386674,0.1104993224143982,0.484375,2,3
15,2193,0.037646888056769974,0.037720561027526855,0.69921875,5,8
15,2194,0.04777162335813046,0.0727948546409607,0.5625,2,2
15,2195,0.01921082893386484,0.10808730125427246,0.37109375,4,8
15,2196,0.045496706734411425,0.056677162647247314,0.62109375,4,7
15,2197,0.025751507026143376,0.0935090184211731,0.41015625,4,6
15,2198,0.0406826469115913,0.08298611640930176,0.49609375,1,1
15,2199,0.04999817488715053,0.053220510482788086,0.67578125,2,3
15,2200,0.044001811766065664,0.07018357515335083,0.55078125,2,2
15,2201,0.045307926833629615,0.0557636022567749,0.625,5,9
15,2202,0.03215709608048201,0.03286314010620117,0.69140625,1,0
15,2203,0.03449832799378783,0.07037109136581421,0.49609375,1,2
15,1894,0.07332031242549421,0.10544943809509277,0.578125,3,4
15,2044,0.054622443392872824,0.09448206424713135,0.53125,4,4
15,2204,0.05826989701017739,0.09749734401702881,0.5390625,3,4
15,2205,0.03126076282933355,0.09641873836517334,0.4296875,4,2
15,2206,0.03956355433911086,0.04491472244262695,0.65234375,4,3
15,2207,0.04712831415235997,0.0815192461013794,0.53125,3,5
15,2208,0.047177805798128254,0.0859609842300415,0.51953125,4,4
15,2209,0.044943144544959075,0.0881643295288086,0.50390625,4,4
15,2210,0.04142262879759074,0.089866042137146,0.484375,4,6
15,2211,0.04979731142520905,0.06203460693359375,0.62109375,4,4
15,2212,0.06411468610167505,0.09769856929779053,0.5625,3,5
15,2213,0.02803975157439709,0.09202790260314941,0.421875,3,4
15,2214,0.04083435283973814,0.060425400733947754,0.5703125,4,4
15,2215,0.03931240271776915,0.05282926559448242,0.59765625,5,6
15,2216,0.03987719048745931,0.08471834659576416,0.48828125,4,7
15,2217,0.023218766553327448,0.10709917545318604,0.38671875,4,4
15,2218,0.04152325890026987,0.08145558834075928,0.50390625,4,7
15,2219,0.054344044532626874,0.0853501558303833,0.5546875,4,6
15,2220,0.04243784863501788,0.09206855297088623,0.484375,4,4
15,2221,0.05518707493320108,0.0923391580581665,0.5390625,3,4
15,2222,0.004844186827540401,0.11810588836669922,0.31640625,3,3
15,2223,0.006910331547260289,0.11413192749023438,0.32421875,4,4
15,2224,0.07423149701207878,0.10675990581512451,0.578125,3,3
15,2015,0.0532163791358471,0.08761024475097656,0.54296875,2,3
15,2019,0.05503804050385953,0.08386749029159546,0.5625,2,3
15,2225,0.048143095336854465,0.07800400257110596,0.546875,1,3
15,2226,0.04077356262132526,0.05703842639923096,0.5859375,1,0
15,2227,0.05403144727461041,0.07881510257720947,0.57421875,2,4
15,2228,0.005920786876231436,0.11659395694732666,0.3203125,2,3
15,2229,0.04466265672817827,0.09295642375946045,0.4921875,2,3
15,2230,0.05650587938725949,0.07593441009521484,0.59765625,2,4
15,2231,0.03942776564508677,0.04738736152648926,0.6328125,1,1
15,2232,0.05207921983674169,0.08438152074813843,0.546875,2,4
15,2233,0.049331272486597307,0.0774773359298706,0.5546875,1,3
15,2234,0.03588331094942988,0.03780299425125122,0.6796875,1,2
15,2235,0.038818837143480785,0.08604001998901367,0.48046875,1,1
15,2236,0.039498377125710256,0.08391356468200684,0.48828125,1,1
15,2237,0.03342658560723067,0.06957077980041504,0.4921875,1,2
15,2238,0.04267989564687014,0.06915223598480225,0.546875,2,2
15,2239,0.03949854546226562,0.08391392230987549,0.48828125,2,2
15,2240,0.048863870091736324,0.06653803586959839,0.59375,2,4
15,2241,0.055856710765510804,0.07506203651428223,0.59765625,1,2
15,2242,0.05500314594246448,0.07694429159164429,0.5859375,2,3
15,2243,0.04191570379771293,0.08222544193267822,0.50390625,1,1
15,2244,0.012906379066407684,0.10012221336364746,0.3515625,2,3
15,2245,0.054721232270821936,0.07551825046539307,0.58984375,1,2
15,2246,0.05245993053540588,0.0811464786529541,0.55859375,1,2
15,2247,0.046761564561165876,0.07954126596450806,0.53515625,2,3
15,2248,0.044744545826688416,0.06526839733123779,0.57421875,2,3
15,2249,0.04584422591142357,0.0779808759689331,0.53515625,2,2
15,2250,0.03946027695201338,0.08383262157440186,0.48828125,2,2
15,2251,0.04086129949428142,0.0833505392074585,0.49609375,2,2
15,2252,0.0379112083464861,0.07890462875366211,0.4921875,1,3
15,2253,0.0551987523213029,0.07516425848007202,0.59375,2,4
15,2254,0.0420424840413034,0.07943081855773926,0.51171875,3,5
15,2255,0.049817353952676065,0.07824075222015381,0.5546875,1,2
15,2256,0.04557372489944101,0.0801846981048584,0.52734375,2,3
15,2257,0.03519028890877963,0.03707289695739746,0.6796875,2,4
15,1947,0.06003388110548259,0.1004488468170166,0.5390625,1,2
15,2110,0.05705142382066698,0.10778719186782837,0.51171875,1,2
15,2258,0.018313661683350805,0.09283757209777832,0.37890625,2,4
15,2259,0.05334139557089657,0.08781605958938599,0.54296875,1,2
15,2260,0.041142798028886325,0.042902469635009766,0.68359375,1,2
15,2261,0.030194817343726758,0.0809410810470581,0.44921875,1,3
15,2262,0.04199543036520482,0.06399303674697876,0.5625,1,2
15,2263,0.051885280525311835,0.08275783061981201,0.55078125,1,3
15,2264,0.013403992867097262,0.09665977954864502,0.35546875,1,2
15,2265,0.05205024266615511,0.08051276206970215,0.55859375,2,4
15,2266,0.037521797348745174,0.07971435785293579,0.48828125,1,1
15,2267,0.0367308845743537,0.08912897109985352,0.46484375,1,2
15,2268,0.011957764625549316,0.011957764625549316,0.86328125,1,2
15,2269,0.04638564959168435,0.04788196086883545,0.6875,2,3
15,2270,0.03827649354934693,0.042510986328125,0.66015625,1,1
15,2271,0.012698135571554307,0.09850674867630005,0.3515625,2,3
15,2272,0.03091532224789262,0.08075839281082153,0.453125,2,3
15,2273,0.04781134799122811,0.11333060264587402,0.46875,1,3
15,2274,0.03654735605232418,0.039728760719299316,0.66796875,1,1
15,2275,0.013516240054741507,0.11344778537750244,0.34765625,2,3
15,2276,0.05425465945154429,0.12860363721847534,0.46875,1,2
15,2277,0.03666050976607949,0.08895820379257202,0.46484375,1,3
15,2278,0.05976120126433671,0.0897294282913208,0.56640625,2,3
15,2279,0.022621631622314453,0.022621631622314453,0.78515625,1,2
15,2280,0.04792143101803959,0.08731591701507568,0.51953125,1,2
15,2281,0.045200681313872344,0.04811382293701172,0.67578125,1,2
15,2282,0.05219055293127895,0.0918266773223877,0.52734375,2,4
15,2283,0.030184034258127216,0.08538246154785156,0.44140625,1,2
15,2284,0.04043241729959846,0.05814999341964722,0.578125,1,1
15,2285,0.04897545976564289,0.06496226787567139,0.6015625,1,2
15,2286,0.043159233639016754,0.051270365715026855,0.63671875,1,1
15,2287,0.04629450151696802,0.055640339851379395,0.6328125,1,2
15,2288,0.05089527764357627,0.0927344560623169,0.51953125,1,2
15,2289,0.06362007814459504,0.10473787784576416,0.54296875,1,2
15,2290,0.018193909432739026,0.10236573219299316,0.37109375,2,3
15,2291,0.0573853012174368,0.09297871589660645,0.546875,1,1
15,2292,0.044367026886902756,0.10278695821762085,0.47265625,1,2
16,2230,0.072815396822989,0.08550798892974854,0.640625,2,4
16,2241,0.07206079130992295,0.0846218466758728,0.640625,1,2
16,2293,0.058937972411513335,0.0762026309967041,0.609375,3,3
16,2294,0.03976505994796753,0.03976505994796753,0.73046875,2,2
16,2295,0.051638375734910376,0.09244352579116821,0.5234375,2,2
16,2296,0.07320161745883526,0.08695876598358154,0.63671875,2,3
16,2297,0.055436901748180396,0.08447527885437012,0.5625,3,4
16,2298,0.053378736600279815,0.059934020042419434,0.65625,1,1
16,2299,0.061869518831372275,0.10024428367614746,0.546875,1,2
16,2300,0.0579043054021895,0.0768057107925415,0.6015625,1,2
16,2301,0.0673804134130478,0.0917520523071289,0.59375,2,3
16,2302,0.07241121819242836,0.0850333571434021,0.640625,1,1
16,2303,0.06875011697411539,0.08461552858352661,0.625,1,1
16,2304,0.07246679719537498,0.08509862422943115,0.640625,2,3
16,2305,0.07141358102671803,0.08483469486236572,0.63671875,1,1
16,2306,0.05162219447083772,0.09241455793380737,0.5234375,3,5
16,2307,0.06353520415723325,0.08651602268218994,0.59375,2,2
16,2308,0.061586732743307955,0.08734738826751709,0.58203125,2,2
16,2309,0.041047871112823486,0.041047871112823486,0.7421875,1,1
16,2310,0.04792280611582101,0.048491060733795166,0.6953125,1,0
16,2311,0.05213333410210908,0.06193101406097412,0.63671875,2,2
16,2312,0.06067005603108556,0.08849877119064331,0.57421875,3,5
16,2313,0.05227272491902114,0.0550692081451416,0.6796875,3,5
16,2314,0.07001958042383195,0.08617794513702393,0.625,2,3
16,2315,0.05342966283205897,0.05934053659439087,0.66015625,1,0
16,2316,0.05718279245775194,0.09120744466781616,0.55078125,1,2
16,2317,0.07250943314284088,0.08514869213104248,0.640625,1,1
16,2318,0.04876163601875306,0.07900619506835938,0.546875,1,1
16,2319,0.05584217002615333,0.06633687019348145,0.63671875,1,1
16,2320,0.05819699750281871,0.0803149938583374,0.58984375,3,4
16,2321,0.07080807350575925,0.0892949104309082,0.6171875,1,2
16,2322,0.012791454792022705,0.012791454792022705,0.890625,3,4
16,2323,0.059961531544104225,0.08872920274734497,0.5703125,1,1
16,2324,0.07044422370381655,0.08466535806655884,0.6328125,2,4
16,2325,0.06392643926665188,0.08061659336090088,0.6171875,2,3
16,2326,0.048118848586454994,0.08051258325576782,0.5390625,1,1
16,2327,0.052376416511833675,0.0822598934173584,0.5546875,2,4
16,2328,0.06300650804769249,0.06438988447189331,0.69140625,2,4
16,2329,0.05523292184807361,0.09241586923599243,0.5390625,1,2
16,2183,0.0644302961882204,0.08658349514007568,0.59765625,1,1
16,2187,0.07515021297149362,0.09595239162445068,0.61328125,4,6
16,2330,0.029809416155330844,0.10824412107467651,0.41015625,4,5
16,2331,0.03930673375725747,0.11434686183929443,0.4375,3,4
16,2332,0.0592066685203463,0.09747207164764404,0.54296875,4,5
16,2333,0.05743253231048584,0.05743253231048584,0.70703125,5,8
16,2334,0.05207934975624086,0.10415869951248169,0.5,3,3
16,2335,0.0339773849118501,0.12337887287139893,0.41015625,1,2
16,2336,0.06087165605276824,0.08754575252532959,0.578125,4,6
16,2337,0.07538035779725762,0.10691064596176147,0.58203125,4,6
16,2338,0.03601044416427612,0.03601044416427612,0.74609375,3,5
16,2339,0.06596269074361773,0.08864277601242065,0.59765625,1,1
16,2340,0.038422584533691406,0.038422584533691406,0.74609375,3,5
16,2341,0.04627002822235227,0.08430695533752441,0.51953125,1,1
16,2342,0.06678968318738045,0.08320271968841553,0.62109375,1,1
16,2343,0.02624687994830311,0.10665398836135864,0.3984375,4,6
16,2344,0.05849528196267784,0.09186989068984985,0.5546875,1,1
16,2345,0.06557062268257143,0.08070230484008789,0.625,3,5
16,2346,0.049667472951114185,0.06948018074035645,0.5859375,3,4
16,2347,0.0389419049024582,0.11328554153442383,0.4375,1,3
16,2348,0.042402098537422724,0.09008246660232544,0.48828125,4,5
16,2349,0.058496306650340564,0.09187150001525879,0.5546875,4,6
16,2350,0.0628698563668877,0.0655587911605835,0.68359375,4,6
16,2351,0.07460357516538353,0.09293681383132935,0.62109375,4,7
16,2352,0.06858099391683938,0.09096753597259521,0.6015625,4,6
16,2151,0.07052352279424669,0.08476066589355469,0.6328125,2,3
16,2136,0.06975140050053598,0.08007335662841797,0.6484375,1,3
16,2353,0.06567546247970314,0.07624906301498413,0.64453125,2,3
16,2354,0.07615354866720737,0.08278262615203857,0.66796875,1,4
16,2355,0.07261263835243882,0.10020935535430908,0.58984375,2,3
16,2356,0.07608739100396635,0.08543145656585693,0.65625,1,3
16,2357,0.05232174193952233,0.05242413282394409,0.69921875,2,3
16,2358,0.0524714852217585,0.10099774599075317,0.5078125,2,2
16,2359,0.03840482234954834,0.03840482234954834,0.73046875,1,2
16,2360,0.07289241743274034,0.07375675439834595,0.6953125,1,3
16,2361,0.06708206178154798,0.07615524530410767,0.65234375,1,1
16,2362,0.0623040683567524,0.0848395824432373,0.59375,3,4
16,2363,0.035996079444885254,0.035996079444885254,0.74609375,2,3
16,2364,0.037715911865234375,0.037715911865234375,0.7421875,2,3
16,2365,0.07343084271997215,0.07357454299926758,0.69921875,1,2
16,2366,0.07605129084549846,0.08355849981307983,0.6640625,1,3
16,2367,0.06575221451930703,0.07633817195892334,0.64453125,1,2
16,2368,0.05986317363567651,0.06372129917144775,0.67578125,2,4
16,2369,0.06577470107004048,0.07636427879333496,0.64453125,2,3
16,2370,0.055041576270014055,0.05739569664001465,0.68359375,2,2
16,2371,0.035992443561553955,0.035992443561553955,0.74609375,3,3
16,2372,0.06576920778024943,0.076357901096344,0.64453125,1,2
16,2373,0.015418648719787598,0.015418648719787598,0.83984375,1,3
16,2374,0.06657877285033466,0.07014060020446777,0.6796875,1,2
16,2375,0.06859047431498767,0.11113393306732178,0.546875,2,3
16,2376,0.03719520568847656,0.03719520568847656,0.73828125,1,2
16,2377,0.04880718560889364,0.06391119956970215,0.60546875,1,3
16,2378,0.007708311080932617,0.007708311080932617,0.91015625,2,3
16,2379,0.026873069815337665,0.11861217021942139,0.390625,1,3
16,2289,0.08273995178751649,0.12069189548492432,0.57421875,1,2
16,1947,0.061171870445832624,0.10951048135757446,0.5234375,1,2
16,2380,0.05692443065345288,0.09223198890686035,0.546875,1,2
16,2381,0.06541540869511665,0.08352291584014893,0.61328125,2,2
16,2382,0.051776024047285325,0.07773995399475098,0.56640625,1,1
16,2383,0.06859028711915018,0.10451853275299072,0.5625,2,3
16,2384,0.04099154472351074,0.04099154472351074,0.73828125,1,0
16,2385,0.030931748449802406,0.10151958465576172,0.421875,1,2
16,2386,0.047450025333091624,0.08494549989700317,0.5234375,1,1
16,2387,0.05251109378878028,0.08932119607925415,0.53515625,1,1
16,2388,0.04194192960858346,0.1293630599975586,0.4296875,1,2
16,2389,0.05760996113531292,0.09188878536224365,0.55078125,1,1
16,2390,0.03332323674112559,0.09977483749389648,0.43359375,1,3
16,2391,0.015802244888618595,0.132635235786438,0.34765625,1,2
16,2392,0.0359957218170166,0.0359957218170166,0.74609375,1,1
16,2393,0.04825417860411108,0.10251510143280029,0.48828125,3,4
16,2394,0.06284500588662924,0.09167134761810303,0.57421875,1,1
16,2395,0.025285449810326106,0.11663198471069336,0.38671875,1,1
16,2396,0.06489220121875407,0.0872042179107666,0.59765625,3,4
16,2397,0.036090314388275146,0.036090314388275146,0.74609375,2,3
16,2398,0.06704253202769907,0.09779423475265503,0.57421875,1,1
16,2399,0.02727203723043204,0.12037312984466553,0.390625,1,1
16,2400,0.02729898691177368,0.02729898691177368,0.78125,1,1
16,2401,0.07788473216351123,0.1282218098640442,0.54296875,2,3
16,2402,0.06293025286868216,0.06989216804504395,0.66015625,1,2
16,2403,0.013958474621176725,0.12762033939361572,0.34375,1,0
16,2404,0.06735912815202029,0.10113745927810669,0.56640625,1,1
16,2224,0.0736472448334098,0.10898089408874512,0.5703125,3,3
16,1894,0.0708245672285557,0.10792315006256104,0.5625,3,4
16,2405,0.04956436227075756,0.08293122053146362,0.5390625,3,4
16,2406,0.053615344688296325,0.08687043190002441,0.546875,3,4
16,2407,0.04275868041440845,0.043265700340270996,0.6953125,3,5
16,2408,0.06643640599213542,0.10276567935943604,0.55859375,3,5
16,2409,0.05831465567462147,0.08629220724105835,0.5703125,4,5
16,2410,0.006812566425651316,0.13415515422821045,0.3203125,3,3
16,2411,0.0577383041381836,0.087982177734375,0.5625,3,5
16,2412,0.04631276475265623,0.11237978935241699,0.46484375,3,5
16,2413,0.07173960236832501,0.1031760573387146,0.578125,3,5
16,2414,0.044319113250821836,0.09224140644073486,0.4921875,3,3
16,2415,0.04972414020448924,0.08600932359695435,0.53125,3,3
16,2416,0.06366082280874254,0.06920242309570312,0.66796875,3,5
16,2417,0.051724753808230176,0.09595316648483276,0.515625,3,5
16,2418,0.057227611541748054,0.0872039794921875,0.5625,2,2
16,2419,0.06017848756164314,0.09907197952270508,0.54296875,3,4
16,2420,0.06426814128644766,0.08869349956512451,0.58984375,3,4
16,2421,0.01765336282551289,0.1273031234741211,0.35546875,2,2
16,2422,0.018057772889733318,0.12165236473083496,0.359375,4,5
16,2423,0.0619845858309418,0.09306776523590088,0.56640625,3,4
16,2424,0.0537082669325173,0.06857514381408691,0.61328125,3,4
16,2425,0.04913084395229818,0.09637928009033203,0.50390625,3,5
16,2426,0.057346205925568945,0.08870470523834229,0.55859375,3,3
16,2427,0.06974015408195557,0.103199303150177,0.5703125,3,5
16,2428,0.05252176523208618,0.05252176523208618,0.71484375,2,1
16,2429,0.0647636540234089,0.08590412139892578,0.6015625,4,6
16,2430,0.034389817155897624,0.12487649917602539,0.41015625,3,4
16,2431,0.06291113793849946,0.08922576904296875,0.58203125,2,2
16,2432,0.0740083120763302,0.10951519012451172,0.5703125,3,5
17,2361,0.04742668848484755,0.07336091995239258,0.55859375,1,1
17,2374,0.0523129664361477,0.06763696670532227,0.609375,1,2
17,2433,0.032654762268066406,0.032654762268066406,0.73046875,2,4
17,2434,0.04735817597247661,0.07325494289398193,0.55859375,1,2
17,2435,0.04446523706428707,0.06878006458282471,0.55859375,2,3
17,2436,0.047511539189144976,0.07349216938018799,0.55859375,1,1
17,2437,0.022219112841412432,0.10248816013336182,0.38671875,1,1
17,2438,0.040836105588823564,0.0490800142288208,0.6328125,1,1
17,2439,0.04766358248889447,0.06854987144470215,0.578125,1,2
17,2440,0.047345146536827094,0.07214498519897461,0.5625,1,1
17,2441,0.036207819823175676,0.0370028018951416,0.69140625,2,2
17,2442,0.04720870463643224,0.0730237364768982,0.55859375,1,1
17,2443,0.04730454785749317,0.06274592876434326,0.6015625,1,3
17,2444,0.043192486278712756,0.05881530046463013,0.59375,2,2
17,2445,0.0,0.12601983547210693,0.265625,1,0
17,2446,0.04745543445460499,0.07340538501739502,0.55859375,1,1
17,2447,0.03983816306572408,0.04424542188644409,0.66015625,1,1
17,2448,0.035975165665149696,0.03640174865722656,0.6953125,1,0
17,2296,0.0607704354915768,0.08386647701263428,0.58984375,2,3
17,2230,0.06352570652961732,0.08213424682617188,0.609375,2,4
17,2449,0.0385331102879718,0.08540672063827515,0.48046875,2,3
17,2450,0.0,0.1302945613861084,0.2578125,1,0
17,2451,0.04489079117774964,0.07511138916015625,0.5390625,2,2
17,2452,0.04617327032610775,0.08265984058380127,0.5234375,2,3
17,2453,0.032059805351309485,0.085940420627594,0.44921875,1,2
17,2454,0.03516519721597434,0.03782474994659424,0.671875,2,3
17,2455,0.043564947322011,0.04891502857208252,0.65625,2,3
17,2456,0.04067221144214273,0.05849486589431763,0.578125,1,0
17,2457,0.05652874382212759,0.08017373085021973,0.58203125,1,2
17,2458,0.03911102539859713,0.06652772426605225,0.53515625,2,3
17,2459,0.041019008494913585,0.06977319717407227,0.53515625,1,1
17,2460,0.040655215154401965,0.056106388568878174,0.58984375,1,1
17,2461,0.040344954468309886,0.05970120429992676,0.5703125,3,4
17,2462,0.053646655520424254,0.08054864406585693,0.56640625,2,4
17,2463,0.057513999752700336,0.08157110214233398,0.58203125,1,1
17,2464,0.043063261779025204,0.08447659015655518,0.50390625,1,1
17,2465,0.03648117510601879,0.09067165851593018,0.4609375,1,2
17,2466,0.04405557224527002,0.07371389865875244,0.5390625,2,3
17,2467,0.04022820026148111,0.08546406030654907,0.48828125,2,4
17,2468,0.043853298295289285,0.07105344533920288,0.546875,2,2
17,2469,0.05029845982789994,0.0814962387084961,0.546875,3,5
17,2470,0.04955592134501786,0.09029406309127808,0.51953125,1,2
17,2471,0.04059721087105573,0.08449500799179077,0.4921875,2,3
17,2472,0.03511020063888282,0.08519631624221802,0.46484375,2,2
17,2473,0.04625883791595698,0.08281302452087402,0.5234375,2,3
17,2474,0.04108620970509947,0.04284346103668213,0.68359375,1,0
17,2475,0.03838400915265084,0.05848991870880127,0.5625,1,2
17,2476,0.042481597745791085,0.044298529624938965,0.68359375,2,2
17,2477,0.04057032987475396,0.08801698684692383,0.484375,1,2
17,2187,0.0510125526925549,0.09294813871383667,0.51953125,4,6
17,2351,0.059793122112751014,0.08847999572753906,0.5703125,4,7
17,2478,0.01269073644652963,0.09844934940338135,0.3515625,4,6
17,2479,0.05753230769187213,0.09176492691040039,0.55078125,4,3
17,2480,0.01793256308883429,0.09090566635131836,0.37890625,2,4
17,2481,0.03533479827456177,0.0999525785446167,0.44140625,3,4
17,2482,0.002414751448668543,0.11239570379257202,0.30859375,4,6
17,2483,0.04020267259329558,0.08721935749053955,0.484375,2,4
17,2484,0.047716597327962525,0.07855594158172607,0.54296875,4,6
17,2485,0.04248580627609045,0.08334380388259888,0.50390625,5,8
17,2486,0.04812130331993104,0.0981597900390625,0.49609375,3,5
17,2487,0.046822921489365406,0.05832928419113159,0.62109375,4,6
17,2488,0.006005525588989258,0.006005525588989258,0.87109375,5,6
17,2489,0.047241787426173694,0.08171552419662476,0.53125,5,7
17,2490,0.03439942782279105,0.09730666875839233,0.44140625,3,5
17,2491,0.011057935073040431,0.11101299524307251,0.33984375,4,5
17,2492,0.025314613245427612,0.08583498001098633,0.41796875,3,5
17,2493,0.033459421712905175,0.09464764595031738,0.44140625,4,7
17,2494,0.04279297776520253,0.09283900260925293,0.484375,5,8
17,2495,0.06437328830361368,0.11134839057922363,0.53125,3,4
17,2496,0.004411084810271862,0.10754644870758057,0.31640625,4,6
17,2497,0.049656512914225466,0.0904773473739624,0.51953125,5,7
17,2498,0.03347221552394331,0.08972656726837158,0.44921875,3,4
17,2499,0.056033247150480754,0.07432389259338379,0.6015625,4,7
17,2500,0.020841455785557635,0.10565173625946045,0.37890625,4,6
17,2501,0.04067737341392786,0.053265511989593506,0.60546875,3,5
17,2502,0.050047584343701615,0.09633219242095947,0.5078125,3,3
17,2503,0.04997029318474234,0.09104907512664795,0.51953125,3,4
17,2504,0.035975165665149696,0.03640174865722656,0.6953125,4,6
17,2505,0.04387657251209021,0.04622387886047363,0.6796875,4,5
17,2337,0.07238290226086976,0.10868048667907715,0.56640625,4,6
17,2314,0.05923731671646238,0.08286750316619873,0.5859375,2,3
17,2506,0.00023599551059306004,0.12082970142364502,0.30078125,4,5
17,2507,0.03352784644812346,0.08333134651184082,0.4609375,2,3
17,2508,0.04345379071310163,0.06930947303771973,0.55078125,4,6
17,2509,0.03328799665905536,0.08077466487884521,0.46484375,1,1
17,2510,0.048894003499299295,0.09973597526550293,0.49609375,5,7
17,2511,0.009438875596970325,0.10505878925323486,0.3359375,4,6
17,2512,0.057043238542974,0.0820397138595581,0.578125,4,5
17,2513,0.04400275473017246,0.09348303079605103,0.48828125,2,3
17,2514,0.04205744806677104,0.0488286018371582,0.64453125,1,0
17,2515,0.04063913715071977,0.046135783195495605,0.65234375,1,1
17,2516,0.024837957462295897,0.10092884302139282,0.3984375,1,1
17,2517,0.01290126191452146,0.10008251667022705,0.3515625,4,5
17,2518,0.05206746887415648,0.06648015975952148,0.61328125,3,4
17,2519,0.0361044112360105,0.036897122859954834,0.69140625,4,5
17,2520,0.0,0.1302945613861084,0.2578125,2,2
17,2521,0.00935991457663477,0.10417991876602173,0.3359375,1,2
17,2522,0.054281341144815094,0.08150160312652588,0.56640625,2,4
17,2523,0.040555168874561794,0.0701494812965393,0.53125,1,0
17,2524,0.054073780775070204,0.10814756155014038,0.5,3,4
17,2525,0.03686085296794773,0.05972391366958618,0.546875,1,2
17,2526,0.03647683444432915,0.09066087007522583,0.4609375,5,6
17,2527,0.03856118023395539,0.08025741577148438,0.4921875,4,6
17,2366,0.053240172564983375,0.08112788200378418,0.5625,1,3
17,2365,0.06178215332329274,0.06936943531036377,0.65625,1,2
17,2528,0.04125953512266279,0.05472767353057861,0.6015625,1,2
17,2529,0.02262292709201575,0.09985291957855225,0.390625,1,1
17,2530,0.05471032205969096,0.06575512886047363,0.6328125,1,2
17,2531,0.046860069851391024,0.09558707475662231,0.49609375,2,3
17,2532,0.04081321705598385,0.054846107959747314,0.59765625,2,2
17,2533,0.04122185264714063,0.05539524555206299,0.59765625,2,3
17,2534,0.03608072549104691,0.03650856018066406,0.6953125,1,0
17,2535,0.06163657363504172,0.08622384071350098,0.5859375,1,2
17,2536,0.038525036303326494,0.05044710636138916,0.60546875,1,1
17,2537,0.056890734937042005,0.08934986591339111,0.5546875,1,3
17,2538,0.05150251183658839,0.07512617111206055,0.57421875,1,2
17,2539,0.04103430267423392,0.05305445194244385,0.609375,1,1
17,2540,0.04365491028875113,0.057904958724975586,0.6015625,3,3
17,2541,0.043396859429776675,0.056109070777893066,0.609375,1,1
17,2542,0.03967550210654736,0.11223125457763672,0.44140625,2,4
17,2543,0.04878038237802685,0.08297526836395264,0.53515625,1,3
17,2544,0.03634173190221191,0.0371396541595459,0.69140625,2,2
17,2545,0.03594069555401803,0.03672981262207031,0.69140625,1,2
17,2546,0.011986498953774575,0.1006079912185669,0.34765625,1,2
17,2289,0.06388090038672091,0.11436021327972412,0.5234375,1,2
17,2401,0.05795566434971989,0.12062317132949829,0.4921875,2,3
17,2547,0.053938020486384644,0.10580945014953613,0.50390625,1,1
17,2548,0.05691003589890898,0.07266318798065186,0.61328125,1,3
17,2549,0.03149302513338626,0.09429490566253662,0.43359375,1,1
17,2550,0.01739178970456124,0.09785270690917969,0.37109375,1,1
17,2551,0.0543824015185237,0.07405263185501099,0.59375,1,4
17,2552,0.0,0.12946826219558716,0.2578125,1,1
17,2553,0.035975165665149696,0.03640174865722656,0.6953125,1,1
17,2554,0.0498102370183915,0.07944810390472412,0.55078125,1,3
17,2555,0.049929158762097366,0.07608252763748169,0.5625,1,4
17,2556,0.0488289607455954,0.06234520673751831,0.61328125,3,4
17,2557,0.036740592215210206,0.03717625141143799,0.6953125,1,1
17,2558,0.05591156193986536,0.06719887256622314,0.6328125,1,3
17,2559,0.036535334540531046,0.04443252086639404,0.62890625,3,4
17,2560,0.035975165665149696,0.03640174865722656,0.6953125,1,1
17,2561,0.046615318860858686,0.07321178913116455,0.5546875,2,4
17,2562,0.04007285833358765,0.08014571666717529,0.5,1,0
17,2563,0.035977168474346406,0.036403775215148926,0.6953125,1,1
17,2564,0.043392338324338205,0.09218621253967285,0.48828125,1,1
17,2565,0.04336176160722972,0.043875932693481445,0.6953125,1,1
17,2566,0.0,0.12524473667144775,0.27734375,1,2
17,2567,0.04648601403459907,0.07531911134719849,0.546875,3,5
17,2568,0.05164750968106092,0.07225006818771362,0.5859375,1,4
17,2569,0.06416621268726887,0.08855283260345459,0.58984375,1,4
17,2570,0.040271879639476545,0.09772133827209473,0.46484375,1,2
18,2547,0.04791452223435045,0.10854971408843994,0.4765625,1,1
18,2518,0.04943001503124834,0.06821608543395996,0.58984375,3,4
18,2571,0.05067440553102643,0.07187062501907349,0.58203125,2,2
18,2572,0.011384711600840097,0.11429357528686523,0.33984375,1,0
18,2573,0.052388092502951636,0.10083723068237305,0.5078125,3,3
18,2574,0.0369346495717764,0.10744625329971313,0.4375,3,5
18,2575,0.040433264337480075,0.06350255012512207,0.5546875,1,1
18,2576,0.05072248599026353,0.06816250085830688,0.59765625,1,1
18,2577,0.03153203986585141,0.03254920244216919,0.6875,3,3
18,2578,0.055239140987396254,0.11047828197479248,0.5,1,1
18,2579,0.03470105212181807,0.037325501441955566,0.671875,3,3
18,2580,0.033517906093038626,0.08537894487380981,0.45703125,2,3
18,2581,0.049405807396397,0.08692705631256104,0.52734375,4,5
18,2582,0.0516329100355506,0.08500337600708008,0.54296875,3,4
18,2583,0.04900496872141958,0.12482857704162598,0.45703125,3,2
18,2584,0.03235532762482763,0.09979474544525146,0.4296875,3,3
18,2585,0.004828159231692556,0.11771512031555176,0.31640625,1,0
18,2586,0.03715920355170966,0.0372319221496582,0.69921875,3,2
18,2587,0.04161685705184937,0.08323371410369873,0.5,3,4
18,2548,0.056521201506257064,0.07307791709899902,0.609375,1,3
18,2537,0.04920863639563323,0.0912855863571167,0.515625,1,3
18,2588,0.061624945607036366,0.10482382774353027,0.53515625,1,2
18,2589,0.049322977662086494,0.06995391845703125,0.58203125,1,2
18,2590,0.05379727296531201,0.07737135887145996,0.578125,1,4
18,2591,0.05184593156445772,0.07784491777420044,0.56640625,1,3
18,2592,0.053460352588444955,0.07478606700897217,0.5859375,1,3
18,2593,0.02340531349182129,0.02340531349182129,0.78125,2,4
18,2594,0.033029139041900635,0.033029139041900635,0.72265625,1,2
18,2595,0.04855668253730983,0.07510882616043091,0.55859375,2,6
18,2596,0.04747292213141919,0.0646439790725708,0.59375,1,2
18,2597,0.05553766246885062,0.07091093063354492,0.61328125,1,3
18,2598,0.05070222215726972,0.06997179985046387,0.58984375,1,2
18,2599,0.05725886346772314,0.0899280309677124,0.5546875,1,2
18,2600,0.049436126952059574,0.07422667741775513,0.56640625,1,4
18,2601,0.04335696680936963,0.06915503740310669,0.55078125,1,3
18,2602,0.04751410020980985,0.06066638231277466,0.61328125,1,2
18,2603,0.05126261897385122,0.09509587287902832,0.515625,1,2
18,2604,0.05313143134117127,0.0809621810913086,0.5625,1,2
18,2605,0.055840325541794314,0.09658867120742798,0.53125,1,3
18,2606,0.04897027532570065,0.07352721691131592,0.56640625,1,2
18,2607,0.056998632848262794,0.0701521635055542,0.625,1,3
18,2608,0.032921433448791504,0.032921433448791504,0.73046875,1,2
18,2609,0.048543465556576855,0.07508838176727295,0.55859375,1,1
18,2610,0.05339949217159302,0.08259981870651245,0.55859375,1,2
18,2611,0.05004242877475918,0.07513701915740967,0.56640625,1,2
18,2612,0.04532151436433197,0.08562588691711426,0.51171875,1,2
18,2613,0.025337815284729004,0.025337815284729004,0.78125,2,3
18,2535,0.048828681232407696,0.08591163158416748,0.52734375,1,2
18,2401,0.06979161361232401,0.12279486656188965,0.52734375,2,3
18,2614,0.05591046810150147,0.07513427734375,0.59765625,1,2
18,2615,0.020631800754927106,0.09516650438308716,0.38671875,2,2
18,2616,0.00793656008318067,0.11287552118301392,0.328125,2,2
18,2617,0.05836206022650004,0.08513212203979492,0.57421875,1,2
18,2618,0.034812547266483314,0.039087772369384766,0.65625,1,2
18,2619,0.04855995788238943,0.07511389255523682,0.55859375,1,2
18,2620,0.04855668253730983,0.07510882616043091,0.55859375,1,1
18,2621,0.034558694344013936,0.03717237710952759,0.671875,1,1
18,2622,0.053734749555587775,0.08188152313232422,0.5625,1,2
18,2623,0.043745540548115976,0.05728316307067871,0.60546875,1,1
18,2624,0.04136334266513587,0.057863473892211914,0.5859375,3,3
18,2625,0.029133185511454947,0.10578858852386475,0.41015625,2,3
18,2626,0.04787347675301135,0.0904473066329956,0.51171875,1,2
18,2627,0.05002698639873416,0.07511383295059204,0.56640625,1,1
18,2628,0.023394552990794185,0.08807361125946045,0.40625,2,4
18,2629,0.03796136076562107,0.08413946628570557,0.48046875,1,2
18,2630,0.038701147772371776,0.09618926048278809,0.4609375,1,2
18,2631,0.056981266941875226,0.09232407808303833,0.546875,1,2
18,2289,0.06452914979308845,0.11552071571350098,0.5234375,1,2
18,2365,0.05856136162765325,0.07038360834121704,0.6328125,1,2
18,2632,0.038129555527120836,0.03976035118103027,0.68359375,1,3
18,2633,0.04855668253730983,0.07510882616043091,0.55859375,1,1
18,2634,0.0341912410221994,0.03639483451843262,0.67578125,1,1
18,2635,0.0359346375335008,0.041720032691955566,0.64453125,1,1
18,2636,0.04207374760881067,0.049980878829956055,0.63671875,1,3
18,2637,0.04802677547559143,0.06209522485733032,0.609375,2,4
18,2638,0.0,0.1314786672592163,0.2890625,1,2
18,2639,0.044975213706493385,0.05049848556518555,0.65625,1,2
18,2640,0.05461654253304006,0.1013176441192627,0.515625,1,2
18,2641,0.04291226342320443,0.07422661781311035,0.53125,1,1
18,2642,0.03177964687347412,0.03177964687347412,0.75390625,1,1
18,2643,0.04057309334166349,0.044104933738708496,0.66796875,1,3
18,2644,0.04378907592035831,0.0588451623916626,0.59765625,1,2
18,2645,0.03427320299670101,0.036865293979644775,0.671875,1,2
18,2646,0.03727508545853198,0.04480010271072388,0.6328125,1,2
18,2647,0.03437485115136952,0.03659027814865112,0.67578125,1,1
18,2648,0.038234954932704575,0.04246485233306885,0.66015625,1,1
18,2649,0.034194544772617526,0.036398351192474365,0.67578125,2,3
18,2650,0.03419437678530813,0.03639817237854004,0.67578125,1,2
18,2651,0.05167077155783773,0.06210196018218994,0.6328125,1,2
18,2495,0.05847555701620878,0.11047780513763428,0.51171875,3,4
18,2479,0.05080368206836284,0.0925675630569458,0.51953125,4,3
18,2652,0.039402446011081345,0.0873335599899292,0.48046875,4,3
18,2653,0.045589266926981516,0.086131751537323,0.51171875,4,3
18,2654,0.0,0.13084661960601807,0.2734375,3,4
18,2655,0.04991591046564282,0.12714898586273193,0.45703125,3,2
18,2656,0.055572137469425804,0.08863842487335205,0.55078125,4,3
18,2657,0.043515900382772095,0.08876550197601318,0.49609375,2,2
18,2658,0.035077036824077375,0.08935046195983887,0.45703125,3,2
18,2659,0.002663335413672034,0.12396615743637085,0.30859375,3,3
18,2660,0.0568790783872828,0.11157888174057007,0.50390625,3,4
18,2661,0.057637753663584604,0.108894944190979,0.51171875,3,3
18,2662,0.05317224760074169,0.09044581651687622,0.53515625,4,2
18,2663,0.04742360115051271,0.09484720230102539,0.5,4,3
18,2664,0.05759710760321469,0.11748892068862915,0.49609375,4,3
18,2665,0.03861261764541269,0.08747637271881104,0.4765625,3,3
18,2666,0.03334816591814161,0.09433293342590332,0.44140625,4,4
18,2667,0.03778594173491002,0.0916891098022461,0.46484375,4,3
18,2337,0.06585073960013689,0.11018162965774536,0.5390625,4,6
18,2569,0.051793503109365716,0.09437108039855957,0.51953125,1,4
18,2668,0.03466760064475239,0.09806525707244873,0.44140625,3,4
18,2669,0.04535255138762296,0.06809532642364502,0.56640625,1,1
18,2670,0.03783089318312705,0.09179818630218506,0.46484375,5,9
18,2671,0.0309604061767459,0.10161364078521729,0.421875,2,2
18,2672,0.02587360143661499,0.02587360143661499,0.75,1,2
18,2673,0.03552488656714559,0.0882948637008667,0.4609375,3,4
18,2674,0.03388377442024649,0.037228524684906006,0.6640625,1,2
18,2675,0.04297258751466871,0.07829880714416504,0.51953125,1,4
18,2676,0.052809328073635704,0.08293980360031128,0.5546875,2,2
18,2677,0.0507012433372438,0.08214884996414185,0.546875,2,4
18,2678,0.0351318579632789,0.03739607334136963,0.67578125,3,5
18,2679,0.03536729002371431,0.10004448890686035,0.44140625,4,7
18,2680,0.04879649193026126,0.11840665340423584,0.46484375,3,4
18,2681,0.05460911942645908,0.08990311622619629,0.54296875,2,3
18,2682,0.03896559239365161,0.09684652090072632,0.4609375,2,3
18,2683,0.052788796368986375,0.08290755748748779,0.5546875,1,1
18,2684,0.04028950724750758,0.09334039688110352,0.47265625,2,3
18,2685,0.02998676104471088,0.12688612937927246,0.39453125,4,5
18,2686,0.05322080780752004,0.06795275211334229,0.61328125,1,4
18,2687,0.03934715618379415,0.087211012840271,0.48046875,2,3
18,2688,0.05014114233199508,0.0799759030342102,0.55078125,3,4
18,2689,0.046130716800689704,0.0922614336013794,0.5,1,2
18,2690,0.052873997250571854,0.08304136991500854,0.5546875,1,1
18,2691,0.038988958112895496,0.04426240921020508,0.65234375,2,2
18,2692,0.03670357656665147,0.044113218784332275,0.6328125,5,8
18,2693,0.04457367141731084,0.08579593896865845,0.5078125,4,6
18,2694,0.017092353198677305,0.11514848470687866,0.359375,1,1
18,2695,0.04039537906646729,0.08079075813293457,0.5,3,4
18,2696,0.05321748368442059,0.09205186367034912,0.53125,1,4
18,2697,0.059386204695329084,0.10631376504898071,0.5234375,1,4
18,2698,0.038660537917166955,0.05720865726470947,0.5703125,1,2
18,2699,0.05133140366524459,0.10069608688354492,0.50390625,2,4
18,2700,0.04330176580697299,0.05460715293884277,0.6171875,2,2
18,2701,0.03849576599895955,0.08918476104736328,0.47265625,1,1
18,2702,0.03957924200221897,0.08966624736785889,0.4765625,3,4
18,2703,0.05086911981925369,0.11524331569671631,0.4765625,2,4
18,2704,0.038410423323512084,0.09104692935943604,0.46875,2,3
18,2705,0.0486193927936256,0.09019249677658081,0.515625,2,4
18,2706,0.03350347420200706,0.10654520988464355,0.42578125,4,6
18,2707,0.05335091752931476,0.08783173561096191,0.54296875,1,2
18,2708,0.03250224981456996,0.08490383625030518,0.453125,1,4
19,2578,0.06404058216139676,0.1146460771560669,0.5234375,1,1
19,2707,0.07190605625510217,0.09181022644042969,0.61328125,1,2
19,2709,0.05486867506988347,0.07675617933273315,0.5859375,1,2
19,2710,0.03425360401161016,0.13387668132781982,0.40234375,1,2
19,2711,0.04476303351111711,0.0931653380393982,0.4921875,1,1
19,2712,0.05697985365986825,0.08682644367218018,0.5625,1,1
19,2713,0.051745743490755565,0.08384120464324951,0.546875,1,1
19,2714,0.06529836205299945,0.08550578355789185,0.60546875,1,1
19,2715,0.044775577029213316,0.09319144487380981,0.4921875,2,2
19,2716,0.048369572963565595,0.06099808216094971,0.6171875,1,1
19,2717,0.05348614370450378,0.08949315547943115,0.5390625,1,1
19,2718,0.04478081781417132,0.09320235252380371,0.4921875,1,1
19,2719,0.04450629139319063,0.09078574180603027,0.49609375,1,1
19,2720,0.03949892288073898,0.10588192939758301,0.44921875,2,2
19,2721,0.024384078336879618,0.12361037731170654,0.37890625,1,1
19,2722,0.04469164297915996,0.10124832391738892,0.4765625,1,1
19,2723,0.04994030855596066,0.08940362930297852,0.5234375,1,1
19,2724,0.040316550410352654,0.11404460668563843,0.44140625,1,1
19,2725,0.045516088837757714,0.10311609506607056,0.4765625,2,3
19,2726,0.05089554411824794,0.09615689516067505,0.51171875,1,1
19,2727,0.041952608618885286,0.04245007038116455,0.6953125,1,0
19,2728,0.0697724111378193,0.08798885345458984,0.6171875,1,2
19,2729,0.04381386120803655,0.047627806663513184,0.66796875,1,0
19,2730,0.06814958038739861,0.0859423279762268,0.6171875,2,2
19,2731,0.05608612741343678,0.08808618783950806,0.5546875,3,5
19,2732,0.040285287424921996,0.09549105167388916,0.46875,1,1
19,2495,0.07058331277221443,0.11436283588409424,0.546875,3,4
19,2661,0.07024123915471138,0.11203587055206299,0.55078125,3,3
19,2733,0.08564491290599109,0.13450980186462402,0.5546875,3,3
19,2734,0.04919546004384757,0.08963727951049805,0.51953125,3,4
19,2735,0.08331673592329027,0.1198263168334961,0.578125,3,2
19,2736,0.060873982496559634,0.11292564868927002,0.515625,2,3
19,2737,0.05855201929807664,0.09195899963378906,0.5546875,3,2
19,2738,0.08058141451328994,0.12099027633666992,0.56640625,3,3
19,2739,0.05618596589192749,0.08961749076843262,0.55078125,3,4
19,2740,0.07804769696667792,0.12072634696960449,0.55859375,4,5
19,2741,0.0830872915685177,0.126609206199646,0.5625,3,3
19,2742,0.07670694193802775,0.120472252368927,0.5546875,3,3
19,2743,0.05389385018497706,0.08872556686401367,0.54296875,3,3
19,2744,0.05127029819414021,0.09511011838912964,0.515625,3,4
19,2745,0.05880633858032525,0.06461125612258911,0.6640625,3,2
19,2746,0.04075167607516051,0.11217665672302246,0.4453125,3,4
19,2747,0.06361072137951852,0.0969306230545044,0.5625,4,5
19,2748,0.09036986343562604,0.137706458568573,0.5625,5,5
19,2749,0.08674837218131871,0.12303370237350464,0.58203125,5,4
19,2750,0.05756406858563424,0.0904073715209961,0.5546875,4,5
19,2365,0.06988059286959471,0.07438433170318604,0.67578125,1,2
19,2599,0.06795994332060219,0.09378838539123535,0.58984375,1,2
19,2751,0.04804009199142456,0.04804009199142456,0.71875,1,2
19,2752,0.06800365285016598,0.07552683353424072,0.66015625,1,3
19,2753,0.06090268283151091,0.06620419025421143,0.66796875,1,2
19,2754,0.055756331887096174,0.09329164028167725,0.5390625,1,2
19,2755,0.0636577787809074,0.07650887966156006,0.6328125,1,2
19,2756,0.0291432086378336,0.09267902374267578,0.42578125,1,2
19,2757,0.06365698529407383,0.07650792598724365,0.6328125,1,2
19,2758,0.03706490993499756,0.03706490993499756,0.7109375,1,2
19,2759,0.0679080232512206,0.09125697612762451,0.59765625,1,3
19,2760,0.0309908390045166,0.0309908390045166,0.74609375,1,3
19,2761,0.04105031490325928,0.04105031490325928,0.73828125,1,2
19,2762,0.03706490993499756,0.03706490993499756,0.7109375,1,1
19,2763,0.00959622859954834,0.00959622859954834,0.84375,2,2
19,2764,0.07338881143368782,0.08520424365997314,0.64453125,1,2
19,2765,0.06771449255757035,0.07520568370819092,0.66015625,1,4
19,2766,0.06905767042189838,0.10368776321411133,0.56640625,1,1
19,2767,0.06365698529407383,0.07650792598724365,0.6328125,1,2
19,2768,0.0659410571679473,0.10684120655059814,0.546875,1,3
19,2769,0.03706490993499756,0.03706490993499756,0.7109375,1,2
19,2770,0.06647337181493641,0.07303512096405029,0.6640625,1,4
19,2771,0.04942389484494925,0.058039069175720215,0.640625,1,1
19,2772,0.03706490993499756,0.03706490993499756,0.7109375,1,3
19,2773,0.056575119262561216,0.10308349132537842,0.51953125,1,3
19,2774,0.06524233892560007,0.0766148567199707,0.640625,1,3
19,2775,0.0681384128984064,0.06827175617218018,0.69921875,1,2
19,2776,0.043407976627349854,0.043407976627349854,0.74609375,1,3
19,2777,0.05886929109692575,0.09850025177001953,0.5390625,1,3
19,2778,0.03706467151641846,0.03706467151641846,0.7109375,1,2
19,2289,0.08084814285393806,0.12139075994491577,0.56640625,1,2
19,2619,0.0629177773371339,0.07651758193969727,0.62890625,1,2
19,2779,0.06365698529407383,0.07650792598724365,0.6328125,1,1
19,2780,0.037068843841552734,0.037068843841552734,0.7109375,2,2
19,2781,0.06365698529407383,0.07650792598724365,0.6328125,1,2
19,2782,0.042561641195788986,0.10841572284698486,0.45703125,1,1
19,2783,0.06365698529407383,0.07650792598724365,0.6328125,2,3
19,2784,0.03706490993499756,0.03706490993499756,0.7109375,3,5
19,2785,0.06438476545736195,0.07648491859436035,0.63671875,1,2
19,2786,0.03841143543832005,0.040466368198394775,0.6796875,1,3
19,2787,0.05148861883208156,0.07510590553283691,0.57421875,1,0
19,2788,0.048994296463206424,0.09611141681671143,0.50390625,1,1
19,2789,0.04616161063313485,0.047650694847106934,0.6875,1,3
19,2790,0.05304231680929662,0.09495687484741211,0.5234375,1,2
19,2791,0.06008222757373006,0.1391950249671936,0.47265625,1,2
19,2792,0.03706490993499756,0.03706490993499756,0.7109375,1,1
19,2793,0.03706490993499756,0.03706490993499756,0.7109375,1,1
19,2337,0.070737017900683,0.1128266453742981,0.55078125,4,6
19,2588,0.07333406084217133,0.1069716215133667,0.57421875,1,2
19,2794,0.05649140104651452,0.0790262222290039,0.5859375,1,2
19,2795,0.047984790988266475,0.08300071954727173,0.53125,3,4
19,2796,0.06521058152429761,0.1040118932723999,0.55078125,4,7
19,2797,0.04876854084432126,0.059309959411621094,0.62890625,1,1
19,2798,0.045547584071755416,0.0929098129272461,0.49609375,2,2
19,2799,0.06985517428256573,0.09387362003326416,0.59765625,1,4
19,2800,0.059419465949758894,0.08312231302261353,0.5859375,2,3
19,2801,0.04628992080688477,0.09257984161376953,0.5,1,1
19,2802,0.06770456163212658,0.07772362232208252,0.6484375,1,2
19,2803,0.06940293684601785,0.08541899919509888,0.625,2,4
19,2804,0.06125463545322419,0.09334039688110352,0.5625,1,2
19,2805,0.02976242126896978,0.10807347297668457,0.41015625,1,1
19,2806,0.07169734686613084,0.10029792785644531,0.5859375,1,2
19,2807,0.06357981869950892,0.07641518115997314,0.6328125,1,1
19,2808,0.06824481731746347,0.11235159635543823,0.54296875,5,7
19,2809,0.06088237231597306,0.10899221897125244,0.5234375,1,2
19,2810,0.0686017944244668,0.10611516237258911,0.55859375,1,2
19,2811,0.05563277658075095,0.08605432510375977,0.55859375,2,3
19,2812,0.0577186446171254,0.09065014123916626,0.5546875,2,5
19,2813,0.05070330761373044,0.06904280185699463,0.59375,5,6
19,2814,0.05727229081094266,0.0650186538696289,0.65234375,1,3
19,2815,0.05199438147246838,0.07273530960083008,0.5859375,1,2
19,2816,0.0488627227023244,0.05426836013793945,0.66015625,1,2
19,2817,0.03706490993499756,0.03706490993499756,0.7109375,1,1
19,2818,0.0668888781219721,0.10505247116088867,0.5546875,1,2
19,2819,0.05212299339473248,0.07942551374435425,0.5625,2,3
19,2820,0.06148990243673326,0.10636091232299805,0.53125,1,2
19,2821,0.05345094809308649,0.08943426609039307,0.5390625,1,1
19,2822,0.03985188435763121,0.08645832538604736,0.484375,1,2
19,2823,0.07567833736538888,0.093142569065094,0.625,1,3
19,2824,0.06519092712551357,0.10083913803100586,0.55859375,1,3
19,2825,0.049675515852868564,0.07144343852996826,0.578125,2,3
19,2826,0.035337591543793685,0.1089930534362793,0.4296875,5,7
19,2827,0.03649266273714603,0.11255568265914917,0.4296875,1,1
19,2828,0.07560167461633684,0.09304821491241455,0.625,1,3
19,2829,0.05429336894303561,0.07393139600753784,0.59375,1,1
19,2830,0.019365009386092428,0.1304590106010437,0.359375,1,1
19,2401,0.0767475950997323,0.1305474042892456,0.53515625,2,3
19,2617,0.07542230770923199,0.09172499179840088,0.62890625,1,2
19,2831,0.055601781466975815,0.06044185161590576,0.66796875,1,2
19,2832,0.049763739109039314,0.07583045959472656,0.5625,2,3
19,2833,0.05499245412647725,0.06457829475402832,0.640625,1,2
19,2834,0.07391384115908296,0.11097913980484009,0.56640625,2,3
19,2835,0.045670876395888634,0.10122722387313843,0.48046875,2,2
19,2836,0.05271084839478136,0.06261706352233887,0.63671875,1,2
19,2837,0.05780174862593413,0.08940935134887695,0.55859375,3,4
19,2838,0.07762661657761784,0.08812600374221802,0.65234375,2,4
19,2839,0.07727908948436381,0.09991639852523804,0.609375,1,2
19,2840,0.07539592869579793,0.09061670303344727,0.6328125,1,2
19,2841,0.05670643807388843,0.07521682977676392,0.6015625,1,2
19,2842,0.044781619682908065,0.09320402145385742,0.4921875,2,3
19,2843,0.053842723369598396,0.0662679672241211,0.625,2,3
19,2844,0.047787039773538716,0.08128559589385986,0.53515625,1,1
19,2845,0.03257446375209839,0.11045116186141968,0.41796875,2,3
19,2846,0.04735011979937554,0.09854984283447266,0.4921875,2,2
20,2840,0.07822888204827906,0.08880972862243652,0.65234375,1,2
20,2764,0.07845701696351172,0.08351349830627441,0.67578125,1,2
20,2847,0.03550434112548828,0.03550434112548828,0.71875,1,1
20,2848,0.06250448478385807,0.06723171472549438,0.671875,1,1
20,2849,0.06903505790978672,0.10215592384338379,0.5703125,1,2
20,2850,0.03843355178833008,0.03843355178833008,0.71875,1,2
20,2851,0.05417345929890872,0.08016419410705566,0.5703125,1,1
20,2852,0.04968220368027688,0.0859367847442627,0.53125,1,2
20,2853,0.08854856528341772,0.11166715621948242,0.6171875,1,2
20,2854,0.07699648942798377,0.08839058876037598,0.6484375,1,2
20,2855,0.03854446671903134,0.09352970123291016,0.46484375,1,2
20,2856,0.0669148387387395,0.07596540451049805,0.65234375,1,1
20,2857,0.03550684452056885,0.03550684452056885,0.71875,1,1
20,2858,0.06695054098963739,0.07600593566894531,0.65234375,1,1
20,2859,0.07139511220157148,0.08384013175964355,0.640625,2,4
20,2860,0.06471040123142303,0.07687175273895264,0.63671875,1,2
20,2861,0.07168948743492366,0.07792997360229492,0.66796875,1,2
20,2862,0.06320856721140446,0.08276927471160889,0.60546875,2,3
20,2863,0.057767745340242996,0.10341638326644897,0.5234375,1,2
20,2864,0.0763331330381334,0.08041679859161377,0.6796875,1,2
20,2865,0.04818711639381946,0.05791503190994263,0.6328125,1,1
20,2866,0.07352133025415243,0.08346545696258545,0.65234375,1,2
20,2867,0.053304113680496826,0.095425546169281,0.5234375,1,2
20,2868,0.061907556839287295,0.10030591487884521,0.546875,2,3
20,2869,0.03550434112548828,0.03550434112548828,0.71875,2,2
20,2401,0.05426746490411461,0.1257237195968628,0.47265625,2,3
20,2823,0.06340627931058408,0.09119105339050293,0.578125,1,3
20,2870,0.05074838269501925,0.05636262893676758,0.66015625,2,3
20,2871,0.0461724108317867,0.07601374387741089,0.54296875,1,2
20,2872,0.05319053493440152,0.0687716007232666,0.609375,1,2
20,2873,0.04757727985270322,0.07832658290863037,0.54296875,1,2
20,2874,0.044905990362167365,0.08981198072433472,0.5,1,1
20,2875,0.05330207641236485,0.11093765497207642,0.4921875,1,3
20,2876,0.022243380546569824,0.022243380546569824,0.74609375,1,2
20,2877,0.057952600414864726,0.09243530035018921,0.55078125,1,3
20,2878,0.03711354732513428,0.03711354732513428,0.7734375,1,3
20,2879,0.047181708738207824,0.06981801986694336,0.5703125,1,2
20,2880,0.04002634435892106,0.0868368148803711,0.484375,1,2
20,2881,0.04918815381824971,0.07495337724685669,0.5625,1,1
20,2882,0.04280710348393769,0.07531696557998657,0.52734375,2,4
20,2883,0.05592020391486586,0.08782559633255005,0.5546875,1,2
20,2884,0.051735850051045425,0.07767963409423828,0.56640625,1,2
20,2885,0.06770150363445283,0.1031641960144043,0.5625,1,3
20,2886,0.0653230582829565,0.08778321743011475,0.59765625,1,3
20,2887,0.042047030758112676,0.0912206768989563,0.484375,2,2
20,2888,0.023485229350626476,0.09543204307556152,0.3984375,1,3
20,2889,0.04314182954840363,0.05185121297836304,0.6328125,1,1
20,2890,0.04549010982736946,0.08594441413879395,0.51171875,2,2
20,2891,0.03550434112548828,0.03550434112548828,0.71875,1,1
20,2892,0.04115251521579922,0.04291260242462158,0.68359375,1,2
20,2893,0.041884082369506366,0.09086716175079346,0.484375,2,4
20,2894,0.06703187478706242,0.09250760078430176,0.58984375,1,3
20,2895,0.06123998784460128,0.08019149303436279,0.60546875,1,2
20,2838,0.07502218987792732,0.08516931533813477,0.65234375,2,4
20,2839,0.07522317778784783,0.09604555368423462,0.61328125,1,2
20,2896,0.06175229931250215,0.07510018348693848,0.62890625,3,4
20,2897,0.051585590583272285,0.08774691820144653,0.53515625,1,2
20,2898,0.04364502802491189,0.10111427307128906,0.47265625,2,3
20,2899,0.07474658708088101,0.09426170587539673,0.6171875,2,4
20,2900,0.07854062691330911,0.0901632308959961,0.6484375,1,2
20,2901,0.08151816437020899,0.08861422538757324,0.66796875,2,4
20,2902,0.04006441519595683,0.09721791744232178,0.46484375,2,5
20,2903,0.054303646087646484,0.054303646087646484,0.71875,1,2
20,2904,0.07102851569652559,0.08957290649414062,0.6171875,3,5
20,2905,0.06687518709804864,0.07427352666854858,0.66015625,2,2
20,2906,0.05311183631420137,0.09508132934570312,0.5234375,1,1
20,2907,0.04579422646202148,0.1111215353012085,0.46484375,2,3
20,2908,0.06051150604616851,0.07188373804092407,0.63671875,1,2
20,2909,0.0437765910755843,0.050824522972106934,0.64453125,1,1
20,2910,0.04204562958329917,0.09121763706207275,0.484375,2,4
20,2911,0.042061150074005134,0.08412230014801025,0.5,1,1
20,2912,0.07538390578702094,0.09625077247619629,0.61328125,1,2
20,2913,0.06921407533809544,0.08622288703918457,0.62109375,1,2
20,2914,0.05016101431101561,0.06830435991287231,0.59375,1,1
20,2915,0.07618849840946497,0.08649337291717529,0.65234375,1,2
20,2916,0.06032260367646815,0.09473979473114014,0.5546875,2,4
20,2917,0.08101020008325578,0.09970486164093018,0.625,1,2
20,2289,0.07153329625725748,0.11776542663574219,0.54296875,1,2
20,2791,0.0653758584521711,0.13335633277893066,0.49609375,1,2
20,2918,0.03479939885437489,0.10123461484909058,0.4375,1,1
20,2919,0.05380438582506032,0.09803503751754761,0.51953125,1,1
20,2920,0.049376192386262126,0.07875579595565796,0.55078125,1,0
20,2921,0.04420794139150531,0.052516162395477295,0.63671875,2,3
20,2922,0.03669212316162885,0.08903491497039795,0.46484375,2,3
20,2923,0.02770900982432068,0.09395372867584229,0.41796875,1,1
20,2924,0.04096552729606629,0.08193105459213257,0.5,1,2
20,2925,0.028167014010250575,0.11008787155151367,0.40234375,1,1
20,2926,0.04149398859590293,0.043268680572509766,0.68359375,1,1
20,2927,0.05426678620278836,0.11773133277893066,0.484375,2,3
20,2928,0.029586851596832275,0.029586851596832275,0.73828125,1,2
20,2929,0.0362277626991272,0.0362277626991272,0.71875,1,3
20,2930,0.003195524215698242,0.003195524215698242,0.921875,1,2
20,2931,0.04942500474862755,0.0826980471611023,0.5390625,1,2
20,2749,0.0749517355579883,0.11253750324249268,0.56640625,5,4
20,2735,0.07419098052196206,0.10978549718856812,0.5703125,3,2
20,2932,0.05688289995305241,0.0675731897354126,0.63671875,4,2
20,2933,0.07790762919466944,0.11049503087997437,0.58203125,6,6
20,2934,0.0818368596956134,0.11448216438293457,0.5859375,5,4
20,2935,0.042408533859997995,0.09200495481491089,0.484375,5,4
20,2936,0.03550601005554199,0.03550601005554199,0.71875,6,4
20,2937,0.06267175194807352,0.09141862392425537,0.57421875,4,4
20,2938,0.08975925203412773,0.13884210586547852,0.55859375,5,4
20,2939,0.03750385297462345,0.09100461006164551,0.46484375,3,1
20,2940,0.044463103171437986,0.08248227834701538,0.515625,5,4
20,2941,0.04462284035980702,0.13763189315795898,0.4296875,3,2
20,2942,0.05814372003078462,0.09728622436523438,0.5390625,3,3
20,2943,0.04999590769875795,0.07733505964279175,0.55859375,5,3
20,2944,0.00969398021697998,0.00969398021697998,0.82421875,5,3
20,2945,0.07519580516964199,0.10968732833862305,0.57421875,5,5
20,2946,0.06701639480888845,0.10525274276733398,0.5546875,4,5
20,2947,0.02339937677606941,0.10328000783920288,0.390625,2,1
20,2948,0.05047875409945846,0.08178836107254028,0.546875,3,2
20,2949,0.0518745705485344,0.07904696464538574,0.5625,3,2
20,2950,0.09670523379463704,0.12995558977127075,0.59765625,4,5
20,2951,0.04477365291677416,0.08618086576461792,0.5078125,3,3
20,2952,0.07505969458725305,0.10948878526687622,0.57421875,3,3
20,2953,0.01622428477276117,0.11699765920639038,0.35546875,5,3
20,2954,0.07499591901432724,0.11260384321212769,0.56640625,4,4
20,2748,0.0836690957657993,0.1256263256072998,0.56640625,5,5
20,2733,0.07792521966621281,0.12238562107086182,0.5546875,3,3
20,2955,0.033067792886868126,0.09353983402252197,0.44140625,5,5
20,2956,0.0,0.1340712308883667,0.2890625,3,3
20,2957,0.07021072134375574,0.09560608863830566,0.59375,4,6
20,2958,0.11548091482836755,0.1551869511604309,0.59765625,6,6
20,2959,0.05273759574629367,0.08824068307876587,0.5390625,4,7
20,2960,0.03998195193707944,0.08494091033935547,0.48828125,1,2
20,2961,0.05284329224377871,0.09297513961791992,0.52734375,2,3
20,2962,0.06700275267940016,0.08773761987686157,0.60546875,4,5
20,2963,0.07155827875249089,0.09370291233062744,0.60546875,1,2
20,2964,0.07568084076046945,0.11532318592071533,0.5625,3,3
20,2965,0.044054340105503804,0.08642077445983887,0.50390625,4,6
20,2966,0.04624696576502175,0.08426493406295776,0.51953125,5,5
20,2967,0.04204705823212863,0.09122073650360107,0.484375,1,2
20,2968,0.03601065371185542,0.09912610054016113,0.4453125,3,3
20,2969,0.040704299928620465,0.10911309719085693,0.44921875,1,2
20,2970,0.03867802396416665,0.09168124198913574,0.46875,5,6
20,2971,0.04647280322387815,0.05161404609680176,0.66015625,1,2
20,2972,0.056421254761517055,0.09141671657562256,0.546875,3,4
20,2973,0.08113032882101835,0.12741941213607788,0.5546875,5,5
20,2974,0.037991686724126346,0.09218835830688477,0.46484375,2,2
20,2975,0.006115010473877196,0.12041866779327393,0.3203125,5,5
20,2976,0.06710173236206175,0.09386909008026123,0.5859375,1,2
20,2977,0.014237011317163711,0.11949753761291504,0.34765625,5,4
20,2978,0.017387051135301593,0.10990333557128906,0.36328125,1,3
20,2979,0.09863663907162847,0.13255107402801514,0.59765625,5,5
20,2980,0.07937535666860641,0.10134708881378174,0.61328125,5,7
20,2981,0.07818712224252523,0.12279695272445679,0.5546875,3,3
20,2982,0.05065459012985231,0.10130918025970459,0.5,1,2
20,2983,0.0767139414092526,0.12235993146896362,0.55078125,5,4
20,2984,0.06606317078694703,0.1021883487701416,0.55859375,1,2
21,2791,0.047619562712498016,0.14258021116256714,0.43359375,1,2
21,2903,0.05619627237319946,0.05619627237319946,0.70703125,1,2
21,2985,0.030589123838581152,0.10371941328048706,0.41796875,2,2
21,2986,0.022848904132843018,0.022848904132843018,0.828125,1,2
21,2987,0.0456104368204251,0.09303802251815796,0.49609375,2,3
21,2988,0.037878215312957764,0.037878215312957764,0.7109375,1,1
21,2989,0.05491459113545717,0.09661948680877686,0.52734375,1,2
21,2990,0.041691227350384004,0.10619854927062988,0.45703125,1,2
21,2991,0.0481918752193451,0.07808303833007812,0.546875,1,2
21,2992,0.04548599850386382,0.10781866312026978,0.46875,1,1
21,2993,0.03828305576462299,0.10829240083694458,0.44140625,2,3
21,2994,0.038700641831383116,0.14052999019622803,0.41015625,1,1
21,2995,0.056559742894023664,0.056670427322387695,0.69921875,1,2
21,2996,0.05323520977981389,0.08491098880767822,0.55078125,2,3
21,2997,0.01073908968828619,0.11953073740005493,0.3359375,1,2
21,2289,0.0694276778958738,0.1242901086807251,0.5234375,1,2
21,2905,0.06067567318677903,0.07651710510253906,0.6171875,2,2
21,2998,0.057077655568718924,0.1098637580871582,0.5078125,1,1
21,2999,0.06067567318677903,0.07651710510253906,0.6171875,2,2
21,3000,0.04140529083088041,0.1109921932220459,0.44921875,1,1
21,3001,0.0670037822565064,0.08555096387863159,0.61328125,1,2
21,3002,0.04272141843102873,0.0889161229133606,0.4921875,1,1
21,3003,0.055794704472646124,0.06628048419952393,0.63671875,1,1
21,3004,0.038021206855773926,0.038021206855773926,0.796875,1,1
21,3005,0.03798943758010864,0.03798943758010864,0.70703125,3,5
21,3006,0.05855199601501227,0.11943674087524414,0.49609375,1,2
21,3007,0.05636624991893769,0.06937384605407715,0.625,2,1
21,3008,0.034013987518846996,0.10491061210632324,0.4296875,2,2
21,3009,0.010506510734558105,0.010506510734558105,0.8203125,2,3
21,3010,0.06123844138346613,0.07818973064422607,0.61328125,1,1
21,3011,0.06052650604397059,0.07632899284362793,0.6171875,2,2
21,3012,0.03831756114959717,0.03831756114959717,0.70703125,1,0
21,3013,0.053350008325651295,0.08509409427642822,0.55078125,2,3
21,2981,0.07062974106520416,0.13102328777313232,0.515625,3,3
21,2733,0.0674673360772431,0.12746596336364746,0.51171875,3,3
21,3014,0.074355750461109,0.13548094034194946,0.51953125,3,3
21,3015,0.027253373642452068,0.09896260499954224,0.41015625,2,3
21,3016,0.026677764253690846,0.09687244892120361,0.41015625,1,1
21,3017,0.045836081262677915,0.05926281213760376,0.609375,4,3
21,3018,0.06450736150145532,0.11753654479980469,0.51953125,2,1
21,3019,0.0733637446537614,0.11701631546020508,0.55078125,3,4
21,3020,0.060456037521362305,0.060456037521362305,0.703125,2,4
21,3021,0.04515901324339212,0.09211719036102295,0.49609375,3,2
21,3022,0.018911088583990935,0.11953675746917725,0.36328125,3,2
21,3023,0.06757089076563717,0.09998929500579834,0.5703125,2,4
21,3024,0.044115868513472385,0.08654147386550903,0.50390625,1,2
21,3025,0.03896593255922199,0.107261061668396,0.4453125,1,1
21,3026,0.037885069847106934,0.037885069847106934,0.7109375,2,3
21,3027,0.061955756507813944,0.11493241786956787,0.515625,3,3
21,3028,0.04786449926905335,0.0634886622428894,0.6015625,4,6
21,3029,0.07782115926966073,0.13931620121002197,0.5234375,2,1
21,3030,0.017574499128386385,0.10462957620620728,0.3671875,1,2
21,3031,0.05698592541739346,0.10383200645446777,0.51953125,1,2
21,3032,0.02396856667473913,0.20117878913879395,0.34765625,2,4
21,3033,0.06893825554288925,0.12129342555999756,0.52734375,3,3
21,3034,0.05813268315978349,0.09272253513336182,0.55078125,4,4
21,3035,0.06659567204769702,0.10963660478591919,0.54296875,4,6
21,3036,0.027673992328345783,0.09704852104187012,0.4140625,2,4
21,3037,0.0452334403526038,0.0699683427810669,0.55859375,2,3
21,2853,0.07375815650448204,0.11584103107452393,0.5546875,1,2
21,2901,0.07156415330246092,0.09137368202209473,0.61328125,2,4
21,3038,0.050871717394329614,0.1037701964378357,0.49609375,3,6
21,3039,0.06302742706611754,0.10720944404602051,0.53515625,5,7
21,3040,0.07293573499191554,0.09085911512374878,0.62109375,1,2
21,3041,0.08386383659671993,0.10707801580429077,0.61328125,1,2
21,3042,0.05411739414557815,0.05422329902648926,0.69921875,1,4
21,3043,0.029277096036821607,0.09030044078826904,0.4296875,1,2
21,3044,0.03778558969497681,0.03778558969497681,0.7109375,2,3
21,3045,0.0590858249925077,0.06859850883483887,0.64453125,2,4
21,3046,0.05846652481704951,0.0737311840057373,0.6171875,1,2
21,3047,0.03719774447381497,0.09971332550048828,0.44921875,1,1
21,3048,0.07682830374687911,0.0872197151184082,0.65234375,1,2
21,3049,0.060155716259032495,0.07777708768844604,0.609375,5,6
21,3050,0.07359215687029065,0.09761446714401245,0.6015625,1,2
21,3051,0.07180297560989858,0.08062088489532471,0.65625,2,3
21,3052,0.010903925169259315,0.12136542797088623,0.3359375,1,2
21,3053,0.06947461958043279,0.0958787202835083,0.58984375,3,6
21,3054,0.05948233604431152,0.05948233604431152,0.70703125,1,2
21,3055,0.04452872648835183,0.10554957389831543,0.46875,1,2
21,3056,0.0558425527997315,0.08637881278991699,0.55859375,1,1
21,3057,0.06396413687616588,0.06880176067352295,0.671875,1,2
21,3058,0.06347326026298107,0.07049524784088135,0.66015625,2,4
21,3059,0.05628853058442474,0.12752091884613037,0.4765625,1,1
21,3060,0.04837779793888331,0.07838428020477295,0.546875,1,1
21,3061,0.022402030415833003,0.10820603370666504,0.3828125,1,2
21,3062,0.04599885921925307,0.051647841930389404,0.65625,1,2
21,3063,0.06400029826909305,0.1070854663848877,0.5390625,1,3
21,3064,0.05248624086380005,0.05248624086380005,0.74609375,1,2
21,3065,0.07001495664007963,0.0928695797920227,0.6015625,1,2
21,3066,0.045164349838159985,0.06986147165298462,0.55859375,5,5
21,3067,0.07551003945991398,0.08867233991622925,0.640625,1,2
21,3068,0.06515774689614774,0.07315957546234131,0.65625,1,2
21,3069,0.04320884915068746,0.04697012901306152,0.66796875,2,3
21,3070,0.06126551725901664,0.0782243013381958,0.61328125,1,1
21,3071,0.0497010350227356,0.08052825927734375,0.546875,1,2
21,3072,0.07443336676806213,0.09052228927612305,0.62890625,1,2
21,3073,0.0806108992546797,0.10976803302764893,0.59375,1,2
21,2950,0.08070838171988727,0.1350414752960205,0.5390625,4,5
21,2748,0.07732044556178154,0.1315218210220337,0.53515625,5,5
21,3074,0.05338219553232194,0.08931922912597656,0.5390625,4,5
21,3075,0.0680577987805009,0.12858152389526367,0.51171875,4,4
21,3076,0.08354724710807206,0.13536769151687622,0.546875,5,6
21,3077,0.07200679148081691,0.12248331308364868,0.53515625,5,5
21,3078,0.02565997838973999,0.02565997838973999,0.75390625,5,5
21,3079,0.07271051406860353,0.14542102813720703,0.5,5,5
21,3080,0.06084474921226503,0.10892486572265625,0.5234375,1,3
21,3081,0.06130049563944341,0.10256814956665039,0.5390625,4,3
21,3082,0.06758415908552708,0.11308199167251587,0.5390625,4,5
21,3083,0.07189480483066292,0.11836057901382446,0.54296875,5,5
21,3084,0.051699636504054076,0.08942639827728271,0.53125,5,6
21,3085,0.04914688656572253,0.08647149801254272,0.52734375,4,6
21,3086,0.05238663707859815,0.08765345811843872,0.5390625,3,3
21,3087,0.028410774888470772,0.09034979343414307,0.42578125,1,3
21,3088,0.04910626017954201,0.08084374666213989,0.54296875,4,6
21,3089,0.044381657615304,0.05738234519958496,0.609375,5,5
21,3090,0.04383176565170289,0.08766353130340576,0.5,3,2
21,3091,0.05668382823932917,0.11119586229324341,0.50390625,4,3
21,3092,0.0671988647663966,0.1224406361579895,0.51953125,3,4
21,3093,0.043864114326424904,0.07221359014511108,0.54296875,3,2
21,3094,0.08577394112944604,0.14836573600769043,0.53125,3,3
21,3095,0.07318096538074316,0.1310092806816101,0.5234375,6,6
21,3096,0.008152307826094335,0.13464456796646118,0.32421875,5,4
21,3097,0.050055242143571384,0.08960938453674316,0.5234375,4,5
21,2958,0.10023015085607768,0.16239821910858154,0.546875,6,6
21,2979,0.07902453839778902,0.13669109344482422,0.53125,5,5
21,3098,0.02182357641868294,0.12278759479522705,0.37109375,6,6
21,3099,0.08127394365146758,0.15076905488967896,0.515625,7,7
21,3100,0.07788236252963544,0.13471543788909912,0.53125,4,6
21,3101,0.07372004119679333,0.13197433948516846,0.5234375,6,7
21,3102,0.09175293962471189,0.1510530710220337,0.54296875,5,4
21,3103,0.06388459447771312,0.10689187049865723,0.5390625,6,6
21,3104,0.07982671028003098,0.1335662603378296,0.5390625,5,4
21,3105,0.0791267165914178,0.13239502906799316,0.5390625,5,6
21,3106,0.0998198938323185,0.16979330778121948,0.53515625,6,7
21,3107,0.07138762855902316,0.13007283210754395,0.51953125,5,4
21,3108,0.08067924971692265,0.16791778802871704,0.4921875,5,4
21,3109,0.03948735911399127,0.09814333915710449,0.4609375,5,3
21,3110,0.0015917366836220065,0.1358281970024109,0.3046875,6,5
21,3111,0.024989939294755466,0.11030042171478271,0.390625,6,5
21,3112,0.0837351434165612,0.17080634832382202,0.49609375,6,5
21,3113,0.019834399223327637,0.019834399223327637,0.80078125,6,5
21,3114,0.06841245945543052,0.10911893844604492,0.55078125,5,3
21,3115,0.09048223507124932,0.15390998125076294,0.53515625,6,6
21,3116,0.048195893759839244,0.07236450910568237,0.56640625,6,5
21,3117,0.08479840867221357,0.14667832851409912,0.53125,5,4
21,3118,0.06428315676748754,0.1093454360961914,0.53515625,5,3
21,3119,0.0682718495372683,0.12222093343734741,0.5234375,5,3
21,3120,0.09298651944845916,0.16942739486694336,0.51953125,6,6
21,3121,0.07718854304403068,0.1270756721496582,0.54296875,5,5
21,3122,0.05143207591027022,0.08748579025268555,0.53515625,4,4
22,3050,0.061794738285243525,0.09705185890197754,0.5546875,1,2
22,2289,0.0735527479555458,0.12109005451202393,0.54296875,1,2
22,3123,0.07049368554726244,0.11990952491760254,0.53515625,5,3
22,3124,0.04088109475560487,0.04177868366241455,0.69140625,1,2
22,3125,0.03733160300180317,0.03892827033996582,0.68359375,1,1
22,3126,0.04646908678114415,0.06008124351501465,0.609375,2,3
22,3127,0.0492006044369191,0.051832735538482666,0.6796875,1,2
22,3128,0.04475200362503529,0.05442523956298828,0.62890625,2,2
22,3129,0.039830127265304334,0.1040460467338562,0.453125,1,2
22,3130,0.04201846569776536,0.04251670837402344,0.6953125,1,2
22,3131,0.03860771749168635,0.041527628898620605,0.671875,2,4
22,3132,0.03461897466331721,0.09043323993682861,0.453125,1,1
22,3133,0.05729518295265735,0.08998507261276245,0.5546875,1,2
22,3134,0.06657209247350694,0.11713027954101562,0.52734375,5,2
22,3135,0.03110256884247065,0.08798074722290039,0.44140625,1,2
22,3136,0.06536732567474247,0.11118960380554199,0.53515625,5,2
22,3137,0.0540936808101833,0.10034769773483276,0.515625,1,2
22,3138,0.05291984346695245,0.08854562044143677,0.5390625,1,2
22,3139,0.04178337519988418,0.08696377277374268,0.4921875,1,2
22,3140,0.04078988498076797,0.04902446269989014,0.6328125,5,2
22,3141,0.0014743194915354289,0.12580859661102295,0.3046875,1,1
22,3048,0.05165507690981031,0.08786511421203613,0.53515625,1,2
22,3067,0.06819874839857222,0.08930373191833496,0.60546875,1,2
22,3142,0.036692038178443916,0.03787565231323242,0.6875,1,1
22,3143,0.044547677040100105,0.0890953540802002,0.5,1,2
22,3144,0.059987732674926526,0.07956922054290771,0.6015625,1,2
22,3145,0.05388229689560831,0.08594310283660889,0.55078125,1,2
22,3146,0.05824761465191842,0.0793159008026123,0.59375,1,1
22,3147,0.06728604377713056,0.09042114019393921,0.59765625,1,2
22,3148,0.0492424862459302,0.11155819892883301,0.4765625,1,3
22,3149,0.058246589731425054,0.06686604022979736,0.6484375,2,4
22,3150,0.036692038178443916,0.03787565231323242,0.6875,2,3
22,3151,0.05824761465191842,0.0793159008026123,0.59375,1,2
22,3152,0.05523546785116197,0.09554243087768555,0.53125,2,4
22,3153,0.028127610683441162,0.028127610683441162,0.8046875,2,3
22,3154,0.06758891977369787,0.0683903694152832,0.6953125,2,5
22,3155,0.06459271628409625,0.0856773853302002,0.6015625,1,2
22,3156,0.04652794322464616,0.060926616191864014,0.60546875,2,4
22,3157,0.05996953346766532,0.07954508066177368,0.6015625,1,2
22,3158,0.062117464840412154,0.1006460189819336,0.546875,2,4
22,3159,0.06506921898107977,0.08744210004806519,0.59765625,1,2
22,3160,0.037502814084291465,0.08889555931091309,0.46875,2,3
22,3161,0.03747129463590682,0.04301637411117554,0.6484375,1,2
22,3162,0.04156360868364573,0.0652778148651123,0.5546875,1,1
22,3163,0.035948185250163085,0.04126787185668945,0.6484375,1,1
22,3164,0.05824761465191842,0.0793159008026123,0.59375,1,1
22,3165,0.03276696824468673,0.11110389232635498,0.41796875,1,3
22,3166,0.06009269692003728,0.07769560813903809,0.609375,1,2
22,3029,0.08699350571259858,0.14555776119232178,0.5390625,2,1
22,2853,0.07167136296629907,0.11431694030761719,0.55078125,1,2
22,3167,0.04048025608062744,0.04048025608062744,0.71875,2,3
22,3168,0.011799471220001584,0.11845743656158447,0.33984375,1,1
22,3169,0.03152771363966168,0.10026204586029053,0.42578125,1,2
22,3170,0.050363815622404225,0.11162889003753662,0.48046875,1,2
22,3171,0.06432888284325601,0.09802496433258057,0.5625,2,4
22,3172,0.038774989661760635,0.0898316502571106,0.47265625,1,2
22,3173,0.06840958958491684,0.08957982063293457,0.60546875,2,4
22,3174,0.0,0.1420632004737854,0.2734375,4,5
22,3175,0.03696059598587454,0.11753928661346436,0.42578125,2,5
22,3176,0.03700800240039826,0.03820180892944336,0.6875,2,0
22,3177,0.0,0.13447844982147217,0.28515625,1,0
22,3178,0.022106587886810303,0.022106587886810303,0.7578125,2,1
22,3179,0.02218860387802124,0.02218860387802124,0.76171875,1,1
22,3180,0.04635011870414019,0.049855589866638184,0.671875,2,4
22,3181,0.046394168632105,0.11257731914520264,0.46484375,2,4
22,3182,0.015978559851646427,0.10764503479003906,0.359375,4,7
22,3183,0.06713652436155827,0.09265202283859253,0.58984375,1,2
22,3184,0.05556989670731128,0.05678999423980713,0.69140625,2,4
22,3185,0.0,0.1482938528060913,0.265625,4,4
22,3186,0.08047711732797326,0.14407092332839966,0.5234375,2,1
22,3187,0.0886309095658362,0.1586679220199585,0.5234375,1,1
22,3076,0.08753210527356715,0.14410430192947388,0.54296875,5,6
22,2903,0.057894349098205566,0.057894349098205566,0.7265625,1,2
22,3188,0.07713871845044197,0.14055168628692627,0.51953125,5,6
22,3189,0.03787842218298466,0.07156366109848022,0.51171875,1,2
22,3190,0.07850527670234443,0.13579291105270386,0.53125,5,5
22,3191,0.03182467888109387,0.10790884494781494,0.41796875,1,1
22,3192,0.04045400023460389,0.08090800046920776,0.5,1,2
22,3193,0.038660287391394384,0.04388928413391113,0.65234375,4,4
22,3194,0.04986521997489036,0.0908576250076294,0.51953125,6,9
22,3195,0.05672984593547881,0.0579754114151001,0.69140625,1,2
22,3196,0.0,0.1317739486694336,0.28515625,1,0
22,3197,0.04520981281530113,0.051324665546417236,0.65234375,4,4
22,3198,0.03777037863619626,0.040204644203186035,0.67578125,6,7
22,3199,0.057241581380367286,0.058498382568359375,0.69140625,1,2
22,3200,0.05644047260284424,0.05644047260284424,0.7109375,1,2
22,3201,0.05369537486694754,0.0565679669380188,0.6796875,1,2
22,3202,0.08293418027460576,0.1434537172317505,0.53125,5,6
22,3203,0.02487246482633055,0.10524547100067139,0.39453125,1,1
22,3041,0.0705823637545109,0.10755407810211182,0.5625,1,2
22,3073,0.06615681317634882,0.11069375276565552,0.5390625,1,2
22,3204,0.058062849682755775,0.0760311484336853,0.60546875,1,1
22,3205,0.03585291735362262,0.10141819715499878,0.44140625,2,2
22,3206,0.045711591490544386,0.07525509595870972,0.54296875,1,1
22,3207,0.06282361631747337,0.10020464658737183,0.55078125,2,4
22,3208,0.04030813940335066,0.047883450984954834,0.63671875,1,1
22,3209,0.04675778874661774,0.04875761270523071,0.68359375,1,2
22,3210,0.07476913474965842,0.08882087469100952,0.63671875,1,3
22,3211,0.028124908683821562,0.08944070339202881,0.42578125,1,1
22,3212,0.04852674528956414,0.08687305450439453,0.5234375,1,1
22,3213,0.05600384250283242,0.08533918857574463,0.5625,1,2
22,3214,0.04473789595067502,0.08151531219482422,0.51953125,1,1
22,3215,0.07154202624224128,0.10586565732955933,0.5703125,1,2
22,3216,0.06234632746782155,0.11359900236129761,0.51953125,1,2
22,3217,0.036241195863112814,0.09976071119308472,0.4453125,1,1
22,3218,0.0724157332442701,0.10563206672668457,0.57421875,1,3
22,3219,0.024158752989023927,0.08772540092468262,0.41015625,1,3
22,2958,0.09760424494743349,0.16882896423339844,0.53125,6,6
22,3106,0.0867705133277923,0.17699801921844482,0.49609375,6,7
22,3220,0.04372216772753746,0.15876418352127075,0.41015625,6,8
22,3221,0.014738249243237082,0.10628145933151245,0.35546875,5,5
22,3222,0.0908144738059491,0.15195101499557495,0.5390625,6,6
22,3223,0.03760430403053761,0.03881734609603882,0.6875,6,4
22,3224,0.08792614890262486,0.1692413091659546,0.5078125,7,6
22,3225,0.025344540830701593,0.09203124046325684,0.41015625,6,8
22,3226,0.09075583331286909,0.15968036651611328,0.52734375,5,6
22,3227,0.04512960836291314,0.07551097869873047,0.5390625,6,5
22,3228,0.08437137573491783,0.17924541234970093,0.48828125,7,8
22,3229,0.08767228620126845,0.15695178508758545,0.5234375,6,6
22,3230,0.02092599868774414,0.02092599868774414,0.77734375,5,6
22,3231,0.07798570208251478,0.13961076736450195,0.5234375,6,6
22,3232,0.008415409829467538,0.1196858286857605,0.328125,6,5
22,3233,0.09494673018343748,0.17299902439117432,0.51953125,6,5
22,3234,0.040789853315800435,0.04387480020523071,0.671875,5,3
22,3235,0.09643101133406164,0.17263174057006836,0.5234375,6,7
22,3236,0.09329045843333007,0.15115416049957275,0.546875,6,6
22,3237,0.09084477846045048,0.14052122831344604,0.55859375,4,6
22,3238,0.08985538640990855,0.1580960750579834,0.52734375,6,5
22,3239,0.08284743013791741,0.1594657301902771,0.5078125,5,6
22,3240,0.09613494388759138,0.14434337615966797,0.56640625,6,6
22,3241,0.08621013932861389,0.17942923307418823,0.4921875,6,6
22,3242,0.014279881026595834,0.11077725887298584,0.3515625,5,4
22,3243,0.08505533379502596,0.17702573537826538,0.4921875,6,7
22,3244,0.09479197580367328,0.16969752311706543,0.5234375,3,2
22,3245,0.08808853884693237,0.1549873948097229,0.52734375,5,5
22,3246,0.08367392199579628,0.15808504819869995,0.51171875,3,4
22,3247,0.086551770567894,0.17655181884765625,0.49609375,5,4
22,3248,0.07613080728333445,0.1387152075767517,0.51953125,7,7
22,3249,0.08845696644857527,0.16712164878845215,0.51171875,6,4
22,3250,0.09248887177091093,0.16272956132888794,0.52734375,6,7
22,3251,0.08874141494743527,0.15886574983596802,0.5234375,6,6
22,3252,0.09178657061420382,0.16149389743804932,0.52734375,7,7
22,3253,0.046166219282895334,0.08564168214797974,0.515625,7,7
22,3254,0.07699318416416646,0.13317739963531494,0.53125,3,3
22,3255,0.016793643822893504,0.10615241527557373,0.36328125,5,3
22,3256,0.04552335035987199,0.07616978883743286,0.5390625,5,4
22,3257,0.07828663056716324,0.1452273726463318,0.515625,6,5
22,3258,0.07175741996616126,0.12625360488891602,0.52734375,5,4
22,3259,0.09708292316645385,0.1737987995147705,0.5234375,5,6
22,3260,0.08612859249114992,0.14897918701171875,0.53125,3,2
23,3067,0.05843865312635899,0.08404660224914551,0.578125,1,2
23,3134,0.0720430905930698,0.1081702709197998,0.56640625,5,2
23,3261,0.06193902948871256,0.09727847576141357,0.5546875,2,4
23,3262,0.05721926770638676,0.10067445039749146,0.52734375,2,4
23,3263,0.05476861260831357,0.07359981536865234,0.59765625,1,2
23,3264,0.05097135109826923,0.06760966777801514,0.6015625,1,1
23,3265,0.054046406410634525,0.07359510660171509,0.59375,1,2
23,3266,0.06246558018028737,0.08076357841491699,0.609375,1,2
23,3267,0.03818917274475098,0.03818917274475098,0.73046875,5,2
23,3268,0.048267875798046596,0.0519183874130249,0.671875,5,2
23,3269,0.05404251068830491,0.07358980178833008,0.59375,1,1
23,3270,0.053323125001043095,0.09545958042144775,0.5234375,2,4
23,3271,0.05643629224505276,0.06704264879226685,0.63671875,2,3
23,3272,0.054046406410634525,0.07359510660171509,0.59375,1,1
23,3273,0.03766584396362305,0.03766584396362305,0.71875,5,3
23,3274,0.06337459688074888,0.08865517377853394,0.5859375,2,3
23,3275,0.042318272171542055,0.06646305322647095,0.5546875,1,1
23,3276,0.03831795975565911,0.047160565853118896,0.625,1,1
23,3277,0.06737710302695633,0.09054350852966309,0.59765625,1,2
23,3278,0.05050882336217911,0.07163578271865845,0.58203125,1,3
23,3279,0.04821599274873734,0.06313705444335938,0.60546875,5,2
23,3280,0.049855291843414314,0.072723388671875,0.57421875,2,3
23,3281,0.017387940781191,0.10351890325546265,0.3671875,1,1
23,3282,0.03530790470540524,0.03644686937332153,0.6875,5,2
23,3283,0.0398634672164917,0.0398634672164917,0.734375,5,3
23,3284,0.06898379093036057,0.09270262718200684,0.59765625,1,2
23,3173,0.060180704109370715,0.08655202388763428,0.578125,2,4
23,3154,0.05608193576335908,0.06366729736328125,0.65234375,2,5
23,3285,0.05915342271327973,0.07280421257019043,0.625,2,4
23,3286,0.05027128080837429,0.06262505054473877,0.62109375,2,5
23,3287,0.058560673263855285,0.07295149564743042,0.62109375,2,4
23,3288,0.05054760538041592,0.0511469841003418,0.6953125,2,5
23,3289,0.07125203381292523,0.09097516536712646,0.61328125,1,2
23,3290,0.043584743980318315,0.05238354206085205,0.6328125,2,4
23,3291,0.049204860348254456,0.09652447700500488,0.50390625,2,4
23,3292,0.05887714726850391,0.06914013624191284,0.640625,2,5
23,3293,0.048870347440242774,0.08748817443847656,0.5234375,2,5
23,3294,0.055151102365925915,0.0731537938117981,0.6015625,1,2
23,3295,0.05886029591783882,0.06912034749984741,0.640625,1,2
23,3296,0.05951554980129004,0.07414102554321289,0.62109375,2,5
23,3297,0.0448614382185042,0.06939291954040527,0.55859375,2,4
23,3298,0.05410423665307463,0.06822997331619263,0.6171875,2,4
23,3299,0.056247984291985645,0.09896552562713623,0.52734375,2,3
23,3300,0.045564741594716913,0.05476325750350952,0.6328125,2,3
23,3301,0.060439200606197126,0.07350325584411621,0.62890625,2,4
23,3202,0.10162426833994688,0.13307321071624756,0.60546875,5,6
23,2289,0.0707684261724353,0.114662766456604,0.546875,1,2
23,3302,0.057177116628736264,0.08460891246795654,0.5703125,2,2
23,3303,0.09775345749221744,0.13136422634124756,0.59765625,5,6
23,3304,0.0940884875599295,0.14553868770599365,0.55859375,5,7
23,3305,0.09818117599934341,0.13369351625442505,0.59375,5,5
23,3306,0.09772197133861484,0.13486158847808838,0.58984375,5,7
23,3307,0.03530963696539403,0.036448657512664795,0.6875,2,2
23,3308,0.050881809089332826,0.13639521598815918,0.44921875,5,6
23,3309,0.05227422900497914,0.12992429733276367,0.4609375,1,2
23,3310,0.08819151017814876,0.14756226539611816,0.5390625,6,7
23,3311,0.10775224864482881,0.14292526245117188,0.6015625,5,6
23,3312,0.006658599246293311,0.13112318515777588,0.3203125,1,2
23,3313,0.035148612223565585,0.09181678295135498,0.453125,1,3
23,3314,0.052114769583567984,0.12073647975921631,0.47265625,2,3
23,3315,0.07177973957732321,0.12010204792022705,0.5390625,4,4
23,3076,0.09813035652041437,0.13362431526184082,0.59375,5,6
23,3190,0.08849845803342761,0.12551581859588623,0.58203125,5,5
23,3316,0.07856761175207795,0.11626189947128296,0.5703125,4,5
23,3317,0.04584569844882936,0.046852290630340576,0.69140625,5,4
23,3318,0.03530721180140973,0.03644615411758423,0.6875,5,4
23,3319,0.09027941280510278,0.12459045648574829,0.58984375,5,5
23,3320,0.07034126576036216,0.12167137861251831,0.53125,5,5
23,3321,0.07804996799677612,0.1122516393661499,0.578125,5,4
23,3322,0.04338213801383973,0.08676427602767944,0.5,5,6
23,3323,0.0974693149328232,0.1401805877685547,0.578125,4,3
23,3324,0.05034422874450684,0.0870819091796875,0.53125,4,5
23,3325,0.03396575571969152,0.10169863700866699,0.43359375,6,6
23,3326,0.08517126739025117,0.12603378295898438,0.5703125,5,5
23,3327,0.08902065362781288,0.1280297040939331,0.578125,5,6
23,3328,0.07690510060638191,0.10907316207885742,0.58203125,5,6
23,3329,0.038351237773895264,0.038351237773895264,0.71875,4,4
23,3330,0.09509005397558214,0.13122940063476562,0.58984375,4,6
23,3331,0.03552460740320385,0.10048949718475342,0.44140625,5,5
23,3332,0.07767423545010389,0.11330258846282959,0.57421875,5,5
23,3333,0.08307493664324285,0.12118053436279297,0.57421875,4,5
23,3187,0.10332367382943632,0.14860033988952637,0.578125,1,1
23,3210,0.0652578506851569,0.08545273542404175,0.60546875,1,3
23,3334,0.05893238657154144,0.10368859767913818,0.52734375,1,2
23,3335,0.06220330484211446,0.09478598833084106,0.5625,1,2
23,3336,0.03878086572512985,0.08595585823059082,0.48046875,1,0
23,3337,0.1015566873829812,0.1502804160118103,0.5703125,1,1
23,3338,0.06510683288797738,0.10548955202102661,0.546875,1,2
23,3339,0.06054417742416263,0.089591383934021,0.5703125,1,2
23,3340,0.04901974112726749,0.08775562047958374,0.5234375,1,2
23,3341,0.041880910284817226,0.10409235954284668,0.4609375,1,2
23,3342,0.04814647976309062,0.07800948619842529,0.546875,1,1
23,3343,0.05545291351154447,0.07975250482559204,0.578125,1,3
23,3344,0.06992257619276644,0.09916996955871582,0.58203125,1,2
23,3345,0.05423556338064373,0.0728834867477417,0.59765625,2,4
23,3346,0.06247318419627847,0.09380137920379639,0.56640625,1,3
23,3347,0.07045234786346556,0.09108990430831909,0.609375,2,5
23,3348,0.029680929379537705,0.09154599905014038,0.4296875,1,3
23,3349,0.03667499870061875,0.03944873809814453,0.671875,1,0
23,3350,0.038269131444394595,0.1025853157043457,0.44921875,1,2
23,3351,0.06291358335874976,0.09880906343460083,0.5546875,1,3
23,3352,0.07309777953196318,0.09823113679885864,0.59765625,1,3
23,3353,0.06481724255718292,0.08710348606109619,0.59765625,1,3
23,3354,0.035378234460949905,0.03651946783065796,0.6875,1,0
23,3355,0.04268644284456969,0.05662035942077637,0.6015625,1,1
23,3356,0.060868866741657264,0.0828852653503418,0.59375,1,1
23,3357,0.06686152936890723,0.08985066413879395,0.59765625,1,2
23,2958,0.11299584014341237,0.15807068347930908,0.5859375,6,6
23,3259,0.11522468086332084,0.1634211540222168,0.58203125,5,6
23,3358,0.061262637376785285,0.08810806274414062,0.578125,4,5
23,3359,0.09988983208313586,0.15932583808898926,0.55078125,6,6
23,3360,0.0944819828728214,0.16623634099960327,0.52734375,6,7
23,3361,0.10768786515109242,0.1570831537246704,0.57421875,4,4
23,3362,0.09761357831303032,0.1607014536857605,0.54296875,6,7
23,3363,0.10114372707903387,0.14546513557434082,0.578125,5,3
23,3364,0.09441151143983008,0.13970720767974854,0.5703125,6,6
23,3365,0.09512511570937933,0.14282715320587158,0.56640625,6,6
23,3366,0.0995725898537785,0.1473444104194641,0.5703125,5,5
23,3367,0.02057623863220215,0.02057623863220215,0.765625,6,5
23,3368,0.10564673296175899,0.15862500667572021,0.56640625,6,6
23,3369,0.09787880221847446,0.1561182141304016,0.55078125,6,8
23,3370,0.09998402558267118,0.15012264251708984,0.56640625,6,6
23,3371,0.04360182734671981,0.051796138286590576,0.63671875,4,2
23,3372,0.10152347292751075,0.15944790840148926,0.5546875,6,6
23,3373,0.09613995684776457,0.1635337471961975,0.53515625,6,5
23,3374,0.030883866129443056,0.10471880435943604,0.41796875,6,6
23,3375,0.04290116764605046,0.048169732093811035,0.65625,5,5
23,3376,0.04640108812600375,0.06866288185119629,0.5703125,5,6
23,3377,0.08694225875660778,0.12682175636291504,0.57421875,7,7
23,3378,0.10310528706759216,0.16193222999572754,0.5546875,6,6
23,3379,0.09691862761974336,0.14768552780151367,0.5625,6,7
23,3380,0.0776958684436977,0.1258869767189026,0.546875,5,6
23,3381,0.016227006912231445,0.016227006912231445,0.8046875,3,3
23,3382,0.08351135626435281,0.12010622024536133,0.578125,3,3
23,3383,0.08607730991207065,0.13729465007781982,0.55078125,6,5
23,3384,0.026673589600250132,0.11286675930023193,0.39453125,6,4
23,3385,0.10428588395006956,0.16633760929107666,0.55078125,6,6
23,3386,0.09767589508555831,0.18453896045684814,0.51171875,6,4
23,3387,0.08547455165535213,0.12292969226837158,0.578125,6,8
23,3388,0.10028460156172515,0.15995550155639648,0.55078125,6,7
23,3389,0.1087275822646916,0.15004992485046387,0.58984375,5,3
23,3390,0.034921657294034965,0.08277726173400879,0.46875,6,6
23,3391,0.0028127816040068904,0.13092219829559326,0.30859375,6,4
23,3392,0.04856100771576167,0.09347081184387207,0.5078125,5,6
23,3393,0.047007853165268905,0.06667041778564453,0.58203125,5,5
23,3394,0.09272252046503128,0.1631406545639038,0.52734375,6,7
23,3395,0.03542795032262803,0.03657078742980957,0.6875,4,2
23,3396,0.08971618674695493,0.14090394973754883,0.5546875,6,5
23,3397,0.06701899354811759,0.10366684198379517,0.55859375,6,7
23,3398,0.047121781855821616,0.06416583061218262,0.59375,3,2
24,3357,0.07402554899454118,0.09570980072021484,0.609375,1,2
24,3338,0.0733695470262319,0.11016190052032471,0.56640625,1,2
24,3399,0.057147747953422375,0.07483285665512085,0.60546875,1,1
24,3400,0.07319951860699804,0.08902174234390259,0.62890625,1,2
24,3401,0.06758266547694804,0.10147309303283691,0.56640625,1,2
24,3402,0.04488170146942139,0.04488170146942139,0.703125,1,2
24,3403,0.05769751151092351,0.06698668003082275,0.64453125,2,3
24,3404,0.054069457110017545,0.058776140213012695,0.66796875,1,2
24,3405,0.03687731665559114,0.11041629314422607,0.43359375,1,2
24,3406,0.05319195776246489,0.07340776920318604,0.58984375,1,1
24,3407,0.03799796104431152,0.03799796104431152,0.74609375,1,2
24,3408,0.0636948181781918,0.1083446741104126,0.53515625,1,2
24,3409,0.0631096363067627,0.0631096363067627,0.7109375,1,2
24,3410,0.052469674497842796,0.07995378971099854,0.5625,2,4
24,3411,0.0430692844092846,0.10450935363769531,0.46484375,1,1
24,3412,0.07268831972032787,0.09055089950561523,0.62109375,2,4
24,3413,0.07191421207971872,0.11294502019882202,0.5546875,1,2
24,3414,0.05205602385103703,0.06904840469360352,0.6015625,2,4
24,3415,0.05501606245525183,0.10589557886123657,0.5078125,1,3
24,3416,0.05369440186768771,0.07122159004211426,0.6015625,1,1
24,3417,0.06865686597302557,0.08155989646911621,0.63671875,1,3
24,3418,0.03694945573806763,0.03694945573806763,0.75,2,3
24,3419,0.062158620217815055,0.10573160648345947,0.53515625,2,4
24,3289,0.08206485956907274,0.09636974334716797,0.640625,1,2
24,3284,0.07758709625341,0.09784382581710815,0.6171875,1,2
24,3420,0.057199119823053486,0.0758703351020813,0.6015625,1,1
24,3421,0.053049404639750726,0.08876240253448486,0.5390625,1,2
24,3422,0.04604297876358032,0.04604297876358032,0.7109375,2,3
24,3423,0.0685088192112744,0.09583747386932373,0.5859375,1,2
24,3424,0.05785743682645262,0.07674354314804077,0.6015625,2,3
24,3425,0.08265661634504796,0.08890795707702637,0.671875,1,2
24,3426,0.057199119823053486,0.0758703351020813,0.6015625,1,1
24,3427,0.04594708420336247,0.055878639221191406,0.62890625,1,1
24,3428,0.057199119823053486,0.0758703351020813,0.6015625,1,1
24,3429,0.05717768520116807,0.07584190368652344,0.6015625,1,1
24,3430,0.06216698884963989,0.06216698884963989,0.72265625,1,2
24,3431,0.01594496844336391,0.12369430065155029,0.3515625,1,1
24,3432,0.07182413223199548,0.07976996898651123,0.66015625,1,3
24,3433,0.057350987568497665,0.07509899139404297,0.60546875,1,1
24,3434,0.06943779252469541,0.09455358982086182,0.59375,1,2
24,3435,0.07946556550450624,0.08371680974960327,0.6796875,1,2
24,3436,0.04442931769881398,0.056727707386016846,0.61328125,1,1
24,3437,0.06708108284510673,0.09014570713043213,0.59765625,2,4
24,3306,0.07997601851820947,0.1383368968963623,0.53125,5,7
24,3304,0.07595704868435861,0.14620304107666016,0.5078125,5,7
24,3438,0.06615963310468943,0.13495510816574097,0.49609375,5,7
24,3439,0.04449691530317069,0.14150571823120117,0.42578125,6,7
24,3440,0.09567906393203886,0.15751665830612183,0.54296875,4,5
24,3441,0.034698471543379135,0.0930137038230896,0.44921875,5,5
24,3442,0.05817104130983354,0.10599136352539062,0.51953125,6,8
24,3443,0.04603128856979311,0.10428327322006226,0.4765625,5,4
24,3444,0.010046958923339844,0.010046958923339844,0.89453125,6,8
24,3445,0.09173740446567537,0.15868091583251953,0.53125,4,6
24,3446,0.08394630812108518,0.14520442485809326,0.53125,5,7
24,3447,0.10798647033516319,0.16703647375106812,0.55859375,5,6
24,3448,0.081852815579623,0.1491410732269287,0.51953125,5,6
24,3449,0.042265390744432814,0.08621466159820557,0.49609375,6,6
24,3450,0.0957106575369835,0.16555356979370117,0.53125,7,8
24,3451,0.06428563816007228,0.14248591661453247,0.48046875,5,7
24,3452,0.0483144372701645,0.14055109024047852,0.4375,6,8
24,3337,0.09817754395771773,0.15186375379562378,0.55859375,1,1
24,3358,0.06582229910418393,0.0920792818069458,0.5859375,4,5
24,3453,0.077717830426991,0.1259225606918335,0.546875,1,1
24,3454,0.07858001813292505,0.13592219352722168,0.53125,1,1
24,3455,0.08061433443799616,0.12469649314880371,0.55859375,1,1
24,3456,0.08095945580862464,0.13328373432159424,0.54296875,1,1
24,3457,0.04012453556060791,0.04012453556060791,0.765625,4,5
24,3458,0.08442310569807888,0.1325908899307251,0.5546875,3,3
24,3459,0.08629096299409868,0.1492600440979004,0.53125,4,4
24,3460,0.05497430311515928,0.08768486976623535,0.55078125,4,6
24,3461,0.07087698322720827,0.1291424036026001,0.51953125,4,4
24,3462,0.05584744655061514,0.08638638257980347,0.55859375,5,6
24,3463,0.06387077271938325,0.10686874389648438,0.5390625,5,6
24,3311,0.10123147466219963,0.14357483386993408,0.58203125,5,6
24,3202,0.09416408464312555,0.13542699813842773,0.578125,5,6
24,3464,0.025603923015296466,0.10404133796691895,0.3984375,6,7
24,3465,0.0384178669191897,0.10035687685012817,0.453125,5,5
24,3466,0.08108307339716704,0.12174350023269653,0.56640625,5,5
24,3467,0.047146618366241455,0.047146618366241455,0.73046875,4,2
24,3468,0.09319481160491706,0.14636731147766113,0.5546875,5,6
24,3469,0.04920238349586726,0.11662787199020386,0.46875,5,6
24,3470,0.054477371275424964,0.14230823516845703,0.453125,5,6
24,3471,0.05148113332688809,0.0875692367553711,0.53515625,5,7
24,3472,0.0799684524536133,0.15993690490722656,0.5,5,6
24,3473,0.04113841429352761,0.12317466735839844,0.43359375,5,7
24,3474,0.03830688702873886,0.10268652439117432,0.44921875,5,6
24,3475,0.10622738488018514,0.1618703007698059,0.5625,4,5
24,3476,0.08354885503649713,0.1273125410079956,0.5625,4,4
24,3477,0.08912156894803049,0.13580429553985596,0.5625,4,6
24,3478,0.0812404495663941,0.12957978248596191,0.55078125,5,5
24,3479,0.04741172445937992,0.05765986442565918,0.62890625,5,5
24,3480,0.08292007865384222,0.13023030757904053,0.5546875,5,6
24,3481,0.037041306495666504,0.037041306495666504,0.75,6,8
24,3259,0.10272631235420705,0.1664426326751709,0.546875,5,6
24,2958,0.09672744339331986,0.16184461116790771,0.5390625,6,6
24,3482,0.10971332341432573,0.16718220710754395,0.5625,5,6
24,3483,0.09317709878087045,0.16117119789123535,0.53125,6,7
24,3484,0.09560977458022536,0.15249907970428467,0.55078125,4,2
24,3485,0.041252107359468944,0.08763933181762695,0.48828125,4,4
24,3486,0.1023324044654146,0.17406708002090454,0.53515625,5,7
24,3487,0.1030475851148367,0.1782444715499878,0.53125,6,5
24,3488,0.09129619598388673,0.18259239196777344,0.5,4,5
24,3489,0.095548530574888,0.1434628963470459,0.56640625,6,7
24,3490,0.08003218937665225,0.12967240810394287,0.546875,6,5
24,3491,0.06891401810571553,0.11165815591812134,0.546875,1,1
24,3492,0.049509495496749885,0.10741043090820312,0.484375,5,6
24,3493,0.04557967185974121,0.04557967185974121,0.7109375,5,4
24,3494,0.038128621410578496,0.08637988567352295,0.4765625,6,6
24,3495,0.10988863930106164,0.16744935512542725,0.5625,5,7
24,3496,0.08606625976972283,0.15142929553985596,0.52734375,6,5
24,3497,0.0026353229768574277,0.12266230583190918,0.30859375,6,6
24,3498,0.10047237435355784,0.16540789604187012,0.54296875,5,2
24,3499,0.044456768548116095,0.0839921236038208,0.51171875,6,7
24,3500,0.052721155341714634,0.09438192844390869,0.5234375,4,4
24,3501,0.10806319490075113,0.16466772556304932,0.5625,4,3
24,3502,0.030161654110997922,0.10577237606048584,0.4140625,6,7
24,3503,0.09823615336790682,0.15195441246032715,0.55859375,5,4
24,3504,0.09986965265125038,0.15929365158081055,0.55078125,6,7
24,3505,0.05251526460051537,0.08123207092285156,0.55859375,6,6
24,3506,0.06336288736201824,0.09513723850250244,0.56640625,7,7
24,3507,0.046043905662372715,0.05285757780075073,0.6484375,6,5
24,3508,0.089973958209157,0.1435098648071289,0.55078125,5,5
24,3509,0.09689671173691751,0.1569972038269043,0.546875,5,6
24,3510,0.10205260198563339,0.17359113693237305,0.53515625,7,8
24,3511,0.09322246909141542,0.1864449381828308,0.5,7,6
24,3512,0.07509578112512828,0.1321272850036621,0.52734375,6,7
24,3513,0.0463189147412777,0.061438560485839844,0.6015625,4,2
24,3514,0.045103884302079685,0.06579256057739258,0.57421875,4,4
24,3515,0.0905786321964115,0.14225846529006958,0.5546875,4,4
24,3516,0.06241673463955523,0.1157875657081604,0.515625,5,3
24,3517,0.07471688766963781,0.11917459964752197,0.55078125,7,6
24,3518,0.07072653656359763,0.11643725633621216,0.54296875,5,4
24,3519,0.0986776538193226,0.150365948677063,0.5625,6,8
24,3520,0.09616110753268005,0.16089701652526855,0.5390625,5,2
24,3521,0.10832179477438332,0.15800786018371582,0.57421875,1,1
24,3522,0.027464137994684286,0.1073407530784607,0.40234375,6,5
24,3523,0.10307919420301916,0.15944576263427734,0.55859375,6,6
24,3524,0.07122084568254651,0.11725103855133057,0.54296875,4,5
24,3525,0.09732248820364477,0.18387126922607422,0.51171875,6,6
24,3526,0.06931383814662696,0.11597609519958496,0.5390625,6,5
24,3527,0.10301970667205752,0.16179782152175903,0.5546875,4,3
24,3528,0.090091269928962,0.1875070333480835,0.4921875,4,4
24,3529,0.07335165911354126,0.11520260572433472,0.5546875,4,4
24,3530,0.08262752741575242,0.1479206085205078,0.5234375,5,6
24,3531,0.07300791400484742,0.11644876003265381,0.55078125,2,2
24,3532,0.09909321554005147,0.17140448093414307,0.53125,5,7
24,3533,0.10228712204843761,0.1683955192565918,0.54296875,5,3
24,3534,0.03870964050292969,0.03870964050292969,0.73828125,5,5
24,3535,0.09999506385065617,0.17009127140045166,0.53515625,6,6
24,3536,0.1079973087180406,0.16215431690216064,0.56640625,6,6
25,3404,0.056431591510772705,0.056431591510772705,0.703125,1,2
25,3410,0.0653307775501162,0.07945215702056885,0.62890625,2,4
25,3537,0.03549295663833618,0.03549295663833618,0.73046875,2,2
25,3538,0.03746134042739868,0.03746134042739868,0.7265625,1,2
25,3539,0.056432426441460855,0.07389616966247559,0.60546875,1,3
25,3540,0.03584146499633789,0.03584146499633789,0.73046875,1,1
25,3541,0.07142065116204323,0.09119045734405518,0.61328125,2,4
25,3542,0.03549295663833618,0.03549295663833618,0.73046875,1,2
25,3543,0.01585516403429211,0.1330794095993042,0.34765625,1,1
25,3544,0.052847077604383244,0.10172069072723389,0.5078125,1,1
25,3545,0.05404609441757202,0.05404609441757202,0.7109375,1,2
25,3425,0.07243990979623051,0.0841025710105896,0.64453125,1,2
25,3289,0.0757416409906,0.09103220701217651,0.6328125,1,2
25,3546,0.06608109339140357,0.07260411977767944,0.6640625,1,2
25,3547,0.06604650779627265,0.07335317134857178,0.66015625,1,2
25,3548,0.06580054981168361,0.07308000326156616,0.66015625,1,2
25,3549,0.07395107788033785,0.08585703372955322,0.64453125,1,2
25,3550,0.06556473101954909,0.07788664102554321,0.63671875,1,2
25,3551,0.03549295663833618,0.03549295663833618,0.73046875,1,2
25,3552,0.07991010160185398,0.08875048160552979,0.66015625,1,2
25,3553,0.06971718231216074,0.09752786159515381,0.5859375,2,3
25,3554,0.0684985793195665,0.11276936531066895,0.54296875,1,1
25,3555,0.041565491817891605,0.11441683769226074,0.4453125,1,1
25,3556,0.055996936745941646,0.0657578706741333,0.640625,1,2
25,3557,0.05369915999472142,0.06029379367828369,0.65625,1,3
25,3558,0.07243679987732322,0.08605021238327026,0.63671875,1,3
25,3559,0.056131456978619106,0.06746315956115723,0.6328125,1,2
25,3560,0.04824173450469971,0.04824173450469971,0.7421875,1,2
25,3561,0.029339787084609277,0.09948325157165527,0.41796875,1,2
25,3562,0.06885227817110719,0.07993733882904053,0.64453125,1,2
25,3563,0.037267446517944336,0.037267446517944336,0.71875,1,1
25,3503,0.11084427405148746,0.16168737411499023,0.57421875,5,4
25,3528,0.086575023829937,0.1961345672607422,0.4765625,4,4
25,3564,0.05728139821439983,0.11236810684204102,0.50390625,2,4
25,3565,0.05817679269239307,0.07336580753326416,0.6171875,1,1
25,3566,0.09775136481039227,0.19939720630645752,0.49609375,4,4
25,3567,0.11105391592718662,0.1771327257156372,0.55078125,4,3
25,3568,0.10727812559343876,0.14229637384414673,0.6015625,4,4
25,3569,0.05880488036200405,0.07603055238723755,0.609375,4,4
25,3570,0.05899871094152332,0.06280112266540527,0.67578125,1,1
25,3571,0.019825556315481666,0.12531709671020508,0.36328125,5,3
25,3572,0.06867114268243314,0.08767986297607422,0.61328125,2,3
25,3573,0.07604768313467504,0.08538687229156494,0.65625,1,2
25,3574,0.03549295663833618,0.03549295663833618,0.73046875,2,4
25,3575,0.035407939692959196,0.10601675510406494,0.43359375,1,1
25,3576,0.04833865724503995,0.049897968769073486,0.6875,1,1
25,3577,0.05982935428619385,0.05982935428619385,0.70703125,5,4
25,3578,0.05819031037390233,0.07338285446166992,0.6171875,1,1
25,3579,0.05803567066323013,0.0689426064491272,0.63671875,1,2
25,3580,0.1067056078463793,0.18457186222076416,0.53125,4,4
25,3581,0.07462197798304261,0.08663594722747803,0.64453125,1,2
25,3582,0.09957921924069527,0.18813490867614746,0.51171875,5,6
25,3583,0.05682304501533509,0.09206771850585938,0.546875,1,2
25,3584,0.03958785615395755,0.09606152772903442,0.46484375,2,3
25,3585,0.08242325624451043,0.10656744241714478,0.609375,1,3
25,3586,0.08398530073463918,0.1339578628540039,0.55078125,5,5
25,3536,0.11505336302798243,0.17274874448776245,0.56640625,6,6
25,3504,0.1064038274344057,0.1697157621383667,0.55078125,6,7
25,3587,0.017960051540285352,0.12099403142929077,0.359375,5,5
25,3588,0.11237144214101137,0.16391503810882568,0.57421875,5,4
25,3589,0.054858428193256266,0.09031355381011963,0.54296875,6,8
25,3590,0.0903885109582916,0.12474101781845093,0.58984375,6,5
25,3591,0.10044266330078246,0.1465146541595459,0.57421875,6,7
25,3592,0.05000114114955068,0.0850517749786377,0.53515625,6,7
25,3593,0.017915189266204834,0.017915189266204834,0.80078125,6,6
25,3594,0.10259476304054262,0.15633487701416016,0.5625,6,6
25,3595,0.11112337699159981,0.14013588428497314,0.6171875,6,7
25,3596,0.03186676232144237,0.10805153846740723,0.41796875,6,9
25,3597,0.09792391350492836,0.17842364311218262,0.51953125,5,6
25,3598,0.09549426008015872,0.1234673261642456,0.609375,6,5
25,3599,0.10812875535339118,0.18092131614685059,0.5390625,6,6
25,3600,0.10276220575906338,0.13630634546279907,0.6015625,5,5
25,3601,0.11434682738035919,0.16445386409759521,0.578125,6,7
25,3602,0.11920131184160711,0.1623166799545288,0.59375,5,7
25,3603,0.04511110112071038,0.10219860076904297,0.4765625,6,6
25,3604,0.10871688136830927,0.154191255569458,0.58203125,6,6
25,3605,0.09823865164071323,0.17586779594421387,0.5234375,6,6
25,3606,0.11067791772074999,0.17119967937469482,0.55859375,6,6
25,3607,0.11292184679768981,0.16709822416305542,0.5703125,6,6
25,3521,0.112111808732152,0.16833209991455078,0.56640625,1,1
25,3501,0.11488608084619047,0.17506450414657593,0.5625,4,3
25,3608,0.04650557041168213,0.04650557041168213,0.703125,4,2
25,3609,0.12236572452820839,0.17117828130722046,0.5859375,4,4
25,3610,0.055216735694557435,0.0613253116607666,0.66015625,5,3
25,3611,0.06164976209402085,0.08394861221313477,0.59375,5,4
25,3612,0.11135948484297843,0.17762011289596558,0.55078125,4,3
25,3613,0.08214800572022797,0.20417368412017822,0.4609375,4,2
25,3614,0.04946117871440948,0.07650792598724365,0.55859375,5,4
25,3615,0.11353245563805105,0.1632826328277588,0.578125,4,3
25,3616,0.05755560123361648,0.0864177942276001,0.56640625,4,2
25,3617,0.11357614025473596,0.17306840419769287,0.5625,5,3
25,3618,0.11583782848902048,0.16897141933441162,0.57421875,5,4
25,3619,0.04829440405592323,0.09851288795471191,0.49609375,1,1
25,3620,0.10873528569936754,0.1338280439376831,0.625,4,2
25,3621,0.0371248722076416,0.0371248722076416,0.7265625,4,3
25,3622,0.10415466106496753,0.13996636867523193,0.59765625,1,1
25,3623,0.112111808732152,0.16833209991455078,0.56640625,1,1
25,3624,0.09716075845062734,0.16806185245513916,0.53125,1,1
25,3625,0.11551084415987135,0.15941119194030762,0.58984375,4,3
25,3626,0.01979207992553711,0.01979207992553711,0.80859375,1,2
25,3627,0.12592105404473844,0.1513417363166809,0.6328125,1,1
25,3628,0.10976159176789226,0.16978228092193604,0.55859375,1,1
25,3629,0.11145922355353834,0.1777791976928711,0.55078125,1,1
25,3630,0.11294964910484852,0.1601945161819458,0.58203125,4,2
25,3631,0.10710010305047037,0.1792001724243164,0.5390625,5,4
25,3632,0.03689730167388916,0.03689730167388916,0.7265625,1,0
25,3495,0.11120144999586047,0.17736804485321045,0.55078125,5,7
25,3482,0.10758053441531958,0.17711007595062256,0.54296875,5,6
25,3633,0.11305452510714532,0.16259527206420898,0.578125,4,4
25,3634,0.04885031760204584,0.051998674869537354,0.67578125,7,7
25,3635,0.05170879419893027,0.09256958961486816,0.5234375,6,7
25,3636,0.12036242953035982,0.16610664129257202,0.58984375,5,6
25,3637,0.09399526519700886,0.15229612588882446,0.546875,6,6
25,3638,0.09940891340374948,0.13906383514404297,0.5859375,5,7
25,3639,0.11503643263131381,0.1487339735031128,0.609375,7,6
25,3640,0.09337698295712472,0.13429498672485352,0.578125,4,7
25,3641,0.1077474430203438,0.14479446411132812,0.59765625,6,3
25,3642,0.10561494738794865,0.14979183673858643,0.58203125,5,5
25,3643,0.11361239571124317,0.17573881149291992,0.55859375,4,6
25,3644,0.12595937948208305,0.1496315598487854,0.63671875,6,6
25,3645,0.11031041597016157,0.17594683170318604,0.55078125,6,6
25,3646,0.11641462706029417,0.16742777824401855,0.578125,5,5
25,3647,0.10222681798040868,0.13920247554779053,0.59375,5,5
25,3648,0.06417415570467712,0.08297264575958252,0.609375,6,7
25,3649,0.10592701006680728,0.13358283042907715,0.6171875,7,8
25,3650,0.06146857189014555,0.08840423822402954,0.578125,6,5
25,3651,0.04267601668834687,0.09886932373046875,0.47265625,7,7
25,3652,0.11558765335939826,0.17355096340179443,0.56640625,5,6
25,3653,0.054814945789985366,0.09024196863174438,0.54296875,7,6
25,3654,0.03474511415697635,0.11049377918243408,0.42578125,5,5
25,3655,0.11226441781036557,0.1736537218093872,0.55859375,5,5
25,3656,0.10929188015870751,0.1550067663192749,0.58203125,6,5
25,3657,0.11876789492089303,0.14795416593551636,0.62109375,5,6
25,3658,0.07853055268060417,0.10553187131881714,0.59765625,5,6
25,3659,0.10423479648306967,0.16370618343353271,0.5546875,6,6
25,3660,0.049146461067721255,0.08798247575759888,0.5234375,4,5
25,3661,0.11307548545300962,0.15397512912750244,0.59375,6,6
25,3662,0.04124099016189575,0.04124099016189575,0.7421875,4,7
25,3663,0.10895306803286077,0.17653155326843262,0.546875,4,6
25,3664,0.06751931807957591,0.09318029880523682,0.58984375,4,3
25,3665,0.033086935989558704,0.11218881607055664,0.41796875,4,4
25,3666,0.10596260195598008,0.15680015087127686,0.5703125,4,5
25,3667,0.07062700204551221,0.20546036958694458,0.4375,5,4
25,3668,0.1206191796809435,0.16873502731323242,0.5859375,7,6
25,3669,0.06407923996448518,0.07274627685546875,0.65234375,6,6
25,3670,0.0666314889676869,0.08507561683654785,0.61328125,4,5
25,3671,0.11495431512594224,0.16768264770507812,0.57421875,6,6
25,3672,0.10584296006709339,0.18622541427612305,0.52734375,5,6
25,3673,0.10417893948033453,0.161146879196167,0.55859375,5,6
25,3674,0.05934110470116139,0.09319829940795898,0.5546875,3,4
26,3541,0.054882223717868335,0.08892309665679932,0.546875,2,4
26,3410,0.05123558058403433,0.07692849636077881,0.56640625,2,4
26,3675,0.05378774087876082,0.07735764980316162,0.578125,3,6
26,3676,0.05632388591766358,0.08582687377929688,0.5625,1,2
26,3677,0.03409582376480103,0.09918785095214844,0.4375,1,3
26,3678,0.03264012513682247,0.08749604225158691,0.44921875,2,3
26,3679,0.0531636942178011,0.07982349395751953,0.56640625,2,3
26,3680,0.04365849518217147,0.08905637264251709,0.49609375,2,4
26,3681,0.041445038747042424,0.10056805610656738,0.46484375,2,3
26,3682,0.002807695185765628,0.1306854486465454,0.30859375,2,3
26,3683,0.03482394479215146,0.1013060212135315,0.4375,2,4
26,3684,0.044810595922172076,0.08625197410583496,0.5078125,2,2
26,3573,0.057988093234598644,0.08458662033081055,0.57421875,1,2
26,3581,0.06140661821700633,0.0859021544456482,0.5859375,1,2
26,3685,0.04932549130171538,0.06716662645339966,0.59375,1,1
26,3686,0.038106411695480354,0.09032630920410156,0.46875,2,2
26,3687,0.044301986694335944,0.08860397338867188,0.5,2,2
26,3688,0.06035493407398463,0.08680260181427002,0.578125,1,2
26,3689,0.04996396321803332,0.06459987163543701,0.609375,1,1
26,3690,0.048668952658772476,0.06627261638641357,0.59375,1,1
26,3691,0.05443528853356839,0.08173274993896484,0.56640625,1,2
26,3692,0.052647987380623824,0.08530306816101074,0.546875,1,3
26,3693,0.04382079932838679,0.05665719509124756,0.609375,1,1
26,3694,0.038106914609670646,0.09032750129699707,0.46875,1,1
26,3695,0.03442943003028632,0.03627133369445801,0.6796875,1,1
26,3696,0.05576920532621444,0.09181296825408936,0.54296875,1,2
26,3697,0.05992630205582828,0.07287949323654175,0.62890625,1,2
26,3698,0.03895945788826794,0.09025901556015015,0.47265625,1,1
26,3699,0.060493591474369175,0.08129322528839111,0.59765625,1,2
26,3552,0.06088944291695953,0.08881878852844238,0.57421875,1,2
26,3289,0.06445634737610818,0.09141731262207031,0.58203125,1,2
26,3700,0.050059951841831214,0.06161224842071533,0.625,1,1
26,3701,0.037736491532996304,0.04191124439239502,0.66015625,2,3
26,3702,0.03838410554453731,0.05369579792022705,0.5859375,1,2
26,3703,0.05934740114025772,0.08656942844390869,0.57421875,1,2
26,3704,0.04381500952877105,0.07331138849258423,0.5390625,1,1
26,3705,0.050921377725899226,0.06583774089813232,0.609375,1,1
26,3706,0.046171369263902313,0.08723151683807373,0.51171875,1,3
26,3707,0.053707374609075494,0.08307605981826782,0.55859375,1,2
26,3708,0.05821781931445003,0.09143412113189697,0.5546875,1,3
26,3709,0.03904640395194293,0.051129817962646484,0.60546875,2,3
26,3710,0.044553812127560384,0.09875130653381348,0.48046875,2,4
26,3711,0.060979918343946345,0.09155929088592529,0.56640625,1,2
26,3712,0.04884530720300973,0.07333958148956299,0.56640625,1,1
26,3713,0.05756244715303184,0.09476518630981445,0.54296875,1,2
26,3714,0.03476557973772288,0.036252498626708984,0.68359375,1,0
26,3715,0.04637501854449511,0.05445873737335205,0.640625,1,1
26,3716,0.03532205522060395,0.04147911071777344,0.640625,2,3
26,3717,0.055975266383029534,0.10199052095413208,0.51953125,1,2
26,3718,0.03476557973772288,0.036252498626708984,0.68359375,1,1
26,3719,0.04424706799909473,0.0851672887802124,0.5078125,1,1
26,3585,0.05635702365543695,0.10268610715866089,0.51953125,1,3
26,3664,0.052587023004889495,0.09096133708953857,0.53125,4,3
26,3720,0.04541000747121871,0.10287576913833618,0.4765625,1,4
26,3721,0.05094163259491325,0.1060248613357544,0.4921875,1,3
26,3722,0.05952143552713097,0.08807796239852905,0.5703125,1,3
26,3723,0.05054669454693795,0.10966062545776367,0.484375,1,3
26,3724,0.061769687337800874,0.10335320234298706,0.5390625,1,3
26,3725,0.05063773121219129,0.08613461256027222,0.53515625,4,3
26,3726,0.030659826938062913,0.1006271243095398,0.421875,2,4
26,3727,0.041747689247131355,0.07221221923828125,0.53125,1,2
26,3728,0.008940238505601886,0.1271500587463379,0.328125,1,3
26,3729,0.04044802766293288,0.07503402233123779,0.515625,4,3
26,3730,0.031520484248176224,0.0867660641670227,0.4453125,4,4
26,3731,0.06211386399809272,0.08809500932693481,0.58203125,1,3
26,3601,0.09429142856970431,0.15523219108581543,0.54296875,6,7
26,3655,0.09684620844200255,0.1647350788116455,0.53515625,5,5
26,3732,0.09764885785989465,0.1661003828048706,0.53515625,5,6
26,3733,0.09427489154040815,0.16307008266448975,0.53125,6,8
26,3734,0.10061413608491422,0.16302037239074707,0.546875,5,4
26,3735,0.045556843280792236,0.045556843280792236,0.703125,7,8
26,3736,0.05171394348144531,0.05171394348144531,0.70703125,6,7
26,3737,0.027608432807028297,0.09061229228973389,0.421875,6,7
26,3738,0.04061596794053913,0.047695815563201904,0.640625,5,3
26,3739,0.049394652480259545,0.052578091621398926,0.67578125,5,4
26,3740,0.012044310569763184,0.012044310569763184,0.87109375,5,4
26,3741,0.08079373789951207,0.12689077854156494,0.5546875,6,6
26,3742,0.09416847582906486,0.1550297737121582,0.54296875,6,7
26,3743,0.08596879523247482,0.16242074966430664,0.51171875,4,3
26,3744,0.08792743622325362,0.1471204161643982,0.5390625,6,7
26,3745,0.03767485404387117,0.08350443840026855,0.48046875,6,6
26,3746,0.07861847430467607,0.13598871231079102,0.53125,6,6
26,3747,0.04974509216845036,0.05465555191040039,0.6640625,5,5
26,3748,0.04823920130729676,0.08344078063964844,0.53125,6,7
26,3749,0.0836821827106178,0.13558632135391235,0.546875,6,7
26,3750,0.08800162479747088,0.13612335920333862,0.55859375,6,6
26,3751,0.04242925788275898,0.08654892444610596,0.49609375,6,6
26,3752,0.08812090009450914,0.15775489807128906,0.5234375,4,3
26,3753,0.08264865633100273,0.15908312797546387,0.5078125,7,8
26,3644,0.09347903635352851,0.13832736015319824,0.5703125,6,6
26,3627,0.0891315075568855,0.13998568058013916,0.5546875,1,1
26,3754,0.09444684721529485,0.1926565170288086,0.49609375,6,6
26,3755,0.0882941691670567,0.15018808841705322,0.53515625,7,7
26,3756,0.09187553822994234,0.1400008201599121,0.5625,5,7
26,3757,0.10297556233126672,0.15020936727523804,0.57421875,5,3
26,3758,0.037536037852987654,0.08319675922393799,0.48046875,5,3
26,3759,0.09805376536678524,0.15639728307724,0.55078125,5,8
26,3760,0.08833730686455966,0.15279966592788696,0.53125,6,5
26,3761,0.08856137364637108,0.16136449575424194,0.51953125,5,4
26,3762,0.015742448158562187,0.11352300643920898,0.35546875,6,5
26,3763,0.08834563533309849,0.1454436182975769,0.54296875,6,6
26,3764,0.08193629293236883,0.13937336206436157,0.53515625,6,7
26,3765,0.009985886164940897,0.12470179796218872,0.33203125,7,6
26,3766,0.08995570882689209,0.15301436185836792,0.53515625,5,7
26,3767,0.03981974162161351,0.04676079750061035,0.640625,6,5
26,3768,0.07942593563348056,0.12869012355804443,0.546875,1,1
26,3769,0.09164855384733529,0.17978566884994507,0.50390625,6,7
26,3770,0.0464077452197671,0.08608973026275635,0.515625,5,5
26,3771,0.09054425766225906,0.15401548147201538,0.53515625,6,8
26,3772,0.08969197259284557,0.13873803615570068,0.55859375,6,5
26,3773,0.08665497531183065,0.1578909158706665,0.51953125,5,4
26,3774,0.07447988982312383,0.12261641025543213,0.54296875,6,4
26,3775,0.08074172493070365,0.13509726524353027,0.5390625,7,8
26,3776,0.04116046638228,0.08566731214523315,0.4921875,4,3
26,3777,0.09742383914999665,0.16300982236862183,0.5390625,6,8
26,3778,0.09605557809118183,0.16339021921157837,0.53515625,5,6
26,3779,0.10203231009654702,0.15098422765731812,0.5703125,4,3
26,3780,0.09190441586542876,0.1674557328224182,0.51953125,5,6
26,3781,0.04435173841193319,0.05734366178512573,0.609375,5,3
26,3782,0.08757986163254829,0.15957611799240112,0.51953125,7,7
26,3783,0.03410950955003501,0.09648656845092773,0.44140625,6,6
26,3784,0.08856088295578958,0.1613636016845703,0.51953125,1,1
26,3785,0.09892645000945778,0.1628628373146057,0.54296875,7,6
26,3786,0.09982031933031978,0.16433441638946533,0.54296875,4,4
26,3787,0.0843283651629463,0.15932148694992065,0.51171875,7,7
26,3788,0.04757510032504798,0.07708370685577393,0.546875,4,4
26,3789,0.08227818808518352,0.13995492458343506,0.53515625,5,6
26,3790,0.03810711577534676,0.09032797813415527,0.46875,6,5
26,3791,0.04799884115345777,0.05449092388153076,0.65234375,6,5
26,3792,0.01567089557647705,0.01567089557647705,0.80859375,5,6
26,3793,0.10344996163621546,0.16247355937957764,0.5546875,4,3
26,3794,0.09814011259004475,0.1642082929611206,0.5390625,6,5
26,3795,0.09763501281850041,0.16336315870285034,0.5390625,4,4
26,3796,0.04551470023579896,0.07742035388946533,0.53515625,6,6
26,3797,0.08280523493885995,0.14323067665100098,0.53125,6,5
26,3798,0.09097503498196603,0.1573622226715088,0.53125,4,2
26,3799,0.08921708073467018,0.1445542573928833,0.546875,5,6
26,3800,0.09434998780488969,0.14377140998840332,0.5625,4,3
26,3801,0.044135982869192965,0.08338606357574463,0.51171875,5,6
26,3802,0.022253304719924934,0.1026458740234375,0.38671875,5,4
26,3803,0.04014195548370481,0.08188319206237793,0.49609375,5,5
26,3804,0.054215401411056525,0.08261394500732422,0.5625,6,8
26,3805,0.09622514154762031,0.16367864608764648,0.53515625,7,6
26,3806,0.037102881702594466,0.04212123155593872,0.65234375,7,6
26,3807,0.04963236255571247,0.06417113542556763,0.609375,4,4
26,3808,0.09806680725887419,0.1564180850982666,0.55078125,5,4
26,3809,0.048983097076416016,0.048983097076416016,0.7109375,7,7
26,3810,0.09626740124076606,0.1489090919494629,0.55859375,6,6
26,3811,0.04883104166947306,0.07225865125656128,0.5703125,4,3
26,3812,0.07965119066648187,0.16921746730804443,0.48828125,4,3
27,3676,0.05886727524921299,0.08586907386779785,0.57421875,1,2
27,3541,0.06394124077633025,0.08944785594940186,0.5859375,2,4
27,3813,0.05151742917951198,0.09733182191848755,0.51171875,2,4
27,3814,0.05701709864661098,0.07976162433624268,0.5859375,1,2
27,3815,0.05948188086040319,0.08801943063735962,0.5703125,2,4
27,3816,0.040491460706107325,0.04222327470779419,0.68359375,3,5
27,3817,0.05343928909860552,0.06348240375518799,0.63671875,1,1
27,3818,0.04556028009392322,0.08156245946884155,0.5234375,1,2
27,3819,0.024875390809029348,0.12015283107757568,0.3828125,2,4
27,3820,0.05998818657826633,0.07855230569839478,0.60546875,2,3
27,3821,0.06211345503106714,0.0746527910232544,0.6328125,1,3
27,3822,0.05632293224334717,0.05632293224334717,0.71875,4,7
27,3823,0.05280064721591771,0.06345993280410767,0.6328125,1,3
27,3824,0.05326956883072854,0.06556254625320435,0.625,2,3
27,3825,0.008367657661437988,0.008367657661437988,0.88671875,1,1
27,3826,0.05701875954400749,0.07280200719833374,0.61328125,1,2
27,3581,0.0794744291342795,0.08826661109924316,0.66015625,1,2
27,3699,0.07408246211707593,0.08318030834197998,0.65625,1,2
27,3827,0.035592896863818176,0.08436834812164307,0.46875,1,1
27,3828,0.05841584969311953,0.09174513816833496,0.5546875,1,1
27,3829,0.06456064106896521,0.06801450252532959,0.6796875,1,1
27,3830,0.07106944685801865,0.07644444704055786,0.671875,1,1
27,3831,0.03603571653366089,0.03603571653366089,0.71484375,2,4
27,3832,0.062468505464494235,0.0658104419708252,0.6796875,1,2
27,3833,0.036370277404785156,0.036370277404785156,0.734375,2,2
27,3834,0.05829041788820178,0.07089000940322876,0.62890625,1,1
27,3835,0.053575940430164344,0.08163952827453613,0.5625,1,2
27,3836,0.05523781385272742,0.06486642360687256,0.640625,1,1
27,3837,0.08904988691210748,0.09998583793640137,0.65625,1,2
27,3838,0.06403773603960873,0.06544375419616699,0.69140625,2,4
27,3839,0.07106944685801865,0.07644444704055786,0.671875,1,1
27,3840,0.04327366454526783,0.04754531383514404,0.6640625,1,1
27,3841,0.06051720632240177,0.0664910078048706,0.6640625,1,1
27,3842,0.07106944685801865,0.07644444704055786,0.671875,1,1
27,3843,0.08220654318574817,0.11047178506851196,0.59765625,1,3
27,3844,0.07140349200926722,0.0959542989730835,0.59765625,1,3
27,3731,0.07161095761694015,0.09030741453170776,0.6171875,1,3
27,3724,0.07988813333213331,0.10878384113311768,0.59375,1,3
27,3845,0.042051938595250256,0.11272561550140381,0.44921875,2,4
27,3846,0.06267575547099115,0.10661125183105469,0.53515625,1,3
27,3847,0.08789583295583726,0.10321712493896484,0.640625,1,2
27,3848,0.03217915946152062,0.10233372449874878,0.42578125,1,3
27,3849,0.044684233842417605,0.06518042087554932,0.57421875,1,2
27,3850,0.08061718568205835,0.1069326400756836,0.6015625,1,3
27,3851,0.03675508499145508,0.03675508499145508,0.7265625,1,1
27,3852,0.038613736629486084,0.038613736629486084,0.703125,1,2
27,3853,0.07770018500741573,0.09449523687362671,0.62890625,1,4
27,3854,0.03187640383839608,0.09273135662078857,0.4375,1,2
27,3855,0.04593342263251544,0.09965217113494873,0.484375,1,2
27,3856,0.04479519976302982,0.12007927894592285,0.44921875,1,2
27,3857,0.044473690446466214,0.13717186450958252,0.4296875,1,2
27,3858,0.041283114347606904,0.0956423282623291,0.47265625,1,3
27,3859,0.051090876571834094,0.12110430002212524,0.46875,2,3
27,3860,0.07443535747006537,0.11014711856842041,0.5703125,1,3
27,3861,0.056705054128542556,0.10332024097442627,0.51953125,1,2
27,3289,0.07809988385997714,0.09386652708053589,0.6328125,1,2
27,3711,0.08118286554235966,0.09425312280654907,0.64453125,1,2
27,3862,0.06850624864455314,0.07608503103256226,0.66015625,1,3
27,3863,0.04302587604615838,0.046771228313446045,0.66796875,1,2
27,3864,0.07049319986253978,0.0791502594947815,0.65625,1,3
27,3865,0.05458320188336075,0.08443081378936768,0.55859375,1,1
27,3866,0.05280365655198694,0.07594233751296997,0.578125,1,1
27,3867,0.07898798026144506,0.09067678451538086,0.6484375,1,2
27,3868,0.05239780945703388,0.06950175762176514,0.6015625,1,1
27,3869,0.06944989040493967,0.06958580017089844,0.69921875,1,2
27,3870,0.043578098528087146,0.05237555503845215,0.6328125,1,2
27,3871,0.05750352365430445,0.05761605501174927,0.69921875,1,2
27,3872,0.04691994958557189,0.05706179141998291,0.62890625,1,1
27,3873,0.052119777537882335,0.07004022598266602,0.59765625,1,1
27,3874,0.07906928379088642,0.09179925918579102,0.64453125,1,2
27,3875,0.07601599046029152,0.08442556858062744,0.66015625,1,3
27,3876,0.06950737070292236,0.07979321479797363,0.6484375,1,2
27,3877,0.050960421562194824,0.050960421562194824,0.75390625,1,2
27,3878,0.07462138496339323,0.08378541469573975,0.65625,1,2
27,3879,0.06752392963971944,0.07665687799453735,0.65234375,1,3
27,3880,0.07343360246159138,0.0843004584312439,0.6484375,1,2
27,3734,0.11032912298105658,0.16326159238815308,0.5703125,5,4
27,3732,0.10157122975215317,0.1645711064338684,0.546875,5,6
27,3881,0.10237117856740953,0.15599417686462402,0.5625,4,4
27,3882,0.054337388835847385,0.06769037246704102,0.62109375,6,6
27,3883,0.10443571116775276,0.16402173042297363,0.5546875,6,7
27,3884,0.10180807393044235,0.1623854637145996,0.55078125,5,4
27,3885,0.10157847870141269,0.1503126621246338,0.5703125,7,9
27,3886,0.08944839332252742,0.1659332513809204,0.515625,5,6
27,3887,0.05030513089150191,0.072348952293396,0.578125,5,5
27,3888,0.04367721080780029,0.04367721080780029,0.734375,5,5
27,3889,0.03340426436625422,0.08954441547393799,0.44921875,6,6
27,3890,0.09484019083902241,0.15127158164978027,0.55078125,5,2
27,3891,0.07844226830638946,0.11777842044830322,0.56640625,5,5
27,3892,0.04613797646015883,0.08558928966522217,0.515625,6,8
27,3893,0.059295345097780235,0.08074259757995605,0.59375,7,8
27,3894,0.04505729675292969,0.04505729675292969,0.734375,5,3
27,3895,0.06432184018194677,0.08531808853149414,0.6015625,5,5
27,3896,0.04584658145904541,0.04584658145904541,0.7265625,5,3
27,3897,0.09041114186402412,0.1442071795463562,0.55078125,5,5
27,3898,0.09492904914077373,0.14253276586532593,0.56640625,6,8
27,3899,0.04328036308288574,0.04328036308288574,0.703125,5,6
27,3900,0.10242831008508803,0.16086900234222412,0.5546875,4,3
27,3901,0.09779319306835534,0.14683318138122559,0.56640625,5,5
27,3902,0.09897424082737417,0.16294151544570923,0.54296875,6,5
27,3903,0.10369303962215783,0.1734994649887085,0.5390625,6,7
27,3904,0.09873351268470289,0.16254520416259766,0.54296875,4,3
27,3905,0.01852769358083606,0.12481814622879028,0.359375,6,6
27,3906,0.06158377428073437,0.08275824785232544,0.59765625,4,3
27,3907,0.047701934934593744,0.05415385961532593,0.65234375,5,4
27,3793,0.09982534404844047,0.16174232959747314,0.546875,4,3
27,3757,0.1013401437085122,0.1499599814414978,0.5703125,5,3
27,3908,0.10048633720725776,0.16281330585479736,0.546875,4,3
27,3909,0.08878230582922698,0.12419819831848145,0.5859375,7,5
27,3910,0.10262568492908032,0.14555221796035767,0.58203125,6,5
27,3911,0.013981213793158536,0.12782824039459229,0.34375,5,6
27,3912,0.013233336154371505,0.13285231590270996,0.33984375,4,2
27,3913,0.10707086033653469,0.1821271777153015,0.53515625,6,8
27,3914,0.10182442143559457,0.1551610231399536,0.5625,4,3
27,3915,0.10014347941614689,0.17927783727645874,0.5234375,3,3
27,3916,0.10447593964636327,0.16408491134643555,0.5546875,6,5
27,3917,0.013233959558419888,0.13285857439041138,0.33984375,6,4
27,3918,0.10395394684746863,0.156083345413208,0.56640625,5,8
27,3919,0.10041222441941501,0.16800999641418457,0.5390625,4,2
27,3920,0.026153564453125,0.026153564453125,0.7734375,5,5
27,3921,0.03952498035505415,0.09156918525695801,0.47265625,4,2
27,3922,0.026336305774748332,0.11624300479888916,0.390625,3,3
27,3923,0.04278822732158006,0.10382735729217529,0.46484375,4,3
27,3924,0.10110321315005423,0.16644644737243652,0.54296875,7,7
27,3925,0.09768245019949974,0.14248836040496826,0.57421875,5,4
27,3926,0.10018003149889411,0.1573379635810852,0.5546875,4,4
27,3927,0.10148260928690435,0.1644275188446045,0.546875,5,4
27,3928,0.10213662497699262,0.16290950775146484,0.55078125,4,2
27,3929,0.05271921213716269,0.07690095901489258,0.57421875,5,2
27,3930,0.09542605001479389,0.1498715877532959,0.5546875,6,6
27,3931,0.05937196873128415,0.0853888988494873,0.578125,7,6
27,3932,0.10293387668207289,0.15455174446105957,0.56640625,5,3
27,3933,0.09909087605774404,0.1580514907836914,0.55078125,7,7
27,3934,0.09199384739622475,0.1539243459701538,0.5390625,7,6
27,3935,0.0982091585174203,0.14325666427612305,0.57421875,4,4
27,3936,0.10127536533400418,0.15665555000305176,0.55859375,7,5
27,3937,0.09481740556657316,0.136366605758667,0.578125,7,7
27,3938,0.05402954295277596,0.09345650672912598,0.53125,4,4
27,3939,0.09745539794676007,0.16044104099273682,0.54296875,4,4
27,3940,0.10440129693597557,0.15015017986297607,0.578125,5,4
27,3941,0.0,0.22903543710708618,0.21484375,4,3
27,3942,0.11490514758042993,0.1607416272163391,0.5859375,5,4
27,3943,0.10228393739089371,0.15135657787322998,0.5703125,5,3
27,3944,0.06200104218441994,0.07723730802536011,0.62109375,4,2
27,3945,0.0746680209413171,0.12098109722137451,0.546875,3,1
27,3946,0.11198986507952215,0.1566634178161621,0.5859375,5,4
27,3947,0.047727359225973494,0.09186619520187378,0.5078125,6,4
27,3948,0.09638847340829672,0.14909636974334717,0.55859375,6,8
27,3949,0.10353026702068747,0.16014349460601807,0.55859375,4,5
27,3950,0.10310968465637417,0.16446155309677124,0.55078125,4,3
28,3541,0.06038790766615421,0.09067040681838989,0.56640625,2,4
28,3820,0.05514321452938021,0.0804368257522583,0.57421875,2,3
28,3951,0.05947870376985521,0.07065683603286743,0.63671875,1,3
28,3952,0.04841488134115935,0.06866598129272461,0.58203125,2,4
28,3953,0.05623029917478562,0.07866096496582031,0.5859375,1,2
28,3954,0.05282329535111786,0.10167491436004639,0.5078125,3,4
28,3955,0.027881723013706512,0.10124427080154419,0.41015625,2,4
28,3956,0.05994017212651671,0.07289636135101318,0.62890625,1,3
28,3957,0.062112488318234696,0.10392677783966064,0.5390625,2,4
28,3958,0.04058883199468256,0.0560147762298584,0.58984375,3,3
28,3959,0.06023927405476571,0.09179317951202393,0.5625,2,3
28,3960,0.05949698318727315,0.07891827821731567,0.6015625,3,5
28,3961,0.04167354432865978,0.04390299320220947,0.6796875,2,2
28,3962,0.05592481885105373,0.09673482179641724,0.53125,2,4
28,3963,0.042304620961658664,0.04598718881607056,0.66796875,1,2
28,3964,0.05732216639444233,0.09002745151519775,0.5546875,1,2
28,3965,0.04264570632949472,0.045394182205200195,0.67578125,2,2
28,3711,0.07249566586688162,0.09616005420684814,0.6015625,1,2
28,3874,0.0675606078002602,0.09323728084564209,0.58984375,1,2
28,3966,0.06664902821648867,0.08956509828567505,0.59765625,1,3
28,3967,0.0629487093538046,0.10199284553527832,0.546875,1,2
28,3968,0.042977184057235725,0.07433891296386719,0.53125,1,1
28,3969,0.04768225317820907,0.05295729637145996,0.66015625,2,2
28,3970,0.06337180850096048,0.0995287299156189,0.5546875,1,2
28,3971,0.019432902336120605,0.019432902336120605,0.78125,1,1
28,3972,0.03629200160503388,0.037462711334228516,0.6875,1,2
28,3973,0.070977691677399,0.09294265508651733,0.60546875,1,3
28,3974,0.05482755834236742,0.0766986608505249,0.5859375,1,1
28,3975,0.035032969433814294,0.03729081153869629,0.67578125,1,0
28,3976,0.04674653022084386,0.05081576108932495,0.66796875,1,1
28,3977,0.059432803071104004,0.10829037427902222,0.51953125,1,2
28,3978,0.035035601234994836,0.03729361295700073,0.67578125,2,2
28,3979,0.03359918994829059,0.03366494178771973,0.69921875,1,1
28,3980,0.050641783513128764,0.07603693008422852,0.56640625,2,3
28,3981,0.059392856433987624,0.0854189395904541,0.578125,2,3
28,3982,0.00862528674770147,0.10771089792251587,0.33203125,1,1
28,3983,0.06990449619479479,0.0939399003982544,0.59765625,1,2
28,3984,0.06279796641319992,0.09031617641448975,0.578125,1,2
28,3985,0.0470028379932046,0.04951739311218262,0.6796875,1,3
28,3986,0.043999941553920514,0.07741570472717285,0.52734375,1,2
28,3987,0.055066061904653914,0.07599413394927979,0.58984375,1,2
28,3988,0.06430900841951372,0.0875697135925293,0.59375,1,2
28,3847,0.0696247103624046,0.10156083106994629,0.57421875,1,2
28,3850,0.06274429569020869,0.10672783851623535,0.53515625,1,3
28,3989,0.06296393193770201,0.10365766286849976,0.54296875,1,3
28,3990,0.05414758156985045,0.07472658157348633,0.58984375,2,3
28,3991,0.06899055861867966,0.10671651363372803,0.55859375,1,2
28,3992,0.062035499140620246,0.09453028440475464,0.5625,1,4
28,3993,0.04359643138013781,0.08892977237701416,0.49609375,1,1
28,3994,0.04899095743894578,0.08474111557006836,0.53125,1,1
28,3995,0.054517755517736084,0.07626527547836304,0.5859375,1,1
28,3996,0.022798776626586914,0.022798776626586914,0.7265625,1,2
28,3997,0.035124076181091375,0.1116989254951477,0.42578125,2,3
28,3998,0.06497958581894638,0.10528337955474854,0.546875,1,3
28,3999,0.032190908677876,0.10565221309661865,0.421875,1,2
28,4000,0.04675015015527607,0.08998525142669678,0.5078125,1,2
28,4001,0.0,0.16377270221710205,0.28515625,1,2
28,4002,0.04790123575367034,0.10851961374282837,0.4765625,1,2
28,4003,0.06191182008478791,0.09295850992202759,0.56640625,2,4
28,4004,0.05635351594537498,0.09585714340209961,0.53515625,2,5
28,4005,0.032830882002599544,0.08800739049911499,0.44921875,1,2
28,4006,0.04413008689880372,0.08826017379760742,0.5,1,1
28,4007,0.041494080796837814,0.042405128479003906,0.69140625,1,3
28,4008,0.029699862003326416,0.029699862003326416,0.734375,1,1
28,3933,0.09440955589525403,0.15796631574630737,0.5390625,7,7
28,3837,0.06352000869810583,0.0997614860534668,0.5546875,1,2
28,4009,0.08180709928274156,0.10851097106933594,0.6015625,1,2
28,4010,0.05195178603753448,0.08692586421966553,0.5390625,2,5
28,4011,0.04581373510882259,0.06682801246643066,0.57421875,7,7
28,4012,0.0489241760224104,0.06169748306274414,0.6171875,1,1
28,4013,0.0415641749277711,0.09017312526702881,0.484375,1,2
28,4014,0.043010771041736014,0.04937559366226196,0.6484375,1,1
28,4015,0.04721605684608222,0.07650196552276611,0.546875,7,7
28,4016,0.01440190896391869,0.1117238998413086,0.3515625,2,3
28,4017,0.044219180475920446,0.06271529197692871,0.58203125,7,6
28,4018,0.049740414600819356,0.10791140794754028,0.484375,1,3
28,4019,0.05217033158987761,0.06745254993438721,0.609375,1,2
28,4020,0.09219348407350482,0.15177834033966064,0.54296875,6,4
28,4021,0.040003311354666955,0.09267735481262207,0.47265625,1,1
28,4022,0.10873066261410715,0.16568481922149658,0.5625,7,8
28,4023,0.09440955589525403,0.15796631574630737,0.5390625,7,7
28,4024,0.0025826506316661874,0.12021064758300781,0.30859375,1,2
28,4025,0.035032969433814294,0.03729081153869629,0.67578125,7,6
28,4026,0.04154744162224234,0.09625470638275146,0.47265625,8,8
28,4027,0.06826470862142743,0.10101598501205444,0.5703125,1,2
28,4028,0.0438443475868553,0.0476609468460083,0.66796875,1,3
28,3883,0.10027306491974743,0.1650797724723816,0.54296875,6,7
28,3732,0.10781819466501476,0.16677618026733398,0.55859375,5,6
28,4029,0.09148885821923615,0.15562224388122559,0.53515625,4,4
28,4030,0.04109137551859022,0.04117178916931152,0.69921875,3,2
28,4031,0.03572729392908514,0.08093971014022827,0.4765625,5,6
28,4032,0.09632345382124187,0.15363740921020508,0.55078125,6,7
28,4033,0.09359226061496885,0.17053109407424927,0.51953125,5,7
28,4034,0.033361105597577996,0.08942872285842896,0.44921875,6,6
28,4035,0.08829486323520543,0.16087889671325684,0.51953125,6,7
28,4036,0.10031108034309001,0.16514235734939575,0.54296875,6,7
28,4037,0.07138788129668684,0.10718649625778198,0.56640625,4,4
28,4038,0.09531692415475847,0.14524483680725098,0.5625,7,7
28,4039,0.10647909017279746,0.16723096370697021,0.5546875,5,5
28,4040,0.09775517880916597,0.1583881378173828,0.546875,4,2
28,4041,0.09693787246942522,0.14771485328674316,0.5625,6,7
28,4042,0.02383437938988209,0.0897294282913208,0.40625,5,5
28,4043,0.10876224387902768,0.15865033864974976,0.57421875,6,7
28,4044,0.09712847368791701,0.15254533290863037,0.5546875,6,7
28,4045,0.03958116378635169,0.05250144004821777,0.6015625,6,7
28,4046,0.10082139121368529,0.1686946153640747,0.5390625,4,4
28,4047,0.01388248428702355,0.11652183532714844,0.34765625,6,7
28,4048,0.0937353065237403,0.13481032848358154,0.578125,5,6
28,4049,0.09654027619399132,0.15893447399139404,0.54296875,6,7
28,3942,0.10244121355935933,0.16088926792144775,0.5546875,5,4
28,3946,0.09896490408573301,0.15785056352615356,0.55078125,5,4
28,4050,0.08447613555472346,0.14369362592697144,0.53515625,5,3
28,4051,0.09736822522245349,0.15530383586883545,0.55078125,5,4
28,4052,0.09491806849837305,0.1513957977294922,0.55078125,6,5
28,4053,0.05042331526055933,0.06358802318572998,0.6171875,5,3
28,4054,0.060960735194385066,0.11308658123016357,0.515625,5,9
28,4055,0.0915978141129017,0.17305564880371094,0.51171875,5,3
28,4056,0.06982750596944244,0.16943925619125366,0.46484375,5,4
28,4057,0.09009824553504588,0.14598196744918823,0.546875,4,5
28,4058,0.093392341863364,0.14446187019348145,0.55859375,4,4
28,4059,0.10163033008575441,0.15486526489257812,0.5625,5,3
28,4060,0.042225961107760675,0.07182621955871582,0.53515625,5,3
28,4061,0.09115044947247954,0.15006119012832642,0.54296875,5,5
28,4062,0.10336948558688165,0.15751540660858154,0.5625,5,5
28,4063,0.015881359577178955,0.015881359577178955,0.765625,4,3
28,4064,0.03471272718161345,0.08627629280090332,0.4609375,4,4
28,4065,0.01719355583190918,0.01719355583190918,0.75,6,6
28,4066,0.09514175285585226,0.15919142961502075,0.5390625,5,3
28,4067,0.09763878956437112,0.1779041290283203,0.51953125,6,9
28,4068,0.010718258330598479,0.11929887533187866,0.3359375,5,3
28,4069,0.031882058829069145,0.09274780750274658,0.4375,6,6
28,4070,0.03530396008864046,0.039209604263305664,0.66015625,6,4
28,4071,0.01387707307003439,0.11647641658782959,0.34765625,6,5
28,4072,0.10005283704958857,0.1595858335494995,0.55078125,4,3
28,4073,0.028965494362637408,0.10517966747283936,0.41015625,6,7
28,4074,0.04980809381231666,0.07822620868682861,0.5546875,5,4
28,4075,0.027324967086315162,0.10287046432495117,0.40625,5,3
28,4076,0.07618810841813685,0.11965739727020264,0.5546875,5,3
28,4077,0.046454266179353006,0.08464264869689941,0.51953125,4,4
28,4078,0.016658246517181396,0.016658246517181396,0.78125,4,4
28,4079,0.02771837753243745,0.11263340711593628,0.3984375,5,3
28,4080,0.051489151082932956,0.06657183170318604,0.609375,6,8
28,4081,0.06949402089230718,0.12662255764007568,0.51953125,4,2
28,4082,0.08715636981651188,0.14121538400650024,0.546875,5,4
28,4083,0.09826181270182134,0.1592090129852295,0.546875,5,4
28,4084,0.0027151613030582705,0.12637841701507568,0.30859375,5,3
28,4085,0.09272739873267712,0.16314923763275146,0.52734375,5,4
28,4086,0.04827590240165592,0.08642399311065674,0.5234375,4,4
28,4087,0.042784243822097785,0.08556848764419556,0.5,5,3
28,4088,0.09373164852149786,0.1568320393562317,0.5390625,5,5
29,3957,0.06779631623066963,0.09615433216094971,0.58203125,2,4
29,3541,0.05923857586458326,0.08401703834533691,0.58203125,2,4
29,4089,0.04313981300219894,0.05065959692001343,0.640625,3,5
29,4090,0.0617833195719868,0.07791393995285034,0.6171875,2,5
29,4091,0.02784142526797951,0.1010979413986206,0.41015625,2,5
29,4092,0.05321831838227809,0.06321990489959717,0.63671875,1,3
29,4093,0.035017817746847875,0.03975415229797363,0.65234375,2,3
29,4094,0.05179660394787789,0.08959412574768066,0.53125,2,4
29,4095,0.051600353675894446,0.057308852672576904,0.66015625,2,3
29,4096,0.030354609363712377,0.11022382974624634,0.41015625,2,4
29,4097,0.040996457333676524,0.053683340549468994,0.60546875,3,4
29,4098,0.061644602799788124,0.08507287502288818,0.58984375,2,4
29,4099,0.03756468929350377,0.04918956756591797,0.60546875,2,3
29,4100,0.04759594565257431,0.06002247333526611,0.6171875,2,4
29,4101,0.039618010050617165,0.1009175181388855,0.45703125,3,6
29,4102,0.05409476021304727,0.06209981441497803,0.6484375,2,3
29,4103,0.053002931643277414,0.06017184257507324,0.65234375,2,4
29,4104,0.05250351852737368,0.08374392986297607,0.55078125,2,3
29,4105,0.051546838833019144,0.06195300817489624,0.6328125,2,3
29,3847,0.05248279252555223,0.09562700986862183,0.51953125,1,2
29,3991,0.049432357307523496,0.10083413124084473,0.49609375,1,2
29,4106,0.029555741697549827,0.09700345993041992,0.421875,1,3
29,4107,0.03828155994415284,0.039516448974609375,0.6875,1,1
29,4108,0.028322983300313357,0.09007060527801514,0.42578125,1,2
29,4109,0.038862639456056065,0.10993188619613647,0.44140625,1,2
29,4110,0.008463819976896051,0.10569453239440918,0.33203125,2,4
29,4111,0.049579866696149125,0.09543192386627197,0.5078125,1,3
29,4112,0.05025035142898561,0.10050070285797119,0.5,1,3
29,4113,0.046370036900043494,0.06668949127197266,0.578125,1,1
29,4114,0.04555042739957572,0.10096025466918945,0.48046875,1,3
29,4115,0.04130679368972779,0.08261358737945557,0.5,1,2
29,4116,0.042200132156722255,0.08278340101242065,0.50390625,1,2
29,4117,0.04998765024356545,0.06630486249923706,0.6015625,1,1
29,4118,0.052682076580822475,0.06987881660461426,0.6015625,2,2
29,4119,0.04411078069824726,0.07035738229751587,0.55078125,1,1
29,4120,0.05698737991042436,0.07558947801589966,0.6015625,2,4
29,4121,0.054856433300301446,0.10364019870758057,0.51171875,1,2
29,4122,0.04005000391043723,0.0887688398361206,0.48046875,1,1
29,4123,0.04158260859549046,0.05980420112609863,0.578125,1,3
29,4124,0.03773339255712927,0.09611690044403076,0.45703125,1,2
29,4125,0.03338837367482484,0.035540223121643066,0.67578125,1,2
29,4126,0.03940997715108097,0.09130275249481201,0.47265625,1,1
29,4127,0.038458494935184724,0.0516817569732666,0.59765625,2,3
29,4128,0.050698594655841596,0.08214455842971802,0.546875,2,3
29,4059,0.11112655699253084,0.1598224639892578,0.578125,5,3
29,4072,0.11120879137888552,0.16456329822540283,0.5703125,4,3
29,4129,0.029727542772889144,0.09756731986999512,0.421875,4,4
29,4130,0.01608977222349495,0.11602765321731567,0.35546875,6,8
29,4131,0.10921591287478806,0.1616142988204956,0.5703125,5,4
29,4132,0.0062993485480546995,0.12404870986938477,0.3203125,4,3
29,4133,0.06296560575719924,0.18852859735488892,0.43359375,6,4
29,4134,0.09294667840003969,0.1416330337524414,0.5625,4,3
29,4135,0.009701838484033946,0.12115466594696045,0.33203125,4,2
29,4136,0.11153876269236208,0.16505157947540283,0.5703125,5,4
29,4137,0.11014919355511667,0.1629953384399414,0.5703125,7,10
29,4138,0.10805950453504921,0.15541142225265503,0.578125,6,5
29,4139,0.0869347881525755,0.16733312606811523,0.5078125,5,4
29,4140,0.09705201978795232,0.1501227617263794,0.55859375,6,5
29,4141,0.041541357990354306,0.054396867752075195,0.60546875,6,4
29,4142,0.10023141838610174,0.1402144432067871,0.5859375,5,3
29,4143,0.10245089605450632,0.15611565113067627,0.5625,5,3
29,4144,0.08335384842939676,0.17002856731414795,0.49609375,5,3
29,4145,0.091035935562104,0.16887825727462769,0.515625,5,5
29,4146,0.10617469076532872,0.15058571100234985,0.58203125,4,3
29,4147,0.10862331790849568,0.16073739528656006,0.5703125,5,5
29,4148,0.10054750659037383,0.1555296778678894,0.55859375,4,3
29,4062,0.11286089941859247,0.16231679916381836,0.578125,5,5
29,3942,0.10257158521562816,0.1661919355392456,0.546875,5,4
29,4149,0.11286089941859247,0.16231679916381836,0.578125,5,4
29,4150,0.035653152735903866,0.08077174425125122,0.4765625,5,4
29,4151,0.05935926083475352,0.0830380916595459,0.5859375,5,3
29,4152,0.10889279062394054,0.1792704463005066,0.54296875,5,5
29,4153,0.10463752690702678,0.1504899263381958,0.578125,5,5
29,4154,0.0966271150391549,0.14508235454559326,0.56640625,5,5
29,4155,0.09482030943036081,0.17914390563964844,0.51171875,5,4
29,4156,0.09681420214474203,0.13360881805419922,0.58984375,4,4
29,4157,0.10042506793979557,0.1766929030418396,0.52734375,6,5
29,4158,0.08334524009842427,0.12892073392868042,0.55859375,6,6
29,4159,0.006268505472689871,0.12344133853912354,0.3203125,6,6
29,4160,0.10992715624161066,0.17533552646636963,0.55078125,5,4
29,4161,0.10796751827001573,0.1645219326019287,0.5625,5,3
29,4162,0.09964667935855688,0.17532336711883545,0.52734375,5,5
29,4163,0.031655968632549054,0.08713901042938232,0.4453125,5,3
29,4164,0.10173492506146432,0.1505441665649414,0.5703125,7,6
29,4165,0.09263851842842998,0.15500301122665405,0.5390625,5,5
29,4166,0.006233579246327285,0.1227535605430603,0.3203125,5,4
29,4167,0.09692854806780817,0.1319878101348877,0.59375,5,4
29,4168,0.09118679328821601,0.12584269046783447,0.58984375,5,4
29,4169,0.09662421187385918,0.1409447193145752,0.57421875,5,4
29,4170,0.10396342119202019,0.17115521430969238,0.54296875,4,2
29,4171,0.09592305321712048,0.13604599237442017,0.58203125,5,5
29,4172,0.045282916165888316,0.08400309085845947,0.515625,6,6
29,4173,0.049679740099236376,0.06856071949005127,0.58984375,5,6
29,4174,0.05150152603164316,0.07966399192810059,0.55859375,7,7
29,4022,0.10732244001701476,0.17118096351623535,0.55078125,7,8
29,4023,0.09817436011508109,0.16162467002868652,0.54296875,7,7
29,4175,0.09135706920642407,0.186353862285614,0.49609375,7,7
29,4176,0.1038009049370885,0.16556406021118164,0.55078125,7,7
29,4177,0.05732276814524085,0.1328020691871643,0.47265625,5,5
29,4178,0.026009502355009324,0.1056894063949585,0.3984375,6,5
29,4179,0.04356724780518562,0.08546525239944458,0.50390625,7,7
29,4180,0.1102053700014949,0.16546964645385742,0.56640625,7,8
29,4181,0.10926904343068601,0.1571509838104248,0.578125,7,7
29,4182,0.10608195350505413,0.16409051418304443,0.55859375,7,8
29,4183,0.10635970276780428,0.16452014446258545,0.55859375,7,8
29,4184,0.045062008313834674,0.058261990547180176,0.609375,7,7
29,4185,0.03950653201900423,0.08058702945709229,0.49609375,5,2
29,4186,0.09953673742711545,0.13924264907836914,0.5859375,6,5
29,4187,0.10241016279906036,0.1659303903579712,0.546875,5,2
29,4188,0.11017732939217241,0.17042535543441772,0.55859375,5,4
29,4189,0.08787590265274049,0.17575180530548096,0.5,7,7
29,4190,0.10297196381725372,0.1617228388786316,0.5546875,7,7
29,4191,0.10817467770539226,0.1624206304550171,0.56640625,7,8
29,4192,0.09467475581914188,0.1361614465713501,0.578125,6,4
29,4193,0.04640258301515133,0.05267876386642456,0.65234375,7,8
29,4194,0.04280591011047363,0.04280591011047363,0.71875,8,9
29,4195,0.09994361503049733,0.16193395853042603,0.546875,6,5
29,4196,0.10471619165036829,0.16702395677566528,0.55078125,7,8
29,4197,0.10284953308291735,0.16932141780853271,0.54296875,8,9
29,4198,0.09145898942369969,0.18656176328659058,0.49609375,7,8
29,4199,0.10660230601206423,0.1783672571182251,0.5390625,7,8
29,4043,0.11911764810793103,0.1643887758255005,0.58984375,6,7
29,3732,0.10638774652034046,0.17237508296966553,0.546875,5,6
29,4200,0.10102814342826606,0.1874145269393921,0.515625,6,7
29,4201,0.09902108018286528,0.15316855907440186,0.55859375,6,6
29,4202,0.08557059546001257,0.12136328220367432,0.58203125,5,4
29,4203,0.10953061003237964,0.17202353477478027,0.5546875,5,4
29,4204,0.10999933630228044,0.1676180362701416,0.5625,6,7
29,4205,0.1006310060620308,0.15334248542785645,0.5625,6,7
29,4206,0.10236609168350698,0.16585898399353027,0.546875,5,6
29,4207,0.03827301878482104,0.041167616844177246,0.671875,5,5
29,4208,0.11315856256987901,0.16506320238113403,0.57421875,5,5
29,4209,0.10110102617181839,0.14338982105255127,0.58203125,6,8
29,4210,0.09955306304618718,0.17822086811065674,0.5234375,5,4
29,4211,0.10102192475460471,0.14132028818130493,0.5859375,5,6
29,4212,0.016219496726989746,0.016219496726989746,0.80078125,5,5
29,4213,0.11584101570770146,0.1689760684967041,0.57421875,4,3
29,4214,0.10245523601770402,0.18341636657714844,0.5234375,5,5
29,4215,0.10993538121692838,0.15591943264007568,0.58203125,5,5
29,4216,0.08801815938204528,0.17954301834106445,0.49609375,6,5
29,4217,0.03490400314331055,0.03490400314331055,0.73828125,6,6
29,4218,0.10616432130336763,0.16673660278320312,0.5546875,5,7
29,4219,0.11415098188444973,0.16891705989837646,0.5703125,6,7
29,4220,0.08732971746940167,0.19356197118759155,0.48046875,5,6
29,4221,0.0923104959074408,0.174402117729187,0.51171875,4,4
29,4222,0.01018822193145752,0.01018822193145752,0.83984375,4,4
29,4223,0.003117578686214988,0.1451091170310974,0.30859375,5,4
29,4224,0.10583433404099198,0.15437942743301392,0.57421875,6,7
29,4225,0.10072704602498563,0.15123826265335083,0.56640625,6,7
29,4226,0.10673069022595884,0.15350031852722168,0.578125,5,5
30,4092,0.056898365612141795,0.060565412044525146,0.67578125,1,3
30,4105,0.05403726152144373,0.05937141180038452,0.6640625,2,3
30,4227,0.053574508754536516,0.07015383243560791,0.60546875,1,2
30,4228,0.017069876194000244,0.017069876194000244,0.81640625,2,3
30,4229,0.05087906622793526,0.05199617147445679,0.69140625,2,4
30,4230,0.053864196175709374,0.05616796016693115,0.68359375,1,3
30,4231,0.024982333183288574,0.024982333183288574,0.79296875,2,3
30,4232,0.056973007973283536,0.06064486503601074,0.67578125,1,3
30,4233,0.03204317996278406,0.03242313861846924,0.6953125,1,2
30,4234,0.05291245877742768,0.05461931228637695,0.6875,1,3
30,4235,0.0373336672782898,0.03853797912597656,0.6875,2,3
30,4236,0.045488602016121156,0.048928916454315186,0.671875,1,3
30,4120,0.05974702199455351,0.06936615705490112,0.64453125,2,4
30,4121,0.05877970100846143,0.09676915407180786,0.54296875,1,2
30,4237,0.05635899829212577,0.06854110956192017,0.62890625,2,4
30,4238,0.012165887281298643,0.11123096942901611,0.34375,2,4
30,4239,0.05961298244073988,0.08010983467102051,0.59765625,2,4
30,4240,0.040808939840644605,0.06509089469909668,0.55078125,2,2
30,4241,0.033115789294242866,0.059284210205078125,0.5234375,1,2
30,4242,0.004780345363542441,0.11654937267303467,0.31640625,1,1
30,4243,0.042502372991293676,0.09628856182098389,0.4765625,1,3
30,4244,0.038078244309872396,0.08261042833328247,0.484375,3,4
30,4245,0.005592397414147857,0.11012721061706543,0.3203125,2,4
30,4246,0.0387101813685149,0.08968150615692139,0.47265625,1,1
30,4247,0.044823675998486585,0.09522706270217896,0.48828125,1,3
30,4248,0.04063823679462076,0.0648186206817627,0.55078125,2,3
30,4249,0.015617418568581348,0.09297811985015869,0.3671875,2,5
30,4250,0.041791036608628936,0.0819808840751648,0.50390625,2,3
30,4251,0.05160001118201763,0.059907495975494385,0.64453125,2,3
30,4252,0.03795968648046256,0.08997851610183716,0.46875,1,1
30,3957,0.05734934750944377,0.09147310256958008,0.55078125,2,4
30,4090,0.051493930863216526,0.07511365413665771,0.57421875,2,5
30,4253,0.01572804991155863,0.10595738887786865,0.359375,2,4
30,4254,0.053171878913417465,0.07756125926971436,0.57421875,2,3
30,4255,0.054162572254426784,0.061488330364227295,0.65234375,2,4
30,4256,0.016140471445396546,0.10202372074127197,0.36328125,3,6
30,4257,0.051169953425414874,0.0966753363609314,0.51171875,2,3
30,4258,0.058034927118569626,0.09403127431869507,0.546875,3,5
30,4259,0.03813180327415467,0.04582977294921875,0.6328125,2,4
30,4260,0.04864208679646254,0.054615676403045654,0.65625,2,3
30,4261,0.04217961290851236,0.08778846263885498,0.4921875,2,4
30,4262,0.0323987239971757,0.03484904766082764,0.671875,2,3
30,4263,0.03214589250274003,0.032208800315856934,0.69921875,3,4
30,4264,0.05845874431543053,0.09042561054229736,0.55859375,1,2
30,4265,0.03826493327505887,0.040731072425842285,0.67578125,2,4
30,4266,0.04778412729501725,0.06594467163085938,0.58984375,3,7
30,4267,0.035895252833142884,0.04365408420562744,0.62890625,2,3
30,4059,0.1194054619409144,0.1505802869796753,0.6171875,5,3
30,4137,0.1188451610505581,0.15365839004516602,0.609375,7,10
30,4268,0.04930710792541504,0.04930710792541504,0.71875,5,4
30,4269,0.1109868574421853,0.16664302349090576,0.56640625,7,9
30,4270,0.07039453089237215,0.10726785659790039,0.5625,7,9
30,4271,0.11298023723065855,0.1538454294204712,0.59375,7,9
30,4272,0.11308634537272157,0.14808237552642822,0.60546875,5,3
30,4273,0.052354514598846436,0.052354514598846436,0.7109375,7,7
30,4274,0.11203335784375669,0.15255606174468994,0.59375,7,8
30,4275,0.11966684600338341,0.1608121395111084,0.59765625,5,4
30,4276,0.11703797848895194,0.15524208545684814,0.6015625,7,9
30,4277,0.1180790630169213,0.1566230058670044,0.6015625,5,3
30,4278,0.12294317083433272,0.16098952293395996,0.60546875,5,4
30,4279,0.11776122066657992,0.15420395135879517,0.60546875,7,11
30,4280,0.09210021793842317,0.11614608764648438,0.6171875,4,3
30,4281,0.11819428531453015,0.15883326530456543,0.59765625,6,5
30,4282,0.0035499706864357025,0.11359906196594238,0.3125,7,9
30,4283,0.1056468706810847,0.1419716477394104,0.59765625,5,2
30,4284,0.09947075741365553,0.12544095516204834,0.6171875,4,5
30,4285,0.11018678033724429,0.15627598762512207,0.58203125,7,9
30,4286,0.06856405641883613,0.09336382150650024,0.59375,6,4
30,4287,0.0383705496788025,0.07674109935760498,0.5,5,3
30,4288,0.12146348645910622,0.16111218929290771,0.6015625,5,5
30,4289,0.11269600410014392,0.14570796489715576,0.609375,5,2
30,4213,0.11630972288548948,0.1583791971206665,0.59375,4,3
30,4219,0.11893824534490706,0.15776264667510986,0.6015625,6,7
30,4290,0.03555629611946643,0.058536410331726074,0.54296875,4,3
30,4291,0.11871765309479089,0.15545636415481567,0.60546875,4,3
30,4292,0.11963682528585197,0.15868926048278809,0.6015625,4,3
30,4293,0.11788013810291888,0.1486567258834839,0.6171875,5,3
30,4294,0.1165292465593666,0.14878547191619873,0.61328125,6,7
30,4295,0.11038025841116907,0.15030503273010254,0.59375,5,5
30,4296,0.03766336664557458,0.06102418899536133,0.546875,7,7
30,4297,0.08590951934456827,0.11698317527770996,0.59375,3,1
30,4298,0.09593580244109036,0.12249159812927246,0.61328125,5,4
30,4299,0.11114122718572618,0.1367892026901245,0.625,3,2
30,4300,0.012436290387995546,0.10438328981399536,0.34765625,5,5
30,4301,0.04228705982677639,0.07440197467803955,0.52734375,5,5
30,4302,0.028867928311228756,0.08397942781448364,0.4375,5,6
30,4303,0.044367837952449925,0.04674142599105835,0.6796875,4,2
30,4304,0.09486784762702884,0.11818087100982666,0.62109375,4,3
30,4305,0.1146911345422268,0.1521291732788086,0.6015625,5,5
30,4306,0.11062643432524057,0.15267044305801392,0.58984375,5,5
30,4307,0.1189324138686061,0.16637539863586426,0.5859375,5,4
30,4308,0.016028881072998047,0.016028881072998047,0.81640625,7,9
30,4309,0.11770534585230054,0.16465884447097778,0.5859375,6,7
30,4310,0.11030123499222101,0.14083349704742432,0.61328125,4,3
30,4311,0.11256452556699516,0.14553797245025635,0.609375,6,8
30,4312,0.027879144530743364,0.08347439765930176,0.43359375,6,7
30,4313,0.12022681534290315,0.15743255615234375,0.60546875,5,4
30,4314,0.09333245700690897,0.11916762590408325,0.61328125,4,3
30,4043,0.11914536729454996,0.15404653549194336,0.609375,6,7
30,4208,0.11945018055848779,0.15641558170318604,0.60546875,5,5
30,4315,0.01781554520130158,0.0950162410736084,0.375,6,6
30,4316,0.04166724532842637,0.05673837661743164,0.59375,6,7
30,4317,0.03365257568657399,0.036581993103027344,0.66796875,5,3
30,4318,0.11521933716721834,0.15087544918060303,0.60546875,5,5
30,4319,0.11849310621619226,0.15717220306396484,0.6015625,6,8
30,4320,0.031905221752822406,0.03228354454040527,0.6953125,5,5
30,4321,0.07396825763862581,0.09444326162338257,0.61328125,6,6
30,4322,0.10960031161084773,0.1417054533958435,0.609375,6,5
30,4323,0.10910343378782274,0.15691280364990234,0.578125,5,3
30,4324,0.11427940637804569,0.15986627340316772,0.5859375,5,4
30,4325,0.10830964101478459,0.15151512622833252,0.5859375,7,8
30,4326,0.08569903182797135,0.1457737684249878,0.53515625,6,4
30,4327,0.12068500346504153,0.15803253650665283,0.60546875,3,1
30,4328,0.09930427931249143,0.12839341163635254,0.609375,6,5
30,4329,0.11861973756458612,0.1514546275138855,0.61328125,7,8
30,4330,0.11821717210114004,0.15886402130126953,0.59765625,8,10
30,4331,0.1029794728383422,0.13659453392028809,0.6015625,3,1
30,4332,0.11744814680423589,0.1665746569633484,0.58203125,5,4
30,4333,0.1182051943615079,0.15283095836639404,0.609375,5,4
30,4334,0.010568622266873723,0.10610067844390869,0.33984375,5,4
30,4335,0.04191763326525689,0.0492243766784668,0.640625,7,8
30,4336,0.0017618041019886775,0.15034061670303345,0.3046875,5,5
30,4337,0.1226693973876536,0.1627117395401001,0.6015625,6,8
30,4338,0.04369585274253041,0.05443376302719116,0.62109375,7,6
30,4339,0.10040509584359826,0.1281980276107788,0.61328125,6,6
30,4340,0.08774192817509176,0.11638307571411133,0.6015625,5,5
30,4341,0.09680569614283742,0.130090594291687,0.59765625,6,7
30,4342,0.10914988955482842,0.16388487815856934,0.56640625,5,4
30,4343,0.05583766847848893,0.1537036895751953,0.4453125,5,5
30,4344,0.0387041186913848,0.06928849220275879,0.5234375,6,5
30,4345,0.08980436506681146,0.12393486499786377,0.58984375,5,5
30,4346,0.036659486591815955,0.07477951049804688,0.49609375,5,6
30,4347,0.1055655498057604,0.14568614959716797,0.58984375,5,4
30,4348,0.04563750047236682,0.06053471565246582,0.6015625,5,4
30,4349,0.11099875881336631,0.17704474925994873,0.55078125,5,6
30,4350,0.09748645580839367,0.13453656435012817,0.58984375,5,4
30,4351,0.12597169145010415,0.1649552583694458,0.60546875,6,7
30,4352,0.10859764891210945,0.138658344745636,0.61328125,6,7
30,4353,0.10775726940482856,0.1718745231628418,0.55078125,4,3
30,4354,0.11359611339867116,0.1633741855621338,0.578125,6,6
30,4355,0.10201904363930227,0.13190340995788574,0.609375,7,8
30,4356,0.016817212104797363,0.016817212104797363,0.79296875,7,7
30,4357,0.005654340842738751,0.1113470196723938,0.3203125,8,9
30,4358,0.11872920813038947,0.1515944004058838,0.61328125,6,5
30,4359,0.0338256061077118,0.08017921447753906,0.46875,5,3
30,4360,0.10719908983446659,0.13354241847991943,0.62109375,5,3
30,4361,0.11442873626947404,0.1479482650756836,0.609375,4,3
30,4362,0.030931421206332747,0.07879048585891724,0.45703125,5,5
30,4363,0.018814522773027427,0.10034412145614624,0.375,6,5
30,4364,0.10627809248398991,0.18077868223190308,0.53515625,6,6
31,4258,0.07018226664513351,0.10093629360198975,0.578125,3,5
31,3957,0.0655063606100157,0.09835559129714966,0.56640625,2,4
31,4365,0.061202583601698286,0.0694805383682251,0.65234375,2,4
31,4366,0.06611489830538632,0.0750572681427002,0.65234375,2,3
31,4367,0.04951202217489482,0.08022201061248779,0.546875,2,4
31,4368,0.03248155117034912,0.03248155117034912,0.7421875,2,3
31,4369,0.028601452242583043,0.10385775566101074,0.41015625,3,5
31,4370,0.04248906951397658,0.0760643482208252,0.5234375,2,4
31,4371,0.06778530869632961,0.10485219955444336,0.55859375,3,4
31,4372,0.058230050839483745,0.06538110971450806,0.65625,2,4
31,4373,0.06386386766098441,0.08154189586639404,0.61328125,2,4
31,4374,0.06472639576531948,0.07348096370697021,0.65234375,2,4
31,4375,0.043070197105407715,0.043070197105407715,0.7265625,2,4
31,4376,0.034972429275512695,0.034972429275512695,0.75,3,5
31,4377,0.05770753044635058,0.05839180946350098,0.6953125,2,4
31,4378,0.03941800445318223,0.09797096252441406,0.4609375,2,3
31,4379,0.06426771613769235,0.10580408573150635,0.54296875,3,4
31,4264,0.06912084063515068,0.09669363498687744,0.5859375,1,2
31,4232,0.05943406000733376,0.06530094146728516,0.6640625,1,3
31,4380,0.047524213790893555,0.047524213790893555,0.73046875,2,3
31,4381,0.049549422226846225,0.051668643951416016,0.68359375,1,3
31,4382,0.06732872920110823,0.09963095188140869,0.5703125,1,2
31,4383,0.023584365844726562,0.023584365844726562,0.81640625,2,3
31,4384,0.05820286273956299,0.05820286273956299,0.73828125,1,3
31,4385,0.04699050902854652,0.09585314989089966,0.49609375,2,3
31,4386,0.035769641399383545,0.035769641399383545,0.71875,1,2
31,4387,0.05281448818277568,0.06915861368179321,0.60546875,1,2
31,4388,0.034453749656677246,0.034453749656677246,0.72265625,2,3
31,4389,0.05066032684408129,0.07185065746307373,0.58203125,1,1
31,4390,0.05611617118120194,0.05911827087402344,0.6796875,1,2
31,4391,0.04940874734893442,0.10078597068786621,0.49609375,1,1
31,4120,0.06491810618899764,0.07895028591156006,0.62890625,2,4
31,4239,0.060693776234984405,0.0898127555847168,0.5703125,2,4
31,4392,0.05065744416788221,0.05948764085769653,0.640625,1,1
31,4393,0.06527324218768628,0.10745948553085327,0.54296875,2,4
31,4394,0.05860115727409721,0.08798766136169434,0.56640625,2,4
31,4395,0.043050270993262536,0.08133482933044434,0.51171875,2,3
31,4396,0.03428692813031376,0.04377782344818115,0.61328125,3,5
31,4397,0.06805605976842345,0.10070723295211792,0.5703125,2,3
31,4398,0.055678367614746094,0.055678367614746094,0.7109375,1,2
31,4399,0.019160151481628418,0.019160151481628418,0.796875,2,4
31,4400,0.06826181244105102,0.1024928092956543,0.56640625,3,6
31,4401,0.048173431307077415,0.09272480010986328,0.5078125,1,1
31,4402,0.05670750560238958,0.08906209468841553,0.5546875,2,3
31,4403,0.05615982762537897,0.07546937465667725,0.59765625,1,1
31,4288,0.10304279252886774,0.15701758861541748,0.5625,5,5
31,4358,0.09136742702685298,0.15041840076446533,0.54296875,6,5
31,4404,0.05647248041350395,0.07210451364517212,0.61328125,8,9
31,4405,0.04827478900551797,0.05420327186584473,0.65625,5,5
31,4406,0.09095100313425065,0.13859200477600098,0.5625,4,4
31,4407,0.09441555035300554,0.16611945629119873,0.52734375,6,4
31,4408,0.09781024279072882,0.1636563539505005,0.5390625,5,4
31,4409,0.0898557808250189,0.14558911323547363,0.546875,6,5
31,4410,0.09082851978018881,0.14487290382385254,0.55078125,5,5
31,4411,0.09672601893544198,0.15672063827514648,0.546875,4,2
31,4412,0.09206158854067327,0.1287856101989746,0.5859375,5,5
31,4413,0.07523056771606208,0.12385225296020508,0.54296875,4,5
31,4414,0.0937607593368739,0.18047183752059937,0.5078125,7,8
31,4415,0.012007296085357666,0.012007296085357666,0.85546875,6,4
31,4416,0.04286777973175049,0.04286777973175049,0.7265625,6,7
31,4417,0.09551505651324989,0.15475857257843018,0.546875,6,6
31,4418,0.04915102757513524,0.08223962783813477,0.5390625,8,9
31,4419,0.08522820426151158,0.1359403133392334,0.55078125,6,5
31,4420,0.04070260073058308,0.08647191524505615,0.48828125,6,4
31,4421,0.10123741277493538,0.18123620748519897,0.5234375,7,9
31,4422,0.00504571991041303,0.12301945686340332,0.31640625,5,5
31,4423,0.08955322485417129,0.12701177597045898,0.58203125,5,6
31,4424,0.08989503979682924,0.13698291778564453,0.5625,6,6
31,4425,0.04073905944824219,0.04073905944824219,0.7109375,5,4
31,4426,0.08147707767784597,0.11397886276245117,0.5859375,7,5
31,4427,0.034453749656677246,0.034453749656677246,0.72265625,4,3
31,4428,0.09042892965953798,0.1442355513572693,0.55078125,5,6
31,4429,0.09389566665049644,0.1369646191596985,0.57421875,5,6
31,4430,0.09002537839114667,0.14359188079833984,0.55078125,7,8
31,4431,0.045868253102526076,0.0767468810081482,0.5390625,7,6
31,4432,0.08108386478852482,0.12542277574539185,0.55859375,5,2
31,4433,0.09166967729106547,0.15338194370269775,0.5390625,5,5
31,4434,0.09936700225807728,0.14704018831253052,0.5703125,5,3
31,4435,0.09391791746020318,0.14311301708221436,0.5625,6,5
31,4436,0.08230107440613212,0.1354924440383911,0.54296875,8,10
31,4437,0.08842300577089192,0.14557099342346191,0.54296875,5,4
31,4438,0.09598270989954473,0.1462593674659729,0.5625,4,5
31,4439,0.09647052967920901,0.1614147424697876,0.5390625,6,8
31,4440,0.042702019214630134,0.08540403842926025,0.5,5,4
31,4337,0.0845870957709849,0.16281425952911377,0.5078125,6,8
31,4313,0.09001592884305866,0.15837854146957397,0.52734375,5,4
31,4441,0.08836828451603652,0.17335081100463867,0.50390625,5,4
31,4442,0.10010720940772445,0.1596725583076477,0.55078125,7,9
31,4443,0.10008803347591312,0.15481895208358765,0.55859375,6,6
31,4444,0.0857196804136038,0.1534562110900879,0.5234375,6,8
31,4445,0.09033339936286212,0.16757500171661377,0.515625,6,6
31,4446,0.0826917407102883,0.18733704090118408,0.4765625,6,7
31,4447,0.041838475503027446,0.09076821804046631,0.484375,6,6
31,4448,0.05547135556116701,0.06910300254821777,0.62109375,6,8
31,4449,0.09801892377436162,0.1695462465286255,0.53125,5,4
31,4450,0.0397706050425768,0.041898250579833984,0.6796875,5,5
31,4451,0.03573441505432129,0.03573441505432129,0.71875,5,4
31,4452,0.09390230791177602,0.15972751379013062,0.53515625,7,9
31,4453,0.022363208699971444,0.10801851749420166,0.3828125,6,8
31,4454,0.09209770709276201,0.15930414199829102,0.53125,6,9
31,4455,0.09230713918805124,0.14065849781036377,0.5625,6,8
31,4456,0.04821607656776906,0.054137349128723145,0.65625,5,4
31,4457,0.08141567651182414,0.12593603134155273,0.55859375,4,3
31,4458,0.09398489119485022,0.1522793173789978,0.546875,6,8
31,4459,0.049553313758224256,0.05688631534576416,0.6484375,5,4
31,4460,0.08920062030665578,0.14685118198394775,0.54296875,5,8
31,4461,0.08630175865255298,0.1630498170852661,0.51171875,4,3
31,4462,0.08962486498057844,0.15502679347991943,0.53125,6,7
31,4463,0.10637385770678522,0.1574087142944336,0.5703125,4,3
31,4464,0.09315306576900186,0.1533581018447876,0.54296875,5,5
31,4465,0.09165343316271903,0.15335476398468018,0.5390625,6,8
31,4466,0.003933306783437732,0.12586581707000732,0.3125,3,1
31,4467,0.09573471127077939,0.1576082706451416,0.54296875,4,3
31,4468,0.08966241555754097,0.1525154709815979,0.53515625,6,8
31,4469,0.03472288511693478,0.09070467948913574,0.453125,5,5
31,4470,0.09476911951787771,0.15601861476898193,0.54296875,6,6
31,4471,0.019468554761260755,0.10953736305236816,0.37109375,6,7
31,4472,0.08508382900618018,0.1637703776359558,0.5078125,5,5
31,4473,0.09495124011300506,0.14256608486175537,0.56640625,4,4
31,4351,0.10285404883325101,0.16153764724731445,0.5546875,6,7
31,4278,0.0934119790326804,0.15889346599578857,0.53515625,5,4
31,4474,0.09205782087519766,0.1468336582183838,0.55078125,4,4
31,4475,0.09577206778340043,0.1602460741996765,0.5390625,5,4
31,4476,0.09723576297983529,0.14388644695281982,0.5703125,3,1
31,4477,0.09502651216462256,0.15899860858917236,0.5390625,5,5
31,4478,0.05468251928687096,0.06895923614501953,0.6171875,5,4
31,4479,0.008472000248730186,0.1204906702041626,0.328125,7,7
31,4480,0.06048700283281506,0.14013278484344482,0.47265625,5,4
31,4481,0.04625051561743022,0.05494260787963867,0.63671875,3,1
31,4482,0.06258184090256692,0.07702380418777466,0.625,6,5
31,4483,0.046018081717193134,0.07959884405136108,0.53125,6,7
31,4484,0.003963194787502292,0.12682223320007324,0.3125,6,6
31,4485,0.09827538952231409,0.14975297451019287,0.5625,6,5
31,4486,0.09496513684280218,0.161535382270813,0.53515625,5,4
31,4487,0.09205145097803326,0.18057602643966675,0.50390625,7,7
31,4488,0.09900479065254332,0.15549218654632568,0.5546875,6,7
31,4489,0.09572629211470486,0.15268492698669434,0.55078125,5,4
31,4490,0.09448874602094294,0.15809881687164307,0.5390625,5,3
31,4491,0.09477267879992725,0.14884543418884277,0.5546875,5,5
31,4492,0.03670814482029528,0.09840089082717896,0.44921875,6,7
31,4493,0.09121994627639653,0.16049695014953613,0.52734375,6,6
31,4494,0.08772344398312272,0.17894184589385986,0.49609375,5,5
31,4495,0.09718637447804214,0.15746653079986572,0.546875,4,1
31,4496,0.07603762554936112,0.13378441333770752,0.52734375,7,9
31,4497,0.09779831580817701,0.15359735488891602,0.5546875,6,6
31,4498,0.10059110471047462,0.16044437885284424,0.55078125,5,2
31,4499,0.09729311289265753,0.15518403053283691,0.55078125,4,3
31,4500,0.03495287895202637,0.03495287895202637,0.72265625,2,0
31,4501,0.09633938502520324,0.15609419345855713,0.546875,6,5
31,4502,0.0532912164926529,0.06558918952941895,0.625,4,2
32,4258,0.04971451568417252,0.10347086191177368,0.4921875,3,5
32,4264,0.05555241042748095,0.09945046901702881,0.5234375,1,2
32,4503,0.050932751968503005,0.0852208137512207,0.5390625,4,5
32,4504,0.04285210184752942,0.09296727180480957,0.484375,1,3
32,4505,0.04305138718336821,0.07323026657104492,0.53515625,3,4
32,4506,0.04332698322832585,0.07020068168640137,0.546875,3,4
32,4507,0.054094187682494535,0.09856307506561279,0.51953125,1,2
32,4508,0.05298221670091153,0.11027193069458008,0.4921875,3,4
32,4509,0.047499528271146126,0.10528033971786499,0.48046875,3,5
32,4510,0.04058893793262542,0.040668368339538574,0.69921875,4,7
32,4511,0.020903817727230493,0.08845251798629761,0.39453125,1,2
32,4512,0.04393935203552246,0.04393935203552246,0.71484375,4,6
32,4513,0.05019497824832798,0.10447084903717041,0.4921875,3,4
32,4514,0.05053384462371469,0.08455336093902588,0.5390625,4,5
32,4515,0.05353191122412682,0.08673524856567383,0.546875,1,1
32,4516,0.04234025091864169,0.07714664936065674,0.51953125,1,1
32,4517,0.04807457653805614,0.06376731395721436,0.6015625,3,5
32,4518,0.05087091028690339,0.08511734008789062,0.5390625,1,1
32,4413,0.08171766437590124,0.13453197479248047,0.54296875,4,5
32,4400,0.06975264474749567,0.10628974437713623,0.5625,3,6
32,4519,0.06332842726260425,0.1026080846786499,0.546875,3,6
32,4520,0.052740257699042566,0.06733918190002441,0.61328125,4,4
32,4521,0.06116871163249017,0.10404777526855469,0.53515625,3,5
32,4522,0.057888105977326645,0.10363185405731201,0.5234375,3,5
32,4523,0.010390499141067272,0.11565077304840088,0.3359375,4,4
32,4524,0.052840744145214565,0.09140020608901978,0.53125,5,6
32,4525,0.07490088348276915,0.12330949306488037,0.54296875,4,5
32,4526,0.04576533637009562,0.06315863132476807,0.58984375,3,6
32,4527,0.015604819520376626,0.11253052949905396,0.35546875,2,3
32,4528,0.04537234012968839,0.10511600971221924,0.47265625,3,7
32,4529,0.048184614395722754,0.08477842807769775,0.52734375,4,4
32,4530,0.04362408164888621,0.09267854690551758,0.48828125,5,6
32,4531,0.04992699506692589,0.10606896877288818,0.48828125,4,7
32,4532,0.041766941547393806,0.0835338830947876,0.5,4,5
32,4533,0.04362336162012071,0.07420319318771362,0.53515625,4,5
32,4472,0.09297232143580915,0.17565250396728516,0.51171875,5,5
32,4382,0.051094949245452895,0.10218989849090576,0.5,1,2
32,4534,0.09649396501481534,0.15634465217590332,0.546875,5,5
32,4535,0.05386145459488035,0.08459222316741943,0.5546875,1,2
32,4536,0.03984758909791709,0.04378104209899902,0.6640625,1,2
32,4537,0.039439554326236255,0.0855637788772583,0.484375,5,6
32,4538,0.015981435775756836,0.015981435775756836,0.78515625,5,5
32,4539,0.1049957759678364,0.17567920684814453,0.5390625,5,5
32,4540,0.036781388567760594,0.0436939001083374,0.63671875,1,1
32,4541,0.045744694769382484,0.06970620155334473,0.5625,5,6
32,4542,0.047341421479359276,0.06044590473175049,0.61328125,5,6
32,4543,0.050452150986529894,0.08305948972702026,0.54296875,1,1
32,4544,0.04116068070288748,0.061801373958587646,0.56640625,5,5
32,4545,0.04714879859238864,0.06253933906555176,0.6015625,5,5
32,4546,0.04319333285093308,0.07870101928710938,0.51953125,6,6
32,4547,0.04775775910820813,0.06253701448440552,0.60546875,6,7
32,4498,0.1026921004522592,0.17467892169952393,0.53515625,5,2
32,4485,0.09624083992093803,0.16370534896850586,0.53515625,6,5
32,4548,0.09568212553858758,0.16550421714782715,0.53125,5,2
32,4549,0.09493677876889707,0.16421496868133545,0.53125,5,2
32,4550,0.0337566516827792,0.09548842906951904,0.44140625,5,2
32,4551,0.09417483536526562,0.15757358074188232,0.5390625,5,2
32,4552,0.1044996213167906,0.1641221046447754,0.5546875,4,2
32,4553,0.09552796476054938,0.16807669401168823,0.52734375,5,2
32,4554,0.0365311922505498,0.08463335037231445,0.47265625,5,2
32,4555,0.03958616219460965,0.06413960456848145,0.546875,5,2
32,4556,0.015386569313704971,0.10365688800811768,0.359375,5,2
32,4557,0.09309719060547651,0.17588841915130615,0.51171875,5,2
32,4558,0.040153107605874545,0.08899736404418945,0.48046875,5,4
32,4559,0.09632078744471075,0.16660892963409424,0.53125,5,5
32,4560,0.0338179748505354,0.0906534194946289,0.44921875,7,7
32,4561,0.0014311198610812462,0.12212222814559937,0.3046875,6,2
32,4562,0.0981829483062029,0.16982996463775635,0.53125,6,5
32,4563,0.026375920511782176,0.09929758310317993,0.40625,5,3
32,4564,0.07311537861824037,0.11846542358398438,0.546875,6,2
32,4565,0.1034872268792242,0.165063738822937,0.55078125,5,2
32,4288,0.09565614187158646,0.1712445616722107,0.5234375,5,5
32,4421,0.08601162442937495,0.19485819339752197,0.4765625,7,9
32,4566,0.03716169437393547,0.040830016136169434,0.6640625,5,3
32,4567,0.09724783373530956,0.1600993275642395,0.54296875,5,4
32,4568,0.07177525106817485,0.12009453773498535,0.5390625,6,5
32,4569,0.036024372093379504,0.03916025161743164,0.66796875,5,2
32,4570,0.09092120279092343,0.16566425561904907,0.51953125,5,3
32,4571,0.0,0.12586593627929688,0.29296875,6,4
32,4572,0.09592889738269152,0.16878211498260498,0.52734375,5,4
32,4573,0.08204758353531362,0.14435863494873047,0.52734375,5,3
32,4574,0.0,0.1272563934326172,0.29296875,5,3
32,4575,0.08356354013085367,0.15501642227172852,0.515625,5,5
32,4576,0.09172925481107087,0.1799439787864685,0.50390625,7,9
32,4577,0.00023877248167991977,0.12225151062011719,0.30078125,5,3
32,4578,0.08250661310739817,0.15880972146987915,0.5078125,7,10
32,4579,0.09599577030166985,0.1688997745513916,0.52734375,6,5
32,4580,0.09440245851874353,0.16329073905944824,0.53125,7,10
32,4581,0.08197637414559723,0.15778911113739014,0.5078125,5,4
32,4582,0.08127267379313709,0.14057976007461548,0.53125,6,5
32,4583,0.08559950441122056,0.15060806274414062,0.52734375,5,5
32,4584,0.04467717686202378,0.04755657911300659,0.67578125,4,2
32,4585,0.09004573803395034,0.16120076179504395,0.5234375,5,6
32,4586,0.028831124305725098,0.028831124305725098,0.77734375,4,1
32,4587,0.08292987314052881,0.13875848054885864,0.5390625,6,8
32,4588,0.05135962739586831,0.06993651390075684,0.59375,7,10
32,4589,0.08014334458857776,0.15426087379455566,0.5078125,6,6
32,4590,0.036489538964815445,0.0845368504524231,0.47265625,4,4
32,4591,0.08546182885766031,0.15036582946777344,0.52734375,7,9
32,4592,0.09247613511979581,0.15995872020721436,0.53125,4,3
32,4593,0.08419500198215248,0.1995733380317688,0.46875,4,2
32,4594,0.08829489606432618,0.1957012414932251,0.48046875,6,6
32,4595,0.0877498257905245,0.16890192031860352,0.5078125,7,8
32,4596,0.07269747555255891,0.1348590850830078,0.515625,5,3
32,4597,0.04009457770735026,0.05056262016296387,0.6171875,3,2
32,4598,0.0957991413306445,0.1602913737297058,0.5390625,5,4
32,4599,0.08567632525227965,0.14573514461517334,0.53515625,7,8
32,4600,0.07659894833341242,0.15026307106018066,0.50390625,6,7
32,4601,0.10128894424997271,0.1694769263267517,0.5390625,5,4
32,4602,0.09075199742801489,0.17145764827728271,0.51171875,4,2
32,4603,0.024955540895462043,0.09395027160644531,0.40625,5,4
32,4463,0.1040883290115744,0.17136085033416748,0.54296875,4,3
32,4351,0.10328156035393478,0.17568159103393555,0.53515625,6,7
32,4604,0.10277531296014787,0.16652202606201172,0.546875,7,8
32,4605,0.08177065290510656,0.14638662338256836,0.5234375,3,1
32,4606,0.0876320004463196,0.19011688232421875,0.484375,6,6
32,4607,0.040068712085485465,0.06930804252624512,0.53125,3,2
32,4608,0.07939838338643314,0.13733774423599243,0.53125,4,2
32,4609,0.09195306291803719,0.16461527347564697,0.5234375,7,8
32,4610,0.02170383930206299,0.02170383930206299,0.74609375,4,3
32,4611,0.09396574157290162,0.1712116003036499,0.51953125,7,8
32,4612,0.08183050411753358,0.17031389474868774,0.4921875,6,7
32,4613,0.02049887180328369,0.02049887180328369,0.75,6,7
32,4614,0.060433736070990576,0.10453402996063232,0.53125,7,10
32,4615,0.09957518870942296,0.16660946607589722,0.5390625,5,5
32,4616,0.0935501321218908,0.1645967960357666,0.52734375,6,7
32,4617,0.08696090453304352,0.15844833850860596,0.51953125,4,2
32,4618,0.03425938880536706,0.08726769685745239,0.45703125,5,3
32,4619,0.0908472165465355,0.1748638153076172,0.5078125,6,5
32,4620,0.09298938442952932,0.15817463397979736,0.53515625,7,9
32,4621,0.09746897488366814,0.1604633927345276,0.54296875,6,7
32,4622,0.05569843808189035,0.15332043170928955,0.4453125,4,3
32,4623,0.04058611392974854,0.0524749755859375,0.609375,3,1
32,4624,0.03859151410870255,0.07291090488433838,0.51171875,6,7
32,4625,0.08198376838117839,0.14180976152420044,0.53125,6,6
32,4626,0.10328156035393478,0.17568159103393555,0.53515625,6,7
32,4627,0.09656500630080701,0.17913508415222168,0.515625,4,3
32,4628,0.10366035369224848,0.17632591724395752,0.53515625,7,7
32,4629,0.07724776677787305,0.13361775875091553,0.53125,5,4
32,4630,0.09355690865777434,0.1591399908065796,0.53515625,6,7
32,4631,0.09460632409900428,0.16936516761779785,0.5234375,6,7
32,4632,0.046013418585062034,0.07011568546295166,0.5625,6,3
32,4633,0.09174297866411509,0.16716158390045166,0.51953125,8,12
32,4634,0.042570262681692846,0.09435486793518066,0.48046875,3,3
32,4635,0.0,0.12943154573440552,0.29296875,6,6
32,4636,0.0338179748505354,0.0906534194946289,0.44921875,7,5
32,4637,0.0076403603889048126,0.10866290330886841,0.328125,8,11
32,4638,0.08259380247909577,0.140491783618927,0.53515625,3,1
32,4639,0.09660585375968368,0.1540878415107727,0.55078125,7,7
32,4640,0.032123572193086154,0.08391463756561279,0.453125,7,10
33,4400,0.06436854973435403,0.1042933464050293,0.546875,3,6
33,4519,0.061646751826629057,0.10148918628692627,0.54296875,3,6
33,4641,0.02107612066902221,0.11858212947845459,0.37109375,3,5
33,4642,0.05629457323811949,0.0718773603439331,0.61328125,3,6
33,4643,0.037646690499968834,0.0913512110710144,0.46484375,4,7
33,4644,0.046630454598926015,0.10803073644638062,0.47265625,3,5
33,4645,0.009512134478427473,0.11878567934036255,0.33203125,4,8
33,4646,0.06304936995729805,0.08820021152496338,0.5859375,3,6
33,4647,0.05657292855903507,0.0916624665260315,0.546875,4,7
33,4648,0.06177214533090593,0.10335731506347656,0.5390625,3,5
33,4649,0.046749837230890996,0.10591113567352295,0.4765625,3,6
33,4650,0.061665500281378634,0.06703341007232666,0.66796875,2,4
33,4651,0.05661080544814469,0.09960389137268066,0.52734375,3,6
33,4652,0.043870975263416774,0.114601731300354,0.453125,3,7
33,4653,0.041347742080688484,0.08269548416137695,0.5,2,4
33,4602,0.0994029014836997,0.17489445209503174,0.52734375,4,2
33,4264,0.051238596439361586,0.10247719287872314,0.5,1,2
33,4654,0.03418378438800574,0.03715944290161133,0.66796875,5,3
33,4655,0.04217680636793376,0.06727266311645508,0.55078125,3,0
33,4656,0.0474999932339415,0.08654803037643433,0.51953125,4,3
33,4657,0.04644733248278499,0.06973910331726074,0.56640625,1,2
33,4658,0.05096477642655373,0.08004283905029297,0.5546875,3,2
33,4659,0.052624084753915674,0.10734474658966064,0.49609375,1,2
33,4660,0.039450344396755106,0.05301463603973389,0.59765625,4,2
33,4661,0.04981338325887919,0.08200788497924805,0.54296875,4,2
33,4662,0.0,0.13366305828094482,0.27734375,4,1
33,4663,0.05073494231328369,0.07507598400115967,0.5703125,2,3
33,4664,0.041824339423328645,0.08885502815246582,0.48828125,4,1
33,4665,0.05445465445518495,0.10890930891036987,0.5,1,2
33,4666,0.03852590010501445,0.04187953472137451,0.66796875,4,1
33,4667,0.09848781977780165,0.1732844114303589,0.52734375,4,2
33,4567,0.09273891686461867,0.1631695032119751,0.52734375,5,4
33,4534,0.09722169023007156,0.1575237512588501,0.546875,5,5
33,4668,0.07245316705666484,0.10878598690032959,0.56640625,5,4
33,4669,0.08521089865826072,0.20676767826080322,0.46484375,5,3
33,4670,0.017722129821777344,0.017722129821777344,0.765625,8,11
33,4671,0.09614447131752969,0.14435768127441406,0.56640625,5,3
33,4672,0.09720079973340036,0.16813111305236816,0.53125,6,5
33,4673,0.051093726302497096,0.07903319597244263,0.55859375,5,4
33,4674,0.09924443671479823,0.16080111265182495,0.546875,4,4
33,4675,0.0951164932921529,0.17644798755645752,0.515625,5,3
33,4676,0.04835917009040714,0.07260966300964355,0.56640625,7,6
33,4677,0.09598311327863486,0.16326695680618286,0.53515625,6,4
33,4678,0.04490388790145517,0.08808732032775879,0.50390625,7,10
33,4679,0.046950125251896686,0.09210139513015747,0.50390625,5,4
33,4680,0.0,0.1317228078842163,0.28125,7,5
33,4681,0.042864486575126655,0.04610633850097656,0.671875,4,2
33,4682,0.09592111478559674,0.16049546003341675,0.5390625,5,4
33,4683,0.03685307502746582,0.03685307502746582,0.72265625,5,4
33,4684,0.10268404101952912,0.17466521263122559,0.53515625,6,5
33,4685,0.07434444036334754,0.12045681476593018,0.546875,6,5
33,4686,0.09380745934322478,0.17401963472366333,0.515625,6,4
33,4687,0.08611082425341011,0.1597418189048767,0.515625,6,6
33,4688,0.10115585976745935,0.1518821120262146,0.56640625,6,6
33,4689,0.05084500182420016,0.07985472679138184,0.5546875,6,4
33,4690,0.05065937945619226,0.08208101987838745,0.546875,5,4
33,4691,0.08892345521599056,0.17116093635559082,0.5078125,5,4
33,4692,0.04479554621502758,0.08622300624847412,0.5078125,7,8
33,4693,0.014941829955205325,0.11591237783432007,0.3515625,4,2
33,4601,0.0919810028281063,0.17377960681915283,0.51171875,5,4
33,4572,0.09664649516344072,0.1730175018310547,0.5234375,5,4
33,4694,0.09752023220062257,0.14642333984375,0.56640625,6,5
33,4695,0.07341657206416131,0.1781482696533203,0.46484375,7,9
33,4696,0.09538649499882014,0.1678277850151062,0.52734375,4,3
33,4697,0.0956811606884003,0.19136232137680054,0.5,4,3
33,4698,0.08639928186312319,0.14223933219909668,0.54296875,5,5
33,4699,0.08937448065262289,0.16284602880477905,0.51953125,4,3
33,4700,0.10567086562514307,0.1685466766357422,0.55078125,5,3
33,4701,0.04401192348450423,0.08633756637573242,0.50390625,4,4
33,4702,0.04464260116219521,0.0480189323425293,0.671875,7,8
33,4703,0.09267997113056482,0.16306579113006592,0.52734375,4,3
33,4704,0.09092196100391449,0.14064061641693115,0.55859375,6,8
33,4705,0.09519701264798643,0.17659735679626465,0.515625,5,3
33,4706,0.0,0.12687432765960693,0.296875,5,3
33,4707,0.08713341504335405,0.15071725845336914,0.53125,6,6
33,4708,0.0975155724445358,0.15553885698318481,0.55078125,7,8
33,4709,0.0347148736473173,0.03941023349761963,0.65234375,5,5
33,4710,0.09463407564908267,0.15333116054534912,0.546875,5,4
33,4711,0.0964581642765552,0.16407501697540283,0.53515625,6,7
33,4712,0.0932635795325041,0.14647531509399414,0.5546875,6,4
33,4713,0.09540195157751442,0.1836308240890503,0.5078125,5,4
33,4714,0.09829742158763112,0.15204918384552002,0.55859375,5,3
33,4715,0.10107395937666298,0.166398286819458,0.54296875,5,4
33,4716,0.019788503646850586,0.019788503646850586,0.765625,6,7
33,4717,0.09390051243826748,0.17109274864196777,0.51953125,6,3
33,4718,0.0987839959561825,0.1799907684326172,0.51953125,8,9
33,4719,0.09472898207604886,0.1695847511291504,0.5234375,5,5
33,4720,0.039901016978546984,0.04077708721160889,0.69140625,5,5
33,4721,0.07715969439595939,0.12501823902130127,0.546875,6,6
33,4552,0.09195642906706782,0.16755050420761108,0.51953125,4,2
33,4565,0.10132851789239795,0.16681736707687378,0.54296875,5,2
33,4722,0.09456663671880962,0.16929411888122559,0.5234375,4,2
33,4723,0.015385387348942462,0.11094814538955688,0.35546875,5,4
33,4724,0.09941533429082484,0.1749163269996643,0.52734375,6,6
33,4725,0.09523439686745407,0.17048954963684082,0.5234375,6,3
33,4726,0.08983419765718283,0.18324744701385498,0.49609375,5,5
33,4727,0.09012206410989167,0.16420817375183105,0.51953125,5,3
33,4728,0.044041246175766,0.08808249235153198,0.5,5,5
33,4729,0.09292300418019296,0.1437358856201172,0.55859375,5,2
33,4730,0.08382504305336626,0.20340484380722046,0.46484375,7,6
33,4731,0.034382823738269515,0.09725970029830933,0.44140625,4,2
33,4732,0.09759618155658246,0.168815016746521,0.53125,5,3
33,4733,0.03821439156308771,0.08657419681549072,0.4765625,5,2
33,4734,0.038515770342201,0.09572851657867432,0.4609375,4,1
33,4735,0.07987351808696987,0.13149595260620117,0.54296875,5,6
33,4736,0.10229862388223411,0.1657496690750122,0.546875,5,3
33,4737,0.09726431779563428,0.16544628143310547,0.53515625,5,5
33,4738,0.09313746611587705,0.1792721152305603,0.5078125,5,4
33,4739,0.02994222147390247,0.09827190637588501,0.421875,6,4
33,4740,0.0,0.13520002365112305,0.27734375,3,0
33,4741,0.018318772315979004,0.018318772315979004,0.78515625,5,2
33,4742,0.038322558859363205,0.09299123287200928,0.46484375,3,0
33,4743,0.09386808983981611,0.1741321086883545,0.515625,6,5
33,4744,0.045908547472208745,0.05861639976501465,0.61328125,3,2
33,4745,0.07832472096197308,0.1332300901412964,0.53515625,4,3
33,4746,0.04681697604246438,0.0692782998085022,0.5703125,4,2
33,4747,0.09501272020861508,0.17009270191192627,0.5234375,4,1
33,4539,0.10452979127876462,0.1778048276901245,0.53515625,5,5
33,4463,0.10896418627817185,0.1737995743751526,0.55078125,4,3
33,4748,0.09899976546876134,0.16298353672027588,0.54296875,7,7
33,4749,0.09049421420786531,0.170970618724823,0.51171875,5,5
33,4750,0.10710472613573076,0.17632675170898438,0.54296875,4,4
33,4751,0.011674546985886996,0.11720329523086548,0.33984375,5,4
33,4752,0.03790134168229998,0.09196913242340088,0.46484375,3,0
33,4753,0.07193320384249093,0.12035882472991943,0.5390625,5,6
33,4754,0.10072705149650575,0.17423057556152344,0.53125,6,8
33,4755,0.09765752451494338,0.14245200157165527,0.57421875,6,8
33,4756,0.09636983100790532,0.17559200525283813,0.51953125,6,6
33,4757,0.09378002048470081,0.1650012731552124,0.52734375,5,4
33,4758,0.10231995885260405,0.16069883108139038,0.5546875,5,5
33,4759,0.04636183055117727,0.08600455522537231,0.515625,5,6
33,4760,0.08355943998321892,0.13981187343597412,0.5390625,6,6
33,4761,0.008686966728419069,0.12354797124862671,0.328125,6,5
33,4762,0.08967157127335669,0.1605309247970581,0.5234375,6,6
33,4763,0.08486571907997133,0.1293191909790039,0.5625,4,4
33,4764,0.09813644085079433,0.1854090690612793,0.51171875,4,3
33,4765,0.09492820780724288,0.17609870433807373,0.515625,4,4
33,4766,0.00740581750869751,0.00740581750869751,0.84765625,6,7
33,4767,0.034465687349438674,0.03869831562042236,0.65625,3,0
33,4768,0.10138217848725618,0.18149536848068237,0.5234375,5,5
33,4769,0.021874606609344482,0.021874606609344482,0.7421875,5,5
33,4770,0.05133029911667109,0.09189200401306152,0.5234375,5,4
33,4771,0.07985606370493771,0.1336153745651245,0.5390625,4,4
33,4772,0.09243740397505464,0.16842687129974365,0.51953125,5,4
33,4773,0.048441979335621006,0.07273399829864502,0.56640625,6,6
33,4774,0.11036566004622729,0.16098922491073608,0.57421875,5,5
33,4775,0.0350500037893653,0.08711457252502441,0.4609375,7,8
33,4776,0.08260488510131837,0.16520977020263672,0.5,6,6
33,4777,0.08303325180895628,0.14123928546905518,0.53515625,6,7
33,4778,0.0340199419297278,0.08665776252746582,0.45703125,4,3
34,4400,0.07792604039423169,0.11700332164764404,0.56640625,3,6
34,4646,0.08012421266175808,0.09744322299957275,0.62890625,3,6
34,4779,0.08057368732988836,0.10687494277954102,0.6015625,4,7
34,4780,0.05795419216156007,0.11590838432312012,0.5,3,6
34,4781,0.0853156241355464,0.12100166082382202,0.58203125,3,7
34,4782,0.03037775389384479,0.11030787229537964,0.41015625,3,4
34,4783,0.07036650041118266,0.11773741245269775,0.5390625,3,6
34,4784,0.010140565689653162,0.1266334056854248,0.33203125,3,5
34,4785,0.0,0.13167494535446167,0.26953125,3,6
34,4786,0.07575751189142467,0.11898112297058105,0.5546875,3,5
34,4787,0.060643857461400344,0.1145743727684021,0.51171875,3,5
34,4788,0.0075282482430338886,0.10706841945648193,0.328125,3,6
34,4789,0.019153185188770298,0.12106704711914062,0.36328125,3,6
34,4790,0.06709369341842832,0.12224900722503662,0.51953125,4,7
34,4791,0.08305351715534927,0.11309415102005005,0.59375,2,4
34,4792,0.009462609421461826,0.1053229570388794,0.3359375,3,5
34,4793,0.03843504190444946,0.03843504190444946,0.76171875,4,7
34,4721,0.06987602077424528,0.1296250820159912,0.515625,6,6
34,4665,0.06405766319949181,0.12102407217025757,0.51171875,1,2
34,4794,0.060070245992392315,0.10217928886413574,0.53515625,1,2
34,4795,0.053234890336170806,0.09699738025665283,0.51953125,1,1
34,4796,0.03777368995361031,0.03979450464248657,0.6796875,7,8
34,4797,0.06421922799199821,0.11701154708862305,0.51953125,1,2
34,4798,0.05954261543229224,0.09647411108016968,0.546875,2,4
34,4799,0.06464929319918157,0.12214183807373047,0.51171875,1,2
34,4800,0.04811365937348456,0.07920962572097778,0.54296875,1,1
34,4801,0.08866765117272736,0.1644849181175232,0.515625,5,4
34,4802,0.03837544936686755,0.10024607181549072,0.453125,6,5
34,4803,0.06375679001212121,0.11217689514160156,0.52734375,1,2
34,4804,0.04652596917003394,0.05867314338684082,0.6171875,5,4
34,4805,0.04443307546898723,0.06390374898910522,0.578125,6,6
34,4743,0.0854331571608782,0.1778120994567871,0.4921875,6,5
34,4264,0.06218560994602741,0.11330616474151611,0.51953125,1,2
34,4806,0.06143366731703283,0.10997915267944336,0.5234375,1,2
34,4807,0.08764657261781396,0.18241888284683228,0.4921875,6,4
34,4808,0.058263740036636605,0.1100776195526123,0.51171875,1,2
34,4809,0.0197446346282959,0.0197446346282959,0.7578125,5,4
34,4810,0.052037530811503536,0.0548214316368103,0.6796875,6,4
34,4811,0.052551578381098814,0.07252401113510132,0.58984375,6,4
34,4812,0.0,0.14452862739562988,0.25,6,5
34,4813,0.048602708266116686,0.06531387567520142,0.59765625,1,1
34,4814,0.060376493609510376,0.09939795732498169,0.54296875,2,5
34,4815,0.08261703071184458,0.1685255765914917,0.49609375,6,4
34,4816,0.09549509501084687,0.17095625400543213,0.5234375,5,2
34,4817,0.04579143295995892,0.1014944314956665,0.48046875,6,6
34,4736,0.09753477573394777,0.16870880126953125,0.53125,5,3
34,4565,0.09043979295529427,0.17086780071258545,0.51171875,5,2
34,4818,0.08825075253844263,0.18001747131347656,0.49609375,5,4
34,4819,0.0402785586193204,0.10010981559753418,0.4609375,5,3
34,4820,0.09725666779559107,0.1601138710975647,0.54296875,5,3
34,4821,0.09300923394039275,0.1790252923965454,0.5078125,5,3
34,4822,0.0,0.14196348190307617,0.25,5,1
34,4823,0.0,0.1688385009765625,0.234375,6,4
34,4824,0.08487330016214402,0.18811744451522827,0.48046875,6,2
34,4825,0.07553409482352437,0.1376279592514038,0.51953125,5,4
34,4826,0.08657009596936406,0.16663116216659546,0.5078125,5,3
34,4827,0.09949111286550762,0.1720927357673645,0.53125,5,2
34,4828,0.09620515524875374,0.17529195547103882,0.51953125,6,7
34,4829,0.08016071235761048,0.13412511348724365,0.5390625,4,2
34,4830,0.08424996025860311,0.145729660987854,0.53125,5,4
34,4831,0.09023453039117159,0.16441309452056885,0.51953125,5,6
34,4832,0.08468843437731267,0.1837308406829834,0.484375,5,3
34,4833,0.04768100520595909,0.09923851490020752,0.4921875,5,2
34,4834,0.0984924240037799,0.17036527395248413,0.53125,6,3
34,4835,0.09127557394094767,0.18618762493133545,0.49609375,5,2
34,4836,0.05066116526722909,0.07956600189208984,0.5546875,5,6
34,4837,0.03487792611122132,0.1109161376953125,0.42578125,6,5
34,4838,0.06018501520156862,0.12037003040313721,0.5,6,6
34,4839,0.08767761383205654,0.14434385299682617,0.54296875,6,6
34,4840,0.0825746124610305,0.19573241472244263,0.46875,5,6
34,4841,0.08981681359000505,0.15028172731399536,0.5390625,6,6
34,4842,0.0926129078725353,0.2052718997001648,0.48046875,4,3
34,4700,0.0893026397097856,0.17189079523086548,0.5078125,5,3
34,4684,0.10258883330971004,0.17745095491409302,0.53125,6,5
34,4843,0.08719937293790282,0.15342295169830322,0.52734375,5,4
34,4844,0.0741623805370182,0.1401149034500122,0.51171875,5,3
34,4845,0.09265603031963111,0.1783454418182373,0.5078125,6,5
34,4846,0.032996811904013164,0.10829722881317139,0.421875,4,1
34,4847,0.0,0.14271897077560425,0.25,4,1
34,4848,0.08801201102323832,0.1548527479171753,0.52734375,6,5
34,4849,0.0763165606185794,0.1943984031677246,0.45703125,5,4
34,4850,0.0881901071406901,0.16974937915802002,0.5078125,6,5
34,4851,0.08486879616975786,0.15463638305664062,0.51953125,5,2
34,4852,0.0907427128404379,0.1569603681564331,0.53125,6,5
34,4853,0.09174004616215826,0.1701844334602356,0.515625,5,5
34,4854,0.09310456423554571,0.15837055444717407,0.53515625,5,5
34,4855,0.0362136431504041,0.09224569797515869,0.45703125,5,5
34,4856,0.08456947980448605,0.17966628074645996,0.48828125,5,6
34,4857,0.05432947492226959,0.17831212282180786,0.421875,4,3
34,4858,0.09019165625795723,0.17360198497772217,0.5078125,6,5
34,4859,0.09502804395742716,0.1671971082687378,0.52734375,7,7
34,4860,0.05199420161079616,0.07584339380264282,0.57421875,5,4
34,4861,0.0905655361711979,0.16213130950927734,0.5234375,5,3
34,4862,0.02073323132935912,0.11665290594100952,0.37109375,4,2
34,4863,0.08055730024352671,0.1866304874420166,0.47265625,5,4
34,4864,0.10020961111877115,0.17631381750106812,0.52734375,4,2
34,4865,0.09697745973244311,0.15712803602218628,0.546875,6,5
34,4866,0.05310644139535726,0.07328975200653076,0.58984375,5,3
34,4867,0.07627824298106135,0.204473614692688,0.44921875,5,3
34,4868,0.07473205775022508,0.12926626205444336,0.53125,5,3
34,4869,0.06574254855513574,0.11371684074401855,0.53125,5,5
34,4870,0.0990576173644513,0.1579984426498413,0.55078125,4,2
34,4871,0.08853787183761598,0.17707574367523193,0.5,5,3
34,4872,0.09459081571549179,0.1820695400238037,0.5078125,4,3
34,4873,0.08461428433656694,0.16286659240722656,0.5078125,6,6
34,4874,0.08584284014068545,0.146018385887146,0.53515625,5,3
34,4875,0.08951249392703177,0.16605216264724731,0.515625,6,5
34,4876,0.0366629958152771,0.0366629958152771,0.7421875,7,7
34,4877,0.05375397042371333,0.05906015634536743,0.6640625,6,4
34,4878,0.08355465158820154,0.18929195404052734,0.4765625,6,5
34,4879,0.08081144909374417,0.13304007053375244,0.54296875,5,6
34,4880,0.07933671469800176,0.1327463984489441,0.5390625,5,5
34,4881,0.0920241284184158,0.17712914943695068,0.5078125,6,4
34,4882,0.08834139676764609,0.16387969255447388,0.515625,4,2
34,4883,0.09546431805938484,0.18375086784362793,0.5078125,5,3
34,4884,0.0735840250272304,0.13407480716705322,0.51953125,4,1
34,4885,0.0,0.13541001081466675,0.2734375,4,1
34,4774,0.09648290323093535,0.16411709785461426,0.53515625,5,5
34,4463,0.097036941209808,0.17680752277374268,0.51953125,4,3
34,4886,0.09900894761085512,0.1870574951171875,0.51171875,6,6
34,4887,0.05011031962931157,0.05279111862182617,0.6796875,4,4
34,4888,0.07778626331128181,0.18021070957183838,0.47265625,5,5
34,4889,0.0,0.13612675666809082,0.265625,4,3
34,4890,0.06479356414638461,0.11021363735198975,0.53515625,6,8
34,4891,0.0,0.13696527481079102,0.265625,6,5
34,4892,0.0,0.12804317474365234,0.296875,4,4
34,4893,0.09024603059515358,0.1878291368484497,0.4921875,5,5
34,4894,0.08655352005735041,0.16056305170059204,0.515625,5,6
34,4895,0.0,0.13877993822097778,0.2578125,4,4
34,4896,0.047877262579277165,0.09045445919036865,0.51171875,5,5
34,4897,0.09296871186234058,0.18964135646820068,0.49609375,5,6
34,4898,0.09648697520606221,0.1758054494857788,0.51953125,5,4
34,4899,0.08930792566388847,0.1598799228668213,0.5234375,5,5
34,4900,0.0696483999490738,0.12047290802001953,0.53125,5,4
34,4901,0.053921056911349304,0.060542941093444824,0.65625,4,4
34,4902,0.07012732990551741,0.19837123155593872,0.44140625,3,3
34,4903,0.027878375723958022,0.10495388507843018,0.40625,4,4
34,4904,0.060250311158597476,0.06480705738067627,0.671875,4,3
34,4905,0.043220273219048984,0.049616098403930664,0.6484375,4,3
34,4906,0.08686516992747785,0.1430063247680664,0.54296875,5,6
34,4907,0.04672902822494507,0.04672902822494507,0.71875,5,4
34,4908,0.09516386315226556,0.16460776329040527,0.53125,5,6
34,4909,0.06736946152523161,0.12275147438049316,0.51953125,5,5
34,4910,0.02440099662635476,0.11255234479904175,0.38671875,6,6
34,4911,0.09091959754005076,0.15212690830230713,0.5390625,4,3
34,4912,0.09218967519700529,0.17744779586791992,0.5078125,3,4
34,4913,0.08930746838450433,0.16567182540893555,0.515625,4,4
34,4914,0.07620597106870265,0.12545806169509888,0.54296875,4,3
34,4915,0.03636601986363531,0.08425068855285645,0.47265625,4,4
34,4916,0.04695497523061932,0.10637587308883667,0.4765625,5,4
35,4879,0.09101886861026288,0.12394058704376221,0.59375,5,6
35,4880,0.09192570985760541,0.12353271245956421,0.59765625,5,5
35,4917,0.08581401058472694,0.12698489427566528,0.5703125,6,6
35,4918,0.0452457070350647,0.0452457070350647,0.734375,4,5
35,4919,0.0870708446018398,0.1252254843711853,0.578125,5,4
35,4920,0.06043755402788521,0.10819590091705322,0.5234375,5,6
35,4921,0.05198929831385613,0.08992743492126465,0.53125,5,5
35,4922,0.060151411453261985,0.10583341121673584,0.52734375,5,4
35,4923,0.050821521319448955,0.08941793441772461,0.52734375,5,6
35,4924,0.08623823639936747,0.1276126503944397,0.5703125,5,5
35,4925,0.052887545898556716,0.08569121360778809,0.546875,6,7
35,4926,0.05878388043493033,0.08454310894012451,0.578125,6,7
35,4927,0.049389865715056665,0.05669867992401123,0.6484375,6,6
35,4928,0.046249623410403735,0.10962873697280884,0.46875,5,5
35,4929,0.09264454571530224,0.13324159383773804,0.578125,6,5
35,4930,0.03359633684158325,0.03359633684158325,0.734375,5,5
35,4931,0.057883809087798006,0.09090954065322876,0.5546875,6,6
35,4932,0.05376037023961545,0.08995199203491211,0.5390625,5,4
35,4933,0.07088526966981591,0.10643184185028076,0.56640625,6,6
35,4934,0.04357382375746966,0.04409050941467285,0.6953125,5,3
35,4781,0.07327632559463383,0.11508429050445557,0.5546875,3,7
35,4791,0.0794443595223129,0.10963749885559082,0.58984375,2,4
35,4935,0.06228230008855463,0.06302082538604736,0.6953125,3,7
35,4936,0.01498663984239102,0.13702070713043213,0.34375,3,8
35,4937,0.06008109427057207,0.06601184606552124,0.6640625,2,2
35,4938,0.03353272564709187,0.12624084949493408,0.40625,3,6
35,4939,0.06226009270176292,0.09213054180145264,0.5703125,3,5
35,4940,0.06510636070743205,0.07645517587661743,0.640625,3,5
35,4941,0.056868514046072974,0.10549521446228027,0.515625,2,5
35,4942,0.049975507892668254,0.05936765670776367,0.63671875,3,6
35,4943,0.05364971514791251,0.11166119575500488,0.4921875,2,6
35,4944,0.06696646101772787,0.11583387851715088,0.53125,3,7
35,4945,0.047384773148223765,0.10734957456588745,0.4765625,1,1
35,4946,0.019263387657701973,0.14943718910217285,0.3515625,3,6
35,4947,0.026909463107585914,0.10934638977050781,0.3984375,2,1
35,4948,0.041559547884389765,0.04164087772369385,0.69921875,4,7
35,4949,0.058073777239769704,0.08123981952667236,0.5859375,3,7
35,4950,0.07166293589398266,0.11255037784576416,0.5546875,4,8
35,4951,0.06792296888306738,0.08163511753082275,0.6328125,4,6
35,4801,0.08592458674684168,0.15118002891540527,0.52734375,5,4
35,4807,0.0984897017478943,0.17036056518554688,0.53125,6,4
35,4952,0.04954257456120104,0.09026974439620972,0.51953125,5,4
35,4953,0.05886437511071564,0.09849202632904053,0.5390625,6,6
35,4954,0.08912806725129487,0.16838955879211426,0.51171875,6,5
35,4955,0.07297033874783666,0.10349255800247192,0.58203125,5,4
35,4956,0.05336347315460444,0.07266515493392944,0.59375,6,5
35,4957,0.05043498391751201,0.0857897400856018,0.53515625,5,4
35,4958,0.08606614661403002,0.15681803226470947,0.51953125,5,3
35,4959,0.055519968504086144,0.08719700574874878,0.5546875,5,3
35,4960,0.08875988645013423,0.13729625940322876,0.55859375,7,6
35,4961,0.01457975991070271,0.13330066204071045,0.34375,5,3
35,4962,0.08111674338579179,0.1452159881591797,0.5234375,6,4
35,4963,0.09103357361163945,0.17857927083969116,0.50390625,5,4
35,4964,0.04542453354224563,0.04736733436584473,0.68359375,4,3
35,4965,0.09399917954578997,0.13518983125686646,0.578125,5,4
35,4966,0.10222238581627609,0.16054558753967285,0.5546875,6,3
35,4967,0.05343639384955169,0.09566235542297363,0.5234375,6,5
35,4968,0.09487710893154146,0.15874862670898438,0.5390625,6,4
35,4969,0.08821315690875055,0.1429276466369629,0.546875,6,3
35,4463,0.09800413926132025,0.16398078203201294,0.5390625,4,3
35,4774,0.10036951862275602,0.15294402837753296,0.5625,5,5
35,4970,0.09731738176196815,0.1399620771408081,0.578125,5,5
35,4971,0.058655748143792166,0.10320186614990234,0.52734375,5,6
35,4972,0.05228482279926539,0.0667576789855957,0.61328125,5,6
35,4973,0.09977607661858202,0.1642615795135498,0.54296875,3,1
35,4974,0.005709171295166016,0.005709171295166016,0.890625,4,3
35,4975,0.014303825795650487,0.13077783584594727,0.34375,5,6
35,4976,0.09913082723505796,0.15569013357162476,0.5546875,3,4
35,4977,0.08839570707641543,0.14552605152130127,0.54296875,5,5
35,4978,0.09151640534400941,0.1830328106880188,0.5,4,3
35,4979,0.09309567464515568,0.1320359706878662,0.58203125,3,4
35,4980,0.09167556557804347,0.1798386573791504,0.50390625,3,5
35,4981,0.09702868759632112,0.15476226806640625,0.55078125,2,3
35,4982,0.09862297330982985,0.1765558123588562,0.5234375,4,5
35,4983,0.03891029208898545,0.09014511108398438,0.47265625,4,3
35,4984,0.051037070923484876,0.09642428159713745,0.51171875,5,3
35,4985,0.09850983717478813,0.1621769666671753,0.54296875,3,3
35,4986,0.09295499324798585,0.130035400390625,0.5859375,5,6
35,4987,0.09665206668432803,0.17005449533462524,0.52734375,2,2
35,4988,0.0930884013650939,0.13578706979751587,0.57421875,4,4
35,4989,0.09409930673427881,0.15008985996246338,0.55078125,5,4
35,4990,0.06103180535137654,0.08902645111083984,0.57421875,4,3
35,4991,0.05592991132289172,0.06722092628479004,0.6328125,4,6
35,4992,0.0485451240092516,0.08690595626831055,0.5234375,5,5
35,4827,0.09517598664388062,0.1592487096786499,0.5390625,5,2
35,4736,0.09481394151225687,0.15609240531921387,0.54296875,5,3
35,4993,0.0992570547387004,0.1608215570449829,0.546875,5,2
35,4994,0.01473512034863234,0.13472110033035278,0.34375,4,1
35,4995,0.08881053840741517,0.13141906261444092,0.5703125,5,1
35,4996,0.09657315979711713,0.1615864634513855,0.5390625,6,5
35,4997,0.09714649547822775,0.15993249416351318,0.54296875,5,3
35,4998,0.03847450017929077,0.03847450017929077,0.71875,5,2
35,4999,0.10210984852164985,0.15109896659851074,0.5703125,6,6
35,5000,0.04545786045491696,0.10775196552276611,0.46875,6,6
35,5001,0.01482554897665978,0.13554787635803223,0.34375,5,1
35,5002,0.05548520805314184,0.08210527896881104,0.5703125,5,3
35,5003,0.09129805793054403,0.15030419826507568,0.54296875,5,3
35,5004,0.0917020356282592,0.1701139211654663,0.515625,5,2
35,5005,0.053705096710473306,0.0712357759475708,0.6015625,5,1
35,5006,0.055762848816812045,0.07209742069244385,0.609375,6,7
35,5007,0.045107697485946126,0.1094556450843811,0.46484375,4,2
35,5008,0.013459742069244385,0.013459742069244385,0.85546875,5,2
35,5009,0.097524709883146,0.1508539319038391,0.55859375,5,2
35,5010,0.09980221674777569,0.16430461406707764,0.54296875,6,4
35,5011,0.09898380842059852,0.1712152361869812,0.53125,6,7
35,5012,0.09526389604434372,0.17054235935211182,0.5234375,6,8
35,5013,0.014694805257022386,0.13435250520706177,0.34375,5,3
35,5014,0.10720771271735431,0.14997363090515137,0.5859375,5,2
35,5015,0.09945978829637171,0.163740873336792,0.54296875,5,3
35,5016,0.09540513565298171,0.15706568956375122,0.54296875,5,2
35,5017,0.09235669299960138,0.1450510025024414,0.5546875,6,3
35,5018,0.10441893665120007,0.1639953851699829,0.5546875,5,4
35,5019,0.086098724976182,0.14406061172485352,0.5390625,5,3
35,4684,0.09961485501844437,0.163996160030365,0.54296875,6,5
35,4864,0.09414146654307844,0.16283929347991943,0.53125,4,2
35,5020,0.09490393078885974,0.14043587446212769,0.5703125,6,6
35,5021,0.09307219972833992,0.15080052614212036,0.546875,3,2
35,5022,0.038668155670166016,0.038668155670166016,0.71484375,5,4
35,5023,0.1025139056146145,0.1635112762451172,0.55078125,6,5
35,5024,0.09944790694862606,0.16113078594207764,0.546875,7,7
35,5025,0.021978161064907915,0.12365734577178955,0.37109375,5,4
35,5026,0.07512155198492111,0.12778151035308838,0.53515625,4,1
35,5027,0.05421946803107859,0.10243678092956543,0.51171875,6,4
35,5028,0.0954581400146708,0.1571529507637024,0.54296875,5,3
35,5029,0.08800555556081237,0.17263925075531006,0.50390625,5,5
35,5030,0.08678051317110659,0.16703617572784424,0.5078125,5,4
35,5031,0.03578264499083162,0.11036574840545654,0.4296875,5,3
35,5032,0.045593547634780414,0.04853200912475586,0.67578125,4,1
35,5033,0.042678759666159756,0.09067022800445557,0.48828125,6,6
35,5034,0.09669025335460903,0.1390601396560669,0.578125,5,4
35,5035,0.052736387122422464,0.085446298122406,0.546875,6,5
35,5036,0.10137753887102009,0.1696251630783081,0.5390625,6,7
35,5037,0.06648704037070276,0.09429740905761719,0.58203125,6,4
35,5038,0.09918313985690476,0.14467740058898926,0.57421875,6,7
35,5039,0.05423735617659987,0.08143556118011475,0.56640625,6,3
35,5040,0.09974076587241144,0.15908807516098022,0.55078125,3,2
35,5041,0.03986428305506707,0.11596882343292236,0.4375,4,1
35,5042,0.02306342124938965,0.02306342124938965,0.79296875,4,2
35,5043,0.05393810733221472,0.06559693813323975,0.62890625,5,3
35,5044,0.08783730608411135,0.12457811832427979,0.58203125,5,5
35,5045,0.09926955029368402,0.1512678861618042,0.5625,5,3
35,5046,0.0505630779080093,0.05804550647735596,0.6484375,5,5
35,5047,0.10138934571295978,0.17246294021606445,0.53515625,6,5
35,5048,0.09734547906555237,0.16026008129119873,0.54296875,4,2
35,5049,0.010085046291351318,0.010085046291351318,0.875,5,5
35,5050,0.10291367059107871,0.1545214056968689,0.56640625,5,4
35,5051,0.09790904866531493,0.16118788719177246,0.54296875,4,1
35,5052,0.10010004043579103,0.164794921875,0.54296875,5,5
35,5053,0.0228126347064972,0.12166738510131836,0.375,5,3
35,5054,0.04808076773770154,0.05117952823638916,0.67578125,6,4
36,4941,0.05015856027603151,0.10031712055206299,0.5,2,5
36,4938,0.024068565573543317,0.12201094627380371,0.37890625,3,6
36,5055,0.053463596268557026,0.10100871324539185,0.51171875,2,4
36,5056,0.060199611587449915,0.08089816570281982,0.59765625,2,5
36,5057,0.07162130693905057,0.083152174949646,0.64453125,2,5
36,5058,0.05845059966668487,0.08649337291717529,0.5703125,2,5
36,5059,0.05764796375297011,0.09490597248077393,0.54296875,3,5
36,5060,0.02675706148147583,0.02675706148147583,0.71875,3,6
36,5061,0.06264494685456158,0.07356470823287964,0.640625,2,4
36,4791,0.06807678181212397,0.1022149920463562,0.56640625,2,4
36,4781,0.07167282700538637,0.10921573638916016,0.5625,3,7
36,5062,0.005289766704663638,0.12896955013275146,0.31640625,2,4
36,5063,0.0,0.13335907459259033,0.26953125,4,6
36,5064,0.040464243851602084,0.08421826362609863,0.4921875,2,3
36,5065,0.027408794267103083,0.1071244478225708,0.40234375,2,5
36,5066,0.04793778620660306,0.10625171661376953,0.48046875,2,4
36,5067,0.0,0.1336904764175415,0.26953125,2,2
36,5068,0.06241267826408149,0.10795706510543823,0.53125,4,7
36,5069,0.058437061030417695,0.1064760684967041,0.51953125,4,9
36,5070,0.07105152332223953,0.1066814661026001,0.56640625,2,4
36,5071,0.06474017654545607,0.10326159000396729,0.55078125,2,3
36,5072,0.053860946092754616,0.09813809394836426,0.51953125,2,6
36,5073,0.05754383560270072,0.06998205184936523,0.62890625,3,6
36,5074,0.028212273376993842,0.11937755346298218,0.39453125,3,6
36,5075,0.021357627818360928,0.1350013017654419,0.36328125,4,8
36,5076,0.05179689871147276,0.08134973049163818,0.5546875,3,6
36,4970,0.08574143401347102,0.14115631580352783,0.54296875,5,5
36,4996,0.09318281896412374,0.16118109226226807,0.53125,6,5
36,5077,0.032825367641635246,0.0879926085472107,0.44921875,5,5
36,5078,0.0691380212083459,0.13062238693237305,0.51171875,6,5
36,5079,0.06821541488170625,0.12211990356445312,0.5234375,5,3
36,5080,0.07360165717545898,0.13410693407058716,0.51953125,5,5
36,5081,0.006336959544569258,0.12478935718536377,0.3203125,5,3
36,5082,0.08912576420698316,0.16838520765304565,0.51171875,6,7
36,5083,0.07623907830566169,0.16898012161254883,0.48046875,7,6
36,5084,0.07836602162569763,0.12697279453277588,0.546875,4,4
36,5085,0.08446024381555618,0.17228543758392334,0.49609375,6,6
36,5086,0.022003081161528833,0.10149168968200684,0.38671875,5,4
36,5087,0.08093828125856818,0.1290978193283081,0.55078125,5,3
36,5088,0.04252935573458672,0.07356429100036621,0.53125,6,3
36,5089,0.08217457705177368,0.1552523374557495,0.51171875,5,2
36,5090,0.0831372184911743,0.14141613245010376,0.53515625,6,5
36,5091,8.225440979003906e-06,8.225440979003906e-06,0.99609375,6,5
36,5092,0.09587537194602193,0.16868793964385986,0.52734375,6,4
36,5093,0.06398588826414199,0.11658638715744019,0.51953125,6,5
36,5094,0.02969901182223112,0.10784322023391724,0.41015625,5,3
36,5095,0.09348741965368391,0.16736209392547607,0.5234375,5,4
36,5096,0.07913392782211305,0.15826785564422607,0.5,5,5
36,5097,0.06456998013891281,0.12199199199676514,0.51171875,5,3
36,5098,0.08590423199348153,0.14612281322479248,0.53515625,6,6
36,5099,0.072652141796425,0.12358105182647705,0.53515625,4,3
36,5100,0.10142099065706135,0.1643276810646057,0.546875,5,5
36,5101,0.016975724603980783,0.11436277627944946,0.359375,5,4
36,5102,0.043928548460826285,0.060623764991760254,0.58984375,4,0
36,5103,0.004988422966562215,0.12162250280380249,0.31640625,5,3
36,5104,0.0817366777919233,0.13676202297210693,0.5390625,5,6
36,5105,0.09530448634177448,0.15441739559173584,0.546875,5,4
36,5106,0.030378251103684313,0.09660661220550537,0.42578125,4,4
36,5107,0.049313546391204006,0.07193315029144287,0.57421875,6,5
36,5108,0.08153025002684446,0.14344841241836548,0.52734375,5,5
36,5109,0.0,0.1350681185722351,0.26953125,6,3
36,4774,0.09612599434331061,0.15332245826721191,0.55078125,5,5
36,4973,0.10313483420759441,0.16450166702270508,0.55078125,3,1
36,5110,0.0,0.12893027067184448,0.28515625,4,1
36,5111,0.049285826738923795,0.0699012279510498,0.58203125,3,2
36,5112,0.08165659045334907,0.16656643152236938,0.49609375,5,4
36,5113,0.05841339007019997,0.1699298620223999,0.4375,4,7
36,5114,0.09422270162031056,0.1686784029006958,0.5234375,3,5
36,5115,0.07017008773982526,0.15896940231323242,0.4765625,3,2
36,5116,0.0,0.12781167030334473,0.28515625,3,0
36,5117,0.04388466244563461,0.07464766502380371,0.53515625,2,0
36,5118,0.046660963329486556,0.07681804895401001,0.54296875,4,5
36,5119,0.04570839344523848,0.048153698444366455,0.6796875,3,4
36,5120,0.09475979651324452,0.1611860990524292,0.53515625,4,5
36,5121,0.09203879698179664,0.1647687554359436,0.5234375,5,6
36,5122,0.08692593581508846,0.17731505632400513,0.49609375,3,1
36,5123,0.0370458159595728,0.03902769088745117,0.6796875,3,0
36,5124,0.08778706868179144,0.1544569730758667,0.52734375,3,4
36,5125,0.05058470135554672,0.08196002244949341,0.546875,5,6
36,5126,0.08756496012210847,0.16243934631347656,0.515625,3,2
36,5127,0.03682928159832955,0.03840446472167969,0.68359375,3,0
36,5128,0.10503890551626684,0.17018961906433105,0.546875,3,3
36,5129,0.08280779281631113,0.13855421543121338,0.5390625,4,3
36,5130,0.043262995546683676,0.05139362812042236,0.63671875,2,0
36,5131,0.02591507299803198,0.1096571683883667,0.39453125,5,3
36,5132,0.04861948918551207,0.04919600486755371,0.6953125,3,2
36,5050,0.0775284767150879,0.15505695343017578,0.5,5,4
36,5023,0.1009879680350423,0.1636260747909546,0.546875,6,5
36,5133,0.03447338333353401,0.09241032600402832,0.44921875,6,7
36,5134,0.08248536102473737,0.17523860931396484,0.48828125,5,4
36,5135,0.08614722825586797,0.15980935096740723,0.515625,6,7
36,5136,0.08511821273714305,0.15790045261383057,0.515625,5,3
36,5137,0.09300592378713192,0.15820276737213135,0.53515625,5,5
36,5138,0.055660017533227815,0.09793102741241455,0.52734375,5,5
36,5139,0.08946408343035729,0.1521781086921692,0.53515625,3,1
36,5140,0.08042417862452568,0.1439761519432068,0.5234375,6,7
36,5141,0.09098791191354395,0.1547701358795166,0.53515625,6,6
36,5142,0.08250221237540246,0.17171192169189453,0.4921875,6,5
36,5143,0.08570726355537774,0.1589931845664978,0.515625,5,4
36,5144,0.051719750743359334,0.058715105056762695,0.65234375,5,4
36,5145,0.09599574515596034,0.1606203317642212,0.5390625,6,4
36,5146,0.09134582080878319,0.15537893772125244,0.53515625,6,4
36,5147,0.0,0.13233697414398193,0.27734375,5,3
36,5148,0.049152287188917405,0.07069092988967896,0.578125,3,3
36,5149,0.051865909248590476,0.06383496522903442,0.625,6,6
36,5150,0.09110170602798463,0.15758132934570312,0.53125,5,3
36,5151,0.08289843611419202,0.15378260612487793,0.515625,6,5
36,5152,0.08333567320369185,0.13719570636749268,0.54296875,6,5
36,5153,0.09052795218303801,0.1742492914199829,0.5078125,3,3
36,5154,0.09148749243468048,0.16669607162475586,0.51953125,4,3
36,5155,0.09683338343165816,0.16471326351165771,0.53515625,5,4
36,5156,0.09234448091592641,0.1472908854484558,0.55078125,3,1
36,5157,0.019611597061157227,0.019611597061157227,0.796875,6,6
36,5158,0.048774578375741846,0.08887040615081787,0.51953125,6,8
36,5159,0.09683563769795002,0.15445435047149658,0.55078125,7,8
36,5160,0.005103886127471924,0.005103886127471924,0.91796875,3,3
36,5161,0.07890218705870213,0.17488276958465576,0.48046875,6,5
36,5162,0.02214096765965224,0.11223936080932617,0.37890625,5,5
36,5163,0.034325281740166254,0.08743554353713989,0.45703125,7,7
36,5164,0.038511006161570556,0.04324042797088623,0.65625,6,8
36,5014,0.08395066205412151,0.15028929710388184,0.5234375,5,2
36,5018,0.09461403638124467,0.16365671157836914,0.53125,5,4
36,5165,0.08531841170042755,0.15273785591125488,0.5234375,5,4
36,5166,0.09295133058913053,0.15302598476409912,0.54296875,6,4
36,5167,0.036105887498706586,0.08761239051818848,0.46484375,6,2
36,5168,0.08517579082399608,0.15800726413726807,0.515625,5,3
36,5169,0.0945437401533127,0.16353511810302734,0.53125,6,3
36,5170,0.08664461318403484,0.1449739933013916,0.5390625,5,2
36,5171,0.08112070988863708,0.140316903591156,0.53125,6,5
36,5172,0.04535752697847784,0.08897721767425537,0.50390625,5,1
36,5173,0.08224759250879289,0.14471054077148438,0.52734375,5,3
36,5174,0.03721204167231918,0.03920280933380127,0.6796875,5,1
36,5175,0.08412995445542039,0.15061026811599731,0.5234375,5,3
36,5176,0.06388193252496423,0.11436206102371216,0.5234375,5,1
36,5177,0.03937839390709997,0.04373478889465332,0.66015625,4,1
36,5178,0.07413307845126839,0.1512196660041809,0.49609375,6,3
36,5179,0.09597262577153744,0.16058164834976196,0.5390625,4,5
36,5180,0.08513448608573528,0.14481347799301147,0.53515625,5,3
36,5181,0.08888083894271405,0.17435628175735474,0.50390625,5,5
36,5182,0.041105710668489344,0.08732831478118896,0.48828125,6,4
36,5183,0.09309528733137996,0.14400237798690796,0.55859375,5,3
36,5184,0.0,0.1282947063446045,0.28515625,4,1
36,5185,0.09684337012004109,0.1647302508354187,0.53515625,6,6
36,5186,0.08797080256044866,0.14253497123718262,0.546875,6,4
36,5187,0.08560974732972683,0.1456218957901001,0.53515625,4,1
36,5188,0.09168969746679069,0.15341544151306152,0.5390625,5,3
36,5189,0.03828880051150919,0.13903450965881348,0.41015625,5,2
36,5190,0.07921954337507488,0.13938283920288086,0.52734375,5,2
36,5191,0.08986465539783241,0.1503617763519287,0.5390625,5,4
36,5192,0.0943219941109419,0.16044139862060547,0.53515625,4,1
37,5061,0.05872638570144773,0.0740588903427124,0.6171875,2,4
37,4938,0.025451040593907244,0.12293332815170288,0.3828125,3,6
37,5193,0.04886576998978854,0.05738365650177002,0.640625,3,7
37,5194,0.01314038061536849,0.11029303073883057,0.34765625,3,5
37,5195,0.06606865581125022,0.10538053512573242,0.55078125,2,3
37,5196,0.034702342003583915,0.038964033126831055,0.65625,2,4
37,5197,0.009553865762427454,0.10633867979049683,0.3359375,2,4
37,5198,0.01752129150554538,0.11075186729431152,0.36328125,3,6
37,5070,0.06382408447097988,0.10856455564498901,0.53515625,2,4
37,4791,0.06642006454057993,0.10431617498397827,0.5546875,2,4
37,5199,0.05268785357475282,0.10537570714950562,0.5,2,4
37,5200,0.038068966940045364,0.11074608564376831,0.4375,1,2
37,5201,0.01391358813270927,0.11678290367126465,0.34765625,3,4
37,5202,0.052817344665527344,0.052817344665527344,0.7109375,2,4
37,5203,0.05678885243833066,0.06239461898803711,0.6640625,2,4
37,5204,0.050505321007221944,0.0904151201248169,0.5234375,2,2
37,5205,0.06538911489769818,0.10269701480865479,0.5546875,3,6
37,5206,0.06150847789831461,0.0981069803237915,0.55078125,2,4
37,5207,0.05329198378603906,0.08243352174758911,0.55859375,3,5
37,4781,0.0777482248377055,0.11026895046234131,0.58203125,3,7
37,5057,0.06363233737647535,0.08440351486206055,0.6015625,2,5
37,5208,0.0662616554182023,0.10406738519668579,0.5546875,3,7
37,5209,0.07495530392043294,0.11955487728118896,0.55078125,3,7
37,5210,0.04427984822541476,0.049717724323272705,0.65625,3,8
37,5211,0.06640479853376748,0.08478617668151855,0.61328125,2,4
37,5212,0.0393426783848554,0.09778374433517456,0.4609375,3,6
37,5213,0.07213095203042032,0.11687040328979492,0.546875,2,6
37,5214,0.059468081337399795,0.10463112592697144,0.52734375,3,7
37,5215,0.058467356022447355,0.08651816844940186,0.5703125,2,5
37,5216,0.05219343560747803,0.1086302399635315,0.4921875,2,4
37,5217,0.0502156624570489,0.0534520149230957,0.67578125,3,7
37,5218,0.03364621824584902,0.04243069887161255,0.6171875,4,6
37,5219,0.03893762826919556,0.03893762826919556,0.73046875,2,4
37,5220,0.0547829456627369,0.12985587120056152,0.46875,3,5
37,5221,0.05636585038155319,0.09587812423706055,0.53515625,3,6
37,5090,0.08194137958344073,0.14417177438735962,0.52734375,6,5
37,5108,0.08651914866641165,0.14476406574249268,0.5390625,5,5
37,5222,0.0,0.13451027870178223,0.26171875,7,6
37,5223,0.05180610367096961,0.08812201023101807,0.53515625,7,5
37,5224,0.07383897015824915,0.13218724727630615,0.5234375,6,5
37,5225,0.04835626331623644,0.09863907098770142,0.49609375,6,6
37,5226,0.03425506548956037,0.037236928939819336,0.66796875,6,5
37,5227,0.0809403955936432,0.15015029907226562,0.515625,6,5
37,5228,0.0520251417765394,0.09479314088821411,0.51953125,6,6
37,5229,0.04289865191094578,0.08750641345977783,0.49609375,6,6
37,5230,0.043234127573668964,0.08998322486877441,0.4921875,6,5
37,5137,0.09995246306061746,0.1594257354736328,0.55078125,5,5
37,5165,0.07479825848713519,0.1556776762008667,0.4921875,5,4
37,5231,0.08745796512812377,0.1622408628463745,0.515625,5,6
37,5232,0.04837929678615183,0.07263988256454468,0.56640625,5,5
37,5233,0.0,0.13479971885681152,0.26171875,5,4
37,5234,0.08983190450817348,0.16664469242095947,0.515625,5,5
37,5235,0.0900647514499724,0.16410374641418457,0.51953125,5,5
37,5236,0.04021236253902317,0.09110057353973389,0.4765625,5,6
37,5237,0.09051017882302405,0.18462634086608887,0.49609375,4,5
37,5238,0.049522865563631065,0.07546341419219971,0.5625,4,3
37,5239,0.08826489886268975,0.16675877571105957,0.51171875,5,5
37,5240,0.09750716155394913,0.16314923763275146,0.5390625,5,5
37,5241,0.08279954036697747,0.1688978672027588,0.49609375,5,5
37,5242,0.08824709337204696,0.1637047529220581,0.515625,5,5
37,5023,0.09590810723602773,0.16589510440826416,0.53125,6,5
37,5159,0.08895189058966936,0.15650641918182373,0.52734375,7,8
37,5243,0.050156508106738336,0.05823159217834473,0.64453125,6,5
37,5244,0.03938329103402794,0.08366906642913818,0.48828125,5,3
37,5245,0.09480801154859365,0.14890092611312866,0.5546875,4,2
37,5246,0.0777101442217827,0.16859149932861328,0.484375,6,6
37,5247,0.046728120767511434,0.0627947449684143,0.59765625,5,4
37,5248,0.07619424303993584,0.13640367984771729,0.5234375,7,9
37,5249,0.04013358056545258,0.04767608642578125,0.63671875,3,0
37,5250,0.09173702262341978,0.14407777786254883,0.5546875,7,7
37,5251,0.08634269237518312,0.1726853847503662,0.5,6,5
37,5252,0.077955084387213,0.14728045463562012,0.51171875,6,3
37,5253,0.04804261564277113,0.0681380033493042,0.58203125,7,6
37,5254,0.09289731062017383,0.14590007066726685,0.5546875,6,4
37,5255,0.08660840988159181,0.1732168197631836,0.5,6,4
37,5256,0.07741713628638537,0.14105898141860962,0.51953125,6,7
37,5257,0.03919687122106553,0.044498443603515625,0.65234375,7,7
37,5258,0.046642927452921874,0.06902074813842773,0.5703125,6,7
37,5259,0.0823465194553137,0.14741754531860352,0.5234375,5,4
37,5260,0.09232042334042491,0.16821372509002686,0.51953125,7,6
37,5261,0.05789102544076742,0.10937345027923584,0.51171875,6,4
37,5262,0.08484380785375835,0.16330838203430176,0.5078125,6,4
37,5263,0.07897111494094135,0.13213467597961426,0.5390625,5,4
37,5264,0.08545490028336646,0.16448462009429932,0.5078125,7,9
37,5265,0.07610409753397109,0.12733757495880127,0.5390625,8,10
37,4973,0.09506812028121205,0.16726762056350708,0.52734375,3,1
37,5100,0.09485432342626156,0.1668914556503296,0.52734375,5,5
37,5266,0.09395190607756378,0.15720057487487793,0.5390625,4,2
37,5267,0.09040325693786146,0.1441946029663086,0.55078125,4,4
37,5268,0.0508052408695221,0.08231735229492188,0.546875,3,1
37,5269,0.04800898185931147,0.061298251152038574,0.61328125,5,4
37,5270,0.0909811651799828,0.16577351093292236,0.51953125,3,2
37,5271,0.0883275866508484,0.17665517330169678,0.5,6,4
37,5272,0.0,0.13042926788330078,0.28125,4,4
37,5273,0.09311541728675367,0.1610645055770874,0.53125,3,2
37,5274,0.0912632141262293,0.16628742218017578,0.51953125,3,1
37,5275,0.0886989305727184,0.16161513328552246,0.51953125,6,4
37,5276,0.0539447229821235,0.1100386381149292,0.49609375,4,2
37,5277,0.04388993978500367,0.08777987957000732,0.5,6,5
37,5278,0.08385938685387374,0.1358734369277954,0.546875,4,4
37,5279,0.05249415850266815,0.08642125129699707,0.54296875,6,3
37,5280,0.03459641337394715,0.10064411163330078,0.4375,5,4
37,5281,0.08748960727825762,0.15941166877746582,0.51953125,7,8
37,5282,0.07801685575395824,0.13494807481765747,0.53125,6,7
37,5283,0.08886628376785667,0.15635579824447632,0.52734375,5,5
37,5284,0.09171867661643775,0.17328399419784546,0.51171875,6,4
37,5285,0.017437664791941646,0.11747479438781738,0.359375,6,6
37,5286,0.08064678683876993,0.17496252059936523,0.484375,3,2
37,5287,0.02436720579862595,0.0917353630065918,0.40625,5,1
37,5288,0.07171922456473113,0.12839245796203613,0.5234375,7,6
37,5289,0.040380008984357126,0.09148037433624268,0.4765625,6,4
37,5290,0.039751937729306526,0.054859817028045654,0.58984375,4,1
37,5291,0.08628452639095487,0.1544674038887024,0.5234375,6,3
37,5292,0.038569645956158645,0.09142434597015381,0.46875,5,4
37,5293,0.08724373532459141,0.16482949256896973,0.51171875,5,4
37,5294,0.03633258526679129,0.08816248178482056,0.46484375,5,4
37,5295,0.08550947904586793,0.17101895809173584,0.5,6,7
37,5296,0.038632060633972294,0.0937422513961792,0.46484375,4,4
37,5297,0.05137191759422422,0.09196650981903076,0.5234375,6,6
37,5298,0.08779002027586104,0.16897928714752197,0.5078125,4,5
37,5299,0.08739840984344484,0.17479681968688965,0.5,6,4
37,5300,0.08592248661443593,0.19465625286102295,0.4765625,5,4
37,5301,0.08349670423194767,0.1420276165008545,0.53515625,4,3
37,5302,0.0,0.13287532329559326,0.26171875,5,2
37,5303,0.07782469876110555,0.14979791641235352,0.5078125,5,4
37,5304,0.017093300819396973,0.017093300819396973,0.75,3,2
37,5128,0.08331135520711543,0.17339599132537842,0.4921875,3,3
37,4774,0.09069454856216909,0.15427112579345703,0.53515625,5,5
37,5305,0.054167169146239764,0.07279157638549805,0.59765625,4,5
37,5306,0.08286893367767335,0.16573786735534668,0.5,3,3
37,5307,0.054978730157017715,0.13031995296478271,0.46875,5,6
37,5308,0.04971949290484191,0.053479790687561035,0.671875,4,4
37,5309,0.09289978456217797,0.1580222249031067,0.53515625,3,3
37,5310,0.0285599681083113,0.09082424640655518,0.42578125,4,4
37,5311,0.09414439229294659,0.16853821277618408,0.5234375,6,6
37,5312,0.032202839851379395,0.032202839851379395,0.75,4,4
37,5313,0.03940130362752826,0.07729297876358032,0.50390625,6,6
37,5314,0.05415464448742569,0.08637750148773193,0.55078125,4,5
37,5315,0.05475612077862025,0.08599734306335449,0.5546875,6,7
37,5316,0.1003108269069344,0.16514194011688232,0.54296875,4,5
37,5317,0.09333949582651259,0.15123361349105835,0.546875,5,5
37,5318,0.09115894185379149,0.1410071849822998,0.55859375,5,5
37,5319,0.08820850122720005,0.1697847843170166,0.5078125,5,7
37,5320,0.006523251533508301,0.006523251533508301,0.87109375,4,4
37,5321,0.08490550192072989,0.17319369316101074,0.49609375,4,3
37,5322,0.07069672644138338,0.11828994750976562,0.5390625,6,6
37,5323,0.08915860950946809,0.16245269775390625,0.51953125,3,3
37,5324,0.08293005125597121,0.13875877857208252,0.5390625,5,6
37,5325,0.04629400279372931,0.08587872982025146,0.515625,2,2
37,5326,0.09684282168745996,0.14757001399993896,0.5625,3,4
38,5195,0.06378179322928192,0.10334265232086182,0.546875,2,3
38,5202,0.04171216022223235,0.053258419036865234,0.61328125,2,4
38,5327,0.056612551910802736,0.10695803165435791,0.51171875,2,3
38,5328,0.059475560439750566,0.0995146632194519,0.5390625,3,5
38,5329,0.04493012768216432,0.05100715160369873,0.65234375,2,4
38,5330,0.05040752654895187,0.06773924827575684,0.59765625,2,2
38,5331,0.04434436687733979,0.05524164438247681,0.62109375,2,4
38,5332,0.041207846952602274,0.043863654136657715,0.67578125,2,3
38,5333,0.05465497518889607,0.08206260204315186,0.56640625,2,4
38,4781,0.05855203047394754,0.10861825942993164,0.515625,3,7
38,5209,0.06787603907287122,0.11740720272064209,0.53125,3,7
38,5334,0.006409826688468461,0.12622427940368652,0.3203125,2,6
38,5335,0.04354382143355907,0.08541929721832275,0.50390625,2,2
38,5336,0.034113300964236266,0.09923869371414185,0.4375,3,8
38,5337,0.048134850338101394,0.07334834337234497,0.5625,3,6
38,5338,0.05672272096853704,0.11570531129837036,0.49609375,2,6
38,5339,0.06269347527995707,0.11223447322845459,0.5234375,3,6
38,5340,0.051510128891095526,0.10720807313919067,0.4921875,4,8
38,5341,0.04292209912091494,0.10415220260620117,0.46484375,3,6
38,5342,0.006336638703942303,0.12478303909301758,0.3203125,3,5
38,5343,0.05135779618285597,0.10476171970367432,0.49609375,4,7
38,5344,0.06029788032174112,0.11185693740844727,0.515625,3,6
38,5301,0.07241768203675748,0.1343400478363037,0.515625,4,3
38,5213,0.062333929352462306,0.11357641220092773,0.51953125,2,6
38,5345,0.03616597910877318,0.10828644037246704,0.43359375,2,5
38,5346,0.05162233114242555,0.10324466228485107,0.5,2,6
38,5347,0.06294955965131523,0.10532736778259277,0.5390625,2,3
38,5348,0.04325897619128228,0.058905839920043945,0.59375,2,3
38,5349,0.03900446952320636,0.11033308506011963,0.44140625,2,4
38,5350,0.03318750858306885,0.03318750858306885,0.73828125,2,4
38,5351,0.03418570349458606,0.03716152906417847,0.66796875,4,2
38,5352,0.02878482383675874,0.11696690320968628,0.3984375,3,6
38,5353,0.05683625489473344,0.10543537139892578,0.515625,3,5
38,5354,0.00877368496730924,0.10956406593322754,0.33203125,2,3
38,5355,0.03326398401986808,0.03615957498550415,0.66796875,4,4
38,5356,0.035099431872367866,0.04319930076599121,0.625,2,5
38,5357,0.04204066016245634,0.04880911111831665,0.64453125,2,6
38,5358,0.046337247127667076,0.08295339345932007,0.5234375,3,5
38,5359,0.010966401547193532,0.11009407043457031,0.33984375,3,5
38,5360,0.05444012000225485,0.07221072912216187,0.6015625,2,6
38,5361,0.006292495876550679,0.12391376495361328,0.3203125,2,5
38,5362,0.04023881221655757,0.08918732404708862,0.48046875,2,5
38,5108,0.07443927694112064,0.13809025287628174,0.515625,5,5
38,5090,0.07287361565977336,0.1351858377456665,0.515625,6,5
38,5363,0.05603781226091088,0.09859573841094971,0.52734375,4,3
38,5364,0.029201624449342496,0.09584122896194458,0.421875,7,7
38,5365,0.03875037864781917,0.07601606845855713,0.50390625,7,6
38,5366,0.03798719588667155,0.09004372358322144,0.46875,5,5
38,5367,0.0406022071838379,0.08120441436767578,0.5,7,8
38,5368,0.03688410390168429,0.0874289870262146,0.46875,6,5
38,5369,0.0050767727661877905,0.12377655506134033,0.31640625,6,5
38,5370,0.03794178273528815,0.08993607759475708,0.46875,6,5
38,5371,0.0379877993836999,0.09004515409469604,0.46875,7,6
38,5372,0.034826697316020734,0.09586703777313232,0.4453125,5,4
38,5373,0.03715990204364062,0.08808273077011108,0.46875,4,2
38,5374,0.04297774122096599,0.07561719417572021,0.52734375,4,4
38,5023,0.09004726493731142,0.1584336757659912,0.52734375,6,5
38,5245,0.07137951627373697,0.14002418518066406,0.50390625,4,2
38,5375,0.08027910673990847,0.15748238563537598,0.50390625,6,4
38,5376,0.08203701395541431,0.1521846055984497,0.515625,4,2
38,5377,0.08790638018399478,0.16307270526885986,0.515625,6,6
38,5378,0.052954316139221205,0.10590863227844238,0.5,6,3
38,5379,0.08473532018251718,0.15169399976730347,0.5234375,4,2
38,5380,0.020398080348968506,0.020398080348968506,0.71484375,6,4
38,5381,0.07639570394530894,0.1344144344329834,0.52734375,3,2
38,5382,0.06387468706816436,0.13294243812561035,0.4921875,7,5
38,5383,0.05351281689945609,0.07385057210922241,0.58984375,5,5
38,5384,0.055609081406146295,0.11573922634124756,0.4921875,4,3
38,5385,0.05911143345292659,0.10770481824874878,0.51953125,7,7
38,5386,0.047498604981228716,0.07131755352020264,0.56640625,6,5
38,5387,0.035228523658588536,0.08548343181610107,0.46484375,7,6
38,5388,0.08105888741556556,0.1426190733909607,0.52734375,5,4
38,5389,0.08111990382894875,0.15913176536560059,0.50390625,6,5
38,5390,0.07595119508914651,0.18429863452911377,0.46484375,4,2
38,5391,0.08513125020544977,0.15511459112167358,0.51953125,6,4
38,5392,0.06309545296244325,0.12377345561981201,0.50390625,8,7
38,5393,0.07516720192506911,0.1420133113861084,0.51171875,5,4
38,5394,0.06984773464500905,0.1344437599182129,0.5078125,6,4
38,5326,0.07403416722081603,0.13987267017364502,0.51171875,3,4
38,5266,0.09045252250507475,0.1489121913909912,0.54296875,4,2
38,5395,0.08440626377705486,0.1435747742652893,0.53515625,3,3
38,5396,0.08927924791350962,0.16867518424987793,0.51171875,3,2
38,5397,0.08275588252581657,0.15078651905059814,0.51953125,6,4
38,5398,0.038861363660544164,0.0843093991279602,0.484375,4,4
38,5399,0.07644664985127748,0.155938982963562,0.49609375,5,4
38,5400,0.04228647076524795,0.07570165395736694,0.5234375,4,2
38,5401,0.07609687617514284,0.13388866186141968,0.52734375,5,4
38,5402,0.04789285501465202,0.08884471654891968,0.515625,4,3
38,5403,0.07067030435428025,0.12876582145690918,0.51953125,4,3
38,5404,0.07825452717952432,0.13768494129180908,0.52734375,6,4
38,5405,0.07449805713258685,0.14074909687042236,0.51171875,4,2
38,5406,0.06540606636554004,0.18004250526428223,0.4453125,4,3
38,5407,0.07015343382954599,0.1460103988647461,0.4921875,5,4
38,5408,0.04660983150824905,0.08344137668609619,0.5234375,4,3
38,5409,0.015633821487426758,0.015633821487426758,0.71875,3,3
38,5410,0.04328742146026344,0.08178287744522095,0.51171875,4,6
38,5411,0.07923193927854301,0.15250658988952637,0.5078125,6,3
38,5412,0.06261097081005575,0.11208677291870117,0.5234375,5,3
38,5413,0.011712789535522461,0.011712789535522461,0.80859375,2,1
38,5414,0.07813967089168729,0.15939247608184814,0.49609375,4,2
38,5415,0.08711028494872154,0.16457736492156982,0.51171875,4,5
38,5416,0.04775389097630978,0.08122920989990234,0.53515625,2,2
38,5417,0.08953281096182765,0.15752851963043213,0.52734375,6,3
38,5137,0.08077186532318593,0.1526021957397461,0.51171875,5,5
38,5240,0.08881922881118955,0.1562730073928833,0.52734375,5,5
38,5418,0.0712729822844267,0.15462613105773926,0.484375,6,6
38,5419,0.07792139565572144,0.15894722938537598,0.49609375,6,7
38,5420,0.08703692536801101,0.1614598035812378,0.515625,5,4
38,5421,0.08127577509731056,0.15077245235443115,0.515625,5,4
38,5422,0.07534926803782584,0.13729119300842285,0.51953125,4,4
38,5423,0.04211657447740436,0.08106648921966553,0.5078125,6,7
38,5424,0.07059855549596251,0.12638622522354126,0.5234375,5,5
38,5425,0.04038417339324951,0.04038417339324951,0.7109375,5,5
38,5426,0.06491766206454487,0.15039747953414917,0.47265625,6,6
38,5427,0.03744442574679852,0.08875715732574463,0.46875,5,4
38,5428,0.08298821421340109,0.15678954124450684,0.51171875,5,5
38,5429,0.03393760509788991,0.08044469356536865,0.46875,6,6
38,5430,0.0798642602749169,0.14297378063201904,0.5234375,5,4
38,5431,0.07033100817352535,0.15258252620697021,0.484375,5,4
38,5432,0.08653437020257117,0.1522529125213623,0.52734375,5,6
38,5433,0.03129906859248877,0.10272514820098877,0.421875,5,5
38,5434,0.0418349001556635,0.044998884201049805,0.671875,5,4
38,5435,0.08240898046642543,0.14752936363220215,0.5234375,5,4
38,5436,0.0667718192562461,0.17008543014526367,0.45703125,5,6
38,5316,0.0861981750931591,0.15705859661102295,0.51953125,4,5
38,4973,0.0827518056612462,0.1592816710472107,0.5078125,3,1
38,5437,0.07665968220680953,0.15955185890197754,0.4921875,6,5
38,5438,0.07395281875506045,0.15085196495056152,0.49609375,3,1
38,5439,0.06661119544878603,0.123568594455719,0.515625,3,1
38,5440,0.09152009524405004,0.1610250473022461,0.52734375,5,4
38,5441,0.07130013406276704,0.16518402099609375,0.47265625,4,4
38,5442,0.07725591259077193,0.17502224445343018,0.4765625,5,5
38,5443,0.033503606915473945,0.09746503829956055,0.4375,3,1
38,5444,0.03326820605434478,0.036164164543151855,0.66796875,5,7
38,5445,0.029047794640064246,0.10935640335083008,0.40625,4,4
38,5446,0.07801606692373754,0.1396651268005371,0.5234375,4,4
38,5447,0.0,0.12875717878341675,0.29296875,3,0
38,5448,0.032935423776507385,0.10158395767211914,0.4296875,5,5
38,5449,0.07737386669032277,0.1578303575515747,0.49609375,4,5
38,5450,0.03834418952465058,0.09088993072509766,0.46875,2,0
38,5451,0.037576541304588325,0.08152198791503906,0.484375,3,2
38,5452,0.043311713263392455,0.047081947326660156,0.66796875,4,5
38,5453,0.0735389767214656,0.1364201307296753,0.515625,4,6
38,5454,0.036696289665997035,0.09120631217956543,0.4609375,4,5
38,5455,0.03932303003966809,0.04958963394165039,0.6171875,5,5
38,5456,0.03455587313510478,0.08385121822357178,0.46484375,2,1
38,5457,0.04294306971132756,0.0826573371887207,0.5078125,3,3
38,5458,0.0,0.1311914324760437,0.2890625,3,0
38,5459,0.08520464412868024,0.15806078910827637,0.515625,5,6
38,5460,0.07213897397741677,0.13144183158874512,0.51953125,4,5
39,5347,0.0754229173762724,0.10135573148727417,0.59765625,2,3
39,5213,0.08087321044877173,0.10868000984191895,0.59765625,2,6
39,5461,0.07243651058524848,0.10133194923400879,0.5859375,3,4
39,5462,0.020183352520689375,0.12016135454177856,0.3671875,2,6
39,5463,0.03716877382248641,0.09709393978118896,0.453125,3,6
39,5464,0.03499809920322151,0.0810815691947937,0.47265625,2,4
39,5465,0.03879985306411982,0.10135471820831299,0.453125,3,6
39,5466,0.052983339875936515,0.08073651790618896,0.5625,2,3
39,5467,0.06887379242107274,0.09255480766296387,0.59765625,2,5
39,5468,0.03697716468013824,0.058979153633117676,0.55078125,1,1
39,5469,0.05061912629753352,0.06305837631225586,0.62109375,3,5
39,5470,0.04913568240590394,0.0687362551689148,0.5859375,2,5
39,5471,0.02819971181452275,0.1061636209487915,0.40625,2,6
39,5472,0.06842628493905069,0.09704780578613281,0.58203125,2,5
39,5473,0.03069581184536219,0.07819032669067383,0.45703125,2,2
39,5474,0.03703876538202167,0.07555317878723145,0.49609375,2,6
39,5475,0.05755474430043251,0.07169836759567261,0.62109375,2,3
39,5476,0.07004968775436284,0.10074561834335327,0.578125,2,3
39,5195,0.08391251880675556,0.09853947162628174,0.640625,2,3
39,5328,0.0681477338075638,0.09404754638671875,0.58984375,3,5
39,5477,0.04955698514822871,0.0790441632270813,0.55078125,3,5
39,5478,0.07004432938992979,0.10673421621322632,0.5625,3,4
39,5479,0.0715583252022043,0.09875434637069702,0.58984375,1,2
39,5480,0.07419464457780124,0.10103100538253784,0.59375,2,2
39,5481,0.03653010656125844,0.0979236364364624,0.44921875,2,3
39,5482,0.0,0.12132281064987183,0.2890625,2,3
39,5483,0.04010093631222845,0.08699864149093628,0.484375,2,3
39,5484,0.06106577767059208,0.06709372997283936,0.6640625,3,5
39,5485,0.035311877727508545,0.035311877727508545,0.72265625,2,3
39,5486,0.04177103284746409,0.08874177932739258,0.48828125,2,3
39,5487,0.021119117736816406,0.021119117736816406,0.7578125,1,3
39,5209,0.07612798491027208,0.11104708909988403,0.57421875,3,7
39,5339,0.07060371059924365,0.1044771671295166,0.5703125,3,6
39,5488,0.0,0.12241268157958984,0.2890625,3,5
39,5489,0.05126731924246997,0.09341233968734741,0.51953125,3,7
39,5490,0.07139355503022672,0.0985269546508789,0.58984375,2,2
39,5491,0.07508715894073249,0.10224634408950806,0.59375,2,6
39,5492,0.0724099660292268,0.09860080480575562,0.59375,4,9
39,5493,0.0037042144685983693,0.1185348629951477,0.3125,3,5
39,5494,0.055008573224768056,0.10022914409637451,0.51953125,3,6
39,5495,0.0273817777633667,0.0273817777633667,0.75390625,3,6
39,5496,0.06777436519041659,0.10483527183532715,0.55859375,3,5
39,5497,0.061114570125937476,0.10940790176391602,0.5234375,2,7
39,5498,0.00830297498032451,0.11808675527572632,0.328125,3,8
39,5499,0.07355771586298944,0.10016369819641113,0.59375,3,7
39,5108,0.08554274006746711,0.1408292055130005,0.54296875,5,5
39,5090,0.08638911950401963,0.13779199123382568,0.55078125,6,5
39,5500,0.04434142587706447,0.06561505794525146,0.5703125,5,5
39,5501,0.009867326822131877,0.10982763767242432,0.3359375,5,5
39,5502,0.03346962458454073,0.033535122871398926,0.69921875,5,5
39,5503,0.03330394835211337,0.033698856830596924,0.6953125,5,5
39,5504,0.027473669964820153,0.09634602069854736,0.4140625,4,2
39,5505,0.10165157122537495,0.16213583946228027,0.55078125,4,3
39,5506,0.03876386932097376,0.0760425329208374,0.50390625,5,5
39,5507,0.07427298557013275,0.11151838302612305,0.56640625,5,6
39,5508,0.0,0.12118816375732422,0.29296875,6,6
39,5509,0.043960504233837135,0.08461570739746094,0.5078125,5,5
39,5510,0.06284284021239729,0.09166818857192993,0.57421875,5,5
39,5511,0.0057835457846522375,0.1138913631439209,0.3203125,4,3
39,5512,0.03510883287526668,0.03552514314651489,0.6953125,6,5
39,4973,0.08845019107684494,0.16408151388168335,0.515625,3,1
39,5446,0.09500840469263495,0.14265191555023193,0.56640625,4,4
39,5513,0.08927674032747747,0.13604074716567993,0.5625,3,2
39,5514,0.0439095194451511,0.05824267864227295,0.6015625,3,1
39,5515,0.10249851283151658,0.15389806032180786,0.56640625,3,1
39,5516,0.0894894562661648,0.16600942611694336,0.515625,3,1
39,5517,0.04021855001337827,0.09317600727081299,0.47265625,4,3
39,5518,0.06648228364065291,0.0956149697303772,0.578125,3,3
39,5519,0.04262608056887985,0.04948878288269043,0.64453125,3,1
39,5520,0.043925949372351177,0.04986715316772461,0.65234375,2,2
39,5521,0.0751192739699036,0.18227994441986084,0.46484375,4,4
39,5522,0.018744826316833496,0.018744826316833496,0.7265625,3,1
39,5240,0.09988900995813312,0.1593245267868042,0.55078125,5,5
39,5420,0.09490229305811228,0.16697585582733154,0.52734375,5,4
39,5523,0.08767542522400619,0.16264426708221436,0.515625,5,4
39,5524,0.09817773057147862,0.16427123546600342,0.5390625,5,4
39,5525,0.09079791954718532,0.15444695949554443,0.53515625,5,6
39,5526,0.09264629136305304,0.13139861822128296,0.58203125,4,3
39,5527,0.09408833086490632,0.16274738311767578,0.53125,5,5
39,5528,0.0900782127864659,0.12775635719299316,0.58203125,6,7
39,5529,0.09751528152264656,0.16587316989898682,0.53515625,5,5
39,5530,0.017011523246765137,0.017011523246765137,0.80078125,5,5
39,5531,0.041659333510324366,0.15127360820770264,0.41015625,5,6
39,5532,0.0952127401251346,0.14727771282196045,0.55859375,5,4
39,5533,0.09508987981826068,0.1644797921180725,0.53125,5,5
39,5534,0.03351348079741002,0.034249305725097656,0.69140625,6,6
39,5535,0.09013564023189248,0.1508151888847351,0.5390625,5,4
39,5536,0.09262054273858668,0.1575472354888916,0.53515625,5,4
39,5537,0.09681831428315492,0.14976125955581665,0.55859375,4,2
39,5538,0.09803834930062295,0.149391770362854,0.5625,6,5
39,5539,0.0366514683701098,0.0386122465133667,0.6796875,5,4
39,5540,0.041471494827419526,0.045565247535705566,0.6640625,5,4
39,5541,0.09172233007848264,0.16420221328735352,0.5234375,5,5
39,5023,0.08764824271202089,0.16259384155273438,0.515625,6,5
39,5377,0.09333612816408278,0.1670912504196167,0.5234375,6,6
39,5542,0.09902473236434163,0.15794599056243896,0.55078125,6,5
39,5543,0.04288141080178321,0.057625412940979004,0.59765625,6,7
39,5544,0.07695122552104296,0.11553966999053955,0.56640625,3,3
39,5545,0.0231703519821167,0.0231703519821167,0.75,6,5
39,5546,0.10233938996680082,0.16072934865951538,0.5546875,6,5
39,5547,0.09201910626143218,0.15916818380355835,0.53125,5,3
39,5548,0.09545330924447627,0.1522495150566101,0.55078125,6,5
39,5549,0.09006112441420557,0.13723599910736084,0.5625,3,1
39,5550,0.051929973647929735,0.08833271265029907,0.53515625,7,6
39,5551,0.034608935005962856,0.08601832389831543,0.4609375,4,1
39,5552,0.04662433313205839,0.053523898124694824,0.6484375,5,4
39,5553,0.09459468326531352,0.16090524196624756,0.53515625,6,4
39,5554,0.08486708998680116,0.1697341799736023,0.5,6,7
39,5555,0.04329111753031612,0.05392956733703613,0.62109375,7,5
39,5556,0.09901164798066021,0.14239877462387085,0.578125,6,6
39,5557,0.08912366000004114,0.15159904956817627,0.53515625,6,5
39,5558,0.10455648601055147,0.15932416915893555,0.5625,6,4
39,5559,0.07533969869837166,0.16005778312683105,0.48828125,6,6
39,5560,0.09696240117773415,0.1455857753753662,0.56640625,6,4
39,5561,0.05611699260771275,0.0725553035736084,0.609375,4,1
39,5562,0.03415735205635429,0.09402453899383545,0.4453125,6,5
39,5563,0.09439588093664499,0.1719953417778015,0.51953125,6,6
39,5564,0.08179241535253824,0.17023462057113647,0.4921875,6,7
39,5440,0.09909862303175034,0.16581207513809204,0.5390625,5,4
39,5266,0.08702568628359587,0.1531173586845398,0.52734375,4,2
39,5565,0.08410226274281742,0.12095606327056885,0.578125,7,4
39,5566,0.024908642517402775,0.09735286235809326,0.40234375,4,4
39,5567,0.04343437822535635,0.052202820777893066,0.6328125,3,1
39,5568,0.08909318409860136,0.16233348846435547,0.51953125,5,3
39,5569,0.08580906735733153,0.16833043098449707,0.50390625,6,3
39,5570,0.08734898129478098,0.16502833366394043,0.51171875,4,2
39,5571,0.08043866464868189,0.1263331174850464,0.5546875,3,3
39,5572,0.09091573976911606,0.16565430164337158,0.51953125,4,2
39,5573,0.08111271704547109,0.16881996393203735,0.4921875,5,4
39,5574,0.03690147399902344,0.03690147399902344,0.72265625,5,4
39,5575,0.0002855062484741211,0.0002855062484741211,0.984375,3,1
39,5576,0.08917676110286267,0.14681190252304077,0.54296875,5,2
39,5577,0.09509505098685624,0.15911328792572021,0.5390625,5,4
39,5578,0.08305293577723206,0.176444411277771,0.48828125,4,2
39,5579,0.0735788941383362,0.14715778827667236,0.5,6,4
39,5580,0.0707120317965746,0.13871479034423828,0.50390625,6,3
39,5581,0.08977182186208667,0.1607103943824768,0.5234375,4,5
39,5582,0.03092298470437527,0.08995777368545532,0.4375,4,2
39,5583,0.08856317074969412,0.11901402473449707,0.59765625,2,2
39,5584,0.043432074598968036,0.09039521217346191,0.4921875,5,4
39,5585,0.08165499405004085,0.13662534952163696,0.5390625,6,3
39,5586,0.08187633752822877,0.16375267505645752,0.5,6,6
39,5587,0.09503469325136395,0.16165369749069214,0.53515625,3,2
39,5588,0.08923703595064582,0.16859543323516846,0.51171875,4,5
39,5589,0.037274433067068465,0.08261692523956299,0.48046875,3,2
39,5590,0.08765986107755454,0.1542331576347351,0.52734375,2,1
39,5591,0.0,0.12241780757904053,0.2890625,5,4
39,5592,0.031885808333754546,0.09275871515274048,0.4375,7,4
39,5593,0.06187947886064649,0.13424700498580933,0.484375,4,3
39,5594,0.047328517772257335,0.06444734334945679,0.59375,4,2
