generation,genome_id,fitness,diversity,agreement,num_nodes,num_connections
0,1,0.01844346174038947,0.02545297145843506,0.58984375,1,4
0,2,0.019986463710665706,0.04737532138824463,0.46875,1,4
0,3,0.01578979042824358,0.04727703332901001,0.43359375,1,4
0,4,0.022552220034413043,0.03836125135421753,0.53515625,1,4
0,5,0.02498203190043569,0.040477216243743896,0.546875,1,4
0,6,0.021186336874961856,0.06737518310546875,0.42578125,1,4
0,7,0.02294601267203689,0.07077324390411377,0.4296875,1,4
0,8,0.019256055355072025,0.02369976043701172,0.625,1,4
0,9,0.017380227800458673,0.018694698810577393,0.671875,1,4
0,10,0.024347912520170215,0.05282258987426758,0.484375,1,4
0,11,0.016280465293675665,0.019567131996154785,0.6328125,1,4
0,12,0.0016947388648986816,0.0016947388648986816,0.87890625,1,4
0,13,0.02845232002437115,0.06744253635406494,0.46875,1,4
0,14,0.022775162477046255,0.052764177322387695,0.47265625,1,4
0,15,0.019770781276747588,0.05442279577255249,0.4453125,1,4
0,16,0.02078976586926729,0.029485762119293213,0.58203125,1,4
0,17,0.01633696630597115,0.038724660873413086,0.46875,1,4
0,18,0.019075764575973157,0.02405613660812378,0.6171875,1,4
0,19,0.023424017708748582,0.048752427101135254,0.4921875,1,4
0,20,0.022129488643258814,0.05013406276702881,0.4765625,1,4
0,21,0.003506481647491455,0.003506481647491455,0.8515625,1,4
0,22,0.02833233855199069,0.0656387209892273,0.47265625,1,4
0,23,0.017886707559227947,0.05870509147644043,0.421875,1,4
0,24,0.01859824685379863,0.05914473533630371,0.42578125,1,4
0,25,0.017720190808176998,0.019060373306274414,0.671875,1,4
0,26,0.024071482243016366,0.045478224754333496,0.51171875,1,4
0,27,0.013149186968803407,0.01618361473083496,0.625,1,4
0,28,0.02785264549311251,0.094440758228302,0.41796875,1,4
0,29,0.017208421370014552,0.042770445346832275,0.4609375,1,4
0,30,0.025874873390421275,0.04632145166397095,0.5234375,1,4
0,31,0.023298849351704124,0.057907819747924805,0.4609375,1,4
0,32,0.021306368522346023,0.03064286708831787,0.578125,1,4
0,33,0.016513120848685506,0.031784653663635254,0.5078125,1,4
0,34,0.022391473408788446,0.040085434913635254,0.5234375,1,4
0,35,0.01587096601724625,0.016382932662963867,0.6875,1,4
0,36,0.022478195838630203,0.048766255378723145,0.484375,1,4
0,37,0.016898240661248568,0.02157580852508545,0.61328125,1,4
0,38,0.011861860752105713,0.011861860752105713,0.70703125,1,4
0,39,0.019259679364040497,0.02236044406890869,0.64453125,1,4
0,40,0.02999031334184111,0.05883157253265381,0.50390625,1,4
0,41,0.02406024583615363,0.03320443630218506,0.58984375,1,4
0,42,0.02188749006018043,0.029032111167907715,0.6015625,1,4
0,43,0.02741197845898569,0.06350648403167725,0.47265625,1,4
0,44,0.022007817984558645,0.06998759508132935,0.42578125,1,4
0,45,0.005259513854980469,0.005259513854980469,0.80859375,1,4
0,46,0.024203814333304766,0.0820685625076294,0.41796875,1,4
0,47,0.015284422785043718,0.04207324981689453,0.4453125,1,4
0,48,0.02286618913058192,0.03433281183242798,0.56640625,1,4
0,49,0.025636161211878068,0.047556936740875244,0.515625,1,4
0,50,0.024109858553856615,0.04918026924133301,0.49609375,1,4
0,51,0.02219896344467998,0.027994751930236816,0.6171875,1,4
0,52,0.01876055484171957,0.056171953678131104,0.43359375,1,4
0,53,0.020085570635274056,0.05384194850921631,0.44921875,1,4
0,54,0.009280388709157707,0.05866122245788574,0.36328125,1,4
0,55,0.02761524543166161,0.08033525943756104,0.4375,1,4
0,56,0.021259368862956766,0.029339075088500977,0.58984375,1,4
0,57,0.01662307733204216,0.017334043979644775,0.68359375,1,4
0,58,0.024808620102703575,0.03290677070617676,0.6015625,1,4
0,59,0.02121275663375855,0.04242551326751709,0.5,1,4
0,60,0.008384393062442545,0.04991638660430908,0.3671875,1,4
0,61,0.02111883799079806,0.07160824537277222,0.41796875,1,4
0,62,0.021460942924022678,0.04655933380126953,0.484375,1,4
0,63,0.02278048743028194,0.03523749113082886,0.55859375,1,4
0,64,0.016803215723484758,0.017002463340759277,0.6953125,1,4
0,65,0.0196114256978035,0.024137139320373535,0.625,1,4
0,66,0.02438484271988273,0.026791930198669434,0.6640625,1,4
0,67,0.0,0.05717974901199341,0.2734375,1,4
0,68,0.018100550398230556,0.019469499588012695,0.671875,1,4
0,69,0.014758790843188764,0.020097076892852783,0.59375,1,4
0,70,0.0035273490939289357,0.0694616436958313,0.3203125,1,4
0,71,0.02624007780104876,0.0607914924621582,0.47265625,1,4
0,72,0.013733356841839853,0.049868643283843994,0.41015625,1,4
0,73,0.011288881301879883,0.011288881301879883,0.7265625,1,4
0,74,0.02144747995771468,0.04556477069854736,0.48828125,1,4
0,75,0.012479305267333984,0.012479305267333984,0.70703125,1,4
0,76,0.016429328825324777,0.01767188310623169,0.671875,1,4
0,77,0.02202429855242372,0.039428114891052246,0.5234375,1,4
0,78,0.02351299789734185,0.026992499828338623,0.6484375,1,4
0,79,0.014650149270892145,0.02300882339477539,0.5546875,1,4
0,80,0.015727281570434574,0.03145456314086914,0.5,1,4
0,81,0.028953372500836853,0.06559348106384277,0.4765625,1,4
0,82,0.02258746884763241,0.03441900014877319,0.5625,1,4
0,83,0.006685636006295684,0.06112581491470337,0.34375,1,4
0,84,0.021683880593627695,0.031185805797576904,0.578125,1,4
0,85,0.012860163114964965,0.056762099266052246,0.390625,1,4
0,86,0.021293361205607656,0.048239827156066895,0.4765625,1,4
0,87,0.02485338156111539,0.04695546627044678,0.51171875,1,4
0,88,0.009891984751448039,0.050145506858825684,0.37890625,1,4
0,89,0.01668517151847482,0.04592907428741455,0.4453125,1,4
0,90,0.012540259631350638,0.012815594673156738,0.69140625,1,4
0,91,0.016426841728389267,0.05760645866394043,0.4140625,1,4
0,92,0.02532484359107912,0.045336782932281494,0.5234375,1,4
0,93,0.013872707262635234,0.05222666263580322,0.40625,1,4
0,94,0.022051232866942886,0.03002721071243286,0.59375,1,4
0,95,0.02329354989342392,0.03446906805038452,0.5703125,1,4
0,96,0.0,0.06044811010360718,0.296875,1,4
0,97,0.02550681517459453,0.04818999767303467,0.51171875,1,4
0,98,0.004747418221086266,0.05284082889556885,0.3359375,1,4
0,99,0.014873790554702284,0.04587578773498535,0.4296875,1,4
0,100,0.0,0.06821626424789429,0.296875,1,4
0,101,0.02208490355405957,0.04024010896682739,0.51953125,1,4
0,102,0.013400622527115049,0.04543787240982056,0.41796875,1,4
0,103,0.026777569204568866,0.07789838314056396,0.4375,1,4
0,104,0.008823394775390625,0.008823394775390625,0.765625,1,4
0,105,0.017170939943753186,0.020397961139678955,0.63671875,1,4
0,106,0.023726933635771278,0.0731818675994873,0.4296875,1,4
0,107,0.019851326476782564,0.027770161628723145,0.5859375,1,4
0,108,0.01965431612916291,0.07986515760421753,0.3984375,1,4
0,109,0.01802718336693943,0.037519991397857666,0.4921875,1,4
0,110,0.001122209709137681,0.09576189517974854,0.3046875,1,4
0,111,0.018610323546454314,0.03390920162200928,0.51953125,1,4
0,112,0.018510621506720785,0.023343443870544434,0.6171875,1,4
0,113,0.02134895487688482,0.03514683246612549,0.54296875,1,4
0,114,0.0,0.07831978797912598,0.28515625,1,4
0,115,0.006363985128700735,0.049369096755981445,0.3515625,1,4
0,116,0.0228358207968995,0.06459635496139526,0.44140625,1,4
0,117,0.02191582717932761,0.04470479488372803,0.49609375,1,4
0,118,0.009254090487957004,0.049355149269104004,0.375,1,4
0,119,0.020895242225378755,0.024259328842163086,0.64453125,1,4
0,120,0.01722686737775803,0.03737354278564453,0.484375,1,4
0,121,0.020165471592918042,0.03430140018463135,0.53515625,1,4
0,122,0.017243876121938232,0.02480018138885498,0.578125,1,4
0,123,0.019206744269467894,0.04449707269668579,0.47265625,1,4
0,124,0.01901483349502087,0.045072197914123535,0.46875,1,4
0,125,0.00394972460344434,0.056173861026763916,0.328125,1,4
0,126,0.021834976039826873,0.049466848373413086,0.4765625,1,4
0,127,0.01698161289095879,0.02252483367919922,0.6015625,1,4
0,128,0.017087477259337906,0.018379807472229004,0.671875,1,4
0,129,0.009420216083526611,0.009420216083526611,0.7578125,1,4
0,130,0.02311485470272601,0.07129400968551636,0.4296875,1,4
0,131,0.01648157835006714,0.01648157835006714,0.70703125,1,4
0,132,0.00701373815536499,0.00701373815536499,0.7421875,1,4
0,133,0.017870299285277728,0.01984727382659912,0.66015625,1,4
0,134,0.020611462183296684,0.05384218692779541,0.453125,1,4
0,135,0.019061826169490818,0.053920745849609375,0.44140625,1,4
0,136,0.015819787979125977,0.015819787979125977,0.703125,1,4
0,137,0.025016144150868065,0.04907381534576416,0.50390625,1,4
0,138,0.021669396781362597,0.03685957193374634,0.53515625,1,4
0,139,0.018564329948276285,0.02257704734802246,0.62890625,1,4
0,140,0.005350947380065918,0.005350947380065918,0.78515625,1,4
0,141,0.0251289897132665,0.04747617244720459,0.51171875,1,4
0,142,0.005247390829026701,0.06552839279174805,0.33203125,1,4
0,143,0.024873641319572933,0.04879426956176758,0.50390625,1,4
0,144,0.01900801900774241,0.021342337131500244,0.65625,1,4
0,145,0.02329007908701897,0.04320478439331055,0.515625,1,4
0,146,0.024967871257103987,0.04717177152633667,0.51171875,1,4
0,147,0.0,0.08720433712005615,0.17578125,1,4
0,148,0.01767109986394644,0.0450129508972168,0.45703125,1,4
0,149,0.013389718020334843,0.04862082004547119,0.41015625,1,4
0,150,0.016776943579316143,0.016975879669189453,0.6953125,1,4
1,28,0.027797026443295188,0.09425216913223267,0.41796875,1,4
1,55,0.02952067670412362,0.08126121759414673,0.4453125,1,4
1,151,0.02522346703335643,0.08278471231460571,0.421875,1,3
1,152,0.003908909624442461,0.06456005573272705,0.32421875,1,3
1,153,0.025799347553402192,0.049658894538879395,0.5078125,1,4
1,154,0.016862034797668457,0.016862034797668457,0.7265625,1,3
1,155,0.023527693469077352,0.07256734371185303,0.4296875,1,4
1,156,0.029609204735606916,0.04797440767288208,0.546875,1,3
1,157,0.017358064069412652,0.0800660252571106,0.38671875,1,3
1,158,0.007328144973143939,0.08156543970108032,0.3359375,2,5
1,159,0.025799347553402192,0.049658894538879395,0.5078125,1,3
1,160,0.02522346703335643,0.08278471231460571,0.421875,2,5
1,161,0.0257822540588677,0.04962599277496338,0.5078125,1,3
1,162,0.017754049971699718,0.07836270332336426,0.390625,1,3
1,163,0.0,0.10430645942687988,0.17578125,2,3
1,164,0.02708953991532326,0.03688788414001465,0.59375,1,2
1,165,0.025799347553402192,0.049658894538879395,0.5078125,2,5
1,166,0.024109209305606786,0.061412513256073,0.45703125,1,3
1,167,0.024983108974993232,0.08199584484100342,0.421875,1,4
1,168,0.02350832836236805,0.06649869680404663,0.44140625,1,3
1,169,0.025792039465159185,0.0496448278427124,0.5078125,2,6
1,170,0.02522346703335643,0.08278471231460571,0.421875,1,3
1,171,0.0,0.08534425497055054,0.19140625,2,5
1,172,0.010852535953745248,0.07826054096221924,0.35546875,1,4
1,173,0.0,0.10147237777709961,0.26953125,1,3
1,174,0.029905049130320552,0.04556959867477417,0.5625,1,3
1,175,0.02783712605014444,0.09762060642242432,0.4140625,1,4
1,176,0.025296333013102416,0.0560680627822876,0.48046875,1,3
1,177,0.010324180126190189,0.055062294006347656,0.375,1,3
1,178,0.016132495366036895,0.0712054967880249,0.390625,1,3
1,179,0.0,0.09589534997940063,0.28125,1,4
1,180,0.02522346703335643,0.08278471231460571,0.421875,1,3
1,181,0.025227616773918275,0.06944376230239868,0.4453125,1,3
1,182,0.0241700503975153,0.06653261184692383,0.4453125,1,4
1,183,0.02522346703335643,0.08278471231460571,0.421875,1,4
1,184,0.01977606327272952,0.08035987615585327,0.3984375,1,3
1,185,0.025261769536882646,0.04862415790557861,0.5078125,1,4
1,186,0.03655899991281331,0.0810312032699585,0.48046875,1,3
1,187,0.016281399410218004,0.019119441509246826,0.640625,1,4
1,188,0.0,0.10476124286651611,0.17578125,1,3
1,189,0.02430693153291941,0.09150844812393188,0.40625,1,4
1,190,0.02910389681346715,0.04306703805923462,0.5703125,1,4
1,191,0.02522346703335643,0.08278471231460571,0.421875,1,3
1,192,0.026191381271928552,0.07209670543670654,0.4453125,1,4
1,193,0.034089082852005965,0.0808037519454956,0.46875,1,4
1,40,0.030860758037306372,0.06295102834701538,0.49609375,1,4
1,81,0.025210786610841755,0.06421852111816406,0.45703125,1,4
1,194,0.023096845485270027,0.04284632205963135,0.515625,1,4
1,195,0.019568270538002256,0.019800305366516113,0.6953125,1,3
1,196,0.03142084926366807,0.04395484924316406,0.5859375,2,4
1,197,0.025766399223357446,0.04959547519683838,0.5078125,1,3
1,198,0.02417386346496642,0.028065800666809082,0.64453125,1,3
1,199,0.025799347553402192,0.049658894538879395,0.5078125,2,5
1,200,0.026186945382505662,0.046880125999450684,0.5234375,1,4
1,201,0.022510433918796483,0.04415839910507202,0.50390625,2,4
1,202,0.017442286014556885,0.017442286014556885,0.7265625,1,4
1,203,0.025130102410912517,0.032491445541381836,0.609375,1,3
1,204,0.024824559688568122,0.04964911937713623,0.5,1,3
1,205,0.025799347553402192,0.049658894538879395,0.5078125,2,4
1,206,0.02441927092149854,0.05657315254211426,0.47265625,1,4
1,207,0.023008191492408517,0.04788696765899658,0.4921875,1,3
1,208,0.023065258632414046,0.07820802927017212,0.41796875,1,3
1,209,0.02266199130099267,0.04445570707321167,0.50390625,1,4
1,210,0.02695040684193373,0.04366648197174072,0.546875,2,4
1,211,0.036543348804116256,0.08099651336669922,0.48046875,1,4
1,212,0.0252410494722426,0.0495150089263916,0.50390625,1,3
1,213,0.0276828674832359,0.0455743670463562,0.54296875,1,3
1,214,0.024873766116797928,0.02675497531890869,0.671875,1,3
1,215,0.018381386995315555,0.0184173583984375,0.69921875,1,4
1,216,0.02778782509267331,0.049746036529541016,0.5234375,2,5
1,217,0.02229389548301697,0.044587790966033936,0.5,1,3
1,218,0.008726131753064694,0.06292647123336792,0.35546875,1,4
1,219,0.026805770932696763,0.04146391153335571,0.55859375,1,4
1,220,0.027359458152204755,0.04577791690826416,0.5390625,2,5
1,221,0.02173776202835143,0.03414028882980347,0.5546875,2,4
1,222,0.023271003505215052,0.06238090991973877,0.44921875,1,4
1,223,0.027341885492205623,0.04166382551193237,0.5625,1,3
1,224,0.023965157568454746,0.03446674346923828,0.578125,1,3
1,225,0.013034377014264468,0.055153727531433105,0.39453125,1,3
1,226,0.0238365198019892,0.03380692005157471,0.58203125,1,4
1,227,0.02470480324700475,0.055968403816223145,0.4765625,1,3
1,228,0.020235662930645052,0.021997153759002686,0.66796875,1,3
1,229,0.021353341173380617,0.039611995220184326,0.515625,1,3
1,230,0.024466674309223897,0.047093749046325684,0.5078125,2,5
1,231,0.020180939580313865,0.02104407548904419,0.68359375,1,4
1,232,0.02302865532692522,0.03266113996505737,0.58203125,1,4
1,233,0.002754949033260348,0.08815836906433105,0.3125,1,4
1,234,0.02592229668516666,0.057455480098724365,0.48046875,1,4
1,235,0.028933533467352397,0.04687964916229248,0.546875,1,4
1,236,0.025980687234550718,0.08262181282043457,0.42578125,1,4
1,237,0.028617663308978084,0.060797691345214844,0.48828125,1,3
1,238,0.026422542869113393,0.04814356565475464,0.51953125,1,4
1,239,0.021838854299858216,0.032790303230285645,0.56640625,1,2
1,240,0.031404732726514346,0.08203685283660889,0.453125,1,3
1,241,0.0241341469809413,0.03571295738220215,0.5703125,1,3
1,242,0.022450387477874756,0.022450387477874756,0.7109375,1,3
1,243,0.024385585449635986,0.034113168716430664,0.5859375,1,3
1,244,0.02689644019119442,0.04160416126251221,0.55859375,1,4
1,245,0.02896057348698378,0.041074275970458984,0.58203125,2,4
1,246,0.026488699018955234,0.03513526916503906,0.6015625,2,6
1,247,0.029987391782924536,0.04437440633773804,0.5703125,1,3
1,248,0.026641787961125377,0.04608309268951416,0.53125,1,3
1,249,0.02576759550720454,0.04868268966674805,0.51171875,1,3
1,250,0.019391625071875754,0.02201443910598755,0.65234375,1,4
1,251,0.024812252726405862,0.05621182918548584,0.4765625,1,4
1,252,0.025988173671066764,0.07351350784301758,0.44140625,1,3
1,253,0.02721163537353278,0.047068774700164795,0.53125,1,4
1,254,0.01461685495451093,0.06184983253479004,0.39453125,2,4
1,255,0.02544528339058161,0.03659546375274658,0.578125,1,3
1,256,0.029355166014283902,0.05650317668914795,0.5078125,1,4
1,257,0.025448658969253305,0.055210649967193604,0.484375,1,4
1,258,0.027822438045404855,0.04303652048110962,0.55859375,1,4
1,259,0.03254026174545289,0.056285858154296875,0.53125,1,4
1,260,0.02777168853208423,0.04646766185760498,0.5390625,2,5
1,261,0.025785373058170084,0.03815639019012451,0.5703125,1,3
1,262,0.026766647351905707,0.029727816581726074,0.66015625,1,4
1,263,0.030659723910503093,0.0434841513633728,0.58203125,1,4
1,264,0.026096997316926725,0.05023181438446045,0.5078125,1,4
1,265,0.025791977532207973,0.04964470863342285,0.5078125,1,4
1,266,0.00878363847732544,0.00878363847732544,0.80078125,1,3
1,267,0.025799347553402192,0.049658894538879395,0.5078125,1,3
1,268,0.028873691568151123,0.047534823417663574,0.54296875,1,4
1,269,0.024249751120805744,0.029145240783691406,0.6328125,2,5
1,270,0.030277420766651634,0.04235529899597168,0.5859375,2,4
1,271,0.0215281960554421,0.02819037437438965,0.60546875,1,3
1,272,0.01659181667491794,0.05117475986480713,0.4296875,1,3
1,273,0.03466391377151013,0.08216631412506104,0.46875,1,3
1,274,0.018192570190876726,0.021865248680114746,0.6328125,2,4
1,275,0.03090158384293318,0.04639768600463867,0.56640625,1,4
1,276,0.024747750489041213,0.045091986656188965,0.51953125,1,3
1,277,0.02250122278928757,0.02642345428466797,0.640625,1,4
1,278,0.02940310328267515,0.06811940670013428,0.47265625,1,4
1,279,0.025841840077191595,0.08218026161193848,0.42578125,2,4
1,280,0.026577949058264497,0.06449246406555176,0.46484375,1,3
1,281,0.025812981650233272,0.044649481773376465,0.53125,2,5
1,282,0.028512458084151156,0.05016624927520752,0.52734375,2,5
1,283,0.027738653821870688,0.031490445137023926,0.65234375,1,3
1,284,0.027836727909743793,0.05460691452026367,0.50390625,2,6
1,285,0.023588103242218498,0.052281856536865234,0.48046875,1,4
1,286,0.025796127039939172,0.049652695655822754,0.5078125,1,3
1,287,0.03050740156322718,0.043875813484191895,0.578125,2,5
1,288,0.02921969257295132,0.07632899284362793,0.453125,1,4
1,289,0.010883167851716282,0.07848143577575684,0.35546875,1,3
1,290,0.025626266608014706,0.054442524909973145,0.48828125,1,4
1,291,0.017121046897955242,0.07897275686264038,0.38671875,1,4
1,292,0.026555428281426433,0.06294620037078857,0.46875,1,3
1,293,0.022124901413917545,0.030127525329589844,0.59375,1,4
1,294,0.0264864678028971,0.04360473155975342,0.54296875,1,2
1,295,0.02358409017324448,0.032114505767822266,0.59375,1,3
1,296,0.0194610171020031,0.020088791847229004,0.6875,1,3
2,211,0.023557339562103156,0.07987654209136963,0.41796875,1,4
2,259,0.026189303491264585,0.056817471981048584,0.484375,1,4
2,297,0.021763162454590205,0.048236966133117676,0.48046875,1,3
2,298,0.018273879541084174,0.04050314426422119,0.48046875,1,2
2,299,0.019971605623140935,0.04626905918121338,0.47265625,2,5
2,300,0.024253046372905377,0.0334705114364624,0.58984375,2,3
2,301,0.011838436126708984,0.011838436126708984,0.71484375,1,4
2,302,0.010540196904912593,0.04119527339935303,0.40234375,1,3
2,303,0.02171600866131485,0.04519754648208618,0.4921875,1,2
2,304,0.02437373343855143,0.029294252395629883,0.6328125,1,3
2,305,0.02331427857279778,0.03174710273742676,0.59375,1,2
2,306,0.02381632500328124,0.046720147132873535,0.50390625,1,4
2,307,0.020266128005459908,0.05732738971710205,0.44140625,1,3
2,308,0.01448608143255115,0.08150410652160645,0.37109375,1,4
2,309,0.021926517598330978,0.0475693941116333,0.484375,2,3
2,310,0.014171272516250614,0.02834254503250122,0.5,1,4
2,311,0.02212426252663136,0.03371316194534302,0.5625,1,3
2,312,0.00541146006435156,0.04947620630264282,0.34375,2,3
2,313,0.0237667087931186,0.050491929054260254,0.48828125,1,3
2,314,0.008431711234152319,0.056803107261657715,0.359375,1,2
2,315,0.025242203846573833,0.043662190437316895,0.53125,1,4
2,316,0.02282793587073684,0.037581682205200195,0.54296875,1,3
2,317,0.021433329675346616,0.04855692386627197,0.4765625,1,3
2,318,0.02143354015424848,0.048557400703430176,0.4765625,2,3
2,319,0.02412552293390036,0.04036688804626465,0.5390625,1,2
2,320,0.016399085521697998,0.016399085521697998,0.72265625,1,2
2,321,0.02010958304163069,0.04879671335220337,0.46484375,2,4
2,322,0.02444335818290711,0.04888671636581421,0.5,1,4
2,323,0.023337624035775665,0.030173897743225098,0.609375,2,4
2,324,0.021750063984654847,0.07897895574569702,0.41015625,1,3
2,325,0.018672726117074493,0.01967167854309082,0.6796875,1,2
2,326,0.021433329675346616,0.04855692386627197,0.4765625,1,1
2,327,0.020553225651383403,0.036162376403808594,0.52734375,1,2
2,328,0.022947847726754848,0.045016467571258545,0.50390625,1,3
2,329,0.01568591594696045,0.01568591594696045,0.73046875,1,4
2,330,0.015226405113935474,0.04842185974121094,0.42578125,1,3
2,331,0.01936765015125275,0.040309906005859375,0.4921875,1,4
2,332,0.021433329675346616,0.04855692386627197,0.4765625,1,2
2,333,0.012120206840336326,0.04925036430358887,0.3984375,1,3
2,334,0.012117261532694103,0.08163207769393921,0.359375,1,3
2,335,0.01415705680847168,0.01415705680847168,0.76171875,1,3
2,336,0.023604245157912377,0.04300844669342041,0.51953125,2,4
2,337,0.021086474880576137,0.05508303642272949,0.453125,1,3
2,338,0.020715952850878242,0.03987431526184082,0.5078125,1,4
2,339,0.01754495711065829,0.048295795917510986,0.4453125,2,5
2,340,0.021433329675346616,0.04855692386627197,0.4765625,2,3
2,341,0.01701539568603039,0.017217159271240234,0.6953125,1,3
2,342,0.0,0.06853437423706055,0.265625,2,3
2,343,0.024106826633214954,0.03905916213989258,0.546875,1,2
2,344,0.022745641530491415,0.03744620084762573,0.54296875,1,2
2,345,0.012987561291083697,0.04716050624847412,0.41015625,2,5
2,346,0.02228397130966187,0.0428924560546875,0.5078125,1,2
2,347,0.021433329675346616,0.04855692386627197,0.4765625,1,4
2,348,0.013819283805787567,0.06099545955657959,0.390625,1,4
2,349,0.022468060604296628,0.045831263065338135,0.49609375,1,3
2,350,0.021545349620282653,0.025894880294799805,0.6328125,2,4
2,351,0.024342752527445558,0.04073035717010498,0.5390625,2,3
2,352,0.021432329900562767,0.04855465888977051,0.4765625,1,2
2,353,0.0,0.06789171695709229,0.27734375,3,6
2,354,0.01692178845405579,0.0410614013671875,0.46484375,2,4
2,355,0.021192594431340698,0.04801154136657715,0.4765625,2,4
2,356,0.023371515562757853,0.05180180072784424,0.48046875,1,3
2,357,0.021628310903906826,0.027963876724243164,0.609375,1,2
2,358,0.025698628742247823,0.034087300300598145,0.6015625,1,4
2,359,0.020481985062360767,0.04854989051818848,0.46875,2,3
2,360,0.0,0.064846932888031,0.29296875,2,5
2,361,0.01881829742342234,0.0206758975982666,0.6640625,1,2
2,362,0.021432303590700034,0.04855459928512573,0.4765625,2,4
2,363,0.014081674627959732,0.047747135162353516,0.41796875,2,4
2,364,0.022058143978938464,0.0331195592880249,0.56640625,1,3
2,365,0.02398244617506862,0.03948235511779785,0.54296875,3,6
2,366,0.012518278090283276,0.043899714946746826,0.4140625,2,5
2,367,0.022684553638100628,0.03456693887710571,0.5625,2,4
2,368,0.01708744815550745,0.04580509662628174,0.44921875,1,3
2,369,0.009663547505624594,0.044574201107025146,0.38671875,1,3
2,370,0.01041394437197596,0.07509773969650269,0.35546875,1,2
2,371,0.022493594326078895,0.08167886734008789,0.41015625,2,5
2,372,0.0007506392430514116,0.06405454874038696,0.3046875,1,3
2,373,0.02005745423957706,0.04985153675079346,0.4609375,2,5
2,374,0.017338812351226807,0.017338812351226807,0.71875,1,3
2,375,0.022767688147723678,0.04738640785217285,0.4921875,1,4
2,376,0.013737815665081147,0.06635624170303345,0.3828125,1,4
2,377,0.023116630502045158,0.0603863000869751,0.453125,2,5
2,378,0.012113589793443682,0.08160734176635742,0.359375,1,4
2,379,0.00783714547287673,0.05651575326919556,0.35546875,2,4
2,380,0.01952999189961702,0.019958794116973877,0.69140625,2,4
2,381,0.024646861944347623,0.044123053550720215,0.5234375,1,4
2,382,0.020252168178558353,0.0405043363571167,0.5,2,3
2,383,0.02066901279613376,0.03246176242828369,0.5546875,2,6
2,384,0.021004050970077518,0.04200810194015503,0.5,1,3
2,186,0.02357143769040704,0.07992434501647949,0.41796875,1,3
2,273,0.02889671549201012,0.08406317234039307,0.4375,1,3
2,385,0.012117677368223669,0.08163487911224365,0.359375,1,4
2,386,0.02146899048238993,0.08082443475723267,0.40625,2,4
2,387,0.020540163386613134,0.08027911186218262,0.40234375,1,2
2,388,0.021433329675346616,0.04855692386627197,0.4765625,1,2
2,389,0.006119789555668832,0.04122805595397949,0.359375,1,3
2,390,0.0200928682461381,0.05248749256134033,0.453125,1,3
2,391,0.01581115741282702,0.059524357318878174,0.40625,1,2
2,392,0.011315502459183337,0.08159911632537842,0.35546875,1,4
2,393,0.005027230130508544,0.06277906894683838,0.33203125,2,4
2,394,0.021433329675346616,0.04855692386627197,0.4765625,2,4
2,395,0.0015883647138252878,0.07393115758895874,0.30859375,1,3
2,396,0.02372440218459815,0.07544654607772827,0.42578125,1,2
2,397,0.01015602517873049,0.07878613471984863,0.3515625,1,2
2,398,0.02165090362541378,0.0380936861038208,0.52734375,1,3
2,399,0.016455268487334255,0.059752464294433594,0.41015625,1,3
2,400,0.012117526959627868,0.08163386583328247,0.359375,1,1
2,401,0.019435466267168525,0.020905375480651855,0.671875,1,3
2,402,0.024100932525470856,0.053418517112731934,0.48046875,1,3
2,403,0.01650872174650431,0.07286608219146729,0.390625,2,5
2,404,0.018118960200808946,0.061436474323272705,0.41796875,1,3
2,405,0.021304735564626757,0.04722088575363159,0.48046875,1,4
2,406,0.018989566247910265,0.0803525447845459,0.39453125,1,4
2,407,0.014282214455306532,0.04541921615600586,0.42578125,1,3
2,408,0.02501452434808016,0.07489728927612305,0.43359375,1,4
2,409,0.019292031414806846,0.024943232536315918,0.609375,1,3
2,410,0.010301715694367887,0.04546964168548584,0.390625,2,5
2,411,0.025316584156826142,0.07808488607406616,0.4296875,1,2
2,412,0.025569169549271468,0.02693706750869751,0.6796875,1,3
2,413,0.021433329675346616,0.04855692386627197,0.4765625,1,4
2,414,0.019208854995667938,0.08478391170501709,0.390625,1,3
2,415,0.02267575263977051,0.059234619140625,0.453125,1,4
2,416,0.025344972498714927,0.04240727424621582,0.5390625,1,3
2,417,0.011671193875372412,0.09054017066955566,0.3515625,1,3
2,418,0.012117217294871809,0.08163177967071533,0.359375,2,4
2,419,0.021421753335744146,0.0485306978225708,0.4765625,1,3
2,420,0.023737151175737384,0.0690535306930542,0.4375,1,3
2,421,0.02142606815323234,0.048540472984313965,0.4765625,1,4
2,422,0.021418017335236076,0.048522233963012695,0.4765625,1,3
2,423,0.015920208999887112,0.0734337568283081,0.38671875,1,3
2,424,0.020575731527060277,0.09938466548919678,0.3828125,1,3
2,425,0.021893773460760716,0.07950079441070557,0.41015625,1,3
2,426,0.020899046212434772,0.03876924514770508,0.515625,1,3
2,427,0.013777879299595954,0.046717047691345215,0.41796875,1,2
2,428,0.01669878605753184,0.09395360946655273,0.37109375,1,3
2,429,0.015116252005100255,0.08999443054199219,0.3671875,1,3
2,430,0.020800480619072918,0.027590274810791016,0.6015625,1,4
2,431,0.02476949733681977,0.08398663997650146,0.41796875,1,4
2,432,0.026184105779975656,0.07207667827606201,0.4453125,1,2
2,433,0.012117526959627868,0.08163386583328247,0.359375,1,2
2,434,0.022222229861654345,0.05956953763961792,0.44921875,1,3
2,435,0.02338648424483836,0.06437569856643677,0.4453125,1,3
2,436,0.02090701647102833,0.04843616485595703,0.47265625,2,5
2,437,0.021666421554982666,0.08156770467758179,0.40625,1,4
2,438,0.02404171787202359,0.0939645767211914,0.40234375,1,3
2,439,0.014719672501087194,0.07850492000579834,0.375,1,4
2,440,0.0,0.09492361545562744,0.1640625,1,2
2,441,0.01809125882573426,0.0735136866569519,0.3984375,1,4
2,442,0.014789659529924396,0.09963560104370117,0.359375,1,4
3,438,0.014065243187360467,0.08890622854232788,0.36328125,1,3
3,396,0.014894335065037016,0.07194244861602783,0.3828125,1,2
3,443,0.015354870818555359,0.06777322292327881,0.390625,1,3
3,444,0.013766792602837087,0.09274470806121826,0.359375,1,3
3,445,0.006719235330820086,0.09556245803833008,0.328125,1,2
3,446,0.01932617509737611,0.046895742416381836,0.46484375,1,2
3,447,0.016480095684528354,0.03906393051147461,0.46875,1,3
3,448,0.02102811122313142,0.035768747329711914,0.53515625,1,2
3,449,0.01952105294913054,0.06020951271057129,0.4296875,1,3
3,450,0.01634577149525285,0.06642091274261475,0.3984375,1,2
3,451,0.021218116628006104,0.04702889919281006,0.48046875,1,4
3,452,0.006577300373464826,0.07320821285247803,0.3359375,1,3
3,453,0.011751308571547272,0.08474183082580566,0.35546875,1,3
3,454,0.017871024319902066,0.06489336490631104,0.41015625,1,3
3,455,0.019729874795302752,0.07164323329925537,0.41015625,1,3
3,456,0.015029590576887136,0.0894784927368164,0.3671875,1,3
3,457,0.013818887062370779,0.03130650520324707,0.4765625,1,3
3,458,0.014307623147033158,0.07252973318099976,0.37890625,2,2
3,459,0.027431801892817024,0.07759714126586914,0.44140625,1,1
3,460,0.021091745700687173,0.03587698936462402,0.53515625,1,3
3,461,0.022134791593998674,0.04342150688171387,0.50390625,1,3
3,462,0.022909836843609813,0.04494190216064453,0.50390625,1,2
3,463,0.017048523528501395,0.06190669536590576,0.41015625,1,3
3,464,0.015322174178436402,0.07067525386810303,0.38671875,1,2
3,465,0.024437918676994744,0.04617053270339966,0.51171875,1,2
3,466,0.0322602465748787,0.09384799003601074,0.4375,1,2
3,467,0.018345035612583164,0.054927825927734375,0.43359375,1,1
3,468,0.022970332182012502,0.045060575008392334,0.50390625,1,3
3,469,0.021075136261060837,0.03584873676300049,0.53515625,1,2
3,470,0.024446531431749467,0.04618680477142334,0.51171875,1,3
3,471,0.018544334219768647,0.031543850898742676,0.53515625,1,3
3,472,0.022020347998477522,0.0449180006980896,0.49609375,1,3
3,473,0.01524831424467266,0.09638440608978271,0.36328125,2,3
3,412,0.021757322829216722,0.027437806129455566,0.6171875,1,3
3,416,0.021091204602271322,0.040596604347229004,0.5078125,1,3
3,474,0.021637095604091886,0.06673610210418701,0.4296875,1,2
3,475,0.017274864250794057,0.0488659143447876,0.44140625,1,1
3,476,0.019598310813307766,0.03772306442260742,0.5078125,1,2
3,477,0.021083768457174305,0.036469221115112305,0.53125,1,3
3,478,0.027415956370532516,0.07755231857299805,0.44140625,1,1
3,479,0.02604439691640437,0.041541218757629395,0.55078125,1,2
3,480,0.023573081940412525,0.04077506065368652,0.53125,1,1
3,481,0.024814390577375892,0.036719560623168945,0.5703125,1,3
3,482,0.025702754035592083,0.07075166702270508,0.4453125,2,5
3,483,0.01711985841393471,0.026087403297424316,0.5625,1,2
3,484,0.024445963557809595,0.04618573188781738,0.51171875,1,1
3,485,0.03129054140299559,0.07417017221450806,0.46875,1,2
3,486,0.023562418296933178,0.04370999336242676,0.515625,1,4
3,487,0.009923048783093693,0.07155776023864746,0.35546875,1,4
3,488,0.009319814038462939,0.05891042947769165,0.36328125,1,4
3,489,0.020243606530129913,0.04486894607543945,0.48046875,1,2
3,490,0.019037097692489627,0.03807419538497925,0.5,1,3
3,491,0.023291446268558506,0.042438507080078125,0.51953125,1,2
3,492,0.022340236580930654,0.04951602220535278,0.48046875,1,3
3,493,0.026531147072091702,0.07112014293670654,0.44921875,1,2
3,494,0.02508695726282895,0.06905657052993774,0.4453125,1,2
3,495,0.019655715208500627,0.04885303974151611,0.4609375,1,2
3,496,0.023942677304148677,0.0428624153137207,0.5234375,1,1
3,497,0.019038634374737743,0.01965278387069702,0.6875,1,4
3,498,0.022142827510833744,0.04428565502166748,0.5,1,2
3,499,0.02670771069824696,0.06330716609954834,0.46875,2,4
3,500,0.01936802547425032,0.031885623931884766,0.54296875,1,3
3,501,0.022135466337203983,0.04427093267440796,0.5,1,2
3,502,0.02307279454544187,0.042040109634399414,0.51953125,1,1
3,503,0.017383924219757322,0.03167462348937988,0.51953125,1,3
3,504,0.024851442547515038,0.04091298580169678,0.54296875,2,3
3,505,0.023432434769347314,0.044270873069763184,0.51171875,1,2
3,506,0.027524355333298448,0.07576596736907959,0.4453125,1,2
3,507,0.02131129079498351,0.038151681423187256,0.5234375,1,4
3,508,0.02263838052749634,0.045276761054992676,0.5,1,3
3,509,0.019504170864820484,0.0337369441986084,0.53125,2,3
3,510,0.020774231757968668,0.039986491203308105,0.5078125,1,2
3,511,0.015564127359539274,0.06585812568664551,0.39453125,1,4
3,512,0.02039979840628803,0.04245811700820923,0.4921875,1,2
3,513,0.01585983904078603,0.0644463300704956,0.3984375,1,3
3,514,0.009934425354003906,0.009934425354003906,0.78125,1,3
3,515,0.01858297782018781,0.04509234428405762,0.46484375,1,3
3,516,0.027980047976598147,0.06482255458831787,0.47265625,1,2
3,517,0.007963409647345545,0.05364823341369629,0.359375,1,4
3,518,0.028069164603948597,0.0697641372680664,0.4609375,1,1
3,519,0.018305681878700856,0.06647169589996338,0.41015625,1,4
3,273,0.02420548209920526,0.07944363355636597,0.421875,1,3
3,259,0.015188058838248256,0.05326223373413086,0.4140625,1,4
3,520,0.027431801892817024,0.07759714126586914,0.44140625,1,2
3,521,0.02141223102807999,0.03703737258911133,0.53125,1,1
3,522,0.011150836944580078,0.011150836944580078,0.76953125,1,4
3,523,0.010462197940796617,0.048258066177368164,0.38671875,1,3
3,524,0.017135675763711337,0.01989448070526123,0.64453125,3,3
3,525,0.01407340727746487,0.05955028533935547,0.39453125,3,3
3,526,0.010912752710282806,0.048166632652282715,0.390625,1,3
3,527,0.016403773101046685,0.016598284244537354,0.6953125,1,3
3,528,0.02292086044326425,0.041033148765563965,0.5234375,1,2
3,529,0.029062606161460284,0.03854936361312866,0.6015625,2,4
3,530,0.02267384924925864,0.039893507957458496,0.52734375,1,3
3,531,0.01560517470352352,0.066031813621521,0.39453125,3,5
3,532,0.030699186259880665,0.043540120124816895,0.58203125,1,3
3,533,0.02399939484894276,0.04452061653137207,0.515625,2,5
3,534,0.027431801892817024,0.07759714126586914,0.44140625,1,3
3,535,0.023620381951332096,0.04381752014160156,0.515625,1,2
3,536,0.02271837217267603,0.033139050006866455,0.57421875,1,2
3,537,0.024445963557809595,0.04618573188781738,0.51171875,1,3
3,538,0.0230441396124661,0.06019693613052368,0.453125,1,3
3,539,0.020179028622806076,0.03676748275756836,0.51953125,2,5
3,540,0.006722319871187213,0.06146121025085449,0.34375,1,3
3,541,0.01852201274596155,0.021027207374572754,0.65234375,1,4
3,542,0.0224519856274128,0.04870939254760742,0.484375,1,4
3,543,0.023348484071902934,0.04411226511001587,0.51171875,2,3
3,544,0.01797464676201344,0.022950172424316406,0.61328125,3,6
3,545,0.02654486242681742,0.060137033462524414,0.4765625,1,3
3,546,0.0011663436889648438,0.0011663436889648438,0.875,2,4
3,547,0.021267079282552007,0.0451815128326416,0.48828125,1,3
3,548,0.020965062780305747,0.02519744634628296,0.6328125,1,4
3,549,0.017082532402127985,0.02422785758972168,0.58203125,1,3
3,550,0.02227115444839001,0.05817770957946777,0.453125,1,3
3,551,0.020522668026387695,0.03807103633880615,0.515625,2,2
3,552,0.016539623728021983,0.04110819101333618,0.4609375,1,3
3,553,0.02142824372276664,0.041245341300964355,0.5078125,1,2
3,554,0.02088720723986626,0.03384256362915039,0.546875,2,3
3,555,0.02308786101639271,0.04443979263305664,0.5078125,2,5
3,556,0.015729285776615146,0.07597541809082031,0.3828125,1,4
3,557,0.017575902398675684,0.020879030227661133,0.63671875,1,3
3,558,0.0281436707591638,0.04225677251815796,0.56640625,1,3
3,559,0.018528405809775,0.032599806785583496,0.52734375,1,3
3,560,0.026571745518594987,0.048415422439575195,0.51953125,1,1
3,561,0.033312809653580196,0.08485651016235352,0.45703125,1,2
3,562,0.027928177034482367,0.047505736351013184,0.53515625,1,3
3,563,0.015609549125656487,0.017720818519592285,0.65234375,1,2
3,564,0.015280997380614282,0.01774120330810547,0.64453125,2,3
3,565,0.021101995487697426,0.041395485401153564,0.50390625,1,3
3,566,0.021302644629031423,0.03881478309631348,0.51953125,1,2
3,567,0.019516432192176584,0.05098170042037964,0.453125,1,4
3,568,0.024647452635690573,0.050276875495910645,0.49609375,1,2
3,569,0.027124763582833115,0.07271140813827515,0.44921875,1,4
3,570,0.02739488519728184,0.07749271392822266,0.44140625,2,3
3,571,0.00968730449676514,0.05450439453125,0.37109375,1,2
3,572,0.02379494952037931,0.04580080509185791,0.5078125,2,1
3,573,0.020373620558530096,0.03301042318344116,0.546875,1,1
3,574,0.018628679914399985,0.029713034629821777,0.55078125,2,5
3,575,0.01640552282333374,0.01640552282333374,0.76171875,1,3
3,576,0.023478562943637375,0.04277944564819336,0.51953125,1,4
3,577,0.022810412570834163,0.037552833557128906,0.54296875,1,1
3,578,0.021902894601225856,0.061957359313964844,0.44140625,1,4
3,579,0.02167448634281755,0.04094958305358887,0.51171875,1,2
3,580,0.028859117999672897,0.051663875579833984,0.5234375,1,3
3,581,0.02549083100166172,0.03517872095108032,0.58984375,1,3
3,582,0.01800664654001594,0.02828037738800049,0.5546875,2,3
3,583,0.02183736534789205,0.02934575080871582,0.59765625,1,1
3,584,0.021534096915274862,0.0477292537689209,0.48046875,1,4
3,585,0.017142910044640306,0.03016209602355957,0.52734375,1,1
3,586,0.015939685050398115,0.08080315589904785,0.37890625,1,3
4,516,0.028096363297663633,0.06509202718734741,0.47265625,1,2
4,534,0.02914984594099224,0.07813990116119385,0.44921875,1,3
4,587,0.02914984594099224,0.07813990116119385,0.44921875,1,2
4,588,0.02290361048653722,0.044085144996643066,0.5078125,1,1
4,589,0.022910725325345997,0.0706644058227539,0.4296875,1,1
4,590,0.0344210941111669,0.07312697172164917,0.48828125,2,4
4,591,0.02914984594099224,0.07813990116119385,0.44921875,1,1
4,592,0.02914984594099224,0.07813990116119385,0.44921875,1,2
4,593,0.02461848256643862,0.043314993381500244,0.52734375,1,2
4,594,0.0087756235152483,0.06807756423950195,0.3515625,1,1
4,595,0.02470413991250098,0.0503925085067749,0.49609375,1,2
4,596,0.02914984594099224,0.07813990116119385,0.44921875,1,2
4,597,0.02914984594099224,0.07813990116119385,0.44921875,2,2
4,598,0.026695305248722438,0.061846137046813965,0.47265625,1,1
4,599,0.026952883228659633,0.04662120342254639,0.53125,1,2
4,600,0.028707370860502127,0.07312524318695068,0.45703125,1,3
4,601,0.026952883228659633,0.04662120342254639,0.53125,1,3
4,602,0.014331679325550798,0.06922471523284912,0.3828125,2,3
4,603,0.019083917140960693,0.019083917140960693,0.70703125,1,3
4,604,0.005394514650106432,0.06736564636230469,0.33203125,1,2
4,605,0.030731844599358744,0.06028622388839722,0.50390625,1,2
4,606,0.026952883228659633,0.04662120342254639,0.53125,1,3
4,607,0.0249600587412715,0.07473421096801758,0.43359375,2,4
4,608,0.02914984594099224,0.07813990116119385,0.44921875,1,2
4,609,0.007281680125743153,0.061118364334106445,0.34765625,1,2
4,610,0.028318867320194844,0.07591235637664795,0.44921875,1,0
4,611,0.008882584283128383,0.06890732049942017,0.3515625,1,1
4,612,0.032354086637496955,0.0647081732749939,0.5,2,3
4,613,0.024555048556067053,0.07808810472488403,0.42578125,2,2
4,614,0.029498364077880982,0.06017196178436279,0.49609375,1,2
4,615,0.02914984594099224,0.07813990116119385,0.44921875,2,2
4,616,0.016499579418450597,0.07282572984695435,0.390625,2,4
4,617,0.02914984594099224,0.07813990116119385,0.44921875,1,1
4,618,0.02914984594099224,0.07813990116119385,0.44921875,1,3
4,619,0.02914984594099224,0.07813990116119385,0.44921875,1,1
4,620,0.012138030491769317,0.06829309463500977,0.37109375,1,1
4,621,0.029029447585344318,0.04423534870147705,0.5625,2,3
4,622,0.029067575233057145,0.0779193639755249,0.44921875,1,2
4,623,0.02335430216044188,0.04039663076400757,0.53125,1,2
4,624,0.027932374039664868,0.04320657253265381,0.55859375,1,2
4,625,0.029095102567225698,0.07799315452575684,0.44921875,1,1
4,626,0.02914984594099224,0.07813990116119385,0.44921875,1,0
4,627,0.025734672322869304,0.061000704765319824,0.46875,2,3
4,628,0.02879675081931055,0.06671464443206787,0.47265625,1,0
4,629,0.02914984594099224,0.07813990116119385,0.44921875,1,2
4,630,0.02914984594099224,0.07813990116119385,0.44921875,1,2
4,631,0.023235094500705603,0.07166486978530884,0.4296875,1,2
4,632,0.027932655066251758,0.06328105926513672,0.4765625,2,3
4,466,0.024918936192989356,0.09381246566772461,0.40625,1,2
4,485,0.03283954970538617,0.07439756393432617,0.4765625,1,2
4,633,0.026953055523335937,0.046621501445770264,0.53125,1,2
4,634,0.0,0.09662771224975586,0.22265625,2,3
4,635,0.026904387865215543,0.07028084993362427,0.453125,1,4
4,636,0.0,0.09011125564575195,0.26171875,2,3
4,637,0.026931449770927433,0.046584129333496094,0.53125,1,3
4,638,0.025889914948493246,0.04555201530456543,0.52734375,1,3
4,639,0.03262923192232848,0.06052958965301514,0.515625,1,3
4,640,0.002607211470603945,0.08343076705932617,0.3125,1,1
4,641,0.02914984594099224,0.07813990116119385,0.44921875,2,4
4,642,0.004420628305524589,0.06287115812301636,0.328125,1,2
4,643,0.0,0.09638392925262451,0.2109375,1,1
4,644,0.016597390174865723,0.016597390174865723,0.703125,1,2
4,645,0.0,0.09777915477752686,0.2109375,2,4
4,646,0.027325976174324754,0.06791698932647705,0.4609375,1,2
4,647,0.026944888755679134,0.046607375144958496,0.53125,1,1
4,648,0.016695021186023954,0.053092241287231445,0.42578125,1,3
4,649,0.026952883228659633,0.04662120342254639,0.53125,1,3
4,650,0.026952883228659633,0.04662120342254639,0.53125,2,3
4,651,0.02618968044407666,0.06671202182769775,0.45703125,1,2
4,652,0.026952883228659633,0.04662120342254639,0.53125,1,2
4,653,0.02566305594518781,0.04365277290344238,0.53515625,1,2
4,654,0.028023901744745675,0.06211358308792114,0.48046875,1,3
4,655,0.021704331273213032,0.04100596904754639,0.51171875,2,4
4,656,0.01282482594251633,0.06839907169342041,0.375,1,3
4,657,0.0,0.09912943840026855,0.2109375,2,3
4,658,0.016872704029083252,0.016872704029083252,0.703125,1,1
4,659,0.01747627335134894,0.05232661962509155,0.43359375,1,3
4,660,0.026952883228659633,0.04662120342254639,0.53125,1,2
4,661,0.026952469721436504,0.04662048816680908,0.53125,1,3
4,662,0.026879163575358692,0.03920835256576538,0.57421875,1,3
4,663,0.014939416665583852,0.05424809455871582,0.41015625,1,3
4,664,0.026930553838610653,0.046582579612731934,0.53125,2,4
4,665,0.009387408150359992,0.09424221515655518,0.33984375,1,3
4,666,0.0,0.09880757331848145,0.2109375,1,2
4,561,0.033671533223241575,0.08170533180236816,0.46484375,1,2
4,532,0.030453358776867393,0.043798089027404785,0.578125,1,3
4,667,0.015415488160215322,0.055976808071136475,0.41015625,1,2
4,668,0.026325644459575418,0.04333996772766113,0.54296875,1,1
4,669,0.028625783859752122,0.04427915811538696,0.55859375,1,2
4,670,0.025240038754418496,0.03305089473724365,0.60546875,2,4
4,671,0.019786833319813017,0.07185006141662598,0.41015625,2,4
4,672,0.034048954024910934,0.06203937530517578,0.51953125,1,3
4,673,0.011269748210906982,0.011269748210906982,0.76953125,2,4
4,674,0.028682816075161103,0.05969756841659546,0.4921875,3,5
4,675,0.026952883228659633,0.04662120342254639,0.53125,1,0
4,676,0.028227370232343677,0.041769981384277344,0.5703125,1,1
4,677,0.028080498101189736,0.05844396352767944,0.4921875,1,1
4,678,0.020396143663674596,0.02705395221710205,0.6015625,1,3
4,679,0.03262723702937365,0.06790709495544434,0.4921875,1,1
4,680,0.0026676339330151694,0.06503945589065552,0.31640625,1,3
4,681,0.025389686459675435,0.04049694538116455,0.55078125,1,3
4,682,0.027415948454290632,0.04240775108337402,0.55859375,1,3
4,683,0.029378188541159037,0.04685866832733154,0.55078125,2,5
4,684,0.026693999767303474,0.053387999534606934,0.5,1,3
4,685,0.031627074116840966,0.05044567584991455,0.55078125,1,1
4,686,0.027817323803901676,0.07657241821289062,0.4453125,1,3
4,687,0.027161664329469207,0.05770444869995117,0.48828125,1,3
4,688,0.02536420058459044,0.040456295013427734,0.55078125,1,3
4,689,0.029294693842530254,0.03989064693450928,0.59375,2,4
4,690,0.027089766692370183,0.048496365547180176,0.5234375,1,1
4,691,0.00013458076864481165,0.06890535354614258,0.30078125,1,3
4,692,0.03148543508723379,0.04528242349624634,0.578125,1,3
4,693,0.02916746027767659,0.048018455505371094,0.54296875,2,4
4,694,0.026137411594390876,0.05227482318878174,0.5,1,3
4,695,0.01592087745666504,0.01592087745666504,0.72265625,2,2
4,696,0.03260025568306447,0.07727468013763428,0.46875,1,1
4,697,0.02706158836372197,0.031418442726135254,0.64453125,1,2
4,698,0.029258056427352134,0.03558224439620972,0.62890625,1,2
4,699,0.02103946113493294,0.05951493978500366,0.44140625,2,4
4,700,0.027646473376080397,0.061277031898498535,0.48046875,2,4
4,701,0.02900616126134992,0.07775473594665527,0.44921875,2,1
4,702,0.015500009059906006,0.015500009059906006,0.73046875,1,1
4,703,0.03439359006006271,0.06746941804885864,0.50390625,1,2
4,704,0.028725000098347667,0.06808888912200928,0.46875,1,0
4,705,0.018990266718901697,0.06439083814620972,0.41796875,1,4
4,706,0.024295873474329713,0.026694178581237793,0.6640625,1,2
4,707,0.029199196025729183,0.04585886001586914,0.5546875,1,2
4,708,0.028836764395236972,0.037283897399902344,0.609375,1,3
4,709,0.0241279456531629,0.04245191812515259,0.52734375,1,1
4,710,0.026952883228659633,0.04662120342254639,0.53125,2,2
4,711,0.01853105798363686,0.06283378601074219,0.41796875,2,4
4,712,0.02032343810424209,0.053089797496795654,0.453125,1,1
4,713,0.020941905677318576,0.06092190742492676,0.4375,1,2
4,714,0.030653698369860653,0.04408621788024902,0.578125,1,3
4,715,0.027645577210932974,0.033226609230041504,0.6328125,1,1
4,716,0.020951816230081025,0.02141183614730835,0.69140625,3,5
4,717,0.028114612679928545,0.04555279016494751,0.546875,1,2
4,718,0.026952607557177547,0.046620726585388184,0.53125,2,5
4,719,0.022241680766455833,0.027707397937774658,0.62109375,1,1
4,720,0.026952883228659633,0.04662120342254639,0.53125,1,0
4,721,0.02034120634198189,0.059174418449401855,0.4375,1,4
4,722,0.017995477304793898,0.05090433359146118,0.44140625,1,1
4,723,0.023730456130579117,0.07546579837799072,0.42578125,1,2
4,724,0.02775334171019495,0.03681272268295288,0.6015625,1,3
4,725,0.01381349563598633,0.014404296875,0.68359375,1,2
4,726,0.0210716063156724,0.023151636123657227,0.6640625,1,1
4,727,0.022410748060792688,0.031784772872924805,0.58203125,2,4
4,728,0.02926031453534961,0.042082250118255615,0.578125,1,1
4,729,0.02346829324960709,0.028884053230285645,0.625,1,2
4,730,0.021386666339822117,0.09049564599990845,0.39453125,1,2
5,485,0.02769511286169291,0.07623600959777832,0.4453125,1,2
5,639,0.03411280922591687,0.062155723571777344,0.51953125,1,3
5,731,0.026560845784842975,0.04754948616027832,0.5234375,1,2
5,732,0.025118871475569907,0.07988113164901733,0.42578125,1,0
5,733,0.015713326167315248,0.0724794864654541,0.38671875,2,2
5,734,0.025118871475569907,0.07988113164901733,0.42578125,1,2
5,735,0.02588471816852689,0.07983720302581787,0.4296875,1,1
5,736,0.025118871475569907,0.07988113164901733,0.42578125,2,3
5,737,0.01640637265518308,0.06942200660705566,0.39453125,1,2
5,738,0.024785765912383798,0.05377250909805298,0.484375,1,4
5,739,0.025118871475569907,0.07988113164901733,0.42578125,2,4
5,740,0.028431664220988754,0.06301736831665039,0.48046875,1,2
5,741,0.019434386864304546,0.05209636688232422,0.44921875,2,5
5,742,0.022569401422515515,0.03339749574661255,0.5703125,2,2
5,743,0.027417115867137912,0.07975888252258301,0.4375,1,3
5,744,0.010119628859683873,0.07850378751754761,0.3515625,1,2
5,745,0.021321585401892666,0.06780529022216797,0.42578125,1,2
5,746,0.02425474533811212,0.0880739688873291,0.41015625,1,2
5,747,0.028095941059291366,0.09221231937408447,0.421875,1,2
5,748,0.026126198470592506,0.047603607177734375,0.51953125,1,1
5,749,0.028886721236631278,0.06136929988861084,0.48828125,2,3
5,750,0.0,0.09225326776504517,0.24609375,1,2
5,751,0.02404945972375572,0.07648026943206787,0.42578125,2,3
5,752,0.02510610222816468,0.050212204456329346,0.5,2,4
5,753,0.0,0.09364712238311768,0.26171875,1,1
5,754,0.02236157027073205,0.04654115438461304,0.4921875,1,2
5,755,0.025118871475569907,0.07988113164901733,0.42578125,1,1
5,756,0.025118871475569907,0.07988113164901733,0.42578125,1,3
5,757,0.023057944606989626,0.06180977821350098,0.44921875,1,2
5,758,0.025542575516738,0.04494088888168335,0.52734375,1,1
5,759,0.025118871475569907,0.07988113164901733,0.42578125,1,3
5,760,0.026416819076985128,0.050847411155700684,0.5078125,1,3
5,761,0.025118871475569907,0.07988113164901733,0.42578125,1,2
5,762,0.0,0.08337140083312988,0.2265625,1,3
5,763,0.004585479851812127,0.07573437690734863,0.32421875,1,3
5,764,0.019628942012786865,0.019628942012786865,0.71484375,1,3
5,765,0.01696464512497187,0.061602115631103516,0.41015625,1,2
5,766,0.02725897578056902,0.06614500284194946,0.46484375,1,3
5,561,0.03455385891720653,0.0838463306427002,0.46484375,1,2
5,679,0.029516008682549003,0.06996387243270874,0.46875,1,1
5,767,0.025463377591222528,0.06651657819747925,0.453125,2,2
5,768,0.018925938871689144,0.06872397661209106,0.41015625,1,1
5,769,0.024507240043021742,0.04034632444381714,0.54296875,1,0
5,770,0.025071990676224235,0.03161787986755371,0.6171875,2,4
5,771,0.029214805923402313,0.07089090347290039,0.46484375,2,3
5,772,0.029270154889672998,0.06487584114074707,0.48046875,2,3
5,773,0.025118871475569907,0.07988113164901733,0.42578125,1,0
5,774,0.016139984130859375,0.016139984130859375,0.72265625,1,1
5,775,0.015978872776031494,0.015978872776031494,0.71875,1,1
5,776,0.027637112420052293,0.03137516975402832,0.65234375,1,3
5,777,0.02553636394441128,0.03778791427612305,0.5703125,2,4
5,778,0.02370599238201976,0.03559374809265137,0.56640625,1,0
5,779,0.010532855987548828,0.010532855987548828,0.7734375,1,1
5,780,0.017558276653289795,0.017558276653289795,0.7109375,1,2
5,781,0.01491612195968628,0.01491612195968628,0.74609375,2,2
5,782,0.023603886365890506,0.026502609252929688,0.65625,1,1
5,783,0.018732491880655292,0.02305537462234497,0.625,2,4
5,784,0.022408984601497654,0.034147024154663086,0.5625,2,2
5,785,0.02107025473378599,0.025624632835388184,0.62890625,1,1
5,786,0.025896155741065744,0.056181490421295166,0.484375,2,5
5,787,0.024669679580256346,0.055888831615448,0.4765625,1,1
5,788,0.0216518787201494,0.025137782096862793,0.64453125,1,0
5,789,0.02986303390935064,0.0491635799407959,0.54296875,1,2
5,790,0.017258405685424805,0.017258405685424805,0.70703125,1,2
5,791,0.03392980434000493,0.05170255899429321,0.5625,1,2
5,792,0.025118871475569907,0.07988113164901733,0.42578125,2,1
5,793,0.01689469814300537,0.01689469814300537,0.71875,2,3
5,794,0.012230108259245757,0.0517505407333374,0.39453125,1,1
5,795,0.02399459667503834,0.052056074142456055,0.484375,1,1
5,796,0.005351259838789704,0.059561848640441895,0.3359375,1,2
5,797,0.02357588801532984,0.055883586406707764,0.46875,1,0
5,798,0.029042982961982492,0.07785344123840332,0.44921875,1,1
5,799,0.026652872096747163,0.0798027515411377,0.43359375,2,3
5,800,0.00427931547164917,0.00427931547164917,0.875,2,2
5,801,0.022334800567477945,0.028877317905426025,0.609375,1,2
5,802,0.03163074364420027,0.07328027486801147,0.47265625,3,6
5,803,0.014588485471904281,0.05115962028503418,0.4140625,1,1
5,804,0.027103624539449818,0.05216938257217407,0.5078125,2,2
5,805,0.024188337614759806,0.03858077526092529,0.55078125,1,0
5,806,0.0287424298003316,0.052370548248291016,0.51953125,1,3
5,807,0.024598341900855306,0.04563170671463013,0.515625,1,1
5,808,0.030671354499645535,0.041217148303985596,0.59765625,1,2
5,809,0.022446397691965107,0.027626335620880127,0.625,1,1
5,810,0.015135927591472868,0.0668068528175354,0.390625,1,3
5,811,0.024837259668856863,0.036229848861694336,0.57421875,1,1
5,812,0.029644896509125832,0.04091155529022217,0.58984375,1,1
5,813,0.02706597885116935,0.03455805778503418,0.61328125,1,1
5,814,0.02302433177828789,0.03135228157043457,0.59375,1,1
5,815,0.018448352813720703,0.018448352813720703,0.734375,1,3
5,590,0.030914805829524997,0.07501602172851562,0.46484375,2,4
5,703,0.02401359006762505,0.06985771656036377,0.4375,1,2
5,816,0.012735355412587527,0.07581979036331177,0.3671875,1,2
5,817,0.02720290236175061,0.04869890213012695,0.5234375,1,1
5,818,0.0,0.07447206974029541,0.29296875,1,2
5,819,0.006804185453802351,0.07573354244232178,0.3359375,1,2
5,820,0.031047546188347045,0.07192915678024292,0.47265625,2,4
5,821,0.025118871475569907,0.07988113164901733,0.42578125,2,2
5,822,0.024408929166384045,0.07762342691421509,0.42578125,1,2
5,823,0.02891355752944947,0.057827115058898926,0.5,1,2
5,824,0.025118871475569907,0.07988113164901733,0.42578125,1,0
5,825,0.02387722709681839,0.036933958530426025,0.55859375,1,2
5,826,0.027544440119527284,0.07016295194625854,0.45703125,1,0
5,827,0.026563350227661434,0.07953470945358276,0.43359375,1,2
5,828,0.029396994039416317,0.06968176364898682,0.46875,1,2
5,829,0.026836461271159354,0.03703576326370239,0.58984375,2,1
5,830,0.025118871475569907,0.07988113164901733,0.42578125,1,2
5,831,0.025118871475569907,0.07988113164901733,0.42578125,1,2
5,832,0.026729873381555084,0.06055617332458496,0.4765625,2,4
5,833,0.01207059621810913,0.01207059621810913,0.7265625,1,2
5,834,0.0264088319381699,0.07907205820083618,0.43359375,1,1
5,835,0.030899340519681576,0.07870876789093018,0.45703125,2,3
5,836,0.025984942913055427,0.05196988582611084,0.5,2,4
5,837,0.025229187915101654,0.04766547679901123,0.51171875,2,4
5,838,0.025118871475569907,0.07988113164901733,0.42578125,1,1
5,839,0.02427592012099922,0.08815085887908936,0.41015625,1,3
5,840,0.025150288827717308,0.06741857528686523,0.44921875,1,3
5,841,0.025118871475569907,0.07988113164901733,0.42578125,1,0
5,842,0.027277919114567343,0.07716184854507446,0.44140625,2,1
5,843,0.028870090842247013,0.07353973388671875,0.45703125,1,2
5,844,0.025118871475569907,0.07988113164901733,0.42578125,1,1
5,845,0.019467632751911882,0.07608723640441895,0.40234375,2,3
5,846,0.030327705666422847,0.0792233943939209,0.453125,1,2
5,847,0.019081105012446645,0.02010190486907959,0.6796875,3,2
5,848,0.024807002395391468,0.06828594207763672,0.4453125,1,2
5,849,0.02298911474645138,0.041155338287353516,0.5234375,1,2
5,850,0.025118871475569907,0.07988113164901733,0.42578125,1,2
5,851,0.025118871475569907,0.07988113164901733,0.42578125,2,4
5,852,0.025118871475569907,0.07988113164901733,0.42578125,1,3
5,853,0.02680455031804741,0.09733283519744873,0.41015625,1,2
5,854,0.026433855062350634,0.07914698123931885,0.43359375,1,2
5,855,0.02579239115584642,0.07722634077072144,0.43359375,1,2
5,856,0.025118871475569907,0.07988113164901733,0.42578125,1,2
5,857,0.025118871475569907,0.07988113164901733,0.42578125,1,1
5,858,0.0,0.08839517831802368,0.28125,1,2
5,859,0.025855305604636673,0.07974648475646973,0.4296875,1,1
5,860,0.02299323352053762,0.025262951850891113,0.6640625,2,4
5,861,0.026127245277166374,0.04760551452636719,0.51953125,2,4
5,862,0.027790786698460582,0.06907224655151367,0.4609375,1,0
5,863,0.017799125984311107,0.046495676040649414,0.453125,1,1
5,864,0.02788208751007915,0.06316649913787842,0.4765625,1,1
5,865,0.025118871475569907,0.07988113164901733,0.42578125,2,1
5,866,0.025118871475569907,0.07988113164901733,0.42578125,2,4
5,867,0.01978433562908322,0.055964529514312744,0.44140625,1,1
5,868,0.021759430179372433,0.0308610200881958,0.58203125,1,1
5,869,0.02659112052060664,0.07961785793304443,0.43359375,2,5
5,870,0.029735951917245988,0.04217398166656494,0.58203125,2,3
5,871,0.025057211751118306,0.06716907024383545,0.44921875,2,4
5,872,0.02346846158616245,0.07957518100738525,0.41796875,2,2
5,873,0.025118871475569907,0.07988113164901733,0.42578125,1,1
5,874,0.025845546275377277,0.06751489639282227,0.453125,2,4
6,791,0.03228757344186307,0.052314043045043945,0.546875,1,2
6,802,0.03343904623761774,0.07575571537017822,0.4765625,3,6
6,875,0.02484695985913277,0.042978525161743164,0.53125,2,2
6,876,0.02465937100350857,0.061289310455322266,0.4609375,2,2
6,877,0.020364286610856656,0.023377835750579834,0.6484375,2,3
6,878,0.03160878131166101,0.04247689247131348,0.59765625,1,1
6,879,0.02912023616954685,0.04872405529022217,0.5390625,2,3
6,880,0.037915172288194306,0.07437765598297119,0.50390625,2,3
6,881,0.018129037925973538,0.05765259265899658,0.42578125,1,2
6,882,0.022234521806240085,0.027365565299987793,0.625,1,1
6,883,0.024719715118408207,0.033660888671875,0.59375,2,2
6,884,0.02232878550421447,0.02592366933822632,0.64453125,1,1
6,885,0.0268996071536094,0.042247235774993896,0.5546875,1,2
6,886,0.028661390882916755,0.05622464418411255,0.50390625,2,2
6,887,0.02223065542057157,0.06119406223297119,0.4453125,2,2
6,888,0.01908274926245213,0.05252885818481445,0.4453125,2,3
6,889,0.0174931085202843,0.018241286277770996,0.68359375,1,1
6,890,0.021407804684713486,0.024303317070007324,0.65234375,3,4
6,891,0.02908887551166118,0.04948008060455322,0.53515625,1,1
6,892,0.02081039641052485,0.026906371116638184,0.609375,2,3
6,893,0.019449002109467987,0.033641517162323,0.53125,1,2
6,894,0.008698582649230957,0.008698582649230957,0.77734375,1,1
6,895,0.030763459391891963,0.059213876724243164,0.5078125,2,4
6,896,0.035427745664492256,0.06342309713363647,0.5234375,1,2
6,897,0.018381440546363596,0.08113187551498413,0.390625,2,5
6,898,0.027422130107879646,0.05484426021575928,0.5,1,1
6,899,0.031069499556906528,0.048059165477752686,0.55859375,3,5
6,900,0.025315702892839912,0.03273141384124756,0.609375,1,1
6,901,0.029171349364332858,0.046528756618499756,0.55078125,2,1
6,902,0.035219902638345964,0.07640928030014038,0.484375,2,5
6,903,0.02979188365861774,0.0820077657699585,0.4453125,3,4
6,904,0.022766941692680124,0.026136040687561035,0.6484375,2,3
6,905,0.0250515821389854,0.052139878273010254,0.4921875,1,1
6,906,0.02931157406419516,0.06947928667068481,0.46875,1,1
6,907,0.02910688659176231,0.04951071739196777,0.53515625,1,2
6,908,0.027965537155978385,0.07123559713363647,0.45703125,1,0
6,909,0.0234445002861321,0.05971932411193848,0.45703125,1,1
6,910,0.027721755206584934,0.06280326843261719,0.4765625,1,0
6,911,0.02277182368561626,0.035764336585998535,0.5546875,1,1
6,912,0.028739292873069647,0.07703936100006104,0.44921875,1,0
6,913,0.016627552569843832,0.016992628574371338,0.69140625,2,2
6,914,0.024255786091089252,0.03696119785308838,0.5625,2,3
6,915,0.036450727959163494,0.07743889093399048,0.48828125,1,1
6,916,0.028931595152243975,0.03518521785736084,0.62890625,3,7
6,917,0.028786093229427937,0.07154601812362671,0.4609375,2,4
6,918,0.030144758056849248,0.05492568016052246,0.51953125,1,1
6,919,0.021632449701428417,0.027280330657958984,0.6171875,2,4
6,920,0.028330499306321148,0.08241599798202515,0.4375,1,1
6,921,0.017236327752470974,0.018158435821533203,0.6796875,2,2
6,922,0.017095020040869716,0.017470359802246094,0.69140625,2,5
6,923,0.02898672688752413,0.04483747482299805,0.55859375,2,2
6,924,0.020820933859795335,0.023902058601379395,0.6484375,1,1
6,925,0.008015165571123363,0.06217825412750244,0.3515625,1,1
6,926,0.032958692405372865,0.05256962776184082,0.55078125,1,2
6,927,0.027917148079723123,0.09162551164627075,0.421875,1,1
6,928,0.018790672533214096,0.02021181583404541,0.671875,3,3
6,639,0.03833003132604063,0.06519925594329834,0.53515625,1,3
6,749,0.025109256268478933,0.06395989656448364,0.45703125,2,3
6,929,0.02826101332902909,0.048883914947509766,0.53125,1,1
6,930,0.000884693115949633,0.07549381256103516,0.3046875,1,2
6,931,0.0,0.10457557439804077,0.22265625,1,3
6,932,5.221366882324219e-05,5.221366882324219e-05,0.9921875,2,2
6,933,0.017512019723653797,0.09339743852615356,0.375,1,0
6,934,0.028330499306321148,0.08241599798202515,0.4375,2,4
6,935,0.028330499306321148,0.08241599798202515,0.4375,2,4
6,936,0.012739531695842746,0.06794416904449463,0.375,1,1
6,937,0.0,0.09601664543151855,0.25390625,1,2
6,938,0.02910772757604719,0.04951214790344238,0.53515625,1,1
6,939,0.02797925472259522,0.08139419555664062,0.4375,2,4
6,940,0.028330499306321148,0.08241599798202515,0.4375,2,2
6,941,0.009364128112792969,0.009364128112792969,0.75390625,1,1
6,942,0.02978612389415503,0.08199191093444824,0.4453125,1,2
6,943,0.021253818180412058,0.0236051082611084,0.66015625,1,1
6,944,0.03209306113421918,0.08834218978881836,0.4453125,1,2
6,945,0.022858455777168277,0.054183006286621094,0.46875,1,3
6,946,0.02828556671738625,0.08228528499603271,0.4375,2,3
6,947,0.029108358314260847,0.04951322078704834,0.53515625,1,1
6,948,0.03037530148867518,0.08142489194869995,0.44921875,1,2
6,949,0.028330499306321148,0.08241599798202515,0.4375,1,2
6,950,0.029108989052474506,0.0495142936706543,0.53515625,1,2
6,951,0.02783636888489128,0.049832940101623535,0.5234375,1,1
6,952,0.014842939563095573,0.09999454021453857,0.359375,2,3
6,953,0.02516994066536427,0.045861244201660156,0.51953125,2,2
6,954,0.01914282026700676,0.0924634337425232,0.3828125,2,3
6,955,0.028637766838073737,0.05727553367614746,0.5,1,2
6,956,0.018218301236629493,0.09716427326202393,0.375,1,1
6,957,0.028330499306321148,0.08241599798202515,0.4375,2,3
6,958,0.03446986712515355,0.06394410133361816,0.515625,1,2
6,959,0.02738224342465401,0.07965743541717529,0.4375,1,1
6,960,0.029325292562134567,0.059818923473358154,0.49609375,1,1
6,961,0.010578082874417308,0.09671390056610107,0.34375,1,0
6,962,0.018625067663379017,0.055766284465789795,0.43359375,1,2
6,963,0.028330499306321148,0.08241599798202515,0.4375,1,2
6,964,0.023969315225258473,0.0762253999710083,0.42578125,1,1
6,965,0.004553820937871935,0.06476545333862305,0.328125,1,2
6,966,0.029109619790688164,0.049515366554260254,0.53515625,2,2
6,967,0.028330499306321148,0.08241599798202515,0.4375,2,3
6,968,0.03429054189473391,0.07136893272399902,0.4921875,2,4
6,969,0.03811510163359345,0.07476985454559326,0.50390625,1,3
6,970,0.03535831114277244,0.06559222936630249,0.515625,1,3
6,971,0.028330499306321148,0.08241599798202515,0.4375,1,2
6,972,0.036468573845922954,0.06416463851928711,0.52734375,1,3
6,973,0.02295027952641249,0.06317496299743652,0.4453125,2,3
6,974,0.024122728616930548,0.04244273900985718,0.52734375,1,1
6,975,0.029108989052474506,0.0495142936706543,0.53515625,1,1
6,976,0.028330499306321148,0.08241599798202515,0.4375,1,2
6,977,0.03715342842042447,0.0653696060180664,0.52734375,1,3
6,978,0.033773855539038784,0.07485806941986084,0.48046875,1,2
6,979,0.029109619790688164,0.049515366554260254,0.53515625,1,2
6,980,0.019836487714201215,0.050528764724731445,0.45703125,1,2
6,561,0.041186792775988586,0.08750057220458984,0.48828125,1,2
6,808,0.029988482594490055,0.04083538055419922,0.59375,1,2
6,981,0.017175902612507347,0.018094778060913086,0.6796875,1,0
6,982,0.028709183796308938,0.03410464525222778,0.63671875,1,1
6,983,0.019973031710833315,0.05980229377746582,0.43359375,1,1
6,984,0.027399419690482322,0.041139304637908936,0.56640625,1,2
6,985,0.01804305193945766,0.06327426433563232,0.4140625,1,1
6,986,0.02697715640533716,0.04441255331039429,0.54296875,1,2
6,987,0.03224744950421155,0.05673778057098389,0.52734375,1,3
6,988,0.016530957072973255,0.017064213752746582,0.6875,2,3
6,989,0.01706813229247928,0.07533520460128784,0.390625,1,1
6,990,0.03225235734134913,0.055787861347198486,0.53125,2,3
6,991,0.026705844793468717,0.03951847553253174,0.5703125,1,3
6,992,0.03566697018686683,0.0826311707496643,0.47265625,2,3
6,993,0.0337922414764762,0.048600077629089355,0.578125,2,4
6,994,0.019167224876582626,0.06290781497955322,0.421875,2,5
6,995,0.021825784817337993,0.037125587463378906,0.53515625,1,1
6,996,0.03196642082184554,0.051793694496154785,0.546875,2,3
6,997,0.005468279588967564,0.06086432933807373,0.3359375,1,1
6,998,0.032025947468355305,0.04739099740982056,0.5703125,1,3
6,999,0.02836271584965289,0.04387223720550537,0.55859375,1,1
6,1000,0.038046127185225494,0.08254075050354004,0.484375,1,1
6,1001,0.030865735141560442,0.05250251293182373,0.53515625,1,3
6,1002,0.016663705930113796,0.017201244831085205,0.6875,1,0
6,1003,0.01655162870883942,0.017085552215576172,0.6875,1,2
6,1004,0.03842578455805779,0.08516883850097656,0.48046875,1,2
6,1005,0.01659100875258446,0.01712620258331299,0.6875,1,1
6,1006,0.03236522083170713,0.06601989269256592,0.49609375,1,3
6,1007,0.016562830656766895,0.017097115516662598,0.6875,1,0
6,1008,0.02852518507279456,0.08069002628326416,0.44140625,1,0
6,1009,0.018398565240204338,0.019790053367614746,0.671875,1,0
6,1010,0.031279011745937176,0.055033862590789795,0.52734375,1,2
6,1011,0.004707630723714833,0.1506441831588745,0.3125,1,3
6,1012,0.021301680710166696,0.025014817714691162,0.640625,1,1
6,1013,0.03296626859810204,0.05607551336288452,0.53515625,1,3
6,1014,0.027314786799252037,0.04570317268371582,0.5390625,2,2
6,1015,0.026322996709495786,0.04631400108337402,0.52734375,1,1
6,1016,0.024531384930014614,0.04243266582489014,0.53125,2,4
6,1017,0.016571722924709324,0.017106294631958008,0.6875,1,2
6,1018,0.030226340400986377,0.03859323263168335,0.61328125,2,3
7,880,0.03355264244601131,0.07436776161193848,0.48046875,2,3
7,896,0.029444562271237377,0.06387972831726074,0.484375,1,2
7,1019,0.03310238523408771,0.07499301433563232,0.4765625,3,5
7,1020,0.010331141529604796,0.06150633096694946,0.3671875,1,1
7,1021,0.02777151390910149,0.031182050704956055,0.65625,1,1
7,1022,0.0,0.08002960681915283,0.2890625,2,3
7,1023,0.029194447677582506,0.08258318901062012,0.44140625,2,2
7,1024,0.02632780920248479,0.05593293905258179,0.48828125,1,2
7,1025,0.027623615227639682,0.04945206642150879,0.5234375,2,4
7,1026,0.02514258027076722,0.050285160541534424,0.5,3,6
7,1027,0.027921986533328898,0.05477416515350342,0.50390625,2,4
7,1028,0.030173186212778095,0.07881975173950195,0.453125,2,3
7,1029,0.021508676698431376,0.06840026378631592,0.42578125,2,3
7,1030,0.023840005509555343,0.06390619277954102,0.44921875,2,3
7,1031,0.006594878621399405,0.0662074089050293,0.33984375,2,2
7,1032,0.027810376603156335,0.05159026384353638,0.515625,3,5
7,1033,0.03249270876403899,0.06627994775772095,0.49609375,2,2
7,1034,0.02924611349590123,0.04391205310821533,0.56640625,3,5
7,1035,0.016741037368774414,0.016741037368774414,0.71484375,3,6
7,1036,0.014836416696198288,0.05030626058578491,0.41796875,2,4
7,1037,0.0253254259005189,0.04698050022125244,0.515625,2,2
7,1038,0.03151847748085857,0.08233398199081421,0.453125,3,5
7,1039,0.028614811599254615,0.056133270263671875,0.50390625,1,0
7,1040,0.024549806490540508,0.05819213390350342,0.46875,1,2
7,1041,0.025742650032043464,0.051485300064086914,0.5,2,2
7,1042,0.027749642729759223,0.04799938201904297,0.53125,2,4
7,1043,0.020746587077155713,0.021856486797332764,0.6796875,2,3
7,1044,0.019292370881885294,0.057764291763305664,0.43359375,2,3
7,1045,0.02968880231492222,0.04735410213470459,0.55078125,2,4
7,1046,0.029157910263165835,0.08247983455657959,0.44140625,1,2
7,1047,0.027386286528781063,0.05271345376968384,0.5078125,1,2
7,1048,0.027391596930101517,0.045094847679138184,0.54296875,2,4
7,1049,0.026325954822823412,0.0516432523727417,0.50390625,1,2
7,1050,0.027623615227639682,0.04945206642150879,0.5234375,2,3
7,1051,0.027126920409500602,0.07271718978881836,0.44921875,1,0
7,1052,0.023863948881626133,0.028023719787597656,0.640625,1,2
7,1053,0.030927658081054694,0.061855316162109375,0.5,2,3
7,1054,0.028033555950969465,0.05200427770614624,0.515625,2,2
7,1055,0.02744152175728232,0.05597633123397827,0.49609375,3,4
7,1056,0.026912032160907987,0.045029282569885254,0.5390625,1,2
7,1057,0.0234005986712873,0.025437593460083008,0.66796875,3,5
7,1058,0.0012100227177143127,0.1032552719116211,0.3046875,3,4
7,1059,0.015679826959967617,0.05902993679046631,0.40625,1,1
7,1060,0.0257201932836324,0.06551611423492432,0.45703125,1,2
7,1061,0.028713609557598833,0.06967473030090332,0.46484375,1,0
7,1062,0.029178138589486483,0.08253705501556396,0.44140625,2,4
7,1063,0.018278420437127355,0.05637681484222412,0.4296875,2,3
7,639,0.03980276547372342,0.06449055671691895,0.546875,1,3
7,969,0.036087065935134895,0.07217413187026978,0.5,1,3
7,1064,0.017481707967817787,0.052342891693115234,0.43359375,1,2
7,1065,0.02587743778713048,0.06591665744781494,0.45703125,2,3
7,1066,0.007922096410766246,0.061456263065338135,0.3515625,2,5
7,1067,0.023890301585197452,0.028713226318359375,0.6328125,1,1
7,1068,0.027623615227639682,0.04945206642150879,0.5234375,1,2
7,1069,0.024313786998391155,0.056328773498535156,0.47265625,2,4
7,1070,0.017848680960014466,0.044361770153045654,0.4609375,1,2
7,1071,0.032030298374593265,0.06533670425415039,0.49609375,1,2
7,1072,0.0,0.09865343570709229,0.18359375,1,2
7,1073,0.01091511396225542,0.07871180772781372,0.35546875,1,3
7,1074,0.025520332623273138,0.03776419162750244,0.5703125,2,4
7,1075,0.017488235374912623,0.017695605754852295,0.6953125,1,0
7,1076,0.02610881184227765,0.066506028175354,0.45703125,2,3
7,1077,0.0013964587124064584,0.0649988055229187,0.30859375,1,2
7,1078,0.029626787058077756,0.060433924198150635,0.49609375,1,2
7,1079,0.03086707263719291,0.07862657308578491,0.45703125,2,3
7,1080,0.02035844861529768,0.04716527462005615,0.47265625,2,3
7,1081,0.0029153404757380507,0.07107877731323242,0.31640625,1,3
7,1082,0.02307915966957808,0.027738332748413086,0.6328125,1,2
7,1083,0.005694150924682617,0.005694150924682617,0.828125,1,2
7,1084,0.029734301846474413,0.06736266613006592,0.4765625,2,4
7,1085,0.004437083378434183,0.05540943145751953,0.33203125,1,1
7,1086,0.0038347244262695312,0.0038347244262695312,0.8828125,1,2
7,1087,0.029194447677582506,0.08258318901062012,0.44140625,2,4
7,1088,0.007045531645417216,0.06441628932952881,0.34375,1,2
7,1089,0.03294915927108378,0.06999987363815308,0.48828125,1,2
7,1090,0.022507087211124602,0.038284480571746826,0.53515625,1,1
7,1091,0.012259769253432752,0.08259212970733643,0.359375,1,2
7,1092,0.029740911908447746,0.08186745643615723,0.4453125,2,4
7,1093,0.037501196144148714,0.07085096836090088,0.51171875,1,3
7,1094,0.027160048950463537,0.03303074836730957,0.62890625,1,1
7,1095,0.02752392156980932,0.04014885425567627,0.57421875,1,0
7,1096,0.02536677301395685,0.04621988534927368,0.51953125,1,3
7,1097,0.02326667914167047,0.047460317611694336,0.49609375,1,1
7,1098,0.022796742618083957,0.06631779670715332,0.4375,1,3
7,1099,0.00936877727508545,0.00936877727508545,0.78515625,2,4
7,1100,0.023130045505240563,0.023637890815734863,0.69140625,1,2
7,1101,0.03086737671401352,0.03753942251205444,0.62890625,2,3
7,1102,0.015834768069908026,0.07303965091705322,0.38671875,1,3
7,1103,0.0271357661113143,0.06432181596755981,0.46875,1,4
7,1104,0.0,0.09460198879241943,0.25390625,1,1
7,1105,0.0,0.0955667495727539,0.21484375,1,2
7,1106,0.02784245903603733,0.04440915584564209,0.55078125,1,0
7,1107,0.027623615227639682,0.04945206642150879,0.5234375,1,2
7,1108,0.026915776776149876,0.05280029773712158,0.50390625,1,3
7,1109,0.025586181320250038,0.030751466751098633,0.6328125,1,0
7,1110,0.0,0.09314572811126709,0.20703125,1,2
7,1111,0.0034235208295285723,0.06741702556610107,0.3203125,1,2
7,1112,0.03152888570912183,0.047339558601379395,0.56640625,1,3
7,1113,0.031357493251562125,0.05423998832702637,0.53125,1,2
7,1114,0.03196966648101807,0.07757568359375,0.46484375,1,2
7,1115,0.01418884354643524,0.04975813627243042,0.4140625,1,1
7,1116,0.0338259160052985,0.06390726566314697,0.51171875,1,2
7,1117,0.029236922506242994,0.07266652584075928,0.4609375,1,2
7,1118,0.02235669689252973,0.08118176460266113,0.41015625,2,5
7,1119,0.03230351023375989,0.08438467979431152,0.453125,2,2
7,1120,0.02454213076271117,0.07348287105560303,0.43359375,2,2
7,1121,0.01672375202178955,0.01672375202178955,0.71484375,2,2
7,1122,0.017659080913290385,0.017693638801574707,0.69921875,2,3
7,561,0.033319204114377506,0.08703792095184326,0.453125,1,2
7,1004,0.03349015431012959,0.0853082537651062,0.45703125,1,2
7,1123,0.03659549227450044,0.0811120867729187,0.48046875,1,2
7,1124,0.024866003310307864,0.02541196346282959,0.69140625,1,2
7,1125,0.02888522110879422,0.05171060562133789,0.5234375,1,3
7,1126,0.03165441472083331,0.05666804313659668,0.5234375,2,3
7,1127,0.018039420247077945,0.018253326416015625,0.6953125,1,0
7,1128,0.02286337455734611,0.02684873342514038,0.640625,1,0
7,1129,0.017563153058290485,0.018129706382751465,0.6875,1,2
7,1130,0.024773626239039007,0.0451391339302063,0.51953125,2,3
7,1131,0.03073188476264477,0.06667256355285645,0.484375,1,1
7,1132,0.011263787746429443,0.011263787746429443,0.80078125,1,1
7,1133,0.029714018106460578,0.05942803621292114,0.5,1,2
7,1134,0.009760920773260299,0.05491858720779419,0.37109375,1,2
7,1135,0.012546777725219727,0.012546777725219727,0.73828125,1,2
7,1136,0.0,0.08909302949905396,0.2421875,1,2
7,1137,0.03236253582872451,0.0485912561416626,0.56640625,2,4
7,1138,0.025390391936525706,0.04248327016830444,0.5390625,1,2
7,1139,0.01941424608230591,0.020040512084960938,0.6875,2,1
7,1140,0.016733407974243164,0.016733407974243164,0.71484375,1,0
7,1141,0.027672983473166827,0.04555809497833252,0.54296875,1,3
7,1142,0.026401335839182145,0.05081760883331299,0.5078125,2,4
7,1143,0.03851043805480004,0.08354806900024414,0.484375,1,2
7,1144,0.028309636050835255,0.06869447231292725,0.46484375,1,3
7,1145,0.035650805104523904,0.07734411954879761,0.484375,2,3
7,1146,0.030781032284721736,0.07469141483306885,0.46484375,1,3
7,1147,0.023932860232889656,0.07381701469421387,0.4296875,2,3
7,1148,0.01745164394378662,0.01745164394378662,0.71484375,1,1
7,1149,0.024500416126102213,0.031677305698394775,0.609375,1,1
7,1150,0.03889976348727942,0.08812689781188965,0.4765625,2,2
7,1151,0.01673215627670288,0.01673215627670288,0.71484375,1,1
7,1152,0.02409566170535982,0.038432955741882324,0.55078125,1,1
7,1153,0.029819743707776073,0.07068383693695068,0.46875,2,3
7,1154,0.01931077241897583,0.01931077241897583,0.703125,1,1
7,1155,0.01086600869894028,0.057952046394348145,0.375,1,2
7,1156,0.030107276514172557,0.04587775468826294,0.5625,1,1
7,1157,0.03650391660630704,0.0885782241821289,0.46484375,1,2
7,1158,0.027794586028903726,0.07260626554489136,0.453125,1,2
7,1159,0.007837057113647461,0.007837057113647461,0.83203125,1,1
7,1160,0.008979856967926025,0.008979856967926025,0.8125,1,2
7,1161,0.02832032879814506,0.07795703411102295,0.4453125,1,0
7,1162,0.014282606542110447,0.07617390155792236,0.375,1,1
8,1143,0.037592659704387195,0.08910852670669556,0.46875,1,2
8,1157,0.035968418698757894,0.09395831823348999,0.453125,1,2
8,1163,0.02237329259514809,0.023095011711120605,0.6875,1,0
8,1164,0.021527349716052416,0.022914767265319824,0.67578125,1,1
8,1165,0.0059904665686190154,0.06667649745941162,0.3359375,1,1
8,1166,0.026761327171698216,0.07173717021942139,0.44921875,1,2
8,1167,0.040864108828827746,0.0991584062576294,0.46484375,1,1
8,1168,0.024476591497659687,0.055451393127441406,0.4765625,2,2
8,1169,0.03443710785359145,0.08772039413452148,0.45703125,1,3
8,1170,0.03902863990515471,0.09700322151184082,0.4609375,1,1
8,1171,0.02461029379628599,0.026752591133117676,0.66796875,1,2
8,1172,0.03855203371495009,0.08363831043243408,0.484375,1,1
8,1173,0.04232699354179204,0.0980607271194458,0.47265625,1,2
8,1174,0.026622956851497296,0.06616967916488647,0.4609375,1,1
8,1175,0.01888453960418701,0.01888453960418701,0.70703125,1,0
8,1176,0.021793100982904438,0.02249610424041748,0.6875,1,0
8,1177,0.03538139176089317,0.08196955919265747,0.47265625,1,2
8,1178,0.020630333921872083,0.021083295345306396,0.69140625,2,2
8,1179,0.026630867272615436,0.07747161388397217,0.4375,2,2
8,1180,0.03249705559574068,0.09730112552642822,0.43359375,2,3
8,1181,0.025315475068055097,0.06786137819290161,0.44921875,2,4
8,1182,0.029150563292205337,0.060671091079711914,0.4921875,1,1
8,1183,0.027817999012768276,0.052556514739990234,0.51171875,1,1
8,1184,0.036692098597995944,0.08903485536575317,0.46484375,1,1
8,1185,0.03802031138911844,0.09449708461761475,0.4609375,1,1
8,1186,0.002439737319946289,0.002439737319946289,0.90625,1,1
8,1187,0.039514393545687206,0.08572614192962646,0.484375,2,3
8,1188,0.018889858387410644,0.06624388694763184,0.4140625,1,2
8,1189,0.03669851692393423,0.09837508201599121,0.44921875,1,1
8,1190,0.03030869364738465,0.05071258544921875,0.5390625,1,1
8,1191,0.04014725831802935,0.09301084280014038,0.47265625,1,1
8,1192,0.03695988468825818,0.08373212814331055,0.4765625,1,1
8,1193,0.03270968806464226,0.08332020044326782,0.45703125,1,1
8,1194,0.02141150087118149,0.05321693420410156,0.4609375,1,1
8,1195,0.026371732237748805,0.07459849119186401,0.44140625,2,3
8,1196,0.030392393236979846,0.0836607813835144,0.4453125,1,0
8,1197,0.040852225385606296,0.09464406967163086,0.47265625,2,3
8,1198,0.03950735973194242,0.09819304943084717,0.4609375,1,1
8,1199,0.021968634799122814,0.0299147367477417,0.59375,2,2
8,1200,0.03453858161810786,0.07655304670333862,0.48046875,2,3
8,1201,0.028389145620167262,0.05266392230987549,0.515625,1,2
8,1202,0.033324849209748215,0.06537288427352905,0.50390625,2,3
8,1203,0.03778465383220465,0.08374780416488647,0.48046875,1,2
8,1204,0.02519895508885384,0.05708789825439453,0.4765625,1,3
8,1205,0.02823591465130449,0.05237966775894165,0.515625,1,1
8,1150,0.03796365961898119,0.09212034940719604,0.46484375,2,2
8,1123,0.038608190603554256,0.08376014232635498,0.484375,1,2
8,1206,0.0217834358336404,0.06522291898727417,0.43359375,1,2
8,1207,0.01705352473072708,0.017965853214263916,0.6796875,1,2
8,1208,0.028104890137910846,0.08415031433105469,0.43359375,4,6
8,1209,0.02227775927167386,0.08089512586593628,0.41015625,2,2
8,1210,0.02914488315582276,0.05828976631164551,0.5,1,2
8,1211,0.014537274604663256,0.05098003149032593,0.4140625,1,2
8,1212,0.02942740393336863,0.04693716764450073,0.55078125,1,1
8,1213,0.03049678355455399,0.08394813537597656,0.4453125,1,2
8,1214,0.0379393631592393,0.08230912685394287,0.484375,1,2
8,1215,0.038608190603554256,0.08376014232635498,0.484375,1,2
8,1216,0.027172315283678476,0.06593471765518188,0.46484375,1,0
8,1217,0.02728944271802903,0.05062389373779297,0.515625,1,2
8,1218,0.017594354227185253,0.06623756885528564,0.40625,1,3
8,1219,0.032009530812501914,0.08361673355102539,0.453125,1,2
8,1220,0.03292454243637622,0.08183187246322632,0.4609375,1,1
8,1221,0.03052902035415173,0.06766605377197266,0.48046875,2,2
8,1222,0.019360076403245333,0.05189716815948486,0.44921875,1,2
8,1223,0.026875642477534715,0.05482202768325806,0.49609375,2,2
8,1224,0.024491266580298546,0.07788527011871338,0.42578125,2,2
8,1225,0.027916237711906437,0.06056404113769531,0.484375,1,1
8,1226,0.0008846521377563477,0.0008846521377563477,0.92578125,3,3
8,1227,0.026696978718973703,0.052371084690093994,0.50390625,1,2
8,1228,0.005445332732051613,0.07744473218917847,0.328125,1,1
8,1229,0.028857048600912098,0.08394777774810791,0.4375,3,3
8,1230,0.023566054645925764,0.06486999988555908,0.4453125,2,3
8,1231,0.028830849914811555,0.07343977689743042,0.45703125,1,1
8,1232,0.0283052446320653,0.08730292320251465,0.4296875,1,2
8,1233,0.031229386106133464,0.07074975967407227,0.4765625,1,2
8,1234,0.00015298055950552442,0.07832604646682739,0.30078125,1,2
8,1235,0.017023287713527683,0.05969810485839844,0.4140625,1,2
8,1236,0.03359122970141471,0.08348888158798218,0.4609375,2,4
8,1237,0.030291737057268626,0.050684213638305664,0.5390625,1,1
8,1238,0.01767754554748535,0.01767754554748535,0.7109375,2,3
8,1239,0.026322166901081804,0.0724567174911499,0.4453125,3,4
8,1240,0.03970610548276455,0.09634846448898315,0.46484375,1,1
8,1241,0.030012626666575677,0.05105137825012207,0.53515625,1,3
8,1242,0.02776432607788593,0.07853776216506958,0.44140625,1,2
8,1243,0.01833874359726906,0.01893031597137451,0.6875,2,2
8,1244,0.0013561248779296875,0.0013561248779296875,0.921875,1,1
8,1245,0.025295415893197067,0.04692482948303223,0.515625,1,1
8,1246,0.022136377170681957,0.08333694934844971,0.40625,2,3
8,1247,0.02737959777005017,0.06068551540374756,0.48046875,2,3
8,1248,0.029843505471944816,0.051621198654174805,0.53125,2,2
8,1249,0.03049877565354109,0.0839536190032959,0.4453125,3,6
8,1250,0.030516838305629793,0.0676390528678894,0.48046875,1,2
8,1251,0.027110187220387164,0.034614503383636475,0.61328125,1,2
8,1252,0.028343826066702608,0.05899202823638916,0.4921875,1,1
8,1253,0.01991293416358531,0.02480638027191162,0.62109375,4,6
8,1254,0.029758143704384572,0.05327332019805908,0.5234375,3,5
8,1255,0.02807838481385261,0.062234342098236084,0.48046875,2,2
8,1256,0.02634357009083033,0.0571521520614624,0.484375,2,2
8,1257,0.033233523368835456,0.0664670467376709,0.5,1,1
8,1258,0.03541286510881037,0.0694689154624939,0.50390625,2,2
8,1259,0.016325587872415784,0.053581416606903076,0.421875,1,1
8,1260,0.030432661995291717,0.05092000961303711,0.5390625,1,1
8,1261,0.01823153428267688,0.06181818246841431,0.41796875,1,1
8,1262,0.03564510354772211,0.09811985492706299,0.4453125,1,1
8,1263,0.030254963552579287,0.07519680261611938,0.4609375,2,2
8,1264,0.034019256010651595,0.047589778900146484,0.5859375,2,5
8,1265,0.032761426060460515,0.07949692010879517,0.46484375,3,5
8,1266,0.025325467810034755,0.06971311569213867,0.4453125,2,4
8,1267,0.028597396798431877,0.03562498092651367,0.62109375,2,1
8,1268,0.0302473942283541,0.03862011432647705,0.61328125,2,2
8,1269,0.028567248955369,0.06471872329711914,0.4765625,2,3
8,1270,0.02645283052697778,0.0599285364151001,0.4765625,2,3
8,1271,0.030498754000291232,0.08395355939865112,0.4453125,3,6
8,1272,0.025014560436829928,0.057952284812927246,0.47265625,2,3
8,639,0.033080035704188056,0.0674780011177063,0.49609375,1,3
8,1093,0.03382683265954257,0.07497549057006836,0.48046875,1,3
8,1273,0.027962918742559857,0.05095022916793823,0.51953125,1,2
8,1274,0.022085872711613778,0.04332554340362549,0.50390625,1,2
8,1275,0.030498754000291232,0.08395355939865112,0.4453125,1,0
8,1276,0.02563061122782529,0.04933410882949829,0.5078125,1,2
8,1277,0.010239347117021683,0.057610392570495605,0.37109375,2,3
8,1278,0.027493921457789842,0.06369632482528687,0.47265625,2,4
8,1279,0.02582053630612791,0.04622417688369751,0.5234375,1,2
8,1280,0.027080707252025608,0.041889190673828125,0.55859375,3,4
8,1281,0.019253542646765712,0.08146953582763672,0.39453125,2,5
8,1282,0.030498754000291232,0.08395355939865112,0.4453125,2,4
8,1283,0.004140270990319553,0.06838124990463257,0.32421875,2,2
8,1284,0.024195459205657247,0.052491843700408936,0.484375,1,3
8,1285,0.025635051075369123,0.04589211940765381,0.5234375,2,3
8,1286,0.03230598801746965,0.09672904014587402,0.43359375,1,2
8,1287,0.030209600925445564,0.06041920185089111,0.5,1,3
8,1288,0.02659895131364465,0.06611001491546631,0.4609375,1,4
8,1289,0.026244843844324357,0.048686087131500244,0.515625,2,4
8,1290,0.036359482444822795,0.08822774887084961,0.46484375,1,3
8,1291,0.030498754000291232,0.08395355939865112,0.4453125,1,3
8,1292,0.033269549603573985,0.06526440382003784,0.50390625,1,3
8,1293,0.00030028820037841797,0.00030028820037841797,0.953125,1,3
8,1294,0.02181467087939382,0.047326743602752686,0.484375,2,4
8,1295,0.03078628331422806,0.06679058074951172,0.484375,1,3
8,1296,0.030498754000291232,0.08395355939865112,0.4453125,1,1
8,1297,0.019380088197067383,0.051950812339782715,0.44921875,1,2
8,1298,0.004079506732523444,0.08033490180969238,0.3203125,2,4
8,1299,0.0034174080938100837,0.08331966400146484,0.31640625,1,3
8,1300,0.02460104785859585,0.061144351959228516,0.4609375,1,3
8,1301,0.026575965341180566,0.05646014213562012,0.48828125,1,2
8,1302,0.02652467659208924,0.0711027979850769,0.44921875,2,3
8,1303,0.030498754000291232,0.08395355939865112,0.4453125,1,2
8,1304,0.0016521126963198209,0.07689833641052246,0.30859375,2,5
8,1305,0.02857540547847748,0.08312845230102539,0.4375,1,1
8,1306,0.028803575783967975,0.07158946990966797,0.4609375,1,2
9,1292,0.03855998348444701,0.06056046485900879,0.5546875,1,3
9,1286,0.033767500659450896,0.09051811695098877,0.44921875,1,2
9,1307,0.03668999625369907,0.09584325551986694,0.453125,2,3
9,1308,0.0404979280428961,0.09382325410842896,0.47265625,1,1
9,1309,0.03734635096043349,0.0906224250793457,0.46484375,1,2
9,1310,0.014811341185122732,0.06537419557571411,0.390625,1,3
9,1311,0.025842487812042243,0.05168497562408447,0.5,1,2
9,1312,0.0273999460041523,0.07970893383026123,0.4375,2,2
9,1313,0.0273999460041523,0.07970893383026123,0.4375,1,0
9,1314,0.024193877354264263,0.07940554618835449,0.421875,2,3
9,1315,0.0273999460041523,0.07970893383026123,0.4375,1,1
9,1316,0.0001583695411682129,0.0001583695411682129,0.9609375,1,2
9,1317,0.0273999460041523,0.07970893383026123,0.4375,1,0
9,1318,0.0273999460041523,0.07970893383026123,0.4375,1,3
9,1319,0.017594501492567364,0.06876629590988159,0.40234375,1,1
9,1320,0.0273999460041523,0.07970893383026123,0.4375,1,3
9,1321,0.030563169391825802,0.0503162145614624,0.54296875,1,2
9,1322,0.0273999460041523,0.07970893383026123,0.4375,1,2
9,1323,0.028059720993042,0.0477294921875,0.53515625,1,1
9,1324,0.026622772682458166,0.0797126293182373,0.43359375,1,2
9,1325,0.014089163742028182,0.07927089929580688,0.37109375,1,3
9,1326,0.0314240095904097,0.08889001607894897,0.44140625,1,2
9,1327,0.025775212678126994,0.06909376382827759,0.44921875,1,3
9,1328,0.026951807551085952,0.0653996467590332,0.46484375,1,2
9,1329,0.02822851482778788,0.03649747371673584,0.609375,2,4
9,1330,0.0273999460041523,0.07970893383026123,0.4375,1,1
9,1240,0.03611253062263132,0.08975541591644287,0.4609375,1,1
9,1214,0.03587801521643997,0.07783704996109009,0.484375,1,2
9,1331,0.0,0.10004734992980957,0.2265625,2,2
9,1332,0.026856444193981595,0.04893416166305542,0.51953125,2,4
9,1333,0.029676553094759587,0.07201135158538818,0.46484375,1,0
9,1334,0.02486691484227777,0.03215116262435913,0.609375,1,1
9,1335,0.027963677188381556,0.036617398262023926,0.60546875,2,4
9,1336,0.021274065598845485,0.023374080657958984,0.6640625,1,1
9,1337,0.029493954032659538,0.05101656913757324,0.53125,1,2
9,1338,0.02813068742398173,0.039897263050079346,0.58203125,1,1
9,1339,0.028619907796382908,0.04361128807067871,0.5625,1,0
9,1340,0.02742913691326976,0.06214034557342529,0.4765625,2,2
9,1341,0.03592222929000855,0.07184445858001709,0.5,1,2
9,1342,0.03167973831295968,0.06872892379760742,0.484375,1,1
9,1343,0.02829370088875294,0.06706655025482178,0.46875,2,2
9,1344,0.02132379868999124,0.05570298433303833,0.453125,1,3
9,1345,0.03543024370446802,0.0752708911895752,0.48828125,1,2
9,1346,0.02653381042182446,0.06931281089782715,0.453125,2,5
9,1347,0.024515119381248954,0.0329442024230957,0.59765625,1,1
9,1348,0.02445599820930511,0.0415995717048645,0.53515625,1,1
9,1349,0.024649082683026794,0.05347597599029541,0.484375,1,1
9,1350,0.02421086479444057,0.05143553018569946,0.48828125,1,1
9,1351,0.03579105832614005,0.06407350301742554,0.5234375,1,1
9,1352,0.027179829776287082,0.04141688346862793,0.5625,1,0
9,1353,0.03549922956153751,0.06355106830596924,0.5234375,1,1
9,1354,0.029180517885833982,0.07252633571624756,0.4609375,2,1
9,1355,0.027374047785997394,0.07963359355926514,0.4375,1,1
9,1356,0.02754067070782185,0.04196673631668091,0.5625,1,0
9,1357,0.02878730720840395,0.03500974178314209,0.62890625,1,1
9,1358,0.025971653871238235,0.07776308059692383,0.43359375,1,0
9,1359,0.02227979118470103,0.05675250291824341,0.45703125,2,4
9,1360,0.024073453620076183,0.05983304977416992,0.4609375,2,2
9,1361,0.03343641012907029,0.08113479614257812,0.46484375,1,2
9,1362,0.02732253726571799,0.05068528652191162,0.515625,2,3
9,1363,0.02799775253515691,0.07919806241989136,0.44140625,3,5
9,1364,0.027330750832334164,0.05688351392745972,0.4921875,1,1
9,1365,0.03768892749212683,0.08006942272186279,0.48828125,1,2
9,1366,0.029105936177074913,0.041860222816467285,0.578125,2,5
9,1191,0.036209519952535636,0.0858299732208252,0.46875,1,1
9,1290,0.03260378912091256,0.08103466033935547,0.4609375,1,3
9,1367,0.026019863318651918,0.06313824653625488,0.46484375,1,2
9,1368,0.01516029168851674,0.06160372495651245,0.3984375,1,1
9,1369,0.030154553940519694,0.04527604579925537,0.56640625,1,2
9,1370,0.026620702352374796,0.07970643043518066,0.43359375,1,2
9,1371,0.023720685392618183,0.036145806312561035,0.5625,2,3
9,1372,0.03388167475350202,0.07051795721054077,0.4921875,2,2
9,1373,0.020386833697557453,0.022161483764648438,0.66796875,1,0
9,1374,0.024852147791534666,0.0766524076461792,0.4296875,1,2
9,1375,0.031298880698159344,0.07779139280319214,0.4609375,1,2
9,1376,0.0392989389365539,0.08710414171218872,0.48046875,1,1
9,1377,0.0076966425403952625,0.07036930322647095,0.34375,1,3
9,1378,0.03483661590144039,0.08658421039581299,0.4609375,1,2
9,1379,0.0,0.0908125638961792,0.2265625,1,2
9,1380,0.01486365403980017,0.06039834022521973,0.3984375,1,2
9,1381,0.02942958287894726,0.06975901126861572,0.46875,1,2
9,1382,0.023214082350023094,0.05632990598678589,0.46484375,1,2
9,1383,0.02536244969815016,0.08894228935241699,0.4140625,1,4
9,1384,0.030875929631292827,0.05943036079406738,0.5078125,2,4
9,1385,0.0273999460041523,0.07970893383026123,0.4375,1,3
9,1386,0.02986676106229425,0.04690730571746826,0.5546875,1,4
9,1387,0.029836489353328947,0.0821305513381958,0.4453125,1,2
9,1388,0.026621777331456545,0.07970964908599854,0.43359375,1,1
9,1389,0.013212429359555248,0.04974091053009033,0.40625,1,1
9,1390,0.03074919781647623,0.07461416721343994,0.46484375,1,1
9,1391,0.003825068473815918,0.003825068473815918,0.87890625,2,3
9,1392,0.037758955499157316,0.08021819591522217,0.48828125,1,2
9,1393,0.012390440446324652,0.12439030408859253,0.33984375,1,3
9,1394,0.034039700403809554,0.07711648941040039,0.4765625,1,1
9,1395,0.03428374766372145,0.08732974529266357,0.45703125,1,2
9,1173,0.04309342871420086,0.09155118465423584,0.48828125,1,2
9,1167,0.044734194874763496,0.09310531616210938,0.4921875,1,1
9,1396,0.026425772812217477,0.07912278175354004,0.43359375,1,0
9,1397,0.03601648448966444,0.08951669931411743,0.4609375,1,1
9,1398,0.03470552409999073,0.0786249041557312,0.4765625,1,1
9,1399,0.038796217297203846,0.08242183923721313,0.48828125,1,1
9,1400,0.03688508458435536,0.08743131160736084,0.46875,1,2
9,1401,0.009647905826568604,0.009647905826568604,0.77734375,1,1
9,1402,0.02963791089132429,0.049590229988098145,0.5390625,1,0
9,1403,0.019738979055546228,0.02058321237564087,0.68359375,1,2
9,1404,0.014932096004486084,0.014932096004486084,0.75,2,1
9,1405,0.0404963071923703,0.0938194990158081,0.47265625,1,1
9,1406,0.02188408374786377,0.02188408374786377,0.70703125,2,2
9,1407,0.03270399989560247,0.06066828966140747,0.515625,1,2
9,1408,0.03625418385490776,0.09470480680465698,0.453125,1,1
9,1409,0.023478599265217785,0.03993701934814453,0.53515625,1,1
9,1410,0.029196744784712795,0.03509092330932617,0.6328125,2,2
9,1411,0.04108985583297909,0.0806053876876831,0.50390625,1,1
9,1412,0.028331019915640358,0.044495344161987305,0.5546875,2,1
9,1413,0.019229988567531112,0.06311380863189697,0.421875,2,2
9,1414,0.017218947410583496,0.017218947410583496,0.72265625,1,0
9,1415,0.039770479314029224,0.09427076578140259,0.46875,1,1
9,1416,0.0375406222883612,0.08504778146743774,0.4765625,1,1
9,1417,0.007089965976774696,0.07891440391540527,0.3359375,1,2
9,1418,0.03543002251535655,0.07852888107299805,0.48046875,1,1
9,1419,0.019914663396775726,0.061423540115356445,0.4296875,1,2
9,1420,0.028869229368865493,0.0467754602432251,0.546875,2,1
9,1421,0.035046406555920846,0.0871056318283081,0.4609375,2,3
9,1422,0.035301723284646876,0.08566105365753174,0.46484375,1,1
9,1423,0.022944202646613125,0.09323358535766602,0.3984375,1,2
9,1424,0.02660620724782348,0.04243731498718262,0.55078125,1,1
9,1425,0.030958541203290228,0.07885956764221191,0.45703125,1,1
9,1426,0.04169827932491899,0.08026134967803955,0.5078125,1,1
9,1427,0.03563265968114138,0.0885627269744873,0.4609375,1,1
9,1428,0.04288020241074265,0.09109818935394287,0.48828125,1,1
9,1429,0.020059036905877296,0.08487790822982788,0.39453125,2,3
9,1430,0.020571725908666853,0.021897554397583008,0.67578125,2,1
9,1431,0.031659635249525316,0.07868802547454834,0.4609375,1,1
9,1432,0.021905183792114258,0.021905183792114258,0.70703125,1,2
9,1433,0.04189520911313594,0.08900558948516846,0.48828125,1,1
9,1434,0.039558224380016334,0.09376764297485352,0.46875,1,1
9,1435,0.029625460971146825,0.04088473320007324,0.58984375,1,1
9,1436,0.023527229204773906,0.06655216217041016,0.44140625,2,2
9,1437,0.034394380403682596,0.08761155605316162,0.45703125,2,2
9,1438,0.042298830114305026,0.09176695346832275,0.484375,1,1
9,1439,0.016316138673573736,0.07201606035232544,0.390625,1,2
9,1440,0.01798272132873535,0.01798272132873535,0.7109375,1,0
9,1441,0.0384096633642912,0.08332943916320801,0.484375,2,3
9,1442,0.029950598487630493,0.0526965856552124,0.52734375,1,0
9,1443,0.017918268218636516,0.05212587118148804,0.4375,2,3
9,1444,0.03552987473085523,0.08830726146697998,0.4609375,1,1
9,1445,0.032211037818342454,0.05389559268951416,0.5390625,2,3
9,1446,0.03627252508886159,0.08403408527374268,0.47265625,1,1
9,1447,0.0186612606048584,0.0186612606048584,0.703125,1,0
9,1448,0.031719613820314414,0.05884218215942383,0.515625,2,4
10,1365,0.031625582370907075,0.08261376619338989,0.453125,1,2
10,1214,0.0319548910483718,0.08139753341674805,0.45703125,1,2
10,1449,0.018703229725360874,0.07041215896606445,0.40625,1,1
10,1450,0.029812126420438293,0.09195065498352051,0.4296875,2,3
10,1451,0.018732547760009766,0.018732547760009766,0.71484375,1,0
10,1452,0.03312822245061398,0.08653903007507324,0.453125,1,1
10,1453,0.03230316122062505,0.09672057628631592,0.43359375,1,2
10,1454,0.02284334495197982,0.024831831455230713,0.66796875,1,2
10,1455,0.030863666906952865,0.05940675735473633,0.5078125,1,2
10,1456,0.02543970383703709,0.06819438934326172,0.44921875,1,2
10,1457,0.025037967134267095,0.03364682197570801,0.59765625,1,0
10,1458,0.018076259642839435,0.07978487014770508,0.390625,1,2
10,1459,0.023735910654068,0.047471821308135986,0.5,1,2
10,1460,0.0304854775313288,0.08172023296356201,0.44921875,1,2
10,1461,0.03225142811425031,0.08015888929367065,0.4609375,1,1
10,1462,0.02818384766578675,0.04715728759765625,0.5390625,1,1
10,1463,0.025877237319946293,0.084930419921875,0.421875,1,2
10,1464,0.01954364776611328,0.01954364776611328,0.70703125,1,0
10,1465,0.026715661631897095,0.05449569225311279,0.49609375,2,3
10,1466,0.03397540096193553,0.09107542037963867,0.44921875,1,1
10,1467,0.023670678725466136,0.07300835847854614,0.4296875,1,2
10,1468,0.03152580466121436,0.07472783327102661,0.46875,1,1
10,1469,0.028356875292956833,0.07407510280609131,0.453125,1,2
10,1470,0.008705530315637592,0.07959342002868652,0.34375,1,1
10,1471,0.024888490210287276,0.07040280103683472,0.44140625,1,1
10,1472,0.030035829171538356,0.08267927169799805,0.4453125,1,2
10,1473,0.024471397977322343,0.0342332124710083,0.5859375,1,1
10,1474,0.03072479623369873,0.06267368793487549,0.49609375,1,2
10,1475,0.023531840066425506,0.02404850721359253,0.69140625,1,1
10,1476,0.016822693403810266,0.05899465084075928,0.4140625,1,1
10,1477,0.024965840857476,0.06359457969665527,0.45703125,1,2
10,1405,0.03412424214184285,0.0992705225944519,0.4375,1,1
10,1376,0.03696114197373391,0.09186458587646484,0.4609375,1,1
10,1478,0.023950584232807163,0.061008453369140625,0.45703125,2,2
10,1479,0.03416895819827915,0.06702876091003418,0.50390625,2,2
10,1480,0.025158193311654035,0.07532745599746704,0.43359375,1,2
10,1481,0.02637437451630831,0.05975079536437988,0.4765625,1,1
10,1482,0.02561438258271665,0.050247371196746826,0.50390625,1,1
10,1483,0.025762020377442248,0.05053699016571045,0.50390625,1,0
10,1484,0.026021151221357293,0.04916173219680786,0.51171875,1,1
10,1485,0.029713251744396988,0.06883794069290161,0.47265625,2,2
10,1486,0.022143560461699966,0.07267630100250244,0.421875,1,2
10,1487,0.025231883046217266,0.05845576524734497,0.47265625,1,1
10,1488,0.020160224288702015,0.05702781677246094,0.44140625,1,2
10,1489,0.034142549149692066,0.09658002853393555,0.44140625,1,2
10,1490,0.025589724071323875,0.0384221076965332,0.56640625,1,1
10,1491,0.036329779308289296,0.10000455379486084,0.4453125,1,1
10,1492,0.02849433466326446,0.04846876859664917,0.53515625,1,1
10,1493,0.022111611557193104,0.025102317333221436,0.65234375,1,1
10,1494,0.036431648535653956,0.09765970706939697,0.44921875,1,1
10,1495,0.02583185909315944,0.05725502967834473,0.48046875,1,0
10,1496,0.03300213441252709,0.07822728157043457,0.46875,1,2
10,1497,0.027725762221962217,0.07432246208190918,0.44921875,1,1
10,1498,0.006879031658172607,0.006879031658172607,0.80859375,1,1
10,1499,0.025762020377442248,0.05053699016571045,0.50390625,1,0
10,1500,0.025741450139321394,0.05049663782119751,0.50390625,1,1
10,1501,0.02385022304952145,0.07584667205810547,0.42578125,1,3
10,1502,0.03257532231509686,0.08966970443725586,0.4453125,1,1
10,1503,0.028887338354252282,0.06692451238632202,0.47265625,1,1
10,1504,0.02493499382399023,0.0769079327583313,0.4296875,2,3
10,1505,0.03637252596672625,0.07135146856307983,0.50390625,1,2
10,1506,0.034597605932503946,0.09523642063140869,0.4453125,1,1
10,1507,0.026437688851729042,0.048171162605285645,0.51953125,1,1
10,1508,0.01659551449120045,0.06743574142456055,0.3984375,2,2
10,1509,0.01423788070678711,0.01423788070678711,0.74609375,1,1
10,1510,0.030808709096163518,0.10111576318740845,0.421875,1,1
10,1511,0.0247050765901804,0.07186931371688843,0.4375,1,0
10,1512,0.02192026353441179,0.030251145362854004,0.58984375,1,1
10,1513,0.03110131993889809,0.07372164726257324,0.46875,1,2
10,1514,0.03269767342135311,0.05853569507598877,0.5234375,2,3
10,1515,0.030077256262302402,0.08749747276306152,0.4375,1,2
10,1516,0.0210885601118207,0.04575145244598389,0.484375,1,2
10,1308,0.03226247127167881,0.09950834512710571,0.4296875,1,1
10,1292,0.03277250239625574,0.06308090686798096,0.5078125,1,3
10,1517,0.03050356591120363,0.09700512886047363,0.42578125,2,2
10,1518,0.025762020377442248,0.05053699016571045,0.50390625,1,1
10,1519,0.017981736338697377,0.08294278383255005,0.38671875,1,2
10,1520,0.02506951906252653,0.09798163175582886,0.40234375,1,1
10,1521,0.037795659154653556,0.09873151779174805,0.453125,1,1
10,1522,0.025935551617294553,0.08512181043624878,0.421875,2,2
10,1523,0.0050752041861414935,0.05648922920227051,0.3359375,1,1
10,1524,0.0,0.06655216217041016,0.26953125,1,1
10,1525,0.02936720987781883,0.09957623481750488,0.41796875,1,2
10,1526,0.025762020377442248,0.05053699016571045,0.50390625,2,2
10,1527,0.025084234657697383,0.07977098226547241,0.42578125,1,0
10,1528,0.024849274079315368,0.07902377843856812,0.42578125,1,2
10,1529,0.03361796960234643,0.09253978729248047,0.4453125,2,3
10,1530,0.03238135832361878,0.09987503290176392,0.4296875,1,2
10,1531,0.0188558422960341,0.0639350414276123,0.41796875,1,1
10,1532,0.029496539151296023,0.07906925678253174,0.44921875,1,2
10,1533,0.03798175789415837,0.09921765327453613,0.453125,1,1
10,1534,0.02831562422215939,0.08237272500991821,0.4375,1,2
10,1535,0.03788006049580873,0.09649050235748291,0.45703125,1,1
10,1536,0.02595402114093304,0.08518242835998535,0.421875,1,1
10,1537,0.024031472625210885,0.08148419857025146,0.41796875,2,2
10,1538,0.02415074408054352,0.03852081298828125,0.55078125,2,1
10,1539,0.020270434208214286,0.048048436641693115,0.46875,1,1
10,1540,0.028701690025627617,0.06803363561630249,0.46875,1,3
10,1541,0.00019866228103637695,0.00019866228103637695,0.953125,1,0
10,1542,0.022310209693387154,0.055450618267059326,0.4609375,1,1
10,1543,0.029626891948282722,0.07739269733428955,0.453125,1,1
10,1544,0.024759152904152877,0.048569679260253906,0.50390625,2,3
10,1545,0.03708830010145903,0.07138800621032715,0.5078125,2,4
10,1546,0.0,0.07041174173355103,0.265625,1,1
10,1547,0.02973295748233796,0.05832672119140625,0.50390625,1,2
10,1548,0.030183914350345738,0.10960400104522705,0.41015625,1,2
10,1549,0.0323841953650117,0.04187047481536865,0.609375,2,4
10,1167,0.03482833155430854,0.09851992130279541,0.44140625,1,1
10,1173,0.03518464718945325,0.0968523621559143,0.4453125,1,2
10,1550,0.025932555086910728,0.08511197566986084,0.421875,1,0
10,1551,0.029379937099292878,0.07875669002532959,0.44921875,1,2
10,1552,0.03587870043702424,0.09617745876312256,0.44921875,2,3
10,1553,0.029291052371263507,0.09314918518066406,0.42578125,1,1
10,1554,0.03346324339509011,0.09734761714935303,0.4375,1,1
10,1555,0.027578986831940714,0.07392901182174683,0.44921875,1,2
10,1556,0.02714295871555806,0.04694998264312744,0.53125,1,1
10,1557,0.03468179097399116,0.08619940280914307,0.4609375,1,1
10,1558,0.023386291926726702,0.03850090503692627,0.54296875,2,3
10,1559,0.017204761505126953,0.017204761505126953,0.72265625,1,0
10,1560,0.023362265899777416,0.027434587478637695,0.640625,1,0
10,1561,0.03467356890905649,0.08032971620559692,0.47265625,1,1
10,1562,0.0359303851146251,0.09890514612197876,0.4453125,1,1
10,1563,0.02905441191978753,0.07788407802581787,0.44921875,2,2
10,1564,0.016990244388580322,0.016990244388580322,0.7265625,1,1
10,1565,0.032592436298727996,0.09481436014175415,0.4375,2,2
10,1566,0.025778224691748623,0.08460545539855957,0.421875,1,0
10,1567,0.036877830047160394,0.09165751934051514,0.4609375,1,1
10,1568,0.03410824248567224,0.09388935565948486,0.4453125,1,1
10,1569,0.020934415049850944,0.06870782375335693,0.421875,1,3
10,1570,0.023362265899777416,0.027434587478637695,0.640625,1,0
10,1571,0.03443442704156042,0.09740567207336426,0.44140625,1,1
10,1572,0.032348969718441374,0.09977513551712036,0.4296875,1,2
10,1573,0.01686455053277314,0.050495028495788574,0.43359375,1,1
10,1574,0.01802694797515869,0.01802694797515869,0.71484375,1,0
10,1575,0.017003774642944336,0.017003774642944336,0.7265625,1,1
10,1576,0.032115926966071136,0.08840513229370117,0.4453125,1,2
10,1577,0.01996134733781219,0.05084681510925293,0.45703125,1,1
10,1578,0.035984821384772665,0.09905499219894409,0.4453125,1,1
10,1579,0.01700282096862793,0.01700282096862793,0.7265625,2,2
10,1580,0.028188638971187178,0.08440107107162476,0.43359375,1,2
10,1581,0.01687324047088623,0.01687324047088623,0.7265625,1,1
10,1582,0.03488546423614026,0.09602880477905273,0.4453125,1,2
10,1583,0.0294225886464119,0.08559298515319824,0.4375,2,4
10,1584,0.03737561451271177,0.09520554542541504,0.45703125,1,1
10,1585,0.017033100128173828,0.017033100128173828,0.7265625,1,0
10,1586,0.03190942388027907,0.0984194278717041,0.4296875,1,1
10,1587,0.025687457062304023,0.08430755138397217,0.421875,1,0
10,1588,0.024734826060011986,0.0762905478477478,0.4296875,1,0
10,1589,0.023461546748876575,0.02755117416381836,0.640625,1,0
10,1590,0.03273629024624825,0.09523284435272217,0.4375,1,2
11,1505,0.029194594826549295,0.07436633110046387,0.45703125,1,2
11,1479,0.030625679995864633,0.06938207149505615,0.4765625,2,2
11,1591,0.023852908168919388,0.052868783473968506,0.48046875,1,1
11,1592,0.033600024180486805,0.09006917476654053,0.44921875,1,3
11,1593,0.02526410599239171,0.05258220434188843,0.4921875,1,1
11,1594,0.0,0.10386168956756592,0.1015625,2,5
11,1595,0.02395719895139337,0.06594669818878174,0.4453125,1,1
11,1596,0.023861479014158252,0.06078147888183594,0.45703125,1,1
11,1597,0.035524711478501565,0.09279924631118774,0.453125,1,1
11,1598,0.02492171677295119,0.04102867841720581,0.54296875,2,2
11,1599,0.02821024775039405,0.07562118768692017,0.44921875,1,3
11,1600,0.0033864974975585938,0.0033864974975585938,0.87890625,1,1
11,1601,0.02671192539855838,0.06188464164733887,0.47265625,1,2
11,1602,0.024766277521848682,0.07204735279083252,0.4375,1,0
11,1603,0.02128557278774679,0.08319246768951416,0.40234375,1,1
11,1604,0.02145201363600791,0.060681939125061035,0.44140625,3,3
11,1605,0.027112643932923678,0.08622157573699951,0.42578125,1,1
11,1606,0.032807053998112685,0.07776486873626709,0.46875,2,4
11,1607,0.02711771498434246,0.07269251346588135,0.44921875,2,4
11,1608,0.023520335555076603,0.05213165283203125,0.48046875,1,3
11,1609,0.009498238563537598,0.009498238563537598,0.80078125,1,0
11,1610,0.027644847868941728,0.07410556077957153,0.44921875,3,3
11,1611,0.02841071540024132,0.06297093629837036,0.48046875,1,1
11,1612,0.0,0.07925885915756226,0.265625,2,3
11,1613,0.0017754788277670767,0.08264046907424927,0.30859375,2,3
11,1614,0.023336163489148024,0.06987202167510986,0.43359375,2,2
11,1615,0.03036121802870185,0.05532008409500122,0.51953125,2,4
11,1616,0.023074003867805008,0.04902029037475586,0.48828125,2,2
11,1617,0.02101598039735109,0.06292504072189331,0.43359375,1,2
11,1618,0.02974820137023926,0.08654022216796875,0.4375,2,3
11,1619,0.023343230132013563,0.04959225654602051,0.48828125,1,2
11,1494,0.028143643401563175,0.09869551658630371,0.4140625,1,1
11,1491,0.03966141608543695,0.10102808475494385,0.45703125,1,1
11,1620,0.02489628293551505,0.08730751276016235,0.4140625,1,0
11,1621,0.021367585519328717,0.02251070737838745,0.6796875,1,0
11,1622,0.02505923574790359,0.06546086072921753,0.453125,2,2
11,1623,0.02720071747899056,0.07105493545532227,0.453125,2,3
11,1624,0.034638573881238706,0.09534919261932373,0.4453125,1,1
11,1625,0.02517393801826984,0.08005625009536743,0.42578125,1,0
11,1626,0.022704168455675248,0.04823458194732666,0.48828125,2,3
11,1627,0.03455748269334436,0.09775376319885254,0.44140625,1,1
11,1628,0.02390149980783463,0.0566554069519043,0.46875,1,0
11,1629,0.026614381000399593,0.0677938461303711,0.45703125,1,1
11,1630,0.03588492632843555,0.09619414806365967,0.44921875,1,1
11,1631,0.031011431943625215,0.0831301212310791,0.44921875,1,2
11,1632,0.025282890303060416,0.08040273189544678,0.42578125,1,0
11,1633,0.0335426526144147,0.07770967483520508,0.47265625,2,2
11,1634,0.030401212396100167,0.07743990421295166,0.45703125,1,2
11,1635,0.02719002566300333,0.06597769260406494,0.46484375,2,2
11,1636,0.026750498916953806,0.08779650926589966,0.421875,1,1
11,1637,0.03606149554252625,0.09926605224609375,0.4453125,1,1
11,1638,0.016009180573746565,0.0542827844619751,0.41796875,1,1
11,1639,0.03835195780266077,0.09769254922866821,0.45703125,1,1
11,1640,0.0190896294079721,0.07757055759429932,0.3984375,1,2
11,1641,0.02585940179415048,0.048856139183044434,0.51171875,1,1
11,1642,0.037659483263269074,0.10095107555389404,0.44921875,1,1
11,1643,0.02479115873575211,0.08693885803222656,0.4140625,1,0
11,1644,0.025553822750225667,0.042069315910339355,0.54296875,1,1
11,1645,0.02503452450037003,0.06539630889892578,0.453125,1,1
11,1646,0.03346063708886505,0.10320389270782471,0.4296875,1,2
11,1647,0.025898019550368193,0.03149592876434326,0.62890625,1,0
11,1648,0.021070273476652808,0.09718900918960571,0.38671875,1,2
11,1649,0.024104635231196884,0.07911264896392822,0.421875,2,3
11,1650,0.01807403564453125,0.01807403564453125,0.71875,1,0
11,1651,0.02582592016551644,0.03470569849014282,0.59765625,1,1
11,1652,0.005586194805800917,0.07944810390472412,0.328125,1,1
11,1653,0.027409735717810694,0.045124709606170654,0.54296875,2,1
11,1654,0.025985260494053367,0.08263635635375977,0.42578125,1,0
11,1655,0.030766100389882926,0.09211838245391846,0.43359375,1,2
11,1656,0.036358708050102,0.10008418560028076,0.4453125,1,1
11,1657,0.02226438838988543,0.05277484655380249,0.46875,1,1
11,1658,0.0245506560895592,0.06944715976715088,0.44140625,1,0
11,1659,0.03509465663228185,0.08939534425735474,0.45703125,1,2
11,1660,0.029961036052554853,0.09833365678787231,0.421875,1,1
11,1661,0.030637486372143034,0.08433544635772705,0.4453125,2,2
11,1662,0.026370025821961466,0.038465678691864014,0.57421875,2,1
11,1584,0.03643289371393622,0.0976630449295044,0.44921875,1,1
11,1376,0.03511364955920727,0.0941266417503357,0.44921875,1,1
11,1663,0.03108073375187815,0.09884059429168701,0.42578125,1,2
11,1664,0.02256062091328204,0.02505648136138916,0.66015625,1,0
11,1665,0.029008402023464445,0.08947169780731201,0.4296875,2,3
11,1666,0.027306930860504515,0.049754977226257324,0.51953125,1,1
11,1667,0.031898093177005656,0.09550774097442627,0.43359375,1,2
11,1668,0.02120397659018636,0.02145540714263916,0.6953125,1,0
11,1669,0.03227490512654186,0.08884274959564209,0.4453125,1,1
11,1670,0.03357122093439103,0.09766173362731934,0.4375,1,1
11,1671,0.020298930583521727,0.02033865451812744,0.69921875,1,1
11,1672,0.00030368566513061523,0.00030368566513061523,0.953125,1,0
11,1673,0.021248898119665686,0.021290481090545654,0.69921875,1,0
11,1674,0.02256062091328204,0.02505648136138916,0.66015625,1,0
11,1675,0.03195214073639364,0.09566956758499146,0.43359375,1,1
11,1676,0.014523715712130073,0.06410467624664307,0.390625,1,1
11,1677,0.02469182177446783,0.029332280158996582,0.63671875,1,0
11,1678,0.026050861924886707,0.030946731567382812,0.63671875,2,2
11,1679,0.023112332448363308,0.06362104415893555,0.4453125,1,0
11,1680,0.03486535698175431,0.09107685089111328,0.453125,1,1
11,1681,0.019990699365735057,0.05815476179122925,0.4375,2,2
11,1682,0.018020927906036377,0.018020927906036377,0.71875,1,0
11,1683,0.03654611692763866,0.10060006380081177,0.4453125,1,1
11,1684,0.036718795541673906,0.09842944145202637,0.44921875,1,1
11,1685,0.03086276561953128,0.09519118070602417,0.4296875,1,1
11,1686,0.009655607864260677,0.0882798433303833,0.34375,1,2
11,1687,0.02332496736198664,0.06420636177062988,0.4453125,1,1
11,1688,0.029432234587147835,0.07889688014984131,0.44921875,2,3
11,1689,0.018020033836364746,0.018020033836364746,0.71875,2,3
11,1690,0.026642287848517302,0.03886282444000244,0.57421875,1,0
11,1691,0.005898714065551758,0.005898714065551758,0.83203125,1,1
11,1692,0.03055581031367183,0.08411061763763428,0.4453125,2,3
11,1693,0.02589213522151113,0.05998539924621582,0.47265625,2,3
11,1694,0.02493846346624196,0.06352484226226807,0.45703125,1,2
11,1695,0.03405856108292938,0.09129834175109863,0.44921875,1,1
11,1696,0.012041091918945312,0.012041091918945312,0.765625,1,1
11,1697,0.023027415503747765,0.061727941036224365,0.44921875,1,0
11,1698,0.026564336731098596,0.09007245302200317,0.41796875,1,2
11,1699,0.03227499383501709,0.09954696893692017,0.4296875,1,1
11,1700,0.0,0.10627639293670654,0.09765625,1,2
11,1701,0.024617133196443323,0.028908193111419678,0.640625,1,0
11,1533,0.038320505060255534,0.10010254383087158,0.453125,1,1
11,1535,0.03197764093056322,0.09862983226776123,0.4296875,1,1
11,1702,0.024923613527789715,0.08740335702896118,0.4140625,1,0
11,1703,0.029275003122165806,0.05240839719772339,0.5234375,1,1
11,1704,0.024831905961036686,0.06486701965332031,0.453125,1,1
11,1705,0.0,0.11443579196929932,0.1953125,2,5
11,1706,0.03876391565427185,0.10126084089279175,0.453125,1,1
11,1707,0.02353907469660044,0.06479573249816895,0.4453125,2,1
11,1708,0.025957634439691905,0.0714532732963562,0.4453125,1,1
11,1709,0.021137472940608863,0.06328880786895752,0.43359375,1,1
11,1710,0.03445216896943749,0.09745585918426514,0.44140625,1,1
11,1711,0.03270673239603639,0.10087859630584717,0.4296875,1,2
11,1712,0.026823404012247924,0.08530175685882568,0.42578125,2,4
11,1713,0.025283723138272766,0.05262303352355957,0.4921875,1,0
11,1714,0.02484853123314679,0.08425462245941162,0.41796875,1,1
11,1715,0.0018852073699235933,0.06032663583755493,0.3125,2,2
11,1716,0.03272856585681439,0.09521037340164185,0.4375,1,1
11,1717,0.012568089179694654,0.08466923236846924,0.359375,2,2
11,1718,0.022920480929315094,0.08628886938095093,0.40625,1,1
11,1719,0.03835900104604662,0.0977104902267456,0.45703125,2,2
11,1720,0.014339863322675233,0.0853722095489502,0.3671875,1,1
11,1721,0.0,0.07819205522537231,0.29296875,2,3
11,1722,0.03135556040797383,0.09971457719802856,0.42578125,1,1
11,1723,0.02556604659184814,0.030727267265319824,0.6328125,1,0
11,1724,0.03027566499076784,0.08115780353546143,0.44921875,1,1
11,1725,0.03430651780217887,0.08131915330886841,0.46875,1,2
11,1726,0.02714006928727031,0.05888015031814575,0.484375,1,2
11,1727,0.003391508711501958,0.08268821239471436,0.31640625,1,1
11,1728,0.024859162280336026,0.09026873111724854,0.41015625,2,5
11,1729,0.013078623684123162,0.06629955768585205,0.37890625,2,4
11,1730,0.0228578910464421,0.09672099351882935,0.39453125,1,2
11,1731,0.029914175625890497,0.07619929313659668,0.45703125,2,4
11,1732,0.025283723138272766,0.05262303352355957,0.4921875,1,0
12,1637,0.04050125065259636,0.08976900577545166,0.48046875,1,1
12,1597,0.040988551452755935,0.08530950546264648,0.4921875,1,1
12,1733,0.03277507121674717,0.06963002681732178,0.48828125,1,2
12,1734,0.033181420061737306,0.0751720666885376,0.4765625,2,2
12,1735,0.042942543048411615,0.09123063087463379,0.48828125,1,1
12,1736,0.02536183025222272,0.06460326910018921,0.45703125,1,0
12,1737,0.023903788416646424,0.025984585285186768,0.66796875,1,0
12,1738,0.016604721546173096,0.016604721546173096,0.7265625,1,0
12,1739,0.021565819624811414,0.023694634437561035,0.6640625,1,1
12,1740,0.03006866457872093,0.03791910409927368,0.6171875,1,1
12,1741,0.026159565313719216,0.06663531064987183,0.45703125,2,1
12,1742,0.022885966114699844,0.02461683750152588,0.671875,1,1
12,1743,0.016669094562530518,0.016669094562530518,0.7265625,1,0
12,1744,0.03703913360368461,0.08987694978713989,0.46484375,2,2
12,1745,0.028171023470349613,0.06835812330245972,0.46484375,1,1
12,1746,0.03167625609785319,0.07338571548461914,0.47265625,1,2
12,1747,0.030010624788701538,0.07113629579544067,0.46875,1,1
12,1748,0.02370269794482738,0.07537752389907837,0.42578125,1,0
12,1749,0.02767600095830858,0.03624069690704346,0.60546875,1,0
12,1750,0.01588819571770728,0.06722939014434814,0.39453125,1,2
12,1751,0.03148998692631722,0.07295417785644531,0.47265625,2,3
12,1752,0.03979262942448259,0.08453869819641113,0.48828125,1,1
12,1753,0.033219426870346076,0.04088544845581055,0.625,1,1
12,1754,0.04290449898689986,0.09114980697631836,0.48828125,1,2
12,1755,0.026738225016742948,0.03213608264923096,0.6328125,2,1
12,1756,0.039021709933877,0.08648967742919922,0.48046875,1,1
12,1757,0.02555086044594646,0.030004680156707764,0.640625,1,0
12,1758,0.02398324850946665,0.07871425151824951,0.421875,1,0
12,1759,0.021998669486492876,0.04315447807312012,0.50390625,1,1
12,1760,0.027844787342473868,0.04180800914764404,0.56640625,1,1
12,1761,0.03664510790258647,0.0812220573425293,0.48046875,1,1
12,1762,0.021260541281662885,0.04170650243759155,0.50390625,1,2
12,1763,0.03765050135552884,0.08168244361877441,0.484375,1,1
12,1764,0.015621840953826904,0.015621840953826904,0.73046875,1,1
12,1765,0.0460726022720337,0.09214520454406738,0.5,1,1
12,1766,0.028350636363029483,0.04320096969604492,0.5625,1,0
12,1684,0.04468530416488648,0.08937060832977295,0.5,1,1
12,1683,0.040172424167394645,0.09101009368896484,0.4765625,1,1
12,1767,0.02930438239127398,0.06946223974227905,0.46875,1,1
12,1768,0.04256156936753542,0.09042125940322876,0.48828125,1,1
12,1769,0.024682049639523033,0.07612776756286621,0.4296875,1,0
12,1770,0.019103288650512695,0.019103288650512695,0.71875,2,1
12,1771,0.016648411750793457,0.016648411750793457,0.7265625,1,1
12,1772,0.019493699073791504,0.019493699073791504,0.71875,1,0
12,1773,0.008073393721133472,0.05438917875289917,0.359375,1,1
12,1774,0.02439808286726475,0.05527353286743164,0.4765625,1,0
12,1775,0.026981392176821835,0.04830235242843628,0.5234375,1,0
12,1776,0.034900789149105556,0.07735586166381836,0.48046875,1,1
12,1777,0.037257284391671426,0.07754361629486084,0.4921875,2,2
12,1778,0.013106107711791992,0.013106107711791992,0.765625,1,1
12,1779,0.027041393565014008,0.042469918727874756,0.5546875,1,1
12,1780,0.03463210398331285,0.07357525825500488,0.48828125,1,1
12,1781,0.017831996083259586,0.07246017456054688,0.3984375,1,1
12,1782,0.021722859703004364,0.0670006275177002,0.4296875,1,1
12,1783,0.035408404190093286,0.07369554042816162,0.4921875,1,1
12,1784,0.03957003355026246,0.0896453857421875,0.4765625,1,1
12,1785,0.040788994403555996,0.09040677547454834,0.48046875,1,1
12,1786,0.019752749241888527,0.08718454837799072,0.390625,1,2
12,1787,0.025278849061578516,0.04032015800476074,0.55078125,1,1
12,1788,0.033811482600867755,0.07037186622619629,0.4921875,2,2
12,1789,0.0282101018819958,0.05754411220550537,0.49609375,1,1
12,1790,0.04225014615803958,0.09166133403778076,0.484375,1,1
12,1791,0.034282437292858965,0.08732640743255615,0.45703125,1,1
12,1792,0.038047004025429494,0.09232258796691895,0.46484375,1,1
12,1793,0.025925406720489267,0.06603884696960449,0.45703125,1,0
12,1794,0.02358401042874903,0.02563697099685669,0.66796875,1,0
12,1795,0.029048548778519038,0.06171309947967529,0.48828125,2,2
12,1796,0.011993541731499139,0.06748014688491821,0.37109375,1,2
12,1797,0.021140992641448975,0.021140992641448975,0.72265625,1,2
12,1798,0.0416390965692699,0.0903356671333313,0.484375,1,1
12,1799,0.018082082271575928,0.018082082271575928,0.72265625,2,1
12,1800,0.02090160199441016,0.024829745292663574,0.63671875,1,1
12,1801,0.019493699073791504,0.019493699073791504,0.71875,1,0
12,1706,0.04615491628646851,0.09230983257293701,0.5,1,1
12,1639,0.04156835563480855,0.08831119537353516,0.48828125,1,1
12,1802,0.025017366511747244,0.06372582912445068,0.45703125,1,0
12,1803,0.040338888764381416,0.08751487731933594,0.484375,1,1
12,1804,0.03964269720017911,0.08600449562072754,0.484375,1,1
12,1805,0.0,0.10110163688659668,0.203125,1,0
12,1806,0.024482561275362972,0.0803530216217041,0.421875,1,1
12,1807,0.027055073529481895,0.04843425750732422,0.5234375,1,0
12,1808,0.04375127563253046,0.09105956554412842,0.4921875,1,1
12,1809,0.027298752684146173,0.04974007606506348,0.51953125,1,0
12,1810,0.02735088835470379,0.048122525215148926,0.52734375,1,0
12,1811,0.04089865973219276,0.09064984321594238,0.48046875,1,1
12,1812,0.023535049753263596,0.07980096340179443,0.41796875,1,0
12,1813,0.027970467461273078,0.06199514865875244,0.48046875,1,1
12,1814,0.023879280313849453,0.08989846706390381,0.40625,2,3
12,1815,0.01988008443731815,0.07218867540359497,0.41015625,2,2
12,1816,0.026572949485853318,0.07123219966888428,0.44921875,1,0
12,1817,0.0244561261497438,0.02839350700378418,0.64453125,1,0
12,1818,0.026263838633894924,0.062255024909973145,0.46875,2,1
12,1819,0.007003426551818848,0.007003426551818848,0.84375,1,1
12,1820,0.02398223150521517,0.07871091365814209,0.421875,1,0
12,1821,0.042543211486190564,0.09229713678359985,0.484375,1,1
12,1822,0.01889559684786946,0.07995492219924927,0.39453125,2,3
12,1823,0.03879234031774104,0.08788353204727173,0.4765625,1,1
12,1824,0.026979960501194007,0.04829978942871094,0.5234375,1,1
12,1825,0.023422932717949155,0.07942080497741699,0.41796875,2,1
12,1826,0.04423176683485509,0.09205961227416992,0.4921875,1,1
12,1827,0.043918980751186616,0.0914086103439331,0.4921875,1,1
12,1828,0.02119393274188042,0.0797889232635498,0.40625,1,1
12,1829,0.023056466132402424,0.08680081367492676,0.40625,1,2
12,1830,0.017230510711669922,0.017230510711669922,0.72265625,1,0
12,1831,0.03600510698743165,0.09171450138092041,0.45703125,1,1
12,1832,0.014921399764716629,0.06313848495483398,0.39453125,2,2
12,1833,0.047459549270570285,0.10296308994293213,0.484375,1,1
12,1834,0.04412823985330761,0.09001457691192627,0.49609375,1,1
12,1835,0.021305318456143144,0.0747145414352417,0.4140625,1,1
12,1491,0.04520827857777477,0.09221768379211426,0.49609375,1,1
12,1719,0.040872873738408096,0.08867335319519043,0.484375,2,2
12,1836,0.039446203038096435,0.08557820320129395,0.484375,1,1
12,1837,0.031128175556659702,0.045406341552734375,0.57421875,2,3
12,1838,0.01823866367340088,0.01823866367340088,0.72265625,1,0
12,1839,0.024871239438652996,0.056345462799072266,0.4765625,1,0
12,1840,0.027035869890823967,0.05203896760940552,0.5078125,2,1
12,1841,0.04243644606322051,0.0865635871887207,0.49609375,1,1
12,1842,0.04095491115003825,0.08885133266448975,0.484375,1,1
12,1843,0.027273987885564573,0.04798722267150879,0.52734375,1,0
12,1844,0.0260012912331149,0.06623214483261108,0.45703125,2,1
12,1845,0.03658295283094049,0.09092462062835693,0.4609375,1,1
12,1846,0.013624131679534912,0.013624131679534912,0.73828125,2,2
12,1847,0.03983223298564554,0.08828616142272949,0.48046875,1,1
12,1848,0.015886569046415392,0.05386704206466675,0.41796875,1,2
12,1849,0.007944941520690918,0.007944941520690918,0.81640625,2,2
12,1850,0.04333090782165528,0.08666181564331055,0.5,1,1
12,1851,0.03662154451012612,0.07945013046264648,0.484375,2,2
12,1852,0.041228516260162,0.09138095378875732,0.48046875,1,1
12,1853,0.02839602390304208,0.07611918449401855,0.44921875,1,1
12,1854,0.028082810807973153,0.05116868019104004,0.51953125,2,4
12,1855,0.023014193400740627,0.024754762649536133,0.671875,2,2
12,1856,0.03321720147505403,0.07525312900543213,0.4765625,2,2
12,1857,0.028921796707436446,0.06410372257232666,0.48046875,1,1
12,1858,0.01682490110397339,0.01682490110397339,0.7265625,1,0
12,1859,0.029834851389750842,0.0759972333908081,0.45703125,1,2
12,1860,0.01357466797344387,0.06881415843963623,0.37890625,1,2
12,1861,0.0,0.08543109893798828,0.24609375,1,1
12,1862,0.01758789201267064,0.05266082286834717,0.43359375,2,2
12,1863,0.040526421507820494,0.08982479572296143,0.48046875,1,1
12,1864,0.042908763512969024,0.09115886688232422,0.48828125,1,1
12,1865,9.804964065551758e-05,9.804964065551758e-05,0.98046875,1,0
12,1866,0.022255590534769002,0.06663662195205688,0.43359375,1,2
12,1867,0.023305577225983146,0.07902288436889648,0.41796875,1,0
12,1868,0.04239939129911364,0.09397614002227783,0.48046875,2,2
12,1869,0.007537077181041243,0.06891041994094849,0.34375,2,3
12,1870,0.04641230555716903,0.08768671751022339,0.51171875,1,1
12,1871,0.013187292963266376,0.07033222913742065,0.375,2,4
12,1872,0.025718003511428836,0.030200958251953125,0.640625,1,0
12,1873,0.02584965655114502,0.0692933201789856,0.44921875,2,1
12,1874,0.02253907267004252,0.03898650407791138,0.53125,1,2
13,1813,0.020448617637157444,0.06502914428710938,0.42578125,1,1
13,1816,0.021932328119874004,0.07436656951904297,0.41796875,1,0
13,1875,0.020649916841648523,0.04576951265335083,0.48046875,1,2
13,1876,0.025453361449763182,0.0455668568611145,0.5234375,1,1
13,1877,0.024198069237172607,0.0524975061416626,0.484375,1,2
13,1878,0.02052915515378118,0.027230381965637207,0.6015625,1,0
13,1879,0.024743505055084828,0.056056082248687744,0.4765625,1,1
13,1880,0.023076619952917102,0.05470013618469238,0.46875,1,1
13,1881,0.021932328119874004,0.07436656951904297,0.41796875,1,0
13,1882,0.023323506698943678,0.04955035448074341,0.48828125,2,2
13,1883,0.02293282735627145,0.05082947015762329,0.48046875,1,0
13,1884,0.0,0.10638588666915894,0.18359375,1,2
13,1885,0.024437419604510072,0.06912684440612793,0.44140625,2,3
13,1886,0.0165233260486275,0.08376181125640869,0.37890625,1,1
13,1887,0.01651580492034555,0.01961970329284668,0.63671875,1,0
13,1888,0.01850390993058682,0.08167243003845215,0.390625,1,0
13,1889,0.02293282735627145,0.05082947015762329,0.48046875,1,1
13,1684,0.03937353845685721,0.09554147720336914,0.46484375,1,1
13,1768,0.03595316654536874,0.09637707471847534,0.44921875,1,1
13,1890,0.018835279508493848,0.09548181295394897,0.37890625,1,2
13,1891,0.0209612874314189,0.0496860146522522,0.46875,1,1
13,1892,0.035687582101672895,0.09322470426559448,0.453125,1,2
13,1893,0.014024974778294568,0.08349752426147461,0.3671875,1,2
13,1894,0.02954619901720435,0.09396058320999146,0.42578125,1,1
13,1895,0.02575437992345542,0.06560319662094116,0.45703125,1,2
13,1896,0.035693217068910606,0.0982522964477539,0.4453125,1,1
13,1897,0.037390555720776326,0.09293186664581299,0.4609375,1,1
13,1898,0.015529429074376823,0.01762986183166504,0.65234375,1,1
13,1899,0.03715733508579434,0.09235221147537231,0.4609375,1,1
13,1900,0.02153301285579801,0.03140997886657715,0.57421875,1,1
13,1901,0.03555165883153678,0.09286963939666748,0.453125,1,1
13,1902,0.030222569592297084,0.09919202327728271,0.421875,1,2
13,1903,0.03643179452046753,0.09516876935958862,0.453125,1,1
13,1904,0.03125117858871818,0.10256797075271606,0.421875,1,1
13,1905,0.01791680278256536,0.08264327049255371,0.38671875,1,0
13,1906,0.010616660118103027,0.010616660118103027,0.7265625,1,2
13,1907,0.03001317707821727,0.08986401557922363,0.43359375,2,2
13,1908,0.028022664715535942,0.062110841274261475,0.48046875,2,2
13,1909,0.022298916941508654,0.06877738237380981,0.4296875,1,0
13,1910,0.02051674411632121,0.036729276180267334,0.5234375,1,2
13,1911,0.02678747684694827,0.06500089168548584,0.46484375,1,2
13,1912,0.01181095838546753,0.01181095838546753,0.73046875,1,1
13,1913,0.01575747132301331,0.01808929443359375,0.6484375,1,0
13,1914,0.01632977090775967,0.019176244735717773,0.640625,1,0
13,1915,0.03032481344416738,0.08347475528717041,0.4453125,2,2
13,1916,0.021918672602623705,0.0366743803024292,0.5390625,1,0
13,1917,0.03267644927836955,0.0724257230758667,0.48046875,2,2
13,1918,0.022714319871738557,0.06088864803314209,0.44921875,1,0
13,1919,0.022013377863913778,0.03940856456756592,0.5234375,1,0
13,1920,0.01690766518004239,0.020562291145324707,0.62890625,1,0
13,1765,0.04039302747696639,0.09801530838012695,0.46484375,1,1
13,1808,0.03712583146989346,0.09698176383972168,0.453125,1,1
13,1921,0.03773701947648079,0.09612613916397095,0.45703125,2,2
13,1922,0.018002466065809134,0.06104147434234619,0.41796875,1,1
13,1923,0.017668699380010373,0.10519039630889893,0.3671875,1,2
13,1924,0.026769567281007774,0.09387683868408203,0.4140625,1,2
13,1925,0.021367825800552968,0.04447287321090698,0.4921875,1,1
13,1926,0.01170403277501464,0.07398104667663574,0.36328125,1,1
13,1927,0.029310528887435797,0.0664026141166687,0.4765625,3,3
13,1928,0.03636985272169114,0.09039497375488281,0.4609375,1,1
13,1929,0.009508674731478097,0.07376426458358765,0.3515625,2,2
13,1930,0.038242471637204296,0.09741365909576416,0.45703125,1,1
13,1931,0.023263621376827363,0.06236112117767334,0.44921875,1,1
13,1932,0.026925081387162215,0.04994797706604004,0.515625,1,1
13,1933,0.018628518795594576,0.04520285129547119,0.46484375,1,2
13,1934,0.03363949956838042,0.10072177648544312,0.43359375,1,1
13,1935,0.02157584857195616,0.034413814544677734,0.55078125,1,0
13,1936,0.019620192702859644,0.07124495506286621,0.41015625,1,2
13,1937,0.023047646973282102,0.04126012325286865,0.5234375,1,2
13,1938,0.018663178430870182,0.09460937976837158,0.37890625,1,2
13,1939,0.041483236709609635,0.09194552898406982,0.48046875,1,1
13,1940,0.03110492788255215,0.09048706293106079,0.4375,1,1
13,1941,0.020093712490051988,0.03867661952972412,0.5078125,1,1
13,1942,0.021393259288743142,0.07253873348236084,0.41796875,1,0
13,1943,0.005920456373132768,0.05943673849105835,0.33984375,1,1
13,1944,0.011979758739471436,0.011979758739471436,0.7109375,1,1
13,1945,0.03883851412683726,0.09653067588806152,0.4609375,1,2
13,1946,0.021678158314898614,0.03254902362823486,0.56640625,1,0
13,1947,0.027872773818671707,0.06314539909362793,0.4765625,1,2
13,1948,0.024413436651229865,0.04882687330245972,0.5,1,2
13,1949,0.02222746936604381,0.05149531364440918,0.47265625,1,0
13,1950,0.006513230502605441,0.06538772583007812,0.33984375,2,3
13,1951,0.03090411424636841,0.08990287780761719,0.4375,2,2
13,1952,0.016052332008257512,0.018427789211273193,0.6484375,1,0
13,1953,0.04105732729658485,0.09511923789978027,0.47265625,1,1
13,1954,0.035102299880236394,0.0966256856918335,0.4453125,1,2
13,1955,0.034352668095380075,0.0853813886642456,0.4609375,1,2
13,1870,0.037780160084366805,0.09390020370483398,0.4609375,1,1
13,1491,0.039524098858237273,0.09823465347290039,0.4609375,1,1
13,1956,0.0337784814182669,0.09555017948150635,0.44140625,1,1
13,1957,0.03577895276248456,0.09591007232666016,0.44921875,1,1
13,1958,0.011258810758590702,0.049694061279296875,0.390625,1,1
13,1959,0.03649081673938782,0.09781831502914429,0.44921875,1,1
13,1960,0.03333453438244761,0.08935749530792236,0.44921875,2,3
13,1961,0.015539824729785325,0.017641663551330566,0.65234375,2,1
13,1962,0.01556754647754133,0.017673134803771973,0.65234375,1,0
13,1963,0.026396067463792864,0.07075804471969604,0.44921875,2,2
13,1964,0.03809374291449786,0.09467959403991699,0.4609375,1,1
13,1965,0.03133256291039289,0.09964144229888916,0.42578125,1,2
13,1966,0.02290125656872988,0.06304001808166504,0.4453125,1,0
13,1967,0.02224040357396007,0.04125756025314331,0.515625,2,1
13,1968,0.02143397415056825,0.0308263897895813,0.578125,1,0
13,1969,0.0,0.05584675073623657,0.28125,1,1
13,1970,0.03595815971493722,0.10460555553436279,0.4375,1,1
13,1971,0.02293177857063711,0.05082714557647705,0.48046875,1,0
13,1972,0.025511189829558138,0.05534631013870239,0.484375,2,2
13,1973,0.005586039274930956,0.05107235908508301,0.34375,1,1
13,1974,0.039450422627851374,0.09572803974151611,0.46484375,1,1
13,1975,0.03322106029372663,0.08462280035018921,0.45703125,2,2
13,1976,0.008924343623220922,0.06923127174377441,0.3515625,1,1
13,1977,0.02700822008773685,0.059862375259399414,0.48046875,1,2
13,1978,0.02224560338072479,0.055290043354034424,0.4609375,1,0
13,1979,0.03669045434799046,0.09346026182174683,0.45703125,1,1
13,1980,0.0267633805051446,0.09074735641479492,0.41796875,1,1
13,1981,0.010869117919355634,0.05249989032745361,0.3828125,2,3
13,1982,0.03048476437106729,0.06906282901763916,0.4765625,1,2
13,1983,0.02068478509318084,0.029336869716644287,0.58203125,1,0
13,1984,0.02123410603962839,0.030115962028503418,0.58203125,1,0
13,1985,0.026446542702615265,0.057375550270080566,0.484375,1,2
13,1986,0.03553858888335527,0.09526574611663818,0.44921875,1,1
13,1987,0.03355939756147564,0.09237855672836304,0.4453125,1,1
13,1988,0.037044720957055695,0.09930312633514404,0.44921875,1,1
13,1989,0.03129252814687789,0.09951412677764893,0.42578125,1,2
13,1990,0.036553031182847924,0.09798508882522583,0.44921875,1,1
13,1833,0.039339018054306514,0.10828804969787598,0.4453125,1,1
13,1706,0.0395173360593617,0.09821784496307373,0.4609375,1,1
13,1991,0.03814305888954551,0.10789638757705688,0.44140625,1,1
13,1992,0.014186874730512503,0.05151546001434326,0.41015625,1,1
13,1993,0.03123298147693277,0.10250824689865112,0.421875,1,1
13,1994,0.01850195182487369,0.08166378736495972,0.390625,1,0
13,1995,0.03111482388339937,0.06610286235809326,0.48828125,2,2
13,1996,0.0,0.09308767318725586,0.1875,1,1
13,1997,0.022605370962992314,0.054852843284606934,0.46484375,1,0
13,1998,0.0165105804335326,0.08369719982147217,0.37890625,2,1
13,1999,0.02293282735627145,0.05082947015762329,0.48046875,1,1
13,2000,0.03822253528051079,0.09736287593841553,0.45703125,1,1
13,2001,0.034106496023014195,0.10519593954086304,0.4296875,1,2
13,2002,0.03463950497098268,0.09535175561904907,0.4453125,1,1
13,2003,0.03502497507724912,0.09388893842697144,0.44921875,1,2
13,2004,0.03644454921595753,0.09283387660980225,0.45703125,1,1
13,2005,0.016506300540640954,0.08367550373077393,0.37890625,1,0
13,2006,0.036180047318339355,0.10234355926513672,0.44140625,1,1
13,2007,0.03124583791941405,0.11346006393432617,0.41015625,2,2
13,2008,0.01828233059495688,0.06411337852478027,0.4140625,1,2
13,2009,0.020543115679174665,0.029135942459106445,0.58203125,1,0
13,2010,0.01682567386887968,0.020960450172424316,0.62109375,1,0
13,2011,0.025150913279503587,0.05697906017303467,0.4765625,1,1
13,2012,0.025946002220734957,0.06955158710479736,0.44921875,1,1
13,2013,0.025732417590916164,0.10456347465515137,0.3984375,1,2
13,2014,0.016786091029644016,0.055092811584472656,0.421875,1,1
14,1898,0.016896935412660245,0.017097294330596924,0.6953125,1,1
14,2015,0.00023663043975830078,0.00023663043975830078,0.95703125,1,0
14,2016,0.016896935412660245,0.017097294330596924,0.6953125,1,0
14,2017,0.016896935412660245,0.017097294330596924,0.6953125,1,0
14,2018,0.016896935412660245,0.017097294330596924,0.6953125,1,2
14,2019,0.016896935412660245,0.017097294330596924,0.6953125,1,1
14,2020,0.016896935412660245,0.017097294330596924,0.6953125,1,0
14,2021,0.016896935412660245,0.017097294330596924,0.6953125,1,0
14,2022,8.362531661987305e-05,8.362531661987305e-05,0.96484375,1,1
14,1975,0.03079720074310899,0.08477509021759033,0.4453125,2,2
14,1995,0.027314759790897373,0.06628036499023438,0.46484375,2,2
14,2023,0.018887553480453793,0.05063050985336304,0.44921875,2,1
14,2024,0.024502627551555637,0.06089973449707031,0.4609375,2,3
14,2025,0.003380588372237982,0.05583423376083374,0.32421875,1,1
14,2026,0.019146313075907532,0.05732697248458862,0.43359375,1,1
14,2027,0.018768523586913947,0.07335484027862549,0.40234375,2,3
14,2028,0.021878889412619177,0.04133576154708862,0.51171875,3,3
14,2029,0.009258670383132998,0.07771211862564087,0.34765625,3,5
14,2030,0.01895727636292577,0.04711711406707764,0.4609375,2,2
14,2031,0.017408552113920454,0.040331125259399414,0.47265625,1,1
14,2032,0.02132832491770387,0.04350638389587402,0.49609375,1,0
14,2033,0.027470291126519445,0.08472764492034912,0.4296875,2,2
14,2034,0.02175404224544764,0.04035532474517822,0.515625,1,1
14,2035,0.023167148232460025,0.06051826477050781,0.453125,2,2
14,2036,0.020856731338426474,0.08151638507843018,0.40234375,2,2
14,2037,0.014460877864621583,0.06118983030319214,0.39453125,2,3
14,2038,0.02151286229491234,0.08098959922790527,0.40625,2,1
14,2039,0.019346743240021173,0.061525046825408936,0.42578125,1,1
14,2040,0.01897231582552195,0.053667545318603516,0.44140625,1,0
14,2041,0.0002943277359008789,0.0002943277359008789,0.953125,1,0
14,2042,0.025612086988985542,0.04149806499481201,0.546875,2,2
14,2043,0.026282182894647125,0.03889155387878418,0.5703125,2,2
14,2044,0.02116463729180396,0.07422119379043579,0.4140625,1,0
14,2045,0.0282462842296809,0.08712106943130493,0.4296875,2,3
14,1959,0.031957774888724096,0.09856855869293213,0.4296875,1,1
14,1986,0.030121886171400554,0.09579133987426758,0.42578125,1,1
14,2046,0.030675496906042102,0.08923780918121338,0.4375,2,4
14,2047,0.030711735365912325,0.10413515567779541,0.41796875,1,2
14,2048,0.021871092845685784,0.037202656269073486,0.53515625,1,0
14,2049,0.02642448758706451,0.09595274925231934,0.41015625,1,1
14,2050,0.020198577200062576,0.027875125408172607,0.58984375,1,0
14,2051,0.006628990173339844,0.006628990173339844,0.79296875,2,2
14,2052,0.031660124659538276,0.09479522705078125,0.43359375,1,1
14,2053,0.019806127529591325,0.04922688007354736,0.4609375,1,0
14,2054,0.03190381964668632,0.09840214252471924,0.4296875,1,1
14,2055,0.03316839993931354,0.0993112325668335,0.43359375,1,1
14,2056,0.009020556695759298,0.06504964828491211,0.35546875,2,2
14,2057,0.030934281880036003,0.10488975048065186,0.41796875,1,1
14,2058,0.029897156171500686,0.09221291542053223,0.4296875,1,2
14,2059,0.018410808406770233,0.055124759674072266,0.43359375,1,1
14,2060,0.02332925447262824,0.039682984352111816,0.53515625,1,1
14,2061,0.019391728797927502,0.019621670246124268,0.6953125,2,2
14,1991,0.028063234989531345,0.10968226194381714,0.40234375,1,1
14,1808,0.033861100673675544,0.09850502014160156,0.4375,1,1
14,2062,0.021512735635042194,0.08098912239074707,0.40625,1,0
14,2063,0.02840380847919733,0.0963096022605896,0.41796875,1,1
14,2064,0.01923756592441351,0.09752112627029419,0.37890625,1,2
14,2065,0.010582149028778076,0.010582149028778076,0.73828125,1,1
14,2066,0.018462899141013626,0.05222654342651367,0.44140625,1,0
14,2067,0.01689982181414962,0.017100214958190918,0.6953125,2,2
14,2068,0.020922324503771964,0.04847162961959839,0.47265625,2,3
14,2069,0.028945162543095655,0.09814518690109253,0.41796875,1,1
14,2070,0.0335470314603299,0.10044491291046143,0.43359375,1,1
14,2071,0.021828828845173124,0.025059103965759277,0.6484375,1,2
14,2072,0.01673694397322834,0.041598618030548096,0.4609375,1,2
14,2073,0.03221584018319846,0.0993645191192627,0.4296875,1,1
14,2074,0.02575653220992536,0.10898631811141968,0.39453125,1,1
14,2075,0.030295921023935087,0.09943276643753052,0.421875,1,1
14,2076,0.02350476570427418,0.04794597625732422,0.49609375,1,1
14,2077,0.02133695408701897,0.05177497863769531,0.46484375,1,1
14,2078,0.03037977893836797,0.10300958156585693,0.41796875,2,3
14,2079,0.01606664317660034,0.017844080924987793,0.66015625,1,1
14,2080,0.021450120722875003,0.07788980007171631,0.41015625,1,0
14,2081,0.02908668480813504,0.09546399116516113,0.421875,1,1
14,2082,0.03335842955857516,0.10948407649993896,0.421875,1,1
14,2083,0.03213811258319766,0.10220319032669067,0.42578125,1,1
14,2084,0.021049160510301593,0.07924389839172363,0.40625,1,0
14,2085,0.017677967436611656,0.05801999568939209,0.421875,1,0
14,2086,0.007820963859558107,0.0526885986328125,0.359375,1,1
14,2087,0.021306197857484225,0.07736718654632568,0.41015625,1,0
14,2088,0.026455757324583835,0.09606629610061646,0.41015625,1,1
14,1706,0.034311328083276756,0.099814772605896,0.4375,1,1
14,1833,0.03146730177104474,0.1103510856628418,0.4140625,1,1
14,2089,0.0,0.07425475120544434,0.2890625,1,1
14,2090,0.0367446494055912,0.10394066572189331,0.44140625,1,1
14,2091,0.003573136869817975,0.08711647987365723,0.31640625,2,2
14,2092,0.018690496915951375,0.06337440013885498,0.41796875,1,2
14,2093,0.019916872610338036,0.0918688178062439,0.38671875,2,3
14,2094,0.008643105626106264,0.0460965633392334,0.375,1,1
14,2095,0.019473980180919174,0.05360579490661621,0.4453125,1,2
14,2096,0.026822778512723747,0.08031147718429565,0.43359375,2,2
14,2097,0.022103179246187214,0.03368103504180908,0.5625,1,0
14,2098,0.03072671848349274,0.09771478176116943,0.42578125,1,1
14,2099,0.02389685972593725,0.06759774684906006,0.44140625,1,2
14,2100,0.03343032242264599,0.09456533193588257,0.44140625,1,1
14,2101,0.0,0.06914228200912476,0.2734375,1,1
14,2102,0.029539985116571195,0.10359227657318115,0.4140625,1,1
14,2103,0.03515355288982392,0.1022648811340332,0.4375,1,1
14,2104,0.030115929432213313,0.09884202480316162,0.421875,2,3
14,2105,0.03314316447358579,0.09375303983688354,0.44140625,3,3
14,2106,0.021132695954293016,0.0767371654510498,0.41015625,1,0
14,2107,0.017856482416391376,0.01843249797821045,0.6875,1,0
14,2108,0.01953128166496754,0.02347421646118164,0.6328125,1,0
14,2109,0.018971242010593418,0.07142114639282227,0.40625,1,0
14,2110,0.017872093943879012,0.08632558584213257,0.3828125,2,3
14,2111,0.02114434633404017,0.05255293846130371,0.4609375,2,2
14,2112,0.0006358288228511827,0.05425739288330078,0.3046875,1,1
14,2113,0.03177739586681128,0.09801220893859863,0.4296875,1,1
14,1939,0.030992164509370927,0.09279525279998779,0.43359375,1,1
14,1953,0.03019794472493232,0.09603321552276611,0.42578125,1,1
14,2114,0.03388935513794423,0.09858721494674683,0.4375,1,1
14,2115,0.03284455253742636,0.09834158420562744,0.43359375,1,1
14,2116,0.03151343646459282,0.09719806909561157,0.4296875,1,1
14,2117,0.019995889160782102,0.07260918617248535,0.41015625,1,0
14,2118,0.03373652277514339,0.1183089017868042,0.4140625,1,2
14,2119,0.03167643724009395,0.0806882381439209,0.45703125,1,2
14,2120,0.028577811317518357,0.09088099002838135,0.42578125,2,2
14,2121,0.020099765388295058,0.024157464504241943,0.6328125,1,0
14,2122,0.017185316653922204,0.017218947410583496,0.69921875,2,1
14,2123,0.022452402859926227,0.053220510482788086,0.46875,1,3
14,2124,0.0213375217281282,0.0265810489654541,0.62109375,2,2
14,2125,0.03140103060286493,0.09985917806625366,0.42578125,1,1
14,2126,0.018954084254801277,0.021281778812408447,0.65625,1,0
14,2127,0.019806439289823178,0.04922765493392944,0.4609375,1,0
14,2128,0.022905859979800883,0.03653520345687866,0.55078125,1,0
14,2129,0.02017039200291038,0.055522799491882324,0.4453125,2,2
14,2130,0.0193207401316613,0.05318397283554077,0.4453125,1,0
14,2131,0.019825870869681243,0.06722414493560791,0.41796875,1,2
14,2132,0.02017505723051727,0.02711188793182373,0.59765625,1,0
14,2133,0.0034663924016058467,0.06826126575469971,0.3203125,1,1
14,2134,0.032626814092509455,0.10375732183456421,0.42578125,1,1
14,2135,0.03281207312829793,0.09281647205352783,0.44140625,1,2
14,2136,0.022435018792748455,0.04161858558654785,0.515625,1,0
14,2137,0.019961120444349948,0.04843646287918091,0.46484375,1,0
14,2138,0.0,0.07524102926254272,0.23828125,2,3
14,2139,0.02592526469379664,0.09760099649429321,0.40625,1,1
14,2140,0.03342743357643486,0.08960652351379395,0.44921875,1,2
14,2141,0.02929611504077912,0.09615135192871094,0.421875,1,2
14,2142,0.02864931279327721,0.0971420407295227,0.41796875,1,1
14,2143,0.029475219780579213,0.09373486042022705,0.42578125,1,1
14,2144,0.0342395342886448,0.09960591793060303,0.4375,1,1
14,2145,0.03290925035253168,0.09853529930114746,0.43359375,1,2
14,2146,0.02977003902196885,0.09770679473876953,0.421875,1,1
14,2147,0.03243572206702084,0.09711748361587524,0.43359375,1,1
14,2148,0.029272129526361827,0.09028512239456177,0.4296875,1,2
14,2149,0.01826138212345541,0.07420498132705688,0.3984375,1,2
14,2150,0.03401013836264611,0.09893858432769775,0.4375,1,1
14,2151,0.02020087977871299,0.026452302932739258,0.60546875,1,0
14,2152,0.023868866963312033,0.06398355960845947,0.44921875,1,2
14,2153,0.007824442232958976,0.06567400693893433,0.34765625,1,1
15,2021,0.014810323715209961,0.014810323715209961,0.72265625,1,0
15,2019,0.014810323715209961,0.014810323715209961,0.72265625,1,1
15,2154,0.014810323715209961,0.014810323715209961,0.72265625,1,1
15,2155,0.014810323715209961,0.014810323715209961,0.72265625,2,1
15,2156,0.014810323715209961,0.014810323715209961,0.72265625,1,0
15,2157,0.014810323715209961,0.014810323715209961,0.72265625,1,0
15,2158,0.014810323715209961,0.014810323715209961,0.72265625,1,0
15,2159,0.014810323715209961,0.014810323715209961,0.72265625,1,0
15,2160,6.669759750366211e-05,6.669759750366211e-05,0.9765625,1,1
15,2161,0.014810323715209961,0.014810323715209961,0.72265625,1,0
15,2162,0.014810323715209961,0.014810323715209961,0.72265625,1,0
15,2163,0.022457343060523275,0.04872101545333862,0.484375,1,0
15,2024,0.02423942601308227,0.053725481033325195,0.48046875,2,3
15,2106,0.025293583516031507,0.0715487003326416,0.44140625,1,0
15,2164,0.017577429302036766,0.04072237014770508,0.47265625,2,4
15,2165,0.024154943646863106,0.055960774421691895,0.47265625,1,0
15,2166,0.0,0.06423604488372803,0.296875,2,3
15,2167,0.024250821210443977,0.06027388572692871,0.4609375,2,3
15,2168,0.019846239825710658,0.044961392879486084,0.4765625,1,1
15,2169,0.026745781651698056,0.05928069353103638,0.48046875,2,2
15,2170,0.021464687190018598,0.036511361598968506,0.53515625,2,3
15,2171,0.025293583516031507,0.0715487003326416,0.44140625,2,2
15,2073,0.03245516843162478,0.08933895826339722,0.4453125,1,1
15,2083,0.03456432581879199,0.09265410900115967,0.44921875,1,1
15,2172,0.020060539245605472,0.04012107849121094,0.5,1,0
15,2173,0.03265226562507451,0.08752858638763428,0.44921875,1,1
15,2174,0.033460330916568644,0.07580393552780151,0.4765625,2,2
15,2175,0.033228436484932906,0.08680081367492676,0.453125,1,1
15,2176,0.03608156950213016,0.08755338191986084,0.46484375,1,1
15,2177,0.014890432357788086,0.014890432357788086,0.72265625,1,0
15,2178,0.0358151353430003,0.08901625871658325,0.4609375,1,1
15,2179,0.03606922598555685,0.09422165155410767,0.453125,1,1
15,2180,0.020141802262514833,0.033159494400024414,0.54296875,1,0
15,2181,0.02646548696793616,0.05865943431854248,0.48046875,1,2
15,2182,0.020602931734174493,0.028821587562561035,0.5859375,1,2
15,2183,0.035795019473880536,0.0745002031326294,0.4921875,1,1
15,2184,0.020724064437672503,0.10505664348602295,0.37890625,2,3
15,2185,0.01720785861834884,0.01997828483581543,0.64453125,1,0
15,2186,0.030835356912575666,0.09232574701309204,0.43359375,1,1
15,2187,0.0026384592056274414,0.0026384592056274414,0.89453125,2,2
15,2188,0.015231847763061523,0.015231847763061523,0.71484375,1,0
15,2189,0.036423667334020145,0.09052872657775879,0.4609375,1,1
15,2190,0.031380239874124534,0.09128797054290771,0.4375,1,2
15,2191,0.022454027552157644,0.035814523696899414,0.55078125,1,1
15,2192,0.025099018123000864,0.06908977031707764,0.4453125,1,0
15,2144,0.031627241056412465,0.08946490287780762,0.44140625,1,1
15,2150,0.03415448078885675,0.08921986818313599,0.453125,1,1
15,2193,0.027809092774987224,0.06591784954071045,0.46875,1,0
15,2194,0.03281292028259487,0.09824687242507935,0.43359375,1,1
15,2195,0.016173650161363188,0.017216026782989502,0.67578125,1,0
15,2196,0.0179858427727595,0.026235759258270264,0.57421875,1,0
15,2197,0.020147369010373953,0.03213536739349365,0.55078125,1,0
15,2198,0.03659249376505614,0.08289980888366699,0.4765625,1,2
15,2199,0.02232634252868593,0.04218113422393799,0.51171875,2,3
15,2200,0.019329423084855083,0.0532078742980957,0.4453125,1,1
15,2201,0.03321812767535449,0.09946012496948242,0.43359375,1,1
15,2202,0.013101550284773115,0.057827532291412354,0.390625,1,2
15,2203,0.029502682853490118,0.08121168613433838,0.4453125,1,1
15,2204,0.031301417504437275,0.08854323625564575,0.44140625,1,1
15,2205,0.022113848710432652,0.05496257543563843,0.4609375,1,1
15,2206,0.022913904394954446,0.07286906242370605,0.42578125,2,1
15,2207,0.03693771036341787,0.0896308422088623,0.46484375,2,2
15,2208,0.03410950768738986,0.08910238742828369,0.453125,1,3
15,2209,0.03742996673099697,0.08671557903289795,0.47265625,1,1
15,2210,0.03259341605007649,0.0830240249633789,0.45703125,1,2
15,2211,0.031321723014116294,0.08182001113891602,0.453125,1,2
15,2212,0.03338366327807308,0.0850369930267334,0.45703125,1,1
15,2213,0.03363953635562212,0.0901750922203064,0.44921875,1,1
15,2214,0.01821352913975716,0.05977773666381836,0.421875,1,2
15,2215,0.02949145622551442,0.09999752044677734,0.41796875,1,1
15,2216,0.020654470659792427,0.044809699058532715,0.484375,1,0
15,2217,0.03238979983143509,0.08682501316070557,0.44921875,1,2
15,2218,0.0333913901122287,0.08950990438461304,0.44921875,1,1
15,2219,0.02979487553238869,0.08667600154876709,0.4375,1,1
15,2220,0.025875438004732135,0.06133437156677246,0.46875,1,0
15,2221,0.029566319659352306,0.08601111173629761,0.4375,1,2
15,2222,0.018977522151544694,0.06434762477874756,0.41796875,1,2
15,2223,0.02287551295012236,0.07507860660552979,0.421875,2,1
15,2224,0.019148543477058414,0.02356743812561035,0.625,1,1
15,2225,0.03496081638149918,0.08689290285110474,0.4609375,1,1
15,2226,0.02318368619307876,0.048252224922180176,0.4921875,1,1
15,2227,0.01858018361963332,0.031088411808013916,0.5390625,1,1
15,2228,0.02294221753254533,0.0752975344657898,0.421875,1,0
15,2229,0.02095300692599267,0.08866065740585327,0.39453125,1,2
15,2230,0.029017314314842228,0.07041168212890625,0.46484375,2,3
15,2231,0.030740916961804036,0.0824049711227417,0.44921875,1,2
15,2232,0.0366639280691743,0.08690708875656128,0.46875,1,2
15,2103,0.03350849077105523,0.0922384262084961,0.4453125,1,1
15,1706,0.030788555741310123,0.08956670761108398,0.4375,1,1
15,2233,0.01912813447415829,0.03548407554626465,0.515625,1,0
15,2234,0.01639482309110463,0.04512983560562134,0.4453125,2,4
15,2235,0.03550546150654555,0.08824658393859863,0.4609375,1,1
15,2236,0.02048088982701302,0.0444331169128418,0.484375,1,1
15,2237,0.032773358048871166,0.08348238468170166,0.45703125,3,2
15,2238,0.03433111030608416,0.08968126773834229,0.453125,1,1
15,2239,0.028163650189526383,0.08956390619277954,0.42578125,1,2
15,2240,0.020942849805578593,0.059241652488708496,0.44140625,1,2
15,2241,0.021026368718594316,0.04124712944030762,0.50390625,1,1
15,2242,0.022603773046284917,0.07418674230575562,0.421875,1,0
15,2243,0.02326277364045382,0.07634961605072021,0.421875,1,1
15,2244,0.02802836894989014,0.07928466796875,0.44140625,3,3
15,2245,0.015877014957368377,0.04044294357299805,0.45703125,1,2
15,2246,0.025778526440262798,0.061104655265808105,0.46875,1,0
15,2247,0.010739779798313979,0.05444324016571045,0.37890625,1,2
15,2248,0.011768110096454622,0.07927989959716797,0.359375,1,2
15,2249,0.03205035626888276,0.09323740005493164,0.4375,1,1
15,2250,0.018286078004166487,0.029166579246520996,0.55078125,1,1
15,2251,0.03369750385172666,0.09033048152923584,0.44921875,1,1
15,2252,0.024178146617487076,0.050321996212005615,0.4921875,1,2
15,2253,0.021657830569893125,0.0786440372467041,0.41015625,1,2
15,2254,0.016718924045562748,0.018772125244140625,0.65625,1,0
15,2255,0.025274455547332767,0.059909820556640625,0.46875,2,2
15,2256,0.03246719925664366,0.08270251750946045,0.45703125,1,1
15,2257,0.02297009434551001,0.07538902759552002,0.421875,1,0
15,2258,0.025288926786743108,0.07153552770614624,0.44140625,2,1
15,2259,0.028991904342547066,0.09830367565155029,0.41796875,1,1
15,2260,0.032423019409179694,0.0869140625,0.44921875,1,1
15,2261,0.021444120677188042,0.06420695781707764,0.43359375,3,4
15,2262,0.019244772847741846,0.030224919319152832,0.5546875,1,0
15,2263,0.018250520341098312,0.03156846761703491,0.53125,1,1
15,2264,0.03339030873030425,0.08505392074584961,0.45703125,1,1
15,2265,0.014004190918058162,0.07879281044006348,0.37109375,1,2
15,2266,0.03657051175832749,0.0866856575012207,0.46875,3,3
15,2267,0.021303533110767606,0.04433906078338623,0.4921875,1,0
15,2268,0.025603189598768956,0.10403835773468018,0.3984375,1,2
15,2269,0.0,0.07994425296783447,0.25,1,1
15,2270,0.03559101093560458,0.08436387777328491,0.46875,1,1
15,2271,0.036170440725982196,0.0877690315246582,0.46484375,1,1
15,2272,0.01973845297470689,0.05433380603790283,0.4453125,1,1
15,2090,0.03328362491447479,0.0941503643989563,0.44140625,1,1
15,2100,0.03417052817530931,0.08492869138717651,0.4609375,1,1
15,2273,0.03306215163320304,0.08862733840942383,0.44921875,1,1
15,2274,0.020798236131668094,0.04159647226333618,0.5,1,1
15,2275,0.019322217442095283,0.03520631790161133,0.51953125,1,0
15,2276,0.021303533110767606,0.04433906078338623,0.4921875,1,0
15,2277,0.023059945553541187,0.05111122131347656,0.48046875,1,0
15,2278,0.016943254508078102,0.01784968376159668,0.6796875,1,1
15,2279,0.033490313217043884,0.079384446144104,0.46875,1,1
15,2280,0.017231507343240086,0.022001326084136963,0.61328125,1,0
15,2281,0.0235187653452158,0.0725398063659668,0.4296875,1,0
15,2282,0.015811463585123423,0.016487717628479004,0.68359375,1,0
15,2283,0.015811463585123423,0.016487717628479004,0.68359375,1,0
15,2284,0.033325535478070385,0.09426891803741455,0.44140625,1,1
15,2285,5.7637691497802734e-05,5.7637691497802734e-05,0.98046875,1,1
15,2286,0.010102434549480678,0.0445900559425354,0.390625,1,1
15,2287,0.015363097190856934,0.015363097190856934,0.71484375,1,0
15,2288,0.02284704591147602,0.05293071269989014,0.47265625,2,2
15,2289,0.01718554319813848,0.044892847537994385,0.453125,2,2
15,2290,0.0300417261896655,0.07652419805526733,0.45703125,2,3
15,2291,0.021303533110767606,0.04433906078338623,0.4921875,1,0
16,2224,0.025695138378068808,0.026259303092956543,0.69140625,1,1
16,2162,0.016559958457946777,0.016559958457946777,0.74609375,1,0
16,2292,0.016559958457946777,0.016559958457946777,0.74609375,1,1
16,2293,0.016559958457946777,0.016559958457946777,0.74609375,1,0
16,2294,0.016559958457946777,0.016559958457946777,0.74609375,1,0
16,2295,0.016559958457946777,0.016559958457946777,0.74609375,1,1
16,2296,0.016574279055930678,0.0444294810295105,0.44921875,1,2
16,2297,0.016559958457946777,0.016559958457946777,0.74609375,1,0
16,2298,0.02625458280090243,0.05577737092971802,0.48828125,1,1
16,2299,0.016559958457946777,0.016559958457946777,0.74609375,1,0
16,2300,0.016559958457946777,0.016559958457946777,0.74609375,1,1
16,2301,0.0120649291202426,0.05325210094451904,0.390625,1,1
16,2302,0.03330254554748536,0.0666050910949707,0.5,1,1
16,2303,0.025721962563693527,0.030205607414245605,0.640625,1,0
16,2246,0.03081191657111049,0.06684619188308716,0.484375,1,0
16,2106,0.02671511843800545,0.07771670818328857,0.4375,1,0
16,2304,0.0,0.10086339712142944,0.27734375,1,0
16,2305,0.016609489917755127,0.016609489917755127,0.7421875,1,0
16,2306,0.028971398714929823,0.07200658321380615,0.4609375,1,0
16,2307,0.027269532904028896,0.07932955026626587,0.4375,1,0
16,2308,0.03042330814059824,0.0674317479133606,0.48046875,1,0
16,2309,0.024178510298952464,0.05601537227630615,0.47265625,1,1
16,2310,0.02094852924346924,0.02094852924346924,0.71875,1,0
16,2311,0.0031679868698120117,0.0031679868698120117,0.8828125,1,1
16,2312,0.0284325540997088,0.03771364688873291,0.6015625,1,1
16,2313,0.02522885706275702,0.02771925926208496,0.6640625,1,0
16,2314,0.024280809098854664,0.0823296308517456,0.41796875,1,0
16,2315,0.025715861702337865,0.05245625972747803,0.49609375,1,1
16,2316,0.03081191657111049,0.06684619188308716,0.484375,1,0
16,2270,0.04064834956079722,0.09009504318237305,0.48046875,1,1
16,2100,0.031411260366439826,0.09137821197509766,0.4375,1,1
16,2317,0.026503834873437885,0.07710206508636475,0.4375,1,0
16,2318,0.0037751197814941406,0.0037751197814941406,0.88671875,1,2
16,2319,0.028566332766786225,0.04779726266860962,0.5390625,2,2
16,2320,0.0,0.10452187061309814,0.20703125,1,1
16,2321,0.028799506835639484,0.04898786544799805,0.53515625,1,1
16,2322,0.018116235733032227,0.018116235733032227,0.73046875,1,0
16,2323,0.029567769030109055,0.0494728684425354,0.5390625,1,1
16,2324,0.025998277589678768,0.07156515121459961,0.4453125,2,3
16,2325,0.032033830415457494,0.09061503410339355,0.44140625,1,1
16,2326,0.04310858249664307,0.08621716499328613,0.5,1,1
16,2327,0.028799436753615744,0.048987746238708496,0.53515625,1,1
16,2328,0.03244646126404405,0.08475810289382935,0.453125,2,2
16,2329,0.03863097773864866,0.09601485729217529,0.4609375,1,1
16,2330,0.020271995337679986,0.06069743633270264,0.43359375,1,2
16,2331,0.018017053604125977,0.018017053604125977,0.734375,1,0
16,2332,0.02434173692017794,0.08253622055053711,0.41796875,1,1
16,2333,0.025504553224891428,0.028022170066833496,0.6640625,1,0
16,2334,0.01669102907180786,0.01669102907180786,0.7421875,1,0
16,2335,0.026095776120200757,0.08848369121551514,0.41796875,1,2
16,2336,0.014708409085869793,0.05537283420562744,0.40625,1,1
16,2337,0.0,0.09691572189331055,0.20703125,1,1
16,2338,0.017670631641522053,0.05450218915939331,0.4296875,1,1
16,2176,0.03840133443009109,0.09318238496780396,0.46484375,1,1
16,2179,0.037204592954367406,0.0997316837310791,0.44921875,1,1
16,2339,0.024574116803705696,0.027292728424072266,0.66015625,1,1
16,2340,0.022140227258205417,0.07764244079589844,0.4140625,1,2
16,2341,0.03471320262178779,0.10706722736358643,0.4296875,1,2
16,2342,0.03171016741544009,0.05882465839385986,0.515625,1,1
16,2343,0.019226431846618652,0.019226431846618652,0.71875,1,0
16,2344,0.03224412957206369,0.0567319393157959,0.52734375,1,1
16,2345,0.03349982202053071,0.07589340209960938,0.4765625,2,2
16,2346,0.036157227237708874,0.10227900743484497,0.44140625,1,1
16,2347,0.03795625816565008,0.10174661874771118,0.44921875,1,1
16,2348,0.03440951090306044,0.08988606929779053,0.453125,1,2
16,2349,0.03284584544599057,0.0712587833404541,0.484375,1,1
16,2350,0.0009974241256713867,0.0009974241256713867,0.94921875,2,3
16,2351,0.018219355493783954,0.0530017614364624,0.4375,1,1
16,2352,0.0418032406596467,0.10648387670516968,0.45703125,1,1
16,2353,0.0254277668427676,0.04473888874053955,0.52734375,1,1
16,2354,0.039801634848117835,0.0943446159362793,0.46875,1,1
16,2355,0.018573999404907227,0.018573999404907227,0.7265625,1,0
16,2356,0.007988035678863525,0.007988035678863525,0.80859375,1,2
16,2357,0.021248340606689453,0.021248340606689453,0.71484375,1,0
16,2358,0.027674005832523114,0.0486910343170166,0.52734375,1,1
16,2359,0.02740208432078362,0.06495308876037598,0.46875,1,2
16,2360,0.016559958457946777,0.016559958457946777,0.74609375,2,2
16,2361,0.030274013057351116,0.0880698561668396,0.4375,1,2
16,2362,0.02684852294623852,0.07810479402542114,0.4375,1,0
16,2271,0.04116964689455927,0.09326928853988647,0.4765625,1,1
16,2235,0.037879923358559615,0.09414815902709961,0.4609375,1,1
16,2363,0.03650638146791608,0.09786003828048706,0.44921875,1,1
16,2364,0.0250588757917285,0.08224451541900635,0.421875,1,0
16,2365,0.027074651559814814,0.04530137777328491,0.5390625,2,2
16,2366,0.028799436753615744,0.048987746238708496,0.53515625,2,2
16,2367,0.03932755230925978,0.10017764568328857,0.45703125,1,1
16,2368,0.04121838370338083,0.10767251253128052,0.453125,2,2
16,2369,0.03576495591551066,0.09342682361602783,0.453125,1,1
16,2370,0.0015941567253321433,0.07420074939727783,0.30859375,1,1
16,2371,0.02761133923195303,0.07401573657989502,0.44921875,1,0
16,2372,0.025119932368397716,0.08244490623474121,0.421875,1,0
16,2373,0.026813021861016757,0.10479593276977539,0.40234375,2,3
16,2374,0.029411435127258308,0.0588228702545166,0.5,1,0
16,2375,0.024981964845210317,0.08199208974838257,0.421875,3,1
16,2376,0.039516747463494546,0.09155011177062988,0.47265625,1,1
16,2377,0.029261767864227302,0.049774169921875,0.53515625,4,3
16,2378,0.03286954923532904,0.0881110429763794,0.44921875,2,2
16,2379,0.04188114451244474,0.09488117694854736,0.4765625,1,1
16,2380,0.042269741185009486,0.09576153755187988,0.4765625,1,1
16,2381,0.03627492394298316,0.08598500490188599,0.46875,1,2
16,2382,0.0325713180936873,0.08095395565032959,0.4609375,2,2
16,2383,0.01572188921272755,0.05513429641723633,0.4140625,1,1
16,2384,0.027514264918863777,0.07573819160461426,0.4453125,1,2
16,2385,0.0,0.07545351982116699,0.2578125,1,2
16,2386,0.03567958588246257,0.10092788934707642,0.44140625,1,1
16,2387,0.004968876019120218,0.07066845893859863,0.328125,1,1
16,2388,0.0394645817577839,0.09354567527770996,0.46875,1,1
16,2389,0.022752701072022322,0.022797226905822754,0.69921875,1,0
16,2390,0.0,0.08900219202041626,0.22265625,1,1
16,2391,0.023160141427069906,0.024399161338806152,0.6796875,1,0
16,2392,0.04093823162838817,0.10694068670272827,0.453125,1,1
16,2209,0.041992650716565556,0.09307461977005005,0.48046875,1,1
16,2207,0.04060368239879609,0.09624576568603516,0.46875,2,2
16,2393,0.028237405000254515,0.0436784029006958,0.55859375,2,2
16,2394,0.024329256033524874,0.08249390125274658,0.41796875,1,0
16,2395,0.028816659934818748,0.08888030052185059,0.4296875,1,2
16,2396,0.03867618832737208,0.09167689085006714,0.46875,2,2
16,2397,0.024340963456779722,0.08253359794616699,0.41796875,1,0
16,2398,0.017718261107802395,0.04628443717956543,0.453125,1,1
16,2399,0.04262032732367516,0.08052253723144531,0.51171875,3,3
16,2400,0.018248796463012695,0.018248796463012695,0.73046875,1,0
16,2401,0.020422259345650676,0.09013962745666504,0.390625,1,2
16,2402,0.026290159206837423,0.047064900398254395,0.5234375,1,1
16,2403,0.04482510685920716,0.0952301025390625,0.48828125,1,2
16,2404,0.028799436753615744,0.048987746238708496,0.53515625,1,1
16,2405,0.03757842723280192,0.0933988094329834,0.4609375,1,2
16,2406,0.002416372299194336,0.002416372299194336,0.89453125,1,0
16,2407,0.022894342546351257,0.02293914556503296,0.69921875,1,0
16,2408,0.037536322139203555,0.09561491012573242,0.45703125,2,2
16,2409,0.036149548948742456,0.09690350294113159,0.44921875,1,2
16,2410,0.0234967852011323,0.05701589584350586,0.46484375,2,3
16,2411,0.04081827402114869,0.077117919921875,0.51171875,4,4
16,2412,0.04316382203251124,0.09364354610443115,0.484375,1,1
16,2413,0.02259907429106534,0.08206188678741455,0.41015625,1,3
16,2414,0.035719406558200724,0.09575045108795166,0.44921875,1,3
16,2415,0.04094951460137964,0.10177743434906006,0.4609375,4,5
16,2416,0.029154754243791107,0.07615935802459717,0.453125,1,1
16,2417,0.03732401318848134,0.08455705642700195,0.4765625,3,3
16,2418,0.03780517505947501,0.09173578023910522,0.46484375,3,4
16,2419,0.024088036967441443,0.030007481575012207,0.62109375,1,2
16,2420,0.025847548618912704,0.0938577651977539,0.41015625,1,2
16,2421,0.04217427666299046,0.10482150316238403,0.4609375,2,2
16,2422,0.030076330062001947,0.068137526512146,0.4765625,1,0
16,2423,0.011708259582519531,0.011708259582519531,0.78125,1,1
16,2424,0.030574624892324213,0.06363499164581299,0.4921875,1,0
16,2425,0.034121677745133645,0.08480727672576904,0.4609375,4,5
16,2426,0.04358933866024018,0.09875106811523438,0.4765625,3,3
16,2427,0.04081710148602725,0.08855235576629639,0.484375,1,1
16,2428,0.02963659912347794,0.07365989685058594,0.4609375,1,1
16,2429,0.03894625406246633,0.09450465440750122,0.46484375,1,2
17,2345,0.0302805039100349,0.07526028156280518,0.4609375,2,2
17,2349,0.029465132975019518,0.06826311349868774,0.47265625,1,1
17,2430,0.019654741510748867,0.07986688613891602,0.3984375,1,0
17,2431,0.025074631557799883,0.04737347364425659,0.51171875,2,2
17,2432,4.172325134277344e-06,4.172325134277344e-06,0.99609375,1,2
17,2433,0.02466116659343243,0.03649282455444336,0.5703125,3,2
17,2434,0.023838110617361966,0.04676288366317749,0.50390625,2,2
17,2435,0.029189873486757282,0.08491599559783936,0.4375,2,3
17,2436,0.02623347938060761,0.054599761962890625,0.4921875,1,1
17,2437,0.016205430030822754,0.016205430030822754,0.7109375,1,1
17,2438,0.0191331091336906,0.0475541353225708,0.4609375,3,4
17,2439,0.02435278939083219,0.031093835830688477,0.61328125,1,1
17,2440,0.0,0.062094926834106445,0.23828125,1,1
17,2441,0.03401093313004822,0.0866348147392273,0.45703125,2,2
17,2442,0.021658957935869697,0.07108581066131592,0.421875,1,0
17,2443,0.023370023816823963,0.03361082077026367,0.578125,1,0
17,2444,0.01871884253341705,0.07920700311660767,0.39453125,2,1
17,2235,0.03304035821929575,0.09346222877502441,0.44140625,1,1
17,2316,0.02219706773757935,0.06457328796386719,0.4375,1,0
17,2445,0.03476687707006932,0.0908195972442627,0.453125,1,1
17,2446,0.02270407369360328,0.044538259506225586,0.50390625,1,1
17,2447,0.022581381723284725,0.06569129228591919,0.4375,1,0
17,2448,0.017418742179870605,0.017418742179870605,0.70703125,2,1
17,2449,0.03618657588958741,0.0945281982421875,0.453125,1,1
17,2450,0.02393327211029828,0.035415709018707275,0.5703125,1,0
17,2451,0.02219706773757935,0.06457328796386719,0.4375,1,0
17,2452,0.0214923731982708,0.04662752151489258,0.484375,1,1
17,2453,0.018533260445110503,0.018569529056549072,0.69921875,1,0
17,2454,0.03653317911084742,0.10334247350692749,0.44140625,2,2
17,2455,0.028640219941735275,0.09399867057800293,0.421875,2,3
17,2456,0.03673808951862157,0.09131020307540894,0.4609375,1,1
17,2457,0.019654668169096116,0.07986658811569214,0.3984375,1,0
17,2458,0.03715509781613947,0.09464383125305176,0.45703125,1,1
17,2459,0.03429816197603942,0.08959519863128662,0.453125,1,1
17,2460,0.02219706773757935,0.06457328796386719,0.4375,1,0
17,2461,0.01959083019755781,0.02327263355255127,0.63671875,1,1
17,2326,0.036462988704442985,0.08643078804016113,0.46875,1,1
17,2270,0.035235849092714495,0.08975499868392944,0.45703125,1,1
17,2462,0.0,0.06668484210968018,0.23046875,1,1
17,2463,0.02693340182304383,0.05184173583984375,0.5078125,1,2
17,2464,0.0248353312490508,0.06026393175125122,0.46484375,1,2
17,2465,0.02359572052955628,0.04719144105911255,0.5,1,1
17,2466,0.018661636044271294,0.018698155879974365,0.69921875,1,2
17,2467,0.01873429515399039,0.07927238941192627,0.39453125,1,0
17,2468,0.023423794889822606,0.03276771306991577,0.5859375,1,2
17,2469,0.032200244721025235,0.08863723278045654,0.4453125,1,1
17,2470,0.0392157337628305,0.10512280464172363,0.44921875,1,1
17,2471,0.035736429272219546,0.07920801639556885,0.48046875,1,1
17,2472,0.032946642721071846,0.07632887363433838,0.47265625,2,2
17,2473,0.019192205043509606,0.07798737287521362,0.3984375,1,0
17,2474,0.025376449339091785,0.04707515239715576,0.515625,3,4
17,2475,0.0,0.07287627458572388,0.26953125,1,1
17,2476,0.03147072228603066,0.06975328922271729,0.48046875,2,2
17,2477,0.014149482827633626,0.15748989582061768,0.3359375,2,3
17,2478,0.02258652448654175,0.06570625305175781,0.4375,2,2
17,2479,0.02330638363491744,0.045719802379608154,0.50390625,1,1
17,2480,0.03482366306707264,0.07718491554260254,0.48046875,2,3
17,2481,0.023526773322373632,0.061457693576812744,0.453125,1,1
17,2482,0.03644458949565888,0.09769439697265625,0.44921875,1,1
17,2483,0.033197068842127926,0.08250921964645386,0.4609375,1,2
17,2412,0.032811188139021404,0.09281396865844727,0.44140625,1,1
17,2352,0.03953681187704206,0.10598349571228027,0.44921875,1,1
17,2484,0.023779042530804876,0.06211668252944946,0.453125,2,3
17,2485,0.017124574631452564,0.07898902893066406,0.38671875,1,1
17,2486,0.040038113482296474,0.13140714168548584,0.421875,1,2
17,2487,0.022043737350031737,0.028865456581115723,0.60546875,2,2
17,2488,0.020059004426002506,0.024688005447387695,0.625,3,2
17,2489,0.023152214242145423,0.02687966823577881,0.64453125,1,1
17,2490,0.035621776711195714,0.09305280447006226,0.453125,1,2
17,2491,0.02444499335251749,0.05537980794906616,0.4765625,2,1
17,2492,0.03782227169722319,0.09400486946105957,0.4609375,1,1
17,2493,0.02272365661337972,0.06255114078521729,0.4453125,1,0
17,2494,0.01963845966383815,0.07980072498321533,0.3984375,2,0
17,2495,0.01926586637273431,0.02008986473083496,0.68359375,2,1
17,2496,0.01945763407275081,0.020711660385131836,0.67578125,2,1
17,2497,0.03252169978804887,0.08717858791351318,0.44921875,1,1
17,2498,0.02111260034143925,0.037146568298339844,0.52734375,2,2
17,2499,0.024097016081213955,0.042397499084472656,0.52734375,3,3
17,2500,0.023195076268166307,0.04152405261993408,0.5234375,1,0
17,2501,0.01652492675930262,0.07293760776519775,0.390625,1,2
17,2502,0.026104707270860675,0.04673290252685547,0.5234375,1,1
17,2503,0.01620936393737793,0.01620936393737793,0.7109375,2,1
17,2504,0.016404032707214355,0.016404032707214355,0.73046875,1,1
17,2505,0.017904281616210938,0.017904281616210938,0.703125,2,1
17,2506,0.02616740134544671,0.04684513807296753,0.5234375,2,2
17,2507,0.03998414217494429,0.10718262195587158,0.44921875,1,1
17,2508,0.019200624665245417,0.0780215859413147,0.3984375,1,0
17,2509,0.03779308614321054,0.09393233060836792,0.4609375,1,1
17,2510,0.0330545180477202,0.09350228309631348,0.44140625,1,2
17,2426,0.0391662830952555,0.09976685047149658,0.45703125,3,3
17,2399,0.031289994833059616,0.07970386743545532,0.45703125,3,3
17,2511,0.0022128820419311523,0.0022128820419311523,0.875,2,2
17,2512,0.0,0.10722929239273071,0.1015625,2,3
17,2513,0.0303603345528245,0.07930862903594971,0.453125,3,4
17,2514,0.036711841472424574,0.09351474046707153,0.45703125,1,1
17,2515,0.025616928935050968,0.03903532028198242,0.5625,2,3
17,2516,0.011463055387139324,0.04850482940673828,0.39453125,1,1
17,2517,0.0368897169828415,0.09636497497558594,0.453125,1,1
17,2518,0.02187085803598166,0.07178127765655518,0.421875,4,5
17,2519,0.021989884320646528,0.05744296312332153,0.453125,3,4
17,2520,0.028450140380300585,0.07247000932693481,0.45703125,3,3
17,2521,0.015528669580817226,0.06854033470153809,0.390625,1,1
17,2522,0.030466313939541582,0.06214642524719238,0.49609375,2,3
17,2523,0.019659244688227776,0.07988518476486206,0.3984375,2,1
17,2524,0.02503612660802901,0.05549132823944092,0.48046875,2,3
17,2525,0.01988687901757658,0.021618008613586426,0.66796875,2,1
17,2526,0.022151060868054632,0.07270091772079468,0.421875,3,1
17,2527,0.028747816570103172,0.06660127639770508,0.47265625,2,3
17,2528,0.018655014107935134,0.019064605236053467,0.69140625,2,1
17,2529,0.02322664484381676,0.06756842136383057,0.4375,1,0
17,2530,0.032752435654401786,0.09527981281280518,0.4375,3,3
17,2531,0.02450978942215443,0.05317378044128418,0.484375,3,2
17,2532,0.03576673241332174,0.08102905750274658,0.4765625,4,5
17,2533,0.022559087257832292,0.05892986059188843,0.453125,3,3
17,2534,0.019265066133812073,0.020089030265808105,0.68359375,4,3
17,2535,0.034921366721391685,0.08679485321044922,0.4609375,3,2
17,2536,0.0330460136756301,0.07833129167556763,0.46875,3,5
17,2537,0.0004363059997558594,0.0004363059997558594,0.97265625,2,1
17,2538,0.034588517853990204,0.09271895885467529,0.44921875,1,1
17,2539,0.035737492144107826,0.10396361351013184,0.4375,2,2
17,2540,0.021787808742374185,0.07150870561599731,0.421875,1,0
17,2541,0.025311044417321685,0.051630496978759766,0.49609375,5,6
17,2403,0.038087723543867476,0.09466463327407837,0.4609375,1,2
17,2209,0.03547622449696065,0.09267258644104004,0.453125,1,1
17,2542,0.019425996462814513,0.02067798376083374,0.67578125,1,0
17,2543,0.033509044907987125,0.08753383159637451,0.453125,1,3
17,2544,0.0344332023523748,0.08355355262756348,0.46484375,1,3
17,2545,0.0287811104208231,0.0698385238647461,0.46484375,1,2
17,2546,0.03409091115463526,0.10207337141036987,0.43359375,3,3
17,2547,0.03332252730615438,0.08932530879974365,0.44921875,1,2
17,2548,0.022480024024844173,0.07883405685424805,0.4140625,1,2
17,2549,0.027960691601037983,0.08134019374847412,0.4375,1,3
17,2550,0.021905045956373218,0.07427406311035156,0.41796875,1,3
17,2551,0.004956090589985254,0.055163443088531494,0.3359375,1,1
17,2552,0.028428329154849056,0.04088568687438965,0.578125,1,1
17,2553,0.014229416847229004,0.014229416847229004,0.7265625,1,2
17,2554,0.024720011511817578,0.04349362850189209,0.52734375,1,1
17,2555,0.019540853099897507,0.02348572015762329,0.6328125,1,0
17,2556,0.020978601649403576,0.06102865934371948,0.4375,1,2
17,2557,0.001186966896057129,0.001186966896057129,0.9453125,1,0
17,2558,0.023805711418390278,0.044161319732666016,0.515625,2,1
17,2559,0.02406745729967952,0.04026973247528076,0.5390625,1,0
17,2560,0.03519260417670012,0.09193170070648193,0.453125,2,3
17,2561,0.021983582060784105,0.07215124368667603,0.421875,1,0
17,2562,0.032330294139683254,0.08899521827697754,0.4453125,1,2
17,2563,0.027727477950975302,0.06728184223175049,0.46484375,1,3
17,2564,0.036041834391653545,0.0992119312286377,0.4453125,1,1
17,2565,0.010778027004562322,0.049714863300323486,0.38671875,1,1
17,2566,0.03189012198708952,0.07926088571548462,0.4609375,1,2
17,2567,0.02449171990156174,0.058054447174072266,0.46875,2,1
18,2349,0.025927168317139152,0.07136940956115723,0.4453125,1,1
18,2436,0.024283803999423984,0.058925628662109375,0.46484375,1,1
18,2568,0.01637540012598038,0.01690363883972168,0.6875,1,0
18,2569,0.022198729449883107,0.03105396032333374,0.5859375,1,0
18,2570,0.020232181297615174,0.060578227043151855,0.43359375,1,2
18,2571,0.017003047745674852,0.08212792873382568,0.3828125,1,2
18,2572,0.02345247939229012,0.05087995529174805,0.484375,1,1
18,2573,0.020932840998284522,0.059213340282440186,0.44140625,1,2
18,2574,0.02319100080057979,0.062166452407836914,0.44921875,1,0
18,2575,0.01977653615176678,0.022205233573913574,0.65625,1,0
18,2576,0.02092381473630667,0.07877200841903687,0.40625,1,0
18,2577,0.022955385968089107,0.03719353675842285,0.546875,1,0
18,2578,0.018396778497844938,0.020212769508361816,0.6640625,1,1
18,2579,0.023318924941122535,0.04248857498168945,0.51953125,1,1
18,2458,0.03355396911501885,0.09761154651641846,0.4375,1,1
18,2517,0.03315659507643432,0.09927588701248169,0.43359375,1,1
18,2580,0.023985595442354683,0.040132761001586914,0.5390625,1,0
18,2581,0.017264742404222492,0.017821669578552246,0.6875,1,0
18,2582,0.020429826690815393,0.07984787225723267,0.40234375,3,4
18,2583,0.017958231037482623,0.08283436298370361,0.38671875,1,0
18,2584,0.022532289847731594,0.06554847955703735,0.4375,2,1
18,2585,0.03257360681891442,0.09475958347320557,0.4375,2,3
18,2586,0.02497547864913941,0.04995095729827881,0.5,2,2
18,2587,0.019834393635392192,0.023838520050048828,0.6328125,1,1
18,2588,0.01029770448803902,0.14645624160766602,0.328125,1,2
18,2589,0.02400903846137226,0.06435930728912354,0.44921875,1,0
18,2590,0.03328334446996451,0.07540297508239746,0.4765625,2,2
18,2591,0.0187382884323597,0.08270692825317383,0.390625,1,0
18,2592,0.021753069479018453,0.03364825248718262,0.55859375,2,2
18,2593,0.03239990933798254,0.09701025485992432,0.43359375,3,3
18,2594,0.016499105142429474,0.04541689157485962,0.4453125,2,3
18,2595,0.019877715036273006,0.07483375072479248,0.40625,2,3
18,2596,0.025095343589782722,0.05019068717956543,0.5,1,0
18,2403,0.03149061370640994,0.09712767601013184,0.4296875,1,2
18,2492,0.030346688115969307,0.09650623798370361,0.42578125,1,1
18,2597,0.019485796801745895,0.08245229721069336,0.39453125,1,0
18,2598,0.023617387516424067,0.10893785953521729,0.38671875,1,2
18,2599,0.0142390625551343,0.07218217849731445,0.37890625,2,3
18,2600,0.02608371898531914,0.09147167205810547,0.4140625,1,1
18,2601,0.03320079855620862,0.09658414125442505,0.4375,1,1
18,2602,0.01118248701095581,0.01118248701095581,0.73046875,1,1
18,2603,0.008148150052875282,0.0632098913192749,0.3515625,2,2
18,2604,0.02295665466226638,0.10589015483856201,0.38671875,1,2
18,2605,0.03248709999024869,0.07700645923614502,0.46875,1,2
18,2606,0.02074071625247598,0.07531380653381348,0.41015625,1,0
18,2607,0.029309184057638056,0.12401902675628662,0.39453125,1,2
18,2608,0.03249488573055715,0.0972946286201477,0.43359375,1,1
18,2609,0.031114943325519565,0.07925796508789062,0.45703125,1,2
18,2610,0.013523156405426565,0.06855303049087524,0.37890625,1,2
18,2611,0.03328286530449987,0.09965395927429199,0.43359375,1,2
18,2612,0.02239681407809258,0.03133106231689453,0.5859375,1,2
18,2613,0.021534562110900882,0.04306912422180176,0.5,2,3
18,2614,0.035778576624579735,0.09113746881484985,0.45703125,1,1
18,2615,0.03138364106416703,0.09129786491394043,0.4375,1,1
18,2616,0.02979950560256839,0.08202874660491943,0.4453125,1,1
18,2617,0.02229393180459738,0.07316982746124268,0.421875,1,1
18,2618,0.033911026082932956,0.08038169145584106,0.46875,1,3
18,2619,0.016871054191142324,0.053652048110961914,0.42578125,1,2
18,2620,0.012611648533493284,0.05336499214172363,0.39453125,1,2
18,2621,0.035892773419618614,0.0988016128540039,0.4453125,1,1
18,2622,0.032650394830852754,0.10716027021408081,0.421875,1,2
18,2623,0.03197788051329554,0.09574663639068604,0.43359375,1,1
18,2624,0.03438557730987669,0.09465277194976807,0.4453125,1,1
18,2426,0.03390424302779139,0.10151445865631104,0.43359375,3,3
18,2532,0.0338231553323567,0.08406531810760498,0.4609375,4,5
18,2625,0.017958231037482623,0.08283436298370361,0.38671875,2,1
18,2626,0.027517871931195263,0.08239269256591797,0.43359375,4,6
18,2627,0.018197302939370278,0.019993603229522705,0.6640625,2,2
18,2628,0.010397898964583875,0.08066248893737793,0.3515625,3,2
18,2629,0.017637494485825304,0.018391847610473633,0.68359375,1,0
18,2630,0.022887444589287046,0.07511776685714722,0.421875,2,3
18,2631,0.0308010361623019,0.0449291467666626,0.57421875,2,2
18,2632,0.01639918982982636,0.01692819595336914,0.6875,3,2
18,2633,0.031225198879837993,0.09083694219589233,0.4375,3,3
18,2634,0.0322909017559141,0.08025699853897095,0.4609375,4,5
18,2635,0.03167233848944307,0.08718407154083252,0.4453125,1,2
18,2636,0.024814235162921253,0.08413833379745483,0.41796875,2,2
18,2637,0.03247122582979501,0.09185230731964111,0.44140625,2,2
18,2638,0.009860038757324219,0.009860038757324219,0.765625,2,3
18,2639,0.02952269674278796,0.0627204179763794,0.48828125,4,5
18,2640,0.02543790126219392,0.05762922763824463,0.4765625,3,4
18,2641,0.031136767938733104,0.09057968854904175,0.4375,4,4
18,2642,0.023863586364313964,0.0399286150932312,0.5390625,1,0
18,2643,0.018728430382907394,0.08266341686248779,0.390625,1,0
18,2644,0.017053637653589252,0.017603754997253418,0.6875,2,0
18,2645,0.0,0.1481384038925171,0.22265625,5,6
18,2646,0.029499680735170845,0.09098696708679199,0.4296875,4,5
18,2647,0.02922032028436661,0.08749008178710938,0.43359375,2,2
18,2648,0.021423313766717914,0.08065247535705566,0.40625,4,5
18,2649,0.02380633214488626,0.05515313148498535,0.47265625,1,0
18,2650,0.023686369066126648,0.0447506308555603,0.51171875,2,1
18,2651,0.021705181337893013,0.06498861312866211,0.43359375,1,1
18,2470,0.03516399557702244,0.10845762491226196,0.4296875,1,1
18,2456,0.03315713466145099,0.09379255771636963,0.44140625,1,1
18,2652,0.032507304102182395,0.0945667028427124,0.4375,1,1
18,2653,0.02862603170797229,0.08097529411315918,0.44140625,1,1
18,2654,0.0380722163245082,0.10480093955993652,0.4453125,1,2
18,2655,0.017946769134141508,0.08278149366378784,0.38671875,1,0
18,2656,0.023834143881686035,0.05521756410598755,0.47265625,2,2
18,2657,0.038315572310239084,0.09523093700408936,0.4609375,1,1
18,2658,0.03210920712444932,0.09613984823226929,0.43359375,1,1
18,2659,0.03206982091069222,0.09891414642333984,0.4296875,1,1
18,2660,0.0270643150433898,0.07069861888885498,0.453125,2,3
18,2661,0.022059468668885533,0.043273746967315674,0.50390625,1,2
18,2662,0.03203716361895204,0.09592413902282715,0.43359375,1,1
18,2663,0.03122915327548981,0.09084844589233398,0.4375,1,1
18,2664,0.021037293598055843,0.026529788970947266,0.6171875,1,0
18,2665,0.024248927831649784,0.0705423355102539,0.4375,1,2
18,2666,0.03382376953959466,0.0983964204788208,0.4375,1,1
18,2667,0.030963931698352105,0.09550321102142334,0.4296875,1,2
18,2668,0.024694370804354555,0.04753202199935913,0.5078125,1,0
18,2669,0.024669504724442966,0.04748415946960449,0.5078125,2,1
18,2670,0.029741490259766586,0.09761309623718262,0.421875,1,1
18,2671,0.022885278565809134,0.0307539701461792,0.59765625,1,1
18,2672,0.03391834348440171,0.08860301971435547,0.453125,1,1
18,2673,0.019373839255422357,0.08197855949401855,0.39453125,2,1
18,2674,0.007942999014630917,0.06666910648345947,0.34765625,1,1
18,2675,0.011418457375839354,0.08234155178070068,0.35546875,1,1
18,2486,0.03206846164539457,0.13030993938446045,0.3984375,1,2
18,2507,0.03383126389235259,0.11103594303131104,0.421875,1,1
18,2676,0.03579743416048587,0.09853917360305786,0.4453125,1,1
18,2677,0.006288357311859729,0.048782408237457275,0.3515625,2,2
18,2678,0.03044691216200591,0.09390854835510254,0.4296875,1,1
18,2679,0.017136093229055408,0.017688870429992676,0.6875,1,0
18,2680,0.0,0.0663827657699585,0.296875,2,2
18,2681,0.02576470375061036,0.0515294075012207,0.5,2,2
18,2682,0.028176211751997474,0.0924757719039917,0.421875,3,4
18,2683,0.01630087941884995,0.016658782958984375,0.69140625,1,0
18,2684,0.0045729875564575195,0.0045729875564575195,0.86328125,1,1
18,2685,0.03230756055563689,0.12162846326828003,0.40625,1,2
18,2686,0.0197676100069657,0.04579645395278931,0.47265625,1,1
18,2687,0.004964960273355248,0.08200192451477051,0.32421875,2,3
18,2688,0.009756097570061687,0.08188724517822266,0.34765625,3,4
18,2689,0.019492340506985787,0.025524497032165527,0.60546875,2,2
18,2690,0.031816514208912856,0.09255713224411011,0.4375,1,2
18,2691,0.021971381502226,0.07978260517120361,0.41015625,1,0
18,2692,0.0022028088569641113,0.0022028088569641113,0.890625,2,2
18,2693,0.035078112501651056,0.12737584114074707,0.41015625,1,2
18,2694,0.021871698321774605,0.04847753047943115,0.48046875,1,1
18,2695,0.03370573022402824,0.10092008113861084,0.43359375,1,1
18,2696,0.026165190502069894,0.04047304391860962,0.55859375,2,3
18,2697,0.021931387018412355,0.0422137975692749,0.5078125,1,1
18,2698,0.026760603301227096,0.06062579154968262,0.4765625,1,2
18,2699,0.022672226652503017,0.05374157428741455,0.46875,2,2
18,2700,0.017138056457042698,0.01769089698791504,0.6875,1,0
18,2701,0.029626214643940336,0.10045444965362549,0.41796875,2,3
18,2702,0.03898199927061797,0.10730528831481934,0.4453125,1,1
18,2703,0.0,0.10024154186248779,0.2890625,2,3
18,2704,0.02343083114828915,0.10807734727859497,0.38671875,1,3
18,2705,0.022684491006657485,0.0373455286026001,0.54296875,1,0
19,2349,0.027696494013071064,0.07235002517700195,0.453125,1,1
19,2436,0.026839532889425758,0.06080460548400879,0.4765625,1,1
19,2706,0.03445171052590013,0.046297311782836914,0.59765625,1,2
19,2707,0.026076790876686576,0.03598737716674805,0.58984375,1,1
19,2708,0.025313671678304676,0.043785810470581055,0.53125,1,1
19,2709,0.02459169924259186,0.07363128662109375,0.43359375,2,2
19,2710,0.02133854711428285,0.05435490608215332,0.45703125,1,1
19,2711,0.0253550410270691,0.050710082054138184,0.5,1,2
19,2712,0.028382293879985813,0.0741415023803711,0.453125,1,0
19,2713,0.02399109955877066,0.029886722564697266,0.62109375,2,2
19,2714,0.025945825036615137,0.05292534828186035,0.49609375,1,2
19,2715,0.027201719116419557,0.03805267810821533,0.5859375,1,0
19,2716,0.02104169712401927,0.0221673846244812,0.6796875,1,0
19,2717,0.023953002411872152,0.02780938148498535,0.64453125,1,0
19,2718,0.007338057272136214,0.06709080934524536,0.34375,1,1
19,2719,0.023388138273730878,0.031022608280181885,0.6015625,1,1
19,2720,0.02271277934778482,0.028294265270233154,0.62109375,1,1
19,2721,0.030284287407994277,0.04906821250915527,0.546875,1,2
19,2722,0.026774931699037555,0.04338216781616211,0.546875,1,0
19,2426,0.03471648925915361,0.10394644737243652,0.43359375,3,3
19,2532,0.031222557183355096,0.0859459638595581,0.4453125,4,5
19,2723,0.022557408199645582,0.044250547885894775,0.50390625,3,3
19,2724,0.01797652244567871,0.01797652244567871,0.7265625,4,3
19,2725,0.02694365615025163,0.039870381355285645,0.5703125,3,3
19,2726,0.02808485180139542,0.04550457000732422,0.546875,3,2
19,2727,0.032287127338349826,0.08434188365936279,0.453125,4,5
19,2728,0.03139514208305628,0.08880835771560669,0.44140625,4,4
19,2729,0.026368606835603717,0.07670867443084717,0.4375,3,3
19,2730,0.028700484894216064,0.0609736442565918,0.48828125,3,4
19,2731,0.008994102478027344,0.008994102478027344,0.80859375,3,3
19,2732,0.02877460047602654,0.08370792865753174,0.4375,4,5
19,2733,0.011912584304809574,0.06353378295898438,0.375,3,3
19,2734,0.02599367243237794,0.049109816551208496,0.51171875,5,5
19,2735,0.030918309465050704,0.10147547721862793,0.421875,3,4
19,2736,0.027064737863838676,0.08347678184509277,0.4296875,3,3
19,2737,0.02662209025584162,0.1126488447189331,0.39453125,3,4
19,2738,0.030933240894228223,0.08750176429748535,0.44140625,3,2
19,2739,0.028533156844787307,0.05020266771316528,0.52734375,3,3
19,2740,0.025581962079741064,0.035304486751556396,0.58984375,3,3
19,2741,0.02284934557974339,0.0860210657119751,0.40625,3,3
19,2742,0.02331388485617936,0.026467204093933105,0.65234375,3,2
19,2743,0.020901083946228027,0.020901083946228027,0.703125,3,3
19,2744,0.020096373162232343,0.020135700702667236,0.69921875,4,5
19,2745,0.028042097343131907,0.050201237201690674,0.5234375,2,1
19,2746,0.03786646435037256,0.08772683143615723,0.47265625,3,3
19,2747,0.023550782352685932,0.06851136684417725,0.4375,4,4
19,2748,0.020048096776008613,0.09683609008789062,0.3828125,4,5
19,2749,0.029858055990189317,0.08218991756439209,0.4453125,4,5
19,2470,0.038489136844873435,0.11196839809417725,0.4375,1,1
19,2672,0.033874741639010615,0.09080559015274048,0.44921875,1,1
19,2750,0.031419904669746763,0.09991919994354248,0.42578125,1,1
19,2751,0.00014786911197006914,0.07570898532867432,0.30078125,1,1
19,2752,0.025594772538170225,0.04835617542266846,0.51171875,1,1
19,2753,0.006255626678466797,0.006255626678466797,0.82421875,1,1
19,2754,0.02744951122440398,0.08218801021575928,0.43359375,1,0
19,2755,0.020645556622184816,0.05840069055557251,0.44140625,2,3
19,2756,0.025896061211824424,0.04892539978027344,0.51171875,1,1
19,2757,0.01405559061095119,0.08367979526519775,0.3671875,2,3
19,2758,0.025660019135102633,0.059447646141052246,0.47265625,1,2
19,2759,0.01930975914001465,0.01930975914001465,0.71484375,1,0
19,2760,0.015452318126335745,0.07833254337310791,0.37890625,2,4
19,2761,0.02454451750963927,0.04814863204956055,0.50390625,2,3
19,2762,0.02709874953143299,0.0811377763748169,0.43359375,1,0
19,2763,0.024255220312625173,0.05494987964630127,0.4765625,2,1
19,2764,0.027391933836042888,0.11130690574645996,0.3984375,1,1
19,2765,0.006589353084564209,0.006589353084564209,0.83203125,1,1
19,2766,0.034452047199010856,0.10022413730621338,0.4375,1,1
19,2767,0.028482300927862532,0.1113201379776001,0.40234375,1,1
19,2768,0.03109847195446492,0.09591817855834961,0.4296875,1,1
19,2769,0.02579909563064576,0.04785919189453125,0.515625,1,1
19,2770,0.031694489764049656,0.08724504709243774,0.4453125,2,4
19,2654,0.03472406323999167,0.1071007251739502,0.4296875,1,2
19,2621,0.03111613495275379,0.10212475061416626,0.421875,1,1
19,2771,0.025021095410920683,0.0311698317527771,0.62109375,1,0
19,2772,0.028461074922233823,0.07834446430206299,0.4453125,1,2
19,2773,0.02673463243991137,0.04198813438415527,0.5546875,1,1
19,2774,0.029644475318491466,0.09729468822479248,0.421875,1,1
19,2775,0.030645332532003525,0.06378215551376343,0.4921875,1,1
19,2776,0.03086760453879834,0.10130906105041504,0.421875,1,1
19,2777,0.01829929661471397,0.06644850969314575,0.41015625,1,1
19,2778,0.020925722084939483,0.09236180782318115,0.390625,1,2
19,2779,0.03379901684820653,0.1042475700378418,0.4296875,1,1
19,2780,0.03497757867444307,0.0989421010017395,0.44140625,1,1
19,2781,0.028623417951166637,0.04951077699661255,0.53125,2,3
19,2782,0.013351548230275515,0.06449049711227417,0.3828125,1,3
19,2783,0.027678264537826187,0.10050547122955322,0.41015625,1,1
19,2784,0.023422251688316468,0.02659022808074951,0.65234375,1,0
19,2785,0.025671617360785607,0.08163893222808838,0.42578125,2,2
19,2786,0.011053529684431856,0.11096876859664917,0.33984375,1,3
19,2787,0.026362225413322456,0.09924602508544922,0.40625,1,2
19,2788,0.03201100579462946,0.09584581851959229,0.43359375,1,1
19,2789,0.028576206648722294,0.07102435827255249,0.4609375,2,2
19,2790,0.021616472629830245,0.04897183179855347,0.4765625,1,2
19,2791,0.018482548766769472,0.06711393594741821,0.41015625,2,3
19,2792,0.02379258046858013,0.05773365497589111,0.46484375,1,1
19,2793,0.026521534658968452,0.06928074359893799,0.453125,1,2
19,2794,0.036060852231457836,0.09666574001312256,0.44921875,1,1
19,2795,0.025185559294186536,0.03215712308883667,0.61328125,1,0
19,2796,0.03261756710708142,0.10060358047485352,0.4296875,1,1
19,2797,0.011739573441445833,0.107333242893219,0.34375,1,3
19,2798,0.02391560655087233,0.0387493371963501,0.546875,1,3
19,2799,0.02925301180221141,0.1062237024307251,0.41015625,1,3
19,2800,0.024417623179033402,0.029347002506256104,0.6328125,1,0
19,2801,0.026515129487961534,0.05876946449279785,0.48046875,1,0
19,2802,0.02564889506902546,0.0653344988822937,0.45703125,1,0
19,2657,0.03379729762673379,0.098319411277771,0.4375,1,1
19,2666,0.03377532516606153,0.1011284589767456,0.43359375,1,1
19,2803,0.028041930869221694,0.0502009391784668,0.5234375,2,2
19,2804,0.03471492230892182,0.10098886489868164,0.4375,1,1
19,2805,0.02885843790136278,0.0735100507736206,0.45703125,1,1
19,2806,0.002597833052277567,0.08313065767288208,0.3125,2,2
19,2807,0.028041930869221694,0.0502009391784668,0.5234375,1,1
19,2808,0.02769002784043551,0.08290815353393555,0.43359375,1,0
19,2809,0.02422534674406052,0.03213310241699219,0.6015625,3,4
19,2810,0.030046727275475867,0.09555232524871826,0.42578125,3,3
19,2811,0.03526193695142866,0.09452414512634277,0.44921875,2,3
19,2812,0.0,0.09662425518035889,0.19921875,1,2
19,2813,0.025712258415296677,0.04101145267486572,0.55078125,1,0
19,2814,0.03024339769035578,0.0401155948638916,0.6015625,1,1
19,2815,0.027064737863838676,0.08347678184509277,0.4296875,1,0
19,2816,0.027057999861426655,0.08101576566696167,0.43359375,1,0
19,2817,0.025437901960685853,0.064797043800354,0.45703125,1,0
19,2818,0.022010324872098867,0.07463103532791138,0.41796875,2,2
19,2819,0.027064737863838676,0.08347678184509277,0.4296875,2,3
19,2820,0.028041930869221694,0.0502009391784668,0.5234375,1,0
19,2821,0.026814759476110343,0.059433579444885254,0.48046875,1,0
19,2822,0.023606741800904277,0.05595672130584717,0.46875,1,2
19,2823,0.035739373881369836,0.09580397605895996,0.44921875,1,1
19,2824,0.023036880185827616,0.02644592523574829,0.6484375,2,2
19,2702,0.03462129877880216,0.11010003089904785,0.42578125,1,1
19,2676,0.029980531195178635,0.10165584087371826,0.41796875,1,1
19,2825,0.03475128952413798,0.11405551433563232,0.421875,1,1
19,2826,0.030420053983107216,0.1066785454750061,0.4140625,1,1
19,2827,0.02638880559243262,0.03500276803970337,0.6015625,1,0
19,2828,0.017109715146943934,0.10186249017715454,0.3671875,1,2
19,2829,0.030667345738038428,0.04816466569900513,0.5546875,1,1
19,2830,0.027532576583325866,0.07013273239135742,0.45703125,1,0
19,2831,0.02746161818504334,0.07988834381103516,0.4375,1,0
19,2832,0.014106370043009525,0.08398211002349854,0.3671875,1,2
19,2833,0.027169669046998027,0.06155252456665039,0.4765625,1,0
19,2834,0.026048116735182706,0.0779920220375061,0.43359375,1,1
19,2835,0.02716596564278007,0.07282185554504395,0.44921875,1,0
19,2836,0.03267272945959122,0.09242230653762817,0.44140625,2,2
19,2837,0.034358954872004695,0.10926574468612671,0.42578125,1,1
19,2838,0.029015131294727332,0.0952291488647461,0.421875,1,2
19,2839,0.024726423434913162,0.06145596504211426,0.4609375,1,1
19,2840,0.03558408236131073,0.09538769721984863,0.44921875,1,1
19,2841,0.02809922676533461,0.07532358169555664,0.44921875,1,0
19,2842,0.031724494881927974,0.11125302314758301,0.4140625,1,1
19,2843,0.030832069460302598,0.10812342166900635,0.4140625,1,1
20,2721,0.029141282197088007,0.045767903327941895,0.5546875,1,2
20,2712,0.02968642115592957,0.07036781311035156,0.46875,1,0
20,2844,0.010891807731240991,0.048074185848236084,0.390625,2,3
20,2845,0.02424915577284992,0.043411076068878174,0.5234375,1,2
20,2846,0.003950043115764858,0.056178390979766846,0.328125,2,3
20,2847,0.013539550127461556,0.04916489124298096,0.41015625,1,1
20,2848,0.029259502538479868,0.062161266803741455,0.48828125,1,0
20,2849,0.006886630901135506,0.049661338329315186,0.35546875,1,1
20,2850,0.015991149935871366,0.047879934310913086,0.43359375,1,1
20,2851,0.02968642115592957,0.07036781311035156,0.46875,1,0
20,2852,7.236003875732422e-05,7.236003875732422e-05,0.98828125,1,2
20,2853,0.027078586164861924,0.047643423080444336,0.52734375,1,2
20,2854,0.021537353284657005,0.0706866979598999,0.421875,1,1
20,2855,0.03206080431118608,0.0653989315032959,0.49609375,1,2
20,2856,9.953975677490234e-06,9.953975677490234e-06,0.9921875,1,2
20,2857,0.02968642115592957,0.07036781311035156,0.46875,1,0
20,2825,0.04352990165352822,0.10562705993652344,0.46484375,1,1
20,2702,0.034237108309753246,0.10251110792160034,0.43359375,1,1
20,2858,0.029960385872982446,0.07270008325576782,0.46484375,1,0
20,2859,0.027237799018621448,0.04633140563964844,0.53515625,1,2
20,2860,0.028009390574879948,0.03763991594314575,0.59765625,1,2
20,2861,0.039737342856824405,0.09876465797424316,0.4609375,1,2
20,2862,0.017144165467470888,0.01844078302383423,0.671875,1,0
20,2863,0.03998772706836463,0.10445773601531982,0.453125,1,1
20,2864,0.022591344546526674,0.04348409175872803,0.5078125,1,1
20,2865,0.0349651761353016,0.10171687602996826,0.4375,1,1
20,2866,0.03622726141475142,0.09711182117462158,0.44921875,1,1
20,2867,0.033987713162787266,0.10176438093185425,0.43359375,1,2
20,2868,0.027150263311341412,0.04860466718673706,0.5234375,2,3
20,2869,0.04019107390195132,0.09989237785339355,0.4609375,1,2
20,2870,0.0035343170166015625,0.0035343170166015625,0.8359375,2,2
20,2871,0.04036667849868537,0.10544764995574951,0.453125,1,1
20,2872,0.03896042774431408,0.1044384241104126,0.44921875,1,1
20,2873,0.027078586164861924,0.047643423080444336,0.52734375,1,1
20,2874,0.03577137191314251,0.10118752717971802,0.44140625,1,1
20,2875,0.03757721255533398,0.1007305383682251,0.44921875,1,1
20,2876,0.027078586164861924,0.047643423080444336,0.52734375,1,1
20,2877,0.013712363434024157,0.046494901180267334,0.41796875,1,2
20,2811,0.03893995843827725,0.08630847930908203,0.48046875,2,3
20,2426,0.04052075184881688,0.09604918956756592,0.46875,3,3
20,2878,0.02947037108242512,0.06011486053466797,0.49609375,1,0
20,2879,0.03239420242607594,0.0868368148803711,0.44921875,2,2
20,2880,0.036507493816316135,0.09299421310424805,0.45703125,2,2
20,2881,0.027078586164861924,0.047643423080444336,0.52734375,1,0
20,2882,0.03780457330867649,0.09396088123321533,0.4609375,2,2
20,2883,0.017323207110166553,0.018633365631103516,0.671875,2,1
20,2884,0.021908469032496217,0.026331305503845215,0.6328125,2,3
20,2885,0.03960620961152018,0.08972734212875366,0.4765625,3,3
20,2886,0.02707872167229653,0.04764366149902344,0.52734375,2,2
20,2887,0.0,0.07628786563873291,0.28515625,3,4
20,2888,0.030330352485179905,0.07923030853271484,0.453125,2,2
20,2889,0.027078586164861924,0.047643423080444336,0.52734375,1,0
20,2890,0.036873581819236285,0.08172845840454102,0.48046875,3,4
20,2891,0.030330352485179905,0.07923030853271484,0.453125,2,1
20,2892,0.029602374415844682,0.08148610591888428,0.4453125,2,3
20,2893,0.02286314964294434,0.04572629928588867,0.5,4,5
20,2894,0.03612332767806948,0.087654709815979,0.46484375,4,5
20,2895,0.024024159414693717,0.04538881778717041,0.51171875,3,3
20,2896,0.0284796329215169,0.07078433036804199,0.4609375,2,2
20,2897,0.015156683279201392,0.051392197608947754,0.41796875,1,1
20,2823,0.040204175398685045,0.08911055326461792,0.48046875,1,1
20,2840,0.03972237941343338,0.08804267644882202,0.48046875,1,1
20,2898,0.024325240403413776,0.03312373161315918,0.59375,1,1
20,2899,0.041092823026701815,0.08552652597427368,0.4921875,1,1
20,2900,0.03164564911276103,0.10386264324188232,0.421875,1,2
20,2901,0.029750247718766335,0.07394236326217651,0.4609375,1,0
20,2902,0.03619803569745273,0.0922059416770935,0.45703125,1,1
20,2903,0.023774048779159788,0.03194832801818848,0.59765625,2,1
20,2904,0.024253916926682,0.043419599533081055,0.5234375,1,1
20,2905,0.02387810382060707,0.04201233386993408,0.52734375,1,1
20,2906,0.03479045908898116,0.09326028823852539,0.44921875,1,1
20,2907,0.027078586164861924,0.047643423080444336,0.52734375,2,1
20,2908,0.029904521070420746,0.0743257999420166,0.4609375,1,0
20,2909,0.03584791999310256,0.09364354610443115,0.453125,1,2
20,2910,0.026157290441915396,0.043062806129455566,0.54296875,1,0
20,2911,0.031751004979014404,0.07891511917114258,0.4609375,1,0
20,2912,0.03165328118484468,0.07333248853683472,0.47265625,1,1
20,2913,0.01627125078812242,0.017319917678833008,0.67578125,1,0
20,2914,0.03919125045649708,0.0887872576713562,0.4765625,1,1
20,2915,0.03397262818180025,0.08653724193572998,0.45703125,1,1
20,2916,0.025535128079354767,0.041373372077941895,0.546875,1,0
20,2917,0.03766787401400507,0.09595000743865967,0.45703125,1,1
20,2918,0.020488261710852388,0.05639779567718506,0.4453125,2,2
20,2919,0.007403089664876463,0.05743002891540527,0.3515625,1,1
20,2920,0.03268033615313471,0.09244382381439209,0.44140625,2,3
20,2921,0.008805632591247559,0.008805632591247559,0.78515625,1,1
20,2746,0.033955223392695195,0.07866549491882324,0.47265625,3,3
20,2794,0.03869734320323915,0.08965176343917847,0.47265625,1,1
20,2922,0.027078586164861924,0.047643423080444336,0.52734375,3,2
20,2923,0.02961775800213218,0.06041550636291504,0.49609375,3,3
20,2924,0.02575454418547452,0.04239976406097412,0.54296875,1,0
20,2925,0.035730770789086826,0.08469516038894653,0.46875,1,1
20,2926,0.030131314648315314,0.07488948106765747,0.4609375,3,2
20,2927,0.03598502487875522,0.07340371608734131,0.49609375,3,3
20,2928,0.035491320770233876,0.08040511608123779,0.4765625,1,1
20,2929,0.02357881795614958,0.03391110897064209,0.578125,1,1
20,2930,0.0314928530715406,0.07134664058685303,0.4765625,5,7
20,2931,0.03429600701201708,0.0699583888053894,0.49609375,4,4
20,2932,0.037144023925066,0.09956932067871094,0.44921875,1,1
20,2933,0.04365074448287488,0.08097529411315918,0.515625,4,5
20,2934,0.030326222535222772,0.0792195200920105,0.453125,1,0
20,2935,0.0194170338800177,0.022543132305145264,0.64453125,5,6
20,2936,0.02311400650069118,0.02914869785308838,0.6171875,4,5
20,2937,0.02433437062427402,0.034041523933410645,0.5859375,3,2
20,2938,0.030119429226033393,0.06675821542739868,0.48046875,3,2
20,2939,0.02751550637185574,0.07187724113464355,0.453125,3,3
20,2940,0.03728275932371617,0.08446359634399414,0.4765625,1,1
20,2941,0.015037869801744824,0.08460867404937744,0.37109375,1,2
20,2942,0.02789237396791578,0.051742374897003174,0.515625,4,5
20,2943,0.031977036036551006,0.06655383110046387,0.4921875,4,5
20,2944,0.03085965500213206,0.07860767841339111,0.45703125,4,4
20,2945,0.032315074931830175,0.07010728120803833,0.484375,4,4
20,2946,0.034805095754563815,0.08445596694946289,0.46484375,4,4
20,2947,0.027710378170013435,0.055420756340026855,0.5,3,4
20,2948,0.038005835376679904,0.09222269058227539,0.46484375,4,4
20,2949,0.03667621710337699,0.09115642309188843,0.4609375,1,1
20,2950,0.0346637552138418,0.08829772472381592,0.45703125,3,4
20,2951,0.02068223687820137,0.024569153785705566,0.63671875,4,4
20,2952,0.02151847793720663,0.02680647373199463,0.62109375,1,0
20,2953,0.03768976591527463,0.08731746673583984,0.47265625,5,5
20,2954,0.03275005659088493,0.08779072761535645,0.44921875,1,2
20,2955,0.030485762050375346,0.07577043771743774,0.4609375,2,1
20,2956,0.027832465129904456,0.09437233209609985,0.41796875,2,3
20,2957,0.015868887305259708,0.016380786895751953,0.6875,4,5
20,2470,0.03850493708159775,0.10321742296218872,0.44921875,1,1
20,2804,0.0421440254431218,0.09341013431549072,0.48046875,1,1
20,2958,0.04332602606154979,0.08499205112457275,0.50390625,1,1
20,2959,0.029537807917222384,0.07917988300323486,0.44921875,1,1
20,2960,0.03216954437084497,0.102303147315979,0.42578125,1,2
20,2961,0.04011890990659595,0.0908888578414917,0.4765625,1,2
20,2962,0.003106197458691897,0.07573205232620239,0.31640625,1,1
20,2963,0.0,0.0699012279510498,0.28515625,1,1
20,2964,0.036692909197881825,0.08903682231903076,0.46484375,1,1
20,2965,0.027078586164861924,0.047643423080444336,0.52734375,1,0
20,2966,0.016075097606517378,0.017111122608184814,0.67578125,1,0
20,2967,0.04058681521564723,0.0844733715057373,0.4921875,1,1
20,2968,0.02306149795185775,0.030990779399871826,0.59765625,1,0
20,2969,0.006817344808951023,0.06844079494476318,0.33984375,1,1
20,2970,0.02733172662556172,0.05070233345031738,0.515625,1,0
20,2971,0.0001405477523803711,0.0001405477523803711,0.98046875,1,1
20,2972,0.03964059660211206,0.0898052453994751,0.4765625,1,1
20,2973,0.030330352485179905,0.07923030853271484,0.453125,1,1
20,2974,0.02786405989900232,0.052643537521362305,0.51171875,1,0
20,2975,0.0,0.07562685012817383,0.296875,1,1
20,2976,0.03462406992912293,0.06924813985824585,0.5,1,2
20,2977,0.03100798430386931,0.07898551225662231,0.45703125,1,0
20,2978,0.023440000601112846,0.04348289966583252,0.515625,1,1
20,2979,0.037559308344498284,0.07979404926300049,0.48828125,1,1
20,2980,0.030298636294901374,0.07914745807647705,0.453125,1,0
20,2981,0.02921133534982801,0.06337374448776245,0.484375,1,0
21,2855,0.03501096367835999,0.07286834716796875,0.4921875,1,2
21,2857,0.029632436577230695,0.07740718126296997,0.453125,1,0
21,2982,0.033745916211046285,0.06619888544082642,0.50390625,1,1
21,2983,0.03628234937787057,0.06854820251464844,0.51171875,1,3
21,2984,0.029314321232959635,0.05642455816268921,0.5078125,1,3
21,2985,0.03041661449242384,0.05173856019973755,0.53515625,1,2
21,2986,0.030812574317678813,0.07138478755950928,0.47265625,2,3
21,2987,0.03094536508433521,0.0657428503036499,0.48828125,2,3
21,2988,0.02738262061029673,0.06805777549743652,0.4609375,1,0
21,2989,0.029190537054091695,0.0708320140838623,0.46484375,1,2
21,2990,0.033247526152990765,0.06781965494155884,0.49609375,1,1
21,2991,0.03760661697015167,0.07238566875457764,0.5078125,1,1
21,2992,0.03380257915705443,0.0840141773223877,0.4609375,1,3
21,2993,0.028032889589667324,0.06644833087921143,0.46875,1,0
21,2994,0.025986925233155492,0.03160405158996582,0.62890625,1,1
21,2995,0.024646491743624214,0.05236101150512695,0.48828125,1,1
21,2996,0.0,0.07758063077926636,0.28515625,1,1
21,2997,0.03211146593093873,0.06422293186187744,0.5,1,1
21,2426,0.04466536827385426,0.1058734655380249,0.46875,3,3
21,2811,0.03821847098879517,0.0949895977973938,0.4609375,2,3
21,2998,0.0383410006761551,0.11153745651245117,0.4375,1,1
21,2999,0.023042023181915287,0.028359413146972656,0.625,2,1
21,3000,0.026206826325505975,0.04246169328689575,0.546875,1,0
21,3001,0.026557558681815866,0.06152701377868652,0.47265625,1,2
21,3002,0.0213269388768822,0.022239089012145996,0.68359375,1,0
21,3003,0.03645757713820786,0.10915952920913696,0.43359375,1,1
21,3004,0.00950167514383793,0.07370996475219727,0.3515625,2,2
21,3005,0.02883810549974442,0.08634567260742188,0.43359375,1,0
21,3006,0.029308669269084934,0.08526158332824707,0.4375,3,2
21,3007,0.04130333848297597,0.10265684127807617,0.4609375,2,3
21,3008,0.01771479845046997,0.01771479845046997,0.72265625,3,5
21,3009,0.02461387822404504,0.03642284870147705,0.5703125,3,3
21,3010,0.034568636678159244,0.06412732601165771,0.515625,2,3
21,3011,0.015545624541118745,0.06075847148895264,0.40234375,2,2
21,3012,0.006221618386916818,0.0776943564414978,0.33203125,2,2
21,3013,0.0005933642387390137,0.0005933642387390137,0.94921875,1,1
21,3014,0.034852574113756425,0.10749709606170654,0.4296875,1,1
21,3015,0.0,0.11102980375289917,0.26171875,2,3
21,3016,0.029328556847758595,0.07470756769180298,0.45703125,1,0
21,3017,0.029046049341559414,0.04063272476196289,0.5859375,3,3
21,3018,0.03498001024127007,0.10176002979278564,0.4375,1,1
21,3019,0.025947939138859514,0.0879824161529541,0.41796875,2,4
21,3020,0.03610637784004212,0.07221275568008423,0.5,2,3
21,3021,0.03509042691439391,0.08514833450317383,0.46484375,3,3
21,2804,0.03797520266380162,0.10179740190505981,0.44921875,1,1
21,2899,0.03944381140172482,0.09349644184112549,0.46875,1,1
21,3022,0.027633715071715418,0.04149109125137329,0.56640625,1,0
21,3023,0.025886126793920997,0.03389692306518555,0.60546875,1,0
21,3024,0.03607214894145728,0.09929537773132324,0.4453125,1,1
21,3025,0.024646491743624214,0.05236101150512695,0.48828125,1,0
21,3026,0.034695593873038895,0.07077348232269287,0.49609375,1,2
21,3027,0.0,0.08089625835418701,0.29296875,2,2
21,3028,0.02797429356724024,0.06952834129333496,0.4609375,1,0
21,3029,0.023896232480183247,0.04973524808883667,0.4921875,1,1
21,3030,0.025031666271388534,0.08487558364868164,0.41796875,1,2
21,3031,0.029051488847471777,0.08698457479476929,0.43359375,1,0
21,3032,0.018817663192749023,0.018817663192749023,0.71484375,1,0
21,3033,0.0367184397764504,0.09842848777770996,0.44921875,1,1
21,3034,0.035475863027386374,0.0950976014137268,0.44921875,2,2
21,3035,0.03391342121176422,0.09593188762664795,0.44140625,1,2
21,3036,0.02723043132573367,0.10251456499099731,0.40625,1,2
21,3037,0.03593156300485135,0.1108250617980957,0.4296875,1,1
21,3038,0.035158951766788966,0.10844206809997559,0.4296875,1,1
21,3039,0.024848259519785646,0.05507493019104004,0.48046875,1,2
21,3040,0.03540380636695773,0.1001477837562561,0.44140625,1,1
21,3041,0.019403457641601562,0.019403457641601562,0.7109375,1,0
21,3042,0.01861429214477539,0.01861429214477539,0.71484375,1,0
21,3043,0.02725331718102098,0.03568720817565918,0.60546875,2,2
21,3044,0.029133207164704803,0.08722925186157227,0.43359375,1,0
21,3045,0.029765621758997444,0.07775509357452393,0.453125,1,0
21,3046,0.03517627401743085,0.0896032452583313,0.45703125,1,2
21,3047,0.028798297047615058,0.05342292785644531,0.515625,1,2
21,2958,0.03806709707714618,0.09237134456634521,0.46484375,1,1
21,2967,0.03874098882079125,0.09183049201965332,0.46875,1,1
21,3048,0.028285958338528875,0.08724343776702881,0.4296875,1,0
21,3049,0.027357829269021753,0.0696876049041748,0.45703125,1,0
21,3050,0.012902728980407122,0.05042898654937744,0.40234375,1,1
21,3051,0.034563825116492815,0.09777170419692993,0.44140625,1,1
21,3052,0.023296751780435446,0.045700907707214355,0.50390625,1,2
21,3053,0.027718769386410717,0.057691097259521484,0.4921875,1,3
21,3054,0.0336415283381939,0.0926046371459961,0.4453125,1,1
21,3055,0.028285958338528875,0.08724343776702881,0.4296875,1,0
21,3056,0.037033158587291844,0.09927213191986084,0.44921875,1,2
21,3057,0.022128742071799937,0.030538856983184814,0.58984375,2,2
21,3058,0.025385101209394637,0.09217852354049683,0.41015625,1,2
21,3059,0.021422397345304493,0.022113442420959473,0.6875,2,1
21,3060,0.018254399299621582,0.018254399299621582,0.71875,1,0
21,3061,0.005967769655399026,0.07452434301376343,0.33203125,2,3
21,3062,0.029126677662134174,0.08720970153808594,0.43359375,1,0
21,3063,0.0019518733024597168,0.0019518733024597168,0.94140625,1,2
21,3064,0.027406513341702524,0.08715611696243286,0.42578125,1,1
21,3065,0.028285958338528875,0.08724343776702881,0.4296875,1,0
21,3066,0.029737174278125174,0.05232107639312744,0.52734375,2,2
21,2825,0.03900187648832799,0.1134600043296814,0.4375,1,1
21,2871,0.0369193961378187,0.11387187242507935,0.4296875,1,1
21,3067,0.023380199447274215,0.1129307746887207,0.3828125,1,2
21,3068,0.0036591790849342964,0.060435473918914795,0.32421875,1,1
21,3069,0.021347282454371456,0.027600526809692383,0.609375,1,1
21,3070,0.021260526496917013,0.021512627601623535,0.6953125,1,0
21,3071,0.031083318754099313,0.08332282304763794,0.44921875,2,3
21,3072,0.03324492741376162,0.09151291847229004,0.4453125,1,2
21,3073,0.024190427502617243,0.030886530876159668,0.61328125,2,1
21,3074,0.011730670928955078,0.011730670928955078,0.7734375,1,1
21,3075,0.0369035266339779,0.09892463684082031,0.44921875,1,2
21,3076,0.0042821936076507,0.07072526216506958,0.32421875,1,1
21,3077,0.02464626729488373,0.05236053466796875,0.48828125,1,1
21,3078,0.018750299699604515,0.01897263526916504,0.6953125,1,1
21,3079,0.03510706429369748,0.10828202962875366,0.4296875,1,2
21,3080,0.037842151592485614,0.08767050504684448,0.47265625,2,2
21,3081,0.01818231318611652,0.08386796712875366,0.38671875,1,1
21,3082,0.01836603879928589,0.01836603879928589,0.71875,1,1
21,3083,0.01894452294800431,0.04825669527053833,0.45703125,1,1
21,3084,0.022995094070211056,0.023978590965270996,0.68359375,1,0
21,3085,0.03987563378177584,0.10689175128936768,0.44921875,2,2
21,3086,0.014214831404387953,0.01424264907836914,0.69921875,2,3
21,3087,0.03480816539376975,0.1073601245880127,0.4296875,1,2
21,3088,0.038569545373320586,0.09142410755157471,0.46875,1,2
21,2933,0.03686957084573806,0.08946549892425537,0.46484375,4,5
21,2948,0.03816781099885703,0.09970366954803467,0.453125,4,4
21,3089,0.027540761977434162,0.03800773620605469,0.58984375,4,3
21,3090,0.03176390449516476,0.08091104030609131,0.45703125,4,4
21,3091,0.005036294460296631,0.005036294460296631,0.859375,2,2
21,3092,0.017907142639160156,0.017907142639160156,0.72265625,3,2
21,3093,0.04168212949298323,0.09238636493682861,0.48046875,5,5
21,3094,0.02024930715560913,0.02024930715560913,0.703125,3,1
21,3095,0.03606517426669598,0.06456422805786133,0.5234375,5,5
21,3096,0.023664297536015514,0.026570439338684082,0.65625,3,2
21,3097,0.021276194602251056,0.021962523460388184,0.6875,4,3
21,3098,0.03494510194286705,0.10778248310089111,0.4296875,3,4
21,3099,0.03869184851646424,0.0938873291015625,0.46484375,4,5
21,3100,0.02968128398060799,0.08634555339813232,0.4375,5,5
21,3101,0.02810968807898462,0.06820929050445557,0.46484375,4,5
21,3102,0.027424919535405937,0.06353646516799927,0.47265625,5,5
21,3103,0.038455082103610046,0.10045409202575684,0.453125,3,3
21,3104,0.023198048584163192,0.024439096450805664,0.6796875,3,1
21,3105,0.035215862095355994,0.08347463607788086,0.46875,4,4
21,3106,0.02579719887580723,0.041146934032440186,0.55078125,4,5
21,3107,0.03023781557567418,0.07005321979522705,0.47265625,5,5
21,3108,0.03216319996863604,0.07993960380554199,0.4609375,3,2
21,3109,0.02354315668344498,0.02643442153930664,0.65625,4,4
21,3110,0.03142271377146245,0.0914115309715271,0.4375,5,6
21,3111,0.02050193399190903,0.06728839874267578,0.421875,4,6
21,3112,0.02431486174464226,0.07073414325714111,0.4375,4,4
21,3113,0.025677767582237724,0.060865819454193115,0.46875,3,2
21,3114,0.028573614545166496,0.0422823429107666,0.5703125,4,6
21,3115,0.028801578562706712,0.059944748878479004,0.4921875,3,4
21,3116,0.03465946088545025,0.076820969581604,0.48046875,5,6
21,3117,0.01771479845046997,0.01771479845046997,0.72265625,4,3
21,3118,0.02464023523498327,0.05234771966934204,0.48828125,5,5
21,3119,0.02560534328222275,0.055550575256347656,0.484375,5,4
22,2991,0.02860518568195403,0.06941163539886475,0.46484375,1,1
22,2983,0.02740662777796388,0.06650328636169434,0.46484375,1,3
22,3120,0.029732861090451482,0.07389914989471436,0.4609375,1,2
22,3121,0.017679219366982583,0.08539396524429321,0.3828125,1,2
22,3122,0.0,0.065834641456604,0.2734375,2,3
22,3123,0.020198113052174452,0.04679381847381592,0.47265625,1,3
22,3124,0.022024892969056967,0.07997691631317139,0.41015625,1,1
22,3125,0.0008075579535216114,0.068911612033844,0.3046875,1,3
22,3126,0.024946193443611268,0.07933199405670166,0.42578125,2,2
22,3127,3.2961368560791016e-05,3.2961368560791016e-05,0.97265625,2,1
22,3128,0.018770767142996195,0.05620253086090088,0.43359375,1,3
22,3129,0.030967886559665207,0.06718456745147705,0.484375,1,1
22,3130,0.016175088356249038,0.05873507261276245,0.41015625,1,2
22,3131,0.020290261600166563,0.023556947708129883,0.64453125,1,1
22,3132,0.0,0.0637783408164978,0.23046875,2,3
22,3133,0.026461384259164337,0.05621671676635742,0.48828125,1,1
22,3134,0.010122585925273599,0.07299667596817017,0.35546875,1,3
22,3135,0.028671565465629108,0.09410154819488525,0.421875,2,3
22,3136,0.027513542678207163,0.04013371467590332,0.57421875,1,3
22,3137,0.01239096745848656,0.06608515977859497,0.375,1,2
22,3138,0.015829610987566415,0.0669814944267273,0.39453125,1,1
22,2899,0.029068889096379284,0.08965826034545898,0.4296875,1,1
22,3024,0.02819122909568251,0.0955888032913208,0.41796875,1,1
22,3139,0.02088288241066039,0.02601468563079834,0.62109375,2,2
22,3140,0.028514560428448025,0.07643693685531616,0.44921875,2,2
22,3141,0.022413611412048343,0.027585983276367188,0.625,1,1
22,3142,0.026651079766452316,0.07336211204528809,0.4453125,1,0
22,3143,0.01700964791234583,0.017042934894561768,0.69921875,1,0
22,3144,0.026686591794714335,0.06797778606414795,0.45703125,1,0
22,3145,0.0,0.05864739418029785,0.25390625,1,1
22,3146,0.028556752949953083,0.09372472763061523,0.421875,1,1
22,3147,0.026476255618035797,0.06424570083618164,0.46484375,1,0
22,3148,0.030633710324764255,0.07261323928833008,0.46875,1,1
22,3149,0.024562795413658026,0.07575994729995728,0.4296875,2,2
22,3150,0.026076029520481832,0.04837292432785034,0.515625,2,1
22,3151,0.02680909307673574,0.04210507869720459,0.5546875,1,1
22,3152,0.017449107021093372,0.04558134078979492,0.453125,1,1
22,3153,0.028757938183844096,0.09438502788543701,0.421875,1,1
22,3154,0.017648178152740005,0.04857993125915527,0.4453125,2,2
22,3155,0.026686591794714335,0.06797778606414795,0.45703125,1,0
22,3156,0.023948384681716565,0.06100285053253174,0.45703125,1,1
22,3085,0.02169194840826095,0.10477620363235474,0.3828125,2,2
22,2825,0.022701424080878503,0.10965216159820557,0.3828125,1,1
22,3157,0.022031724452972416,0.044063448905944824,0.5,2,3
22,3158,0.021611718926578764,0.02276790142059326,0.6796875,2,2
22,3159,0.01628073956817389,0.10968077182769775,0.359375,1,2
22,3160,0.023616364225745205,0.053502559661865234,0.4765625,2,2
22,3161,0.026207382325083024,0.04951357841491699,0.51171875,1,1
22,3162,0.016325525939464573,0.10998249053955078,0.359375,1,2
22,3163,0.0265471930615604,0.04924696683883667,0.515625,1,1
22,3164,0.025543095543980602,0.07647991180419922,0.43359375,1,2
22,3165,0.02716543874703348,0.06919753551483154,0.45703125,1,1
22,3166,0.01717832626309246,0.01828545331954956,0.67578125,2,1
22,3167,1.1920928955078125e-07,1.1920928955078125e-07,1.0,2,3
22,3168,0.024335995316505436,0.04514503479003906,0.515625,3,4
22,3169,0.022315188660286374,0.10293132066726685,0.38671875,2,2
22,3170,0.02316069463267923,0.10683131217956543,0.38671875,2,2
22,3171,0.026424109935760505,0.052848219871520996,0.5,1,2
22,3172,0.02185110002756119,0.058574676513671875,0.44921875,1,1
22,3173,0.016214533243328336,0.1092347502708435,0.359375,2,3
22,3174,0.026280852267518643,0.07434141635894775,0.44140625,1,0
22,3007,0.03514132276177407,0.09940528869628906,0.44140625,2,3
22,2967,0.02782715950161219,0.08849382400512695,0.42578125,1,1
22,3175,0.0336619766894728,0.0857459306716919,0.45703125,2,3
22,3176,0.013454519212245945,0.07175743579864502,0.375,2,3
22,3177,0.02686835161875934,0.04895585775375366,0.51953125,2,2
22,3178,0.027913489378988746,0.08609461784362793,0.4296875,3,4
22,3179,0.02336829015985132,0.10314279794692993,0.390625,2,2
22,3180,0.026527823996730156,0.10368126630783081,0.40234375,2,3
22,3181,0.02495344262570143,0.08750796318054199,0.4140625,2,3
22,3182,0.026379314716905362,0.09578871726989746,0.41015625,2,2
22,3183,0.024791632546111945,0.0601578950881958,0.46484375,2,2
22,3184,0.023833349347114566,0.07822227478027344,0.421875,2,3
22,3185,0.027510158135555688,0.06097489595413208,0.48046875,2,2
22,3186,0.02412335935514421,0.04732245206832886,0.50390625,1,2
22,3187,0.028507864102721218,0.09356427192687988,0.421875,3,3
22,3188,0.02205599192529917,0.0773470401763916,0.4140625,2,3
22,3189,0.00010974809993058599,0.05619102716445923,0.30078125,1,1
22,3190,0.027383028063923127,0.05371689796447754,0.50390625,2,2
22,3191,0.026831197086721666,0.0940929651260376,0.4140625,2,2
22,3192,0.023063367232680324,0.034628868103027344,0.56640625,1,0
22,3193,0.02704467088915408,0.06126934289932251,0.4765625,1,0
22,3093,0.02774075488559902,0.0882190465927124,0.42578125,5,5
22,3099,0.026562596438452605,0.09006655216217041,0.41796875,4,5
22,3194,0.02835182007402182,0.07600069046020508,0.44921875,5,5
22,3195,0.016085845534689728,0.10167843103408813,0.36328125,2,3
22,3196,0.023318796884268526,0.04102826118469238,0.52734375,1,0
22,3197,0.02444234769791365,0.07772970199584961,0.42578125,4,2
22,3198,0.017757737427018586,0.07514017820358276,0.39453125,4,5
22,3199,0.019228151533752683,0.09287559986114502,0.3828125,3,3
22,3200,0.022042204625904564,0.057579636573791504,0.453125,4,4
22,3201,0.023563820170238618,0.07055366039276123,0.43359375,5,6
22,3202,0.026247953763231642,0.049590229988098145,0.51171875,1,0
22,3203,0.016401469707489014,0.016401469707489014,0.70703125,4,4
22,3204,0.024025649763643745,0.06119966506958008,0.45703125,4,4
22,3205,0.027800926705822352,0.07864129543304443,0.44140625,5,5
22,3206,0.02339340560138226,0.061109304428100586,0.453125,2,2
22,3207,0.02669261069968343,0.07347643375396729,0.4453125,2,1
22,3208,0.021774337976239625,0.02926105260848999,0.59765625,1,1
22,3209,0.02729105134494603,0.08171355724334717,0.43359375,5,5
22,3210,0.012446040287613872,0.048644065856933594,0.40234375,3,3
22,3211,0.020417498424649242,0.06297445297241211,0.4296875,2,2
22,3212,0.016526401042938232,0.016526401042938232,0.70703125,6,5
22,3213,0.01905316719785333,0.020494163036346436,0.671875,3,0
22,3214,0.021769536659121517,0.056867361068725586,0.453125,1,1
22,3215,0.026480169966816906,0.058691978454589844,0.48046875,4,5
22,3216,0.01776073127985001,0.018520355224609375,0.68359375,4,6
22,3217,0.008640112355351452,0.05143880844116211,0.3671875,5,6
22,3218,0.02153085707686842,0.05351358652114868,0.4609375,3,3
22,3219,0.010505916085094217,0.06254684925079346,0.3671875,3,3
22,3220,0.02535451948642731,0.07375860214233398,0.4375,5,5
22,3221,0.02779207681305707,0.07861626148223877,0.44140625,2,2
22,3222,0.023494167253375057,0.03580063581466675,0.5625,5,4
22,3223,0.017095390241593126,0.017298102378845215,0.6953125,3,2
22,3224,0.025850715348497037,0.05491936206817627,0.48828125,3,3
22,3225,0.028328102082014087,0.08240902423858643,0.4375,5,6
22,3226,0.01752329990267754,0.05097687244415283,0.4375,2,3
22,2426,0.030261720297858126,0.10260927677154541,0.41796875,3,3
22,3103,0.02186751691624523,0.09651869535446167,0.390625,3,3
22,3227,0.017385052400641147,0.06794768571853638,0.40234375,2,2
22,3228,0.021660991013050083,0.08154726028442383,0.40625,3,4
22,3229,0.026925742509774867,0.05967956781387329,0.48046875,2,2
22,3230,0.024934801738709215,0.04543280601501465,0.51953125,4,4
22,3231,0.012576580047607422,0.012576580047607422,0.765625,1,1
22,3232,0.02337839326355607,0.10783547163009644,0.38671875,1,1
22,3233,0.023062848486006267,0.10637998580932617,0.38671875,1,1
22,3234,0.019305935944430534,0.02241414785385132,0.64453125,1,0
22,3235,0.027210053056478504,0.07915651798248291,0.4375,2,2
22,3236,0.021421287208795554,0.10859107971191406,0.37890625,1,1
22,3237,0.0027728676795959473,0.0027728676795959473,0.8828125,5,5
22,3238,0.0244768587872386,0.08033430576324463,0.421875,1,0
22,3239,0.026401337236166004,0.07468223571777344,0.44140625,1,0
22,3240,0.026323587982915345,0.08371227979660034,0.42578125,4,5
22,3241,0.029257522663101557,0.07271772623062134,0.4609375,3,3
22,3242,0.024224489927291877,0.04844897985458374,0.5,5,5
22,3243,0.032151221763342626,0.08850228786468506,0.4453125,3,3
22,3244,0.01963854813948274,0.02229475975036621,0.65234375,1,0
22,3245,0.028796778526157148,0.04818284511566162,0.5390625,4,6
22,3246,0.030111407279036946,0.051219403743743896,0.53515625,3,4
22,3247,0.019269526004791263,0.03853905200958252,0.5,1,1
22,3248,0.024127505021169785,0.0767284631729126,0.42578125,1,0
22,3249,0.0002688169479370117,0.0002688169479370117,0.94921875,1,0
22,3250,0.026408055564388636,0.07906973361968994,0.43359375,3,3
22,3251,0.007466413779184226,0.08310443162918091,0.3359375,3,3
22,3252,0.024338764138519767,0.07988107204437256,0.421875,2,2
22,3253,0.000838203588500621,0.07152670621871948,0.3046875,1,1
22,3254,0.0244768587872386,0.08033430576324463,0.421875,2,2
22,3255,0.010474313050508501,0.04432106018066406,0.39453125,1,1
22,3256,0.025679143844172362,0.0726393461227417,0.44140625,3,3
22,3257,0.02434233855456114,0.03944075107574463,0.546875,2,1
23,3165,0.026800612220540646,0.06661123037338257,0.4609375,1,1
23,3163,0.02139842708129436,0.04742854833602905,0.48046875,1,1
23,3258,0.01328587532043457,0.01328587532043457,0.7265625,2,3
23,3259,0.021021993714384738,0.046594202518463135,0.48046875,1,0
23,3260,0.021022800472565,0.046595990657806396,0.48046875,1,1
23,3261,0.020781543105840686,0.031667113304138184,0.5625,2,2
23,3262,0.019687358755618337,0.04777216911315918,0.46484375,1,1
23,3263,0.015744736418128017,0.06949400901794434,0.390625,1,0
23,3264,0.016879821894690398,0.047748446464538574,0.44140625,1,1
23,3265,0.01884168013930321,0.025320053100585938,0.59765625,3,3
23,3266,0.01635564502794296,0.07544225454330444,0.38671875,1,0
23,3267,0.019192167324945334,0.025791049003601074,0.59765625,1,1
23,3268,0.015192899387329819,0.0176389217376709,0.64453125,1,3
23,3269,0.024175465572625402,0.04653322696685791,0.5078125,1,2
23,3270,0.018380095250904564,0.06445622444152832,0.4140625,4,2
23,3271,0.0152639988809824,0.01624774932861328,0.67578125,1,1
23,3272,0.02096180431544781,0.04748868942260742,0.4765625,2,2
23,3273,0.02898340695537627,0.0921708345413208,0.42578125,1,1
23,3274,0.02102320385165513,0.04659688472747803,0.48046875,1,0
23,3275,0.015812725410796705,0.017189204692840576,0.66796875,1,1
23,3276,0.02129676472395659,0.03563380241394043,0.5390625,1,0
23,3277,0.01840847230050713,0.024737894535064697,0.59765625,1,0
23,3278,0.024461925029754642,0.03727531433105469,0.5625,1,1
23,3279,0.00010018423199653768,0.05129432678222656,0.30078125,1,1
23,3280,0.025779740069992844,0.09361153841018677,0.41015625,1,1
23,3246,0.01919435919262469,0.048893094062805176,0.45703125,3,4
23,3241,0.025288050994277004,0.0696101188659668,0.4453125,3,3
23,3281,0.021547156153246764,0.032352328300476074,0.56640625,5,4
23,3282,0.019207407720386985,0.0575098991394043,0.43359375,1,0
23,3283,0.018673022976145152,0.04641062021255493,0.4609375,3,3
23,3284,0.00842917710542679,0.04495561122894287,0.375,2,2
23,3285,0.021556278690695766,0.06648683547973633,0.4296875,2,2
23,3286,0.006129532353952529,0.07654440402984619,0.33203125,2,3
23,3287,0.02240572054870427,0.030109524726867676,0.59765625,2,2
23,3288,0.0022351741790771484,0.0022351741790771484,0.859375,3,2
23,3289,0.02716925507411361,0.07685446739196777,0.44140625,5,5
23,3290,0.02242265269160271,0.06522953510284424,0.4375,2,2
23,3291,0.02102320385165513,0.04659688472747803,0.48046875,1,1
23,3292,0.024190956493839625,0.0848340392112732,0.4140625,3,3
23,3293,0.026387619902379814,0.07464343309402466,0.44140625,5,5
23,3294,0.027127638226374987,0.08626925945281982,0.42578125,2,3
23,3295,0.0267609003931284,0.058057546615600586,0.484375,4,4
23,3296,0.00022852420806884766,0.00022852420806884766,0.953125,2,3
23,3297,0.01920553646050394,0.05750429630279541,0.43359375,2,2
23,3298,0.013838948914781216,0.07786309719085693,0.37109375,1,0
23,3299,0.02491979743354023,0.06680071353912354,0.44921875,2,2
23,3300,0.022988811135292057,0.05449199676513672,0.46875,3,2
23,3301,0.015863306471146647,0.050447285175323486,0.42578125,1,1
23,3302,0.03318343148566783,0.09386694431304932,0.44140625,3,4
23,3303,0.014877760550007228,0.06295382976531982,0.39453125,6,7
23,3304,0.030478356406092647,0.08621501922607422,0.44140625,5,6
23,3305,0.014420472085475925,0.07690918445587158,0.375,2,1
23,3306,0.017130865482613448,0.018821895122528076,0.6640625,1,0
23,3148,0.020670774159953,0.07008898258209229,0.41796875,1,1
23,2899,0.0271253795363009,0.08366382122039795,0.4296875,1,1
23,3307,0.017793286358937625,0.02243882417678833,0.6171875,1,0
23,3308,0.014547720551490787,0.07758784294128418,0.375,1,0
23,3309,0.018366973847150806,0.06441020965576172,0.4140625,1,0
23,3310,0.030363699886947874,0.09091353416442871,0.43359375,1,1
23,3311,0.02006951812654734,0.028864026069641113,0.578125,1,1
23,3312,0.02227970771491528,0.040595054626464844,0.51953125,1,0
23,3313,0.01909335888922215,0.03418111801147461,0.5234375,1,2
23,3314,0.025410311296582225,0.04548978805541992,0.5234375,2,4
23,3315,0.020984975621104244,0.0790022611618042,0.40625,1,2
23,3316,0.02116890856996179,0.03324687480926514,0.5546875,1,0
23,3317,0.020760954357683662,0.04320979118347168,0.4921875,1,0
23,3318,0.027658411301672462,0.09077632427215576,0.421875,1,1
23,3319,0.018366973847150806,0.06441020965576172,0.4140625,2,1
23,3320,0.02442748588509858,0.08282697200775146,0.41796875,1,2
23,3321,0.021022881148383025,0.04659616947174072,0.48046875,1,0
23,3322,0.029851653613150127,0.09797465801239014,0.421875,1,1
23,3323,0.02057552291080356,0.04661357402801514,0.4765625,1,1
23,3324,0.018366973847150806,0.06441020965576172,0.4140625,1,0
23,3129,0.026075770147144798,0.06327390670776367,0.46484375,1,1
23,3120,0.02437415719032288,0.0709066390991211,0.4375,1,2
23,3325,0.013434127555228772,0.04555147886276245,0.41796875,1,1
23,3326,0.018477042205631736,0.06064260005950928,0.421875,1,2
23,3327,0.029773974325507883,0.08914780616760254,0.43359375,1,1
23,3328,0.001362442970275879,0.001362442970275879,0.9140625,1,1
23,3329,0.00014317035675048828,0.00014317035675048828,0.953125,2,4
23,3330,0.019610511604696516,0.06236386299133301,0.42578125,1,1
23,3331,3.212690353393555e-05,3.212690353393555e-05,0.96484375,1,0
23,3332,0.0041849613189697266,0.0041849613189697266,0.83984375,2,4
23,3333,0.02802255935966969,0.08643102645874023,0.4296875,2,3
23,3334,0.025844184216111902,0.06271195411682129,0.46484375,3,5
23,3335,3.0159950256347656e-05,3.0159950256347656e-05,0.97265625,1,0
23,3336,0.02311934460885823,0.05237656831741333,0.4765625,1,1
23,3337,0.001567542552947998,0.001567542552947998,0.89453125,1,2
23,3338,0.026939209783449772,0.07221400737762451,0.44921875,2,2
23,3339,0.024084107950329784,0.057088255882263184,0.46875,1,1
23,3340,0.01182368549052626,0.07473737001419067,0.36328125,2,2
23,3341,0.022053021006286148,0.03171670436859131,0.578125,2,2
23,3342,0.025446637533605102,0.06324601173400879,0.4609375,1,1
23,3343,0.023923206841573123,0.06093871593475342,0.45703125,1,2
23,3243,0.025549380574375394,0.08385437726974487,0.421875,3,3
23,3245,0.02393689984455705,0.0460740327835083,0.5078125,4,6
23,3344,0.0253389363642782,0.05870378017425537,0.47265625,4,5
23,3345,0.021295094396919016,0.05562800168991089,0.453125,3,2
23,3346,0.014788303058594469,0.0652725100517273,0.390625,3,4
23,3347,0.01940756547264755,0.07886248826980591,0.3984375,3,4
23,3348,0.018609971739351753,0.023468732833862305,0.6171875,4,5
23,3349,0.021388131775893274,0.08359330892562866,0.40234375,4,5
23,3350,0.023096419055946175,0.08386784791946411,0.41015625,5,5
23,3351,0.024665331584401432,0.07843881845474243,0.42578125,5,5
23,3352,0.019123857957310978,0.05725973844528198,0.43359375,4,4
23,3353,0.028982376912608746,0.07977944612503052,0.4453125,5,6
23,3354,0.022025772137567404,0.046793341636657715,0.48828125,4,5
23,3355,0.02090271329507232,0.04350483417510986,0.4921875,5,4
23,3356,0.01632642815820873,0.07530748844146729,0.38671875,4,3
23,3357,0.023876661434769634,0.06945937871932983,0.4375,6,6
23,3358,0.015548604307696227,0.06579244136810303,0.39453125,4,7
23,3359,0.013454595464281741,0.0525858998298645,0.40234375,4,7
23,3360,0.025593750178813938,0.06860733032226562,0.44921875,3,3
23,3361,0.022668460384011272,0.0659446120262146,0.4375,5,6
23,3362,0.0,0.06799882650375366,0.28515625,2,3
23,3363,0.03181454096920789,0.08104002475738525,0.45703125,5,5
23,3364,0.02685451623983682,0.09751427173614502,0.41015625,5,5
23,3365,0.0247923624701798,0.056166768074035645,0.4765625,1,1
23,3366,0.020080022513866428,0.037937164306640625,0.51171875,4,5
23,3367,0.030035427771508697,0.07288217544555664,0.46484375,6,5
23,3368,0.028225985588505868,0.07769733667373657,0.4453125,4,3
23,3369,0.00475001335144043,0.00475001335144043,0.8515625,4,3
23,3370,0.01819977350533009,0.057877540588378906,0.42578125,4,6
23,3371,0.020044354954734448,0.07029253244400024,0.4140625,2,2
23,3372,0.013836046215146783,0.07784676551818848,0.37109375,3,2
23,3373,0.027405817178078,0.06650131940841675,0.46484375,3,2
23,3374,0.017762897070497278,0.02134883403778076,0.6328125,1,0
23,3375,0.014428585767745975,0.07695245742797852,0.375,4,1
23,3376,0.018693214515224103,0.02806723117828369,0.56640625,3,3
23,3007,0.030295791104435924,0.09344244003295898,0.4296875,2,3
23,3175,0.02850803313776851,0.08064150810241699,0.44140625,2,3
23,3377,0.01875996915623546,0.06157118082046509,0.421875,1,0
23,3378,0.02102320385165513,0.04659688472747803,0.48046875,1,0
23,3379,0.0,0.07308346033096313,0.2890625,2,4
23,3380,0.0,0.06747311353683472,0.296875,3,3
23,3381,0.02934939740225673,0.08787655830383301,0.43359375,2,2
23,3382,0.014613108010962609,0.061833977699279785,0.39453125,2,3
23,3383,0.01616390608251095,0.07134413719177246,0.390625,1,0
23,3384,2.205371856689453e-06,2.205371856689453e-06,0.98828125,2,2
23,3385,0.03360793995670975,0.09009039402008057,0.44921875,3,3
23,3386,0.03098984144162387,0.0830722451210022,0.44921875,2,2
23,3387,0.025121433660387996,0.05819988250732422,0.47265625,2,2
23,3388,0.019500292371958498,0.05227303504943848,0.44921875,2,2
23,3389,0.03105359943583608,0.08784222602844238,0.44140625,2,2
23,3390,0.0216114663053304,0.03244888782501221,0.56640625,1,0
23,3391,0.03127456479705871,0.08383548259735107,0.44921875,2,2
23,3392,0.022128194570541385,0.044256389141082764,0.5,2,3
23,3393,0.01243233121931553,0.046804070472717285,0.40625,1,1
23,3394,0.0290188214275986,0.08688676357269287,0.43359375,2,3
23,3395,0.02881597692612559,0.09163838624954224,0.42578125,3,3
24,3333,0.02547551132738591,0.09590780735015869,0.40625,2,3
24,3280,0.0253037502989173,0.10282158851623535,0.3984375,1,1
24,3396,0.0014788508415222168,0.0014788508415222168,0.92578125,1,1
24,3397,0.017590999603271484,0.017590999603271484,0.703125,1,0
24,3398,0.028471327386796478,0.07437407970428467,0.453125,3,4
24,3399,0.030096023343503482,0.10204744338989258,0.41796875,1,1
24,3400,0.019818203523755077,0.02327275276184082,0.640625,1,1
24,3401,0.027019154280424125,0.09811210632324219,0.41015625,2,3
24,3402,0.012864519841969015,0.08131647109985352,0.36328125,3,3
24,3403,0.026314150542020805,0.10284614562988281,0.40234375,2,3
24,3404,0.017590880393981934,0.017590880393981934,0.703125,2,2
24,3405,0.027721107006073005,0.0972137451171875,0.4140625,2,3
24,3406,0.02822022838518024,0.03894543647766113,0.58984375,1,1
24,3407,0.031254255212843425,0.09939241409301758,0.42578125,2,2
24,3408,0.015228233300149444,0.10259020328521729,0.359375,2,4
24,3409,0.019962178543210033,0.02266216278076172,0.65234375,1,0
24,3410,0.026558386161923412,0.04171133041381836,0.5546875,1,1
24,3411,0.027839025948196653,0.03741097450256348,0.59765625,2,2
24,3412,0.023582291090860966,0.04149186611175537,0.52734375,1,0
24,3327,0.029622972942888744,0.09722411632537842,0.421875,1,1
24,3338,0.028204882168211046,0.07978397607803345,0.44140625,2,2
24,3413,0.024174548336304728,0.038558781147003174,0.55078125,1,0
24,3414,0.01179621694609523,0.07456374168395996,0.36328125,1,2
24,3415,0.017110009212046865,0.07239937782287598,0.39453125,2,2
24,3416,0.00036025047302246094,0.00036025047302246094,0.9609375,2,3
24,3417,0.021912029013037685,0.03151392936706543,0.578125,2,2
24,3418,0.01706486276816577,0.07220834493637085,0.39453125,1,0
24,3419,0.004315543221309784,0.07127606868743896,0.32421875,3,4
24,3420,0.01746597141027451,0.08436393737792969,0.3828125,1,0
24,3421,1.6808509826660156e-05,1.6808509826660156e-05,1.0,1,0
24,3422,0.019233047962188724,0.021595001220703125,0.65625,1,0
24,3423,0.021694266004487876,0.05526101589202881,0.45703125,3,6
24,3424,0.019439400406554345,0.02135831117630005,0.6640625,2,1
24,3425,0.018005474237725142,0.08305227756500244,0.38671875,1,0
24,3426,0.024625290185213092,0.06965827941894531,0.44140625,2,2
24,3427,0.02962753921747208,0.06427669525146484,0.484375,2,3
24,3428,0.0001360177993774414,0.0001360177993774414,0.97265625,1,0
24,3429,0.011139988899230957,0.011139988899230957,0.78125,3,4
24,3430,0.014914067462086681,0.06582760810852051,0.390625,2,2
24,3310,0.026386639103293426,0.09933793544769287,0.40625,1,1
24,3322,0.026678803609684117,0.1084091067314148,0.3984375,1,1
24,3431,0.02949938015080989,0.10344988107681274,0.4140625,1,1
24,3432,0.032956445589661605,0.09587329626083374,0.4375,1,1
24,3433,0.026029231958091262,0.03641247749328613,0.5859375,1,2
24,3434,0.01609848230145872,0.0742560625076294,0.38671875,1,0
24,3435,0.025940558873116977,0.09765857458114624,0.40625,1,1
24,3436,0.020656300708651546,0.02775859832763672,0.59765625,1,0
24,3437,0.03229179978370667,0.09393978118896484,0.4375,1,1
24,3438,0.01739857625216246,0.07069897651672363,0.3984375,1,0
24,3439,0.02087199885863811,0.026649534702301025,0.61328125,1,0
24,3440,0.01773510687053204,0.017769813537597656,0.69921875,1,0
24,3441,0.015198793262243274,0.07704734802246094,0.37890625,1,0
24,3442,0.02004059846512974,0.11275589466094971,0.37109375,1,1
24,3443,0.01978394947946072,0.0610203742980957,0.4296875,1,1
24,3444,0.029114357661455877,0.09871888160705566,0.41796875,1,1
24,3445,0.020834068767726425,0.05442368984222412,0.453125,1,0
24,3446,0.018406106159091,0.026848793029785156,0.57421875,1,1
24,3447,0.013925340957939628,0.09381282329559326,0.359375,1,2
24,3448,0.0077011538669467,0.07041054964065552,0.34375,1,2
24,3449,0.01977305510081351,0.037357211112976074,0.51171875,1,2
24,3363,0.02978685416746885,0.08918637037277222,0.43359375,5,5
24,3389,0.02868346823379398,0.09725785255432129,0.41796875,2,2
24,3450,0.021217681467533115,0.08621788024902344,0.3984375,6,5
24,3451,0.013413068605586892,0.07985454797744751,0.3671875,1,2
24,3452,0.01836583286058158,0.08471447229385376,0.38671875,2,1
24,3453,0.017453298205509785,0.08430272340774536,0.3828125,2,1
24,3454,0.001107633113861084,0.001107633113861084,0.921875,5,5
24,3455,0.023826138465665284,0.07577008008956909,0.42578125,5,6
24,3456,0.023871245793998245,0.05071401596069336,0.48828125,4,3
24,3457,0.017682504840195182,0.07804691791534424,0.390625,5,6
24,3458,0.016729569062590603,0.07384085655212402,0.390625,7,6
24,3459,0.0257391631603241,0.09026336669921875,0.4140625,5,6
24,3460,0.024187096394598488,0.03918921947479248,0.546875,5,4
24,3461,0.02294214488938451,0.0752972960472107,0.421875,6,7
24,3462,0.018962357193231586,0.01957404613494873,0.6875,6,4
24,3463,0.028993914369493726,0.07573920488357544,0.453125,4,3
24,3464,0.027808401267975572,0.09126859903335571,0.421875,5,7
24,3465,0.0,0.07486188411712646,0.25390625,5,5
24,3466,0.02868706686422229,0.08848059177398682,0.4296875,5,5
24,3467,0.02763309585861862,0.08787667751312256,0.42578125,1,1
24,3468,0.02280928823165596,0.031478047370910645,0.58984375,7,6
24,3469,0.021309875068254776,0.098294198513031,0.38671875,4,5
24,3470,0.013696143403649334,0.051561951637268066,0.40625,3,3
24,3471,0.015304959379136566,0.06755292415618896,0.390625,1,1
24,3472,0.02938826754689217,0.07676935195922852,0.453125,6,8
24,3473,0.018389053875580434,0.08482158184051514,0.38671875,5,6
24,3474,0.007815420627593994,0.007815420627593994,0.7890625,4,2
24,3475,0.021024034358561042,0.027530193328857422,0.60546875,4,3
24,3476,0.02077788580209017,0.05041837692260742,0.46484375,1,0
24,3477,0.018389053875580434,0.08482158184051514,0.38671875,6,6
24,3478,0.02906137041281909,0.061740338802337646,0.48828125,5,7
24,3479,0.02322449977509678,0.1306697130203247,0.37109375,6,8
24,3480,0.024130815872922543,0.03732621669769287,0.55859375,1,0
24,3481,0.015413258224725728,0.07813453674316406,0.37890625,4,4
24,3482,0.020870318752713505,0.027328908443450928,0.60546875,6,4
24,3483,0.024988879682496194,0.08473050594329834,0.41796875,3,3
24,3484,0.0002999305725097656,0.0002999305725097656,0.9453125,5,5
24,3485,0.008112788200378418,0.008112788200378418,0.7578125,2,2
24,3486,0.030694797635078434,0.0892939567565918,0.4375,2,2
24,3487,0.02763120643794537,0.09068703651428223,0.421875,5,5
24,3488,0.02106911223381758,0.05112504959106445,0.46484375,4,3
24,3489,0.023613864323124293,0.041547417640686035,0.52734375,5,4
24,3302,0.03560349345207215,0.10357379913330078,0.4375,3,4
24,3007,0.0314462073147297,0.10320806503295898,0.421875,2,3
24,3490,0.026152078527957208,0.10626876354217529,0.3984375,3,4
24,3491,0.017218515160493556,0.1088380217552185,0.36328125,1,2
24,3492,0.01819757837802172,0.018597126007080078,0.69140625,1,0
24,3493,0.026524308603256944,0.07503008842468262,0.44140625,2,3
24,3494,0.02727880026213825,0.08413702249526978,0.4296875,2,3
24,3495,0.027800864540040496,0.09124386310577393,0.421875,2,2
24,3496,0.021069259615615014,0.051125407218933105,0.46484375,3,1
24,3497,0.016079919878393415,0.04426300525665283,0.4453125,3,4
24,3498,0.026110181701369587,0.08303362131118774,0.42578125,3,4
24,3499,0.014639903325587516,0.08236956596374512,0.37109375,3,5
24,3500,0.027876298292540017,0.078854501247406,0.44140625,5,5
24,3501,0.01838662452064455,0.08481037616729736,0.38671875,4,3
24,3502,0.02550247416365892,0.06836265325546265,0.44921875,4,3
24,3503,0.02064268756657839,0.07239079475402832,0.4140625,2,3
24,3504,0.020410340162925426,0.04952651262283325,0.46484375,2,1
24,3505,0.023325981572270397,0.04575824737548828,0.50390625,3,3
24,3506,0.029377232072874907,0.09342324733734131,0.42578125,2,3
24,3507,0.021069259615615014,0.051125407218933105,0.46484375,3,2
24,3508,0.01120603084564209,0.01120603084564209,0.73046875,2,3
24,3509,0.021017387509346012,0.027173995971679688,0.609375,2,0
24,3510,0.02339475019834936,0.051853299140930176,0.48046875,3,5
24,3511,0.029119410552084453,0.09557139873504639,0.421875,3,4
24,3512,0.007568776607513428,0.007568776607513428,0.796875,2,2
24,3513,0.027348497416824106,0.08975917100906372,0.421875,4,5
24,3385,0.025303567061200745,0.09889638423919678,0.40234375,3,3
24,3391,0.024583572521805767,0.09254992008209229,0.40625,2,2
24,3514,0.018389053875580434,0.08482158184051514,0.38671875,3,4
24,3515,0.023380184546113018,0.03101205825805664,0.6015625,4,4
24,3516,0.020153014920651916,0.043721795082092285,0.484375,2,2
24,3517,0.0,0.09940755367279053,0.19140625,3,3
24,3518,0.020796000957489017,0.04159200191497803,0.5,2,2
24,3519,0.02691953675821424,0.06690680980682373,0.4609375,3,2
24,3520,0.0,0.10732811689376831,0.19140625,4,5
24,3521,0.023535227286629382,0.057109177112579346,0.46484375,3,3
24,3522,0.018389002187177542,0.08482134342193604,0.38671875,2,1
24,3523,0.027398772537708286,0.08713150024414062,0.42578125,3,3
24,3524,0.019759383634664125,0.10016638040542603,0.37890625,3,3
24,3525,0.01747117890045047,0.0843890905380249,0.3828125,2,1
24,3526,0.01140710059553385,0.0822596549987793,0.35546875,3,3
24,3527,0.017765759956091646,0.08581197261810303,0.3828125,3,2
24,3528,0.01804213435389102,0.05564802885055542,0.4296875,2,2
24,3529,0.018389053875580434,0.08482158184051514,0.38671875,3,3
24,3530,0.0001899334602057961,0.09724593162536621,0.30078125,3,3
24,3531,0.012044807430356743,0.09343850612640381,0.3515625,2,2
24,3532,0.01971605024300516,0.09094250202178955,0.38671875,1,2
24,3533,0.02954949776176364,0.09397107362747192,0.42578125,3,3
25,3518,0.022056027082726363,0.04245370626449585,0.5078125,2,2
25,3532,0.03032872080802918,0.09354400634765625,0.4296875,1,2
25,3534,0.02277732361108065,0.08574992418289185,0.40625,2,3
25,3535,0.013017067685723306,0.08769392967224121,0.359375,3,4
25,3536,0.0,0.0691908597946167,0.26171875,1,3
25,3537,0.024086468853056434,0.054567575454711914,0.4765625,2,3
25,3538,0.01642822660505772,0.0642080307006836,0.40234375,1,3
25,3539,0.024537507561035458,0.040396153926849365,0.54296875,2,2
25,3540,0.022777865407988433,0.04303419589996338,0.51171875,2,3
25,3541,0.031453091651201255,0.09417533874511719,0.43359375,2,1
25,3542,0.007865815423429016,0.07896661758422852,0.33984375,1,2
25,3543,0.023771122563630346,0.08336174488067627,0.4140625,2,2
25,3544,0.013017518911510708,0.08769696950912476,0.359375,3,3
25,3545,0.02483332343399525,0.05387568473815918,0.484375,2,2
25,3399,0.025433462345972664,0.10334867238998413,0.3984375,1,1
25,3463,0.021553483209572736,0.07826513051986694,0.41015625,4,3
25,3546,0.021602216060273353,0.02299445867538452,0.67578125,4,2
25,3547,0.026219402323476977,0.049536287784576416,0.51171875,1,2
25,3548,0.017501115798950195,0.017501115798950195,0.7421875,1,0
25,3549,0.017501115798950195,0.017501115798950195,0.7421875,5,4
25,3550,0.01673427480272949,0.10577714443206787,0.36328125,1,2
25,3551,0.02391069557052106,0.03391212224960327,0.58203125,4,2
25,3552,0.020137710962444547,0.0640404224395752,0.42578125,1,0
25,3553,0.02956155920401216,0.09117782115936279,0.4296875,4,3
25,3554,0.02763301297090948,0.04549229145050049,0.54296875,1,1
25,3555,0.02511389809660614,0.05566370487213135,0.48046875,4,3
25,3556,0.02084934711456299,0.02084934711456299,0.71484375,1,0
25,3557,0.022006301209330562,0.046751976013183594,0.48828125,4,3
25,3558,0.016337894601747397,0.05195653438568115,0.42578125,1,1
25,3559,0.02440295345149935,0.09916120767593384,0.3984375,3,5
25,3560,0.021115541458129883,0.021115541458129883,0.7109375,3,4
25,3561,0.024280723067931834,0.041301429271698,0.53515625,2,1
25,3562,0.025698612327687446,0.0452154278755188,0.52734375,1,1
25,3563,0.01745462883263827,0.10391592979431152,0.3671875,1,1
25,3564,0.024308723164722327,0.034476637840270996,0.58203125,1,0
25,3565,0.022561222314834598,0.0819244384765625,0.41015625,2,3
25,3566,0.01750105619430542,0.01750105619430542,0.7421875,1,0
25,3567,0.019644990563392646,0.10477328300476074,0.375,1,1
25,3568,0.023066027322784073,0.10639464855194092,0.38671875,2,2
25,3486,0.024261444807052616,0.09133720397949219,0.40625,2,2
25,3363,0.02323137223720551,0.09079742431640625,0.40234375,5,5
25,3569,0.020851103938184682,0.08149439096450806,0.40234375,2,2
25,3570,0.021226411219686273,0.0527569055557251,0.4609375,2,3
25,3571,0.029313701903447516,0.0564233660697937,0.5078125,3,5
25,3572,0.021756474394351247,0.04528176784515381,0.4921875,3,3
25,3573,0.026082381140440706,0.08843827247619629,0.41796875,2,2
25,3574,0.019966706633567814,0.058084964752197266,0.4375,5,5
25,3575,0.02370593929663301,0.05036282539367676,0.48828125,2,2
25,3576,0.02830178185831756,0.1106145977973938,0.40234375,6,7
25,3577,0.02144507318735123,0.05601978302001953,0.453125,5,6
25,3578,0.024532920215278867,0.03853023052215576,0.5546875,5,7
25,3579,0.023342572152614597,0.027411460876464844,0.640625,2,2
25,3580,0.017531096935272217,0.017531096935272217,0.7421875,2,1
25,3581,0.02424154395703227,0.09474557638168335,0.40234375,2,2
25,3582,0.02357572410255671,0.08875566720962524,0.40625,5,4
25,3583,0.017763912677764893,0.017763912677764893,0.7421875,2,1
25,3584,0.019145521800965074,0.06714046001434326,0.4140625,5,6
25,3585,0.019581932574510578,0.04536628723144531,0.47265625,5,6
25,3586,0.022194442572072155,0.09391367435455322,0.39453125,5,6
25,3587,0.028510824311524633,0.0906679630279541,0.42578125,5,7
25,3588,0.023858650587499145,0.08982080221176147,0.40625,2,2
25,3589,0.026144187897443775,0.08864784240722656,0.41796875,3,5
25,3590,0.01362637826241553,0.08613216876983643,0.36328125,3,2
25,3591,0.02513131638988853,0.02761209011077881,0.6640625,6,6
25,3592,0.01383054885081947,0.08742272853851318,0.36328125,5,4
25,3593,0.02429930213838816,0.045076966285705566,0.515625,2,1
25,3594,0.013411024119704964,0.08477091789245605,0.36328125,6,8
25,3595,0.00020450353622436523,0.00020450353622436523,0.98046875,4,3
25,3596,0.021407939493656162,0.07026195526123047,0.421875,5,7
25,3597,0.02179916796740145,0.05289655923843384,0.46484375,3,2
25,3598,0.01331316330470145,0.08415234088897705,0.36328125,4,3
25,3599,0.02496422559488565,0.02772599458694458,0.66015625,6,6
25,3600,0.0,0.08232980966567993,0.25,5,6
25,3601,0.026477938983589414,0.09285414218902588,0.4140625,5,5
25,3602,0.0037964246002957247,0.0627022385597229,0.32421875,6,6
25,3603,0.02076256007421762,0.08114832639694214,0.40234375,3,3
25,3604,0.02698433899786324,0.09798568487167358,0.41015625,3,4
25,3605,0.020446360111236572,0.020446360111236572,0.71484375,5,3
25,3606,0.022428922355175022,0.06524777412414551,0.4375,5,5
25,3407,0.026953473687171943,0.1014719009399414,0.40625,2,2
25,3427,0.026090353960171345,0.0699385404586792,0.44921875,2,3
25,3607,0.013017032295465471,0.08769369125366211,0.359375,1,0
25,3608,0.0016340017318725586,0.0016340017318725586,0.9296875,2,2
25,3609,0.01937392540276051,0.07293713092803955,0.40625,2,1
25,3610,0.02639566361904145,0.09937191009521484,0.40625,2,3
25,3611,0.017501115798950195,0.017501115798950195,0.7421875,1,0
25,3612,0.027012243866920478,0.10169315338134766,0.40625,2,4
25,3613,0.01689922017976642,0.06604886054992676,0.40234375,1,1
25,3614,0.02205760590732098,0.025902509689331055,0.640625,2,1
25,3615,0.016341220121830705,0.05933833122253418,0.41015625,2,3
25,3616,0.0,0.0852196216583252,0.2421875,3,5
25,3617,0.007753353333100678,0.060147225856781006,0.3515625,1,1
25,3618,0.003536999225616455,0.003536999225616455,0.92578125,2,2
25,3619,0.014078474603593355,0.07921075820922852,0.37109375,1,0
25,3620,3.826618194580078e-05,3.826618194580078e-05,0.9921875,2,3
25,3621,0.017501115798950195,0.017501115798950195,0.7421875,2,2
25,3622,0.017543792724609375,0.017543792724609375,0.7421875,3,2
25,3432,0.02499553933739663,0.09769248962402344,0.40234375,1,1
25,3437,0.026313032722100622,0.09554803371429443,0.41015625,1,1
25,3623,0.02381303673610092,0.10510581731796265,0.390625,1,1
25,3624,0.015461048111319545,0.10415863990783691,0.359375,1,2
25,3625,0.027002491056919105,0.10165643692016602,0.40625,1,1
25,3626,0.02337645960506052,0.04768425226211548,0.49609375,1,1
25,3627,0.0117567777633667,0.0117567777633667,0.76171875,1,2
25,3628,0.018307009711861614,0.06419992446899414,0.4140625,1,1
25,3629,0.013834101380780344,0.08236116170883179,0.3671875,1,1
25,3630,0.02713226701598615,0.0985228419303894,0.41015625,1,1
25,3631,0.013480926048941912,0.08521276712417603,0.36328125,2,1
25,3632,0.027059107320383198,0.09825718402862549,0.41015625,1,1
25,3633,0.016847951221279803,0.07771307229995728,0.38671875,1,0
25,3634,0.011964278295636179,0.08060145378112793,0.359375,1,0
25,3635,0.02401240915060044,0.09757423400878906,0.3984375,1,1
25,3636,0.01675047469325364,0.05874139070510864,0.4140625,1,1
25,3637,0.0187661424279213,0.04448270797729492,0.46875,1,1
25,3638,0.017622649669647217,0.017622649669647217,0.7421875,1,0
25,3639,0.02306792885065079,0.03141164779663086,0.59375,2,1
25,3640,0.01952338218688965,0.01952338218688965,0.72265625,1,0
25,3641,0.012891535181552175,0.050385236740112305,0.40234375,1,1
25,3642,0.0237437051255256,0.10046923160552979,0.39453125,1,1
25,3302,0.02908197208307684,0.10560262203216553,0.41015625,3,4
25,3007,0.026899979682639248,0.10513579845428467,0.40234375,2,3
25,3643,0.025068917311728008,0.09437710046768188,0.40625,5,5
25,3644,0.00386226852424443,0.0637897253036499,0.32421875,2,3
25,3645,0.013017147313803436,0.08769446611404419,0.359375,1,1
25,3646,0.01952946372330189,0.07352268695831299,0.40625,2,1
25,3647,0.026143847848288722,0.09493368864059448,0.41015625,3,4
25,3648,0.018962280824780468,0.0713874101638794,0.40625,3,4
25,3649,0.025910777971148498,0.09754645824432373,0.40625,3,2
25,3650,0.010907173156738281,0.010907173156738281,0.77734375,3,3
25,3651,0.021108582965098325,0.07664960622787476,0.41015625,3,4
25,3652,0.024606308899819854,0.08075916767120361,0.421875,4,5
25,3653,0.030382090480998162,0.06323426961898804,0.4921875,3,3
25,3654,0.023235849570482976,0.1071779727935791,0.38671875,3,5
25,3655,0.019015133380889893,0.019015133380889893,0.7265625,4,2
25,3656,0.021974738687276844,0.08588600158691406,0.40234375,2,2
25,3657,0.02780166640877724,0.08324241638183594,0.43359375,3,4
25,3658,0.020087436772882942,0.088661789894104,0.390625,3,4
25,3659,0.021555889165028933,0.08759218454360962,0.3984375,3,4
25,3660,0.026073661632835872,0.10595011711120605,0.3984375,2,3
25,3661,0.013402292272076012,0.08471572399139404,0.36328125,1,0
25,3662,0.025037014856934554,0.04819154739379883,0.5078125,3,3
25,3663,0.012466340325772766,0.06319570541381836,0.37890625,2,2
25,3664,0.025108228437602523,0.05225777626037598,0.4921875,2,2
25,3665,0.01323924434836954,0.08368510007858276,0.36328125,2,0
25,3666,0.02451565116643906,0.09229421615600586,0.40625,2,3
25,3667,0.020810685586184267,0.0683017373085022,0.421875,2,3
25,3668,0.021868348121643066,0.021868348121643066,0.703125,1,1
25,3669,0.019592033699154857,0.07375824451446533,0.40625,2,4
25,3670,0.022998642176389698,0.06690514087677002,0.4375,3,5
25,3671,0.022656559944152832,0.022656559944152832,0.703125,5,6
26,3612,0.03848345065489412,0.09338164329528809,0.46484375,2,4
26,3407,0.031358254607766874,0.09389138221740723,0.43359375,2,2
26,3672,5.364418029785156e-07,5.364418029785156e-07,1.0,3,4
26,3673,0.0228080393280834,0.06278342008590698,0.4453125,2,1
26,3674,0.023747561965137724,0.036733388900756836,0.55859375,2,2
26,3675,0.018912295578047637,0.08723509311676025,0.38671875,2,4
26,3676,0.0010082465596497085,0.0860370397567749,0.3046875,2,4
26,3677,0.01772782928310335,0.019271016120910645,0.66796875,2,1
26,3678,0.01834751665592194,0.019329071044921875,0.6796875,2,2
26,3679,0.021251172758638866,0.09379827976226807,0.390625,3,4
26,3680,0.012422458268702032,0.0785222053527832,0.36328125,2,3
26,3681,0.021713033784180883,0.03820300102233887,0.52734375,2,3
26,3682,0.02200413635000587,0.028813600540161133,0.60546875,3,6
26,3683,0.02191939484328032,0.029074430465698242,0.6015625,2,3
26,3684,0.016553163528442383,0.016553163528442383,0.70703125,2,2
26,3685,0.025033546611666686,0.048184871673583984,0.5078125,3,4
26,3686,0.018701430875808004,0.06341147422790527,0.41796875,2,4
26,3687,0.028640803880989555,0.05961012840270996,0.4921875,3,4
26,3688,0.02331824530847371,0.06596100330352783,0.44140625,2,4
26,3689,0.0035657286643981934,0.0035657286643981934,0.90625,2,3
26,3690,0.025286518037319187,0.04373884201049805,0.53125,2,1
26,3691,0.016553163528442383,0.016553163528442383,0.70703125,1,1
26,3630,0.024925099569372836,0.09050816297531128,0.41015625,1,1
26,3632,0.03220199944917113,0.09109073877334595,0.44140625,1,1
26,3692,0.021994945360347632,0.03302466869354248,0.56640625,1,0
26,3693,0.0205177323659882,0.04978710412979126,0.46484375,1,1
26,3694,0.03045106702484191,0.09392136335372925,0.4296875,1,1
26,3695,0.015551881631836297,0.046564698219299316,0.43359375,1,1
26,3696,0.0241706594824791,0.037387847900390625,0.55859375,1,1
26,3697,0.022838523960672322,0.058175742626190186,0.45703125,1,0
26,3698,0.030329220928251747,0.07189148664474487,0.46875,4,5
26,3699,0.022673200001008812,0.03215700387954712,0.58203125,1,0
26,3700,0.016553163528442383,0.016553163528442383,0.70703125,1,0
26,3701,0.024773928103968505,0.07417690753936768,0.43359375,2,1
26,3702,0.023812863975763324,0.04857444763183594,0.49609375,3,4
26,3703,0.027846130542457107,0.07274091243743896,0.453125,1,1
26,3704,0.02272144425660372,0.0796806812286377,0.4140625,1,0
26,3705,0.022504465887323025,0.031917691230773926,0.58203125,1,0
26,3706,0.022530543152242902,0.029130399227142334,0.609375,1,0
26,3707,0.03615285316482187,0.08772635459899902,0.46484375,1,1
26,3708,0.03961336589418352,0.08974355459213257,0.4765625,2,2
26,3709,0.02216610638424755,0.10224366188049316,0.38671875,2,2
26,3710,0.02300734468735755,0.08068329095840454,0.4140625,1,0
26,3711,0.022310571512207392,0.07095038890838623,0.42578125,1,2
26,3712,0.02698758314363659,0.09464138746261597,0.4140625,1,2
26,3713,0.0,0.07445031404495239,0.29296875,4,6
26,3554,0.02644324162974954,0.041530489921569824,0.5546875,1,1
26,3562,0.026721189962700013,0.04133307933807373,0.55859375,1,1
26,3714,0.007112979888916016,0.007112979888916016,0.8046875,1,2
26,3715,0.02543364395387471,0.05293506383895874,0.4921875,1,1
26,3716,0.016553163528442383,0.016553163528442383,0.70703125,2,1
26,3717,0.00479888916015625,0.00479888916015625,0.84765625,1,1
26,3718,0.016558289527893066,0.016558289527893066,0.70703125,1,0
26,3719,0.027602277230471376,0.043350815773010254,0.5546875,1,2
26,3720,0.005161285400390625,0.005161285400390625,0.828125,1,0
26,3721,0.016552388668060303,0.016552388668060303,0.70703125,1,1
26,3722,0.016554594039916992,0.016554594039916992,0.70703125,1,0
26,3723,0.020108606433495883,0.05390369892120361,0.44921875,1,1
26,3724,0.016553163528442383,0.016553163528442383,0.70703125,1,2
26,3725,0.02254303428344429,0.032883286476135254,0.57421875,1,1
26,3726,0.007382035255432129,0.007382035255432129,0.7890625,1,2
26,3727,0.02595089748501778,0.04204702377319336,0.546875,1,2
26,3728,0.016557693481445312,0.016557693481445312,0.703125,2,1
26,3587,0.035243472084403045,0.08354008197784424,0.46875,5,7
26,3545,0.028333790600299842,0.04900979995727539,0.53125,2,2
26,3729,0.021625197608955208,0.06117182970046997,0.44140625,4,4
26,3730,0.0223267381079495,0.033522844314575195,0.56640625,5,8
26,3731,0.024852857226505883,0.04783707857131958,0.5078125,5,7
26,3732,0.023543891613371674,0.04802578687667847,0.49609375,4,5
26,3733,0.026952625252306465,0.04233050346374512,0.5546875,5,6
26,3734,0.010541624855250122,0.08177745342254639,0.3515625,5,7
26,3735,0.024728376884013418,0.056021809577941895,0.4765625,6,8
26,3736,0.022855690913274888,0.06465256214141846,0.44140625,2,2
26,3737,0.02940931043121964,0.08319097757339478,0.44140625,5,8
26,3738,0.029841122450307015,0.07601320743560791,0.45703125,5,7
26,3739,0.0315420525148511,0.07145810127258301,0.4765625,5,6
26,3740,0.019096702337265018,0.0195159912109375,0.69140625,5,7
26,3741,0.02145529864355922,0.037749528884887695,0.52734375,5,7
26,3742,0.02707856381312013,0.08107733726501465,0.43359375,5,7
26,3743,0.018295408459380273,0.020769953727722168,0.65234375,1,0
26,3553,0.030684365658089522,0.08446449041366577,0.4453125,4,3
26,3571,0.02931138593703509,0.04985857009887695,0.53515625,3,5
26,3744,0.03321317583322526,0.08059310913085938,0.46484375,4,3
26,3745,0.027350607793778185,0.07331681251525879,0.44921875,5,5
26,3746,0.01655334234237671,0.01655334234237671,0.70703125,4,2
26,3747,0.016553163528442383,0.016553163528442383,0.70703125,3,4
26,3748,0.02395867416635156,0.05310320854187012,0.48046875,4,2
26,3749,0.020240614889189604,0.0791083574295044,0.40234375,3,5
26,3750,0.025587256648577753,0.046621620655059814,0.51953125,6,6
26,3751,0.013265669113025073,0.06724774837493896,0.37890625,3,4
26,3752,0.02337844390422106,0.055415570735931396,0.46875,6,6
26,3753,0.029534365050494674,0.07000738382339478,0.46875,4,5
26,3754,0.026334775728173557,0.053718745708465576,0.49609375,2,2
26,3755,0.0034853215329349063,0.05756402015686035,0.32421875,3,2
26,3756,0.014539855881594123,0.09190624952316284,0.36328125,3,6
26,3757,0.03109297365881503,0.09309709072113037,0.43359375,2,2
26,3758,0.02434193063527346,0.07507872581481934,0.4296875,3,6
26,3759,0.0015338659286499023,0.0015338659286499023,0.9296875,7,8
26,3760,0.02283536258619279,0.06837254762649536,0.43359375,3,4
26,3761,0.02087213832419366,0.07077175378799438,0.41796875,3,6
26,3762,0.023764076177030805,0.0732964277267456,0.4296875,4,5
26,3763,0.01901828264817596,0.022080183029174805,0.64453125,5,5
26,3764,0.022482785861939195,0.05873054265975952,0.453125,5,4
26,3765,0.00037783384323120117,0.00037783384323120117,0.953125,5,4
26,3766,0.02692154096439481,0.058406054973602295,0.484375,4,6
26,3767,0.028181834612041715,0.07757580280303955,0.4453125,6,7
26,3768,0.024669416248798374,0.04127693176269531,0.5390625,6,6
26,3769,0.03104331740178168,0.08321559429168701,0.44921875,5,4
26,3770,0.025954633369110528,0.07771211862564087,0.43359375,7,8
26,3771,0.01665520668029785,0.01665520668029785,0.703125,6,7
26,3772,0.027749899774789814,0.06150627136230469,0.48046875,3,3
26,3773,0.022856159601360563,0.08015310764312744,0.4140625,5,4
26,3774,0.022397110238671306,0.0466151237487793,0.4921875,3,5
26,3775,0.021184204611927274,0.03792417049407959,0.5234375,1,1
26,3776,0.025478005409240726,0.063323974609375,0.4609375,4,3
26,3777,0.022789487615227703,0.028739452362060547,0.6171875,5,4
26,3778,0.025912372162565592,0.07992249727249146,0.4296875,3,4
26,3779,0.016571402549743652,0.016571402549743652,0.703125,5,3
26,3780,0.02454770263284445,0.0757133960723877,0.4296875,2,2
26,3781,0.022840746911242608,0.05818140506744385,0.45703125,3,1
26,3782,0.025964411906898025,0.0714719295501709,0.4453125,2,3
26,3783,0.024859104771167043,0.07667386531829834,0.4296875,5,3
26,3784,0.02645796141587198,0.056209444999694824,0.48828125,3,3
26,3541,0.037357723107561476,0.08654820919036865,0.47265625,2,1
26,3653,0.027505547855980698,0.058435022830963135,0.48828125,3,3
26,3785,0.00801306962966919,0.00801306962966919,0.7734375,3,2
26,3786,0.023010268108919266,0.08069354295730591,0.4140625,2,2
26,3787,0.035121548920869834,0.10217177867889404,0.4375,2,1
26,3788,0.02297887532040477,0.08058345317840576,0.4140625,2,1
26,3789,0.017856453079730276,0.0192069411277771,0.671875,2,1
26,3790,0.031948981806635864,0.07573091983795166,0.46875,3,3
26,3791,0.033060095272958286,0.0842127799987793,0.45703125,2,2
26,3792,0.024804624728858474,0.07426881790161133,0.43359375,3,2
26,3793,0.009976309956982735,0.08373558521270752,0.34765625,2,4
26,3794,0.029352234676480297,0.06957566738128662,0.46875,2,1
26,3795,0.025033546611666686,0.048184871673583984,0.5078125,2,0
26,3796,0.026967272395268086,0.044396281242370605,0.54296875,3,3
26,3797,0.03287383273709566,0.0929911732673645,0.44140625,2,1
26,3798,0.02283681742846966,0.08008527755737305,0.4140625,2,0
26,3799,0.03603953076526523,0.08957397937774658,0.4609375,2,2
26,3800,0.024215138051658872,0.07250380516052246,0.43359375,4,3
26,3801,0.01947507914155722,0.07331794500350952,0.40625,2,3
26,3802,0.025033546611666686,0.048184871673583984,0.5078125,2,0
26,3803,0.021065686829388145,0.025318384170532227,0.6328125,4,3
26,3804,0.03453614749014378,0.09021687507629395,0.453125,3,4
26,3805,0.03631747700273991,0.09026479721069336,0.4609375,2,1
26,3806,0.02263337373733521,0.04526674747467041,0.5,3,4
26,3807,0.0002943873405456543,0.0002943873405456543,0.96484375,3,3
26,3808,0.024767262861132625,0.05610990524291992,0.4765625,2,3
26,3809,0.029011493897996846,0.07389992475509644,0.45703125,3,5
27,3687,0.02329572918824852,0.062447190284729004,0.44921875,3,4
27,3719,0.027289511635899547,0.04421591758728027,0.546875,1,2
27,3810,0.02689015539363027,0.04426932334899902,0.54296875,1,2
27,3811,0.026361363474279646,0.04204678535461426,0.55078125,1,1
27,3812,0.027065666276030246,0.038386762142181396,0.58203125,1,1
27,3813,0.016263149678707126,0.01678776741027832,0.6875,3,5
27,3814,0.014142471714876597,0.07957082986831665,0.37109375,4,5
27,3815,0.016263149678707126,0.01678776741027832,0.6875,2,1
27,3816,0.026682179071940485,0.042558491230010986,0.55078125,1,2
27,3817,0.016518476419150833,0.019177913665771484,0.64453125,1,1
27,3818,0.024281037738546733,0.07489091157913208,0.4296875,3,4
27,3819,0.016263149678707126,0.01678776741027832,0.6875,4,5
27,3820,0.016263149678707126,0.01678776741027832,0.6875,2,1
27,3821,0.016263149678707126,0.01678776741027832,0.6875,2,4
27,3822,0.0245781010016799,0.028862357139587402,0.640625,2,3
27,3823,0.02545239531900734,0.04478222131729126,0.52734375,3,3
27,3824,0.026720068068243567,0.04545074701309204,0.53515625,1,3
27,3744,0.02734738821163774,0.08188223838806152,0.43359375,4,3
27,3757,0.032027695327997215,0.09317147731781006,0.4375,2,2
27,3825,0.025464934296905998,0.07203340530395508,0.44140625,5,5
27,3826,0.020888480124995116,0.07585036754608154,0.41015625,3,4
27,3827,0.02580069331452251,0.07957804203033447,0.4296875,4,3
27,3828,0.02927661198191345,0.07276517152786255,0.4609375,2,2
27,3829,0.010929557494819166,0.06908559799194336,0.36328125,4,4
27,3830,0.019855113700032238,0.05616474151611328,0.44140625,5,3
27,3831,0.03479798906482757,0.09843409061431885,0.44140625,4,4
27,3832,0.01606241706758738,0.07758450508117676,0.3828125,5,3
27,3833,0.0008380673825740835,0.07151508331298828,0.3046875,2,2
27,3834,0.01629876194056124,0.07517987489700317,0.38671875,4,4
27,3835,0.02631224831566215,0.07443022727966309,0.44140625,5,6
27,3836,0.015973521280102435,0.017002999782562256,0.67578125,2,2
27,3837,0.02127592521719635,0.02976304292678833,0.5859375,6,4
27,3838,0.0265870385337621,0.058928847312927246,0.48046875,3,3
27,3839,0.02011692756786943,0.04881453514099121,0.46484375,4,3
27,3840,0.01770233106799424,0.020096659660339355,0.65234375,4,1
27,3841,4.684925079345703e-05,4.684925079345703e-05,0.9765625,5,4
27,3842,0.017516585066914562,0.019667744636535645,0.65625,4,2
27,3843,0.02620127203408629,0.08332329988479614,0.42578125,4,3
27,3844,0.028586224885657433,0.07662904262542725,0.44921875,5,4
27,3845,0.029229765292257074,0.08046042919158936,0.4453125,4,3
27,3846,0.01835003751330078,0.07456523180007935,0.3984375,2,1
27,3847,0.020745500689372424,0.06398612260818481,0.4296875,3,2
27,3848,0.018219097517430786,0.02215719223022461,0.62890625,4,1
27,3849,0.0014405250549316406,0.0014405250549316406,0.875,2,3
27,3850,0.02444701583590359,0.08289319276809692,0.41796875,4,3
27,3851,0.02011692756786943,0.04881453514099121,0.46484375,1,0
27,3852,0.016263149678707126,0.01678776741027832,0.6875,4,3
27,3805,0.03153433836996556,0.09173625707626343,0.4375,2,1
27,3653,0.026207539485767487,0.058087706565856934,0.48046875,3,3
27,3853,0.02195966569706798,0.035580217838287354,0.546875,1,0
27,3854,0.02315724804066122,0.07851994037628174,0.41796875,2,2
27,3855,0.029680981067940596,0.08395946025848389,0.44140625,3,2
27,3856,0.01430935575626791,0.08050978183746338,0.37109375,3,2
27,3857,0.023654293268918995,0.06881248950958252,0.4375,3,3
27,3858,0.026207539485767487,0.058087706565856934,0.48046875,2,2
27,3859,0.014344654278829699,0.08070838451385498,0.37109375,3,2
27,3860,0.02920923207420856,0.08745688199996948,0.43359375,2,1
27,3861,0.014241788536310201,0.08012962341308594,0.37109375,2,0
27,3862,0.014344728435389703,0.08070880174636841,0.37109375,2,0
27,3863,0.01745937368832529,0.018979191780090332,0.66796875,2,0
27,3864,0.02029141411185265,0.06659746170043945,0.421875,3,1
27,3865,0.016011700266972188,0.016868293285369873,0.6796875,2,0
27,3866,0.030099188559688635,0.09571915864944458,0.42578125,2,2
27,3867,0.016745186876505617,0.018011629581451416,0.671875,2,1
27,3541,0.02781546395272017,0.08845663070678711,0.42578125,2,1
27,3587,0.027376603800803426,0.08443868160247803,0.4296875,5,7
27,3868,0.020089316880330447,0.06388652324676514,0.42578125,3,3
27,3869,0.017573921475559477,0.01930868625640869,0.6640625,5,6
27,3870,0.013036161777563397,0.07334631681442261,0.37109375,3,5
27,3871,0.02011692756786943,0.04881453514099121,0.46484375,3,4
27,3872,0.03047893638722599,0.07061183452606201,0.47265625,2,2
27,3873,0.020313839893788103,0.06082272529602051,0.43359375,2,0
27,3874,0.023939618607982997,0.08692967891693115,0.41015625,3,2
27,3875,0.02149236551485956,0.03428065776824951,0.55078125,1,2
27,3876,0.03268638183362783,0.08997541666030884,0.4453125,2,1
27,3877,0.022175046382471923,0.039015889167785645,0.52734375,3,4
27,3878,0.02428492717444897,0.06343817710876465,0.453125,2,3
27,3879,0.022246622014790777,0.05963492393493652,0.44921875,2,1
27,3880,0.029581760521978143,0.0814293622970581,0.4453125,2,2
27,3881,0.03050930995959789,0.08630257844924927,0.44140625,5,5
27,3882,0.0311310098040849,0.0773741602897644,0.4609375,2,1
27,3883,0.016263149678707126,0.01678776741027832,0.6875,3,6
27,3884,0.019952076952904466,0.03182387351989746,0.55078125,3,3
27,3885,0.0325942182680592,0.09220021963119507,0.44140625,2,1
27,3886,0.014701753389090301,0.015488266944885254,0.6796875,3,2
27,3887,0.02687866869382561,0.09425944089889526,0.4140625,3,3
27,3888,0.020120723871514205,0.04661452770233154,0.47265625,5,6
27,3889,0.016263149678707126,0.01678776741027832,0.6875,5,8
27,3890,0.02011692756786943,0.04881453514099121,0.46484375,4,6
27,3891,0.02921489719301463,0.10608530044555664,0.41015625,2,1
27,3892,0.01703536079730839,0.018518269062042236,0.66796875,3,2
27,3893,0.011889389948919419,0.050308823585510254,0.39453125,5,5
27,3894,0.006510443985462191,0.0595240592956543,0.34375,6,8
27,3895,0.0287054053042084,0.06965482234954834,0.46484375,4,6
27,3896,0.020116632804274562,0.048813819885253906,0.46484375,3,3
27,3897,0.016263149678707126,0.01678776741027832,0.6875,4,6
27,3898,0.0331695294007659,0.06903576850891113,0.4921875,5,7
27,3899,0.022255889140069488,0.06663751602172852,0.43359375,5,8
27,3900,0.014344654278829699,0.08070838451385498,0.37109375,3,2
27,3901,0.01899828622117639,0.07425284385681152,0.40234375,4,3
27,3902,0.01762638310901821,0.07458436489105225,0.39453125,5,7
27,3903,0.0008400999940931818,0.07168853282928467,0.3046875,1,1
27,3904,0.015718052163720134,0.06937623023986816,0.390625,3,3
27,3905,0.0,0.08995223045349121,0.22265625,1,1
27,3906,0.030240276362746957,0.09054398536682129,0.43359375,2,1
27,3907,0.02833798807114363,0.09300673007965088,0.421875,2,2
27,3908,0.012435675598680977,0.06304025650024414,0.37890625,2,1
27,3909,0.022621610434725888,0.10434472560882568,0.38671875,2,1
27,3910,0.018205629196017984,0.059751808643341064,0.421875,5,7
27,3911,0.020028074621222917,0.059967100620269775,0.43359375,5,5
27,3612,0.03272125124931336,0.09518909454345703,0.4375,2,4
27,3685,0.02011692756786943,0.04881453514099121,0.46484375,3,4
27,3912,0.014344654278829699,0.08070838451385498,0.37109375,2,3
27,3913,0.02011692756786943,0.04881453514099121,0.46484375,3,4
27,3914,0.023867950192652646,0.05529588460922241,0.47265625,2,4
27,3915,0.01836444879882038,0.07177555561065674,0.40234375,3,4
27,3916,0.017435585963539783,0.042308151721954346,0.46484375,2,5
27,3917,0.02011692756786943,0.04881453514099121,0.46484375,3,5
27,3918,0.02011692756786943,0.04881453514099121,0.46484375,3,2
27,3919,0.018760883132927123,0.07332497835159302,0.40234375,4,7
27,3920,0.003180265426635742,0.003180265426635742,0.82421875,3,5
27,3921,4.172325134277344e-07,4.172325134277344e-07,0.984375,2,4
27,3922,0.019292767392471436,0.0595054030418396,0.4296875,3,4
27,3923,0.02169687382411212,0.04809004068374634,0.48046875,2,4
27,3924,0.017616173252463344,0.019779562950134277,0.65625,1,0
27,3925,0.0031020218739286087,0.07563024759292603,0.31640625,2,4
27,3708,0.02692199323792011,0.09128516912460327,0.41796875,2,2
27,3707,0.02712506521493197,0.08902585506439209,0.421875,1,1
27,3926,0.014344654278829699,0.08070838451385498,0.37109375,1,0
27,3927,0.02752836514264346,0.09653782844543457,0.4140625,1,1
27,3928,0.0006725788116455078,0.0006725788116455078,0.90625,2,1
27,3929,0.016974285710603002,0.046724915504455566,0.4453125,1,2
27,3930,0.02659806096926332,0.060257554054260254,0.4765625,2,2
27,3931,0.019645437598228458,0.05715036392211914,0.4375,1,0
27,3932,0.027201878721825782,0.08650535345077515,0.42578125,3,3
27,3933,0.018454157747328285,0.021670937538146973,0.640625,2,1
27,3934,0.022090468090027574,0.053603410720825195,0.46484375,2,3
27,3935,0.019891433417797092,0.048267364501953125,0.46484375,1,0
27,3936,0.03212201013229788,0.08182322978973389,0.45703125,1,2
27,3937,0.015300446539185943,0.0156363844871521,0.69140625,3,3
27,3938,0.02622480387799442,0.0889211893081665,0.41796875,2,3
27,3939,0.026679208735004074,0.09687769412994385,0.41015625,1,2
27,3940,0.020671484177000824,0.04581731557846069,0.48046875,1,0
27,3941,0.01831585913896561,0.022542595863342285,0.625,1,0
27,3942,0.02484510093927384,0.10095787048339844,0.3984375,1,1
27,3943,0.018713000230491165,0.04650998115539551,0.4609375,3,4
27,3944,0.030661692493595186,0.08219259977340698,0.44921875,1,1
27,3945,0.017273713834583763,0.01877737045288086,0.66796875,3,2
27,3946,0.03111066482961178,0.0905037522315979,0.4375,2,2
27,3947,0.0287038068054244,0.09732681512832642,0.41796875,2,2
28,3858,0.02056363190058619,0.05816894769668579,0.44140625,2,2
28,3653,0.02056363190058619,0.05816894769668579,0.44140625,3,3
28,3948,0.02176829357631505,0.059921324253082275,0.4453125,2,1
28,3949,0.013849291019141678,0.05213850736618042,0.40625,1,1
28,3950,0.023709799861535433,0.04033029079437256,0.53515625,3,3
28,3951,0.02343998244032264,0.05195355415344238,0.48046875,2,2
28,3952,0.017524680355563763,0.07415401935577393,0.39453125,2,3
28,3953,0.01956826192326844,0.02467721700668335,0.6171875,1,0
28,3954,0.023186350008472804,0.05626261234283447,0.46484375,2,2
28,3955,0.024931811261922128,0.0471036434173584,0.51171875,2,1
28,3956,0.024933357140980668,0.04710656404495239,0.51171875,4,3
28,3957,0.02407912909984589,0.04236602783203125,0.52734375,2,1
28,3958,0.004775822162628174,0.004775822162628174,0.84375,3,4
28,3959,0.017389963846653703,0.07675570249557495,0.390625,3,3
28,3960,0.022097238572314385,0.08979195356369019,0.3984375,3,3
28,3961,0.012329519726336004,0.07793474197387695,0.36328125,3,3
28,3719,0.028902337187901143,0.042768776416778564,0.5703125,1,2
28,3812,0.02879299246706069,0.03631037473678589,0.6171875,1,1
28,3962,0.020297726849094037,0.041404128074645996,0.49609375,2,3
28,3963,0.02802450559101999,0.03253638744354248,0.64453125,1,2
28,3964,0.02825839770957828,0.03953087329864502,0.5859375,1,2
28,3965,0.0256920512765646,0.05573868751525879,0.484375,1,2
28,3966,0.028433923725970093,0.03377765417098999,0.63671875,1,2
28,3967,0.026882529607973996,0.04158264398574829,0.55859375,1,2
28,3968,0.016044570365920666,0.016075968742370605,0.69921875,1,0
28,3969,0.016009948216378692,0.016041278839111328,0.69921875,1,1
28,3970,0.016010662075132135,0.016041994094848633,0.69921875,1,0
28,3971,0.01601433753967285,0.01601433753967285,0.703125,1,2
28,3972,0.029549280647188432,0.04944193363189697,0.5390625,1,1
28,3973,0.016009472310543064,0.016040802001953125,0.69921875,2,3
28,3974,0.028047840809449557,0.04473674297332764,0.55078125,1,3
28,3975,0.02732480317354203,0.048076629638671875,0.52734375,2,3
28,3976,0.00904393196105957,0.00904393196105957,0.78515625,1,1
28,3977,0.029850406106561426,0.0371859073638916,0.62109375,1,1
28,3978,0.029702598694711927,0.03528475761413574,0.63671875,1,1
28,3876,0.025233020307496194,0.08848839998245239,0.4140625,2,1
28,3936,0.02270273095928133,0.07961505651473999,0.4140625,1,2
28,3979,0.02026499900966883,0.04396474361419678,0.484375,2,1
28,3980,0.017628758214414123,0.07780969142913818,0.390625,3,2
28,3981,0.02568771434016526,0.09008294343948364,0.4140625,1,1
28,3982,0.015579515602439647,0.07897734642028809,0.37890625,2,2
28,3983,0.0291891060769558,0.08739662170410156,0.43359375,2,1
28,3984,0.01657640375196934,0.017463207244873047,0.6796875,2,1
28,3985,0.02944885287433863,0.08817434310913086,0.43359375,2,2
28,3986,0.016039791982620958,0.016229987144470215,0.6953125,1,0
28,3987,0.026046659331768755,0.08548647165298462,0.421875,2,1
28,3988,0.010458991164341572,0.0622674822807312,0.3671875,3,3
28,3989,0.0290094455704093,0.08947491645812988,0.4296875,2,1
28,3990,0.014918885193765165,0.038971781730651855,0.453125,1,2
28,3991,0.021055704681202773,0.04473245143890381,0.48828125,2,1
28,3992,0.01284247636795044,0.01284247636795044,0.7265625,2,2
28,3993,0.021187275415286425,0.08965194225311279,0.39453125,2,2
28,3994,0.009613591711968187,0.05723440647125244,0.3671875,2,1
28,3995,0.023541216738522056,0.061495423316955566,0.453125,2,2
28,3996,0.021143141202628616,0.05011707544326782,0.46875,1,1
28,3997,0.0198820922523737,0.08775544166564941,0.390625,2,1
28,3998,0.023758401046507064,0.06720608472824097,0.44140625,2,1
28,3999,0.025124552892521027,0.09123241901397705,0.41015625,1,1
28,4000,0.017375139635987583,0.06790894269943237,0.40234375,3,2
28,3612,0.028276604600250724,0.09280526638031006,0.421875,2,4
28,3914,0.024253571173176173,0.05375683307647705,0.48046875,2,4
28,4001,0.021780474809929732,0.05045974254608154,0.47265625,2,4
28,4002,0.019716309383511547,0.05735653638839722,0.4375,3,6
28,4003,0.025674800388515003,0.04941916465759277,0.5078125,2,4
28,4004,0.020844948710873726,0.039382338523864746,0.51171875,1,1
28,4005,0.021661100909113887,0.05383729934692383,0.4609375,2,3
28,4006,0.016824087128043178,0.05899953842163086,0.4140625,2,3
28,4007,0.022322605596855286,0.04742395877838135,0.48828125,2,5
28,4008,0.024933357140980668,0.04710656404495239,0.51171875,1,0
28,4009,0.024749312549829487,0.05866503715515137,0.46875,2,4
28,4010,7.3909759521484375e-06,7.3909759521484375e-06,0.984375,2,3
28,4011,0.0,0.062215328216552734,0.296875,2,3
28,4012,0.018909710459411148,0.08346354961395264,0.390625,2,3
28,4013,0.02028678799979389,0.07366549968719482,0.41015625,2,4
28,4014,0.0017478466033935547,0.0017478466033935547,0.90625,3,3
28,4015,0.03148439957294614,0.08906084299087524,0.44140625,2,4
28,4016,0.024932536878623075,0.04710501432418823,0.51171875,2,3
28,3898,0.02665504929609597,0.06789743900299072,0.45703125,5,7
28,3885,0.030099613359197978,0.09012281894683838,0.43359375,2,1
28,4017,0.027907271403819326,0.0768200159072876,0.4453125,3,3
28,4018,0.020611055544577542,0.04204326868057251,0.49609375,3,2
28,4019,0.02672923263162375,0.08772671222686768,0.421875,2,2
28,4020,0.024081944487988952,0.03563570976257324,0.5703125,2,2
28,4021,0.017371265916153792,0.01830059289932251,0.6796875,1,0
28,4022,0.024350828374736018,0.0951727032661438,0.40234375,2,1
28,4023,0.026300627971068028,0.08363926410675049,0.42578125,1,1
28,4024,0.02493206365033985,0.0471041202545166,0.51171875,2,0
28,4025,0.024725146591663364,0.09308290481567383,0.40625,2,3
28,4026,0.027000183239579204,0.07854598760604858,0.4375,2,3
28,4027,0.029208579566329725,0.09903836250305176,0.41796875,2,2
28,4028,0.002881646156311035,0.002881646156311035,0.8671875,2,1
28,4029,0.008397668600082401,0.04999542236328125,0.3671875,6,8
28,4030,0.017133655725046996,0.058095574378967285,0.41796875,6,9
28,4031,0.014562096213921908,0.06716930866241455,0.38671875,2,3
28,4032,0.023247139295563105,0.06960546970367432,0.43359375,2,2
28,4033,0.026465497445315126,0.09281051158905029,0.4140625,2,1
28,4034,0.02687114209402353,0.0854535698890686,0.42578125,1,2
28,4035,0.022518543060868982,0.0763542652130127,0.41796875,2,1
28,4036,0.03061048721428961,0.09165245294570923,0.43359375,2,1
28,4037,0.01133956771809608,0.07167726755142212,0.36328125,2,2
28,4038,0.0,0.06998348236083984,0.27734375,1,1
28,4039,0.019835283514112238,0.036141157150268555,0.51953125,1,1
28,4040,0.021329768467694524,0.08336520195007324,0.40234375,3,3
28,4041,0.028765877243131403,0.09147906303405762,0.42578125,2,1
28,4042,0.005087027326226236,0.07234883308410645,0.328125,3,3
28,4043,0.020704966736957434,0.04309326410293579,0.4921875,2,1
28,4044,0.0302756306482479,0.08564156293869019,0.44140625,2,1
28,4045,0.027478482574224476,0.09317207336425781,0.41796875,2,1
28,4046,0.024933357140980668,0.04710656404495239,0.51171875,1,1
28,4047,0.021439063129946593,0.045546889305114746,0.48828125,1,1
28,4048,0.028347486164420847,0.09303790330886841,0.421875,2,1
28,4049,0.02190940012224019,0.07955753803253174,0.41015625,3,2
28,4050,0.02423201524652541,0.07706081867218018,0.42578125,6,7
28,3831,0.02653436665423215,0.0963517427444458,0.41015625,4,4
28,3757,0.02763149701058865,0.09068799018859863,0.421875,2,2
28,4051,0.019385609775781635,0.07298111915588379,0.40625,1,0
28,4052,0.028053084388375286,0.07722139358520508,0.4453125,3,2
28,4053,0.011587972752749922,0.07324743270874023,0.36328125,4,4
28,4054,0.02171829261351377,0.03260928392410278,0.56640625,2,0
28,4055,7.62939453125e-06,7.62939453125e-06,0.984375,5,3
28,4056,0.022907714359462265,0.05984055995941162,0.453125,4,3
28,4057,0.017237950116395954,0.017794013023376465,0.6875,4,4
28,4058,0.012224784702993931,0.07727271318435669,0.36328125,3,2
28,4059,0.01930025615729392,0.05312758684158325,0.4453125,5,9
28,4060,0.028853195020928982,0.08639085292816162,0.43359375,4,4
28,4061,0.01993484678678215,0.02545297145843506,0.61328125,4,3
28,4062,0.013936202973127369,0.06151151657104492,0.390625,6,5
28,4063,0.01890161167830229,0.07998037338256836,0.39453125,4,5
28,4064,0.018827989231795076,0.0216141939163208,0.6484375,2,2
28,4065,0.015041304286569362,0.08954823017120361,0.3671875,4,4
28,4066,0.020523033337667588,0.023827195167541504,0.64453125,4,5
28,4067,0.029637780971825126,0.07549524307250977,0.45703125,4,4
28,4068,0.0270807589404285,0.06273913383483887,0.47265625,5,4
28,4069,0.015455000451765958,0.07128793001174927,0.38671875,5,7
28,4070,0.015205784467980269,0.05943024158477783,0.40234375,5,4
28,4071,0.028286461019888524,0.07205307483673096,0.45703125,5,5
28,4072,0.026137904264032844,0.09166169166564941,0.4140625,3,2
28,4073,0.026531553827226165,0.045892417430877686,0.53125,5,4
28,4074,0.018510949099436406,0.07521909475326538,0.3984375,4,4
28,4075,0.021402588346973065,0.041985154151916504,0.50390625,2,3
28,4076,0.024056092835962776,0.041610538959503174,0.53125,3,2
28,4077,0.017635880503803495,0.01857936382293701,0.6796875,3,0
28,4078,0.016010126681067053,0.016041457653045654,0.69921875,5,5
28,4079,0.021591916680336002,0.031053543090820312,0.578125,4,3
28,4080,0.01828496367670596,0.0714648962020874,0.40234375,5,5
28,4081,0.020132050383836034,0.024196267127990723,0.6328125,5,3
28,4082,0.01569177303463221,0.06926023960113525,0.390625,3,2
28,4083,0.017882388317957524,0.05058443546295166,0.44140625,3,5
28,4084,0.018284748774021867,0.021228551864624023,0.64453125,1,1
28,4085,0.01588677847757936,0.0162355899810791,0.69140625,2,3
29,3957,0.02416153787635267,0.04042714834213257,0.5390625,2,1
29,3951,0.024556577205657966,0.04911315441131592,0.5,2,2
29,4086,0.02253826800733805,0.04338192939758301,0.5078125,3,4
29,4087,0.02282616496086121,0.06640338897705078,0.4375,2,1
29,4088,0.022895853035151962,0.07514536380767822,0.421875,1,0
29,4089,0.024131387937814,0.02833777666091919,0.640625,2,2
29,4090,0.026898580370470885,0.05486881732940674,0.49609375,1,0
29,4091,0.02511761686764658,0.04496580362319946,0.5234375,3,2
29,4092,0.010156167671084406,0.04482722282409668,0.390625,1,1
29,4093,0.02511761686764658,0.04496580362319946,0.5234375,1,0
29,4094,0.017464835545979444,0.038709938526153564,0.48046875,1,1
29,4095,0.024024958955124024,0.038320183753967285,0.55078125,2,1
29,4096,0.015610039234161377,0.015610039234161377,0.71484375,1,0
29,4097,0.02790141105651856,0.05580282211303711,0.5,2,2
29,4098,0.0237566891591996,0.04179871082305908,0.52734375,1,0
29,4099,0.0019811391830444336,0.0019811391830444336,0.875,2,2
29,4100,0.016450454364530746,0.017154037952423096,0.68359375,2,1
29,4060,0.03613025043159724,0.08370447158813477,0.47265625,4,4
29,4071,0.03146144456695766,0.06973272562026978,0.48046875,5,5
29,4101,0.030262721702456478,0.07905364036560059,0.453125,5,6
29,4102,0.023048040457069877,0.075644850730896,0.421875,1,1
29,4103,0.007975374348461631,0.04748129844665527,0.3671875,5,5
29,4104,0.025873959995806224,0.04799807071685791,0.515625,4,3
29,4105,0.027205824619159106,0.05779826641082764,0.48828125,5,6
29,4106,0.02706937561742962,0.05210345983505249,0.5078125,3,2
29,4107,0.01263328501954675,0.05345654487609863,0.39453125,4,5
29,4108,0.022099678288213912,0.06251400709152222,0.44140625,3,3
29,4109,0.015165578573942186,0.04411804676055908,0.4375,5,4
29,4110,0.036244150018319495,0.07393229007720947,0.49609375,4,4
29,4111,0.018364483024924997,0.02435910701751709,0.6015625,5,5
29,4112,0.0027941714506596344,0.04614889621734619,0.32421875,6,6
29,4113,0.02302292408421636,0.07556241750717163,0.421875,4,3
29,4114,0.0248089199885726,0.0616610050201416,0.4609375,4,4
29,4115,0.01790268276818097,0.020784974098205566,0.64453125,1,2
29,4116,0.02421358320862055,0.040514230728149414,0.5390625,3,3
29,4117,0.03242041787598283,0.06613248586654663,0.49609375,2,2
29,4118,0.0309923590393737,0.06584268808364868,0.48828125,4,4
29,4119,0.020423263544216756,0.027445435523986816,0.59765625,3,3
29,4120,0.016866384074091915,0.03997957706451416,0.46875,1,2
29,4121,0.009126082062721256,0.04867243766784668,0.375,5,5
29,4122,0.023239713045768443,0.06573885679244995,0.44140625,6,6
29,4123,0.010627476964145902,0.04690748453140259,0.390625,5,4
29,4124,0.018347404897212986,0.05050468444824219,0.4453125,5,6
29,4125,0.02402044087648392,0.07408714294433594,0.4296875,4,3
29,4126,0.021061757695861164,0.02987152338027954,0.58203125,3,3
29,3977,0.025605181115679446,0.03631538152694702,0.58203125,1,1
29,3978,0.02606342174112797,0.034571170806884766,0.6015625,1,1
29,4127,0.022165362606756393,0.05378514528274536,0.46484375,1,2
29,4128,0.02582386578433216,0.04623013734817505,0.5234375,3,2
29,4129,0.027317014290019873,0.04497206211090088,0.54296875,1,1
29,4130,0.027250493410974744,0.03523296117782593,0.609375,1,2
29,4131,0.034897265955805785,0.08271944522857666,0.46875,5,6
29,4132,9.655952453613281e-06,9.655952453613281e-06,0.9921875,4,4
29,4133,0.04046559892594815,0.08254337310791016,0.49609375,4,5
29,4134,0.02540666854474694,0.037060439586639404,0.57421875,1,1
29,4135,0.015525341033935547,0.015525341033935547,0.71875,1,0
29,4136,0.027093575103208426,0.033751606941223145,0.62109375,1,1
29,4137,0.015504002571105957,0.015504002571105957,0.71875,1,1
29,4138,0.015500009059906006,0.015500009059906006,0.71875,1,0
29,4139,0.024046333739534024,0.04090273380279541,0.53515625,2,2
29,4140,0.024876191164366908,0.046998560428619385,0.51171875,1,1
29,4141,0.028683286393061284,0.04068100452423096,0.58203125,1,1
29,4142,0.02009256498422474,0.03941529989242554,0.50390625,1,1
29,4143,0.01550072431564331,0.01550072431564331,0.71875,1,0
29,4144,0.026294812560081485,0.035805702209472656,0.59375,1,1
29,4145,0.02274795295670629,0.026713192462921143,0.640625,1,1
29,4146,0.020955275744199756,0.05208301544189453,0.4609375,1,2
29,4147,0.01549994945526123,0.01549994945526123,0.71875,2,2
29,4148,0.0254156431183219,0.041179776191711426,0.546875,1,1
29,4149,0.0009910447988659159,0.04612863063812256,0.30859375,4,4
29,4150,0.015500009059906006,0.015500009059906006,0.71875,4,4
29,3885,0.03817776823416353,0.08649122714996338,0.4765625,2,1
29,4027,0.036841663531959064,0.09623944759368896,0.453125,2,2
29,4151,0.03886627103202046,0.08805102109909058,0.4765625,2,1
29,4152,0.02520345384255052,0.058389902114868164,0.47265625,2,1
29,4153,0.021678936900570992,0.06894171237945557,0.42578125,2,1
29,4154,0.015501320362091064,0.015501320362091064,0.71875,2,1
29,4155,0.01653014868497849,0.017063379287719727,0.6875,2,1
29,4156,0.039167413720861084,0.0887332558631897,0.4765625,2,1
29,4157,0.021801036549732093,0.061669230461120605,0.44140625,2,0
29,4158,0.018460284685716036,0.023279964923858643,0.6171875,1,0
29,4159,0.02288048900663853,0.07509493827819824,0.421875,1,0
29,4160,0.03902468574233354,0.09469497203826904,0.46484375,3,3
29,4161,0.0,0.09856116771697998,0.1953125,2,2
29,4162,0.027182237245142467,0.10233312845230103,0.40625,1,2
29,4163,0.03889562725089491,0.0901111364364624,0.47265625,1,1
29,4164,0.03795681800693274,0.08599066734313965,0.4765625,2,1
29,4165,0.02135148318484426,0.03405594825744629,0.55078125,1,1
29,4166,0.0,0.09493017196655273,0.19921875,2,0
29,4167,0.038257013540714986,0.08667075634002686,0.4765625,2,1
29,4168,0.023129691369831566,0.07591283321380615,0.421875,1,0
29,4036,0.04320680862292648,0.0881350040435791,0.49609375,2,1
29,4044,0.04073667514603586,0.08309632539749146,0.49609375,2,1
29,4169,0.023121508653275672,0.035764992237091064,0.55859375,1,0
29,4170,0.027626632247120145,0.03359818458557129,0.62890625,2,2
29,4171,0.036225424148142345,0.0785907506942749,0.484375,3,2
29,4172,0.023626064532436434,0.043048202991485596,0.51953125,1,1
29,4173,0.01606297492980957,0.01606297492980957,0.71484375,2,0
29,4174,0.021871291100978855,0.06362557411193848,0.4375,2,0
29,4175,0.03175908140838147,0.07528078556060791,0.46875,2,2
29,4176,0.023045461624860767,0.07563638687133789,0.421875,2,0
29,4177,0.03900273819454015,0.08286058902740479,0.48828125,2,1
29,4178,0.025156548712402586,0.04426169395446777,0.52734375,1,0
29,4179,0.03050063678529114,0.0776931643486023,0.45703125,2,1
29,4180,0.023392459843307737,0.05958676338195801,0.45703125,2,2
29,4181,0.030426509678363804,0.07212209701538086,0.46875,3,2
29,4182,0.0245074681006372,0.04311966896057129,0.52734375,2,2
29,4183,0.002232806757092478,0.07144981622695923,0.3125,2,2
29,4184,0.031133981421589855,0.06900691986083984,0.48046875,3,3
29,4185,0.026925513055175546,0.07411754131317139,0.4453125,2,1
29,4186,0.041344514698721475,0.08433622121810913,0.49609375,2,2
29,4187,0.018921512179076675,0.07123392820358276,0.40625,2,1
29,4188,0.016673360951244835,0.016705989837646484,0.69921875,3,2
29,4189,0.023045461624860767,0.07563638687133789,0.421875,2,0
29,4190,0.023140951059758667,0.0759497880935669,0.421875,1,0
29,4191,0.03854010766372085,0.08731210231781006,0.4765625,2,2
29,4192,0.03534269542433322,0.08576047420501709,0.46484375,3,3
29,4193,0.03371996898204089,0.08808481693267822,0.453125,2,1
29,4194,0.014481699327006941,0.08621662855148315,0.3671875,1,0
29,4195,0.03725106397178025,0.08256512880325317,0.48046875,1,1
29,4196,0.02047508675605059,0.06315207481384277,0.4296875,1,1
29,4197,0.03873401996679605,0.08585202693939209,0.48046875,2,1
29,4198,0.03698438126593829,0.08974409103393555,0.46484375,1,1
29,4199,0.023526959121227268,0.07256507873535156,0.4296875,3,2
29,4200,0.02465583942830563,0.03994870185852051,0.546875,1,0
29,4201,0.014247594401240352,0.06881856918334961,0.3828125,3,4
29,4202,0.04073667514603586,0.08309632539749146,0.49609375,2,1
29,4203,0.01202288246713579,0.04885488748550415,0.3984375,2,2
29,4015,0.04042725823819638,0.08588695526123047,0.48828125,2,4
29,3612,0.04247198626399041,0.09023094177246094,0.48828125,2,4
29,4204,0.018305096775293354,0.020112037658691406,0.6640625,1,0
29,4205,0.024564610328525308,0.06584858894348145,0.44921875,3,4
29,4206,0.0211597727611661,0.0459059476852417,0.484375,2,3
29,4207,0.0,0.06355881690979004,0.296875,2,4
29,4208,0.01806645386386663,0.020065128803253174,0.66015625,2,4
29,4209,0.02095492160879076,0.04854714870452881,0.47265625,3,4
29,4210,0.0,0.09633326530456543,0.19921875,2,2
29,4211,2.384185791015625e-07,2.384185791015625e-07,1.0,1,2
29,4212,0.011781573295593262,0.011781573295593262,0.74609375,1,0
29,4213,0.025539692840538922,0.0520969033241272,0.49609375,2,4
29,4214,0.02511761686764658,0.04496580362319946,0.5234375,2,3
29,4215,7.569789886474609e-06,7.569789886474609e-06,0.9921875,1,0
29,4216,0.02511761686764658,0.04496580362319946,0.5234375,1,0
29,4217,0.026273943483829502,0.043254852294921875,0.54296875,2,5
29,4218,0.024437129497528083,0.04887425899505615,0.5,2,4
29,4219,0.02060769987292588,0.04668647050857544,0.4765625,2,4
29,4220,0.02931791171431542,0.05341911315917969,0.51953125,2,4
29,4221,0.027208568528294567,0.0729360580444336,0.44921875,3,5
29,4222,0.02452350989915431,0.04633224010467529,0.51171875,3,5
29,4223,0.023903306107968095,0.06244128942489624,0.453125,2,3
30,3957,0.018768711481243375,0.039063334465026855,0.4921875,2,1
30,4089,0.02346484595909715,0.02755504846572876,0.640625,2,2
30,4224,0.017060747835785154,0.018545866012573242,0.66796875,1,1
30,4225,0.01508253812789917,0.01508253812789917,0.70703125,2,1
30,4226,0.014912129379808906,0.07202839851379395,0.3828125,3,3
30,4227,0.017360500991344455,0.06088066101074219,0.4140625,2,1
30,4228,0.016562613192945722,0.06473326683044434,0.40234375,3,2
30,4229,0.014965415000915527,0.014965415000915527,0.70703125,1,1
30,4230,0.0,0.06600308418273926,0.1953125,1,1
30,4231,0.015151451807469133,0.07318437099456787,0.3828125,3,2
30,4232,0.014835868030786518,0.07166004180908203,0.3828125,2,1
30,4233,0.018756872625090185,0.03984862565994263,0.48828125,2,1
30,4234,0.014962077140808105,0.014962077140808105,0.70703125,2,2
30,4235,0.014962077140808105,0.014962077140808105,0.70703125,2,1
30,4236,0.01870347233489156,0.02513432502746582,0.59765625,1,0
30,4237,0.0188243305310607,0.03256100416183472,0.53125,2,1
30,4238,0.014962077140808105,0.014962077140808105,0.70703125,2,1
30,4239,0.014962077140808105,0.014962077140808105,0.70703125,3,3
30,4110,0.030068834312260154,0.07296323776245117,0.46484375,4,4
30,4060,0.028870755806565288,0.08398765325546265,0.4375,4,4
30,4240,0.02311421243939549,0.08393245935440063,0.41015625,3,3
30,4241,0.02359185600653291,0.05863606929779053,0.4609375,4,4
30,4242,0.02236351452302188,0.056965768337249756,0.45703125,3,3
30,4243,0.020711681689135734,0.06201392412185669,0.43359375,2,3
30,4244,0.0,0.10372352600097656,0.24609375,2,3
30,4245,0.01572738331742585,0.0432925820350647,0.4453125,4,5
30,4246,0.020817016717046503,0.027259111404418945,0.60546875,4,4
30,4247,0.018434184137731794,0.025787711143493652,0.5859375,4,4
30,4248,0.023564506787806753,0.030856847763061523,0.60546875,4,4
30,4249,0.024178943596780304,0.030871868133544922,0.61328125,2,1
30,4250,0.003976285457611084,0.003976285457611084,0.85546875,4,4
30,4251,0.02492756769061089,0.0686178207397461,0.4453125,3,4
30,4252,0.025731879053637392,0.05047786235809326,0.50390625,3,2
30,4253,0.023336925543844703,0.043291687965393066,0.515625,1,1
30,4254,0.020204905187711123,0.04680955410003662,0.47265625,4,4
30,4255,0.029933381825685505,0.06359291076660156,0.48828125,3,3
30,4256,0.025220766663551334,0.05590057373046875,0.48046875,4,4
30,4257,0.013650669949129227,0.0533522367477417,0.40234375,3,4
30,4258,0.02235489478334785,0.07839524745941162,0.4140625,4,4
30,4259,0.01661191694438458,0.0178682804107666,0.671875,4,4
30,4260,0.01865251082926989,0.020493745803833008,0.6640625,4,3
30,4261,0.01866074558347464,0.03883862495422363,0.4921875,4,3
30,4262,0.020409615710377697,0.0483783483505249,0.46875,2,2
30,4263,0.0,0.09292334318161011,0.171875,5,6
30,4264,0.0,0.05089902877807617,0.2890625,4,4
30,4265,0.02368371316697449,0.060328662395477295,0.45703125,3,2
30,4266,0.01519918441772461,0.01519918441772461,0.70703125,3,2
30,4267,0.014789481880143288,0.07143598794937134,0.3828125,4,3
30,4268,0.024249821319244805,0.03992253541946411,0.54296875,2,3
30,4269,0.01086445571854711,0.06468141078948975,0.3671875,2,1
30,4270,0.014335057698190214,0.039459943771362305,0.4453125,4,4
30,4160,0.027276780921965844,0.09565556049346924,0.4140625,3,3
30,4163,0.026748438598588112,0.09069669246673584,0.41796875,1,1
30,4271,0.017204556846991185,0.06033378839492798,0.4140625,2,0
30,4272,0.019682415062561635,0.04181492328643799,0.48828125,3,2
30,4273,0.025820534792728726,0.05981951951980591,0.47265625,3,3
30,4274,0.019590078620240096,0.04342043399810791,0.48046875,1,1
30,4275,0.02915709558874369,0.08730077743530273,0.43359375,3,4
30,4276,0.019632514100521806,0.04351449012756348,0.48046875,2,0
30,4277,0.019288471899926666,0.0491328239440918,0.45703125,3,2
30,4278,0.030355279217474166,0.09088832139968872,0.43359375,3,2
30,4279,0.019632514100521806,0.04351449012756348,0.48046875,3,3
30,4280,0.026991938939318064,0.09152233600616455,0.41796875,3,3
30,4281,0.019632514100521806,0.04351449012756348,0.48046875,1,0
30,4282,0.027798419352620847,0.05350673198699951,0.5078125,2,3
30,4283,0.014663403853774074,0.07082700729370117,0.3828125,3,2
30,4284,0.017989196581766013,0.02661985158920288,0.5703125,3,4
30,4285,0.018911558669060472,0.039360642433166504,0.4921875,1,0
30,4286,0.0183197851292789,0.0292203426361084,0.55078125,2,1
30,4287,0.018903936259448532,0.02681112289428711,0.58203125,3,2
30,4288,0.019632514100521806,0.04351449012756348,0.48046875,3,3
30,4289,0.01448054728098214,0.07340633869171143,0.37890625,2,3
30,4290,0.015162866329774264,0.07323950529098511,0.3828125,2,1
30,4291,0.0280268881469965,0.08644437789916992,0.4296875,3,2
30,4292,0.01720452285371721,0.06033366918563843,0.4140625,3,2
30,4293,0.014456443488597873,0.07328414916992188,0.37890625,1,0
30,4294,0.028554795077070597,0.09080779552459717,0.42578125,3,3
30,4295,0.016598808113485578,0.07326370477676392,0.390625,1,1
30,4296,0.015180191723629836,0.07332319021224976,0.3828125,1,0
30,3612,0.031037457287311557,0.09029078483581543,0.4375,2,4
30,4015,0.029251892818138007,0.08758461475372314,0.43359375,2,4
30,4297,0.01955158344935626,0.05530613660812378,0.44140625,1,1
30,4298,0.022307671140879396,0.06880438327789307,0.4296875,2,4
30,4299,0.010762848891317848,0.054560184478759766,0.37890625,1,1
30,4300,0.02670177351683379,0.049533724784851074,0.515625,1,2
30,4301,0.026562179205939177,0.06445419788360596,0.46484375,2,4
30,4302,0.015586975263431672,0.06595480442047119,0.39453125,3,2
30,4303,0.0,0.056859731674194336,0.29296875,2,3
30,4304,0.01972539955750108,0.05579781532287598,0.44140625,4,6
30,4305,0.021733690518885854,0.05677372217178345,0.453125,1,1
30,4306,0.019632514100521806,0.04351449012756348,0.48046875,2,3
30,4307,0.019632514100521806,0.04351449012756348,0.48046875,1,0
30,4308,0.0,0.06546294689178467,0.2578125,2,4
30,4309,0.012986790388822557,0.04554271697998047,0.4140625,1,1
30,4310,0.01603302673902363,0.04297858476638794,0.44921875,3,5
30,4311,0.021622877335175875,0.04500371217727661,0.4921875,2,5
30,4312,0.019596864469349388,0.048706769943237305,0.4609375,2,4
30,4313,0.020450862823054198,0.047379374504089355,0.47265625,1,1
30,4314,0.017372866859659556,0.0589066743850708,0.41796875,2,5
30,4315,0.019596153637394313,0.0687207579612732,0.4140625,2,3
30,4316,0.00016552209854125977,0.00016552209854125977,0.953125,2,4
30,4317,0.019096603849902753,0.04057037830352783,0.48828125,1,1
30,4318,0.019632514100521806,0.04351449012756348,0.48046875,3,4
30,4319,0.014962077140808105,0.014962077140808105,0.70703125,3,5
30,4320,0.019603891531005505,0.0475696325302124,0.46484375,2,4
30,4321,0.022507902234792713,0.05214500427246094,0.47265625,2,4
30,4036,0.027086564339697364,0.08889949321746826,0.421875,2,1
30,4186,0.027764242840930823,0.08563429117202759,0.4296875,2,2
30,4322,0.018695590086281303,0.021462202072143555,0.6484375,2,0
30,4323,0.027475621551275257,0.07177305221557617,0.453125,3,2
30,4324,0.01863473188132048,0.02680051326751709,0.578125,2,0
30,4325,0.015517304651439193,0.06565999984741211,0.39453125,3,3
30,4326,0.02905356581322849,0.08218467235565186,0.44140625,2,1
30,4327,0.027907661162316803,0.07682108879089355,0.4453125,2,1
30,4328,0.016974198399111632,0.06163680553436279,0.41015625,2,0
30,4329,0.01891955360770226,0.02576279640197754,0.59375,3,2
30,4330,0.01759940083138645,0.04077327251434326,0.47265625,2,1
30,4331,0.026219858787953857,0.08605492115020752,0.421875,1,1
30,4332,0.014865903649479154,0.07180511951446533,0.3828125,2,0
30,4333,0.023560507921501998,0.08555305004119873,0.41015625,1,1
30,4334,0.030233627418056134,0.09052407741546631,0.43359375,1,1
30,4335,0.01587831974029541,0.01587831974029541,0.703125,2,0
30,4336,0.023717855103313926,0.05894923210144043,0.4609375,2,1
30,4337,0.024069732287898663,0.03192669153213501,0.6015625,2,1
30,4338,0.01878145546652377,0.023396849632263184,0.62109375,2,1
30,4339,0.024052765220403675,0.06997168064117432,0.4375,1,1
30,4340,0.018217841628938917,0.029057741165161133,0.55078125,1,0
30,4341,0.028152191080152992,0.08683085441589355,0.4296875,2,1
30,4342,0.01831511687487364,0.02967512607574463,0.546875,2,0
30,4343,0.015824526082724336,0.07643544673919678,0.3828125,2,1
30,4344,0.029753036797046665,0.08655428886413574,0.4375,2,1
30,4345,0.01448054728098214,0.07340633869171143,0.37890625,2,1
30,4346,0.014970867894589904,0.0723121166229248,0.3828125,2,0
30,4347,0.015199780464172363,0.015199780464172363,0.70703125,2,1
30,4348,0.0185906351543963,0.024982690811157227,0.59765625,1,0
30,4349,0.027295499341562394,0.08680307865142822,0.42578125,2,1
30,4350,0.016644449671730403,0.058369576930999756,0.4140625,2,0
30,4351,0.026223669759929184,0.08339452743530273,0.42578125,2,1
30,4352,0.019632514100521806,0.04351449012756348,0.48046875,2,2
30,4353,0.015079319477081299,0.015079319477081299,0.70703125,2,0
30,4354,0.02337176003493369,0.0643351674079895,0.4453125,1,1
30,4355,0.011297278106212618,0.07610797882080078,0.359375,2,0
30,4356,0.017008700873702768,0.07197070121765137,0.39453125,2,2
30,4357,0.0146648723166436,0.07083410024642944,0.3828125,2,0
30,4358,0.029548901366069916,0.09113878011703491,0.4296875,2,2
30,4359,0.004682775004766883,0.058477580547332764,0.33203125,1,1
30,4360,0.028294684365391735,0.08231180906295776,0.4375,2,3
30,4361,0.01663624146021903,0.018084406852722168,0.66796875,2,1
30,4362,0.017533194855786863,0.02035599946975708,0.64453125,2,2
30,4363,0.016240848926827315,0.06599456071853638,0.3984375,2,0
31,4344,0.035974828526377685,0.08941316604614258,0.4609375,2,1
31,4089,0.02742745075374842,0.029501795768737793,0.671875,2,2
31,4364,0.016557633876800537,0.016557633876800537,0.7421875,2,1
31,4365,0.027340340428054336,0.02940809726715088,0.671875,2,2
31,4366,0.011848596157506112,0.05013620853424072,0.39453125,1,1
31,4367,0.016849815845489502,0.016849815845489502,0.73828125,2,2
31,4368,0.040607827249914415,0.08627057075500488,0.48828125,2,2
31,4369,0.02896819403395057,0.07974040508270264,0.4453125,1,1
31,4370,0.016522645950317383,0.016522645950317383,0.74609375,2,1
31,4371,0.019285835209302608,0.06539303064346313,0.41796875,2,1
31,4372,0.026705980300903327,0.05341196060180664,0.5,2,0
31,4373,0.029756648000329736,0.07976651191711426,0.44921875,2,0
31,4374,0.01652282476425171,0.01652282476425171,0.74609375,2,2
31,4375,0.021793068852275613,0.024204015731811523,0.66015625,2,0
31,4376,0.019368947367183868,0.07570153474807739,0.40234375,2,2
31,4377,0.02074040332809091,0.02230900526046753,0.671875,1,0
31,4378,0.013219892978668213,0.013219892978668213,0.734375,3,3
31,4379,0.007216274738311768,0.007216274738311768,0.8125,2,3
31,4380,0.030894379829987887,0.07869613170623779,0.45703125,2,0
31,4381,0.03740215348079801,0.08473408222198486,0.4765625,2,2
31,4382,0.024526058696210388,0.03527343273162842,0.578125,1,0
31,4383,0.0420048013329506,0.09956693649291992,0.46875,2,2
31,4255,0.036394106224179275,0.06751370429992676,0.515625,3,3
31,4275,0.03823586180806161,0.09063315391540527,0.46875,3,4
31,4384,0.029152150265872482,0.06910139322280884,0.46875,3,3
31,4385,0.02975678141228855,0.07976686954498291,0.44921875,2,0
31,4386,0.03336135321296752,0.0755797028541565,0.4765625,3,4
31,4387,0.025704346713609997,0.05460840463638306,0.48828125,3,4
31,4388,0.019218027591705322,0.019218027591705322,0.7109375,3,2
31,4389,0.03708321787416936,0.08045172691345215,0.484375,3,3
31,4390,0.0200616717338562,0.0200616717338562,0.71484375,3,4
31,4391,0.02499885321594775,0.04554951190948486,0.51953125,3,3
31,4392,0.0320471755694598,0.07260245084762573,0.4765625,3,4
31,4393,0.025650756550021473,0.04363185167312622,0.53515625,2,0
31,4394,0.031056551379151646,0.06597906351089478,0.48828125,3,2
31,4395,0.027376199606806043,0.05697810649871826,0.4921875,3,3
31,4396,0.028324604034423835,0.056649208068847656,0.5,4,3
31,4397,0.020307461963966492,0.050472915172576904,0.4609375,4,4
31,4398,0.0,0.06694841384887695,0.27734375,3,2
31,4399,0.03426657430827618,0.08516740798950195,0.4609375,3,5
31,4400,0.03136498318053783,0.06951892375946045,0.48046875,4,4
31,4401,0.0332365008071065,0.06165611743927002,0.515625,3,2
31,4402,0.03079795057419688,0.07845050096511841,0.45703125,3,2
31,4403,0.035765048582106836,0.08102524280548096,0.4765625,3,3
31,4404,0.03137411084026099,0.07797837257385254,0.4609375,3,2
31,4405,0.02212736266665161,0.05369293689727783,0.46484375,4,3
31,4406,0.02679710555821658,0.04797244071960449,0.5234375,3,4
31,4407,0.008201005985029044,0.051838457584381104,0.36328125,2,1
31,4408,0.02988541766535491,0.07612603902816772,0.45703125,3,3
31,4409,0.02769773500040174,0.04634392261505127,0.5390625,3,3
31,4410,0.019911883282475177,0.024215877056121826,0.62890625,2,1
31,4411,0.0006877176929265278,0.058685243129730225,0.3046875,3,4
31,4412,0.029869297752156857,0.06766849756240845,0.4765625,3,4
31,4413,0.028573615942150358,0.06473314762115479,0.4765625,3,3
31,4414,0.02099886164069176,0.022352218627929688,0.67578125,2,0
31,4334,0.04092288669198752,0.09271025657653809,0.4765625,1,1
31,4110,0.03220189735293389,0.07633042335510254,0.46875,4,4
31,4415,0.017375469207763672,0.017375469207763672,0.71875,4,5
31,4416,0.0,0.08800536394119263,0.2734375,2,2
31,4417,0.023565641138702634,0.0400850772857666,0.53515625,1,1
31,4418,0.027667205780744556,0.08048641681671143,0.4375,3,3
31,4419,0.027844548225402836,0.057952880859375,0.4921875,1,1
31,4420,0.016522645950317383,0.016522645950317383,0.74609375,4,3
31,4421,0.03405392449349166,0.08895719051361084,0.453125,2,2
31,4422,0.029781149467453364,0.06326949596405029,0.48828125,3,1
31,4423,0.03800069447606803,0.09444832801818848,0.4609375,2,2
31,4424,0.016758203506469727,0.016758203506469727,0.7421875,4,4
31,4425,0.038678979501128204,0.09168350696563721,0.46875,1,1
31,4426,0.03237339213956148,0.06877666711807251,0.48828125,4,4
31,4427,0.025099189020693306,0.06556522846221924,0.453125,2,1
31,4428,0.03317904868163169,0.09385454654693604,0.44140625,4,4
31,4429,0.02552012365777046,0.043409645557403564,0.53515625,1,0
31,4430,0.040806176140904434,0.09244585037231445,0.4765625,1,1
31,4431,0.028123602736741308,0.06989943981170654,0.4609375,4,5
31,4432,0.027792501496151093,0.030211806297302246,0.66796875,2,3
31,4433,0.030519366147927943,0.06764465570449829,0.48046875,3,1
31,4434,0.034284724155440933,0.0776715874671936,0.4765625,2,2
31,4435,0.0,0.09806263446807861,0.14453125,2,2
31,4436,0.03079961193725467,0.07845473289489746,0.45703125,2,2
31,4437,0.03613618854433299,0.07839715480804443,0.484375,2,4
31,4438,0.03642760170623661,0.09764885902404785,0.44921875,2,1
31,4439,0.017253398895263672,0.017253398895263672,0.734375,4,3
31,4440,0.03260667622089387,0.08975601196289062,0.4453125,2,3
31,4441,0.04205272730905563,0.09320777654647827,0.48046875,2,3
31,4442,0.019714161287993196,0.01975274085998535,0.69921875,1,0
31,4443,0.027988187503069646,0.05192011594772339,0.515625,1,2
31,4444,0.0301707610487938,0.05807304382324219,0.5078125,1,2
31,4445,0.03056450956501067,0.06924349069595337,0.4765625,4,4
31,4446,0.02264758432283998,0.029656171798706055,0.60546875,4,3
31,4447,0.03482249076478184,0.08654910326004028,0.4609375,2,2
31,4448,0.016522645950317383,0.016522645950317383,0.74609375,5,5
31,4278,0.04219218890648336,0.09351688623428345,0.48046875,3,2
31,4294,0.038476032437756665,0.09336364269256592,0.46484375,3,3
31,4449,0.0,0.07466518878936768,0.2734375,3,2
31,4450,0.02679710555821658,0.04797244071960449,0.5234375,2,0
31,4451,0.037579002790153034,0.09340023994445801,0.4609375,4,3
31,4452,0.0407787875737995,0.09238380193710327,0.4765625,3,2
31,4453,0.022108710953034464,0.02403324842453003,0.66796875,3,2
31,4454,0.03621630102861673,0.08788031339645386,0.46484375,2,2
31,4455,0.000792384147644043,0.000792384147644043,0.953125,3,4
31,4456,0.03472742065787316,0.10102522373199463,0.4375,3,3
31,4457,0.03638205933384598,0.09042531251907349,0.4609375,3,4
31,4458,0.03870553337037564,0.09174644947052002,0.46875,2,1
31,4459,0.03095003007911146,0.07510149478912354,0.46484375,4,2
31,4460,0.02969165414106101,0.07959228754043579,0.44921875,2,0
31,4461,0.02679710555821658,0.04797244071960449,0.5234375,4,3
31,4462,0.024847387336194522,0.04694414138793945,0.51171875,3,2
31,4463,0.03680767049081624,0.08931529521942139,0.46484375,2,1
31,4464,0.037251462694257505,0.09258615970611572,0.4609375,4,4
31,4465,0.02599237067624927,0.0465317964553833,0.5234375,3,4
31,4466,0.04244491935241968,0.09407705068588257,0.48046875,4,5
31,4467,0.03953877941239626,0.10071569681167603,0.45703125,3,2
31,4468,0.03985640883911402,0.08833974599838257,0.48046875,3,3
31,4469,0.026373445638455457,0.051736414432525635,0.50390625,2,2
31,4470,0.02679710555821658,0.04797244071960449,0.5234375,3,2
31,4471,0.037528855260461576,0.0980345606803894,0.453125,3,3
31,4472,0.0384380603209138,0.1004096269607544,0.453125,3,1
31,4473,0.024349363520741466,0.06360650062561035,0.453125,2,1
31,4474,0.021321621257811788,0.02269577980041504,0.67578125,2,0
31,4475,0.03311613108962775,0.08230805397033691,0.4609375,2,1
31,4476,0.024015792645514015,0.036058902740478516,0.56640625,4,2
31,4477,0.02802084654103965,0.07926338911056519,0.44140625,2,2
31,4478,0.038458027294836945,0.09331995248794556,0.46484375,3,1
31,3612,0.041121920803561814,0.09316116571426392,0.4765625,2,4
31,4015,0.03648985642939807,0.09069323539733887,0.4609375,2,4
31,4479,0.022480547428131107,0.04496109485626221,0.5,3,5
31,4480,0.026419711299240593,0.07473421096801758,0.44140625,2,4
31,4481,0.027478999691084034,0.05006849765777588,0.51953125,1,1
31,4482,0.013111477950587872,0.05327838659286499,0.3984375,1,2
31,4483,0.027141862548887737,0.0494542121887207,0.51953125,1,1
31,4484,0.02425243542529643,0.03392690420150757,0.5859375,1,1
31,4485,0.025421202182769782,0.05084240436553955,0.5,1,1
31,4486,0.004394431598484518,0.05487680435180664,0.33203125,1,1
31,4487,0.028477150015532974,0.04095590114593506,0.578125,2,4
31,4488,0.016522645950317383,0.016522645950317383,0.74609375,2,5
31,4489,0.03177094459533692,0.06354188919067383,0.5,2,3
31,4490,0.03186196053866298,0.06499332189559937,0.49609375,2,2
31,4491,0.023428005049936477,0.05427664518356323,0.47265625,2,5
31,4492,0.031689648749306805,0.06464183330535889,0.49609375,2,4
31,4493,0.009738355409353975,0.04936671257019043,0.37890625,1,2
31,4494,0.02637579641304911,0.048058390617370605,0.51953125,2,4
31,4495,0.037488430738449104,0.08886146545410156,0.46875,3,5
31,4496,0.027503688121214512,0.04527938365936279,0.54296875,2,4
31,4497,0.019582312786951665,0.023535549640655518,0.6328125,2,3
31,4498,0.027517487062141303,0.03902757167816162,0.58203125,2,4
31,4499,0.027986805886030204,0.05191755294799805,0.515625,2,3
31,4500,0.004304647445678711,0.004304647445678711,0.859375,2,3
31,4501,0.036185981822200126,0.08020442724227905,0.48046875,2,4
31,4502,0.022809205111116174,0.05055546760559082,0.48046875,1,2
31,4503,0.02484410896431655,0.03842955827713013,0.55859375,2,3
32,4389,0.03437149897217751,0.07962989807128906,0.47265625,3,3
32,4255,0.03041758015751839,0.06741905212402344,0.48046875,3,3
32,4504,0.033888648962602026,0.08422809839248657,0.4609375,3,3
32,4505,0.017294541234150532,0.06759393215179443,0.40234375,4,4
32,4506,0.03877558140084148,0.08983302116394043,0.47265625,3,5
32,4507,0.023008489049971107,0.046933650970458984,0.49609375,3,3
32,4508,0.02769924909807742,0.068844735622406,0.4609375,3,3
32,4509,0.03301696153357626,0.08011698722839355,0.46484375,4,4
32,4510,0.025069050490856174,0.05438709259033203,0.484375,3,4
32,4511,0.022833178052678708,0.02405470609664917,0.6796875,2,0
32,4512,0.027398235863074664,0.07344448566436768,0.44921875,3,3
32,4513,0.025997963035479195,0.04911792278289795,0.51171875,3,3
32,4514,0.004393617622554305,0.07256555557250977,0.32421875,3,2
32,4515,0.0183654606807977,0.07771170139312744,0.39453125,3,2
32,4516,0.046401078230701394,0.09465080499649048,0.49609375,3,2
32,4517,0.03550494927912951,0.08043599128723145,0.4765625,3,5
32,4518,0.005068063735961914,0.005068063735961914,0.859375,3,3
32,4519,0.011434301733970646,0.06098294258117676,0.375,3,2
32,4520,0.0,0.05695521831512451,0.2890625,4,4
32,4521,0.020382922142744068,0.08624839782714844,0.39453125,3,5
32,4522,0.033752900082618005,0.07819676399230957,0.47265625,4,3
32,4523,0.017962617799639705,0.06762397289276123,0.40625,3,4
32,4524,0.029666187241673473,0.07198619842529297,0.46484375,3,4
32,4525,0.022291284520179037,0.061360955238342285,0.4453125,3,2
32,4526,0.034672083682380624,0.08413320779800415,0.46484375,3,3
32,4527,0.02201185561716557,0.024715065956115723,0.65625,3,5
32,4528,0.024926361627876762,0.027386903762817383,0.6640625,4,3
32,4529,0.023819910362362865,0.04672718048095703,0.50390625,3,2
32,4530,0.024037602823227647,0.04626786708831787,0.5078125,3,2
32,4531,0.02476749569177628,0.053732872009277344,0.484375,4,5
32,4532,0.018115942250005904,0.02982431650161743,0.54296875,2,2
32,4533,0.023031739052385095,0.06339919567108154,0.4453125,2,1
32,4534,0.03154058824293316,0.08454859256744385,0.44921875,3,4
32,4535,0.03401481360197068,0.07079505920410156,0.4921875,3,2
32,4536,0.04508294956758619,0.1021348237991333,0.4765625,4,4
32,4537,0.044531521154567606,0.10088557004928589,0.4765625,3,3
32,4538,0.017230749130249023,0.017230749130249023,0.7265625,3,3
32,4539,0.017271995544433594,0.017271995544433594,0.71484375,3,2
32,4540,0.011057339608669283,0.04493141174316406,0.3984375,3,2
32,4381,0.03578289784491063,0.08481872081756592,0.46875,2,2
32,4344,0.03987128147855402,0.09032785892486572,0.4765625,2,1
32,4541,0.030671849846839908,0.08922719955444336,0.4375,3,2
32,4542,0.04084429913200439,0.092532217502594,0.4765625,2,2
32,4543,0.039572927635163076,0.08965194225311279,0.4765625,3,2
32,4544,0.024217542959377173,0.044125914573669434,0.51953125,2,0
32,4545,0.018422171939164404,0.07795166969299316,0.39453125,2,0
32,4546,0.039735531900078065,0.08620589971542358,0.484375,1,1
32,4547,0.024597667157649997,0.05119514465332031,0.4921875,1,1
32,4548,0.037507075234316296,0.08313256502151489,0.48046875,2,1
32,4549,0.01831920142285526,0.07751595973968506,0.39453125,1,0
32,4550,0.009119746275246145,0.04623079299926758,0.37890625,1,3
32,4551,0.04481114563532174,0.09326547384262085,0.4921875,1,1
32,4552,0.04435966489836574,0.09232580661773682,0.4921875,2,3
32,4553,0.02155345724895597,0.06647813320159912,0.4296875,1,0
32,4554,0.024038407951593403,0.04626941680908203,0.5078125,2,0
32,4555,0.041251233778893955,0.09345412254333496,0.4765625,2,2
32,4556,0.041455267928540714,0.08993685245513916,0.484375,2,1
32,4557,0.026751890778541572,0.09381484985351562,0.4140625,2,3
32,4558,0.028830701485276226,0.07531285285949707,0.453125,2,2
32,4559,0.018281731987372044,0.07735741138458252,0.39453125,3,2
32,4560,0.03175345109775663,0.07892119884490967,0.4609375,2,2
32,4561,0.038620931678451605,0.08947473764419556,0.47265625,2,1
32,3612,0.045740941073745496,0.09520065784454346,0.4921875,2,4
32,4495,0.04123929468914867,0.08946830034255981,0.484375,3,5
32,4562,3.159046173095703e-06,3.159046173095703e-06,0.9921875,3,4
32,4563,0.018146514892578125,0.018146514892578125,0.71484375,2,2
32,4564,0.0032979813404381297,0.06494486331939697,0.3203125,2,4
32,4565,0.031191854737699035,0.06767046451568604,0.484375,3,6
32,4566,0.02718929713591934,0.05333685874938965,0.50390625,3,5
32,4567,0.02043915283866227,0.04169261455535889,0.49609375,2,3
32,4568,0.02579540445003659,0.034664690494537354,0.59765625,3,6
32,4569,0.04400845873169602,0.10195624828338623,0.47265625,4,6
32,4570,0.027259589871391657,0.06614649295806885,0.46484375,3,4
32,4571,0.04470690898597241,0.10597193241119385,0.46875,2,5
32,4572,0.03692668536677957,0.07685554027557373,0.4921875,3,5
32,4573,0.015826106071472168,0.015826106071472168,0.7265625,2,1
32,4574,0.01612710952758789,0.01612710952758789,0.71484375,3,4
32,4575,0.00832528388127685,0.049564480781555176,0.3671875,1,1
32,4576,0.034989591687917716,0.0792684555053711,0.4765625,2,3
32,4577,0.023979917867109183,0.043692946434020996,0.51953125,2,4
32,4578,0.02493375772610307,0.06050276756286621,0.46484375,2,3
32,4579,0.015984714031219482,0.015984714031219482,0.72265625,3,3
32,4580,0.026031719986349348,0.05769801139831543,0.48046875,2,4
32,4581,0.017316985409706834,0.05683523416519165,0.421875,2,3
32,4582,0.026593637885525826,0.05424678325653076,0.49609375,2,3
32,4583,0.025329745374619964,0.051668643951416016,0.49609375,2,4
32,4584,0.025344466324895627,0.04788327217102051,0.51171875,3,5
32,4585,0.04379638377577067,0.09501588344573975,0.484375,3,4
32,4586,0.018668949604034424,0.018668949604034424,0.71875,3,4
32,4278,0.044994032592512674,0.09558898210525513,0.48828125,3,2
32,4441,0.04477337142452598,0.09512019157409668,0.48828125,2,3
32,4587,0.039880315773189075,0.0945311188697815,0.46875,4,3
32,4588,0.00670933723449707,0.00670933723449707,0.82421875,2,2
32,4589,0.024737001396715644,0.04278832674026489,0.53125,3,2
32,4590,0.000183738186024132,0.09407395124435425,0.30078125,3,5
32,4591,0.039851022884249694,0.09028196334838867,0.4765625,2,1
32,4592,0.024427604628726843,0.02713000774383545,0.66015625,1,0
32,4593,0.021772679407149557,0.06715428829193115,0.4296875,1,0
32,4594,0.020107144024223093,0.020345568656921387,0.6953125,1,1
32,4595,0.042438308475539095,0.09614342451095581,0.4765625,3,1
32,4596,0.02449148916639388,0.03788411617279053,0.55859375,1,0
32,4597,0.018422340974211696,0.07795238494873047,0.39453125,1,0
32,4598,0.024431162280961875,0.03371632099151611,0.58984375,2,0
32,4599,0.015868782997131348,0.015868782997131348,0.72265625,3,1
32,4600,0.0,0.08121883869171143,0.21484375,2,3
32,4601,0.009231209754943848,0.009231209754943848,0.78515625,2,1
32,4602,0.043175689177587635,0.09172594547271729,0.48828125,3,4
32,4603,0.018418481340631846,0.07793605327606201,0.39453125,1,0
32,4604,0.04079566360451282,0.09042155742645264,0.48046875,1,1
32,4605,0.015879333019256592,0.015879333019256592,0.7265625,2,3
32,4606,0.006020843982696533,0.006020843982696533,0.8125,2,3
32,4607,0.03390650125220419,0.08636879920959473,0.45703125,3,3
32,4608,0.01765014883130789,0.0779041051864624,0.390625,1,0
32,4609,0.021879700943827633,0.06748437881469727,0.4296875,2,0
32,4610,0.024346996098756794,0.027040481567382812,0.66015625,3,3
32,4611,0.012630820274353027,0.012630820274353027,0.7578125,1,0
32,4612,0.04253551829606295,0.09427785873413086,0.48046875,1,1
32,4613,0.045079968404024846,0.09577155113220215,0.48828125,4,3
32,4614,0.025075703859329227,0.05943870544433594,0.46875,2,0
32,4615,0.039873450994491584,0.09451484680175781,0.46875,3,2
32,4616,0.023994497489184145,0.04618489742279053,0.5078125,2,1
32,4617,0.03583595249801875,0.07774579524993896,0.484375,2,4
32,4618,0.016205668449401855,0.016205668449401855,0.7265625,2,2
32,4619,0.019101317971944812,0.07465553283691406,0.40234375,1,0
32,4620,0.04063226794824005,0.09205186367034912,0.4765625,2,2
32,4466,0.04248698172159494,0.09625369310379028,0.4765625,4,5
32,4467,0.04546602116897703,0.10300266742706299,0.4765625,3,2
32,4621,0.04412016947753728,0.09373247623443604,0.48828125,4,3
32,4622,0.020756717771291736,0.05422163009643555,0.453125,2,2
32,4623,0.023608380695804957,0.048157334327697754,0.49609375,4,4
32,4624,0.02104454627260566,0.034097492694854736,0.546875,4,4
32,4625,0.03670676308684052,0.08907043933868408,0.46484375,4,4
32,4626,0.04297248367220164,0.10186070203781128,0.46875,3,2
32,4627,0.03897458547726274,0.09686887264251709,0.4609375,4,5
32,4628,0.0431400767993182,0.10468113422393799,0.46484375,3,1
32,4629,0.04156622290611268,0.0962982177734375,0.47265625,4,5
32,4630,0.04248698172159494,0.09625369310379028,0.4765625,4,4
32,4631,0.04548335552681238,0.10537320375442505,0.47265625,3,1
32,4632,0.023944207932800058,0.04608809947967529,0.5078125,3,4
32,4633,0.019091206951998178,0.07461601495742798,0.40234375,2,0
32,4634,0.018419932224787775,0.07794219255447388,0.39453125,3,2
32,4635,0.0451827954966575,0.10236102342605591,0.4765625,3,3
32,4636,0.04131347313523293,0.09571266174316406,0.47265625,4,5
32,4637,0.03876773442607374,0.08981484174728394,0.47265625,4,4
32,4638,0.03604811523109675,0.09182405471801758,0.45703125,3,1
32,4639,0.04036031174473465,0.10280835628509521,0.45703125,3,2
32,4640,0.04073524475097657,0.0965576171875,0.46875,4,4
32,4641,0.02178439032286406,0.06719040870666504,0.4296875,3,2
32,4642,0.02387942606583238,0.045963406562805176,0.5078125,3,3
32,4643,0.02403289591893554,0.04625880718231201,0.5078125,5,6
33,3612,0.030606726650148637,0.09733319282531738,0.42578125,2,4
33,4571,0.03482320019975305,0.10740649700164795,0.4296875,2,5
33,4644,0.025677923113107685,0.03238201141357422,0.6171875,3,5
33,4645,0.010289928992278876,0.07420343160629272,0.35546875,3,4
33,4646,0.01819972507655621,0.06851661205291748,0.40625,4,5
33,4647,0.026818067650310702,0.05066734552383423,0.51171875,3,4
33,4648,0.024470787029713396,0.04991650581359863,0.49609375,3,5
33,4649,0.024568492081016306,0.05691885948181152,0.47265625,4,5
33,4650,0.02422324020881206,0.07252806425094604,0.43359375,4,8
33,4651,0.0,0.0798335075378418,0.21484375,4,5
33,4652,0.03115069004707039,0.04968583583831787,0.55078125,2,3
33,4653,0.02669955510646105,0.06801080703735352,0.45703125,2,4
33,4654,0.026821451028808955,0.036043524742126465,0.59765625,3,3
33,4655,0.02454792056232691,0.0641251802444458,0.453125,1,0
33,4656,0.02910407981835306,0.08976680040359497,0.4296875,2,2
33,4657,0.026973150204867128,0.07424867153167725,0.4453125,2,3
33,4658,0.025341748259961612,0.04701077938079834,0.515625,2,2
33,4659,0.022535929572768513,0.054684340953826904,0.46484375,1,2
33,4660,0.025137832388281826,0.060997962951660156,0.46484375,5,7
33,4661,0.023067163303494457,0.04705333709716797,0.49609375,2,3
33,4662,0.022395463660359386,0.0585024356842041,0.453125,3,4
33,4663,0.019627292640507225,0.03394991159439087,0.53125,2,4
33,4664,0.025783404707908634,0.06111621856689453,0.46875,2,2
33,4665,0.020619511604309082,0.020619511604309082,0.7265625,2,1
33,4666,0.023998251883313063,0.05436772108078003,0.4765625,2,3
33,4667,0.017140896292403344,0.0528683066368103,0.4296875,3,4
33,4668,0.019627104513347152,0.06882929801940918,0.4140625,2,4
33,4669,0.019927953835576776,0.08097708225250244,0.3984375,1,0
33,4670,0.03646136855240912,0.10313934087753296,0.44140625,3,5
33,4671,0.027930177282541994,0.07900691032409668,0.44140625,3,4
33,4672,0.021029371302574876,0.05637192726135254,0.44921875,2,4
33,4673,0.02606439823284746,0.04835134744644165,0.515625,5,7
33,4674,0.02838525199331344,0.04828321933746338,0.53515625,3,5
33,4675,0.025429425062611703,0.054024338722229004,0.48828125,3,5
33,4676,0.020600716816261414,0.08371084928512573,0.3984375,1,0
33,4677,0.022064454853534702,0.05230093002319336,0.46875,2,3
33,4678,0.016997218132019043,0.016997218132019043,0.7578125,3,2
33,4679,0.025176396709866825,0.033832848072052,0.59765625,2,1
33,4680,0.024553228635340933,0.06102550029754639,0.4609375,4,7
33,4681,0.02144057769328356,0.07518887519836426,0.4140625,2,3
33,4682,0.01528047770261765,0.08149588108062744,0.375,4,7
33,4683,0.029533229768276218,0.08591485023498535,0.4375,2,3
33,4684,0.024735184619203217,0.047610580921173096,0.5078125,2,4
33,4685,0.021125809522345666,0.08256804943084717,0.40234375,2,1
33,4686,0.023521352559328083,0.035842061042785645,0.5625,4,6
33,4687,0.021976792719215158,0.06049525737762451,0.4453125,2,5
33,4688,0.007681270129978659,0.07022875547409058,0.34375,2,5
33,4689,0.02067771088331938,0.08402371406555176,0.3984375,2,2
33,4690,0.02280896902084351,0.054065704345703125,0.46875,2,4
33,4691,0.01411033654585481,0.07152962684631348,0.37890625,3,5
33,4692,0.027189029613509778,0.05546128749847412,0.49609375,1,1
33,4693,0.021351942559704188,0.08345186710357666,0.40234375,2,2
33,4694,0.017877059523016218,0.060616254806518555,0.41796875,4,6
33,4695,0.01715956465341151,0.0726090669631958,0.39453125,2,4
33,4696,0.02332398854196072,0.06785160303115845,0.4375,2,4
33,4697,0.03624676819890738,0.09468543529510498,0.453125,2,2
33,4698,0.022627183469012383,0.05490577220916748,0.46484375,3,5
33,4699,0.025993218412622813,0.06621158123016357,0.45703125,2,4
33,4700,0.01638360554352403,0.07231384515762329,0.390625,3,4
33,4701,4.83393669128418e-05,4.83393669128418e-05,0.984375,3,4
33,4702,0.025965722044929865,0.029477715492248535,0.65234375,3,4
33,4703,0.022058507427573208,0.07735586166381836,0.4140625,2,3
33,4704,0.025434515438973907,0.08919501304626465,0.4140625,2,4
33,4705,0.028816144913434986,0.07932186126708984,0.4453125,3,5
33,4706,2.6106834411621094e-05,2.6106834411621094e-05,1.0,2,3
33,4707,0.020525693893432617,0.020525693893432617,0.72265625,3,4
33,4708,0.024358883500099186,0.04213428497314453,0.53125,4,6
33,4709,0.007426321506500244,0.007426321506500244,0.796875,2,5
33,4710,0.02330168162006885,0.053983986377716064,0.47265625,2,2
33,4516,0.03030556626617909,0.0963754653930664,0.42578125,3,2
33,4536,0.032599430764094,0.10367023944854736,0.42578125,4,4
33,4711,0.017138957977294922,0.017138957977294922,0.75390625,3,1
33,4712,0.028533749515190724,0.03736388683319092,0.60546875,4,6
33,4713,0.02571494900621474,0.04101574420928955,0.55078125,3,1
33,4714,0.0,0.10581403970718384,0.18359375,3,2
33,4715,0.025328653980977837,0.03155297040939331,0.62109375,3,1
33,4716,0.021283910376951102,0.05858796834945679,0.4453125,3,6
33,4717,0.028194332262501124,0.08966147899627686,0.42578125,3,2
33,4718,0.03663905896246434,0.08684813976287842,0.46875,4,3
33,4719,0.004521071910858154,0.004521071910858154,0.875,4,3
33,4720,0.02471777563914657,0.043489694595336914,0.52734375,2,0
33,4721,0.02572902292013169,0.050472259521484375,0.50390625,3,3
33,4722,0.0232837675139308,0.07641851902008057,0.421875,3,2
33,4723,0.024439756292849783,0.035650014877319336,0.57421875,4,3
33,4724,0.03249092737678439,0.0919080376625061,0.44140625,2,2
33,4725,0.026891788467764858,0.03761911392211914,0.5859375,2,1
33,4726,0.024009377229958776,0.03890126943588257,0.546875,2,1
33,4727,0.02185305883176625,0.04642641544342041,0.48828125,4,3
33,4728,0.024009377229958776,0.03890126943588257,0.546875,2,1
33,4729,0.02520675794221461,0.0611652135848999,0.46484375,2,1
33,4730,0.02567397337406874,0.05569946765899658,0.484375,3,3
33,4731,0.03165411413647235,0.08063137531280518,0.45703125,3,4
33,4732,0.024314620532095436,0.037610530853271484,0.55859375,3,2
33,4733,0.024100425653159622,0.06295621395111084,0.453125,4,3
33,4734,0.02523183741141111,0.061226069927215576,0.46484375,3,1
33,4735,0.021180332754738632,0.06341713666915894,0.43359375,3,5
33,4736,0.02528779325075448,0.027489066123962402,0.66796875,3,2
33,4737,0.02138836914673448,0.07766556739807129,0.41015625,4,3
33,4738,0.021654412383213643,0.07593876123428345,0.4140625,2,0
33,4739,0.025261976756155494,0.07145929336547852,0.44140625,3,2
33,4740,0.010010357131250204,0.07218736410140991,0.35546875,3,4
33,4741,0.028803663561120636,0.05067861080169678,0.52734375,3,3
33,4742,0.024435836821794513,0.02522408962249756,0.6875,3,1
33,4743,0.01712554693222046,0.01712554693222046,0.75390625,2,0
33,4744,0.02705401927232743,0.051113128662109375,0.51171875,4,3
33,4745,0.027561487164348367,0.0904582142829895,0.421875,3,2
33,4746,0.024470787029713396,0.04991650581359863,0.49609375,3,3
33,4747,0.006836627842858436,0.08537447452545166,0.33203125,3,4
33,4748,0.029132641735486693,0.049554526805877686,0.53515625,3,3
33,4749,0.024009377229958776,0.03890126943588257,0.546875,2,1
33,4750,0.023810643237084154,0.04856991767883301,0.49609375,3,2
33,4751,0.022050340194255117,0.09330391883850098,0.39453125,3,2
33,4752,0.025579118868336085,0.029697299003601074,0.64453125,2,1
33,4753,0.024470787029713396,0.04991650581359863,0.49609375,2,0
33,4754,0.025348987430334095,0.06008648872375488,0.46875,4,3
33,4755,0.019431352615356445,0.019431352615356445,0.75390625,4,4
33,4756,0.005795001983642578,0.005795001983642578,0.82421875,3,4
33,4757,0.027457952499389655,0.0549159049987793,0.5,3,3
33,4758,0.02433888800442219,0.025124013423919678,0.6875,4,4
33,4759,0.023745686281472448,0.03847402334213257,0.546875,3,1
33,4760,0.023698340984992686,0.08605355024337769,0.41015625,4,4
33,4761,0.019235190935432914,0.06522130966186523,0.41796875,4,4
33,4762,0.02067771088331938,0.08402371406555176,0.3984375,3,3
33,4763,0.02918218541890383,0.06331050395965576,0.484375,4,4
33,4764,0.017093896865844727,0.017093896865844727,0.75390625,3,1
33,4765,0.026595406234264377,0.046002864837646484,0.53125,4,5
33,4766,0.011551195755600933,0.058556556701660156,0.37890625,3,3
33,4767,0.02346714749000967,0.046035170555114746,0.50390625,3,3
33,4768,0.020216580247506503,0.07901442050933838,0.40234375,4,3
33,4769,0.020164964720606807,0.0819401741027832,0.3984375,4,4
33,4770,0.03015453182160855,0.05215919017791748,0.53125,4,5
33,4771,0.02067771088331938,0.08402371406555176,0.3984375,2,1
33,4772,0.02059278124943376,0.08367860317230225,0.3984375,5,4
33,4773,0.02112146839499474,0.07669639587402344,0.41015625,3,2
33,4774,0.02067771088331938,0.08402371406555176,0.3984375,3,2
33,4775,0.024759578285738833,0.04857051372528076,0.50390625,3,5
33,4776,0.024303954094648365,0.025087952613830566,0.6875,4,3
33,4777,0.03209214075468481,0.0778728723526001,0.46484375,4,3
33,4778,0.025136849842965606,0.0276181697845459,0.6640625,4,3
33,4779,0.023944134591147307,0.027182698249816895,0.65234375,2,2
33,4780,0.02488368772901595,0.04454702138900757,0.5234375,4,2
33,4781,0.022740052430890504,0.07710534334182739,0.41796875,4,4
33,4782,0.022981628775596622,0.08059310913085938,0.4140625,3,4
33,4783,0.02401185035705567,0.04802370071411133,0.5,3,3
33,4784,0.001910567283630371,0.001910567283630371,0.921875,4,4
33,4785,0.023925192654132846,0.042095184326171875,0.52734375,3,1
33,4786,0.020708337542600933,0.06585508584976196,0.42578125,3,6
33,4787,0.024463450536131862,0.0639045238494873,0.453125,3,1
33,4788,0.02067771088331938,0.08402371406555176,0.3984375,4,6
33,4789,0.026332689449191097,0.033621788024902344,0.61328125,4,4
34,4777,0.021385808475315574,0.07765626907348633,0.41015625,4,3
34,4770,0.01877976744435728,0.053122878074645996,0.44140625,4,5
34,4790,0.01874785625841469,0.06356889009475708,0.41796875,4,4
34,4791,0.024768300820142034,0.03718876838684082,0.56640625,5,7
34,4792,0.025869889650493864,0.08771777153015137,0.41796875,4,3
34,4793,0.016298561124131087,0.08262240886688232,0.37890625,3,1
34,4794,0.015982663491740826,0.07719928026199341,0.3828125,3,4
34,4795,0.01796452538110316,0.05540865659713745,0.4296875,4,3
34,4796,0.019851191318593923,0.038941800594329834,0.50390625,4,4
34,4797,0.015702850185334686,0.01802659034729004,0.6484375,3,2
34,4798,0.00014019012451171875,0.00014019012451171875,0.95703125,2,1
34,4799,0.006688582710921767,0.09512650966644287,0.328125,4,4
34,4800,0.01806580764241517,0.024931788444519043,0.58984375,4,5
34,4801,0.018760132603347305,0.061571717262268066,0.421875,4,5
34,4802,0.024090975522995,0.052265167236328125,0.484375,5,4
34,4803,0.020839267875999216,0.08468019962310791,0.3984375,4,2
34,4804,0.0,0.08682131767272949,0.2109375,3,3
34,4805,0.02017542161047459,0.06416034698486328,0.42578125,4,2
34,4806,0.017760133370757106,0.050238609313964844,0.44140625,4,2
34,4807,0.013848695904016498,0.06112527847290039,0.390625,4,5
34,4808,0.01879578270018101,0.027032136917114258,0.578125,3,2
34,4809,0.022788800066336993,0.06823313236236572,0.43359375,5,4
34,4810,0.020912771928124133,0.030505239963531494,0.57421875,4,5
34,4811,0.019117174204438928,0.03483271598815918,0.51953125,4,2
34,4812,0.01665496802888811,0.08442914485931396,0.37890625,4,1
34,4813,0.016285439254716042,0.08255589008331299,0.37890625,4,1
34,4814,0.01777050038799644,0.050267934799194336,0.44140625,4,3
34,4815,0.009741604328155518,0.009741604328155518,0.7421875,4,3
34,4816,0.022817529039457444,0.044760823249816895,0.50390625,4,6
34,4817,0.01691452041268349,0.08170032501220703,0.3828125,4,1
34,4818,0.0,0.10950875282287598,0.16015625,4,6
34,4819,0.018941845744848255,0.05842304229736328,0.4296875,4,3
34,4820,0.015608857385814192,0.0196840763092041,0.6171875,3,5
34,4670,0.025838673347607262,0.10098779201507568,0.40234375,3,5
34,4697,0.02687344222795219,0.09758299589157104,0.41015625,2,2
34,4821,0.016249522566795353,0.07172203063964844,0.390625,2,2
34,4822,0.025372299365699298,0.09551924467086792,0.40625,2,2
34,4823,0.019536591833457354,0.08266723155975342,0.39453125,4,5
34,4824,0.02131913881748915,0.06030607223510742,0.44140625,3,3
34,4825,0.02808639872819186,0.0984947681427002,0.4140625,2,2
34,4826,0.02758755953982473,0.10782313346862793,0.40234375,2,2
34,4827,0.01777050038799644,0.050267934799194336,0.44140625,2,1
34,4828,0.018489160574972633,0.029038190841674805,0.5546875,2,1
34,4829,0.0,0.0,1.0,2,3
34,4830,0.010637343977577986,0.07670873403549194,0.35546875,3,3
34,4831,0.023349257884547118,0.09125816822052002,0.40234375,3,5
34,4832,0.017552394885569814,0.055818796157836914,0.42578125,4,7
34,4833,0.01777050038799644,0.050267934799194336,0.44140625,3,4
34,4834,0.02203095494769514,0.044939637184143066,0.49609375,2,3
34,4835,0.024172072298824794,0.10669052600860596,0.390625,2,3
34,4836,0.024175822734832767,0.09101486206054688,0.40625,2,2
34,4837,0.017064282670617107,0.049641549587249756,0.4375,3,4
34,4838,0.0,0.0615275502204895,0.26171875,2,3
34,4839,0.0010092854499816895,0.0010092854499816895,0.8984375,2,2
34,4840,0.01777050038799644,0.050267934799194336,0.44140625,2,3
34,4841,0.015263133915141227,0.016951680183410645,0.66015625,2,1
34,4842,0.015302955172955992,0.016995906829833984,0.66015625,3,2
34,4843,0.01777050038799644,0.050267934799194336,0.44140625,3,4
34,4844,0.0,0.06406641006469727,0.26953125,2,2
34,4845,0.0,0.09341740608215332,0.265625,2,4
34,4846,0.013859924627467993,0.04860466718673706,0.4140625,2,2
34,4847,0.01672511594370008,0.08478474617004395,0.37890625,2,1
34,4848,0.018711495678871874,0.06561839580535889,0.4140625,2,2
34,4849,0.022879027063027028,0.044881463050842285,0.50390625,1,1
34,4850,0.021904772846028212,0.09268796443939209,0.39453125,2,3
34,4851,0.007177736144512895,0.07989132404327393,0.3359375,2,3
34,4852,0.00014221935998648608,0.07281631231307983,0.30078125,1,1
34,4853,0.017770331818610433,0.05026745796203613,0.44140625,1,2
34,4854,0.02203746535815299,0.09324944019317627,0.39453125,2,4
34,4855,0.023177634458988912,0.09418213367462158,0.3984375,2,2
34,4856,0.01777050038799644,0.050267934799194336,0.44140625,3,5
34,4857,0.01949000265449286,0.048441171646118164,0.4609375,2,3
34,4858,0.017981419456191364,0.04820150136947632,0.44921875,4,6
34,4859,0.019545112736523155,0.0685417652130127,0.4140625,2,2
34,4860,0.025651674950495366,0.08157551288604736,0.42578125,3,4
34,4861,1.1920928955078125e-07,1.1920928955078125e-07,1.0,2,2
34,4862,0.01589266769587994,0.02749001979827881,0.53125,2,2
34,4863,0.01777050038799644,0.050267934799194336,0.44140625,2,3
34,4864,0.018187330337241295,0.05144703388214111,0.44140625,3,3
34,4865,0.010733802337199451,0.08326828479766846,0.3515625,2,2
34,4866,0.018651738995686177,0.059314846992492676,0.42578125,1,3
34,4867,0.01558650936931372,0.06333565711975098,0.3984375,2,3
34,4868,0.024192976299673326,0.09830796718597412,0.3984375,2,2
34,4869,0.018242259509861473,0.05987203121185303,0.421875,2,5
34,4870,0.017195935361087326,0.022233128547668457,0.609375,2,1
34,4871,0.01659102598205209,0.06741750240325928,0.3984375,1,0
34,4872,0.017949604429304603,0.06294655799865723,0.4140625,2,1
34,4873,0.018126140814274553,0.08360886573791504,0.38671875,4,7
34,4874,0.019152342807501558,0.05272042751312256,0.4453125,1,2
34,4875,0.02133325813338161,0.0587238073348999,0.4453125,2,4
34,4718,0.02857635426335037,0.0881391167640686,0.4296875,4,3
34,4536,0.026100534014403827,0.10605931282043457,0.3984375,4,4
34,4876,0.016928476979956034,0.081767737865448,0.3828125,2,1
34,4877,0.01591691002249718,0.08489018678665161,0.375,3,2
34,4878,0.017489595338702205,0.022612810134887695,0.609375,4,2
34,4879,0.01998712914064527,0.0452805757522583,0.4765625,2,0
34,4880,0.01591691002249718,0.08489018678665161,0.375,3,5
34,4881,0.01591691002249718,0.08489018678665161,0.375,3,2
34,4882,0.02027224469929934,0.033919572830200195,0.5390625,3,4
34,4883,0.020434040576219562,0.08303356170654297,0.3984375,4,4
34,4884,0.017511243582703177,0.0229303240776062,0.60546875,5,5
34,4885,0.01777050038799644,0.050267934799194336,0.44140625,3,2
34,4886,0.016728537506423894,0.08480209112167358,0.37890625,4,2
34,4887,0.017466821707785133,0.022583365440368652,0.609375,3,1
34,4888,0.017718328163027767,0.05012035369873047,0.44140625,5,4
34,4889,0.015255513135343792,0.01694321632385254,0.66015625,4,3
34,4890,0.0,0.10546666383743286,0.16015625,2,3
34,4891,0.01742813480086625,0.06811606884002686,0.40234375,4,3
34,4892,0.01821161760017276,0.06175065040588379,0.41796875,4,4
34,4893,0.018150585237890485,0.037776827812194824,0.4921875,3,4
34,4894,0.019080821890383962,0.024062514305114746,0.6171875,3,3
34,4895,0.024337674491107467,0.07987749576568604,0.421875,3,4
34,4896,0.027443005703389648,0.08727216720581055,0.42578125,3,5
34,4897,0.019093059934675697,0.0474545955657959,0.4609375,4,3
34,4898,0.01591691002249718,0.08489018678665161,0.375,3,1
34,4899,0.015088296262547376,0.017129063606262207,0.65234375,2,1
34,4900,0.016609017970040444,0.08419620990753174,0.37890625,4,3
34,4901,0.017213589278981093,0.04869258403778076,0.44140625,2,1
34,4902,0.015954697853885594,0.018953144550323486,0.63671875,4,3
34,4903,0.01777050038799644,0.050267934799194336,0.44140625,3,2
34,4904,0.0006664723623543994,0.05687230825424194,0.3046875,4,4
34,4905,0.022197707556188113,0.09797608852386475,0.390625,3,3
34,4906,0.01612496189773083,0.01961040496826172,0.62890625,3,2
34,4907,0.021705823950469497,0.05974936485290527,0.4453125,3,3
34,4908,0.018630741164088253,0.08223223686218262,0.390625,4,3
34,4909,0.015176524640992286,0.017422378063201904,0.6484375,3,1
34,4910,0.015113197267055513,0.01696920394897461,0.65625,4,4
34,4911,0.009993502870202068,0.050660133361816406,0.37890625,2,1
34,4912,0.02016614878084511,0.08533114194869995,0.39453125,3,5
34,4913,0.018462724518030885,0.0482291579246521,0.453125,3,2
34,4914,0.023435240727849308,0.07016867399215698,0.43359375,2,2
34,4915,0.019319032784551386,0.07550644874572754,0.40234375,4,6
34,4916,0.026009457535110417,0.0827133059501648,0.42578125,3,2
34,4917,0.016921751666814092,0.08173525333404541,0.3828125,4,6
34,4918,0.01777050038799644,0.050267934799194336,0.44140625,3,4
34,4919,0.022748145740479234,0.09243690967559814,0.3984375,1,1
34,4920,0.01733464887365699,0.08372962474822998,0.3828125,3,2
34,4921,0.021306833252310756,0.060271263122558594,0.44140625,4,3
34,4922,0.0,0.10586369037628174,0.1796875,3,2
34,4923,0.020343011943623427,0.04712951183319092,0.47265625,3,3
34,4924,0.019617012003436688,0.040015578269958496,0.49609375,4,3
34,4925,0.016349908080883328,0.08288270235061646,0.37890625,5,3
34,4926,0.0,0.10942286252975464,0.16015625,3,2
34,4927,0.0,0.07031697034835815,0.21484375,3,4
34,4928,0.023239050759002573,0.09443169832229614,0.3984375,3,5
34,4929,0.011509146541357042,0.012250900268554688,0.67578125,4,3
34,4930,0.022416206309571866,0.07128632068634033,0.42578125,4,4
34,4931,0.01777050038799644,0.050267934799194336,0.44140625,4,4
34,4932,0.015258786850608887,0.016946852207183838,0.66015625,3,1
34,4933,0.014525917475111786,0.052746593952178955,0.41015625,3,2
35,4792,0.04469588957726956,0.08291411399841309,0.515625,4,3
35,4791,0.026648265775293115,0.03360569477081299,0.6171875,5,7
35,4934,0.026937815593555573,0.03986173868179321,0.5703125,5,8
35,4935,0.02111299859825522,0.023968636989593506,0.65234375,4,3
35,4936,0.03120601177215577,0.06241202354431152,0.5,5,8
35,4937,0.036337554454803474,0.07267510890960693,0.5,4,2
35,4938,0.02937332610599697,0.062403082847595215,0.48828125,4,3
35,4939,0.03976041311398149,0.09882199764251709,0.4609375,4,3
35,4940,0.01914933789521456,0.02017378807067871,0.6796875,3,2
35,4941,0.03545668721199036,0.07091337442398071,0.5,3,3
35,4942,0.029693930409848694,0.04663586616516113,0.5546875,5,6
35,4943,0.026552804745733745,0.052088260650634766,0.50390625,5,7
35,4944,0.017906665802001953,0.017906665802001953,0.70703125,4,2
35,4945,0.000889278016984465,0.07588505744934082,0.3046875,6,8
35,4946,0.031814505578950054,0.05411636829376221,0.53515625,4,2
35,4947,0.017357230186462402,0.017357230186462402,0.70703125,5,4
35,4948,0.02119262074120343,0.048011600971221924,0.4765625,5,7
35,4949,0.0009647011756896973,0.0009647011756896973,0.94140625,5,7
35,4950,8.58306884765625e-05,8.58306884765625e-05,0.97265625,5,7
35,4951,0.017209231853485107,0.017209231853485107,0.70703125,4,2
35,4952,0.032763863448053605,0.058654189109802246,0.5234375,2,1
35,4953,3.5762786865234375e-07,3.5762786865234375e-07,0.9921875,4,2
35,4954,0.02753329882398248,0.046068787574768066,0.5390625,4,2
35,4955,0.03646495239809156,0.0774691104888916,0.48828125,4,2
35,4956,0.01779806613922119,0.01779806613922119,0.70703125,4,2
35,4957,0.031895523192361004,0.06026017665863037,0.51171875,5,6
35,4958,0.03570148721337319,0.07430553436279297,0.4921875,4,1
35,4959,0.04326783993747086,0.08487790822982788,0.50390625,4,5
35,4960,0.022910809842869643,0.027216553688049316,0.63671875,4,2
35,4961,0.025842339731752876,0.03518956899642944,0.59375,4,2
35,4962,0.03651223378255964,0.07599294185638428,0.4921875,4,3
35,4825,0.04328578128479422,0.09195983409881592,0.48828125,2,2
35,4697,0.04495230922475458,0.09169554710388184,0.49609375,2,2
35,4963,0.030968038365244872,0.0535663366317749,0.53125,1,0
35,4964,0.03863225714303554,0.0937427282333374,0.46484375,2,3
35,4965,0.03608260396867991,0.07665681838989258,0.48828125,2,1
35,4966,0.03567188861779869,0.07906496524810791,0.48046875,1,0
35,4967,0.03294343734160066,0.06340992450714111,0.5078125,1,1
35,4968,0.02402424439787865,0.031061649322509766,0.609375,2,2
35,4969,0.026103814481757588,0.05120748281478882,0.50390625,2,2
35,4970,1.9073486328125e-06,1.9073486328125e-06,0.9921875,2,2
35,4971,0.020177255850285295,0.04896092414855957,0.46484375,1,1
35,4972,0.028151611331850294,0.08682906627655029,0.4296875,2,3
35,4973,0.036847298499196775,0.07993990182876587,0.484375,2,2
35,4974,0.016251952620223168,0.08238613605499268,0.37890625,2,2
35,4975,0.036154304398223765,0.06472378969192505,0.5234375,3,3
35,4976,0.026986895361915234,0.042384326457977295,0.5546875,2,1
35,4977,0.024497815873473886,0.03207898139953613,0.60546875,2,1
35,4978,0.03036128322128207,0.07033926248550415,0.47265625,4,6
35,4979,0.03705519437789918,0.08039093017578125,0.484375,1,0
35,4980,0.02735620038583875,0.04296433925628662,0.5546875,3,4
35,4981,3.4570693969726562e-06,3.4570693969726562e-06,0.98828125,1,0
35,4982,0.03564336895942689,0.07128673791885376,0.5,1,0
35,4983,0.03771293978206814,0.09373313188552856,0.4609375,3,4
35,4984,0.025068386108614508,0.03200751543045044,0.61328125,2,2
35,4985,0.042679565027356155,0.09259295463562012,0.484375,2,2
35,4986,0.024608805426396433,0.05971425771713257,0.46484375,3,5
35,4987,0.025779101066291336,0.041768670082092285,0.546875,1,1
35,4988,0.03251536085736007,0.055308520793914795,0.53515625,2,3
35,4989,0.042774021625518806,0.0855480432510376,0.5,3,4
35,4990,0.010634186211973432,0.06331050395965576,0.3671875,3,5
35,4991,0.027133195661008365,0.047739505767822266,0.52734375,3,4
35,4992,0.042491089203394956,0.07742148637771606,0.51953125,3,5
35,4993,0.02603328949771822,0.03166043758392334,0.62890625,2,2
35,4994,0.02734074904583395,0.03824716806411743,0.5859375,1,0
35,4995,0.024495722027495507,0.032076239585876465,0.60546875,2,2
35,4996,0.040290671866387136,0.08741027116775513,0.484375,2,3
35,4997,0.02297786017879844,0.04042840003967285,0.52734375,2,2
35,4998,0.04005821608006955,0.09956216812133789,0.4609375,2,2
35,4999,0.04178515076637269,0.08696746826171875,0.4921875,3,4
35,5000,0.019555178703740243,0.020815491676330566,0.67578125,2,1
35,5001,0.013741614762693647,0.055838942527770996,0.3984375,2,3
35,5002,0.023086234461516145,0.071205735206604,0.4296875,2,3
35,5003,0.036094560986384756,0.09675610065460205,0.44921875,3,5
35,5004,0.01945957122370601,0.02093130350112915,0.671875,2,1
35,5005,0.02682579238899053,0.04887831211090088,0.51953125,2,2
35,5006,0.03760927275288851,0.06397324800491333,0.53515625,3,4
35,5007,0.02097248076461256,0.06669509410858154,0.42578125,2,2
35,5008,0.03581582568585873,0.0689387321472168,0.5078125,3,5
35,5009,0.022237210068851713,0.07798254489898682,0.4140625,2,3
35,5010,0.030438650865107778,0.06335198879241943,0.4921875,2,2
35,4718,0.03859827248379589,0.08373862504959106,0.484375,4,3
35,4826,0.04156672698445619,0.10086333751678467,0.46484375,2,2
35,5011,0.025056428508833054,0.06080043315887451,0.46484375,4,6
35,5012,0.02649684029165656,0.0500604510307312,0.51171875,4,3
35,5013,0.019484165590256456,0.020526528358459473,0.6796875,4,4
35,5014,0.041918911272659905,0.07637894153594971,0.51953125,4,7
35,5015,0.0,0.10438024997711182,0.2265625,2,0
35,5016,0.03781223297119141,0.07562446594238281,0.5,4,4
35,5017,0.007433254737406971,0.05766403675079346,0.3515625,3,2
35,5018,0.023505790508352224,0.02928215265274048,0.62109375,3,2
35,5019,0.029130994807928808,0.04955172538757324,0.53515625,3,1
35,5020,0.013931185938417915,0.054448604583740234,0.40234375,3,5
35,5021,0.03239013883285225,0.05698883533477783,0.52734375,3,5
35,5022,0.02460404008161277,0.05970269441604614,0.46484375,3,5
35,5023,0.019607564900070432,0.05121976137161255,0.453125,2,3
35,5024,0.029269056394696243,0.04978656768798828,0.53515625,2,1
35,5025,0.03558552265167237,0.07117104530334473,0.5,5,3
35,5026,0.040144508937373764,0.08528625965118408,0.48828125,4,3
35,5027,0.029683478176593787,0.05134439468383789,0.53125,1,0
35,5028,0.02483093249611557,0.05275285243988037,0.48828125,3,4
35,5029,0.01845461816992611,0.05220311880111694,0.44140625,4,6
35,5030,0.0329638549592346,0.07998812198638916,0.46484375,4,3
35,5031,0.03782273281831295,0.08383220434188843,0.48046875,3,3
35,5032,0.01964547787792981,0.06889373064041138,0.4140625,4,3
35,5033,0.019097477663308386,0.03974759578704834,0.4921875,4,3
35,5034,0.034250723663717515,0.060262441635131836,0.52734375,3,3
35,5035,0.029059433843940503,0.05112862586975098,0.52734375,3,5
35,5036,0.04560889047570527,0.10108983516693115,0.48046875,2,2
35,5037,0.016950547695159912,0.016950547695159912,0.70703125,4,2
35,5038,0.028229447081685073,0.0505366325378418,0.5234375,4,3
35,5039,0.0004980564117431641,0.0004980564117431641,0.9453125,3,2
35,5040,0.019522257149219516,0.05679202079772949,0.4375,4,6
35,5041,0.029245503945276148,0.05235558748245239,0.5234375,3,5
35,5042,0.044674622127786286,0.08599025011062622,0.5078125,3,5
35,5043,0.03650175081565977,0.07160496711730957,0.50390625,4,4
35,5044,0.0,0.10638570785522461,0.2265625,4,6
35,5045,0.03247076948173345,0.05812948942184448,0.5234375,3,3
35,5046,0.03501506359316409,0.06739741563796997,0.5078125,3,3
35,5047,0.037815672112628824,0.07144510746002197,0.51171875,4,3
35,5048,0.026299710851162676,0.04068112373352051,0.55859375,4,4
35,5049,0.0026622414588928223,0.0026622414588928223,0.9140625,5,3
35,5050,0.028806066140532497,0.062494516372680664,0.484375,3,4
35,5051,0.016942262649536133,0.016942262649536133,0.70703125,4,3
35,5052,0.02048038830980659,0.02157604694366455,0.6796875,3,4
35,5053,0.01767599582672119,0.01767599582672119,0.70703125,5,3
35,5054,0.04392618965357543,0.09332036972045898,0.48828125,2,2
35,5055,0.023591017350554473,0.09586191177368164,0.3984375,5,3
35,5056,0.03417578013613821,0.07414406538009644,0.484375,4,4
35,5057,0.017056047916412354,0.017056047916412354,0.70703125,4,2
35,5058,0.030209700576961047,0.05225461721420288,0.53125,3,0
35,5059,0.01795483008027077,0.07924890518188477,0.390625,5,3
35,5060,0.0,0.10632199048995972,0.2265625,4,3
35,5061,0.03829899802803994,0.05750465393066406,0.56640625,3,2
35,5062,0.03926332877017558,0.09096300601959229,0.47265625,5,3
35,5063,0.03660022141411901,0.06552207469940186,0.5234375,4,3
35,5064,0.017686060862615708,0.07186716794967651,0.3984375,1,1
35,5065,0.041672147810459144,0.0904073715209961,0.484375,2,2
35,5066,0.0,0.10452878475189209,0.24609375,1,2
35,5067,0.006409173831343653,0.05859816074371338,0.34375,4,7
35,5068,0.026078803930431608,0.038040876388549805,0.57421875,4,3
35,5069,0.02540263894479722,0.06470721960067749,0.45703125,2,2
35,5070,0.03463251423090697,0.07845950126647949,0.4765625,5,7
35,5071,0.04048302536830307,0.10061800479888916,0.4609375,3,4
35,5072,0.042707588523626334,0.09265375137329102,0.484375,3,3
35,5073,0.031077253399416808,0.06468111276626587,0.4921875,3,6
35,5074,0.019693258451297883,0.05896461009979248,0.43359375,2,3
35,5075,0.043705510557629175,0.0891522765159607,0.49609375,4,3
35,5076,0.03667199611663819,0.07334399223327637,0.5,4,3
35,5077,0.0,0.10016858577728271,0.26953125,1,2
36,5042,0.03319414053112269,0.08898115158081055,0.44921875,3,5
36,5075,0.030752543709240857,0.09207779169082642,0.43359375,4,3
36,5078,0.02078960544895381,0.022129476070404053,0.67578125,4,6
36,5079,0.03007229790091515,0.08748304843902588,0.4375,3,3
36,5080,0.021223938092589382,0.031867027282714844,0.56640625,4,2
36,5081,0.023065306479111317,0.04900181293487549,0.48828125,3,2
36,5082,0.023065362591296438,0.04900193214416504,0.48828125,2,1
36,5083,0.025673046708106998,0.06706428527832031,0.453125,3,4
36,5084,0.025330543052405122,0.08313614130020142,0.421875,4,3
36,5085,0.025324168615043167,0.08311522006988525,0.421875,1,0
36,5086,0.02369058690965176,0.040978312492370605,0.53125,2,1
36,5087,0.029902434325776998,0.08953243494033813,0.43359375,5,4
36,5088,0.010771271539852025,0.06808507442474365,0.36328125,4,3
36,5089,0.023065362591296438,0.04900193214416504,0.48828125,6,4
36,5090,0.026963536161929372,0.07422220706939697,0.4453125,4,3
36,5091,0.022069791564717892,0.04999881982803345,0.4765625,3,4
36,5092,0.02285076025873423,0.06463861465454102,0.44140625,5,7
36,5093,0.02352394722402096,0.07480907440185547,0.42578125,4,2
36,5094,0.02508408320136369,0.09803855419158936,0.40234375,3,4
36,5095,0.008797921240329746,0.08043813705444336,0.34375,2,3
36,5096,0.024977943859994415,0.07943296432495117,0.42578125,3,3
36,5097,0.029491815483197573,0.09096270799636841,0.4296875,2,2
36,5098,0.02345634216908366,0.0702318549156189,0.43359375,3,2
36,5099,0.008192606270313265,0.06355476379394531,0.3515625,2,2
36,5100,0.026294229668565098,0.07048505544662476,0.44921875,4,4
36,5101,0.024761107983067635,0.07413852214813232,0.43359375,4,3
36,5102,0.02838221983984113,0.07054221630096436,0.4609375,3,3
36,5103,0.018904705764725808,0.07681912183761597,0.3984375,4,4
36,5104,0.03118262311909348,0.07566589117050171,0.46484375,4,6
36,5105,0.0218762184958905,0.0618818998336792,0.44140625,3,4
36,5106,0.01920060068368912,0.019819974899291992,0.6875,3,0
36,5107,0.016771972179412842,0.016771972179412842,0.7265625,4,3
36,5108,0.02543646236881614,0.07001864910125732,0.4453125,3,5
36,5109,0.022179422900080684,0.026045560836791992,0.640625,5,3
36,5110,0.026335549773648385,0.08122771978378296,0.4296875,3,3
36,5111,0.025091467890888456,0.07739055156707764,0.4296875,3,4
36,5112,0.01946570444852114,0.06826329231262207,0.4140625,4,6
36,5113,0.019734409404918555,0.021682441234588623,0.6640625,4,3
36,5114,0.024192104116082195,0.03479313850402832,0.578125,4,3
36,5115,0.022236884455196563,0.025244534015655518,0.65234375,4,3
36,5116,0.013504264410585167,0.08536028861999512,0.36328125,3,4
36,5117,0.029950907919555906,0.08967757225036621,0.43359375,3,5
36,5118,0.026360111776739362,0.043396711349487305,0.54296875,3,3
36,5119,0.023282587528228763,0.031703948974609375,0.59375,3,3
36,5120,0.030778106302022937,0.08953630924224854,0.4375,3,3
36,5121,0.02300464035943151,0.047879576683044434,0.4921875,3,2
36,5122,0.023065362591296438,0.04900193214416504,0.48828125,2,2
36,5123,0.02411647641565651,0.03846615552902222,0.55078125,3,3
36,5124,0.027950468822382394,0.08888596296310425,0.42578125,4,7
36,5125,0.020848391577601436,0.031768977642059326,0.5625,5,5
36,5126,0.022026895545423034,0.07229340076446533,0.421875,4,3
36,5127,0.022022353485226635,0.057527780532836914,0.453125,4,5
36,5128,0.01936821278650314,0.07032996416091919,0.41015625,3,4
36,5129,0.006521287607029082,0.05058938264846802,0.3515625,3,5
36,5130,0.0,0.10556244850158691,0.15625,4,7
36,5131,0.0228039063513279,0.08585000038146973,0.40625,4,3
36,5132,0.023941669031046334,0.0609857439994812,0.45703125,4,2
36,5133,0.024068572558462623,0.0628730058670044,0.453125,3,2
36,4792,0.026880963356234137,0.08548480272293091,0.42578125,4,3
36,4959,0.027195150032639507,0.08648395538330078,0.42578125,4,5
36,5134,0.019200701499357823,0.06510436534881592,0.41796875,4,5
36,5135,0.025434787385165695,0.06644189357757568,0.453125,2,2
36,5136,0.019384477520361546,0.019422411918640137,0.69921875,3,1
36,5137,0.027624984271824363,0.07216322422027588,0.453125,4,4
36,5138,0.024055245099589232,0.07419449090957642,0.4296875,4,4
36,5139,0.02397604146972299,0.04078316688537598,0.53515625,3,1
36,5140,0.02407891442999244,0.05223900079727173,0.484375,3,2
36,5141,0.023065362591296438,0.04900193214416504,0.48828125,4,5
36,5142,0.023065362591296438,0.04900193214416504,0.48828125,3,1
36,5143,0.02186825126409531,0.08886146545410156,0.3984375,3,2
36,5144,0.022925012744963173,0.03121703863143921,0.59375,4,1
36,5145,0.02437491621822119,0.0460515022277832,0.51171875,3,3
36,5146,0.01677262783050537,0.01677262783050537,0.7265625,4,6
36,5147,0.02404909336473793,0.05109184980392456,0.48828125,4,2
36,5148,0.0217160691972822,0.05269491672515869,0.46484375,4,5
36,5149,0.02410093089565635,0.03326058387756348,0.58984375,3,3
36,5150,0.00961360544897616,0.06932628154754639,0.35546875,3,2
36,5151,0.021694224444217983,0.0735592246055603,0.41796875,3,5
36,5152,0.025180861819535497,0.08264487981796265,0.421875,3,0
36,5153,0.023482267744839195,0.0488736629486084,0.4921875,5,7
36,5154,0.019038545899093155,0.07167452573776245,0.40625,4,5
36,5155,0.01732325553894043,0.01732325553894043,0.72265625,4,3
36,5156,0.025334992446005348,0.08315074443817139,0.421875,3,2
36,5157,0.02385368698742241,0.06076163053512573,0.45703125,4,3
36,5158,0.02456773538142443,0.08063256740570068,0.421875,3,0
36,5159,0.025248637888580564,0.0828673243522644,0.421875,3,0
36,5160,0.025956314057111744,0.07342338562011719,0.44140625,3,2
36,5161,0.014390937751159075,0.05847746133804321,0.3984375,3,2
36,5162,0.022214578231796626,0.039768755435943604,0.5234375,5,7
36,5163,0.027903084643185142,0.0580747127532959,0.4921875,4,7
36,5164,0.02390211669262499,0.05537503957748413,0.47265625,4,4
36,5165,0.017209947109222412,0.017209947109222412,0.72265625,3,1
36,5166,1.1920928955078125e-07,1.1920928955078125e-07,1.0,4,2
36,5167,0.023065362591296438,0.04900193214416504,0.48828125,4,2
36,5168,0.021026510628871623,0.03972536325454712,0.51171875,4,4
36,5169,0.016827523708343506,0.016827523708343506,0.7265625,4,2
36,5170,0.024435161612927917,0.08019745349884033,0.421875,2,1
36,5171,0.025751188397407535,0.07491254806518555,0.4375,5,7
36,5172,0.014910280704498291,0.014910280704498291,0.73046875,4,3
36,5036,0.027646588161587722,0.10408127307891846,0.40625,2,2
36,4697,0.029113907832652337,0.09555333852767944,0.421875,2,2
36,5173,0.029423994245007638,0.0681678056716919,0.47265625,3,5
36,5174,0.02771305292844773,0.10433149337768555,0.40625,3,4
36,5175,0.028186957468278713,0.09557431936264038,0.41796875,3,4
36,5176,0.022150799632072452,0.050182342529296875,0.4765625,2,2
36,5177,0.022534437244758013,0.05600792169570923,0.4609375,2,2
36,5178,0.02695679850876332,0.10148441791534424,0.40625,2,2
36,5179,0.02577718254178763,0.047818541526794434,0.515625,2,3
36,5180,0.00021141767501831055,0.00021141767501831055,0.96875,3,3
36,5181,0.02205296885222197,0.060704946517944336,0.4453125,3,4
36,5182,0.01677381992340088,0.01677381992340088,0.7265625,1,1
36,5183,0.024389795958995823,0.06371212005615234,0.453125,3,3
36,5184,0.030304603278636936,0.08815884590148926,0.4375,2,3
36,5185,0.01913198200054467,0.04755133390426636,0.4609375,2,2
36,5186,0.028308888664469126,0.09002578258514404,0.42578125,2,2
36,5187,0.018297553062438965,0.018297553062438965,0.71484375,1,0
36,5188,0.019447433063760403,0.06819921731948853,0.4140625,2,2
36,5189,0.029469841159880168,0.09672152996063232,0.421875,3,3
36,5190,0.023965009022504095,0.059563517570495605,0.4609375,3,5
36,5191,0.026215230580419305,0.058104753494262695,0.48046875,4,6
36,5192,0.02294931095093489,0.05568742752075195,0.46484375,2,1
36,5193,0.02895418857224286,0.0737539529800415,0.45703125,3,3
36,5194,0.026073793414980177,0.08042037487030029,0.4296875,2,2
36,5195,0.020982950460165743,0.05215179920196533,0.4609375,2,2
36,5196,0.024849361274391416,0.06491261720657349,0.453125,3,4
36,5197,0.024847124004736546,0.057564377784729004,0.47265625,3,3
36,5198,0.021900956751778725,0.04854238033294678,0.48046875,3,4
36,5199,0.025745032355189327,0.061025261878967285,0.46875,2,2
36,5200,0.017392277717590332,0.017392277717590332,0.72265625,2,1
36,5201,0.023345309891738,0.059466660022735596,0.45703125,1,0
36,5202,0.018033504486083984,0.018033504486083984,0.71484375,2,1
36,5203,0.02806450077332557,0.1096872091293335,0.40234375,2,2
36,5204,0.02323352871462703,0.053826093673706055,0.47265625,2,2
36,5205,0.024521710700355474,0.05435115098953247,0.48046875,3,4
36,5206,0.02533365378621966,0.07585281133651733,0.43359375,3,4
36,5207,0.019595958176068965,0.01963430643081665,0.69921875,2,2
36,5208,0.0020558834075927734,0.0020558834075927734,0.90234375,2,2
36,5209,0.01738245785236359,0.0505671501159668,0.4375,1,1
36,5210,0.026598331634886566,0.07523947954177856,0.44140625,2,2
36,5211,0.02456040540710092,0.07353758811950684,0.43359375,1,0
36,5212,0.022376485867425803,0.06699860095977783,0.43359375,2,3
36,5213,0.02109000645577908,0.0650486946105957,0.4296875,3,3
36,5214,0.028047360945492986,0.0920528769493103,0.421875,2,2
36,5215,0.016772747039794922,0.016772747039794922,0.7265625,2,2
36,5216,0.029021260794252164,0.0984032154083252,0.41796875,3,5
36,5217,0.030750971054658297,0.09207308292388916,0.43359375,2,2
36,5218,0.022411425132304433,0.050772786140441895,0.4765625,3,3
36,5219,0.02561107696965337,0.07899320125579834,0.4296875,3,3
36,5220,0.023354426957666877,0.048607587814331055,0.4921875,2,2
36,5221,0.016771972179412842,0.016771972179412842,0.7265625,4,6
37,5163,0.02356429700739682,0.053384602069854736,0.4765625,4,7
37,5137,0.03463721182197333,0.07065439224243164,0.49609375,4,4
37,5222,0.03662276268005372,0.07324552536010742,0.5,4,5
37,5223,0.035770833259448416,0.08287179470062256,0.47265625,3,3
37,5224,0.008382570929825308,0.06502842903137207,0.3515625,4,7
37,5225,0.0170743465423584,0.0170743465423584,0.77734375,3,4
37,5226,0.039643341209739454,0.08086609840393066,0.49609375,5,6
37,5227,0.02963043213821948,0.0629492998123169,0.48828125,5,6
37,5228,0.04129481711424888,0.07948476076126099,0.5078125,4,5
37,5229,0.03535359119996429,0.07669931650161743,0.484375,5,4
37,5230,0.03181981388479472,0.03824353218078613,0.6328125,5,4
37,5231,0.01821670948993415,0.04420357942581177,0.46484375,4,4
37,5232,0.03283325722441078,0.043550848960876465,0.6015625,4,2
37,5233,0.03583813714794815,0.08302772045135498,0.47265625,5,4
37,5234,0.0344402154441923,0.07802385091781616,0.4765625,4,3
37,5235,0.03421532479114831,0.06711971759796143,0.50390625,4,2
37,5236,0.03685624105855823,0.0683709979057312,0.515625,5,7
37,5237,0.00983224529772997,0.06623828411102295,0.359375,4,7
37,5238,0.03423923254013062,0.06847846508026123,0.5,2,1
37,5239,0.038621140643954284,0.07433843612670898,0.5078125,4,4
37,5240,0.03564147802535445,0.07571965456008911,0.48828125,4,7
37,5241,0.037878364673815675,0.04499703645706177,0.63671875,4,7
37,5242,0.03656904050149024,0.0776902437210083,0.48828125,4,3
37,5243,0.01712179183959961,0.01712179183959961,0.77734375,3,3
37,5244,0.04013204108923674,0.0835268497467041,0.4921875,4,4
37,5245,0.003347158432006836,0.003347158432006836,0.87109375,5,8
37,5246,0.032928910106420524,0.06459617614746094,0.50390625,3,1
37,5247,0.035731075331568725,0.04998445510864258,0.5859375,5,7
37,5248,0.017074227333068848,0.017074227333068848,0.77734375,4,6
37,5249,0.012970492243766788,0.05724906921386719,0.390625,5,7
37,5250,0.012688279151916504,0.012688279151916504,0.7890625,4,4
37,5251,0.027795076370239258,0.027795076370239258,0.70703125,4,2
37,5252,0.03584773361217231,0.0830499529838562,0.47265625,4,3
37,5253,0.018309593200683594,0.018309593200683594,0.765625,4,3
37,5254,0.03538055624812842,0.05824708938598633,0.54296875,3,3
37,5255,0.0002624988555908203,0.0002624988555908203,0.98046875,4,5
37,5256,0.022199553437530998,0.0579906702041626,0.453125,4,7
37,5257,0.04247261071577669,0.07878977060317993,0.515625,4,7
37,5258,0.03324203682132066,0.07062208652496338,0.48828125,4,4
37,5259,0.020484566688537598,0.020484566688537598,0.7578125,3,2
37,5104,0.04083428881131113,0.07440268993377686,0.51953125,4,6
37,5217,0.04195183329284192,0.09101414680480957,0.484375,2,2
37,5260,0.03673452360089869,0.08142024278640747,0.48046875,2,3
37,5261,0.01707446575164795,0.01707446575164795,0.77734375,4,3
37,5262,0.027324762195348743,0.03929853439331055,0.578125,2,4
37,5263,0.020218273624777797,0.05150127410888672,0.45703125,4,5
37,5264,0.03596523241139949,0.08332216739654541,0.47265625,1,0
37,5265,7.748603820800781e-07,7.748603820800781e-07,1.0,1,1
37,5266,0.03703661262989045,0.061969757080078125,0.5390625,3,5
37,5267,4.76837158203125e-07,4.76837158203125e-07,1.0,2,2
37,5268,0.04455449874512852,0.13340294361114502,0.43359375,2,3
37,5269,0.017448365688323975,0.017448365688323975,0.76953125,4,3
37,5270,0.040888905525207526,0.08177781105041504,0.5,3,5
37,5271,0.017344951629638672,0.017344951629638672,0.76953125,1,0
37,5272,0.033705728827044375,0.06875431537628174,0.49609375,3,1
37,5273,0.029300007387064404,0.0482366681098938,0.54296875,2,2
37,5274,0.03720250632613898,0.09027338027954102,0.46484375,3,3
37,5275,0.035731671843677766,0.049985289573669434,0.5859375,2,3
37,5276,0.0359500787453726,0.0832870602607727,0.47265625,1,0
37,5277,0.028384775854647167,0.052655816078186035,0.515625,3,3
37,5278,0.03612131474073977,0.05587345361709595,0.55859375,2,3
37,5279,0.03859320678748191,0.09592097997665405,0.4609375,3,3
37,5280,0.034013491123914726,0.0737919807434082,0.484375,2,1
37,5281,0.032622500788420446,0.06279218196868896,0.5078125,2,1
37,5282,0.01945793628692627,0.01945793628692627,0.76171875,2,2
37,5283,0.04363128170371056,0.09080982208251953,0.4921875,2,2
37,5284,0.023079443490132693,0.04131704568862915,0.5234375,4,4
37,5285,0.03387292695697398,0.061718642711639404,0.51953125,3,3
37,5286,0.022654294967651367,0.022654294967651367,0.7421875,1,0
37,5287,0.035673942416906364,0.08264732360839844,0.47265625,3,4
37,5288,0.002522289752960205,0.002522289752960205,0.9375,3,3
37,5289,0.04217418050393463,0.0914965271949768,0.484375,2,2
37,5290,0.035731671843677766,0.049985289573669434,0.5859375,4,5
37,5291,0.02168363332748413,0.02168363332748413,0.7421875,2,3
37,5292,0.0,0.1050611138343811,0.17578125,4,5
37,5293,0.03071238938719035,0.05802488327026367,0.51171875,4,4
37,5294,0.031224841717630628,0.034307122230529785,0.6640625,4,3
37,5295,0.04033177020028234,0.08227038383483887,0.49609375,2,3
37,5296,0.0340906996279955,0.05798816680908203,0.53515625,3,3
37,5297,0.029670679941773418,0.07033050060272217,0.46875,4,5
37,5298,0.027117668883875016,0.08364003896713257,0.4296875,2,3
37,5299,0.03573710122145713,0.05700123310089111,0.55078125,3,4
37,5300,0.018582094460725788,0.05405700206756592,0.4375,2,2
37,5301,0.017075061798095703,0.017075061798095703,0.77734375,3,4
37,5302,0.04065239499323071,0.0920974612236023,0.4765625,3,3
37,5303,0.03664228320121766,0.06797409057617188,0.515625,2,2
37,5042,0.038759189890697605,0.08780843019485474,0.4765625,3,5
37,5120,0.042186887003481395,0.08780360221862793,0.4921875,3,3
37,5304,0.005655479966662827,0.056776583194732666,0.33984375,2,1
37,5305,0.03565586102195085,0.07902944087982178,0.48046875,3,2
37,5306,0.04528465983457864,0.10491287708282471,0.47265625,2,2
37,5307,0.04155620746314526,0.09015583992004395,0.484375,2,2
37,5308,0.03566056885756553,0.05687916278839111,0.55078125,3,2
37,5309,0.023763298988342285,0.023763298988342285,0.7421875,3,2
37,5310,0.03601578203961254,0.05038273334503174,0.5859375,3,1
37,5311,0.036190273356623955,0.08384352922439575,0.47265625,3,2
37,5312,0.017806291580200195,0.017806291580200195,0.765625,4,5
37,5313,0.035731671843677766,0.049985289573669434,0.5859375,1,0
37,5314,0.03779765218496323,0.0820016860961914,0.484375,3,3
37,5315,0.03736336412839592,0.05779469013214111,0.55859375,4,4
37,5316,0.037845653831027455,0.1133156418800354,0.43359375,3,2
37,5317,0.03403949737548829,0.06807899475097656,0.5,3,2
37,5318,0.03471435327082873,0.07081174850463867,0.49609375,3,4
37,5319,0.03446230851113797,0.07321453094482422,0.48828125,6,4
37,5320,0.03443700983189047,0.05095881223678589,0.5703125,3,6
37,5321,0.04236982390284539,0.09598827362060547,0.4765625,2,2
37,5322,0.03584415744990111,0.08304166793823242,0.47265625,2,1
37,5323,0.04214816959574819,0.07052242755889893,0.5390625,2,2
37,5324,0.03829029574990273,0.0951681137084961,0.4609375,3,5
37,5325,0.03582097671460361,0.0829879641532898,0.47265625,4,2
37,5326,0.03556368197314442,0.058548569679260254,0.54296875,2,3
37,5327,0.022864056285470728,0.06293761730194092,0.4453125,2,2
37,5328,0.033950404729694135,0.07691419124603271,0.4765625,4,3
37,5329,0.03618999035097659,0.08384287357330322,0.47265625,3,3
37,5330,0.01926809549331665,0.01926809549331665,0.76171875,3,2
37,5331,0.03687865938991309,0.08948755264282227,0.46484375,3,5
37,5332,0.01875513792037964,0.01875513792037964,0.765625,4,2
37,5333,0.03190233651548625,0.03834271430969238,0.6328125,2,1
37,5334,0.036499002948403365,0.07596540451049805,0.4921875,5,4
37,5335,0.035731671843677766,0.049985289573669434,0.5859375,2,2
37,5336,0.03727349918335677,0.09494543075561523,0.45703125,3,3
37,5337,0.01707446575164795,0.01707446575164795,0.77734375,4,3
37,5338,0.03594374295789749,0.08721894025802612,0.46484375,3,5
37,5339,0.012124359607696533,0.012124359607696533,0.77734375,5,6
37,5340,0.021530866622924805,0.021530866622924805,0.7421875,3,2
37,5341,0.033338970504701144,0.04422163963317871,0.6015625,5,3
37,5342,0.0,0.10795682668685913,0.17578125,2,2
37,5343,0.031401984393596656,0.03687572479248047,0.640625,3,2
37,5344,0.017206311225891113,0.017206311225891113,0.7734375,4,2
37,5345,0.03693532571196557,0.0562824010848999,0.5625,3,5
37,5346,0.039652286563068635,0.09621787071228027,0.46484375,4,3
37,5347,0.033709803828969605,0.057340264320373535,0.53515625,4,5
37,5348,0.044420996564440436,0.10778933763504028,0.46484375,2,2
37,5349,0.02612842340022326,0.057912349700927734,0.48046875,5,4
37,5350,0.037528425687924034,0.09327453374862671,0.4609375,3,3
37,5351,0.04495597979985178,0.08048063516616821,0.5234375,3,4
37,5352,1.0728836059570312e-06,1.0728836059570312e-06,1.0,4,2
37,5353,0.035731671843677766,0.049985289573669434,0.5859375,4,6
37,5354,0.03963196137920023,0.08248603343963623,0.4921875,2,3
37,5355,0.01935034990310669,0.01935034990310669,0.7265625,3,3
37,5356,0.035731671843677766,0.049985289573669434,0.5859375,3,2
37,5357,0.016036296030506495,0.01820528507232666,0.65234375,3,6
37,5358,0.04228415898978711,0.0917351245880127,0.484375,2,2
37,5359,0.03619004180654884,0.08384299278259277,0.47265625,4,6
37,5360,0.030730237718671564,0.040761351585388184,0.6015625,5,5
37,5361,0.031638205051422126,0.05126190185546875,0.546875,4,7
37,5362,0.027256466331891722,0.05149561166763306,0.51171875,3,5
37,5363,0.04308328754268587,0.09981286525726318,0.47265625,3,3
37,5364,0.02388359163887799,0.059361159801483154,0.4609375,3,3
37,5365,0.03239494445733727,0.07180178165435791,0.48046875,3,5
38,5242,0.031378567218780525,0.076141357421875,0.46484375,4,3
38,5310,0.028968937695026405,0.05010843276977539,0.53125,3,1
38,5366,0.01678848918527365,0.01698756217956543,0.6953125,4,3
38,5367,0.021147084422409538,0.02274644374847412,0.671875,4,3
38,5368,0.01678848918527365,0.01698756217956543,0.6953125,5,4
38,5369,0.02047441201284528,0.0243222713470459,0.63671875,3,1
38,5370,0.028152264654636387,0.08189749717712402,0.4375,4,4
38,5371,0.01678848918527365,0.01698756217956543,0.6953125,3,2
38,5372,0.01698547136038542,0.017186880111694336,0.6953125,3,1
38,5373,0.029468370135873563,0.05780768394470215,0.50390625,3,0
38,5374,0.025811761501245204,0.039926350116729736,0.55859375,3,2
38,5375,0.028152264654636387,0.08189749717712402,0.4375,4,2
38,5376,0.018934174440801147,0.020803213119506836,0.6640625,3,1
38,5377,0.025332483462989334,0.03803586959838867,0.56640625,4,4
38,5378,0.030071354471147064,0.0652395486831665,0.484375,5,4
38,5379,0.029205150087364025,0.05729132890701294,0.50390625,3,0
38,5380,0.03215600643306971,0.07622164487838745,0.46875,4,3
38,5381,0.02717122528702021,0.04267382621765137,0.5546875,3,0
38,5257,0.033848391380161054,0.08213448524475098,0.46484375,4,7
38,5228,0.03222856717184187,0.07820391654968262,0.46484375,4,5
38,5382,0.024521134793758396,0.030179858207702637,0.625,5,5
38,5383,0.0051642656326293945,0.0051642656326293945,0.859375,5,6
38,5384,0.03600612306036056,0.07649433612823486,0.48828125,5,6
38,5385,0.04094941634684802,0.08883941173553467,0.484375,4,5
38,5386,0.02953035291284323,0.06841421127319336,0.47265625,3,1
38,5387,0.0,0.11170750856399536,0.25390625,4,6
38,5388,0.025769765605218712,0.05711740255355835,0.48046875,4,5
38,5389,0.03431867249310017,0.07445406913757324,0.484375,5,5
38,5390,0.035553690744563944,0.08236873149871826,0.47265625,6,8
38,5391,0.029600542271509774,0.0580669641494751,0.50390625,6,6
38,5392,0.028746539726853378,0.04972374439239502,0.53125,5,5
38,5393,0.015721354982815686,0.06144529581069946,0.40234375,4,6
38,5394,5.960464477539063e-08,5.960464477539063e-08,1.0,4,3
38,5395,0.027951922267675403,0.08131468296051025,0.4375,5,3
38,5396,0.03743530064821244,0.08297348022460938,0.48046875,4,5
38,5397,0.028661632910370834,0.04957687854766846,0.53125,4,5
38,5398,0.002129852771759033,0.002129852771759033,0.90625,4,3
38,5399,0.025725839892402295,0.03752601146697998,0.57421875,4,5
38,5400,0.028792479773983363,0.07718193531036377,0.44921875,4,5
38,5401,0.030872887466102842,0.06994211673736572,0.4765625,4,6
38,5402,0.0018199337646365192,0.08470964431762695,0.30859375,4,8
38,5403,0.017390273511409763,0.017951250076293945,0.6875,4,4
38,5404,0.0,0.08386969566345215,0.26953125,4,7
38,5405,0.0015741586685180664,0.0015741586685180664,0.91796875,4,6
38,5406,0.03500674339011312,0.0775907039642334,0.48046875,5,5
38,5407,0.019746592268347744,0.057444632053375244,0.4375,4,6
38,5408,0.02921726345084608,0.07832062244415283,0.44921875,5,6
38,5409,0.020762913161888722,0.042353034019470215,0.49609375,5,7
38,5410,0.023363532498478893,0.030207395553588867,0.609375,4,4
38,5411,0.023225425975397233,0.03387868404388428,0.57421875,4,3
38,5268,0.020113407168537382,0.13550084829330444,0.359375,2,3
38,5348,0.0428110589273274,0.10640418529510498,0.4609375,2,2
38,5412,0.018845021259039644,0.06608664989471436,0.4140625,2,2
38,5413,0.03189991763792933,0.07070457935333252,0.48046875,3,4
38,5414,0.027894183993339542,0.0811467170715332,0.4375,1,0
38,5415,0.02246804418973625,0.027324557304382324,0.62890625,2,1
38,5416,0.0326094338670373,0.04689896106719971,0.578125,4,4
38,5417,0.030930476030334834,0.07687574625015259,0.4609375,1,0
38,5418,0.017712805885821584,0.018854379653930664,0.67578125,1,0
38,5419,0.01679231808520854,0.017161011695861816,0.69140625,1,0
38,5420,0.03724446520209313,0.10834753513336182,0.4375,2,2
38,5421,0.027330567827448252,0.04572957754135132,0.5390625,2,1
38,5422,0.03191762790083886,0.09285128116607666,0.4375,3,3
38,5423,0.03198347159195692,0.07409745454788208,0.47265625,2,0
38,5424,0.025193620473146442,0.038390278816223145,0.5625,1,0
38,5425,0.029305121046490974,0.05339580774307251,0.51953125,3,4
38,5426,0.028204891830682758,0.042978882789611816,0.5625,2,2
38,5427,0.02462139609269798,0.0349200963973999,0.58203125,2,3
38,5428,0.02716278354637325,0.04201614856719971,0.55859375,2,0
38,5429,0.0,0.08852756023406982,0.296875,2,3
38,5430,0.02372178062796593,0.036147475242614746,0.5625,2,1
38,5431,0.040630567586049444,0.10891544818878174,0.44921875,2,2
38,5432,0.0,0.08406978845596313,0.234375,2,2
38,5433,0.020604766556061808,0.023391664028167725,0.65234375,1,0
38,5434,0.026398973772302273,0.08951175212860107,0.41796875,2,3
38,5435,0.008364241803064946,0.08397042751312256,0.33984375,2,3
38,5436,0.02735181152820588,0.13211441040039062,0.3828125,3,4
38,5437,0.023628433817066256,0.03175264596939087,0.59765625,2,1
38,5438,0.026540502789430324,0.03227728605270386,0.62890625,4,3
38,5439,0.03190240147523583,0.085518479347229,0.44921875,2,2
38,5440,0.0,0.16616040468215942,0.25390625,2,3
38,5441,0.03400024864822627,0.07376325130462646,0.484375,5,6
38,5442,0.028651056811213497,0.03613138198852539,0.6171875,4,5
38,5443,0.0026706380303949135,0.052591025829315186,0.3203125,1,1
38,5444,0.026772615849040452,0.06496483087539673,0.46484375,3,3
38,5445,0.03640991263091565,0.09511160850524902,0.453125,2,2
38,5446,0.03128071711398662,0.07246935367584229,0.47265625,2,1
38,5447,0.027295428561046726,0.048864543437957764,0.5234375,4,6
38,5448,0.028558361344039447,0.14477109909057617,0.37890625,2,3
38,5449,0.028438561479561038,0.05181688070297241,0.51953125,2,2
38,5450,0.019235584884881977,0.021134376525878906,0.6640625,2,1
38,5451,0.025917684193700555,0.03625643253326416,0.5859375,3,4
38,5452,0.027355693629942838,0.039903461933135986,0.57421875,2,2
38,5453,0.025271069258451465,0.03850829601287842,0.5625,1,0
38,5454,0.016812876332551244,0.01701223850250244,0.6953125,3,2
38,5455,0.028746539726853378,0.04972374439239502,0.53125,3,3
38,5351,0.03595219063572586,0.08144921064376831,0.4765625,3,4
38,5363,0.037880859337747104,0.09895408153533936,0.453125,3,3
38,5456,0.02504842728376389,0.03082883358001709,0.625,2,2
38,5457,0.007280017482116822,0.07308566570281982,0.33984375,4,4
38,5458,0.02454476617276669,0.03914928436279297,0.55078125,3,5
38,5459,0.02461355179548264,0.07160305976867676,0.4375,4,4
38,5460,0.03508041263557971,0.0662773847579956,0.51171875,3,3
38,5461,0.03121060458943248,0.07757198810577393,0.4609375,2,1
38,5462,0.03393558342941106,0.07209551334381104,0.48828125,3,3
38,5463,0.03145198523998261,0.06169891357421875,0.50390625,3,4
38,5464,0.016993652796372775,0.017366766929626465,0.69140625,3,2
38,5465,0.03149827127344907,0.07297337055206299,0.47265625,2,1
38,5466,0.028746539726853378,0.04972374439239502,0.53125,3,4
38,5467,0.0381750212982297,0.09972250461578369,0.453125,3,3
38,5468,0.022992611397057775,0.06503987312316895,0.44140625,2,3
38,5469,0.022521249018609527,0.028055667877197266,0.62109375,3,4
38,5470,0.030382350087165836,0.08144378662109375,0.44921875,3,4
38,5471,0.02945487014949322,0.07895755767822266,0.44921875,3,3
38,5472,0.027610783465206627,0.08516097068786621,0.4296875,3,4
38,5473,0.03447416983544827,0.07175111770629883,0.4921875,4,6
38,5474,0.040931878611445434,0.09482860565185547,0.47265625,4,5
38,5475,0.03191958949901164,0.07394945621490479,0.47265625,3,3
38,5306,0.039197145029902465,0.1050729751586914,0.44921875,2,2
38,5120,0.03842061513569207,0.08901065587997437,0.47265625,3,3
38,5476,0.03701648558489979,0.08204519748687744,0.48046875,3,4
38,5477,0.024634896311908964,0.0326763391494751,0.6015625,2,2
38,5478,0.022859603166580204,0.06650066375732422,0.4375,2,3
38,5479,0.016909899422898892,0.017281174659729004,0.69140625,2,1
38,5480,0.001420736312866211,0.001420736312866211,0.91796875,2,2
38,5481,0.012627143412828449,0.05343055725097656,0.39453125,2,3
38,5482,0.030036865267902616,0.06804811954498291,0.4765625,2,1
38,5483,0.027200865792110566,0.046268582344055176,0.53515625,3,1
38,5484,0.028746539726853378,0.04972374439239502,0.53125,2,2
38,5485,0.031789319007657475,0.06484514474868774,0.49609375,4,5
38,5486,0.01786576490849257,0.018077611923217773,0.6953125,3,3
38,5487,0.020413198508322242,0.024249553680419922,0.63671875,3,1
38,5488,0.0302647011121735,0.07011550664901733,0.47265625,2,2
38,5489,0.02792705572210253,0.04750382900238037,0.53515625,3,2
38,5490,0.007719993591308594,0.007719993591308594,0.8203125,4,5
38,5491,0.02875303500331939,0.05432307720184326,0.51171875,1,1
38,5492,0.027310880483128134,0.04356127977371216,0.55078125,4,4
38,5493,0.02295040944591165,0.06317532062530518,0.4453125,2,2
38,5494,0.0009505748748779297,0.0009505748748779297,0.9296875,3,3
38,5495,0.028731653466820724,0.04969799518585205,0.53125,2,2
38,5496,0.027718785684555772,0.036766886711120605,0.6015625,3,4
38,5497,0.027061788015998903,0.04603201150894165,0.53515625,2,2
38,5498,0.023853396764025096,0.02971518039703369,0.62109375,2,1
38,5499,0.029046504758298404,0.050242602825164795,0.53125,1,0
38,5500,0.01131296157836914,0.01131296157836914,0.70703125,4,4
38,5501,0.03142303007189185,0.08423346281051636,0.44921875,3,3
38,5502,0.028794248239137236,0.06382101774215698,0.48046875,2,2
38,5503,0.02690677717328072,0.04359579086303711,0.546875,4,3
38,5504,0.029898053966462616,0.07810103893280029,0.453125,2,2
38,5505,0.017443186254240576,0.018567383289337158,0.67578125,4,2
39,5380,0.019987583393231038,0.072579026222229,0.41015625,4,3
39,5465,0.01908429013565183,0.06929898262023926,0.41015625,2,1
39,5506,0.018503829953260723,0.0782971978187561,0.39453125,1,0
39,5507,0.02703695045784116,0.06719863414764404,0.4609375,2,1
39,5508,0.019168773200362924,0.067221999168396,0.4140625,4,3
39,5509,0.019454512745141987,0.07324051856994629,0.40625,3,2
39,5510,0.019987583393231038,0.072579026222229,0.41015625,4,3
39,5511,0.01733545039314777,0.018452703952789307,0.67578125,1,0
39,5512,0.017664814135059718,0.05989658832550049,0.41796875,4,1
39,5513,0.020051128230988983,0.07548660039901733,0.40625,1,0
39,5514,0.018506548600271348,0.07830870151519775,0.39453125,3,2
39,5515,0.019987583393231038,0.072579026222229,0.41015625,4,3
39,5516,0.01899250724818558,0.02365976572036743,0.62109375,3,1
39,5517,0.020930859260261062,0.045409321784973145,0.484375,2,2
39,5518,0.019497893750667575,0.025531768798828125,0.60546875,1,0
39,5519,0.021943926811218265,0.04388785362243652,0.5,4,4
39,5520,0.019930271431803707,0.0520627498626709,0.453125,2,2
39,5521,0.0163212928455323,0.01667964458465576,0.69140625,2,0
39,5522,0.015991724561899904,0.016181349754333496,0.6953125,1,0
39,5523,0.017468389589339498,0.05923056602478027,0.41796875,4,3
39,5524,0.018831135006621483,0.06603795289993286,0.4140625,4,2
39,5525,0.018506548600271348,0.07830870151519775,0.39453125,4,4
39,5526,0.016935673076659444,0.017841696739196777,0.6796875,3,1
39,5527,0.015590965747833252,0.015590965747833252,0.70703125,4,3
39,5528,0.019987583393231038,0.072579026222229,0.41015625,5,4
39,5306,0.03504502214491368,0.10194915533065796,0.4375,2,2
39,5420,0.03239814145490528,0.10633236169815063,0.421875,2,2
39,5529,0.026063527911901477,0.06178021430969238,0.46875,4,5
39,5530,0.022875724942423407,0.07756537199020386,0.41796875,3,4
39,5531,0.018020198098383847,0.05730646848678589,0.42578125,2,0
39,5532,0.019699056632816795,0.03864336013793945,0.50390625,1,1
39,5533,0.0218763432931155,0.060218751430511475,0.4453125,5,6
39,5534,0.02009287849068642,0.07564377784729004,0.40625,2,1
39,5535,0.023637595586478714,0.07077455520629883,0.43359375,4,5
39,5536,0.02167055988684297,0.04510295391082764,0.4921875,4,5
39,5537,0.033639216795563705,0.08360815048217773,0.4609375,4,5
39,5538,0.008167151361703874,0.055020809173583984,0.359375,3,4
39,5539,0.024046596372500065,0.05108654499053955,0.48828125,3,3
39,5540,0.02544876886531711,0.055210888385772705,0.484375,3,4
39,5541,0.033109139883890755,0.09113913774490356,0.4453125,2,2
39,5542,0.019909064867533747,0.026754438877105713,0.59765625,1,0
39,5543,0.03004439175128937,0.0874018669128418,0.4375,2,2
39,5544,0.01931642298586667,0.06773978471755981,0.4140625,5,5
39,5545,0.025579173467122022,0.03956657648086548,0.55859375,2,2
39,5546,0.027603275142610077,0.06542998552322388,0.46875,3,4
39,5547,0.015859561972320083,0.01589059829711914,0.69921875,2,2
39,5548,0.03428299073129893,0.10574030876159668,0.4296875,2,2
39,5549,0.018226815387606624,0.047612905502319336,0.453125,3,4
39,5550,0.021638766396790746,0.04597115516662598,0.48828125,2,1
39,5551,0.025058238301426176,0.07968831062316895,0.42578125,3,4
39,5552,0.01790549419820309,0.01925969123840332,0.671875,2,1
39,5553,0.026647907914593823,0.05227482318878174,0.50390625,2,2
39,5554,0.021768525824882094,0.04624682664871216,0.48828125,2,1
39,5555,0.01925391471013427,0.07823812961578369,0.3984375,2,0
39,5556,0.020751594565808777,0.05285978317260742,0.45703125,4,5
39,5557,0.022422299487516287,0.0557292103767395,0.4609375,4,6
39,5558,0.026691280305385593,0.06633949279785156,0.4609375,5,7
39,5559,0.024716177722439173,0.04204213619232178,0.53515625,3,4
39,5560,0.031164307380095128,0.08815538883209229,0.44140625,2,2
39,5561,0.01831383781973273,0.062097251415252686,0.41796875,5,5
39,5562,0.015591621398925781,0.015591621398925781,0.70703125,3,3
39,5563,0.009005725383758545,0.009005725383758545,0.7734375,1,0
39,5564,0.023813628591597084,0.06736230850219727,0.44140625,4,5
39,5565,0.015761283691972498,0.015948176383972168,0.6953125,2,3
39,5474,0.030900313518941406,0.09252023696899414,0.43359375,4,5
39,5120,0.03337109088897706,0.0871734619140625,0.453125,3,3
39,5566,0.02234812325332314,0.039320409297943115,0.52734375,3,3
39,5567,0.019937052391469482,0.026792049407958984,0.59765625,3,2
39,5568,0.018067173426970843,0.020975947380065918,0.64453125,3,3
39,5569,0.023106981534510854,0.03574252128601074,0.55859375,4,5
39,5570,0.014993849559687081,0.05860191583633423,0.40234375,3,4
39,5571,0.027057852130383257,0.06129920482635498,0.4765625,4,5
39,5572,0.01996926474384964,0.07251250743865967,0.41015625,3,2
39,5573,0.021589179988950494,0.04004949331283569,0.515625,2,1
39,5574,0.020117468899115924,0.025686144828796387,0.61328125,4,4
39,5575,0.0,0.07507437467575073,0.25390625,4,7
39,5576,0.021572075784206394,0.028247833251953125,0.60546875,4,4
39,5577,0.027910688659176237,0.05273163318634033,0.51171875,3,5
39,5578,0.01909552607685328,0.07759451866149902,0.3984375,4,5
39,5579,0.025174990296363834,0.05461692810058594,0.484375,4,5
39,5580,0.025001356611028317,0.06701934337615967,0.44921875,4,6
39,5581,0.03216409590095282,0.08402049541473389,0.453125,4,5
39,5582,0.01800394803285599,0.057254791259765625,0.42578125,4,3
39,5583,0.02678018203005195,0.05573761463165283,0.4921875,4,5
39,5584,0.031055610626935962,0.09034359455108643,0.4375,3,4
39,5585,0.02479065209627152,0.05876302719116211,0.46875,3,3
39,5586,0.02476886194199324,0.0435795783996582,0.52734375,3,3
39,5587,0.03006034065037966,0.06256461143493652,0.4921875,4,5
39,5588,0.012946131639182571,0.0505986213684082,0.40234375,4,6
39,5589,0.030847499845549468,0.07666951417922974,0.4609375,4,5
39,5590,0.01891861762851477,0.02840566635131836,0.56640625,4,4
39,5591,0.022045694291591648,0.0641329288482666,0.4375,4,5
39,5592,0.024970603175461296,0.0605921745300293,0.46484375,3,3
39,5593,0.026406382210552696,0.06117677688598633,0.47265625,3,3
39,5594,0.019515749299898747,0.029302239418029785,0.56640625,3,3
39,5595,0.021768525824882094,0.04624682664871216,0.48828125,4,5
39,5596,0.026366143953055147,0.06108355522155762,0.47265625,3,3
39,5597,0.020382975460961465,0.06911313533782959,0.41796875,2,3
39,5598,0.01798278093338013,0.020191192626953125,0.65625,3,4
39,5385,0.028753022896125916,0.08609092235565186,0.43359375,4,5
39,5396,0.031754123512655504,0.0808861255645752,0.45703125,4,5
39,5599,0.02980778738856316,0.08431816101074219,0.44140625,4,4
39,5600,0.01879386976361275,0.024299144744873047,0.609375,4,4
39,5601,0.019248062046244744,0.07821434736251831,0.3984375,5,5
39,5602,0.022268212633207444,0.07081568241119385,0.42578125,4,5
39,5603,0.019507053773850206,0.02728855609893799,0.5859375,3,3
39,5604,0.019583499990403656,0.0737261176109314,0.40625,4,4
39,5605,0.015590965747833252,0.015590965747833252,0.70703125,4,5
39,5606,0.029636724852025512,0.061682939529418945,0.4921875,4,5
39,5607,0.015590965747833252,0.015590965747833252,0.70703125,4,4
39,5608,0.01906596054323018,0.06686145067214966,0.4140625,5,7
39,5609,0.01828307507093996,0.06199294328689575,0.41796875,5,4
39,5610,0.021178746828809384,0.04694163799285889,0.48046875,3,3
39,5611,0.03217161889187992,0.07453334331512451,0.47265625,4,5
39,5612,0.018583864439278844,0.06301283836364746,0.41796875,4,4
39,5613,0.02546604070812464,0.07010006904602051,0.4453125,4,5
39,5614,0.015700936317443848,0.015700936317443848,0.70703125,4,4
39,5615,0.019692621426656846,0.025786757469177246,0.60546875,4,4
39,5616,0.022080334369093183,0.03521847724914551,0.55078125,4,4
39,5617,0.019106021616607908,0.06700193881988525,0.4140625,4,3
39,5618,0.01800394803285599,0.057254791259765625,0.42578125,4,4
39,5619,0.015591263771057129,0.015591263771057129,0.70703125,4,5
39,5348,0.03381722094491125,0.10430371761322021,0.4296875,2,2
39,5431,0.03473822842352093,0.10714441537857056,0.4296875,2,2
39,5620,0.015590965747833252,0.015590965747833252,0.70703125,5,5
39,5621,0.021768525824882094,0.04624682664871216,0.48828125,5,6
39,5622,0.02755409572273493,0.09043395519256592,0.421875,2,2
39,5623,0.015590965747833252,0.015590965747833252,0.70703125,3,3
39,5624,0.0018841028213500977,0.0018841028213500977,0.90625,3,4
39,5625,0.015777944121509794,0.015808820724487305,0.69921875,2,1
39,5626,0.02224336727522314,0.03661930561065674,0.54296875,2,1
39,5627,0.021768525824882094,0.04624682664871216,0.48828125,2,2
39,5628,0.01788904564455152,0.020536303520202637,0.6484375,1,0
39,5629,0.02001058124005795,0.07533395290374756,0.40625,4,3
39,5630,0.01268424186855555,0.047752439975738525,0.40625,2,2
39,5631,0.0161704458296299,0.01636219024658203,0.6953125,2,1
39,5632,1.7881393432617188e-06,1.7881393432617188e-06,1.0,4,4
39,5633,0.01800394803285599,0.057254791259765625,0.42578125,2,1
39,5634,0.011457040207460526,0.0644615888595581,0.37109375,2,3
39,5635,0.0,0.07059997320175171,0.2578125,3,4
39,5636,0.029946779832243926,0.09828686714172363,0.421875,2,2
39,5637,0.027120996732264764,0.052202820777893066,0.5078125,2,3
39,5638,0.01799542270600796,0.06774747371673584,0.40625,5,5
39,5639,0.021768890554085377,0.04624760150909424,0.48828125,2,1
39,5640,0.01933089550584555,0.05321192741394043,0.4453125,3,3
39,5641,0.018383283866569403,0.022356867790222168,0.62890625,1,0
39,5642,0.007138144224882128,0.04808855056762695,0.359375,5,6
39,5643,0.018882621661759916,0.02472609281539917,0.60546875,2,1
39,5644,0.016365699470043186,0.016893625259399414,0.6875,2,1
39,5645,0.028733422746881846,0.07702362537384033,0.44921875,2,2
