generation,genome_id,fitness,diversity,agreement,num_nodes,num_connections
0,1,0.09417372790630908,0.09624141454696655,0.69140625,1,4
0,2,0.16026556491851807,0.16026556491851807,0.703125,1,4
0,3,0.14757920708507302,0.1884303092956543,0.61328125,1,4
0,4,0.13223665952682495,0.13223665952682495,0.7265625,1,4
0,5,0.13450109958648682,0.13450109958648682,0.734375,1,4
0,6,0.1385175967589021,0.2437148094177246,0.52734375,1,4
0,7,0.20510515943169597,0.23029351234436035,0.65625,1,4
0,8,0.09786116634495558,0.10637986660003662,0.66796875,1,4
0,9,0.08067142963409424,0.08067142963409424,0.7421875,1,4
0,10,0.14337692549452188,0.18537622690200806,0.609375,1,4
0,11,0.07733643054962158,0.07733643054962158,0.77734375,1,4
0,12,0.006018400192260742,0.006018400192260742,0.921875,1,4
0,13,0.19726660335436466,0.22902607917785645,0.64453125,1,4
0,14,0.1380135174840689,0.2236168384552002,0.546875,1,4
0,15,0.1767657562159002,0.21245086193084717,0.6328125,1,4
0,16,0.09768372774124146,0.09768372774124146,0.7265625,1,4
0,17,0.12761253118515015,0.12761253118515015,0.7421875,1,4
0,18,0.0787743330001831,0.0787743330001831,0.75390625,1,4
0,19,0.1375386320287362,0.18482881784439087,0.59765625,1,4
0,20,0.18394017196260395,0.2020973563194275,0.6640625,1,4
0,21,0.013929605484008789,0.013929605484008789,0.87109375,1,4
0,22,0.11988938541617247,0.197374165058136,0.54296875,1,4
0,23,0.1355371226090938,0.16289907693862915,0.6328125,1,4
0,24,0.17240144987590614,0.20966637134552002,0.62890625,1,4
0,25,0.06116437911987305,0.06116437911987305,0.8125,1,4
0,26,0.15317857265472412,0.15317857265472412,0.70703125,1,4
0,27,0.05769312381744385,0.05769312381744385,0.7578125,1,4
0,28,0.16433429159224036,0.3420290946960449,0.4921875,1,4
0,29,0.1389709711074829,0.1389709711074829,0.73828125,1,4
0,30,0.11706809489987792,0.17076599597930908,0.57421875,1,4
0,31,0.18993725348263982,0.1941075325012207,0.69140625,1,4
0,32,0.11643469333648682,0.11643469333648682,0.71484375,1,4
0,33,0.08973193168640137,0.08973193168640137,0.7421875,1,4
0,34,0.14257460669614377,0.14285361766815186,0.69921875,1,4
0,35,0.05643618106842041,0.05643618106842041,0.7578125,1,4
0,36,0.16024339199066162,0.16024339199066162,0.71484375,1,4
0,37,0.08947111293673517,0.09235727787017822,0.6875,1,4
0,38,0.05964958667755127,0.05964958667755127,0.78515625,1,4
0,39,0.09507465362548828,0.09507465362548828,0.75,1,4
0,40,0.11577348655555399,0.2809290289878845,0.46484375,1,4
0,41,0.12036263942718506,0.12036263942718506,0.73828125,1,4
0,42,0.09998810291290283,0.09998810291290283,0.7890625,1,4
0,43,0.1708281410392374,0.2181147336959839,0.61328125,1,4
0,44,0.2115333878900856,0.24283653497695923,0.6484375,1,4
0,45,0.017058134078979492,0.017058134078979492,0.85546875,1,4
0,46,0.1862906839232892,0.2925792336463928,0.5546875,1,4
0,47,0.14335370063781738,0.14335370063781738,0.7265625,1,4
0,48,0.12471461202949287,0.1341468095779419,0.671875,1,4
0,49,0.13766358769498768,0.1598271131515503,0.64453125,1,4
0,50,0.16173696517944336,0.16173696517944336,0.70703125,1,4
0,51,0.11003084341064097,0.12921053171157837,0.640625,1,4
0,52,0.17066452349536124,0.19591981172561646,0.6484375,1,4
0,53,0.12139216996729375,0.18497854471206665,0.5625,1,4
0,54,0.15195309382397684,0.18479806184768677,0.62890625,1,4
0,55,0.1780550857074559,0.2840006351470947,0.55078125,1,4
0,56,0.10063359537161888,0.14077705144882202,0.5859375,1,4
0,57,0.05830550193786621,0.05830550193786621,0.796875,1,4
0,58,0.10183894634246826,0.10183894634246826,0.7578125,1,4
0,59,0.15204709768295288,0.15204709768295288,0.7265625,1,4
0,60,0.09847189974971117,0.271062433719635,0.4453125,1,4
0,61,0.1020106114447117,0.24180293083190918,0.46875,1,4
0,62,0.1514549441635609,0.17005467414855957,0.65625,1,4
0,63,0.11664372961968185,0.13697612285614014,0.640625,1,4
0,64,0.05896437168121338,0.05896437168121338,0.80078125,1,4
0,65,0.09204387664794922,0.09204387664794922,0.7265625,1,4
0,66,0.1076890230178833,0.1076890230178833,0.76953125,1,4
0,67,0.13970434665679934,0.27940869331359863,0.5,1,4
0,68,0.06402099132537842,0.06402099132537842,0.7890625,1,4
0,69,0.08154690265655518,0.08154690265655518,0.78515625,1,4
0,70,0.19857472926378253,0.24439966678619385,0.625,1,4
0,71,0.16331358253955844,0.22238445281982422,0.59375,1,4
0,72,0.1592687290394679,0.15958040952682495,0.69921875,1,4
0,73,0.04803752899169922,0.04803752899169922,0.7734375,1,4
0,74,0.17574755754321816,0.18326425552368164,0.68359375,1,4
0,75,0.044707536697387695,0.044707536697387695,0.8125,1,4
0,76,0.08968764543533325,0.08968764543533325,0.73046875,1,4
0,77,0.09508412517607213,0.16446983814239502,0.53125,1,4
0,78,0.10724037885665894,0.10724037885665894,0.7109375,1,4
0,79,0.07833373546600342,0.07833373546600342,0.75390625,1,4
0,80,0.08573603630065918,0.08573603630065918,0.7578125,1,4
0,81,0.1369546949863434,0.2368946075439453,0.53125,1,4
0,82,0.11419677734375,0.11419677734375,0.734375,1,4
0,83,0.15948782046325508,0.22619879245758057,0.58203125,1,4
0,84,0.1290527582168579,0.1290527582168579,0.70703125,1,4
0,85,0.08765296265482904,0.22897100448608398,0.453125,1,4
0,86,0.158117413520813,0.158117413520813,0.70703125,1,4
0,87,0.15426409244537354,0.15426409244537354,0.7265625,1,4
0,88,0.1357310194289312,0.1823996901512146,0.59765625,1,4
0,89,0.14508301671594384,0.15940451622009277,0.6640625,1,4
0,90,0.04495769739151001,0.04495769739151001,0.80859375,1,4
0,91,0.12761556438636038,0.1809949278831482,0.58203125,1,4
0,92,0.15097267902456227,0.1512681245803833,0.69921875,1,4
0,93,0.14442530646920207,0.2048358917236328,0.58203125,1,4
0,94,0.13474405207671228,0.13500773906707764,0.69921875,1,4
0,95,0.12275165319442749,0.12275165319442749,0.765625,1,4
0,96,0.14484920923132452,0.2174862027168274,0.56640625,1,4
0,97,0.15895837545394897,0.15895837545394897,0.703125,1,4
0,98,0.0687747308984399,0.22572219371795654,0.421875,1,4
0,99,0.1495761275291443,0.1495761275291443,0.703125,1,4
0,100,0.15222642675507816,0.22205108404159546,0.57421875,1,4
0,101,0.13152754306793213,0.13152754306793213,0.7265625,1,4
0,102,0.13008926040492955,0.13847339153289795,0.67578125,1,4
0,103,0.2074239072389901,0.26157891750335693,0.6171875,1,4
0,104,0.030221223831176758,0.030221223831176758,0.80859375,1,4
0,105,0.07437306642532349,0.07437306642532349,0.7578125,1,4
0,106,0.16248678183183077,0.26326972246170044,0.546875,1,4
0,107,0.09875345230102539,0.09875345230102539,0.703125,1,4
0,108,0.18316388595849278,0.2710402011871338,0.5703125,1,4
0,109,0.12043899297714233,0.12043899297714233,0.71875,1,4
0,110,0.038328054361045374,0.35042792558670044,0.34375,1,4
0,111,0.11284506320953369,0.11284506320953369,0.73046875,1,4
0,112,0.0857541561126709,0.0857541561126709,0.7109375,1,4
0,113,0.12321346998214722,0.12321346998214722,0.72265625,1,4
0,114,0.1942007074831054,0.28327852487564087,0.57421875,1,4
0,115,0.1688325698487461,0.17253947257995605,0.69140625,1,4
0,116,0.15530734159983697,0.2556828260421753,0.54296875,1,4
0,117,0.15185034275054932,0.15185034275054932,0.71875,1,4
0,118,0.14065574854612353,0.19948959350585938,0.58203125,1,4
0,119,0.09938865900039673,0.09938865900039673,0.72265625,1,4
0,120,0.12673819065093994,0.12673819065093994,0.73046875,1,4
0,121,0.1186532974243164,0.1186532974243164,0.75390625,1,4
0,122,0.07860928773880005,0.07860928773880005,0.734375,1,4
0,123,0.14345133304595947,0.14345133304595947,0.7109375,1,4
0,124,0.1478480100631714,0.1478480100631714,0.73046875,1,4
0,125,0.17762127891182902,0.1910548210144043,0.671875,1,4
0,126,0.17287943139672282,0.17845618724822998,0.6875,1,4
0,127,0.08753701741807164,0.10398828983306885,0.63671875,1,4
0,128,0.07550907135009766,0.07550907135009766,0.74609375,1,4
0,129,0.031013011932373047,0.031013011932373047,0.828125,1,4
0,130,0.10431406716816129,0.22161328792572021,0.48828125,1,4
0,131,0.06337293249089272,0.06745725870132446,0.67578125,1,4
0,132,0.0343325138092041,0.0343325138092041,0.8125,1,4
0,133,0.09107983112335205,0.09107983112335205,0.76171875,1,4
0,134,0.11992199253290894,0.2006537914276123,0.5390625,1,4
0,135,0.1745105936424807,0.17834216356277466,0.69140625,1,4
0,136,0.06800508499145508,0.06800508499145508,0.78125,1,4
0,137,0.1564096696674824,0.1630992889404297,0.68359375,1,4
0,138,0.1348196268081665,0.1348196268081665,0.74609375,1,4
0,139,0.0784759521484375,0.0784759521484375,0.74609375,1,4
0,140,0.02859508991241455,0.02859508991241455,0.8125,1,4
0,141,0.1566722462885082,0.15697884559631348,0.69921875,1,4
0,142,0.11644650110974909,0.25262969732284546,0.484375,1,4
0,143,0.16250693798065186,0.16250693798065186,0.703125,1,4
0,144,0.07370305061340332,0.07370305061340332,0.78125,1,4
0,145,0.14118938916362825,0.14286357164382935,0.6953125,1,4
0,146,0.1575758457183838,0.1575758457183838,0.703125,1,4
0,147,0.0,0.33767426013946533,0.2265625,1,4
0,148,0.15674523834604773,0.15705198049545288,0.69921875,1,4
0,149,0.09989549987949432,0.17883390188217163,0.5234375,1,4
0,150,0.05802053213119507,0.05802053213119507,0.80078125,1,4
1,70,0.18854519538581374,0.2437756061553955,0.609375,1,4
1,114,0.19612690806388858,0.2820701599121094,0.578125,1,4
1,151,0.1409983299672604,0.21485459804534912,0.5625,1,3
1,152,0.06843292713165283,0.06843292713165283,0.78125,1,3
1,153,0.1788836722262204,0.28094613552093506,0.5546875,1,4
1,154,0.08565914630889893,0.08565914630889893,0.75,1,3
1,155,0.12486604973673823,0.20892620086669922,0.5390625,1,4
1,156,0.19751787977293137,0.29228079319000244,0.5703125,1,3
1,157,0.17257697042077783,0.27961838245391846,0.546875,1,3
1,158,0.20818173885345462,0.26580810546875,0.61328125,2,5
1,159,0.1945384708233178,0.28787195682525635,0.5703125,1,3
1,160,0.19830007071141156,0.28124552965164185,0.58203125,2,5
1,161,0.1598692536354065,0.1598692536354065,0.71484375,1,3
1,162,0.18698352947831157,0.27669239044189453,0.5703125,1,3
1,163,0.17659579729661348,0.26132094860076904,0.5703125,2,3
1,164,0.18311127321794632,0.2527034282684326,0.58984375,1,2
1,165,0.19751787977293137,0.29228079319000244,0.5703125,2,5
1,166,0.197461327072233,0.2921971082687378,0.5703125,1,3
1,167,0.19675530446693304,0.29115235805511475,0.5703125,1,4
1,168,0.2016072972910479,0.2782289385795593,0.58984375,1,3
1,169,0.14524036645889282,0.14524036645889282,0.72265625,2,6
1,170,0.19847394526004794,0.25661277770996094,0.609375,1,3
1,171,0.09251388534903528,0.09549820423126221,0.6875,2,5
1,172,0.1421350711025298,0.18377059698104858,0.609375,1,4
1,173,0.17686403577681634,0.25798970460891724,0.57421875,1,3
1,174,0.13235051208175722,0.14699232578277588,0.66015625,1,3
1,175,0.18743951339274648,0.27341604232788086,0.57421875,1,4
1,176,0.20547376736067238,0.22575658559799194,0.6640625,1,3
1,177,0.17151195555925372,0.21109163761138916,0.625,1,3
1,178,0.16091986640822145,0.18682760000228882,0.64453125,1,3
1,179,0.18765192199498418,0.3359363079071045,0.5234375,1,4
1,180,0.20045799016952515,0.20045799016952515,0.703125,1,3
1,181,0.18942000414244833,0.29749399423599243,0.5546875,1,3
1,182,0.20658418023958805,0.29299473762512207,0.58203125,1,4
1,183,0.2220093505457044,0.26999711990356445,0.62890625,1,4
1,184,0.16856527887284758,0.19794821739196777,0.640625,1,3
1,185,0.22750957496464255,0.2869086265563965,0.6171875,1,4
1,186,0.18588477012235674,0.26363712549209595,0.58203125,1,3
1,187,0.050414860248565674,0.050414860248565674,0.859375,1,4
1,188,0.15663095843046906,0.3398095369338989,0.484375,1,3
1,189,0.19541147223208102,0.3560522198677063,0.51953125,1,4
1,190,0.19751787977293137,0.29228079319000244,0.5703125,1,4
1,191,0.19719636719673875,0.2918050289154053,0.5703125,1,3
1,192,0.1939503708854318,0.24458765983581543,0.6171875,1,4
1,193,0.15731003507971766,0.26758384704589844,0.53515625,1,4
1,194,0.21433796500787142,0.2702981233596802,0.6171875,1,3
1,195,0.024372583720833074,0.34663230180740356,0.328125,1,3
1,196,0.18728220462799075,0.2305011749267578,0.625,1,4
1,197,0.19751401292160156,0.292275071144104,0.5703125,1,4
1,44,0.22658853093162182,0.2437254786491394,0.671875,1,4
1,103,0.21802776586264375,0.262042760848999,0.6328125,1,4
1,198,0.1975214646663517,0.29228609800338745,0.5703125,1,3
1,199,0.218578081461601,0.2790822386741638,0.61328125,1,4
1,200,0.14183831214904785,0.14183831214904785,0.73828125,1,4
1,201,0.18586030555889013,0.2233814001083374,0.6328125,1,3
1,202,0.07324427366256714,0.07324427366256714,0.78125,1,4
1,203,0.20535930991172793,0.2527499198913574,0.625,1,3
1,204,0.12259626388549805,0.12259626388549805,0.75,1,3
1,205,0.0726161003112793,0.0726161003112793,0.78125,1,4
1,206,0.15617215633392337,0.19940185546875,0.61328125,1,4
1,207,0.18309372663497925,0.18309372663497925,0.703125,1,3
1,208,0.15520882420241836,0.17426955699920654,0.65625,1,4
1,209,0.07924580574035645,0.07924580574035645,0.7265625,1,4
1,210,0.1638021469116211,0.1638021469116211,0.71875,1,3
1,211,0.2656118078157306,0.28873300552368164,0.66796875,2,6
1,212,0.1606801152229309,0.1606801152229309,0.703125,2,6
1,213,0.1538657546043396,0.1538657546043396,0.7265625,1,3
1,214,0.2066058636410162,0.24543434381484985,0.63671875,1,4
1,215,0.21387854008935395,0.23499101400375366,0.6640625,2,5
1,216,0.15603079437278214,0.157880961894989,0.6953125,1,4
1,217,0.13140571117401123,0.13140571117401123,0.7421875,1,3
1,218,0.19590589590370658,0.2667654752731323,0.59375,1,4
1,219,0.14080846309661865,0.14080846309661865,0.72265625,1,4
1,220,0.16389536857604983,0.20171737670898438,0.625,1,4
1,221,0.07882286107633264,0.23600763082504272,0.43359375,1,3
1,222,0.19451488344930115,0.300881028175354,0.55859375,1,2
1,223,0.1617200850741938,0.17961102724075317,0.66015625,1,4
1,224,0.10567061440087856,0.15636807680130005,0.5703125,1,3
1,225,0.11063563521020116,0.1448732614517212,0.60546875,1,3
1,226,0.15250636870041492,0.20494294166564941,0.59765625,1,3
1,227,0.19160479959100488,0.2794919013977051,0.57421875,1,3
1,228,0.14999526343308392,0.1781846284866333,0.63671875,1,3
1,229,0.15682037197984758,0.1571272611618042,0.69921875,1,3
1,230,0.14064419269561768,0.14064419269561768,0.72265625,1,4
1,231,0.17346995288971814,0.22148782014846802,0.61328125,1,3
1,232,0.13748574559576812,0.13775479793548584,0.69921875,1,3
1,233,0.17653464898467067,0.2575092315673828,0.57421875,2,5
1,234,0.07811987400054932,0.07811987400054932,0.76171875,1,4
1,235,0.1973094335990027,0.2583693861961365,0.60546875,1,4
1,236,0.10446453094482422,0.10446453094482422,0.71875,1,3
1,237,0.1502361190505326,0.1805654764175415,0.6328125,1,4
1,238,0.017673850059509277,0.017673850059509277,0.87890625,1,3
1,239,0.16619232390075925,0.26927363872528076,0.546875,2,5
1,240,0.05684012174606323,0.05684012174606323,0.80859375,1,4
1,241,0.12492978572845459,0.12492978572845459,0.7265625,1,4
1,242,0.14405384869314733,0.15827375650405884,0.6640625,1,3
1,243,0.0763920620083809,0.1810774803161621,0.46875,1,3
1,244,0.1581663526594639,0.1584758758544922,0.69921875,1,3
1,245,0.1133230500854552,0.11938560009002686,0.6796875,1,4
1,246,0.15691125392913818,0.15691125392913818,0.7421875,1,4
1,247,0.21149796433746818,0.2541947364807129,0.6328125,1,3
1,248,0.1527538299560547,0.1527538299560547,0.703125,1,3
1,249,0.16352486610412598,0.16352486610412598,0.71875,1,3
1,250,0.14501464366912842,0.14501464366912842,0.703125,1,4
1,251,0.1488460400141776,0.1552121639251709,0.68359375,1,3
1,252,0.07398909330368042,0.07398909330368042,0.78515625,1,3
1,253,0.16636270098388198,0.18679320812225342,0.65625,1,4
1,254,0.15178275108337402,0.15178275108337402,0.73046875,1,4
1,255,0.16436654329299927,0.16436654329299927,0.72265625,2,5
1,256,0.12439203262329102,0.12439203262329102,0.70703125,1,4
1,257,0.06002920866012573,0.06002920866012573,0.8125,1,4
1,258,0.07739104796200992,0.10400056838989258,0.59765625,2,5
1,259,0.1963550129439682,0.23879754543304443,0.62890625,1,4
1,260,0.1903476549778134,0.23149168491363525,0.62890625,1,4
1,261,0.13366330240387472,0.1422777771949768,0.67578125,1,4
1,262,0.12725567817687988,0.12725567817687988,0.7421875,2,6
1,263,0.2263182690367103,0.2513556480407715,0.66015625,1,3
1,264,0.10927450656890869,0.10927450656890869,0.7265625,2,4
1,265,0.14783823490142822,0.14783823490142822,0.73828125,1,4
1,266,0.06449198722839355,0.06449198722839355,0.80859375,1,3
1,267,0.22278785426169637,0.26465749740600586,0.63671875,1,3
1,268,0.21009411243721846,0.2236344814300537,0.67578125,2,4
1,269,0.10169386863708496,0.10169386863708496,0.74609375,1,3
1,270,0.13021087646484375,0.13021087646484375,0.7265625,2,5
1,271,0.1496252417564392,0.1496252417564392,0.71875,1,4
1,272,0.21323923696763816,0.26564109325408936,0.62109375,1,3
1,273,0.1501275276532397,0.19658643007278442,0.60546875,1,4
1,274,0.058748483657836914,0.058748483657836914,0.80859375,1,3
1,275,0.13968202751129868,0.2227950096130371,0.55078125,1,4
1,276,0.03979378938674927,0.03979378938674927,0.8203125,1,4
1,277,0.19756662845611572,0.19756662845611572,0.703125,1,4
1,278,0.1562410593032837,0.1562410593032837,0.71875,1,3
1,279,0.14298605918884277,0.14298605918884277,0.75390625,1,3
1,280,0.1304607391357422,0.1304607391357422,0.72265625,1,4
1,281,0.1751230743248016,0.186409592628479,0.67578125,2,5
1,282,0.16962843807414177,0.18637287616729736,0.6640625,1,3
1,283,0.08804023265838623,0.08804023265838623,0.78515625,1,3
1,284,0.2353570596314967,0.23814785480499268,0.6953125,1,4
1,285,0.10409355163574219,0.10409355163574219,0.76171875,2,4
1,286,0.11259663105010986,0.11259663105010986,0.71875,1,4
1,287,0.12343355827033521,0.1775224208831787,0.578125,1,4
1,288,0.1588061577640474,0.16068923473358154,0.6953125,1,4
1,289,0.16870909486897293,0.17958223819732666,0.67578125,1,4
1,290,0.19741923478432002,0.2921348214149475,0.5703125,1,3
1,291,0.14977875608019534,0.2316819429397583,0.55859375,1,4
1,292,0.20054274250287565,0.2844262719154358,0.58203125,1,3
1,293,0.17276408465113494,0.19613128900527954,0.65234375,2,5
1,294,0.11599071579985323,0.39329302310943604,0.41796875,1,3
1,295,0.08981335163116455,0.08981335163116455,0.734375,1,4
1,296,0.133289635181427,0.133289635181427,0.72265625,2,5
2,185,0.2318144962191582,0.28531014919281006,0.625,1,4
2,263,0.2337439258117229,0.24880850315093994,0.67578125,1,3
2,297,0.16073989868164062,0.16073989868164062,0.7578125,1,3
2,298,0.20330427889712158,0.2805708646774292,0.58984375,2,4
2,299,0.21824079751968384,0.21824079751968384,0.71875,1,2
2,300,0.16141808032989502,0.16141808032989502,0.74609375,1,2
2,301,0.23718128562904897,0.25782763957977295,0.66796875,2,4
2,302,0.21068788296543065,0.2907606363296509,0.58984375,1,3
2,303,0.08768713474273682,0.08768713474273682,0.796875,2,3
2,304,0.21069367043673995,0.2907686233520508,0.58984375,1,1
2,305,0.1456638867966831,0.21554887294769287,0.5703125,1,3
2,306,0.1713796854019165,0.1713796854019165,0.7109375,2,3
2,307,0.1431298441020772,0.22139722108840942,0.55859375,3,4
2,308,0.21068045427091422,0.2907503843307495,0.58984375,1,2
2,309,0.21483045956119898,0.2886960506439209,0.59765625,1,4
2,310,0.21536007197573784,0.28565895557403564,0.6015625,1,2
2,311,0.054296016693115234,0.054296016693115234,0.875,2,4
2,312,0.14593878749292347,0.3717445731163025,0.45703125,1,2
2,313,0.20442387601360681,0.22703909873962402,0.66015625,1,1
2,314,0.11402279138565066,0.22804558277130127,0.5,2,4
2,315,0.21183239668607715,0.2884526252746582,0.59375,1,2
2,316,0.16389198973774913,0.3884847164154053,0.46875,1,3
2,317,0.20752707403153184,0.2903110980987549,0.5859375,1,2
2,318,0.19811702286824587,0.3314899206161499,0.5390625,1,3
2,319,0.11029648780822754,0.11029648780822754,0.78125,1,3
2,320,0.22827752679586413,0.23804092407226562,0.68359375,1,2
2,321,0.20926149515435102,0.27756965160369873,0.6015625,1,2
2,322,0.2276611193083227,0.294349730014801,0.609375,1,4
2,323,0.22325036744587126,0.2652069330215454,0.63671875,1,4
2,324,0.21068986970931294,0.29076337814331055,0.58984375,2,4
2,325,0.23365379939787093,0.25671833753585815,0.6640625,1,4
2,326,0.23552634706720713,0.2864358425140381,0.62890625,1,3
2,327,0.2401399024529383,0.2726200222969055,0.65234375,1,3
2,328,0.21068261377513411,0.2907533645629883,0.58984375,1,4
2,329,0.13351476192474365,0.13351476192474365,0.734375,1,3
2,330,0.20769288693554702,0.2791043519973755,0.59765625,1,3
2,331,0.21126869344152513,0.2425326704978943,0.6484375,1,3
2,332,0.058080077171325684,0.058080077171325684,0.859375,3,5
2,333,0.1556960940361023,0.1556960940361023,0.75,3,5
2,334,0.19814008567482236,0.25618112087249756,0.609375,2,2
2,335,0.101096510887146,0.101096510887146,0.76171875,1,4
2,336,0.21068157721310857,0.29075193405151367,0.58984375,3,6
2,337,0.2542358578648419,0.27933210134506226,0.6640625,1,2
2,338,0.17453991202637556,0.24754691123962402,0.58203125,2,3
2,339,0.21069367043673995,0.2907686233520508,0.58984375,1,2
2,340,0.14111781120300293,0.14111781120300293,0.72265625,1,3
2,341,0.2002220426220447,0.2839714288711548,0.58203125,2,4
2,342,0.19896833715029064,0.2902330160140991,0.57421875,2,4
2,343,0.17326754331588745,0.17326754331588745,0.72265625,1,2
2,344,0.25148849049583083,0.2887042760848999,0.6484375,1,3
2,345,0.20282702730037275,0.2837361693382263,0.5859375,2,4
2,346,0.22249747300520542,0.23440062999725342,0.6796875,1,2
2,347,0.21374235115945342,0.2910534143447876,0.59375,1,3
2,348,0.23208121850620958,0.2891133427619934,0.62109375,1,4
2,349,0.17127624677959832,0.21868687868118286,0.61328125,1,4
2,350,0.10427561122924091,0.2471718192100525,0.46875,1,3
2,351,0.21069367043673995,0.2907686233520508,0.58984375,1,3
2,352,0.22371488763019445,0.265758752822876,0.63671875,1,4
2,353,0.17395063606090846,0.3548315763473511,0.49609375,2,5
2,354,0.23268523998558524,0.29343557357788086,0.6171875,1,3
2,355,0.2441220550099388,0.28342515230178833,0.64453125,1,2
2,356,0.12694215774536133,0.12694215774536133,0.765625,1,2
2,357,0.17000479227863255,0.19737517833709717,0.64453125,1,3
2,358,0.21066827466711405,0.29073357582092285,0.58984375,2,5
2,359,0.1628992989426479,0.18912571668624878,0.64453125,2,4
2,360,0.2067729122936726,0.28925609588623047,0.5859375,2,6
2,361,0.21934872772544625,0.25180840492248535,0.6484375,1,3
2,362,0.2102994313463569,0.290224552154541,0.58984375,1,2
2,363,0.21069367043673995,0.2907686233520508,0.58984375,2,4
2,364,0.23867329163476828,0.273992657661438,0.6484375,1,3
2,365,0.21099956822581592,0.2200239896774292,0.68359375,1,3
2,211,0.26776281185448175,0.2850198745727539,0.67578125,2,6
2,284,0.23569172620773315,0.23569172620773315,0.703125,1,4
2,366,0.13163423538208008,0.13163423538208008,0.7734375,2,5
2,367,0.19236761983484033,0.20265889167785645,0.6796875,2,5
2,368,0.19385385513305664,0.19385385513305664,0.73828125,3,6
2,369,0.13738012313842773,0.13738012313842773,0.74609375,1,4
2,370,0.16102132853120568,0.23827433586120605,0.5703125,1,3
2,371,0.13699400424957275,0.13699400424957275,0.71484375,2,6
2,372,0.21603432227857414,0.29031383991241455,0.59765625,1,2
2,373,0.186361201107502,0.2537684440612793,0.59375,1,4
2,374,0.1961309078615159,0.19651472568511963,0.69921875,1,4
2,375,0.09269833564758301,0.09269833564758301,0.7734375,2,4
2,376,0.17845936585217717,0.19399404525756836,0.66796875,1,2
2,377,0.1435672640800476,0.1435672640800476,0.703125,2,5
2,378,0.2729227049276233,0.2875235080718994,0.6796875,2,6
2,379,0.2319537070579827,0.288954496383667,0.62109375,2,5
2,380,0.13090306520462036,0.13090306520462036,0.74609375,1,3
2,381,0.12162842438556257,0.21399915218353271,0.52734375,2,3
2,382,0.14543080329895022,0.2908616065979004,0.5,1,3
2,383,0.21001495374366644,0.26484644412994385,0.6171875,1,4
2,384,0.0997774600982666,0.0997774600982666,0.7578125,3,5
2,385,0.15186609770171347,0.20958340167999268,0.58984375,1,2
2,386,0.26406932133249944,0.26458609104156494,0.69921875,2,6
2,387,0.24057677714154127,0.2891439199447632,0.6328125,1,2
2,388,0.12412045034579934,0.1409083604812622,0.65234375,1,3
2,389,0.14531785249710083,0.14531785249710083,0.7421875,1,3
2,390,0.18107926449738446,0.19076663255691528,0.6796875,1,4
2,391,0.15528810024261475,0.15528810024261475,0.75390625,1,2
2,392,0.17059884010814133,0.18159377574920654,0.67578125,1,3
2,393,0.22937414806801829,0.28574103116989136,0.62109375,2,6
2,394,0.17619593348354104,0.21176600456237793,0.6328125,1,3
2,395,0.16996127460151914,0.23455572128295898,0.58984375,1,2
2,396,0.10465168952941895,0.10465168952941895,0.734375,1,2
2,397,0.19417747389525178,0.2716362476348877,0.5859375,1,2
2,398,0.25140602141618734,0.28228044509887695,0.65625,1,3
2,399,0.2660700674168766,0.2774498462677002,0.68359375,1,3
2,400,0.2502058981917799,0.26633143424987793,0.67578125,1,3
2,401,0.21604512189514938,0.2829030752182007,0.60546875,3,7
2,402,0.2217556922696531,0.2545715570449829,0.6484375,1,2
2,403,0.14909648895263672,0.14909648895263672,0.74609375,1,2
2,404,0.23238552350085231,0.2894924283027649,0.62109375,1,3
2,405,0.1653262746986002,0.17239725589752197,0.68359375,1,3
2,406,0.13440310955047607,0.13440310955047607,0.71875,1,3
2,407,0.21770772477611902,0.28877294063568115,0.6015625,1,4
2,408,0.105765700340271,0.105765700340271,0.8046875,2,4
2,409,0.18392754241358492,0.284504234790802,0.55859375,2,5
2,410,0.16540589928627017,0.21939849853515625,0.6015625,1,4
2,411,0.06758058071136475,0.06758058071136475,0.828125,1,4
2,412,0.0790255069732666,0.0790255069732666,0.81640625,1,3
2,413,0.23823587968945506,0.256253719329834,0.671875,1,2
2,414,0.2046270947903395,0.22482633590698242,0.6640625,1,4
2,415,0.1733548641204834,0.1733548641204834,0.71484375,1,2
2,416,0.14324522018432617,0.14324522018432617,0.7578125,1,2
2,417,0.2657114460598678,0.2770758867263794,0.68359375,1,2
2,418,0.19840358477085832,0.2853444814682007,0.578125,1,3
2,419,0.14939778973348442,0.24595391750335693,0.54296875,2,5
2,420,0.22287584468722346,0.2881627082824707,0.609375,2,4
2,421,0.11130231618881226,0.11130231618881226,0.75390625,3,6
2,422,0.23880035988986495,0.24163198471069336,0.6953125,1,2
2,423,0.16565853357315063,0.16565853357315063,0.703125,1,3
2,424,0.09941387176513672,0.09941387176513672,0.80078125,1,3
2,425,0.14872873574495318,0.1830507516860962,0.625,2,4
2,426,0.2153148965444416,0.2893470525741577,0.59765625,2,5
2,427,0.22506730468012395,0.25550878047943115,0.65234375,2,6
2,428,0.21130405028816315,0.25101548433303833,0.63671875,1,3
2,429,0.12640774250030518,0.12640774250030518,0.76953125,1,2
2,430,0.2008168600732461,0.23314791917800903,0.64453125,1,3
2,431,0.1796090975403786,0.20166635513305664,0.65625,1,4
2,432,0.1482676547020674,0.1530504822731018,0.6875,1,2
2,433,0.2105613792082295,0.29058605432510376,0.58984375,1,2
2,434,0.20453872042708102,0.23220360279083252,0.65234375,1,4
2,435,0.10533779859542847,0.10533779859542847,0.7578125,1,3
2,436,0.15340397553518417,0.1911017894744873,0.62109375,2,5
2,437,0.08418476581573486,0.08418476581573486,0.77734375,2,5
2,438,0.16765775741077962,0.2517324686050415,0.56640625,1,4
2,439,0.1529996395111084,0.1529996395111084,0.75,1,3
2,440,0.18147306819446388,0.23170626163482666,0.61328125,1,4
2,441,0.2117224333342165,0.24035894870758057,0.65234375,1,3
2,442,0.08764417190104724,0.09527349472045898,0.66796875,2,4
3,211,0.24456026917323473,0.27161574363708496,0.66015625,2,6
3,417,0.2326590733136982,0.26412737369537354,0.65234375,1,2
3,443,0.21414372790604833,0.245833158493042,0.6484375,3,5
3,444,0.21313573792576793,0.27556943893432617,0.609375,1,3
3,445,0.19163638819009068,0.21517068147659302,0.65625,2,5
3,446,0.21411144896410408,0.27337920665740967,0.61328125,2,5
3,447,0.1633591651916504,0.1633591651916504,0.7109375,1,3
3,448,0.20520638837479058,0.2757629156112671,0.59765625,1,1
3,449,0.20291765592992309,0.26915502548217773,0.6015625,2,4
3,450,0.23563076113350692,0.25889045000076294,0.6640625,1,3
3,451,0.22771455394104126,0.273685097694397,0.6328125,2,5
3,452,0.20520297309849414,0.2757583260536194,0.59765625,1,1
3,453,0.1448053331114352,0.25923192501068115,0.5234375,1,3
3,454,0.056744158267974854,0.056744158267974854,0.8125,1,2
3,455,0.1812892332673073,0.25360679626464844,0.5859375,1,2
3,456,0.2051929046865553,0.27574479579925537,0.59765625,2,4
3,457,0.2024590075016022,0.24918031692504883,0.625,1,1
3,458,0.2153771887533367,0.2445080280303955,0.65234375,1,4
3,459,0.14892099006101492,0.21417850255966187,0.578125,1,3
3,460,0.21136665833182636,0.2916973829269409,0.58984375,1,2
3,461,0.20798515866044912,0.26555711030960083,0.61328125,1,2
3,462,0.20520585612393918,0.2757622003555298,0.59765625,1,2
3,463,0.20520581176970157,0.275762140750885,0.59765625,1,3
3,464,0.20519334822893145,0.2757453918457031,0.59765625,1,1
3,465,0.21260908618569377,0.2748885154724121,0.609375,2,3
3,466,0.15410864353179932,0.15410864353179932,0.7265625,1,2
3,467,0.08846195600926877,0.09131556749343872,0.6875,1,2
3,468,0.23181893408764156,0.2691412568092346,0.64453125,2,3
3,469,0.20849250000901523,0.27654963731765747,0.6015625,1,3
3,470,0.07419762015342714,0.14839524030685425,0.5,1,2
3,471,0.25916844047605997,0.2675287127494812,0.6875,2,3
3,472,0.22050322685390714,0.2746901512145996,0.62109375,2,6
3,473,0.13587599247694018,0.20704913139343262,0.5625,1,3
3,474,0.16998881101608276,0.16998881101608276,0.7109375,1,1
3,475,0.1945250452263281,0.2614089846611023,0.59765625,3,6
3,476,0.20516287977807227,0.23291218280792236,0.65234375,1,1
3,477,0.16092478600330654,0.2220848798751831,0.58984375,2,6
3,478,0.22640219097957018,0.26285243034362793,0.64453125,1,2
3,479,0.19871813268400731,0.2635846734046936,0.6015625,1,2
3,480,0.19114318338688466,0.21699625253677368,0.65234375,1,3
3,481,0.20520776335615667,0.2757647633552551,0.59765625,3,6
3,482,0.011298954486846924,0.011298954486846924,0.89453125,2,4
3,483,0.19266509264707568,0.26235246658325195,0.59375,1,4
3,484,0.12256359611637892,0.17145508527755737,0.5859375,1,1
3,485,0.21404922381043437,0.2634451985359192,0.625,1,1
3,486,0.20520337228663268,0.27575886249542236,0.59765625,2,5
3,487,0.18554356601089242,0.2560601234436035,0.58984375,1,2
3,488,0.2048822476062924,0.27532732486724854,0.59765625,1,1
3,489,0.2010977352038026,0.2667410373687744,0.6015625,1,3
3,490,0.21029969956725839,0.27537965774536133,0.60546875,2,4
3,491,0.11829443322494627,0.364859938621521,0.4296875,1,3
3,492,0.1541147232055664,0.1541147232055664,0.7265625,1,3
3,493,0.1869868978392333,0.21465760469436646,0.6484375,2,2
3,494,0.20520363841205838,0.275759220123291,0.59765625,1,2
3,495,0.21223820792511108,0.2744089961051941,0.609375,1,3
3,496,0.1405712366104126,0.1405712366104126,0.70703125,1,2
3,497,0.205203106161207,0.2757585048675537,0.59765625,1,2
3,498,0.089527256321162,0.09836471080780029,0.6640625,3,7
3,499,0.2161461152136326,0.26926231384277344,0.62109375,2,4
3,500,0.25841223075985914,0.290147066116333,0.65625,3,7
3,501,0.08198690414428711,0.08198690414428711,0.734375,1,2
3,502,0.17925201472826305,0.32089871168136597,0.5234375,1,3
3,503,0.18325786036439243,0.2529057264328003,0.58984375,1,3
3,504,0.15189313888549805,0.15189313888549805,0.72265625,2,5
3,505,0.14629966625943783,0.2104085087776184,0.578125,2,4
3,506,0.057221412658691406,0.057221412658691406,0.76171875,1,2
3,507,0.2052037271205336,0.27575933933258057,0.59765625,2,3
3,508,0.18819811497814956,0.2597235441207886,0.58984375,1,2
3,509,0.16976201534271243,0.3395240306854248,0.5,1,4
3,510,0.2051465101540089,0.2756824493408203,0.59765625,1,1
3,511,0.13804044388234618,0.15331172943115234,0.66015625,2,3
3,512,0.17966073262505236,0.21342527866363525,0.63671875,1,2
3,513,0.20793200936168435,0.275806188583374,0.6015625,1,3
3,514,0.192565159406513,0.2210613489151001,0.6484375,1,3
3,515,0.2078967792913318,0.2757594585418701,0.6015625,1,2
3,516,0.17206943081691864,0.1794288158416748,0.68359375,1,1
3,378,0.25767898163758224,0.274286150932312,0.67578125,2,6
3,399,0.24587820377200845,0.2644740343093872,0.671875,1,3
3,517,0.19806760898791256,0.2199796438217163,0.66015625,1,2
3,518,0.16630150470882657,0.18879461288452148,0.65234375,1,2
3,519,0.20519831590354445,0.27575206756591797,0.59765625,1,2
3,520,0.18651414988562467,0.21902579069137573,0.640625,2,3
3,521,0.17751288414001465,0.17751288414001465,0.7109375,1,1
3,522,0.20520337228663268,0.27575886249542236,0.59765625,1,3
3,523,0.20533682964742186,0.2654860019683838,0.609375,1,1
3,524,0.16095005383249375,0.18686264753341675,0.64453125,1,3
3,525,0.14401698112487793,0.14401698112487793,0.75,3,8
3,526,0.1595142111182213,0.1963251829147339,0.625,1,2
3,527,0.16847121156752112,0.22060680389404297,0.60546875,1,3
3,528,0.20516641996800902,0.23036229610443115,0.65625,1,3
3,529,0.21468240022659305,0.24104690551757812,0.65625,2,6
3,530,0.11515301465988159,0.11515301465988159,0.7109375,2,4
3,531,0.15094423294067383,0.15094423294067383,0.71484375,1,2
3,532,0.14063894143328073,0.16145098209381104,0.6484375,2,2
3,533,0.1750627192668617,0.20096886157989502,0.6484375,1,4
3,534,0.14528184127993884,0.15962296724319458,0.6640625,2,4
3,535,0.11291217058897021,0.20946025848388672,0.515625,2,6
3,536,0.18871890963055196,0.2051466703414917,0.66796875,1,3
3,537,0.1306866676313803,0.1552472710609436,0.63671875,1,3
3,538,0.2173317549750209,0.26430845260620117,0.62890625,1,2
3,539,0.14498043060302734,0.14498043060302734,0.7265625,1,1
3,540,0.22852512006647888,0.24325335025787354,0.67578125,1,3
3,541,0.21375847258605066,0.23740637302398682,0.66015625,1,2
3,542,0.2127221706323326,0.27503472566604614,0.609375,1,3
3,543,0.07736086845397949,0.07736086845397949,0.7734375,1,3
3,544,0.11849337816238403,0.11849337816238403,0.74609375,1,0
3,545,0.25330733880400663,0.2614785432815552,0.6875,1,4
3,546,0.20985125238075855,0.2747924327850342,0.60546875,2,3
3,547,0.20703760860487821,0.3642723560333252,0.52734375,1,3
3,548,0.054328203201293945,0.054328203201293945,0.8046875,1,2
3,549,0.21892557246610525,0.2485363483428955,0.65234375,1,2
3,550,0.12055110931396484,0.12055110931396484,0.71484375,1,2
3,551,0.23383764596655968,0.29488885402679443,0.6171875,1,2
3,552,0.13707617064937952,0.2542862296104431,0.515625,2,6
3,553,0.20140537223778668,0.20179951190948486,0.69921875,1,2
3,554,0.23282767552882436,0.2614205479621887,0.65625,1,1
3,555,0.2131562368012965,0.2503119111061096,0.640625,1,1
3,556,0.11473536491394043,0.11473536491394043,0.73828125,1,1
3,557,0.1624981947243214,0.22127413749694824,0.59375,1,2
3,558,0.19283828837797048,0.23452067375183105,0.62890625,1,3
3,559,0.11278772354125977,0.11278772354125977,0.703125,1,2
3,560,0.20508711982984099,0.27560263872146606,0.59765625,1,3
3,561,0.2091925102286041,0.2739298343658447,0.60546875,1,2
3,562,0.12453920952975753,0.21541917324066162,0.53125,1,2
3,563,0.11447183112613858,0.23825031518936157,0.4921875,1,2
3,564,0.1979747652076185,0.2847277522087097,0.578125,2,4
3,565,0.12928286008536818,0.16715359687805176,0.609375,2,3
3,566,0.12921760906465354,0.18848836421966553,0.57421875,1,2
3,567,0.11393818818032743,0.31363630294799805,0.4453125,1,2
3,568,0.23021518439054492,0.24505233764648438,0.67578125,2,2
3,569,0.12869237270206216,0.22260302305221558,0.53125,1,3
3,570,0.2101725667016581,0.27521318197250366,0.60546875,1,3
3,571,0.16251960815861824,0.16947054862976074,0.68359375,1,2
3,572,0.21147622819989922,0.24833905696868896,0.640625,1,1
3,573,0.15893324394710365,0.35226762294769287,0.48046875,1,2
3,574,0.20158738642930987,0.2606382369995117,0.609375,1,1
3,575,0.2353303992422298,0.30815643072128296,0.60546875,1,3
3,576,0.020364737138152133,0.3363466262817383,0.32421875,2,5
3,577,0.08088386058807373,0.08088386058807373,0.734375,1,2
3,578,0.19889956852421167,0.25395655632019043,0.61328125,1,3
3,579,0.20577597618103027,0.20577597618103027,0.703125,1,1
3,580,0.2308867715764791,0.26211535930633545,0.65234375,1,1
3,581,0.13562206923961642,0.16691946983337402,0.625,3,7
3,582,0.217531755566597,0.27098846435546875,0.62109375,1,3
3,583,0.17872220580466094,0.1984940767288208,0.66015625,1,1
3,584,0.22918273415416482,0.26913201808929443,0.640625,1,2
3,585,0.03162890672683716,0.03162890672683716,0.84765625,1,2
3,586,0.08265995979309082,0.08265995979309082,0.796875,2,5
3,587,0.24502993805799636,0.26635950803756714,0.66796875,2,6
3,588,0.24306267686188224,0.2670559883117676,0.6640625,3,7
4,450,0.2291626974474639,0.2660573720932007,0.64453125,1,3
4,575,0.21872093714773658,0.31456494331359863,0.578125,1,3
4,589,0.17659157863818112,0.2731567621231079,0.55859375,2,3
4,590,0.15428240364417437,0.19456303119659424,0.6171875,3,6
4,591,0.08750706911087036,0.08750706911087036,0.73046875,2,4
4,592,0.219003357924521,0.2632153034210205,0.6328125,1,1
4,593,0.18779640877619388,0.22308993339538574,0.63671875,3,5
4,594,0.13502665376290682,0.25990092754364014,0.5078125,1,2
4,595,0.20661825686693194,0.28135251998901367,0.59375,1,3
4,596,0.14539374760352078,0.3293876051902771,0.4765625,1,1
4,597,0.20453208661638203,0.282265305519104,0.58984375,2,5
4,598,0.1877893162891269,0.27007901668548584,0.578125,1,3
4,599,0.08561533689498901,0.08561533689498901,0.75,2,4
4,600,0.0911405086517334,0.0911405086517334,0.765625,3,4
4,601,0.1205050349235535,0.24101006984710693,0.5,2,3
4,602,0.22382630500942471,0.2513137459754944,0.65625,2,4
4,603,0.13182977773249152,0.1979379653930664,0.56640625,1,3
4,604,0.20220280217472467,0.2790507674217224,0.58984375,2,4
4,605,0.15945692418608817,0.26251429319381714,0.54296875,1,3
4,606,0.12472409009933474,0.24944818019866943,0.5,1,3
4,607,0.083157479763031,0.083157479763031,0.72265625,3,6
4,608,0.20445546740666035,0.28215956687927246,0.58984375,1,2
4,609,0.20456430641934278,0.28230977058410645,0.58984375,1,1
4,610,0.07707607746124268,0.07707607746124268,0.79296875,1,4
4,611,0.05628460645675659,0.05628460645675659,0.8203125,2,4
4,612,0.21488875430077317,0.2778359651565552,0.609375,2,3
4,613,0.08522834628820421,0.08797764778137207,0.6875,1,3
4,614,0.20453916979022327,0.28227508068084717,0.58984375,1,2
4,615,0.05667620897293091,0.05667620897293091,0.81640625,1,2
4,616,0.22514583729207518,0.25846338272094727,0.6484375,1,4
4,617,0.20325456710997972,0.2805022597312927,0.58984375,2,2
4,618,0.20456115354318175,0.28230541944503784,0.58984375,2,4
4,619,0.20412117615342143,0.28169822692871094,0.58984375,1,4
4,620,0.09939834661781789,0.13904905319213867,0.5859375,1,2
4,621,0.18313025182578715,0.23382216691970825,0.61328125,1,4
4,622,0.0,0.38470709323883057,0.22265625,1,2
4,623,0.15448323637247088,0.1901332139968872,0.625,1,1
4,624,0.006175994873046875,0.006175994873046875,0.9296875,1,2
4,625,0.2320551252923906,0.27890193462371826,0.6328125,2,5
4,626,0.1890012962976471,0.23544687032699585,0.62109375,3,4
4,627,0.20448120869696143,0.2821950912475586,0.58984375,3,4
4,628,0.20396275492385033,0.2814795970916748,0.58984375,1,1
4,629,0.15477337525226179,0.21651357412338257,0.5859375,1,3
4,630,0.1200331288855523,0.13188189268112183,0.6640625,1,1
4,631,0.16072095651179555,0.19316697120666504,0.6328125,2,2
4,632,0.2051392598077655,0.34323954582214355,0.5390625,1,2
4,633,0.20456171501427892,0.2823061943054199,0.58984375,2,4
4,634,0.10805714130401611,0.10805714130401611,0.72265625,1,1
4,635,0.20456430641934278,0.28230977058410645,0.58984375,1,3
4,636,0.2032220920082182,0.25947558879852295,0.61328125,2,2
4,637,0.18860486801713708,0.27909159660339355,0.5703125,2,4
4,638,0.085918958298862,0.2188582420349121,0.45703125,2,5
4,639,0.17763358564116064,0.25911223888397217,0.57421875,1,3
4,640,0.20409707608632746,0.28166496753692627,0.58984375,2,5
4,641,0.20448021532502028,0.28219372034072876,0.58984375,1,4
4,642,0.1715789497829974,0.20866608619689941,0.62890625,2,4
4,643,0.2036050546448678,0.280985951423645,0.58984375,1,2
4,644,0.1289088930934668,0.1666700839996338,0.609375,1,2
4,645,0.18853920511901381,0.2214038372039795,0.640625,2,4
4,646,0.2071196669712663,0.28203529119491577,0.59375,2,3
4,647,0.11100229178555313,0.2177516222000122,0.50390625,2,3
4,648,0.2045638745184988,0.2823091745376587,0.58984375,2,4
4,649,0.17459341883659366,0.27420806884765625,0.5546875,2,4
4,500,0.23900453990790996,0.2977380156517029,0.62109375,3,7
4,378,0.23737807385623458,0.27875590324401855,0.640625,2,6
4,650,0.14499318599700928,0.14499318599700928,0.71484375,1,3
4,651,0.1808215826749802,0.22803115844726562,0.6171875,2,4
4,652,0.048883253242820515,0.23611533641815186,0.3828125,2,5
4,653,0.2110091589856893,0.21564209461212158,0.69140625,1,1
4,654,0.1404736525146291,0.3973619341850281,0.44140625,2,5
4,655,0.045941543765366084,0.35639500617980957,0.3515625,2,6
4,656,0.2145030498504639,0.2808837890625,0.60546875,3,6
4,657,0.20381396508309993,0.2812742590904236,0.58984375,3,5
4,658,0.18286657379940155,0.26299911737442017,0.578125,2,6
4,659,0.1850312435999513,0.19294500350952148,0.68359375,2,5
4,660,0.20609219768084588,0.22403228282928467,0.66796875,1,1
4,661,0.2178959300508723,0.24736744165420532,0.65234375,1,2
4,662,0.18712517060339454,0.23598051071166992,0.6171875,2,3
4,663,0.22193235449958595,0.2699034810066223,0.62890625,2,4
4,664,0.22595423390157524,0.27479469776153564,0.62890625,1,4
4,665,0.12544453144073486,0.12544453144073486,0.75,2,2
4,666,0.23083572951145473,0.264995276927948,0.6484375,1,1
4,667,0.2049851757474244,0.27189743518829346,0.6015625,3,7
4,668,0.23170597013086083,0.27209508419036865,0.640625,1,1
4,669,0.14592403173446655,0.14592403173446655,0.703125,3,6
4,670,0.17382839613128456,0.1850314736366272,0.67578125,2,5
4,671,0.23456378839910033,0.26628971099853516,0.65234375,3,7
4,672,0.2245380661915988,0.2606881856918335,0.64453125,1,3
4,673,0.24311631917953494,0.29922008514404297,0.625,1,2
4,674,0.2194972954457626,0.24378007650375366,0.66015625,2,3
4,675,0.2040394200012088,0.27784091234207153,0.59375,1,0
4,676,0.23704265244305137,0.3144192695617676,0.6015625,3,8
4,677,0.1603177785873413,0.1603177785873413,0.71484375,1,3
4,678,0.1951808109879494,0.23736953735351562,0.62890625,1,3
4,679,0.21298028714954856,0.22437429428100586,0.6796875,1,4
4,680,0.18173235177528116,0.2728649973869324,0.56640625,1,4
4,681,0.19773443299345675,0.2766121029853821,0.5859375,2,3
4,682,0.219882857054472,0.2468860149383545,0.65625,3,7
4,683,0.23179341666400435,0.2660946846008301,0.6484375,1,3
4,684,0.19244653021451089,0.19667190313339233,0.69140625,1,0
4,685,0.20800716662779453,0.2285400629043579,0.6640625,1,2
4,686,0.2033495353534818,0.25963830947875977,0.61328125,1,2
4,687,0.15646908886265012,0.37967854738235474,0.46484375,2,4
4,688,0.23554767668247226,0.2899048328399658,0.625,2,4
4,689,0.23908502236008647,0.24679744243621826,0.6875,2,5
4,690,0.1989818969741464,0.22842764854431152,0.6484375,2,2
4,691,0.12492934707552196,0.12641072273254395,0.6953125,1,3
4,692,0.20456430641934278,0.28230977058410645,0.58984375,1,3
4,693,0.06848585605621338,0.06848585605621338,0.765625,2,4
4,694,0.1530836685560644,0.39989203214645386,0.453125,4,8
4,695,0.14858644828200343,0.15337955951690674,0.6875,2,4
4,696,0.18261854350566867,0.18850946426391602,0.6875,4,9
4,697,0.22614998323842886,0.27503275871276855,0.62890625,2,6
4,698,0.11795879248529674,0.17711114883422852,0.56640625,3,6
4,699,0.2087749429047108,0.25695377588272095,0.625,3,6
4,700,0.16031897068023682,0.16031897068023682,0.71484375,3,6
4,701,0.05627298355102539,0.05627298355102539,0.8203125,1,1
4,702,0.2294702322687954,0.2605072259902954,0.65234375,1,3
4,703,0.10623222589492798,0.10623222589492798,0.74609375,2,6
4,704,0.16669833194464448,0.19575583934783936,0.640625,3,7
4,705,0.11222321167588235,0.12199211120605469,0.66796875,1,4
4,706,0.1593895587138832,0.2503296136856079,0.5546875,1,3
4,707,0.10323554277420044,0.10323554277420044,0.70703125,2,5
4,708,0.23811752744950357,0.27032411098480225,0.65234375,1,4
4,709,0.11558617255650462,0.18153411149978638,0.5546875,1,4
4,710,0.1789732212200761,0.21017038822174072,0.640625,3,6
4,711,0.1591826379299164,0.2753429412841797,0.53125,2,5
4,471,0.236117972410284,0.2741324305534363,0.64453125,2,3
4,516,0.16596966329962018,0.178521990776062,0.671875,1,1
4,712,0.1546858153305948,0.15498852729797363,0.69921875,1,1
4,713,0.07358968257904053,0.07358968257904053,0.79296875,1,1
4,714,0.20483217760920527,0.27892041206359863,0.59375,2,2
4,715,0.17609715461730957,0.17609715461730957,0.71484375,1,0
4,716,0.14078116416931152,0.14078116416931152,0.7265625,1,2
4,717,0.2039306461811066,0.2776927947998047,0.59375,2,1
4,718,0.14095914363861084,0.14095914363861084,0.72265625,2,1
4,719,0.05651533603668213,0.05651533603668213,0.81640625,2,2
4,720,0.21158338396344337,0.234990656375885,0.66015625,2,2
4,721,0.15697591379284861,0.1653738021850586,0.6796875,1,2
4,722,0.20809161779470745,0.23111259937286377,0.66015625,2,2
4,723,0.057526469230651855,0.057526469230651855,0.8203125,2,2
4,724,0.1340904347598553,0.13841593265533447,0.6875,1,1
4,725,0.20545627700630578,0.2281857132911682,0.66015625,2,2
4,726,0.06557393074035645,0.06557393074035645,0.79296875,3,5
4,727,0.15849305863957855,0.16870778799057007,0.67578125,2,3
4,728,0.23519643454346809,0.273062527179718,0.64453125,2,3
4,729,0.13462841510772705,0.13462841510772705,0.73046875,1,0
4,730,0.20405682292766872,0.2816094160079956,0.58984375,2,2
4,731,0.22703413898125294,0.2728673219680786,0.6328125,2,3
4,732,0.2226799644995481,0.27740180492401123,0.62109375,2,2
5,616,0.19954926148056987,0.24559909105300903,0.625,1,4
5,575,0.2112399069592357,0.30380570888519287,0.578125,1,3
5,733,0.2035518870688975,0.2699962854385376,0.6015625,1,3
5,734,0.2152923387475312,0.26819872856140137,0.62109375,1,3
5,735,0.2035517073236406,0.2699960470199585,0.6015625,2,3
5,736,0.21560356405097994,0.25031524896621704,0.64453125,3,3
5,737,0.20349297556094828,0.26991814374923706,0.6015625,3,3
5,738,0.1765936687588692,0.21224403381347656,0.6328125,1,4
5,739,0.19729968905448916,0.2686634063720703,0.59375,2,4
5,740,0.20354519155807796,0.26998740434646606,0.6015625,1,3
5,741,0.18459548335522416,0.21431493759155273,0.64453125,1,4
5,742,0.1392218451946974,0.3636815547943115,0.453125,1,3
5,743,0.2035518870688975,0.2699962854385376,0.6015625,2,3
5,744,0.13086062762886289,0.3918166160583496,0.43359375,1,2
5,745,0.20355022442527118,0.2699940800666809,0.6015625,2,3
5,746,0.22625394910573962,0.26569271087646484,0.640625,1,3
5,747,0.2035518870688975,0.2699962854385376,0.6015625,2,2
5,748,0.20345104997977617,0.2698625326156616,0.6015625,2,1
5,749,0.2035497301258147,0.2699934244155884,0.6015625,1,3
5,750,0.2032950760331005,0.26965564489364624,0.6015625,2,1
5,751,0.20352595881558957,0.2699618935585022,0.6015625,1,2
5,752,0.2035466744564474,0.26998937129974365,0.6015625,1,3
5,753,0.20355323515832427,0.26999807357788086,0.6015625,2,3
5,754,0.20299764256924394,0.26926112174987793,0.6015625,2,3
5,755,0.2035518870688975,0.2699962854385376,0.6015625,1,1
5,756,0.2087488383986056,0.26653218269348145,0.61328125,2,1
5,757,0.2035518870688975,0.2699962854385376,0.6015625,1,0
5,758,0.20347657380625608,0.26989638805389404,0.6015625,1,2
5,759,0.2017980676610023,0.2676699757575989,0.6015625,2,2
5,760,0.18553165323100987,0.2229864001274109,0.6328125,1,4
5,761,0.09096181392669678,0.09096181392669678,0.7421875,2,3
5,762,0.2291415226645768,0.2414001226425171,0.6796875,1,3
5,763,0.20355071872472766,0.26999473571777344,0.6015625,1,1
5,764,0.20944651775062087,0.24044084548950195,0.6484375,1,2
5,765,0.20355377439409497,0.26999878883361816,0.6015625,2,6
5,766,0.14825177192687988,0.14825177192687988,0.71875,1,3
5,767,0.19129343342501673,0.21245604753494263,0.66015625,1,3
5,768,0.21251279441639784,0.2679964303970337,0.6171875,1,3
5,769,0.15000737085938456,0.20426535606384277,0.59375,1,2
5,770,0.20355161745101216,0.26999592781066895,0.6015625,1,2
5,771,0.1811257936060429,0.22292405366897583,0.625,2,4
5,772,0.0007700324058532715,0.0007700324058532715,0.99609375,1,2
5,773,0.1887914361432195,0.21197634935379028,0.65625,2,6
5,774,0.2034543303307146,0.2698668837547302,0.6015625,1,2
5,471,0.24050101102329793,0.2614363431930542,0.66796875,2,3
5,728,0.23974455404095354,0.2606140375137329,0.66796875,2,3
5,775,0.23037083074450496,0.25866198539733887,0.65625,2,3
5,776,0.06551265716552734,0.06551265716552734,0.77734375,1,1
5,777,0.08084726333618164,0.08084726333618164,0.7890625,2,2
5,778,0.23525427735876295,0.26128023862838745,0.66015625,3,4
5,779,0.15702676679939034,0.18230772018432617,0.64453125,1,1
5,780,0.20353984413668516,0.2699803113937378,0.6015625,2,3
5,781,0.051812171936035156,0.051812171936035156,0.85546875,2,1
5,782,0.20550477504730225,0.20550477504730225,0.703125,2,2
5,783,0.16592717170715332,0.16592717170715332,0.71484375,2,1
5,784,0.20819929987192157,0.26918697357177734,0.609375,1,1
5,785,0.04410409927368164,0.04410409927368164,0.82421875,2,3
5,786,0.19717843888793143,0.22384780645370483,0.65234375,1,2
5,787,0.14427173137664795,0.14427173137664795,0.75,2,4
5,788,0.04972982406616211,0.04972982406616211,0.859375,1,2
5,789,0.11612440226599575,0.11867403984069824,0.69140625,1,2
5,790,0.2023364496417344,0.26838409900665283,0.6015625,1,0
5,791,0.14221668243408203,0.14221668243408203,0.74609375,1,1
5,792,0.055845003342255964,0.2575913667678833,0.38671875,3,4
5,793,0.16826248168945312,0.16826248168945312,0.7421875,2,2
5,794,0.05505943298339844,0.05505943298339844,0.84375,2,1
5,795,0.04967176914215088,0.04967176914215088,0.859375,1,0
5,796,0.20760904275812211,0.26181238889694214,0.6171875,2,1
5,797,0.21033803047612312,0.23360753059387207,0.66015625,2,2
5,798,0.04961973428726196,0.04961973428726196,0.859375,1,0
5,799,0.07658219337463379,0.07658219337463379,0.81640625,2,2
5,800,0.06439459323883057,0.06439459323883057,0.8359375,1,0
5,801,0.18904172070324424,0.25741851329803467,0.59375,2,3
5,802,0.13848382234573364,0.13848382234573364,0.73828125,2,1
5,803,0.19295359589159491,0.21664965152740479,0.65625,1,1
5,804,0.0619509220123291,0.0619509220123291,0.83984375,2,2
5,805,0.05575716495513916,0.05575716495513916,0.84765625,3,2
5,806,0.23865468474105003,0.262212872505188,0.6640625,1,1
5,807,0.22076717996969822,0.26533520221710205,0.6328125,1,2
5,808,0.15887123346328735,0.15887123346328735,0.71875,2,2
5,809,0.05005931854248047,0.05005931854248047,0.859375,3,4
5,810,0.20503672666382047,0.26848798990249634,0.60546875,1,2
5,811,0.07658219337463379,0.07658219337463379,0.81640625,2,2
5,812,0.21106649865396324,0.2114795446395874,0.69921875,2,2
5,813,0.13754284381866455,0.13754284381866455,0.71875,2,4
5,814,0.20549172849860045,0.26908379793167114,0.60546875,2,2
5,815,0.13968399632722142,0.2500636577606201,0.5234375,2,5
5,816,0.15919398597907278,0.24624568223953247,0.55859375,2,3
5,673,0.23136050370521846,0.2882155179977417,0.62109375,1,2
5,689,0.21593984635546806,0.23473715782165527,0.66796875,2,5
5,817,0.19683652196545157,0.264515221118927,0.59765625,1,3
5,818,0.20847793109714988,0.2695472240447998,0.609375,2,3
5,819,0.05430400371551514,0.05430400371551514,0.828125,3,6
5,820,0.155989611055702,0.19432282447814941,0.62109375,2,5
5,821,0.17600098694674673,0.26044076681137085,0.5703125,1,2
5,822,0.20485349092632535,0.31687307357788086,0.55859375,3,8
5,823,0.20629464369267228,0.2633986473083496,0.61328125,3,7
5,824,0.2462029508315027,0.26763463020324707,0.66796875,2,6
5,825,0.18303025781642648,0.23369449377059937,0.61328125,1,4
5,826,0.17967082676477733,0.19125044345855713,0.67578125,3,7
5,827,0.2228399659506977,0.2678264379501343,0.6328125,3,6
5,828,0.17149178159888837,0.34981590509414673,0.49609375,2,4
5,829,0.2083277679048479,0.21290183067321777,0.69140625,3,8
5,830,0.16771778149995956,0.19040244817733765,0.65234375,3,7
5,831,0.18028902739752087,0.20023423433303833,0.66015625,1,4
5,832,0.2035518870688975,0.2699962854385376,0.6015625,2,4
5,833,0.1468188068829477,0.2204434871673584,0.56640625,2,5
5,834,0.17245407076552513,0.22582221031188965,0.60546875,1,2
5,835,0.23267463804222646,0.2764023542404175,0.63671875,3,9
5,836,0.1098344351630658,0.12198531627655029,0.66015625,2,4
5,837,0.20646477513946596,0.27035796642303467,0.60546875,3,7
5,838,0.13740048231557014,0.1613510251045227,0.640625,1,1
5,839,0.08456504344940186,0.08456504344940186,0.77734375,3,7
5,840,0.2289118029875681,0.26576608419418335,0.64453125,1,3
5,841,0.2035518870688975,0.2699962854385376,0.6015625,2,6
5,842,0.18187557696364823,0.3255954384803772,0.5234375,2,4
5,843,0.12018930818885568,0.22295987606048584,0.515625,2,3
5,844,0.20933210989460352,0.30535054206848145,0.57421875,3,7
5,845,0.26301679038442677,0.33168619871139526,0.6171875,3,7
5,846,0.17734426259994507,0.17734426259994507,0.72265625,4,8
5,847,0.20610731840133667,0.20610731840133667,0.703125,1,0
5,848,0.2330737950978801,0.28345316648483276,0.62890625,1,1
5,849,0.21313829440623525,0.2687852382659912,0.6171875,2,5
5,850,0.1803019945509732,0.34704744815826416,0.5078125,1,3
5,851,0.12691396474838257,0.12691396474838257,0.75390625,3,7
5,852,0.27547665964812046,0.3350214958190918,0.62890625,2,5
5,853,0.22490320168435576,0.26410651206970215,0.640625,3,6
5,854,0.05594664812088013,0.05594664812088013,0.7578125,4,8
5,855,0.20330747845582667,0.26967209577560425,0.6015625,1,0
5,856,0.24222904013004157,0.3342891335487366,0.58984375,2,6
5,857,0.14957386255264282,0.14957386255264282,0.70703125,3,6
5,858,0.23685051582288,0.24205082654953003,0.69140625,1,2
5,859,0.1946490723639727,0.26862621307373047,0.58984375,3,6
5,860,0.2430440150201321,0.2614254951477051,0.671875,1,2
5,861,0.05673396587371826,0.05673396587371826,0.83984375,2,5
5,862,0.2244014171883464,0.26351726055145264,0.640625,2,4
5,863,0.10827957163564862,0.12292492389678955,0.65234375,1,2
5,864,0.24292288068681958,0.2612951993942261,0.671875,3,6
5,865,0.2277906704694033,0.26749730110168457,0.640625,1,2
5,866,0.1951721850782633,0.23735904693603516,0.62890625,1,4
5,867,0.08341962099075317,0.08341962099075317,0.76953125,2,4
5,868,0.05538398027420044,0.05538398027420044,0.84765625,1,3
5,869,0.2581364773213864,0.34239864349365234,0.6015625,2,5
5,870,0.16679550893604758,0.19147825241088867,0.6484375,3,5
5,871,0.17231738567352295,0.17231738567352295,0.71484375,3,6
5,872,0.20040136575698855,0.24664783477783203,0.625,1,2
5,873,0.11326491832733154,0.11326491832733154,0.71484375,2,6
5,874,0.21521092532202604,0.2267242670059204,0.6796875,3,5
5,875,0.12036204035393895,0.16837531328201294,0.5859375,2,4
5,876,0.10032190917991103,0.10678756237030029,0.67578125,2,5
6,746,0.23570040380582216,0.2832831144332886,0.6328125,1,3
6,734,0.17025663284584883,0.2848738431930542,0.5390625,1,3
6,877,0.15433396422304216,0.16093480587005615,0.68359375,1,2
6,878,0.12363914703018965,0.16190087795257568,0.60546875,1,3
6,879,0.1399434127379209,0.28546226024627686,0.49609375,2,4
6,880,0.1656545773148537,0.28653764724731445,0.53125,2,2
6,881,0.1656165346503258,0.2864718437194824,0.53125,1,2
6,882,0.16502211801707747,0.28544366359710693,0.53125,1,2
6,883,0.16227780841290954,0.2806967496871948,0.53125,2,2
6,884,0.16565426718443635,0.2865371108055115,0.53125,1,2
6,885,0.1699150810018182,0.23137372732162476,0.59375,2,4
6,886,0.11949745193123819,0.2648601531982422,0.48046875,2,3
6,887,0.23686598392669114,0.2750008702278137,0.64453125,1,3
6,888,0.037244319915771484,0.037244319915771484,0.80859375,1,2
6,889,0.1655992362648249,0.2864419221878052,0.53125,1,2
6,890,0.2083401791751385,0.26273441314697266,0.6171875,1,3
6,891,0.168052401393652,0.36458826065063477,0.484375,1,3
6,892,0.16565495636314156,0.286538302898407,0.53125,2,3
6,893,0.16565443947911265,0.28653740882873535,0.53125,1,1
6,894,0.1358395477291197,0.2566415071487427,0.51171875,2,4
6,895,0.0027763843536376953,0.0027763843536376953,0.9453125,1,1
6,896,0.16565388813614848,0.28653645515441895,0.53125,1,1
6,897,0.15375184756703678,0.16032779216766357,0.68359375,1,2
6,898,0.05476868152618408,0.05476868152618408,0.73828125,1,3
6,899,0.11737851379439236,0.17369306087493896,0.5703125,2,3
6,900,0.16556622460484507,0.28638482093811035,0.53125,1,1
6,901,0.17883888958022,0.2808758020401001,0.5546875,1,3
6,902,0.1535501873586327,0.160117506980896,0.68359375,1,4
6,903,0.16565581783652308,0.28653979301452637,0.53125,1,2
6,904,0.1732787066139281,0.27214324474334717,0.5546875,1,4
6,905,0.16830082400701943,0.22616803646087646,0.59765625,2,3
6,906,0.16565788537263873,0.2865433692932129,0.53125,3,8
6,907,0.10710382461547852,0.10710382461547852,0.7421875,1,3
6,908,0.19111189758405092,0.25349557399749756,0.6015625,2,5
6,909,0.15432750515174123,0.16092807054519653,0.68359375,1,2
6,910,0.21005027275532487,0.22833490371704102,0.66796875,2,5
6,911,0.1597814572742209,0.2811275124549866,0.52734375,1,2
6,912,0.16556246858090165,0.28637832403182983,0.53125,1,2
6,913,0.15203945059329274,0.15854215621948242,0.68359375,1,2
6,914,0.16565802320837977,0.286543607711792,0.53125,1,1
6,915,0.17097607674077156,0.286077618598938,0.5390625,1,3
6,916,0.07678914407733829,0.20584315061569214,0.44921875,1,3
6,917,0.16264279838651421,0.2861618995666504,0.52734375,1,2
6,918,0.16553907096385959,0.28633785247802734,0.53125,1,2
6,919,0.15721872658468786,0.28145450353622437,0.5234375,1,1
6,471,0.21005749702453616,0.27862548828125,0.6015625,2,3
6,728,0.22281249985098842,0.27756690979003906,0.62109375,2,3
6,920,0.20157753943931314,0.32151931524276733,0.55078125,2,4
6,921,0.09775131358765067,0.3427991271018982,0.4140625,2,3
6,922,0.2025171827990562,0.2794846296310425,0.58984375,1,1
6,923,0.22733586234971884,0.2732299566268921,0.6328125,2,4
6,924,0.11535641923546792,0.14197713136672974,0.625,2,4
6,925,0.13710089027881625,0.16873955726623535,0.625,2,3
6,926,0.2331911223009229,0.2738391160964966,0.640625,3,4
6,927,0.18736027786508205,0.26209962368011475,0.5859375,3,4
6,928,0.22186054196208718,0.2763810157775879,0.62109375,2,1
6,929,0.19086971925571564,0.24993681907653809,0.60546875,2,1
6,930,0.22084132395684722,0.26857662200927734,0.62890625,4,5
6,931,0.13516223430633545,0.13516223430633545,0.70703125,2,2
6,932,0.16809145780280235,0.2767293453216553,0.54296875,3,4
6,933,0.13617420196533203,0.13617420196533203,0.703125,3,5
6,934,0.0675627589225769,0.0675627589225769,0.7734375,1,0
6,935,0.2122814962640405,0.2744649648666382,0.609375,3,5
6,936,0.17092221463099125,0.2859874963760376,0.5390625,2,2
6,937,0.18381887068971994,0.2643687129020691,0.578125,1,1
6,938,0.16564620379358533,0.28652316331863403,0.53125,2,3
6,939,0.17607028177008036,0.19554877281188965,0.66015625,2,2
6,940,0.1656498219817877,0.28652942180633545,0.53125,2,4
6,941,0.1862632613629103,0.2212686538696289,0.63671875,2,2
6,942,0.21758279972709718,0.2584742307662964,0.63671875,3,4
6,943,0.17055451311171058,0.285372257232666,0.5390625,1,2
6,944,0.15957396849989894,0.16811084747314453,0.6796875,2,2
6,945,0.052178263664245605,0.052178263664245605,0.7421875,2,2
6,946,0.06523597240447998,0.06523597240447998,0.76953125,4,5
6,947,0.12418608111329378,0.12442910671234131,0.69921875,3,5
6,948,0.17334218428004536,0.28537362813949585,0.54296875,2,3
6,949,0.109039306640625,0.109039306640625,0.72265625,2,3
6,950,0.17083504493348303,0.2858416438102722,0.5390625,2,3
6,951,0.18563531152904036,0.28287285566329956,0.5625,2,3
6,952,0.06600964069366455,0.06600964069366455,0.77734375,3,2
6,953,0.21467203600332144,0.27755576372146606,0.609375,2,2
6,954,0.09479045867919922,0.09479045867919922,0.7421875,3,3
6,852,0.23300743149593475,0.3498528003692627,0.56640625,2,5
6,845,0.27083358762320137,0.3458024859428406,0.61328125,3,7
6,955,0.23345868336036804,0.2485048770904541,0.67578125,3,6
6,956,0.028278613463044177,0.40218472480773926,0.328125,2,5
6,957,0.13775420188903809,0.13775420188903809,0.76171875,1,2
6,958,0.1238368150079623,0.26308900117874146,0.48828125,1,2
6,959,0.21961709391325715,0.3114790916442871,0.58203125,3,6
6,960,0.24490913981571796,0.3473503589630127,0.58203125,1,2
6,961,0.15386319509707394,0.16044390201568604,0.68359375,1,0
6,962,0.13640167261473837,0.31600749492645264,0.47265625,2,6
6,963,0.09933096170425415,0.09933096170425415,0.71875,3,6
6,964,0.1650695787975565,0.18333107233047485,0.66015625,1,0
6,965,0.1512085283175111,0.23748087882995605,0.5546875,1,2
6,966,0.1709481126163155,0.2860308289527893,0.5390625,2,4
6,967,0.0811454124050215,0.08292704820632935,0.69140625,3,6
6,968,0.15179881453514102,0.15991973876953125,0.6796875,2,4
6,969,0.08069800212979318,0.37222862243652344,0.38671875,3,6
6,970,0.18888987321406606,0.2836117744445801,0.56640625,1,2
6,971,0.11159653635695578,0.25854039192199707,0.47265625,2,4
6,972,0.2199277512263507,0.30765849351882935,0.5859375,1,2
6,973,0.18324864772148433,0.2563478350639343,0.5859375,4,7
6,974,0.2421647580340505,0.317105770111084,0.60546875,1,2
6,975,0.23317830800078812,0.34013473987579346,0.57421875,2,4
6,976,0.20298472896683964,0.27277737855911255,0.59765625,3,7
6,977,0.11223980505019429,0.38057470321655273,0.41796875,3,8
6,978,0.21992236794903877,0.27396655082702637,0.62109375,3,8
6,979,0.16565495636314156,0.286538302898407,0.53125,1,1
6,980,0.23509343247860673,0.328873872756958,0.5859375,2,5
6,981,0.22041832213290039,0.2779659628868103,0.6171875,4,6
6,982,0.18359120492823425,0.260384202003479,0.58203125,2,5
6,983,0.21669452777132395,0.3031355142593384,0.5859375,3,6
6,984,0.23353271745145324,0.27424025535583496,0.640625,3,7
6,985,0.1541456636041403,0.16239213943481445,0.6796875,1,1
6,986,0.1897602884564549,0.23639237880706787,0.62109375,1,2
6,987,0.15433396422304216,0.16093480587005615,0.68359375,1,2
6,988,0.15190369589254263,0.22478234767913818,0.5703125,1,3
6,989,0.16565495636314156,0.286538302898407,0.53125,3,6
6,990,0.2155890592839569,0.24749237298965454,0.6484375,1,1
6,991,0.1735309580108151,0.28568440675735474,0.54296875,3,8
6,992,0.029673267621546998,0.33027637004852295,0.3359375,1,3
6,993,0.20287995436228815,0.2691050171852112,0.6015625,1,1
6,994,0.09723596647381784,0.28286826610565186,0.4375,3,6
6,995,0.1853420622646809,0.28242599964141846,0.5625,1,1
6,996,0.09873551758937539,0.3585289716720581,0.41015625,1,1
6,997,0.1270735263824463,0.1270735263824463,0.734375,3,6
6,998,0.13355016452260318,0.3676219582557678,0.4453125,1,2
6,999,0.19353633560240271,0.27834439277648926,0.578125,1,2
6,1000,0.16684353793971243,0.18331307172775269,0.6640625,2,2
6,1001,0.13802004372701052,0.3430401086807251,0.4609375,1,2
6,1002,0.17105212807655337,0.3421042561531067,0.5,2,5
6,1003,0.15946209989488128,0.2758263349533081,0.53125,1,3
6,1004,0.12179122027009727,0.31814849376678467,0.453125,2,2
6,1005,0.14936630812007937,0.15899282693862915,0.67578125,2,4
6,1006,0.2177214100956917,0.2779884338378906,0.61328125,1,2
6,1007,0.10509318090043963,0.3685459494590759,0.4140625,2,3
6,1008,0.13670197920873764,0.14704078435897827,0.671875,1,1
6,1009,0.16564065590500834,0.2865135669708252,0.53125,4,6
6,1010,0.18291819666046652,0.2829429507255554,0.55859375,1,2
6,1011,0.2423139810562134,0.27207183837890625,0.65625,3,8
6,1012,0.037672460079193115,0.037672460079193115,0.75,3,7
6,1013,0.01039963960647583,0.01039963960647583,0.8984375,1,1
6,1014,0.1528825308196247,0.19520163536071777,0.61328125,1,2
6,1015,0.12668824195861816,0.12668824195861816,0.73046875,1,0
6,1016,0.1655677064554766,0.20625466108322144,0.62109375,1,2
6,1017,0.10053834517020734,0.36507540941238403,0.41015625,4,8
6,1018,0.20249523560050878,0.27211958169937134,0.59765625,2,3
6,1019,0.12924429774284366,0.23975753784179688,0.515625,2,4
6,1020,0.08527984307147565,0.3933628797531128,0.38671875,2,4
7,926,0.22530642058700326,0.27079081535339355,0.6328125,3,4
7,923,0.23539623105898502,0.27023065090179443,0.6484375,2,4
7,1021,0.15752214193344116,0.15752214193344116,0.70703125,3,5
7,1022,0.05713772773742676,0.05713772773742676,0.8046875,3,4
7,1023,0.21999681740999225,0.2740592956542969,0.62109375,4,6
7,1024,0.22308522602543238,0.2779066562652588,0.62109375,3,5
7,1025,0.2179518818156794,0.27828270196914673,0.61328125,4,6
7,1026,0.18474478367716077,0.2733795642852783,0.5703125,3,3
7,1027,0.21753798425197604,0.26773905754089355,0.625,2,1
7,1028,0.23137031355872753,0.271700918674469,0.640625,2,1
7,1029,0.1246265769004822,0.24925315380096436,0.5,2,2
7,1030,0.11780746188014747,0.2451927661895752,0.4921875,2,4
7,1031,0.05810052156448364,0.05810052156448364,0.8046875,4,4
7,1032,0.1389825772494078,0.25782275199890137,0.515625,2,2
7,1033,0.22908792807720604,0.27214157581329346,0.63671875,2,2
7,1034,0.10180485248565674,0.10180485248565674,0.734375,2,3
7,1035,0.16954750590957704,0.2622607946395874,0.55859375,2,3
7,1036,0.1492990632541478,0.16059058904647827,0.671875,2,2
7,1037,0.19088300736621025,0.2824627161026001,0.5703125,3,4
7,1038,0.18473801249638203,0.2656906247138977,0.578125,3,3
7,1039,0.060136616230010986,0.060136616230010986,0.80078125,3,3
7,1040,0.19516027159988883,0.28067994117736816,0.578125,2,3
7,1041,0.06078547239303589,0.06078547239303589,0.79296875,2,2
7,1042,0.1836068283300847,0.2840081453323364,0.55859375,2,1
7,1043,0.05949556827545166,0.05949556827545166,0.80078125,2,2
7,1044,0.11162066459655762,0.11162066459655762,0.7265625,2,2
7,1045,0.19129305472597483,0.2830694913864136,0.5703125,2,2
7,1046,0.15034246444702148,0.15034246444702148,0.703125,2,5
7,1047,0.23404433252289894,0.2717249393463135,0.64453125,2,3
7,1048,0.08746284246444702,0.08746284246444702,0.7578125,3,1
7,1049,0.1402238950831816,0.25549691915512085,0.51953125,2,3
7,1050,0.1859386917203665,0.2833351492881775,0.5625,2,2
7,1051,0.21352143678814176,0.2659926414489746,0.62109375,3,4
7,1052,0.1572798490524292,0.1572798490524292,0.70703125,1,1
7,1053,0.18360763753298673,0.2840093970298767,0.55859375,3,6
7,1054,0.22754605021327737,0.2703099250793457,0.63671875,1,1
7,1055,0.0755683183670044,0.0755683183670044,0.7734375,4,4
7,1056,0.22312119230628016,0.274610698223114,0.625,3,4
7,1057,0.15660240710712972,0.15690886974334717,0.69921875,3,5
7,1058,0.2255709073506296,0.2618873119354248,0.64453125,2,1
7,1059,0.21807218273170295,0.2784363031387329,0.61328125,2,1
7,1060,0.22298118472099307,0.27443838119506836,0.625,2,4
7,887,0.2341708322055638,0.27187180519104004,0.64453125,1,3
7,746,0.23632823128718886,0.2807425856590271,0.63671875,1,3
7,1061,0.18359499855432662,0.2839898467063904,0.55859375,1,1
7,1062,0.1537402819376439,0.15711581707000732,0.69140625,1,2
7,1063,0.18361407262273136,0.2840193510055542,0.55859375,2,5
7,1064,0.18987141654361042,0.23091250658035278,0.62890625,1,2
7,1065,0.18117205239832404,0.2802419662475586,0.55859375,2,5
7,1066,0.20418571145273748,0.285636842250824,0.5859375,1,2
7,1067,0.1836063659284264,0.2840074300765991,0.55859375,2,3
7,1068,0.19175591273233297,0.23046720027923584,0.6328125,1,1
7,1069,0.1581270890310407,0.2562059164047241,0.546875,2,4
7,1070,0.18967704637907448,0.2483750581741333,0.60546875,2,5
7,1071,0.2035032124258578,0.28084540367126465,0.58984375,1,3
7,1072,0.1990633341483772,0.27847111225128174,0.5859375,1,2
7,1073,0.004077792167663574,0.004077792167663574,0.96875,2,6
7,1074,0.13426886871457103,0.1507580280303955,0.65625,1,2
7,1075,0.19137172098271552,0.2831858992576599,0.5703125,1,2
7,1076,0.18360231991391632,0.2840011715888977,0.55859375,1,2
7,1077,0.18617968261241916,0.28370237350463867,0.5625,1,1
7,1078,0.19687798304948959,0.27170222997665405,0.58984375,2,3
7,1079,0.16078496724367144,0.2605123519897461,0.546875,1,3
7,1080,0.20003435481339696,0.2837052345275879,0.58203125,1,3
7,1081,0.17943930847104642,0.26174622774124146,0.57421875,1,2
7,1082,0.05437791347503662,0.05437791347503662,0.78515625,3,5
7,1083,0.1835983894998208,0.2839950919151306,0.55859375,1,1
7,1084,0.18361330195330086,0.2840181589126587,0.55859375,2,4
7,1085,0.18875671376008543,0.2295568585395813,0.62890625,2,5
7,1086,0.2136419313028455,0.25088226795196533,0.640625,1,2
7,1087,0.18862203508615497,0.23215019702911377,0.625,1,3
7,1088,0.19851907109841707,0.2278963327407837,0.6484375,1,2
7,1089,0.18357431609183553,0.2677779197692871,0.57421875,1,2
7,1090,0.19578361418098214,0.2531343698501587,0.609375,2,3
7,1091,0.1270710434764624,0.21614742279052734,0.53515625,1,3
7,1092,0.17491455492563548,0.30775344371795654,0.52734375,1,3
7,1093,0.18355777522083375,0.28393226861953735,0.55859375,1,3
7,1094,0.1492990632541478,0.16059058904647827,0.671875,1,2
7,1095,0.14723273785784843,0.20596492290496826,0.5859375,2,5
7,1096,0.18361245421692732,0.28401684761047363,0.55859375,2,4
7,1097,0.12835048791021111,0.15989160537719727,0.62109375,1,2
7,1098,0.17238225927576425,0.2666456699371338,0.55859375,2,4
7,1099,0.18705608393065634,0.29835736751556396,0.55078125,1,2
7,1100,0.18361449649091813,0.28402000665664673,0.55859375,2,3
7,1101,0.20735671813599768,0.28616344928741455,0.58984375,1,2
7,1102,0.19146947935223582,0.26784801483154297,0.5859375,1,4
7,1103,0.1720635322853923,0.32507944107055664,0.51171875,2,4
7,845,0.2743229144252837,0.3417356014251709,0.62109375,3,7
7,960,0.2518261447548867,0.3429121971130371,0.59375,1,2
7,1104,0.1259547472000122,0.1259547472000122,0.72265625,2,5
7,1105,0.2306824896950275,0.27403581142425537,0.63671875,3,6
7,1106,0.20373712503351274,0.25692957639694214,0.6171875,4,7
7,1107,0.2072098457720131,0.2613089680671692,0.6171875,2,4
7,1108,0.23308748845011,0.25609612464904785,0.6640625,3,8
7,1109,0.2499406810384244,0.2901805639266968,0.64453125,1,1
7,1110,0.15891413576900962,0.2895517349243164,0.51953125,2,6
7,1111,0.17509262170642617,0.3571610450744629,0.49609375,3,5
7,1112,0.2232473067706451,0.2652032971382141,0.63671875,3,5
7,1113,0.22716567758470776,0.31350088119506836,0.58984375,2,5
7,1114,0.1836152286268771,0.28402113914489746,0.55859375,3,5
7,1115,0.1814943482168019,0.25389373302459717,0.5859375,4,6
7,1116,0.18952066521160307,0.3022884130477905,0.55078125,2,3
7,1117,0.0853577251546085,0.08636987209320068,0.6953125,3,6
7,1118,0.1561460550874472,0.3701239824295044,0.46875,2,4
7,1119,0.2212904850021005,0.347548246383667,0.5546875,3,7
7,1120,0.2315342191141099,0.3283809423446655,0.58203125,3,8
7,1121,0.26585940783843404,0.3311922550201416,0.62109375,1,1
7,1122,0.17312954459339383,0.3756030797958374,0.484375,3,7
7,1123,0.2222425946965814,0.28026652336120605,0.6171875,1,2
7,1124,0.18578954413533214,0.2831078767776489,0.5625,2,3
7,1125,0.19161130418069663,0.2876979112625122,0.56640625,3,7
7,1126,0.11519560217857362,0.2553253173828125,0.48046875,3,8
7,1127,0.14866092940792444,0.15824198722839355,0.67578125,2,5
7,1128,0.2363763125613332,0.25970959663391113,0.6640625,2,4
7,1129,0.23214809061028066,0.26650184392929077,0.6484375,1,1
7,1130,0.22775040776468816,0.2907935380935669,0.61328125,3,7
7,1131,0.17051560850813988,0.22914433479309082,0.59765625,3,6
7,1132,0.10289030324202034,0.4021361470222473,0.40234375,3,6
7,1133,0.17012327164411548,0.2893791198730469,0.53515625,1,3
7,1134,0.2367993984371424,0.3719058036804199,0.5546875,2,4
7,1135,0.20505782682448628,0.24645447731018066,0.6328125,3,8
7,1136,0.2549658947391436,0.3828226923942566,0.56640625,3,7
7,1137,0.17065034760162237,0.3866060972213745,0.4765625,2,4
7,1138,0.10345190763473511,0.10345190763473511,0.734375,3,4
7,1139,0.12413456011563541,0.13786745071411133,0.66015625,3,7
7,1140,0.1091860898304731,0.2101626992225647,0.5078125,1,3
7,1141,0.10310180950909854,0.10861754417419434,0.6796875,1,2
7,1142,0.18633950874209407,0.2839459180831909,0.5625,2,4
7,1143,0.2415448520332575,0.3289121389389038,0.59375,2,3
7,1144,0.08864304516464473,0.1017606258392334,0.6484375,3,6
7,1145,0.21507988893426958,0.3326915502548218,0.55859375,3,7
7,1146,0.13389045000076297,0.16478824615478516,0.625,1,2
7,1147,0.18263189296703788,0.28250008821487427,0.55859375,3,8
7,1148,0.1581621766090393,0.1581621766090393,0.703125,2,3
7,1149,0.18357943103183064,0.2839657664299011,0.55859375,3,8
7,1150,0.20665855042170736,0.28519994020462036,0.58984375,3,6
7,1151,0.1488756472244859,0.1601351499557495,0.671875,2,4
7,1152,0.23218770558014515,0.2726607918739319,0.640625,4,6
7,1153,0.15725797624327245,0.39085477590560913,0.4609375,4,7
7,1154,0.1492990632541478,0.16059058904647827,0.671875,3,5
7,1155,0.18313872371800247,0.283284068107605,0.55859375,4,8
7,1156,0.18880118872039023,0.28347861766815186,0.56640625,4,8
7,1157,0.0,0.3414655327796936,0.1796875,2,5
7,1158,0.1868755826726556,0.3027857542037964,0.546875,1,1
7,1159,0.13443828257732096,0.13470137119293213,0.69921875,1,1
7,1160,0.04724133014678955,0.04724133014678955,0.77734375,2,2
7,1161,0.19726313371211293,0.2190861701965332,0.66015625,2,4
7,1162,0.17876812396571043,0.225441575050354,0.6171875,3,5
7,1163,0.188682294334285,0.28330010175704956,0.56640625,1,3
7,1164,0.15092317992821339,0.3942483067512512,0.453125,1,1
8,746,0.22126847086474302,0.27903807163238525,0.6171875,1,3
8,887,0.22315992927178743,0.2713963985443115,0.62890625,1,3
8,1165,0.18328676931560042,0.28351306915283203,0.55859375,1,3
8,1166,0.16764366452116522,0.2851613163948059,0.53515625,1,2
8,1167,0.17154065147042277,0.2824077606201172,0.54296875,1,2
8,1168,0.12259282416198404,0.3670615553855896,0.43359375,1,2
8,1169,0.14817399904131892,0.15938043594360352,0.671875,1,3
8,1170,0.17522226716391745,0.27948224544525146,0.55078125,1,2
8,1171,0.18287354905623945,0.23946613073349,0.60546875,1,3
8,1172,0.16180000989697876,0.2846790552139282,0.52734375,1,2
8,1173,0.21314171701669696,0.26232826709747314,0.625,1,2
8,1174,0.18095359439030292,0.24002134799957275,0.6015625,1,2
8,1175,0.18347340624313804,0.2602171301841736,0.58203125,1,3
8,1176,0.1592277102172375,0.2754209041595459,0.53125,2,4
8,1177,0.17167795845307413,0.2872520089149475,0.5390625,1,3
8,1178,0.16177975153550508,0.28464341163635254,0.52734375,1,2
8,1179,0.16174977051559838,0.2845906615257263,0.52734375,1,2
8,1180,0.15130941732786599,0.16106116771697998,0.67578125,1,1
8,1181,0.16690494213253262,0.27477598190307617,0.54296875,1,1
8,1182,0.19939717429224404,0.27517884969711304,0.58984375,2,5
8,1183,0.18071767338551584,0.2838265299797058,0.5546875,2,3
8,1184,0.17858864483423534,0.28485167026519775,0.55078125,1,3
8,1185,0.20787613512948158,0.26214921474456787,0.6171875,1,3
8,1186,0.14720960846170786,0.2833508253097534,0.5078125,1,1
8,1187,0.16155629977583888,0.28425025939941406,0.52734375,1,1
8,1188,0.034918010234832764,0.034918010234832764,0.859375,1,2
8,1189,0.18631341774016622,0.26795637607574463,0.578125,1,3
8,1190,0.16500784456729892,0.28067779541015625,0.53515625,2,3
8,1191,0.16732271527871492,0.279964804649353,0.5390625,1,2
8,1192,0.16174330003559592,0.2845792770385742,0.52734375,1,1
8,1193,0.18816608050838116,0.26322686672210693,0.5859375,1,3
8,1194,0.16441688127815726,0.284396767616272,0.53125,1,2
8,1195,0.15909674856811765,0.1594080924987793,0.69921875,1,3
8,1196,0.17514799395576122,0.28378409147262573,0.546875,2,4
8,1197,0.18606283236294988,0.22628068923950195,0.62890625,1,3
8,1198,0.1618420849554241,0.28475308418273926,0.52734375,2,4
8,1199,0.18600247800350192,0.24048805236816406,0.609375,1,1
8,1200,0.11730677157174797,0.16637414693832397,0.58203125,1,2
8,1201,0.15906868816819045,0.27987343072891235,0.52734375,2,4
8,1202,0.17770989728160205,0.2327045202255249,0.60546875,1,2
8,1203,0.15643406298477205,0.319100558757782,0.49609375,1,2
8,1204,0.16180441388860348,0.284686803817749,0.52734375,2,3
8,1205,0.1729326314525679,0.28469938039779663,0.54296875,1,2
8,1206,0.05226874072104694,0.40547871589660645,0.3515625,1,3
8,1207,0.10153108183294536,0.10807466506958008,0.67578125,1,1
8,1208,0.16181904869154098,0.284712553024292,0.52734375,1,0
8,1121,0.20348127000033858,0.32969117164611816,0.546875,1,1
8,1109,0.19774816359858963,0.2884531617164612,0.57421875,1,1
8,1209,0.17730830493383112,0.2623752951622009,0.5703125,2,2
8,1210,0.058713436126708984,0.058713436126708984,0.8046875,1,0
8,1211,0.10718222928699107,0.11176639795303345,0.68359375,1,1
8,1212,0.20870773936621848,0.2732950448989868,0.60546875,2,3
8,1213,0.19375153922010216,0.2673875689506531,0.58984375,2,1
8,1214,0.1333984136581421,0.1333984136581421,0.71484375,1,0
8,1215,0.2210706947371364,0.26885557174682617,0.62890625,1,1
8,1216,0.09101080894470215,0.09101080894470215,0.71875,1,1
8,1217,0.22141627024393531,0.26927584409713745,0.62890625,2,2
8,1218,0.20228210475761446,0.295066773891449,0.57421875,2,3
8,1219,0.13961458206176758,0.13961458206176758,0.7265625,1,2
8,1220,0.09546131920069459,0.3879063129425049,0.3984375,1,1
8,1221,0.011673331260681152,0.011673331260681152,0.9140625,3,2
8,1222,0.20453140838071707,0.26444464921951294,0.609375,2,3
8,1223,0.14264389663003388,0.15027505159378052,0.6796875,1,0
8,1224,0.1497785449028015,0.1497785449028015,0.703125,1,1
8,1225,0.21378246392123404,0.269597589969635,0.6171875,1,1
8,1226,0.153886859305203,0.16046857833862305,0.68359375,2,2
8,1227,0.21069342736154797,0.2724117040634155,0.609375,3,4
8,1228,0.17261428828351202,0.2517906427383423,0.57421875,4,7
8,1229,0.176338117569685,0.25009727478027344,0.58203125,2,3
8,1230,0.06084054708480835,0.06084054708480835,0.80859375,2,2
8,1231,0.061427950859069824,0.061427950859069824,0.80859375,2,2
8,1232,0.21222500735893848,0.27097058296203613,0.61328125,3,5
8,1233,0.0718545913696289,0.0718545913696289,0.7890625,3,1
8,1234,0.13510331837460401,0.15865343809127808,0.640625,2,2
8,1235,0.16161236597690734,0.28434890508651733,0.52734375,2,4
8,1236,0.18550416012294593,0.24605733156204224,0.6015625,1,0
8,1237,0.16231462452560666,0.25492358207702637,0.5546875,1,1
8,1238,0.21148868545424196,0.2769365906715393,0.60546875,2,4
8,1239,0.18982415483333173,0.26922428607940674,0.58203125,2,1
8,1240,0.15130684152245524,0.1610584259033203,0.67578125,1,1
8,1241,0.11320018768310547,0.11320018768310547,0.74609375,3,4
8,1242,0.14974233449902388,0.3054504990577698,0.49609375,3,5
8,1243,0.18462983192875984,0.2991470694541931,0.546875,1,1
8,1244,0.1617575960699469,0.28460443019866943,0.52734375,1,1
8,1245,0.1624950575642288,0.1785353422164917,0.6640625,1,0
8,1246,0.16954958857968452,0.2508941888809204,0.5703125,2,4
8,1247,0.1438310192897916,0.24465608596801758,0.53515625,2,3
8,1248,0.0,0.331081748008728,0.25,1,2
8,1249,0.1696660020388663,0.2838855981826782,0.5390625,3,6
8,1250,0.21605433244258168,0.2724626064300537,0.6171875,2,2
8,1251,0.16184591304045173,0.2847598195075989,0.52734375,2,3
8,1252,0.19005685183219614,0.24887239933013916,0.60546875,1,1
8,1253,0.19582260004244748,0.2777317762374878,0.58203125,3,6
8,1254,0.19200255675241354,0.26497387886047363,0.58984375,2,2
8,1255,0.202837081393227,0.3568817377090454,0.52734375,2,2
8,1256,0.2021118085831404,0.3223714828491211,0.55078125,1,1
8,1257,0.10494727548211814,0.11408281326293945,0.66796875,2,2
8,1258,0.08870339393615723,0.08870339393615723,0.76953125,1,0
8,1259,0.2201365479268134,0.2677195072174072,0.62890625,1,1
8,1260,0.17028726742137226,0.3617721199989319,0.48828125,2,3
8,1261,0.14281530398875478,0.25566935539245605,0.5234375,2,3
8,1262,0.213833699002862,0.2764718532562256,0.609375,2,2
8,1263,0.19837623497005555,0.2665843367576599,0.59765625,2,4
8,1264,0.2051796427695081,0.27572697401046753,0.59765625,1,1
8,845,0.21710156183689835,0.3409693241119385,0.5546875,3,7
8,1136,0.2257671370171011,0.3840291500091553,0.53515625,3,7
8,1265,0.007209897041320801,0.007209897041320801,0.91796875,3,7
8,1266,0.18778572801966223,0.3091520667076111,0.54296875,3,6
8,1267,0.1853814320638776,0.3003648519515991,0.546875,2,4
8,1268,0.20649490132927897,0.36331748962402344,0.52734375,3,7
8,1269,0.16211687307804826,0.35932397842407227,0.48046875,2,4
8,1270,0.18458204925991598,0.2692478895187378,0.57421875,3,7
8,1271,0.14329523791093382,0.29229944944381714,0.49609375,2,4
8,1272,0.2292148352134973,0.2890591025352478,0.6171875,4,7
8,1273,0.11667606176342818,0.22888177633285522,0.50390625,3,8
8,1274,0.08746534585952759,0.08746534585952759,0.7734375,3,6
8,1275,0.1253979215398431,0.3275700807571411,0.453125,1,2
8,1276,0.12752568395808342,0.24093413352966309,0.51171875,3,6
8,1277,0.20225147972814742,0.31284821033477783,0.55859375,3,7
8,1278,0.07606421783566478,0.40567582845687866,0.375,3,5
8,1279,0.1378749792929739,0.34267956018447876,0.4609375,3,7
8,1280,0.1798271308653057,0.23852717876434326,0.6015625,3,7
8,1281,0.20534273609519008,0.2796156406402588,0.59375,2,4
8,1282,0.15829527378082278,0.3165905475616455,0.5,1,1
8,1283,0.22158442647196355,0.2694803476333618,0.62890625,2,4
8,1284,0.07847362756729126,0.07847362756729126,0.76171875,1,1
8,1285,0.18026957579422745,0.35363227128982544,0.50390625,3,4
8,1286,0.19441918609663847,0.2757413387298584,0.58203125,3,5
8,1287,0.2078714054077864,0.3167564272880554,0.5625,3,5
8,1288,0.04265785217285156,0.04265785217285156,0.734375,3,7
8,1289,0.1895045815035701,0.3580307960510254,0.51171875,4,8
8,1290,0.1719294837675989,0.2280515432357788,0.6015625,3,4
8,1291,0.21185939945280555,0.25765323638916016,0.62890625,2,4
8,1292,0.22114721615798774,0.3527332544326782,0.55078125,1,2
8,1293,0.10497443191707136,0.3053801655769348,0.4375,3,8
8,1294,0.05965192522853614,0.4018656015396118,0.359375,3,6
8,1295,0.2136492249555886,0.2694295644760132,0.6171875,1,1
8,1296,0.05981530435383321,0.4029662609100342,0.359375,3,6
8,1297,0.1778176631778479,0.242134690284729,0.59375,1,1
8,1298,0.2217851153109223,0.2980419397354126,0.59765625,2,3
8,1299,0.21072053897660228,0.262503445148468,0.62109375,2,3
8,1300,0.17348593915812674,0.2767127752304077,0.55078125,2,2
8,1301,0.18763940921053293,0.27370762825012207,0.57421875,3,7
8,1302,0.19073559832759204,0.319139301776886,0.5390625,1,2
8,1303,0.09827034105546774,0.179054856300354,0.51953125,1,1
8,1304,0.12676148931495848,0.18490564823150635,0.57421875,3,8
8,1305,0.07155828364193442,0.40261363983154297,0.37109375,1,1
8,1306,0.1658922792412341,0.30226635932922363,0.51953125,3,7
8,1307,0.007429659366607666,0.007429659366607666,0.9140625,2,3
8,1308,0.060423662886023535,0.40706467628479004,0.359375,4,6
9,1283,0.22061293339356783,0.268298864364624,0.62890625,2,4
9,1217,0.2134543056599796,0.2691837549209595,0.6171875,2,2
9,1309,0.1100164242088795,0.3994922637939453,0.41015625,2,4
9,1310,0.11968484893441202,0.17710590362548828,0.5703125,3,6
9,1311,0.2227612212300301,0.27416765689849854,0.625,2,3
9,1312,0.1922644595615566,0.2689601182937622,0.5859375,2,2
9,1313,0.21723263943567875,0.2739485502243042,0.6171875,1,1
9,1314,0.1502348240464926,0.23962688446044922,0.55078125,1,1
9,1315,0.21738596586510542,0.27414190769195557,0.6171875,2,3
9,1316,0.20938265032600614,0.28137511014938354,0.59765625,2,3
9,1317,0.15525591373443604,0.15525591373443604,0.71875,2,3
9,1318,0.10493838787078857,0.10493838787078857,0.74609375,1,0
9,1319,0.17944062966853383,0.18156838417053223,0.6953125,2,4
9,1320,0.15620887279510498,0.15620887279510498,0.703125,2,3
9,1321,0.16009822720661762,0.3081589937210083,0.5078125,2,3
9,1322,0.2512908130884171,0.2760963439941406,0.6640625,3,6
9,1323,0.202077167108655,0.26804018020629883,0.6015625,2,2
9,1324,0.08434907707851383,0.3890696167945862,0.38671875,2,4
9,1325,0.08002996444702148,0.08002996444702148,0.73046875,2,4
9,1326,0.0913548276294023,0.1503976583480835,0.54296875,1,2
9,1327,0.08295915229246022,0.2638204097747803,0.42578125,2,3
9,1328,0.08333587646484375,0.08333587646484375,0.75,1,0
9,1329,0.10097312927246094,0.10097312927246094,0.74609375,2,1
9,1330,0.20759052410721782,0.28267645835876465,0.59375,2,3
9,1331,0.1892784843221307,0.25774091482162476,0.59375,2,3
9,1332,0.08333587646484375,0.08333587646484375,0.75,2,1
9,1333,0.10534270526841284,0.11330980062484741,0.671875,1,1
9,1334,0.16825790237635377,0.18892115354537964,0.65625,1,2
9,1335,0.20384698384441438,0.2703877091407776,0.6015625,3,3
9,1336,0.16935536079108718,0.22176456451416016,0.60546875,1,2
9,1337,0.20082259294576946,0.2698718309402466,0.59765625,2,3
9,1338,0.07919126749038696,0.07919126749038696,0.77734375,1,1
9,1339,0.04996359348297119,0.04996359348297119,0.80859375,1,1
9,1340,0.11280906200408936,0.11280906200408936,0.7421875,1,0
9,1341,0.05611097812652588,0.05611097812652588,0.78125,3,3
9,1342,0.12749004364013672,0.12749004364013672,0.72265625,2,2
9,1343,0.12114030122756958,0.12114030122756958,0.72265625,1,0
9,1344,0.22137207502964887,0.2757725119590759,0.62109375,1,1
9,1345,0.09646475315093994,0.09646475315093994,0.74609375,2,1
9,1346,0.12571344687603417,0.12720412015914917,0.6953125,1,2
9,1347,0.20411115605384114,0.28168439865112305,0.58984375,2,4
9,1348,0.09249986393842848,0.18145567178726196,0.50390625,2,3
9,1349,0.11448979377746582,0.11448979377746582,0.72265625,2,3
9,1350,0.15505000739358368,0.1584542989730835,0.69140625,2,2
9,1351,0.15159900020807984,0.2344975471496582,0.55859375,2,2
9,1352,0.06498372554779053,0.06498372554779053,0.78125,2,1
9,1353,0.2025601137429476,0.2795438766479492,0.58984375,1,1
9,1354,0.20955789356958124,0.26756519079208374,0.61328125,2,4
9,1355,0.22233570995740595,0.35462892055511475,0.55078125,3,5
9,1356,0.20427615987136963,0.26749205589294434,0.60546875,2,3
9,887,0.2367815934121609,0.2718210220336914,0.6484375,1,3
9,746,0.21926230750977996,0.2799558639526367,0.61328125,1,3
9,1357,0.05225324630737305,0.05225324630737305,0.81640625,3,6
9,1358,0.20889550773426893,0.28072047233581543,0.59765625,1,1
9,1359,0.20492295688018206,0.2828047275543213,0.58984375,2,4
9,1360,0.15352633409202102,0.15847879648208618,0.6875,1,2
9,1361,0.20357994572259488,0.2536081075668335,0.62109375,1,3
9,1362,0.21477355575188997,0.2708474397659302,0.6171875,2,5
9,1363,0.20601297542452815,0.28052830696105957,0.59375,1,2
9,1364,0.14990368206053975,0.16124093532562256,0.671875,1,2
9,1365,0.1669087186455727,0.2704343795776367,0.546875,1,2
9,1366,0.12104954081587495,0.1454867720603943,0.6328125,1,2
9,1367,0.15365497604943815,0.23070776462554932,0.56640625,1,2
9,1368,0.23434427194297316,0.26312339305877686,0.65625,1,3
9,1369,0.1534306087996811,0.15999281406402588,0.68359375,1,2
9,1370,0.1690941592678428,0.24319159984588623,0.578125,1,3
9,1371,0.19111734069883826,0.27486538887023926,0.578125,2,5
9,1372,0.2047616419149563,0.2825821042060852,0.58984375,1,2
9,1373,0.1656168402405456,0.23489147424697876,0.58203125,2,4
9,1374,0.20450042828451845,0.28222161531448364,0.58984375,1,3
9,1375,0.20939280744642022,0.2813887596130371,0.59765625,2,4
9,1376,0.16064642812125388,0.24849236011505127,0.55859375,1,3
9,1377,0.042447566986083984,0.042447566986083984,0.84765625,1,3
9,1378,0.1281907134689391,0.18969261646270752,0.5703125,1,3
9,1379,0.15487620548810813,0.24702996015548706,0.55078125,1,3
9,1380,0.16637589829042557,0.23928219079971313,0.578125,1,2
9,1381,0.186884111026302,0.2806001901626587,0.56640625,2,4
9,1382,0.2139510938432068,0.2801610231399536,0.60546875,2,3
9,1383,0.20339420065283778,0.28069496154785156,0.58984375,1,2
9,1384,0.2048360584303737,0.2826848030090332,0.58984375,1,3
9,1385,0.15544451144523921,0.15885746479034424,0.69140625,2,3
9,1386,0.15226686000823975,0.15226686000823975,0.74609375,2,5
9,1387,0.12283355626277627,0.2505608797073364,0.49609375,3,5
9,1388,0.2101248297840357,0.28237247467041016,0.59765625,1,2
9,1389,0.19549849175382408,0.2697984576225281,0.58984375,1,1
9,1390,0.1925167050212622,0.2621504068374634,0.59375,2,5
9,1391,0.13544837990775707,0.21946066617965698,0.546875,1,4
9,1392,0.2076877420768142,0.2828088402748108,0.59375,1,2
9,1393,0.19669854652602228,0.27897411584854126,0.58203125,1,2
9,1394,0.12354655424132945,0.16387522220611572,0.6015625,1,2
9,1395,0.1893624159274623,0.2685694098472595,0.58203125,1,3
9,1396,0.21970686642453077,0.273698091506958,0.62109375,2,4
9,1397,0.21053466293960812,0.28292322158813477,0.59765625,1,2
9,1398,0.17771222977899018,0.26297301054000854,0.5703125,1,3
9,1399,0.20487579330801967,0.28273963928222656,0.58984375,1,2
9,1400,0.20767714921385053,0.28279441595077515,0.59375,2,4
9,1401,0.18189784535206857,0.22938841581344604,0.6171875,2,5
9,1402,0.18490268755704167,0.24525952339172363,0.6015625,1,3
9,1403,0.14764933241531256,0.14940011501312256,0.6953125,1,2
9,1272,0.21188866475131365,0.2847427725791931,0.59765625,4,7
9,1136,0.23325633793137973,0.3840104341506958,0.54296875,3,7
9,1404,0.1995968380942941,0.23438894748687744,0.640625,1,1
9,1405,0.22082812315784398,0.2426266074180603,0.6640625,3,4
9,1406,0.2395771807059646,0.3494687080383301,0.57421875,3,7
9,1407,0.19065731135196987,0.25621140003204346,0.59765625,3,7
9,1408,0.08239996433258057,0.08239996433258057,0.76953125,2,4
9,1409,0.1396908611059189,0.17192721366882324,0.625,2,4
9,1410,0.1498827934265137,0.29976558685302734,0.5,4,6
9,1411,0.060613393783569336,0.060613393783569336,0.77734375,1,2
9,1412,0.23133830842562023,0.31087982654571533,0.59765625,4,7
9,1413,0.22673811344429853,0.27574801445007324,0.62890625,2,2
9,1414,0.15336454100906852,0.15831178426742554,0.6875,2,3
9,1415,0.21539295511320236,0.2784878611564636,0.609375,4,5
9,1416,0.21230880636721852,0.28161168098449707,0.6015625,3,4
9,1417,0.046474575996398926,0.046474575996398926,0.82421875,2,3
9,1418,0.17564767599105838,0.3512953519821167,0.5,4,7
9,1419,0.22764733806252482,0.3368654251098633,0.5703125,4,6
9,1420,0.1745189465582371,0.1897106170654297,0.66796875,2,2
9,1421,0.14076924324035645,0.14076924324035645,0.7109375,2,3
9,1422,0.19407009752467277,0.3247185945510864,0.5390625,3,6
9,1423,0.19417046010494235,0.22290420532226562,0.6484375,1,0
9,1424,0.20023986161686483,0.28399670124053955,0.58203125,2,3
9,1425,0.15478288312442604,0.1581813097000122,0.69140625,4,8
9,1426,0.1829259851947427,0.3731398582458496,0.49609375,3,6
9,1427,0.15143579244613647,0.15143579244613647,0.71875,1,1
9,1428,0.08632242679595947,0.08632242679595947,0.734375,3,6
9,1429,0.2072280545253307,0.2784796953201294,0.59765625,1,0
9,1430,0.20251612644642594,0.26183903217315674,0.609375,2,3
9,1431,0.1937151240417734,0.21514564752578735,0.66015625,3,4
9,1432,0.21679799398407343,0.35126763582229614,0.546875,3,7
9,1433,0.2201444208621979,0.2810821533203125,0.61328125,2,2
9,1434,0.1061168033629656,0.37213563919067383,0.4140625,4,8
9,1435,0.14242929220199585,0.14242929220199585,0.703125,4,7
9,1436,0.16368791973218325,0.19004130363464355,0.64453125,3,5
9,1437,0.17042260989546779,0.25969159603118896,0.5625,3,7
9,1438,0.13219734793528917,0.1667119264602661,0.6171875,2,3
9,1439,0.21104191942140463,0.26614153385162354,0.6171875,2,3
9,1440,0.15042639942839744,0.3929505944252014,0.453125,3,5
9,1441,0.0847543478012085,0.0847543478012085,0.7421875,1,1
9,1442,0.10393695090897383,0.1739075779914856,0.5390625,3,6
9,1443,0.08850572153460236,0.1880287528038025,0.48828125,2,3
9,1444,0.2164424937218428,0.3452291488647461,0.55078125,3,5
9,1445,0.14966471702791753,0.25457918643951416,0.53515625,4,7
9,1446,0.1570153922075406,0.2860921025276184,0.51953125,3,5
9,1447,0.20314093399792912,0.28034543991088867,0.58984375,2,3
9,1448,0.16681243386119607,0.19588983058929443,0.640625,1,1
9,1449,0.12097851326689125,0.37313854694366455,0.4296875,3,4
9,1450,0.2325638830661774,0.28623247146606445,0.625,4,5
9,1451,0.05582070350646973,0.05582070350646973,0.77734375,1,2
9,1452,0.023245036602020264,0.023245036602020264,0.84375,3,6
10,887,0.26536213606596,0.2739222049713135,0.6875,1,3
10,1368,0.24797004309948537,0.26395148038864136,0.67578125,1,3
10,1453,0.2306832337053493,0.28737181425094604,0.62109375,1,1
10,1454,0.23574973852373662,0.2867075204849243,0.62890625,1,3
10,1455,0.23869472555816176,0.2868819236755371,0.6328125,1,2
10,1456,0.12388647859916092,0.25270867347717285,0.49609375,1,1
10,1457,0.23068572173360738,0.28737491369247437,0.62109375,3,6
10,1458,0.23065773141570392,0.28734004497528076,0.62109375,1,2
10,1459,0.20090301870368424,0.25027334690093994,0.62109375,1,3
10,1460,0.15917527675628662,0.15917527675628662,0.71875,2,2
10,1461,0.23348480463027957,0.2873659133911133,0.625,1,1
10,1462,0.23069170257076624,0.2873823642730713,0.62109375,3,5
10,1463,0.0757745085284114,0.20858359336853027,0.4453125,1,2
10,1464,0.18007839540950957,0.27855026721954346,0.55859375,3,5
10,1465,0.2348521642852575,0.2925652265548706,0.62109375,1,2
10,1466,0.06546467542648315,0.06546467542648315,0.76171875,1,2
10,1467,0.23068423848599198,0.28737306594848633,0.62109375,3,6
10,1468,0.244713184889406,0.28092634677886963,0.6484375,2,3
10,1469,0.2009244977962226,0.2386852502822876,0.63671875,1,1
10,1470,0.1831679197493941,0.25978386402130127,0.58203125,1,1
10,1471,0.25792959518730646,0.2635927200317383,0.69140625,1,2
10,1472,0.16723543871194127,0.2162235975265503,0.609375,3,5
10,1473,0.2305296458071098,0.28718048334121704,0.62109375,1,2
10,1474,0.1511541344225407,0.23033010959625244,0.5625,2,4
10,1475,0.24575618037488314,0.285322368144989,0.64453125,3,6
10,1476,0.2455349599476904,0.28506553173065186,0.64453125,2,5
10,1477,0.22811200981959703,0.2876683473587036,0.6171875,1,2
10,1478,0.1793795004487038,0.23192501068115234,0.609375,2,4
10,1479,0.230681415530853,0.2873695492744446,0.62109375,4,7
10,1480,0.23069151118397715,0.2873821258544922,0.62109375,3,4
10,1481,0.23480381071567538,0.2889893054962158,0.625,1,3
10,1482,0.23067481268662962,0.2873613238334656,0.62109375,2,5
10,1483,0.13609445095062256,0.13609445095062256,0.7265625,1,1
10,1484,0.22067229449748996,0.27159667015075684,0.625,2,4
10,1485,0.23343928158283236,0.2873098850250244,0.625,2,4
10,1486,0.15168237686157227,0.15168237686157227,0.734375,1,3
10,1487,0.21326998877339068,0.2865990400314331,0.59765625,1,1
10,1488,0.1593310832977295,0.1593310832977295,0.71875,3,7
10,1489,0.23283571377396586,0.2865670323371887,0.625,1,1
10,1490,0.23766616079956296,0.28903818130493164,0.62890625,3,5
10,1491,0.1611964663024992,0.3734506368637085,0.47265625,2,3
10,1492,0.2515921869780869,0.2856212854385376,0.65234375,3,7
10,1493,0.23068572173360738,0.28737491369247437,0.62109375,1,0
10,1494,0.25126325106248265,0.2731354236602783,0.66796875,3,7
10,1495,0.17426061211153868,0.28234630823135376,0.546875,1,2
10,1496,0.09268920775502922,0.15017998218536377,0.546875,3,5
10,1497,0.21719473320990804,0.27390074729919434,0.6171875,1,2
10,1498,0.23068112845066938,0.2873691916465759,0.62109375,2,5
10,1499,0.2306912719504908,0.2873818278312683,0.62109375,3,5
10,1500,0.23069165472406897,0.2873823046684265,0.62109375,3,4
10,1501,0.14529100852087143,0.26952534914016724,0.515625,1,2
10,1406,0.3050941319670529,0.3542135953903198,0.64453125,3,7
10,1136,0.2628171565011144,0.38890862464904785,0.5703125,3,7
10,1502,0.15334698138758543,0.339885950088501,0.48046875,3,5
10,1503,0.25733157573267823,0.27973198890686035,0.66796875,3,7
10,1504,0.06425021577160807,0.2178550362586975,0.41796875,3,6
10,1505,0.14808237552642822,0.14808237552642822,0.70703125,5,8
10,1506,0.15925735235214233,0.15925735235214233,0.71875,3,5
10,1507,0.20680447295308116,0.22013282775878906,0.67578125,3,4
10,1508,0.14908322691917422,0.16035842895507812,0.671875,3,6
10,1509,0.08323240280151369,0.10243988037109375,0.625,4,5
10,1510,0.18159407074563208,0.34953445196151733,0.5078125,4,6
10,1511,0.2132571451365948,0.30670690536499023,0.578125,3,5
10,1512,0.10466885589994493,0.380074143409729,0.41015625,3,7
10,1513,0.14401340670883658,0.3860464096069336,0.44921875,3,4
10,1514,0.0006150007247924805,0.0006150007247924805,0.98828125,4,5
10,1515,0.2061325237154961,0.3565535545349121,0.53125,3,6
10,1516,0.07102513313293457,0.07102513313293457,0.79296875,3,7
10,1517,0.15765023231506348,0.15765023231506348,0.71484375,4,7
10,1518,0.15933525562286377,0.15933525562286377,0.71875,1,0
10,1519,0.1985857808031142,0.20294594764709473,0.69140625,4,4
10,1520,0.15921390056610107,0.15921390056610107,0.71875,3,6
10,1521,0.17856891942210498,0.1941131353378296,0.66796875,4,5
10,1522,0.15933525562286377,0.15933525562286377,0.71875,5,7
10,1523,0.12293553352355957,0.12293553352355957,0.76953125,4,7
10,1524,0.2404274988221005,0.26702576875686646,0.66015625,1,1
10,1525,0.21766664087772372,0.33669281005859375,0.55859375,4,5
10,1526,0.23178473999723795,0.2546647787094116,0.6640625,3,6
10,1527,0.16146692074835303,0.27929413318634033,0.53125,3,7
10,1528,0.1674279682338238,0.18395519256591797,0.6640625,4,7
10,1529,0.07030416373163464,0.41855502128601074,0.3671875,2,3
10,1530,0.18998983781784776,0.25200724601745605,0.6015625,4,4
10,1531,0.19407912995666268,0.25413942337036133,0.60546875,2,4
10,1532,0.28565778932534164,0.34332579374313354,0.6328125,3,7
10,1533,0.21817235462367537,0.23467278480529785,0.671875,2,3
10,1534,0.04716390371322632,0.04716390371322632,0.81640625,4,5
10,1535,0.2638515308499337,0.33273887634277344,0.6171875,3,4
10,1536,0.11929205618798736,0.3915226459503174,0.421875,3,6
10,1537,0.007397920009680103,0.3443395495414734,0.30859375,3,7
10,1538,0.08202445297501984,0.4158071279525757,0.37890625,4,8
10,1539,0.26832603290677076,0.30127835273742676,0.65625,3,4
10,1322,0.24265315802767876,0.27856147289276123,0.6484375,3,6
10,1413,0.2652678354643286,0.2794591188430786,0.6796875,2,2
10,1540,0.24788520880974832,0.28456777334213257,0.6484375,3,4
10,1541,0.16405488806776705,0.18624413013458252,0.65234375,2,5
10,1542,0.05630946159362793,0.05630946159362793,0.80078125,2,3
10,1543,0.17179404571652415,0.22787189483642578,0.6015625,1,2
10,1544,0.22431566705927258,0.3753255605697632,0.5390625,2,3
10,1545,0.1969255045987666,0.2260669469833374,0.6484375,2,2
10,1546,0.2086033099330962,0.21752524375915527,0.68359375,1,2
10,1547,0.22393705067224803,0.23836958408355713,0.67578125,4,5
10,1548,0.15523905586451295,0.15554285049438477,0.69921875,1,1
10,1549,0.2384236506186426,0.2865561246871948,0.6328125,3,7
10,1550,0.01096653938293457,0.01096653938293457,0.90625,3,4
10,1551,0.15792182181030515,0.16986548900604248,0.671875,2,3
10,1552,0.2586110166739673,0.2811228036880493,0.66796875,2,3
10,1553,0.21547127468511465,0.35473084449768066,0.54296875,3,6
10,1554,0.23969672201201322,0.27211689949035645,0.65234375,2,4
10,1555,0.23344746604561809,0.28731995820999146,0.625,2,3
10,1556,0.1588652892969549,0.23853087425231934,0.56640625,2,3
10,1557,0.22432366409339013,0.24914038181304932,0.66015625,2,2
10,1558,0.03363674879074097,0.03363674879074097,0.81640625,2,2
10,1559,0.23068873607553544,0.2873786687850952,0.62109375,3,4
10,1560,0.14575044228695336,0.1584378480911255,0.66796875,1,1
10,1561,0.20220090751536193,0.21980226039886475,0.66796875,3,5
10,1562,0.09461861709132792,0.11240077018737793,0.63671875,3,3
10,1563,0.15933525562286377,0.15933525562286377,0.71875,4,6
10,1564,0.2460749368183315,0.2703655958175659,0.6640625,3,6
10,1565,0.22712865471839908,0.3461008071899414,0.5625,3,3
10,1566,0.12922983430325988,0.23134851455688477,0.5234375,2,4
10,1567,0.23592068837024274,0.2869154214859009,0.62890625,3,5
10,1568,0.18695653823670003,0.38136154413223267,0.49609375,3,6
10,1569,0.07400548458099365,0.07400548458099365,0.77734375,1,0
10,1570,0.24187990184873345,0.2715844511985779,0.65625,2,3
10,1571,0.07279109954833984,0.07279109954833984,0.7890625,3,6
10,1572,0.15086021320894363,0.22005820274353027,0.57421875,1,2
10,1573,0.19292239367496225,0.20535606145858765,0.67578125,1,2
10,1574,0.14267099741846326,0.15030360221862793,0.6796875,3,4
10,1575,0.23343090340495112,0.28729957342147827,0.625,2,2
10,1576,0.23274631425738337,0.28645700216293335,0.625,3,6
10,1577,0.11132390191778542,0.15573179721832275,0.5859375,3,4
10,1578,0.08595550060272217,0.08595550060272217,0.75390625,1,0
10,1579,0.24100574734620753,0.2438635230064392,0.6953125,2,3
10,1580,0.0,0.37564778327941895,0.25390625,1,2
10,1581,0.15933525562286377,0.15933525562286377,0.71875,3,6
10,1582,0.2642830861732364,0.28427088260650635,0.671875,2,4
10,1583,0.19054291420616212,0.2317291498184204,0.62890625,1,1
10,1584,0.2593632224015892,0.2760789394378662,0.67578125,2,2
10,1585,0.05628007650375366,0.05628007650375366,0.80078125,3,3
10,1586,0.1543776243925095,0.15935754776000977,0.6875,2,3
10,1587,0.2595878774300218,0.2763180732727051,0.67578125,3,4
10,1588,0.2643442586995662,0.27848613262176514,0.6796875,2,4
10,1589,0.20887394761666658,0.2666919231414795,0.61328125,3,5
10,1590,0.235026044305414,0.2858273983001709,0.62890625,3,3
10,1591,0.23344199359416964,0.28731322288513184,0.625,3,4
10,1592,0.1614799974486232,0.253612756729126,0.5546875,4,6
10,1593,0.252694794908166,0.2746915817260742,0.66796875,2,2
10,1594,0.13335522264242175,0.17026901245117188,0.61328125,1,1
10,1595,0.23029744625091553,0.23029744625091553,0.70703125,2,1
10,1596,0.1375177502632141,0.1375177502632141,0.71484375,2,3
11,887,0.2541714515537024,0.28538548946380615,0.65625,1,3
11,1471,0.22224932909011844,0.27353763580322266,0.625,1,2
11,1597,0.2119804630056024,0.2965409755706787,0.5859375,3,6
11,1598,0.05753529071807861,0.05753529071807861,0.78515625,4,9
11,1599,0.22182457963936034,0.26977241039276123,0.62890625,1,0
11,1600,0.22075224388390782,0.30059880018234253,0.59375,3,6
11,1601,0.1609365767799318,0.2004854679107666,0.62109375,2,2
11,1602,0.22072103433310988,0.3005563020706177,0.59375,3,5
11,1603,0.003852367401123047,0.003852367401123047,0.9453125,3,7
11,1604,0.22068150807172063,0.3005024790763855,0.59375,1,2
11,1605,0.23218714166432622,0.27906060218811035,0.6328125,1,3
11,1606,0.15969748888164761,0.2762334942817688,0.53125,2,4
11,1607,0.22075421363115313,0.3006014823913574,0.59375,2,2
11,1608,0.1625831450801343,0.16615283489227295,0.69140625,3,7
11,1609,0.22074208874255422,0.30058497190475464,0.59375,1,0
11,1610,0.2207520687952638,0.3005985617637634,0.59375,1,2
11,1611,0.22363468701951209,0.3005274534225464,0.59765625,1,2
11,1612,0.17497393488883975,0.31324005126953125,0.5234375,1,3
11,1613,0.2207147749140859,0.3005477786064148,0.59375,2,3
11,1614,0.06761401891708374,0.06761401891708374,0.77734375,1,1
11,1615,0.17334448336623612,0.22992843389511108,0.6015625,1,2
11,1616,0.22074151970446113,0.30058419704437256,0.59375,1,2
11,1617,0.19778705481439832,0.23495817184448242,0.63671875,2,3
11,1618,0.2480681786546484,0.294688880443573,0.63671875,3,7
11,1619,0.2206768244504929,0.30049610137939453,0.59375,3,7
11,1620,0.22532227309420708,0.29887306690216064,0.6015625,1,2
11,1621,0.2182170222513378,0.2562548518180847,0.640625,2,4
11,1622,0.1549629115033895,0.1552661657333374,0.69921875,1,1
11,1623,0.13751481100916865,0.23009014129638672,0.5390625,1,4
11,1624,0.18209404079243544,0.2296358346939087,0.6171875,1,3
11,1625,0.2445772548671812,0.308432400226593,0.6171875,3,6
11,1626,0.19601720152422789,0.2502763271331787,0.61328125,2,3
11,1627,0.19878343003802004,0.23614180088043213,0.63671875,1,1
11,1628,0.21886561997234824,0.2980297803878784,0.59375,2,5
11,1629,0.22074563428759578,0.30058979988098145,0.59375,1,1
11,1630,0.22058043815195563,0.3003648519515991,0.59375,1,2
11,1631,0.1713880829047412,0.2821565866470337,0.54296875,2,4
11,1632,0.22075005527585748,0.30059581995010376,0.59375,2,3
11,1633,0.15602545440196994,0.18975067138671875,0.62890625,1,1
11,1634,0.11279672384262085,0.11279672384262085,0.71484375,3,7
11,1635,0.22075421363115313,0.3006014823913574,0.59375,2,3
11,1636,0.2207098286598921,0.3005410432815552,0.59375,3,6
11,1637,0.14695484424009922,0.26308000087738037,0.5234375,1,2
11,1638,0.21304574981331828,0.2754530906677246,0.609375,1,1
11,1639,0.20204178988933566,0.27512073516845703,0.59375,2,3
11,1640,0.22074861079454425,0.30059385299682617,0.59375,1,0
11,1641,0.2185335643589497,0.2975776195526123,0.59375,1,2
11,1642,0.22075421363115313,0.3006014823913574,0.59375,1,0
11,1643,0.22075421363115313,0.3006014823913574,0.59375,2,2
11,1532,0.2481420538388193,0.35687845945358276,0.578125,3,7
11,1587,0.2416423307731748,0.2904245853424072,0.6328125,3,4
11,1644,0.16198315378278497,0.3839600682258606,0.46875,2,4
11,1645,0.2377327345311642,0.3073716163635254,0.609375,3,7
11,1646,0.23223146516829732,0.29651498794555664,0.61328125,2,2
11,1647,0.07998120784759521,0.07998120784759521,0.765625,2,1
11,1648,0.14907347317785027,0.22382879257202148,0.56640625,2,2
11,1649,0.16402594977989796,0.16597092151641846,0.6953125,4,7
11,1650,0.2504852302372456,0.32385969161987305,0.609375,2,4
11,1651,0.20527933968696746,0.26880568265914917,0.60546875,4,7
11,1652,0.2205176688730717,0.3002793788909912,0.59375,2,3
11,1653,0.1299992799758911,0.1299992799758911,0.70703125,3,4
11,1654,0.22018233034759763,0.29982274770736694,0.59375,3,5
11,1655,0.22002251818776133,0.299605131149292,0.59375,3,6
11,1656,0.23962130164727571,0.2914159297943115,0.62890625,3,7
11,1657,0.06928786030039193,0.2931849956512451,0.39453125,3,6
11,1658,0.22355925233569,0.2927425503730774,0.60546875,3,4
11,1659,0.22819254780188206,0.3697296977043152,0.546875,3,7
11,1660,0.25163765484467154,0.2856729030609131,0.65234375,2,3
11,1661,0.16095466911792758,0.16614675521850586,0.6875,3,4
11,1662,0.05877643823623657,0.05877643823623657,0.78515625,3,5
11,1663,0.06334552040789278,0.2921883463859558,0.38671875,3,7
11,1664,0.0953909158706665,0.0953909158706665,0.72265625,3,7
11,1665,0.12432422710116954,0.253601610660553,0.49609375,3,4
11,1666,0.14724421501159668,0.14724421501159668,0.73046875,3,4
11,1667,0.22011282015591863,0.2997280955314636,0.59375,2,3
11,1668,0.2209627877455205,0.29693686962127686,0.59765625,2,3
11,1669,0.1719881939934567,0.17576438188552856,0.69140625,3,4
11,1670,0.22064425796270373,0.30045175552368164,0.59375,2,3
11,1671,0.21922543295659128,0.273098349571228,0.62109375,2,3
11,1672,0.08824753761291504,0.08824753761291504,0.7578125,2,1
11,1673,0.2404469680041075,0.26997554302215576,0.65625,2,2
11,1674,0.16196095850318673,0.2754950523376465,0.53515625,3,6
11,1675,0.24363621883094314,0.2861049175262451,0.640625,2,2
11,1676,0.16283745924010876,0.16476833820343018,0.6953125,3,3
11,1677,0.19247801089659336,0.26925885677337646,0.5859375,4,7
11,1678,0.22051591798663142,0.3002769947052002,0.59375,2,3
11,1406,0.25256615923717624,0.36841559410095215,0.57421875,3,7
11,1539,0.24573336401954296,0.3137543201446533,0.61328125,3,4
11,1679,0.1346648610197008,0.14484959840774536,0.671875,2,2
11,1680,0.21615016902796927,0.2759822607040405,0.61328125,3,5
11,1681,0.1331763891503215,0.37671995162963867,0.44140625,4,5
11,1682,0.2008018749766052,0.37250202894210815,0.515625,2,4
11,1683,0.023604929447174072,0.023604929447174072,0.85546875,3,7
11,1684,0.2202274863375351,0.27434664964675903,0.62109375,2,1
11,1685,0.07784152030944824,0.07784152030944824,0.78515625,2,2
11,1686,0.22075421363115313,0.3006014823913574,0.59375,3,3
11,1687,0.20741163939237597,0.3587660789489746,0.53125,2,4
11,1688,0.22075421363115313,0.3006014823913574,0.59375,3,6
11,1689,0.16347300866618755,0.2168346643447876,0.6015625,2,2
11,1690,0.220715431496501,0.3005486726760864,0.59375,2,4
11,1691,0.12887111119925979,0.13039922714233398,0.6953125,3,4
11,1692,0.2315652389079333,0.3751943111419678,0.546875,3,7
11,1693,0.22550040064379576,0.2991093397140503,0.6015625,3,5
11,1694,0.220102533698082,0.2997140884399414,0.59375,3,3
11,1695,0.22128255665302282,0.38933563232421875,0.52734375,3,8
11,1696,0.2312391008017585,0.3471977114677429,0.56640625,2,4
11,1697,0.16256156517192724,0.16613078117370605,0.69140625,3,5
11,1698,0.07034808397293091,0.07034808397293091,0.8125,1,1
11,1699,0.121501182904467,0.3637930154800415,0.43359375,3,7
11,1700,0.12766921520233154,0.12766921520233154,0.72265625,3,5
11,1701,0.0,0.36903083324432373,0.27734375,4,5
11,1702,0.026839911937713623,0.026839911937713623,0.8125,2,4
11,1703,0.24241419136524203,0.2846698760986328,0.640625,1,2
11,1704,0.18633037758991125,0.3800842761993408,0.49609375,3,6
11,1705,0.1114755637245253,0.4047906994819641,0.41015625,3,7
11,1706,0.13431262969970703,0.13431262969970703,0.7265625,2,2
11,1707,0.0074433088302612305,0.0074433088302612305,0.90625,3,6
11,1708,0.12210643291473389,0.12210643291473389,0.734375,1,0
11,1709,0.1754171345382929,0.2633829116821289,0.56640625,4,4
11,1710,0.2205043621361256,0.3002612590789795,0.59375,1,1
11,1711,0.13845089264214042,0.15376758575439453,0.66015625,3,7
11,1712,0.22070124931633475,0.3005293607711792,0.59375,4,8
11,1713,0.11619885056279601,0.26324695348739624,0.4765625,2,4
11,1714,0.16095466911792758,0.16614675521850586,0.6875,3,4
11,1715,0.17765262350440028,0.2086195945739746,0.640625,3,4
11,1716,0.20159560069441798,0.22389793395996094,0.66015625,2,3
11,1717,0.22876369231380525,0.27494603395462036,0.6328125,2,4
11,1718,0.2328058567363769,0.2900160551071167,0.62109375,3,6
11,1719,0.2366086563561112,0.31796228885650635,0.59765625,3,2
11,1720,0.25511284894309944,0.2896181344985962,0.65234375,1,1
11,1721,0.12394371139816941,0.2747150659561157,0.48046875,3,6
11,1722,0.22075097449123862,0.30059707164764404,0.59375,3,5
11,1723,0.1628598999232054,0.40477800369262695,0.4609375,4,8
11,1724,0.1417090892791748,0.1417090892791748,0.72265625,3,6
11,1725,0.08414050377905372,0.4064145088195801,0.3828125,4,6
11,1726,0.17168648587539795,0.28264784812927246,0.54296875,3,6
11,1727,0.09429824352264404,0.09429824352264404,0.73046875,1,1
11,1728,0.22612442634999758,0.3911341428756714,0.53125,2,4
11,1729,0.22755225410219285,0.3319280743598938,0.57421875,3,3
11,1730,0.1390530928038061,0.3542048931121826,0.45703125,4,7
11,1731,0.22075421363115313,0.3006014823913574,0.59375,3,4
11,1732,0.21986073628067973,0.29938483238220215,0.59375,2,4
11,1733,0.10351979732513428,0.10351979732513428,0.7109375,3,6
11,1734,0.07101243734359741,0.07101243734359741,0.7890625,3,4
11,1735,0.22481080796569589,0.29819464683532715,0.6015625,1,1
11,1736,0.06129920482635498,0.06129920482635498,0.7890625,3,6
11,1737,0.11086589097976685,0.11086589097976685,0.73828125,1,0
11,1738,0.1954562778118998,0.22189271450042725,0.65234375,3,7
11,1739,0.16703808307647705,0.16703808307647705,0.73046875,2,4
11,1740,0.1334126456640661,0.4114896059036255,0.4296875,2,1
12,1599,0.22265145485289398,0.25849783420562744,0.64453125,1,0
12,1627,0.2036344559164718,0.23117703199386597,0.65234375,1,1
12,1741,0.19961151934694502,0.2317485213279724,0.64453125,1,1
12,1742,0.215376069303602,0.2856801748275757,0.6015625,2,3
12,1743,0.2171141668222845,0.2843029499053955,0.60546875,1,0
12,1744,0.20283026271499696,0.2302640676498413,0.65234375,1,1
12,1745,0.20150082639884206,0.22875481843948364,0.65234375,2,3
12,1746,0.19588868482969704,0.244026780128479,0.62109375,2,3
12,1747,0.21587024023756388,0.28267407417297363,0.60546875,1,0
12,1748,0.2088465273845941,0.2601689100265503,0.62109375,1,1
12,1749,0.17980422126129272,0.28239190578460693,0.5546875,1,1
12,1750,0.21690399385988715,0.2877068519592285,0.6015625,1,0
12,1751,0.21680949279107156,0.28758150339126587,0.6015625,2,2
12,1752,0.18160791019909087,0.23780882358551025,0.60546875,1,1
12,1753,0.20301213115453723,0.2764420509338379,0.59375,1,1
12,1754,0.21698143519461158,0.28412914276123047,0.60546875,1,0
12,1755,0.22265145485289398,0.25849783420562744,0.64453125,1,0
12,1756,0.22265145485289398,0.25849783420562744,0.64453125,2,2
12,1757,0.1561948321759701,0.17537665367126465,0.65625,1,1
12,1758,0.20250411215238276,0.22989380359649658,0.65234375,1,1
12,1759,0.2206591218709946,0.27158045768737793,0.625,1,0
12,1760,0.22095543472096327,0.26556146144866943,0.6328125,1,0
12,1761,0.1813968911301345,0.24060934782028198,0.6015625,3,5
12,1762,0.2167967308778316,0.28756457567214966,0.6015625,1,0
12,1763,0.1438979341182858,0.2407703995704651,0.5390625,1,1
12,1764,0.10307109355926514,0.10307109355926514,0.7734375,1,0
12,1765,0.17812102963216606,0.23936474323272705,0.59765625,1,1
12,1766,0.19824482232797894,0.24109584093093872,0.62890625,1,1
12,1767,0.17946687026415023,0.24117332696914673,0.59765625,3,5
12,887,0.217153518460691,0.2738487720489502,0.6171875,1,3
12,1618,0.21892600273713472,0.28305584192276,0.609375,3,7
12,1768,0.16203093528747559,0.16203093528747559,0.71875,3,6
12,1769,0.19625900173559788,0.23046928644180298,0.640625,2,3
12,1770,0.14838321553543213,0.1516411304473877,0.69140625,3,7
12,1771,0.20221213891636583,0.24021488428115845,0.63671875,1,3
12,1772,0.21930909773800525,0.2667132019996643,0.62890625,3,5
12,1773,0.12679262156598273,0.1393086314201355,0.6640625,3,5
12,1774,0.21976743382401767,0.287777304649353,0.60546875,3,5
12,1775,0.21513552963733676,0.264782190322876,0.625,3,5
12,1776,0.05813020467758179,0.05813020467758179,0.80859375,3,8
12,1777,0.21986361418385061,0.2879032492637634,0.60546875,3,7
12,1778,0.2169124868232757,0.28771811723709106,0.6015625,1,2
12,1779,0.2167373250704259,0.2874857783317566,0.6015625,1,4
12,1780,0.16237813374027613,0.20732569694519043,0.61328125,1,3
12,1781,0.16203004121780396,0.16203004121780396,0.72265625,2,4
12,1782,0.2169123070780188,0.28771787881851196,0.6015625,4,8
12,1783,0.21691432921215895,0.28772056102752686,0.6015625,2,4
12,1784,0.21650194865651431,0.2871735692024231,0.6015625,3,5
12,1785,0.11376226460561159,0.3989471197128296,0.4140625,2,3
12,1786,0.18851348897442224,0.2601587772369385,0.58984375,1,3
12,1787,0.2054408732801676,0.2797492742538452,0.59375,1,3
12,1788,0.06000781059265137,0.06000781059265137,0.8125,3,5
12,1789,0.1844520757440478,0.27694857120513916,0.56640625,3,7
12,1790,0.21690866723656657,0.28771305084228516,0.6015625,1,2
12,1791,0.14681277284398678,0.22043442726135254,0.56640625,2,3
12,1792,0.2165217206347734,0.28719979524612427,0.6015625,1,1
12,1793,0.2169124868232757,0.28771811723709106,0.6015625,1,1
12,1794,0.18695122306235137,0.2448056936264038,0.60546875,3,6
12,1795,0.1403116509318352,0.2347698211669922,0.5390625,3,6
12,1796,0.2176323118619621,0.26156747341156006,0.6328125,2,3
12,1797,0.0582127571105957,0.0582127571105957,0.80859375,3,7
12,1798,0.2115362226031721,0.2919313907623291,0.58984375,1,2
12,1799,0.2169124868232757,0.28771811723709106,0.6015625,2,3
12,1800,0.21690579131245616,0.28770923614501953,0.6015625,1,1
12,1801,0.058071792125701904,0.058071792125701904,0.80859375,3,7
12,1802,0.23821866931393745,0.27347075939178467,0.6484375,1,3
12,1803,0.2170544565888122,0.2771368622779846,0.61328125,1,3
12,1804,0.12671058333944532,0.20860391855239868,0.54296875,3,6
12,1805,0.22633504914119842,0.285427451133728,0.6171875,1,2
12,1806,0.05037134885787964,0.05037134885787964,0.78125,3,7
12,1807,0.2309258164605126,0.2876740097999573,0.62109375,1,3
12,1808,0.21744845388457182,0.284740686416626,0.60546875,1,3
12,1809,0.12358326034154744,0.175275981426239,0.58203125,1,2
12,1810,0.15703296707943085,0.18027102947235107,0.6484375,3,6
12,1811,0.1811503178905696,0.21031510829925537,0.64453125,3,6
12,1720,0.24360958370380106,0.2765589952468872,0.65234375,1,1
12,1406,0.24976595060434195,0.35423868894577026,0.58203125,3,7
12,1812,0.21687523461878302,0.28766870498657227,0.6015625,3,3
12,1813,0.13868916034698486,0.13868916034698486,0.71484375,3,7
12,1814,0.22387552319560203,0.2858460545539856,0.61328125,3,5
12,1815,0.1481471061706543,0.1481471061706543,0.73046875,1,1
12,1816,0.1407548189163208,0.1407548189163208,0.73828125,1,0
12,1817,0.2494200351648033,0.3145395517349243,0.6171875,4,8
12,1818,0.21485758153721693,0.23606669902801514,0.6640625,2,3
12,1819,0.2384639169322327,0.33820921182632446,0.58203125,3,6
12,1820,0.21358702797442677,0.22501349449157715,0.6796875,2,2
12,1821,0.15384662151336673,0.3076932430267334,0.5,3,5
12,1822,0.2168657530564815,0.28765612840652466,0.6015625,3,8
12,1823,0.20877718739211562,0.2842923402786255,0.59375,1,1
12,1824,0.26700390572659677,0.35880839824676514,0.59765625,3,4
12,1825,0.19038574770092967,0.2235722541809082,0.640625,4,4
12,1826,0.1682288646697998,0.1682288646697998,0.70703125,1,0
12,1827,0.21690821787342432,0.2877124547958374,0.6015625,4,4
12,1828,0.1301854979246855,0.17727386951446533,0.59375,2,2
12,1829,0.11173397302627563,0.11173397302627563,0.7734375,1,0
12,1830,0.23930014099460098,0.37015610933303833,0.55859375,2,3
12,1831,0.15402045683003965,0.1622602343559265,0.6796875,2,2
12,1832,0.19288343377411368,0.24938464164733887,0.609375,3,6
12,1833,0.23512889491394165,0.282596230506897,0.6328125,3,7
12,1834,0.225994429551065,0.2456669807434082,0.66796875,2,3
12,1835,0.21916704624891284,0.2869911193847656,0.60546875,2,3
12,1836,0.24198461568448695,0.3089678883552551,0.61328125,2,3
12,1837,0.23053971631452444,0.2676560878753662,0.64453125,3,4
12,1838,0.25365388824138796,0.29449158906936646,0.64453125,2,2
12,1839,0.14793944358825684,0.14793944358825684,0.7265625,1,0
12,1840,0.2202565781772137,0.24730563163757324,0.65625,1,0
12,1841,0.23139208578504625,0.2814079523086548,0.62890625,3,3
12,1842,0.11664265068247917,0.4090481996536255,0.4140625,3,2
12,1843,0.2202565781772137,0.24730563163757324,0.65625,2,1
12,1844,0.2217756237369031,0.3329886198043823,0.56640625,3,7
12,1845,0.2169145988300443,0.2877209186553955,0.6015625,2,1
12,1846,0.17057981854304674,0.3700714707374573,0.484375,2,3
12,1847,0.2387612172169611,0.2836328148841858,0.63671875,3,5
12,1848,0.21269252803176647,0.3807642459869385,0.5234375,3,5
12,1849,0.226865838165395,0.2519637942314148,0.66015625,2,4
12,1850,0.19548635068349543,0.3499615788459778,0.5234375,3,5
12,1851,0.1474179888609797,0.31318676471710205,0.48828125,2,5
12,1852,0.18102334206923845,0.26787269115448,0.5703125,2,2
12,1853,0.26740133017301565,0.3641209602355957,0.59375,2,4
12,1854,0.22301066480576995,0.26803159713745117,0.6328125,3,6
12,1855,0.18472618423402312,0.19068509340286255,0.6875,2,1
12,1856,0.22974348813295367,0.28276121616363525,0.625,3,4
12,1857,0.20559200411662462,0.27628111839294434,0.59765625,2,4
12,1858,0.11935579776763916,0.11935579776763916,0.7109375,2,4
12,1859,0.17749904596712443,0.2211180329322815,0.62109375,1,1
12,1860,0.01563870906829834,0.01563870906829834,0.91796875,2,2
12,1861,0.1788946802262217,0.3800584077835083,0.48828125,3,7
12,1862,0.21947993966750803,0.28740084171295166,0.60546875,2,1
12,1863,0.2230177747551352,0.3557168245315552,0.55078125,3,2
12,1864,0.21935622068122032,0.28723883628845215,0.60546875,2,4
12,1865,0.1499124155379832,0.15632414817810059,0.68359375,1,1
12,1866,0.22175961406901482,0.28671950101852417,0.609375,2,3
12,1867,0.058312833309173584,0.058312833309173584,0.8046875,3,6
12,1868,0.14919868053402754,0.14949065446853638,0.69921875,3,6
12,1869,0.24024381721392277,0.2992818355560303,0.62109375,1,2
12,1870,0.13259971141815186,0.13259971141815186,0.7734375,3,7
12,1871,0.16163721866905692,0.35067057609558105,0.484375,3,6
12,1872,0.09090955473948271,0.2436947226524353,0.44921875,2,4
12,1873,0.21938990429043773,0.28728294372558594,0.60546875,4,6
12,1874,0.2018088654149324,0.2785071134567261,0.58984375,3,7
12,1875,0.17247419548220935,0.35181987285614014,0.49609375,4,7
12,1876,0.1370581751689315,0.2370736002922058,0.53125,1,2
12,1877,0.1255207657814026,0.1255207657814026,0.70703125,3,7
12,1878,0.050401513464748866,0.3395470380783081,0.359375,4,8
12,1879,0.12221321044489743,0.24929547309875488,0.49609375,3,6
12,1880,0.21160231763496998,0.2806745767593384,0.6015625,4,6
12,1881,0.19446663814596835,0.39668095111846924,0.49609375,3,8
12,1882,0.0831155776977539,0.0831155776977539,0.79296875,3,3
12,1883,0.012994825839996338,0.012994825839996338,0.91796875,2,2
12,1884,0.20608413266018036,0.2288830280303955,0.66015625,3,5
13,1807,0.20727105205878618,0.29396891593933105,0.58203125,1,3
13,1777,0.17860847897827628,0.29404354095458984,0.54296875,3,7
13,1885,0.1871424270793796,0.2939169406890869,0.5546875,3,6
13,1886,0.1526606467086822,0.1677301526069641,0.6640625,2,4
13,1887,0.18692359933629635,0.293573260307312,0.5546875,1,3
13,1888,0.10462813591584565,0.18408799171447754,0.52734375,3,5
13,1889,0.18713506450876596,0.2939053773880005,0.5546875,2,3
13,1890,0.1871424650307745,0.2939170002937317,0.5546875,1,1
13,1891,0.18720887997187677,0.2940213084220886,0.5546875,2,4
13,1892,0.18993533449247482,0.29379725456237793,0.55859375,1,2
13,1893,0.16179935750551525,0.25807249546051025,0.55078125,3,4
13,1894,0.16044170549139383,0.2599561810493469,0.546875,4,7
13,1895,0.18714094697497788,0.2939146161079407,0.5546875,1,2
13,1896,0.18714478006586435,0.293920636177063,0.5546875,3,3
13,1897,0.18706948449835184,0.2938023805618286,0.5546875,1,3
13,1898,0.0032480955123901367,0.0032480955123901367,0.984375,1,2
13,1899,0.20852604648098352,0.2877771854400635,0.58984375,1,3
13,1900,0.18713840423151853,0.2939106225967407,0.5546875,1,2
13,1901,0.1660675001330674,0.27786457538604736,0.5390625,3,3
13,1902,0.17494979873299601,0.2261977195739746,0.609375,3,6
13,1903,0.15096067101694646,0.16766130924224854,0.66015625,1,2
13,1904,0.18714068131521347,0.29391419887542725,0.5546875,1,2
13,1905,0.13805090915411714,0.2708125114440918,0.50390625,3,7
13,1906,0.18714090902358296,0.2939145565032959,0.5546875,1,2
13,1907,0.1871424270793796,0.2939169406890869,0.5546875,3,5
13,1908,0.1871424270793796,0.2939169406890869,0.5546875,3,4
13,1909,0.1870715718250722,0.29380565881729126,0.5546875,2,4
13,1910,0.18713889759965244,0.2939113974571228,0.5546875,1,0
13,1911,0.14736986160278323,0.2245635986328125,0.5625,3,7
13,1912,0.15102614532224837,0.1677340269088745,0.66015625,4,6
13,1913,0.1273212432861328,0.1273212432861328,0.72265625,1,2
13,1914,0.18697210121899846,0.29364943504333496,0.5546875,2,1
13,1915,0.1870881565846503,0.2938317060470581,0.5546875,1,2
13,1916,0.17590773710981014,0.29432928562164307,0.5390625,2,5
13,1917,0.18705593585036698,0.2937811017036438,0.5546875,3,4
13,1918,0.18515321239829066,0.28213822841644287,0.5625,1,3
13,1919,0.15605967340525242,0.2413974404335022,0.55859375,1,3
13,1920,0.1809885024558753,0.28867948055267334,0.55078125,4,8
13,1921,0.1844389610923827,0.29418301582336426,0.55078125,1,3
13,1922,0.18443343043327334,0.2941741943359375,0.55078125,3,6
13,1923,0.17731551500037315,0.2623859643936157,0.5703125,2,4
13,1924,0.18714303430169824,0.2939178943634033,0.5546875,2,4
13,1925,0.08952506585046652,0.39514511823654175,0.390625,3,6
13,1926,0.19592881784774366,0.2941805124282837,0.56640625,1,2
13,1927,0.187145387288183,0.2939215898513794,0.5546875,4,7
13,1802,0.22711196541786197,0.2795224189758301,0.625,1,3
13,1805,0.18554429383948448,0.2914069890975952,0.5546875,1,2
13,1928,0.11162418872117998,0.3247249126434326,0.4375,2,3
13,1929,0.16126793902367356,0.3289608955383301,0.49609375,2,0
13,1930,0.18594418768770996,0.2920350432395935,0.5546875,1,0
13,1931,0.18711476051248613,0.29387348890304565,0.5546875,3,2
13,1932,0.1345701027894393,0.2639842629432678,0.50390625,1,1
13,1933,0.1804409055039287,0.29235994815826416,0.546875,1,2
13,1934,0.18656647112220529,0.2975764274597168,0.55078125,3,5
13,1935,0.03650508052669467,0.36648237705230713,0.33984375,1,2
13,1936,0.18711403943598273,0.2938723564147949,0.5546875,1,3
13,1937,0.18385913874953988,0.2932581901550293,0.55078125,1,2
13,1938,0.18839518725872043,0.2870783805847168,0.5625,1,1
13,1939,0.19348620402161035,0.22984904050827026,0.63671875,4,6
13,1940,0.18711889721453193,0.29387998580932617,0.5546875,1,3
13,1941,0.1191487885080278,0.16011595726013184,0.59765625,1,2
13,1942,0.2075233520008624,0.26170432567596436,0.6171875,1,2
13,1943,0.18713901145383718,0.29391157627105713,0.5546875,1,1
13,1944,0.18719328194856646,0.29399681091308594,0.5546875,2,4
13,1945,0.18578710686415437,0.29178833961486816,0.5546875,1,1
13,1946,0.11086630448699,0.40257835388183594,0.41015625,1,1
13,1947,0.18493335228413346,0.290447473526001,0.5546875,1,0
13,1948,0.17078304989263418,0.3350226879119873,0.50390625,3,7
13,1949,0.18705270998179915,0.2937760353088379,0.5546875,1,1
13,1950,0.18807870335876944,0.2865961194038391,0.5625,1,0
13,1951,0.18493335228413346,0.290447473526001,0.5546875,2,0
13,1952,0.17209155112504962,0.21180498600006104,0.625,1,0
13,1953,0.1871358994394541,0.29390668869018555,0.5546875,1,0
13,1954,0.14424445631448182,0.16020208597183228,0.66015625,3,4
13,1955,0.14611134398728612,0.23304986953735352,0.55078125,2,4
13,1956,0.12966174678877,0.21008485555648804,0.546875,2,3
13,1957,0.08104211091995239,0.08104211091995239,0.75390625,2,3
13,1958,0.16879486129619184,0.22389370203018188,0.6015625,2,1
13,1959,0.0995941385626793,0.28972840309143066,0.4375,1,2
13,1960,0.08473877795040609,0.31901657581329346,0.40625,3,6
13,1961,0.1743150129914284,0.21454155445098877,0.625,1,0
13,1962,0.17297603841871026,0.2802649736404419,0.546875,1,2
13,1963,0.18713551992550495,0.2939060926437378,0.5546875,1,1
13,1964,0.1560850769747049,0.3315998315811157,0.48828125,2,1
13,1965,0.1819024253636599,0.22660350799560547,0.62109375,1,0
13,1966,0.04389190673828125,0.04389190673828125,0.8359375,2,4
13,1967,0.09231185913085938,0.09231185913085938,0.73828125,3,6
13,1853,0.21479391492903235,0.37153542041778564,0.53125,2,4
13,1824,0.21879130974411967,0.36608219146728516,0.5390625,3,4
13,1968,0.1882484229281545,0.3918015956878662,0.4921875,2,2
13,1969,0.12273879256099465,0.40283501148223877,0.421875,2,3
13,1970,0.11589629435911777,0.40643084049224854,0.4140625,2,5
13,1971,0.17043370893225077,0.2761457562446594,0.546875,3,7
13,1972,0.18923179036937657,0.29270899295806885,0.55859375,2,2
13,1973,0.0609281063079834,0.0609281063079834,0.79296875,3,3
13,1974,0.11419997899793091,0.4004821181297302,0.4140625,2,3
13,1975,0.2101502798032016,0.38290727138519287,0.51953125,1,1
13,1976,0.09974086284637451,0.09974086284637451,0.75390625,2,3
13,1977,0.18731814110651615,0.2897489070892334,0.55859375,2,2
13,1978,0.2184515597764403,0.3186529874801636,0.57421875,4,7
13,1979,0.17610868066549304,0.2683560848236084,0.5625,3,4
13,1980,0.16478976118378344,0.31133711338043213,0.51171875,2,3
13,1981,0.22744533768855038,0.31817489862442017,0.5859375,2,2
13,1982,0.09569062758237126,0.4049057960510254,0.39453125,5,10
13,1983,0.11558016249909998,0.18435215950012207,0.55078125,2,3
13,1984,0.06446488946676257,0.3837909698486328,0.3671875,4,8
13,1985,0.1550658375490457,0.16505968570709229,0.67578125,2,2
13,1986,0.20186465978622442,0.40372931957244873,0.5,4,7
13,1987,0.19147939258255067,0.25073516368865967,0.60546875,1,0
13,1988,0.06067526340484619,0.06067526340484619,0.79296875,3,2
13,1989,0.0984373912215233,0.3705878257751465,0.40625,3,3
13,1990,0.1603170242160559,0.380010724067688,0.46875,3,4
13,1991,0.15740122285205874,0.1641332507133484,0.68359375,1,1
13,1992,0.06532025057822469,0.3888833522796631,0.3671875,4,9
13,1993,0.2208105039317161,0.3088933825492859,0.5859375,2,1
13,1994,0.1526606467086822,0.1677301526069641,0.6640625,2,4
13,1995,0.14449855638667944,0.23412424325942993,0.546875,1,2
13,1996,0.049987733364105225,0.049987733364105225,0.8125,2,0
13,1997,0.0836073784157634,0.4238314628601074,0.37890625,3,4
13,1998,0.07318687438964844,0.07318687438964844,0.7265625,1,1
13,1999,0.19049835030455145,0.3351723551750183,0.52734375,4,6
13,2000,0.09713877772446723,0.23571115732192993,0.46484375,2,3
13,2001,0.15835001412779096,0.23775720596313477,0.56640625,2,3
13,2002,0.18354688072577122,0.29276013374328613,0.55078125,2,3
13,2003,0.075894040055573,0.28571873903274536,0.40625,2,3
13,2004,0.1938967099413276,0.2640295624732971,0.59375,4,8
13,2005,0.09034532308578491,0.09034532308578491,0.7578125,4,7
13,2006,0.1526606467086822,0.1677301526069641,0.6640625,2,5
13,2007,0.1505690426565707,0.2793164849281311,0.515625,3,6
13,2008,0.2087443666532636,0.2508852481842041,0.6328125,2,2
13,2009,0.15415154770016673,0.1623983383178711,0.6796875,1,0
13,2010,0.14784442679956558,0.1624385118484497,0.6640625,4,8
13,2011,0.21608616365119818,0.36155593395233154,0.5390625,2,4
13,2012,0.15098170866258445,0.1676846742630005,0.66015625,1,2
13,2013,0.18825650820508602,0.2912003993988037,0.55859375,2,3
13,2014,0.13246870040893555,0.13246870040893555,0.71875,2,2
13,2015,0.18086572736501697,0.18670010566711426,0.6875,3,3
13,2016,0.19305721076671037,0.28986889123916626,0.56640625,2,3
13,2017,0.1837654612027109,0.234633207321167,0.61328125,1,0
13,2018,0.18649080162867906,0.29289352893829346,0.5546875,3,5
13,2019,0.11387741565704346,0.11387741565704346,0.75,2,2
13,2020,0.18713130732066932,0.2938994765281677,0.5546875,4,6
13,2021,0.1812688717618585,0.2607012987136841,0.578125,3,6
13,2022,0.21850826824083927,0.3431786298751831,0.5546875,2,4
13,2023,0.1576825547963381,0.18516850471496582,0.640625,2,1
13,2024,0.1542615154758096,0.16768980026245117,0.66796875,3,7
13,2025,0.18428021622821691,0.2939298152923584,0.55078125,4,8
13,2026,0.09013739856891335,0.09594666957855225,0.67578125,3,4
13,2027,0.19383256277069452,0.3243211507797241,0.5390625,2,3
13,2028,0.16408882918767634,0.24281352758407593,0.5703125,2,3
14,2014,0.12478005886077881,0.12478005886077881,0.78515625,2,2
14,2029,0.11266601085662842,0.11266601085662842,0.78125,2,2
14,2030,0.046219825744628906,0.046219825744628906,0.84375,2,2
14,2031,0.05887502431869507,0.05887502431869507,0.8359375,2,2
14,2032,0.1367064118385315,0.1367064118385315,0.78125,2,3
14,2033,0.159759521484375,0.159759521484375,0.765625,2,2
14,2034,0.12899267673492432,0.12899267673492432,0.78515625,2,2
14,2035,0.12397801876068115,0.12397801876068115,0.78515625,2,1
14,2036,0.12478005886077881,0.12478005886077881,0.78515625,2,2
14,2037,0.12819945812225342,0.12819945812225342,0.78515625,2,2
14,2001,0.17244705813936892,0.23173987865447998,0.59765625,2,3
14,2038,0.08087831735610962,0.08087831735610962,0.77734375,2,2
14,2039,0.07256311783567072,0.35049355030059814,0.3828125,2,4
14,2040,0.13669678010046485,0.16238689422607422,0.63671875,2,3
14,2041,0.0868455171585083,0.0868455171585083,0.7578125,2,2
14,2042,0.1410658359527588,0.1410658359527588,0.7109375,2,2
14,2043,0.02522408962249756,0.02522408962249756,0.890625,1,0
14,2044,0.08505803346633911,0.08505803346633911,0.76953125,1,1
14,2045,0.002675354480743408,0.002675354480743408,0.94921875,2,4
14,2046,0.002978980541229248,0.002978980541229248,0.9765625,2,2
14,2047,0.029341816902160645,0.029341816902160645,0.87109375,2,2
14,1899,0.2590921092778445,0.2816457748413086,0.66796875,1,3
14,1807,0.26479130750522023,0.2878410816192627,0.66796875,1,3
14,2048,0.00976783037185669,0.00976783037185669,0.9375,1,0
14,2049,0.159759521484375,0.159759521484375,0.765625,2,3
14,2050,0.20427370909601453,0.23450255393981934,0.6484375,1,1
14,2051,0.22765401564538482,0.2870907783508301,0.6171875,1,2
14,2052,0.16163308173418048,0.27958154678344727,0.53125,2,3
14,2053,0.13649696111679077,0.13649696111679077,0.73828125,1,2
14,2054,0.23045433510560545,0.2870866656303406,0.62109375,1,0
14,2055,0.2304595025489107,0.2870931029319763,0.62109375,1,1
14,2056,0.20041157724335792,0.33532917499542236,0.5390625,2,3
14,2057,0.10877299052663149,0.12628519535064697,0.64453125,1,2
14,2058,0.15781915187835693,0.15781915187835693,0.76171875,1,1
14,2059,0.230459024081938,0.28709250688552856,0.62109375,1,1
14,2060,0.22190008219331506,0.2869011163711548,0.609375,1,2
14,2061,0.15831758407875898,0.19027841091156006,0.6328125,1,3
14,2062,0.15832585527095946,0.16852980852127075,0.67578125,2,4
14,2063,0.23047749290708455,0.28711551427841187,0.62109375,2,4
14,2064,0.22765401564538482,0.2870907783508301,0.6171875,3,5
14,2065,0.14931845862884077,0.19065099954605103,0.61328125,1,2
14,2066,0.1962494989857078,0.282246470451355,0.578125,2,4
14,2067,0.23575924662873152,0.28671908378601074,0.62890625,1,2
14,2068,0.18909975467249754,0.2246382236480713,0.63671875,2,4
14,2069,0.22765893116593364,0.2870969772338867,0.6171875,2,3
14,2070,0.2315107583999634,0.2718658447265625,0.640625,1,3
14,2071,0.22761960700154307,0.2870473861694336,0.6171875,1,1
14,2072,0.2413697654847056,0.2867316007614136,0.63671875,1,2
14,2073,0.22477364866063002,0.28699278831481934,0.61328125,1,2
14,2074,0.15974271297454834,0.15974271297454834,0.765625,2,3
14,2075,0.22485072154086086,0.2870911955833435,0.61328125,2,3
14,2076,0.23045667959377172,0.28708958625793457,0.62109375,2,2
14,2077,0.23046897619497034,0.28710490465164185,0.62109375,3,5
14,2078,0.23046600969973954,0.28710120916366577,0.62109375,1,2
14,2079,0.2304596939356998,0.2870933413505554,0.62109375,2,2
14,1978,0.2855917664710433,0.3137832283973694,0.6640625,4,7
14,1975,0.29290333064273005,0.3787032961845398,0.609375,1,1
14,2080,0.23117672558873897,0.42884957790374756,0.515625,3,5
14,2081,0.09830075432546438,0.13941824436187744,0.58203125,4,6
14,2082,0.17299415415618571,0.1963924765586853,0.65234375,2,4
14,2083,0.2709706113673747,0.2945582866668701,0.66796875,4,8
14,2084,0.24099107645452025,0.2896418571472168,0.6328125,3,4
14,2085,0.28582497523166245,0.3244842290878296,0.65234375,4,6
14,2086,0.05714726448059082,0.05714726448059082,0.8359375,2,2
14,2087,0.30177896702662116,0.4164712429046631,0.58984375,4,6
14,2088,0.29306138050742453,0.32548248767852783,0.66015625,3,5
14,2089,0.19153910875320435,0.19153910875320435,0.75390625,4,6
14,2090,0.27604110352694994,0.3970029354095459,0.578125,1,1
14,2091,0.24148135469295087,0.28686416149139404,0.63671875,1,1
14,2092,0.14754104614257812,0.14754104614257812,0.7734375,1,1
14,2093,0.16060888767242432,0.16060888767242432,0.765625,2,1
14,2094,0.21379917860031128,0.21379917860031128,0.7109375,4,7
14,2095,0.19647669792175293,0.19647669792175293,0.73828125,1,0
14,2096,0.2519660629332066,0.27102231979370117,0.671875,1,0
14,2097,0.18304528808221224,0.2596099376678467,0.58203125,2,3
14,2098,0.20129573345184326,0.20129573345184326,0.73828125,1,1
14,2099,0.09285297989845277,0.27011775970458984,0.4375,4,7
14,2022,0.27497257292270666,0.3384277820587158,0.625,2,4
14,2011,0.2863923395052553,0.35677099227905273,0.62109375,2,4
14,2100,0.09763526916503906,0.09763526916503906,0.7265625,2,4
14,2101,0.3015156834153459,0.36668890714645386,0.62890625,2,3
14,2102,0.28026262857019907,0.36235976219177246,0.609375,3,5
14,2103,0.147665245924145,0.15883320569992065,0.671875,2,5
14,2104,0.12749695777893066,0.12749695777893066,0.78515625,1,0
14,2105,0.159759521484375,0.159759521484375,0.765625,1,0
14,2106,0.2450038613751531,0.3625490665435791,0.5703125,2,3
14,2107,0.29501529131084686,0.32413697242736816,0.6640625,2,4
14,2108,0.23592769727110866,0.33004093170166016,0.5859375,2,4
14,2109,0.2026485800743103,0.2026485800743103,0.74609375,1,0
14,2110,0.20063024759292603,0.20063024759292603,0.73828125,1,0
14,2111,0.15260478481650355,0.36172986030578613,0.46875,3,6
14,1802,0.262348099029623,0.27356868982315063,0.68359375,1,3
14,1942,0.20969738380517813,0.25502389669418335,0.62890625,1,2
14,2112,0.23298816755414012,0.28675466775894165,0.625,1,1
14,2113,0.12035369873046875,0.12035369873046875,0.76171875,1,1
14,2114,0.24740179628133777,0.2606372833251953,0.6796875,4,5
14,2115,0.05679750442504883,0.05679750442504883,0.8359375,4,5
14,2116,0.15975505113601685,0.15975505113601685,0.765625,1,0
14,2117,0.2356767613673583,0.28661876916885376,0.62890625,2,4
14,2118,0.2276549136731774,0.2870919108390808,0.6171875,1,2
14,2119,0.15951144695281982,0.15951144695281982,0.765625,1,1
14,2120,0.23762837843969467,0.28560030460357666,0.6328125,1,1
14,2121,0.24396915361285212,0.2800722122192383,0.6484375,2,3
14,2122,0.23045830638147893,0.28709161281585693,0.62109375,1,1
14,2123,0.15971648693084717,0.15971648693084717,0.765625,1,3
14,2124,0.1399315595626831,0.1399315595626831,0.7109375,2,4
14,2125,0.11191219277679922,0.1345047950744629,0.6328125,1,3
14,2126,0.23327050730586055,0.2871021628379822,0.625,1,0
14,2127,0.1856902569998056,0.23132216930389404,0.62109375,1,2
14,2128,0.0,0.36681270599365234,0.25390625,1,2
14,2129,0.16202836646698418,0.16558587551116943,0.69140625,2,5
14,2130,0.23044644040055576,0.28707683086395264,0.62109375,1,1
14,2131,0.2392067210748792,0.2841620445251465,0.63671875,1,1
14,2132,0.23045280401129278,0.28708475828170776,0.62109375,1,2
14,2133,0.16891407826915386,0.23629510402679443,0.5859375,2,4
14,2134,0.12598967552185059,0.12598967552185059,0.72265625,1,2
14,2135,0.22730161063373092,0.28664636611938477,0.6171875,1,2
14,2136,0.1872084748465568,0.28957927227020264,0.55859375,4,6
14,2137,0.23045816284138712,0.2870914340019226,0.62109375,1,2
14,1981,0.2636264939792455,0.3131711483001709,0.63671875,2,2
14,1993,0.25872934423387056,0.3038289546966553,0.640625,2,1
14,2138,0.0,0.3811579942703247,0.1640625,2,2
14,2139,0.2672690411563963,0.2844942808151245,0.67578125,3,4
14,2140,0.2638512670528144,0.34550344944000244,0.60546875,3,4
14,2141,0.24682101281359795,0.2683064937591553,0.66796875,2,1
14,2142,0.22018379811197522,0.24722391366958618,0.65625,2,1
14,2143,0.159759521484375,0.159759521484375,0.765625,1,2
14,2144,0.1487454250454903,0.15999507904052734,0.671875,2,1
14,2145,0.1661555198952556,0.24947690963745117,0.56640625,4,7
14,2146,0.23318289965391162,0.2869943380355835,0.625,2,3
14,2147,0.26885715220123535,0.30187469720840454,0.65625,2,2
14,2148,0.2769260618370027,0.3449784517288208,0.62109375,2,2
14,2149,0.16954576969146729,0.16954576969146729,0.7578125,3,1
14,2150,0.2661879609804601,0.2804284691810608,0.6796875,2,3
14,2151,0.11237433983478697,0.2862470746040344,0.45703125,3,4
14,2152,0.05754387378692627,0.05754387378692627,0.8359375,3,3
14,2153,0.3074260308640078,0.31417590379714966,0.69140625,3,5
14,2154,0.21484637260437012,0.21484637260437012,0.70703125,2,3
14,2155,0.2324795199092478,0.382731556892395,0.54296875,2,4
14,2156,0.2599530818406493,0.2767068147659302,0.67578125,3,3
14,2157,0.23443246074020865,0.24199479818344116,0.6875,2,3
14,2158,0.2432800059905276,0.2536850571632385,0.68359375,2,1
14,2159,0.14000489120371643,0.23814785480499268,0.53515625,2,2
14,2160,0.14527267217636108,0.14527267217636108,0.76171875,2,2
14,2161,0.14973479509353638,0.14973479509353638,0.7109375,2,2
14,2162,0.2877590255811811,0.37205207347869873,0.609375,1,1
14,2163,0.3034260272979737,0.34832763671875,0.6484375,2,1
14,2164,0.10701934550888838,0.2726064920425415,0.45703125,3,7
14,2165,0.22735434770584106,0.22735434770584106,0.73828125,2,1
14,2166,0.15960431098937988,0.15960431098937988,0.765625,2,3
15,2143,0.15096670389175415,0.15096670389175415,0.703125,1,2
15,2105,0.15096670389175415,0.15096670389175415,0.703125,1,0
15,2167,0.08561384677886963,0.08561384677886963,0.70703125,1,1
15,2168,0.15096670389175415,0.15096670389175415,0.703125,1,0
15,2169,0.15096670389175415,0.15096670389175415,0.703125,1,2
15,2170,0.2061846507713199,0.23150557279586792,0.65625,3,3
15,2171,0.15096670389175415,0.15096670389175415,0.703125,1,0
15,2172,0.13009512424468994,0.13009512424468994,0.70703125,1,1
15,2173,0.15096670389175415,0.15096670389175415,0.703125,2,1
15,2174,0.15096670389175415,0.15096670389175415,0.703125,1,0
15,2175,0.05824434757232666,0.05824434757232666,0.828125,1,0
15,2176,0.099761962890625,0.099761962890625,0.7578125,2,2
15,2177,0.15096670389175415,0.15096670389175415,0.703125,1,0
15,2178,0.14745771884918213,0.14745771884918213,0.734375,1,3
15,2001,0.12684857728891077,0.2231837511062622,0.52734375,2,3
15,2042,0.10883863270282747,0.1339552402496338,0.625,2,2
15,2179,0.027972529176622643,0.3113464117050171,0.3359375,2,3
15,2180,0.07562148571014404,0.07562148571014404,0.80078125,1,0
15,2181,0.05954712629318237,0.05954712629318237,0.796875,2,2
15,2182,0.08647971285972746,0.09400767087936401,0.66796875,3,5
15,2183,0.016448140144348145,0.016448140144348145,0.90234375,1,0
15,2184,0.1028141190763563,0.13463127613067627,0.60546875,3,3
15,2185,0.0711864195764065,0.3796609044075012,0.375,3,4
15,2186,0.11425692192278804,0.24273669719696045,0.48828125,2,4
15,2187,0.07172119617462158,0.07172119617462158,0.8125,2,2
15,1802,0.24829996190965178,0.25891971588134766,0.68359375,1,3
15,2121,0.22150948888156566,0.26938921213150024,0.62890625,2,3
15,2188,0.06124770641326904,0.06124770641326904,0.81640625,1,1
15,2189,0.18671368248760703,0.26853203773498535,0.578125,1,1
15,2190,0.22194274421781304,0.2606300115585327,0.640625,2,2
15,2191,0.19723668624646964,0.27591580152511597,0.5859375,1,1
15,2192,0.15987783670425415,0.15987783670425415,0.7265625,1,1
15,2193,0.21227992163039747,0.26770275831222534,0.6171875,1,2
15,2194,0.19451686553657058,0.2514965534210205,0.609375,1,1
15,2195,0.15096670389175415,0.15096670389175415,0.703125,2,3
15,2196,0.19005714822560552,0.2206559181213379,0.64453125,1,2
15,2197,0.20520132116507742,0.26870352029800415,0.60546875,2,4
15,2198,0.17426438815891745,0.20944452285766602,0.6328125,1,1
15,2199,0.04844003915786743,0.04844003915786743,0.8359375,1,1
15,2200,0.19209894340019676,0.2515464425086975,0.60546875,1,1
15,2201,0.1971478059422225,0.2757914662361145,0.5859375,1,1
15,2202,0.19476435659453276,0.2724572420120239,0.5859375,1,0
15,2203,0.1946783600142226,0.27610892057418823,0.58203125,2,2
15,2204,0.1966290534473956,0.2750657796859741,0.5859375,1,1
15,2205,0.19412508863024416,0.2753242254257202,0.58203125,1,1
15,1807,0.23095990729052576,0.2743653655052185,0.63671875,1,3
15,1899,0.2194140299689025,0.2668408155441284,0.62890625,1,3
15,2206,0.033827126026153564,0.033827126026153564,0.87890625,1,4
15,2207,0.24605009704828265,0.26465892791748047,0.671875,1,3
15,2208,0.1946748718619347,0.2761039733886719,0.58203125,2,4
15,2209,0.1946980701759458,0.2761368751525879,0.58203125,1,1
15,2210,0.19458279304672035,0.275973379611969,0.58203125,2,3
15,2211,0.13782978057861328,0.13782978057861328,0.71484375,1,3
15,2212,0.1946820162702352,0.2761141061782837,0.58203125,1,0
15,2213,0.11629336047917606,0.1305750012397766,0.65625,1,2
15,2214,0.194674241472967,0.27610307931900024,0.58203125,1,1
15,2215,0.19470176845788958,0.2761421203613281,0.58203125,1,1
15,2216,0.1973769944161177,0.27611207962036133,0.5859375,1,2
15,2217,0.12110568443313242,0.13026493787765503,0.671875,1,3
15,2218,0.19469193438999358,0.2761281728744507,0.58203125,1,1
15,2219,0.18082814663648608,0.26758384704589844,0.5703125,1,2
15,2220,0.19721615687012675,0.30505943298339844,0.55859375,1,2
15,2221,0.15096670389175415,0.15096670389175415,0.703125,1,2
15,2222,0.19470496242865923,0.27614665031433105,0.58203125,1,0
15,2223,0.23538551770616326,0.2672225832939148,0.65234375,1,3
15,2224,0.19470782019197944,0.2761507034301758,0.58203125,1,2
15,2225,0.1901473845355213,0.2522162199020386,0.6015625,1,3
15,2226,0.20988788688555363,0.24647384881973267,0.640625,1,2
15,2227,0.2157076185103506,0.2754172086715698,0.61328125,1,2
15,2228,0.15336507931351664,0.2524852752685547,0.54296875,1,3
15,2229,0.18791196180973205,0.22322720289230347,0.63671875,1,3
15,2230,0.19495842081960293,0.27650612592697144,0.58203125,1,3
15,2231,0.18152945721521976,0.27256035804748535,0.56640625,1,1
15,2232,0.19470176845788958,0.2761421203613281,0.58203125,1,2
15,2233,0.19467407336924228,0.27610284090042114,0.58203125,1,2
15,2083,0.2326498014153913,0.27637284994125366,0.63671875,4,8
15,2150,0.20833216141909364,0.26935875415802,0.609375,2,3
15,2234,0.194700927939266,0.2761409282684326,0.58203125,2,4
15,2235,0.05157440900802612,0.05157440900802612,0.83984375,4,6
15,2236,0.1549842357635498,0.1549842357635498,0.7109375,1,0
15,2237,0.1221579909324646,0.1221579909324646,0.7578125,4,8
15,2238,0.05680900812149048,0.05680900812149048,0.8203125,2,2
15,2239,0.10596743435598913,0.2039673924446106,0.5078125,1,1
15,2240,0.2043009853223339,0.27454620599746704,0.59765625,3,4
15,2241,0.22949930140748623,0.24685639142990112,0.671875,2,2
15,2242,0.22010291740298274,0.22720301151275635,0.6875,4,7
15,2243,0.15705239237286153,0.21970170736312866,0.5859375,4,7
15,2244,0.09122335910797119,0.09122335910797119,0.8046875,4,6
15,2245,0.14458579593338075,0.1717585325241089,0.63671875,5,8
15,2246,0.17373886110726747,0.19723790884017944,0.65234375,4,8
15,2247,0.14450347423553467,0.14450347423553467,0.72265625,1,1
15,2248,0.19601453607901934,0.2086474895477295,0.67578125,1,0
15,2249,0.22204261086881164,0.26686811447143555,0.6328125,4,8
15,2250,0.19470697967335585,0.2761495113372803,0.58203125,2,2
15,2251,0.19470697967335585,0.2761495113372803,0.58203125,1,0
15,2252,0.18447015620768073,0.19042080640792847,0.6875,4,5
15,2101,0.22716248279903087,0.35138124227523804,0.55859375,2,3
15,2107,0.2759808925911785,0.3098732829093933,0.65625,2,4
15,2253,0.14004508079960945,0.26956045627593994,0.5078125,2,4
15,2254,0.24928051652386787,0.35851579904556274,0.578125,3,3
15,2255,0.20118714286945763,0.3539787530899048,0.52734375,2,2
15,2256,0.028142929077148438,0.028142929077148438,0.83984375,3,4
15,2257,0.23667072271928194,0.26285338401794434,0.66015625,1,1
15,2258,0.20302608981728557,0.2624983787536621,0.609375,2,2
15,2259,0.1509155035018921,0.1509155035018921,0.703125,3,5
15,2260,0.22665283910464498,0.3505929112434387,0.55859375,2,3
15,2261,0.1483288034796715,0.15311360359191895,0.6875,2,5
15,2262,0.09601430059410634,0.39015334844589233,0.3984375,2,3
15,2263,0.2393257501535118,0.2601587772369385,0.66796875,2,4
15,2264,0.1518096923828125,0.1518096923828125,0.703125,2,3
15,2265,0.03440093994140625,0.03440093994140625,0.85546875,2,2
15,2266,0.17311117798089984,0.26378846168518066,0.5625,2,2
15,2267,0.19513056520372632,0.20988833904266357,0.671875,2,2
15,2268,0.11254866304807368,0.38162195682525635,0.41796875,2,3
15,2269,0.20034337195102128,0.35249418020248413,0.52734375,1,2
15,2270,0.21725845336914062,0.21725845336914062,0.70703125,2,3
15,2271,0.25007969560101634,0.3193037509918213,0.61328125,2,3
15,2272,0.19197881547734144,0.268560528755188,0.5859375,1,0
15,2273,0.18533362878952178,0.286679208278656,0.55859375,2,3
15,2274,0.15077757835388184,0.15077757835388184,0.70703125,1,2
15,2153,0.24415555223822596,0.3004991412162781,0.625,3,5
15,2163,0.23857731884345415,0.3337475061416626,0.5859375,2,1
15,2275,0.2228802861645818,0.3611224889755249,0.546875,3,5
15,2276,0.10712592769414189,0.3756744861602783,0.4140625,4,5
15,2277,0.04980814456939697,0.04980814456939697,0.80859375,3,5
15,2278,0.2429363010451198,0.27277058362960815,0.65625,4,7
15,2279,0.18986262416001412,0.22043007612228394,0.64453125,1,1
15,2280,0.06820064783096313,0.06820064783096313,0.80859375,3,6
15,2281,0.19467268651351335,0.27610087394714355,0.58203125,4,7
15,2282,0.23525319853797558,0.312045693397522,0.6015625,4,6
15,2283,0.2507469970732928,0.30136728286743164,0.6328125,2,2
15,2284,0.1609061360359192,0.1609061360359192,0.70703125,2,1
15,2285,0.23502603988163176,0.2728646993637085,0.64453125,3,5
15,2286,0.15038824081420898,0.15038824081420898,0.71484375,4,6
15,2287,0.08644323702901605,0.3815425634384155,0.390625,4,6
15,2288,0.131432605907321,0.13431835174560547,0.69140625,2,3
15,2289,0.16185581800527873,0.3749781847000122,0.47265625,3,3
15,2290,0.1487796697765589,0.35266292095184326,0.46875,3,5
15,2291,0.11287516355514526,0.11287516355514526,0.7109375,2,2
15,2292,0.0757097061723471,0.38379573822021484,0.37890625,4,3
15,2293,0.1509721875190735,0.1509721875190735,0.703125,4,6
15,2294,0.10521381301805378,0.11317116022109985,0.671875,2,1
15,2295,0.20533990021795037,0.24113309383392334,0.640625,1,0
15,2296,0.2096174175385386,0.24901187419891357,0.63671875,3,4
15,2297,0.17804893897846344,0.37057340145111084,0.4921875,3,6
15,2298,0.17282708687707785,0.28002363443374634,0.546875,4,6
15,2299,0.09749159216880801,0.39615631103515625,0.3984375,3,6
15,2300,0.07494012638926509,0.3996806740760803,0.375,2,4
15,2301,0.24150465475395325,0.34733253717422485,0.578125,2,1
15,2302,0.15095502138137817,0.15095502138137817,0.703125,3,5
16,2001,0.15295708738267424,0.23307746648788452,0.5625,2,3
16,2186,0.15070832055062058,0.2521655559539795,0.5390625,2,4
16,2303,0.07527868647594008,0.4235460162162781,0.37109375,3,4
16,2304,0.13417724613100293,0.1803116798400879,0.59765625,3,4
16,2305,0.07897341251373291,0.07897341251373291,0.7734375,3,4
16,2306,0.13229100778698924,0.384846568107605,0.4375,3,4
16,2307,0.1631300449371338,0.1631300449371338,0.72265625,2,3
16,2308,0.04117083549499512,0.04117083549499512,0.8046875,1,1
16,2309,0.1233521376270801,0.3693350553512573,0.43359375,2,4
16,2310,0.24846440611872825,0.3095225691795349,0.62109375,2,4
16,2170,0.21807041577994826,0.2448509931564331,0.65625,3,3
16,2236,0.16758811473846436,0.16758811473846436,0.72265625,1,0
16,2311,0.21807041577994826,0.2448509931564331,0.65625,3,2
16,2312,0.11171948909759521,0.11171948909759521,0.734375,1,0
16,2313,0.08191937208175659,0.08191937208175659,0.75390625,4,4
16,2314,0.07309543259907517,0.4112622141838074,0.37109375,4,4
16,2315,0.17645931243896484,0.17645931243896484,0.71484375,3,2
16,2316,0.20581374107860032,0.21682435274124146,0.6796875,1,0
16,2317,0.2229163991287351,0.281116247177124,0.6171875,4,4
16,2318,0.22200137388426813,0.2520281672477722,0.65234375,2,2
16,2319,0.16644567251205444,0.16644567251205444,0.72265625,2,1
16,2320,0.13780570030212402,0.13780570030212402,0.7265625,4,4
16,2321,0.22588419914245608,0.2780113220214844,0.625,3,3
16,2322,0.21131759847048673,0.21173113584518433,0.69921875,2,1
16,1807,0.23805927683133635,0.28951627016067505,0.62890625,1,3
16,1899,0.24072469118982556,0.28268587589263916,0.640625,1,3
16,2323,0.23819898860529068,0.2617121934890747,0.6640625,1,2
16,2324,0.2020602389238775,0.25171494483947754,0.62109375,1,3
16,2325,0.07378643401898446,0.4151500463485718,0.37109375,2,4
16,2326,0.2299790568649769,0.2900228500366211,0.6171875,1,2
16,2327,0.1405436443164945,0.19395780563354492,0.58984375,1,3
16,2328,0.21377477562054994,0.24540960788726807,0.6484375,1,2
16,2329,0.22142630605958405,0.28994953632354736,0.60546875,1,2
16,2330,0.07568928133696319,0.20834898948669434,0.4453125,1,2
16,2331,0.14480709400959316,0.19459640979766846,0.59765625,2,3
16,2332,0.13201146398205313,0.33626800775527954,0.45703125,1,3
16,2333,0.14444529230240735,0.3201557993888855,0.48046875,1,3
16,2334,0.15781543683260682,0.20933032035827637,0.6015625,1,3
16,2335,0.13222635048441592,0.27520281076431274,0.4921875,2,3
16,2336,0.17806554841808978,0.24574005603790283,0.58984375,1,2
16,2337,0.22999323625117543,0.2900407314300537,0.6171875,1,2
16,2338,0.21398534625768664,0.26336658000946045,0.625,1,2
16,2339,0.18578690360300246,0.33851563930511475,0.51953125,2,3
16,2340,0.009523153305053711,0.009523153305053711,0.90234375,1,2
16,2341,0.10245929134543987,0.11379426717758179,0.66015625,1,2
16,2342,0.19904225878417495,0.2710362672805786,0.59375,1,2
16,2343,0.21664704801514748,0.28736603260040283,0.6015625,1,2
16,2344,0.24365284643135968,0.27660810947418213,0.65234375,1,3
16,2345,0.2021204419434071,0.3079930543899536,0.5625,1,3
16,2083,0.23055598197970542,0.2943757176399231,0.61328125,4,8
16,2249,0.21428663330152634,0.2842351198196411,0.6015625,4,8
16,2346,0.19674951536580923,0.2284257411956787,0.64453125,4,8
16,2347,0.2389870758634061,0.28723329305648804,0.6328125,3,3
16,2348,0.2291074972599745,0.2889237403869629,0.6171875,4,7
16,2349,0.1677623596042395,0.22252416610717773,0.6015625,3,7
16,2350,0.26399525161832577,0.3172900676727295,0.6328125,1,1
16,2351,0.17081090912688526,0.24225813150405884,0.58203125,4,7
16,2352,0.23899377835914495,0.2839090824127197,0.63671875,4,7
16,2353,0.22717219777405265,0.2900552749633789,0.61328125,4,7
16,2354,0.16649373422842476,0.17722409963607788,0.67578125,2,2
16,2355,0.2353091253899038,0.2671358585357666,0.65234375,3,4
16,2356,0.16232889890670776,0.16232889890670776,0.71484375,4,9
16,2357,0.22717630583792928,0.29006052017211914,0.61328125,3,4
16,2358,0.15375149250030518,0.15375149250030518,0.72265625,4,7
16,2359,0.24792603438254449,0.2695077061653137,0.66796875,3,6
16,2360,0.13958510861266407,0.2738221287727356,0.50390625,4,8
16,2361,0.2590277541894466,0.30770814418792725,0.63671875,4,9
16,2362,0.1422426700592041,0.1422426700592041,0.71875,4,6
16,2363,0.17969731776975098,0.28662002086639404,0.55078125,4,7
16,2364,0.22714218089822683,0.29001694917678833,0.61328125,3,3
16,2365,0.13827335834503174,0.13827335834503174,0.7109375,4,9
16,2366,0.2296855908352882,0.2896527647972107,0.6171875,4,7
16,2367,0.26343759871087974,0.2775309681892395,0.6796875,4,6
16,1802,0.25072130141779786,0.2754706144332886,0.6640625,1,3
16,2207,0.2670527533628047,0.28133952617645264,0.6796875,1,3
16,2368,0.2305964876431972,0.28726375102996826,0.62109375,2,2
16,2369,0.22716724942438307,0.2900489568710327,0.61328125,1,1
16,2370,0.22522182553075257,0.28402358293533325,0.6171875,2,3
16,2371,0.15724446275271478,0.2588719129562378,0.54296875,2,3
16,2372,0.22970104636624458,0.28967225551605225,0.6171875,2,3
16,2373,0.18139602220617237,0.25033628940582275,0.58984375,1,3
16,2374,0.18952967505902055,0.27646493911743164,0.57421875,2,3
16,2375,0.23640980478376153,0.2683854103088379,0.65234375,1,3
16,2376,0.22999947518110278,0.29004859924316406,0.6171875,1,2
16,2377,0.22917083185166123,0.2890036106109619,0.6171875,1,1
16,2378,0.22981807356700304,0.2898198366165161,0.6171875,1,1
16,2379,0.22829170990735295,0.28789496421813965,0.6171875,1,1
16,2380,0.15200915222521874,0.2282366156578064,0.56640625,2,3
16,2381,0.2296141739934683,0.2895627021789551,0.6171875,2,4
16,2382,0.22998543758876624,0.29003089666366577,0.6171875,2,2
16,2383,0.1630057692527771,0.1630057692527771,0.72265625,2,3
16,2384,0.22941363020800057,0.2893097996711731,0.6171875,1,2
16,2385,0.22941859299317005,0.2893160581588745,0.6171875,2,3
16,2386,0.22716463520191613,0.2900456190109253,0.61328125,1,1
16,2387,0.16337203979492188,0.16337203979492188,0.72265625,1,0
16,2388,0.21445061964914205,0.2671501636505127,0.62109375,1,3
16,2389,0.22716356150340292,0.29004424810409546,0.61328125,1,1
16,2390,0.19021345768123868,0.2590140700340271,0.59375,1,3
16,2391,0.22979543381370607,0.2897912859916687,0.6171875,1,2
16,2283,0.24406426493078473,0.3155578374862671,0.609375,2,2
16,2153,0.25659763067960745,0.31581246852874756,0.625,3,5
16,2392,0.06969714537262918,0.3717181086540222,0.375,2,2
16,2393,0.21133291185833517,0.3319093585014343,0.5546875,2,1
16,2394,0.19779454986564818,0.20013993978500366,0.6953125,2,2
16,2395,0.22130615590140226,0.265982985496521,0.6328125,2,2
16,2396,0.054725587368011475,0.054725587368011475,0.796875,4,7
16,2397,0.27430275734514004,0.30798906087875366,0.65625,3,4
16,2398,0.2198033395688981,0.22920429706573486,0.68359375,3,5
16,2399,0.2713912064209581,0.3553767204284668,0.60546875,2,2
16,2400,0.16792598040774467,0.17161297798156738,0.69140625,2,4
16,2401,0.22623634035699072,0.2751377820968628,0.62890625,4,6
16,2402,0.17459956835955384,0.31256985664367676,0.5234375,4,6
16,2403,0.21131383802276107,0.26324254274368286,0.62109375,3,5
16,2404,0.2605916218599305,0.295837938785553,0.65234375,2,3
16,2405,0.13197998539544645,0.15151065587997437,0.6484375,2,1
16,2406,0.2246204225812108,0.37583547830581665,0.5390625,3,2
16,2407,0.20236405543982985,0.20889192819595337,0.6875,3,2
16,2408,0.20343389455229047,0.2630256414413452,0.609375,3,4
16,2409,0.1536541085224599,0.355976939201355,0.47265625,4,6
16,2410,0.23190138395875695,0.3200364112854004,0.58984375,3,5
16,2411,0.216046424000524,0.3341866135597229,0.55859375,2,3
16,2412,0.2617436232976616,0.33008062839508057,0.6171875,4,6
16,2413,0.14059628674294802,0.39770883321762085,0.44140625,2,3
16,2414,0.09512889385223389,0.09512889385223389,0.7421875,3,2
16,2415,0.22772440779954198,0.2769474983215332,0.62890625,2,2
16,2416,0.18663074076175692,0.22969937324523926,0.625,2,2
16,2417,0.18127519218251112,0.33627861738204956,0.515625,3,2
16,2107,0.2735684702638537,0.32498157024383545,0.63671875,2,4
16,2271,0.2688543240074069,0.3349231481552124,0.62109375,2,3
16,2418,0.15312445163726807,0.15312445163726807,0.72265625,2,2
16,2419,0.13954982534050944,0.1440514326095581,0.6875,2,4
16,2420,0.16917534219101074,0.17822587490081787,0.6796875,1,1
16,2421,0.1611325740814209,0.1611325740814209,0.72265625,4,4
16,2422,0.08637464046478271,0.08637464046478271,0.765625,3,3
16,2423,0.11430025100708008,0.11430025100708008,0.734375,3,2
16,2424,0.25972400442697113,0.3584331274032593,0.58984375,1,2
16,2425,0.11274135112762451,0.11274135112762451,0.73046875,2,4
16,2426,0.2066711187362671,0.2066711187362671,0.7109375,1,0
16,2427,0.28418330941349274,0.3337198495864868,0.640625,2,4
16,2428,0.11904829926788808,0.367185115814209,0.4296875,2,4
16,2429,0.10743474960327148,0.10743474960327148,0.71875,2,4
16,2430,0.1251207436434925,0.41065269708633423,0.421875,2,3
16,2431,0.2353919593151659,0.28627240657806396,0.62890625,2,5
16,2432,0.0,0.3956977128982544,0.14453125,2,3
16,2433,0.20945540769025686,0.3393707871437073,0.546875,2,5
16,2434,0.22717630583792928,0.29006052017211914,0.61328125,2,5
16,2435,0.13343184068799022,0.38816535472869873,0.4375,4,5
16,2436,0.2070014476776123,0.2070014476776123,0.7109375,2,2
16,2437,0.2555601596832276,0.3035888671875,0.63671875,2,2
16,2438,0.16246575117111206,0.16246575117111206,0.72265625,2,2
17,2321,0.20405233278870585,0.2778584957122803,0.59375,3,3
17,2317,0.2035465752705932,0.28090524673461914,0.58984375,4,4
17,2439,0.20105997682549062,0.2701908349990845,0.59765625,3,2
17,2440,0.20405233278870585,0.2778584957122803,0.59375,3,2
17,2441,0.20405233278870585,0.2778584957122803,0.59375,3,3
17,2442,0.20405233278870585,0.2778584957122803,0.59375,3,2
17,2443,0.14542792271822694,0.15320801734924316,0.6796875,2,0
17,2444,0.14898123079910877,0.16194987297058105,0.66796875,4,3
17,2445,0.19280015793628993,0.2344743013381958,0.62890625,3,2
17,2446,0.17115240835119042,0.2081473469734192,0.62890625,3,2
17,2447,0.149469273746945,0.2629837393760681,0.52734375,5,6
17,2448,0.005050778388977051,0.005050778388977051,0.9140625,3,2
17,2449,0.20421854057349267,0.28963959217071533,0.58203125,3,3
17,2450,0.20421854057349267,0.28963959217071533,0.58203125,4,5
17,2451,0.1604290887480602,0.30309849977493286,0.51171875,3,4
17,2344,0.21797497756779197,0.2748847007751465,0.6171875,1,3
17,1899,0.23975045979022983,0.2815418243408203,0.640625,1,3
17,2452,0.13787035387940708,0.19553911685943604,0.58203125,1,2
17,2453,0.16657292470335963,0.26989030838012695,0.546875,1,2
17,2454,0.20365955680608752,0.25065791606903076,0.625,1,3
17,2455,0.20113991526886824,0.28927987813949585,0.578125,2,5
17,2456,0.15071676322259012,0.1587797999382019,0.6796875,1,3
17,2457,0.19448864483274522,0.2877982258796692,0.5703125,1,3
17,2458,0.20029611838981512,0.2880663275718689,0.578125,1,2
17,2459,0.15797529928386214,0.24072426557540894,0.5625,1,2
17,2460,0.19354949332773688,0.28232860565185547,0.57421875,1,2
17,2461,0.21033173752948645,0.290269136428833,0.58984375,2,3
17,2462,0.20399391197133812,0.28932100534439087,0.58203125,1,2
17,2463,0.1717727922368795,0.2921849489212036,0.53515625,1,3
17,2464,0.20720451232045892,0.2433227300643921,0.640625,1,2
17,2465,0.222328525967896,0.29490208625793457,0.6015625,1,2
17,2466,0.20423508994281295,0.2293165922164917,0.65625,1,2
17,2467,0.2027013539336622,0.29152554273605347,0.578125,1,3
17,2468,0.18483110237866643,0.25507688522338867,0.58984375,1,3
17,2469,0.1950173964723945,0.28858065605163574,0.5703125,1,2
17,2470,0.20420051144901666,0.2896140217781067,0.58203125,2,3
17,2471,0.2042034952901304,0.28961825370788574,0.58203125,2,2
17,2310,0.1985088777728379,0.30705904960632324,0.55859375,2,4
17,2307,0.1499480218626559,0.16300082206726074,0.66796875,2,3
17,2472,0.0702553391456604,0.0702553391456604,0.76953125,2,3
17,2473,0.05721092224121094,0.05721092224121094,0.81640625,2,4
17,2474,0.06281518936157227,0.06281518936157227,0.7734375,3,5
17,2475,0.05721092224121094,0.05721092224121094,0.81640625,2,2
17,2476,0.057477593421936035,0.057477593421936035,0.81640625,1,0
17,2477,0.13156249001622203,0.13580644130706787,0.6875,2,4
17,2478,0.17214821081142875,0.20935839414596558,0.62890625,2,5
17,2479,0.14856637967750433,0.1632317304611206,0.6640625,2,3
17,2480,0.03806948661804199,0.03806948661804199,0.8125,2,4
17,2481,0.05901932716369629,0.05901932716369629,0.8125,2,2
17,2482,0.12004894018173218,0.12004894018173218,0.703125,2,4
17,2350,0.23543570854235443,0.31638604402542114,0.59765625,1,1
17,2367,0.21173134399577978,0.2772543430328369,0.60546875,4,6
17,2483,0.20421854057349267,0.28963959217071533,0.58203125,1,1
17,2484,0.16596120712347331,0.173059344291687,0.68359375,5,11
17,2485,0.2257373684551567,0.2812105417251587,0.62109375,4,8
17,2486,0.1485660541802645,0.16323137283325195,0.6640625,3,5
17,2487,0.20421854057349267,0.28963959217071533,0.58203125,3,6
17,2488,0.11773894075304271,0.37442445755004883,0.42578125,1,0
17,2489,0.12534909881651404,0.13482928276062012,0.671875,4,6
17,2490,0.20421854057349267,0.28963959217071533,0.58203125,4,6
17,2491,0.20421854057349267,0.28963959217071533,0.58203125,1,1
17,2492,0.21926592290401462,0.2698657512664795,0.625,4,6
17,2493,0.20421854057349267,0.28963959217071533,0.58203125,4,6
17,2494,0.20412431843578818,0.2895059585571289,0.58203125,5,8
17,2495,0.14296893239952627,0.18254387378692627,0.61328125,4,9
17,2496,0.20420996728353205,0.28962743282318115,0.58203125,3,6
17,2497,0.2063937275670469,0.2602797746658325,0.6171875,3,5
17,2498,0.20117224892601374,0.28531908988952637,0.58203125,2,4
17,2499,0.20421854057349267,0.28963959217071533,0.58203125,3,2
17,2500,0.20421854057349267,0.28963959217071533,0.58203125,3,3
17,2501,0.199389616958797,0.2867625951766968,0.578125,3,4
17,2502,0.22051111224573108,0.2815503478050232,0.61328125,3,6
17,2503,0.1759577800985426,0.2721763849258423,0.55859375,2,4
17,2504,0.06249034404754639,0.06249034404754639,0.796875,4,8
17,2505,0.05721092224121094,0.05721092224121094,0.81640625,4,7
17,2506,0.14829046651721003,0.16292858123779297,0.6640625,4,5
17,2507,0.12426292896270753,0.12957763671875,0.68359375,4,7
17,2207,0.22526445169933143,0.28062140941619873,0.62109375,1,3
17,1802,0.20510109141469005,0.2756214141845703,0.59765625,1,3
17,2508,0.2042086224537343,0.28962552547454834,0.58203125,1,1
17,2509,0.20418576034717265,0.2895931005477905,0.58203125,1,2
17,2510,0.204166176263243,0.2895653247833252,0.58203125,1,1
17,2511,0.2057784413918853,0.28786492347717285,0.5859375,1,2
17,2512,0.2041485253721476,0.28954029083251953,0.58203125,2,2
17,2513,0.19117965921759608,0.2711467742919922,0.58203125,1,3
17,2514,0.19119565060827884,0.2788950800895691,0.57421875,1,1
17,2515,0.15702998731285336,0.2671074867248535,0.53515625,1,1
17,2516,0.20412112446501854,0.289501428604126,0.58203125,1,1
17,2517,0.20419740153010937,0.2896096110343933,0.58203125,2,1
17,2518,0.18152610911056402,0.2289196252822876,0.6171875,1,3
17,2519,0.23474546079523864,0.2788623571395874,0.63671875,1,3
17,2520,0.15006792545318604,0.15006792545318604,0.703125,1,3
17,2521,0.20645803352817896,0.24813735485076904,0.6328125,1,1
17,2522,0.15892891027033332,0.17094874382019043,0.671875,1,2
17,2523,0.19111634418368342,0.26735401153564453,0.5859375,2,2
17,2524,0.10961681487970056,0.3716808557510376,0.41796875,2,3
17,2525,0.20321664237417283,0.28821861743927,0.58203125,1,1
17,2526,0.15200489014387134,0.15690827369689941,0.6875,1,2
17,2527,0.06098669767379761,0.06098669767379761,0.7890625,1,4
17,2528,0.14854554785415533,0.16320884227752686,0.6640625,1,2
17,2397,0.23478340473957363,0.3074401617050171,0.60546875,3,4
17,2399,0.20736272155772897,0.35272330045700073,0.53515625,2,2
17,2529,0.20824502315372231,0.30376482009887695,0.57421875,3,5
17,2530,0.17431783373467627,0.3703349828720093,0.48828125,2,3
17,2531,0.19109183759428564,0.2218571901321411,0.64453125,4,6
17,2532,0.14251154556404802,0.17331570386886597,0.62890625,2,2
17,2533,0.2176814819686115,0.2887381315231323,0.6015625,3,5
17,2534,0.181445601512678,0.24383240938186646,0.59765625,4,6
17,2535,0.1837698454037309,0.2041001319885254,0.66015625,3,5
17,2536,0.1461107023060322,0.1508239507675171,0.6875,2,2
17,2537,0.1852124631404877,0.37042492628097534,0.5,4,6
17,2538,0.201545738382265,0.342828631401062,0.53515625,5,7
17,2539,0.20574976713396612,0.27291160821914673,0.6015625,2,4
17,2540,0.09410715103149414,0.09410715103149414,0.73828125,4,6
17,2541,0.19613120611757043,0.3638375997543335,0.515625,2,3
17,2542,0.1340708686038852,0.15744102001190186,0.640625,3,3
17,2543,0.22097215766552838,0.3418058753013611,0.55859375,4,5
17,2544,0.22713995911180976,0.3461180329322815,0.5625,1,1
17,2545,0.16746935946866873,0.225050687789917,0.59765625,2,2
17,2546,0.2013226663693786,0.2816317081451416,0.5859375,3,5
17,2547,0.21524463198147717,0.3052777051925659,0.58203125,4,6
17,2548,0.12356717325747014,0.3699789047241211,0.43359375,4,6
17,2549,0.0627134805545211,0.2768043279647827,0.390625,1,2
17,2550,0.1485660541802645,0.16323137283325195,0.6640625,4,6
17,2551,0.21136680804193023,0.3039882183074951,0.578125,2,2
17,2552,0.22071178699843588,0.34140312671661377,0.55859375,3,3
17,2553,0.13849830301478508,0.15055441856384277,0.66796875,3,4
17,2427,0.2278161803260446,0.33231306076049805,0.57421875,2,4
17,2107,0.22521846322342756,0.3239096999168396,0.578125,2,4
17,2554,0.08677462558262052,0.20103442668914795,0.47265625,2,3
17,2555,0.1919284509494901,0.2334141731262207,0.62890625,2,2
17,2556,0.2264976277947426,0.32574939727783203,0.578125,2,3
17,2557,0.15113390190526846,0.1660526990890503,0.6640625,2,3
17,2558,0.22207109909504655,0.30239468812942505,0.59375,2,4
17,2559,0.19939783937297764,0.26448625326156616,0.6015625,3,3
17,2560,0.1438460350036621,0.1438460350036621,0.71875,2,2
17,2561,0.18444771156646314,0.24152743816375732,0.60546875,2,3
17,2562,0.23756319470703605,0.3151097297668457,0.6015625,2,3
17,2563,0.13373019080609086,0.35848093032836914,0.44921875,2,2
17,2564,0.23556382395327094,0.32076776027679443,0.59375,2,4
17,2565,0.08728432655334473,0.08728432655334473,0.734375,2,2
17,2566,0.18272391438949856,0.21214205026626587,0.64453125,2,3
17,2567,0.20024538040161136,0.272674560546875,0.59375,2,3
17,2568,0.2168871886096895,0.34593844413757324,0.55078125,2,3
17,2569,0.13772729015909138,0.14075124263763428,0.69140625,1,0
17,2570,0.1471213542390615,0.15499204397201538,0.6796875,2,4
17,2571,0.0,0.31389498710632324,0.25390625,3,6
17,2572,0.016533162677660595,0.32557612657546997,0.3203125,2,3
17,2573,0.05721092224121094,0.05721092224121094,0.81640625,2,4
17,2574,0.1140553178265691,0.12531399726867676,0.6640625,2,4
18,2310,0.25289897783659404,0.30042755603790283,0.63671875,2,4
18,2478,0.18970380583778026,0.20842993259429932,0.6640625,2,5
18,2575,0.06874597072601318,0.06874597072601318,0.8359375,2,2
18,2576,0.21234750933945182,0.28535938262939453,0.59765625,3,6
18,2577,0.004800140857696533,0.004800140857696533,0.953125,2,3
18,2578,0.08748875453602524,0.24748200178146362,0.44140625,2,3
18,2579,0.14124882407486442,0.19233882427215576,0.59375,2,5
18,2580,0.07440716028213501,0.07440716028213501,0.82421875,2,4
18,2581,0.010114789009094238,0.010114789009094238,0.93359375,2,4
18,2582,0.10350269079208374,0.10350269079208374,0.796875,2,5
18,2583,0.2032896708697081,0.2563652992248535,0.6171875,2,5
18,2584,0.05697357654571533,0.05697357654571533,0.8515625,3,5
18,2585,0.09001167421229185,0.09386146068572998,0.68359375,2,3
18,2586,0.1321326494216919,0.1321326494216919,0.765625,2,4
18,2450,0.22317533171735707,0.2849520444869995,0.61328125,4,5
18,2449,0.22317533171735707,0.2849520444869995,0.61328125,3,3
18,2587,0.22317533171735707,0.2849520444869995,0.61328125,5,7
18,2588,0.22317533171735707,0.2849520444869995,0.61328125,4,5
18,2589,0.23162895441055298,0.23162895441055298,0.70703125,5,6
18,2590,0.2344051585532725,0.2690929174423218,0.6484375,3,2
18,2591,0.2248152494430542,0.2248152494430542,0.70703125,3,3
18,2592,0.23368400707840922,0.23645496368408203,0.6953125,4,5
18,2593,0.22259366721846166,0.28420937061309814,0.61328125,2,2
18,2594,0.18869382538832727,0.3157230019569397,0.5390625,5,6
18,2595,0.15807485580444336,0.15807485580444336,0.7578125,4,4
18,2596,0.12518196739256385,0.364165723323822,0.4375,4,5
18,2597,0.19641149044036865,0.19641149044036865,0.734375,5,6
18,2598,0.23371927905827763,0.26830554008483887,0.6484375,5,6
18,2599,0.22599827649537477,0.2815355658531189,0.62109375,2,1
18,2600,0.23259843187406662,0.27314311265945435,0.640625,3,2
18,2601,0.15939772129058838,0.15939772129058838,0.7578125,4,4
18,2602,0.22317533171735707,0.2849520444869995,0.61328125,4,4
18,2603,0.23161916644312444,0.2517813444137573,0.66796875,4,5
18,2519,0.26197210105601704,0.2731766104698181,0.68359375,1,3
18,2207,0.2751479148864746,0.2751479148864746,0.7109375,1,3
18,2604,0.22870931820943954,0.2849128246307373,0.62109375,1,3
18,2605,0.15345776453614238,0.2526378631591797,0.54296875,1,2
18,2606,0.22594729019328955,0.2849384546279907,0.6171875,1,3
18,2607,0.23666909709572795,0.24430358409881592,0.6875,2,5
18,2608,0.0,0.34523260593414307,0.203125,1,1
18,2609,0.2574069094844163,0.268416166305542,0.68359375,1,3
18,2610,0.19458410143852237,0.2394881248474121,0.625,1,2
18,2611,0.19891763466876003,0.2539796233177185,0.61328125,1,2
18,2612,0.22865544282831254,0.2848457098007202,0.62109375,2,2
18,2613,0.22317533171735707,0.2849520444869995,0.61328125,1,0
18,2614,0.159964919090271,0.159964919090271,0.71875,1,3
18,2615,0.26382476091384893,0.2779388427734375,0.6796875,1,3
18,2616,0.15939772129058838,0.15939772129058838,0.7578125,1,1
18,2617,0.22517327126115563,0.24477434158325195,0.66796875,1,2
18,2618,0.19958981126546863,0.2682151794433594,0.59765625,1,2
18,2619,0.21218551392666998,0.27092015743255615,0.61328125,1,1
18,2620,0.22082130052149299,0.24793970584869385,0.65625,1,3
18,2621,0.24450646061450246,0.2657904624938965,0.66796875,1,3
18,2622,0.19614511867985132,0.25684475898742676,0.60546875,1,3
18,2623,0.12889614631421867,0.13042455911636353,0.6953125,2,5
18,2397,0.2919429726898671,0.30136048793792725,0.6875,3,4
18,2543,0.28303147596307104,0.3362230062484741,0.63671875,4,5
18,2624,0.13110663974657658,0.17390310764312744,0.6015625,4,7
18,2625,0.2830368184950203,0.324921190738678,0.6484375,4,6
18,2626,0.1756815842818469,0.37323224544525146,0.48828125,4,5
18,2627,0.2262578755617142,0.2784712314605713,0.625,3,2
18,2628,0.2624627756886185,0.26822543144226074,0.69140625,4,5
18,2629,0.10953277442604305,0.33783602714538574,0.4296875,4,6
18,2630,0.16485536098480225,0.16485536098480225,0.76171875,2,1
18,2631,0.22336053848266602,0.22336053848266602,0.7109375,2,0
18,2632,0.27719741361215716,0.29816192388534546,0.671875,2,1
18,2633,0.2660783152095974,0.28924012184143066,0.66796875,3,2
18,2634,0.2797916531562805,0.2797916531562805,0.70703125,2,3
18,2635,0.23480099346488717,0.2352604866027832,0.69921875,3,2
18,2636,0.15712653659284118,0.3724480867385864,0.46875,4,6
18,2637,0.2515278996434063,0.30589616298675537,0.62890625,3,3
18,2638,0.12096605880651624,0.12362200021743774,0.69140625,3,3
18,2639,0.2718546870164574,0.3514888882637024,0.609375,4,5
18,2640,0.21415510133374485,0.21885710954666138,0.69140625,3,5
18,2641,0.11428277799859644,0.3421800136566162,0.43359375,3,3
18,2642,0.2063113432377577,0.21734857559204102,0.6796875,3,3
18,2643,0.29674776736646896,0.30326318740844727,0.69140625,3,3
18,2644,0.13730459008365872,0.34975099563598633,0.45703125,4,5
18,2645,0.29282271908596164,0.2933957576751709,0.69921875,4,4
18,2646,0.24472892656922343,0.3332479000091553,0.59375,4,7
18,2647,0.1719061830081046,0.24048078060150146,0.5859375,4,5
18,2350,0.267946555512026,0.3110853433609009,0.64453125,1,1
18,2485,0.269818899803795,0.2757430672645569,0.69140625,4,8
18,2648,0.06185269355773926,0.06185269355773926,0.82421875,4,9
18,2649,0.15179085731506348,0.15179085731506348,0.765625,3,6
18,2650,0.15554296970367432,0.15554296970367432,0.75,4,8
18,2651,0.22873491619247946,0.28494471311569214,0.62109375,4,6
18,2652,0.10797248315066102,0.39207029342651367,0.41015625,4,8
18,2653,0.22343711787834766,0.2888883948326111,0.609375,2,3
18,2654,0.1269062374485657,0.3799765706062317,0.43359375,1,1
18,2655,0.15742971329018476,0.19145846366882324,0.62890625,1,2
18,2656,0.20595479011535645,0.20595479011535645,0.72265625,5,7
18,2657,0.23314696550369263,0.23314696550369263,0.71875,4,5
18,2658,0.22317533171735707,0.2849520444869995,0.61328125,3,5
18,2659,0.22594965342432263,0.2849414348602295,0.6171875,4,5
18,2660,0.2416395535692573,0.2904212474822998,0.6328125,1,1
18,2661,0.22317533171735707,0.2849520444869995,0.61328125,4,6
18,2662,0.13257884979248047,0.13257884979248047,0.75,3,5
18,2663,0.15880894660949707,0.15880894660949707,0.7578125,5,6
18,2664,0.16827648878097534,0.16827648878097534,0.75390625,2,1
18,2665,0.2213868785183877,0.2262476682662964,0.69140625,4,8
18,2666,0.13062869547866288,0.18273741006851196,0.5859375,4,5
18,2667,0.22317533171735707,0.2849520444869995,0.61328125,3,5
18,2668,0.24435406085103753,0.25742650032043457,0.6796875,3,5
18,2669,0.22317533171735707,0.2849520444869995,0.61328125,3,6
18,2670,0.21517909853719178,0.2586190104484558,0.6328125,4,8
18,2671,0.22018232988193634,0.2776683568954468,0.6171875,4,8
18,2562,0.2963794023962692,0.30905550718307495,0.68359375,2,3
18,2564,0.2735476419329644,0.3140277862548828,0.6484375,2,4
18,2672,0.1309269666671753,0.1309269666671753,0.75,2,4
18,2673,0.2873647899832577,0.34137070178985596,0.63671875,3,4
18,2674,0.1977967619895935,0.1977967619895935,0.734375,1,0
18,2675,0.14200669527053833,0.14200669527053833,0.78125,1,0
18,2676,0.10793673992156982,0.10793673992156982,0.70703125,1,3
18,2677,0.28524599992670124,0.33885371685028076,0.63671875,2,4
18,2678,0.22823391342535618,0.284320592880249,0.62109375,2,3
18,2679,0.14780664443969727,0.14780664443969727,0.71484375,2,4
18,2680,0.10900272661820057,0.3958113193511963,0.41015625,2,4
18,2681,0.2697853187564761,0.31322014331817627,0.64453125,3,5
18,2682,0.09018528461456299,0.09018528461456299,0.7421875,3,4
18,2683,0.25924285221844917,0.32692694664001465,0.6171875,2,4
18,2684,0.11334443092346191,0.11334443092346191,0.80078125,1,0
18,2685,0.14250105619430542,0.14250105619430542,0.7265625,2,3
18,2686,0.228491424350068,0.2846413850784302,0.62109375,1,1
18,2687,0.10166614037007095,0.3691706657409668,0.41015625,2,5
18,2688,0.24743973603472116,0.3661535978317261,0.5703125,2,2
18,2689,0.10803006379865113,0.3788451552391052,0.4140625,2,4
18,2690,0.22150568221695724,0.3706238865852356,0.5390625,2,4
18,1899,0.2780264616012573,0.2780264616012573,0.71875,1,3
18,2465,0.2508599599823356,0.2912478446960449,0.64453125,1,2
18,2691,0.1255249989917502,0.21351760625839233,0.53515625,1,3
18,2692,0.2251284723170102,0.2347571849822998,0.68359375,1,3
18,2693,0.27083972003310924,0.2824234962463379,0.68359375,1,3
18,2694,0.19704922847449782,0.24849557876586914,0.6171875,1,1
18,2695,0.23333755019120875,0.27718985080718994,0.63671875,1,2
18,2696,0.27415549755096436,0.27415549755096436,0.7109375,1,3
18,2697,0.25882739154621964,0.2618964910507202,0.6953125,1,3
18,2698,0.24992693949025127,0.28373080492019653,0.65234375,2,4
18,2699,0.15608906745910645,0.15608906745910645,0.734375,1,4
18,2700,0.2265780365560204,0.2857338786125183,0.6171875,1,2
18,2701,0.15940070152282715,0.15940070152282715,0.7578125,2,4
18,2702,0.24347146367654207,0.27040648460388184,0.66015625,1,2
18,2703,0.15426409244537354,0.15426409244537354,0.75390625,1,2
18,2704,0.223177945939824,0.28495538234710693,0.61328125,2,3
18,2705,0.15956389904022217,0.15956389904022217,0.75390625,1,3
18,2706,0.1599000096321106,0.1599000096321106,0.75,1,2
18,2707,0.27602258871775126,0.27656275033950806,0.69921875,1,3
18,2708,0.2753876708447934,0.2759265899658203,0.69921875,1,3
18,2709,0.26789501227904117,0.2793528437614441,0.68359375,1,3
18,2710,0.23901935014873746,0.26261353492736816,0.6640625,1,3
19,2590,0.18148773675784471,0.2610160708427429,0.578125,3,2
19,2598,0.18094755755737427,0.2602391839027405,0.578125,5,6
19,2711,0.16230705042835328,0.18843811750411987,0.64453125,2,1
19,2712,0.17074570152908566,0.2766512632369995,0.546875,5,6
19,2713,0.18685274384915831,0.24784612655639648,0.6015625,3,1
19,2714,0.1928297142731026,0.22906917333602905,0.63671875,4,3
19,2715,0.0986565351486206,0.0986565351486206,0.74609375,5,7
19,2716,0.19559089490212503,0.23234927654266357,0.63671875,2,0
19,2717,0.17963498644530776,0.27372950315475464,0.5625,4,3
19,2718,0.18216227134689691,0.2548280954360962,0.5859375,3,2
19,2719,0.183429422788322,0.26380860805511475,0.578125,3,3
19,2720,0.13300960336346182,0.1445879340171814,0.66796875,4,5
19,2721,0.17074570152908566,0.2766512632369995,0.546875,4,5
19,2722,0.18561077490448954,0.24942970275878906,0.59765625,6,7
19,2723,0.19441190082579854,0.22830021381378174,0.640625,5,7
19,2724,0.18635422457009557,0.2718329429626465,0.57421875,3,1
19,2725,0.20868643978610638,0.26317107677459717,0.6171875,3,2
19,2726,0.1452880802098662,0.15465176105499268,0.67578125,3,2
19,2727,0.18828872591257098,0.22367477416992188,0.63671875,3,2
19,2728,0.15339530352503064,0.31290197372436523,0.49609375,3,3
19,2729,0.19700352195650342,0.23402738571166992,0.63671875,4,5
19,2310,0.18190286727622154,0.29472869634628296,0.546875,2,4
19,2576,0.17992453125771138,0.2783122658729553,0.55859375,3,6
19,2730,0.055880963802337646,0.055880963802337646,0.8125,2,2
19,2731,0.023079991340637207,0.023079991340637207,0.84765625,3,4
19,2732,0.13632196187973022,0.13632196187973022,0.7109375,2,5
19,2733,0.12780344486236572,0.12780344486236572,0.70703125,3,6
19,2734,0.15797963133081797,0.1992255449295044,0.6171875,3,6
19,2735,0.11828675097785891,0.15102946758270264,0.61328125,3,6
19,2736,0.0,0.36930954456329346,0.24609375,2,4
19,2737,0.07935428619384766,0.07935428619384766,0.73046875,1,2
19,2738,0.05813401937484741,0.05813401937484741,0.8125,2,2
19,2739,0.12863568821921947,0.24303126335144043,0.51171875,2,5
19,2740,0.03988915681838989,0.03988915681838989,0.8359375,2,4
19,2485,0.20789180975407365,0.2687894105911255,0.609375,4,8
19,2350,0.21380314254201951,0.30323326587677,0.58203125,1,1
19,2741,0.10250283125787975,0.2547643184661865,0.4609375,1,2
19,2742,0.18452057219110432,0.3138688802719116,0.53515625,1,1
19,2743,0.1977111655287445,0.24629712104797363,0.62109375,1,1
19,2744,0.10683282534591855,0.1758791208267212,0.54296875,4,6
19,2745,0.23529698839411142,0.2967292070388794,0.6171875,1,1
19,2746,0.08972012996673584,0.08972012996673584,0.7421875,4,7
19,2747,0.1499667746247724,0.15638083219528198,0.68359375,3,5
19,2748,0.1707027708180249,0.27658170461654663,0.546875,1,2
19,2749,0.1829631766304374,0.27471303939819336,0.56640625,1,2
19,2750,0.1857073889113963,0.2401065230369568,0.609375,2,3
19,2751,0.23980699572712186,0.28821873664855957,0.6328125,1,1
19,2752,0.1997812379850075,0.22680264711380005,0.65234375,4,7
19,2753,0.146582517772913,0.1576685905456543,0.671875,4,7
19,2754,0.1488299129996449,0.14912116527557373,0.69921875,1,1
19,2755,0.17310868087224665,0.21564877033233643,0.62109375,5,8
19,2756,0.1348553374409676,0.18610763549804688,0.58984375,1,2
19,2757,0.17092166747897866,0.24581992626190186,0.578125,1,1
19,2758,0.18332156573887917,0.252993643283844,0.58984375,1,0
19,2759,0.16128250013571235,0.24947625398635864,0.55859375,1,1
19,2760,0.1843316482845694,0.2688826322555542,0.57421875,1,0
19,2761,0.1870719296857715,0.2547362446784973,0.59375,1,1
19,2762,0.10075428802520038,0.25041842460632324,0.4609375,4,7
19,2763,0.15755976992659274,0.18292653560638428,0.64453125,1,0
19,2708,0.22565731254871937,0.2680662274360657,0.63671875,1,3
19,2207,0.22772306203842166,0.26741790771484375,0.640625,1,3
19,2764,0.08295354247093202,0.08562946319580078,0.6875,1,3
19,2765,0.20905150263570252,0.26042425632476807,0.62109375,1,3
19,2766,0.14681270718574527,0.25394630432128906,0.53125,1,2
19,2767,0.1707248431630433,0.27661746740341187,0.546875,1,4
19,2768,0.17294524249155077,0.2758503556251526,0.55078125,1,2
19,2769,0.22355043422430756,0.2686803340911865,0.6328125,1,2
19,2770,0.10233123041689397,0.16071653366088867,0.5546875,1,3
19,2771,0.19552545505575838,0.26275336742401123,0.59765625,1,3
19,2772,0.17683211667463186,0.26550745964050293,0.56640625,1,2
19,2773,0.17072429135441783,0.27661657333374023,0.546875,2,3
19,2774,0.23064876068383458,0.26778268814086914,0.64453125,1,3
19,2775,0.17320940620265904,0.2762717008590698,0.55078125,1,3
19,2776,0.19920769939199093,0.2749173641204834,0.58984375,1,2
19,2777,0.1761483680456877,0.2398616075515747,0.59375,1,3
19,2778,0.04873015068005771,0.35140615701675415,0.35546875,1,3
19,2779,0.19101907731965187,0.2747240662574768,0.578125,1,3
19,2780,0.19613218063022944,0.2504231333732605,0.61328125,1,3
19,2781,0.1422737464308739,0.14686322212219238,0.6875,1,3
19,2782,0.2045370258856565,0.2713029980659485,0.6015625,1,2
19,2783,0.17782690271269533,0.25939422845840454,0.57421875,1,2
19,2784,0.23607639921829107,0.27101147174835205,0.6484375,2,4
19,2785,0.15295437211170795,0.16452234983444214,0.671875,2,4
19,1899,0.22462202096357944,0.273174524307251,0.62890625,1,3
19,2707,0.2253226870670915,0.2708103656768799,0.6328125,1,3
19,2786,0.1755230382550508,0.27566808462142944,0.5546875,1,2
19,2787,0.13263125007506463,0.15755730867385864,0.63671875,1,3
19,2788,0.20265508873853835,0.2796749472618103,0.58984375,1,3
19,2789,0.20901246601715687,0.27023833990097046,0.609375,1,3
19,2790,0.2236352716572583,0.2785918712615967,0.62109375,1,3
19,2791,0.1745935919461772,0.25467783212661743,0.57421875,1,3
19,2792,0.1430635964497924,0.23179924488067627,0.546875,2,4
19,2793,0.20396985718980434,0.24514687061309814,0.6328125,1,3
19,2794,0.11795413400977851,0.1650068759918213,0.5859375,1,2
19,2795,0.19887897965963933,0.2744637131690979,0.58984375,2,4
19,2796,0.20238176872953775,0.25211548805236816,0.62109375,1,3
19,2797,0.17074584867805245,0.2766515016555786,0.546875,1,3
19,2798,0.17351942206732932,0.27676618099212646,0.55078125,1,2
19,2799,0.1810770134907216,0.23120057582855225,0.61328125,2,3
19,2800,0.18909078883007172,0.22726404666900635,0.6328125,1,3
19,2801,0.20006502256728712,0.2761005163192749,0.58984375,1,3
19,2802,0.17074625333771112,0.27665215730667114,0.546875,2,3
19,2803,0.14447626518085602,0.15705275535583496,0.66796875,1,2
19,2804,0.20739571982994678,0.2583615779876709,0.62109375,1,2
19,2562,0.24514093250036242,0.30171191692352295,0.625,2,3
19,2673,0.25196865363977855,0.33421748876571655,0.6015625,3,4
19,2805,0.0173642635345459,0.0173642635345459,0.86328125,2,4
19,2806,0.25002031540498143,0.319227933883667,0.61328125,2,3
19,2807,0.2322647720575333,0.3249168395996094,0.5859375,4,5
19,2808,0.08311212062835693,0.08311212062835693,0.703125,2,1
19,2809,0.16810371796600523,0.3725935220718384,0.48046875,2,4
19,2810,0.1452880802098662,0.15465176105499268,0.67578125,3,5
19,2811,0.1465132555458695,0.15435141324996948,0.6796875,3,3
19,2812,0.186686122789979,0.20961248874664307,0.65625,1,2
19,2813,0.14895465818699452,0.22365039587020874,0.56640625,2,4
19,2814,0.23332359746564182,0.37215477228164673,0.55078125,3,4
19,2815,0.22255745064467194,0.26438379287719727,0.63671875,2,4
19,2816,0.18331176368519667,0.2636393904685974,0.578125,2,3
19,2817,0.11926878977101298,0.1561780571937561,0.60546875,2,2
19,2818,0.14525907440111044,0.15462088584899902,0.67578125,4,4
19,2819,0.20726699125953021,0.27140843868255615,0.60546875,2,4
19,2820,0.18124044639989736,0.289081335067749,0.55078125,2,4
19,2821,0.1451525144511834,0.15450745820999146,0.67578125,2,2
19,2822,0.09714245796203613,0.09714245796203613,0.74609375,2,2
19,2643,0.24327633483335379,0.29586100578308105,0.62890625,3,3
19,2645,0.2409742359304801,0.28626173734664917,0.63671875,4,4
19,2823,0.2327595843235031,0.2765032649040222,0.63671875,3,4
19,2824,0.2166433359961957,0.251522421836853,0.64453125,4,5
19,2825,0.2442093221470714,0.3512223958969116,0.578125,3,3
19,2826,0.25572477770037955,0.3348621129989624,0.60546875,3,4
19,2827,0.08533310890197754,0.08533310890197754,0.76171875,2,1
19,2828,0.20438357838429513,0.24856150150299072,0.62890625,3,4
19,2829,0.2328731492161751,0.31710386276245117,0.59375,3,4
19,2830,0.1471274489304051,0.21461325883865356,0.57421875,3,3
19,2831,0.16457593813538554,0.20255500078201294,0.625,4,5
19,2832,0.03668844699859619,0.03668844699859619,0.81640625,4,3
19,2833,0.10635575558990241,0.14677667617797852,0.58984375,3,4
19,2834,0.2418059068731964,0.33370518684387207,0.58984375,5,8
19,2835,0.11435461044311523,0.11435461044311523,0.7109375,4,3
19,2836,0.24423719255719337,0.2970295548439026,0.62890625,2,1
19,2837,0.19713664846494797,0.27205920219421387,0.58984375,3,3
19,2838,0.24256726168096068,0.33475589752197266,0.58984375,3,2
19,2839,0.20095677301287654,0.23069477081298828,0.6484375,3,4
19,2840,0.1879448760300875,0.24929475784301758,0.6015625,4,5
19,2841,0.12601667805574837,0.13995778560638428,0.66015625,4,3
19,2842,0.2438547117635608,0.30378007888793945,0.62109375,3,4
19,2843,0.2160488469526172,0.26274824142456055,0.62890625,3,5
19,2844,0.2543150160927326,0.3247114419937134,0.61328125,3,2
19,2845,0.09588801860809326,0.09588801860809326,0.74609375,4,4
19,2846,0.1665613341610879,0.3538564443588257,0.48828125,3,4
20,2310,0.1916316216811538,0.3009674549102783,0.5546875,2,4
20,2576,0.1789600211195648,0.2854440212249756,0.55078125,3,6
20,2847,0.036950111389160156,0.036950111389160156,0.8203125,2,3
20,2848,0.14936238527297976,0.4111480712890625,0.4453125,4,5
20,2849,0.14539438486099243,0.14539438486099243,0.70703125,3,6
20,2850,0.12262093112803997,0.133294939994812,0.66796875,2,3
20,2851,0.16976916894782337,0.2794913649559021,0.54296875,2,4
20,2852,0.0008112788200378418,0.0008112788200378418,0.96875,3,6
20,2853,0.1468889452517033,0.2676410675048828,0.51953125,2,4
20,2854,0.09844613075256348,0.09844613075256348,0.7109375,2,1
20,2855,0.01724785566329956,0.01724785566329956,0.87109375,3,6
20,2856,0.007754206657409668,0.007754206657409668,0.91015625,2,5
20,2485,0.19912371877580884,0.2711471915245056,0.59375,4,8
20,2752,0.20326089486479762,0.23075294494628906,0.65234375,4,7
20,2857,0.08950018882751465,0.08950018882751465,0.73828125,1,0
20,2858,0.09878141200169922,0.10406601428985596,0.6796875,4,7
20,2859,0.17095725773833695,0.2684972882270813,0.5546875,4,8
20,2860,0.1496609374880791,0.22805476188659668,0.5625,1,2
20,2861,0.19157297722995284,0.26086533069610596,0.59375,3,8
20,2862,0.14308012370020154,0.15720391273498535,0.6640625,5,7
20,2863,0.13399729575030508,0.20727074146270752,0.55859375,1,2
20,2864,0.19286121334880593,0.24935591220855713,0.609375,1,1
20,2865,0.14194636186584833,0.15764975547790527,0.66015625,5,8
20,2866,0.17539235437288883,0.19479584693908691,0.66015625,4,6
20,2867,0.1743135574506596,0.2780328392982483,0.55078125,4,9
20,2868,0.20612529991194609,0.27340972423553467,0.6015625,4,7
20,2869,0.05658876895904541,0.05658876895904541,0.7734375,5,7
20,2870,0.11945469968486579,0.1605270504951477,0.59765625,1,1
20,2871,0.0920922481454909,0.24056750535964966,0.453125,4,6
20,2872,0.17681623203679922,0.2776991128921509,0.5546875,2,1
20,2873,0.1845526695251465,0.277099609375,0.56640625,3,6
20,2874,0.2043894659727812,0.27831757068634033,0.59375,4,8
20,2875,0.13761947304010394,0.2507514953613281,0.51953125,4,7
20,2725,0.20444579981267455,0.26433396339416504,0.609375,3,2
20,2729,0.1915397718548775,0.2357412576675415,0.625,4,5
20,2876,0.15791702759452167,0.33549177646636963,0.48828125,3,3
20,2877,0.1550039869034663,0.21391385793685913,0.58984375,1,1
20,2878,0.19017524272203448,0.2340618371963501,0.625,1,0
20,2879,0.18143534869886938,0.23165810108184814,0.61328125,1,1
20,2880,0.20556413894519213,0.25923359394073486,0.6171875,2,2
20,2881,0.18688644468784335,0.23001408576965332,0.625,4,6
20,2882,0.18819245602935555,0.2669100761413574,0.58203125,2,0
20,2883,0.14131995523348453,0.15695405006408691,0.66015625,5,7
20,2884,0.13478344632312658,0.1449771523475647,0.671875,3,1
20,2885,0.1850648461841047,0.2738531827926636,0.5703125,3,3
20,2886,0.17432899097912016,0.2780574560165405,0.55078125,2,0
20,2887,0.18049900163896385,0.22762435674667358,0.6171875,3,1
20,2888,0.1387533178785816,0.14769583940505981,0.67578125,2,0
20,2889,0.1880252144765109,0.2953034043312073,0.5546875,3,2
20,2890,0.19537123537156734,0.2625461220741272,0.59765625,3,2
20,2891,0.1473810272291303,0.16192936897277832,0.6640625,3,1
20,2892,0.17714805086143318,0.3171321749687195,0.5234375,3,2
20,2893,0.0764886736869812,0.0764886736869812,0.7265625,4,4
20,2894,0.17432899097912016,0.2780574560165405,0.55078125,2,0
20,2895,0.14309334894642237,0.17198073863983154,0.6328125,4,6
20,2707,0.2091615088284016,0.2704310417175293,0.609375,1,3
20,1899,0.20837003842461857,0.2728528380393982,0.60546875,1,3
20,2896,0.12597919674590233,0.20411819219589233,0.546875,1,2
20,2897,0.1743239087518305,0.2780493497848511,0.55078125,1,2
20,2898,0.17703578085638585,0.2780439257621765,0.5546875,1,3
20,2899,0.18510025856085124,0.27792179584503174,0.56640625,1,3
20,2900,0.20510160573758188,0.2720518708229065,0.6015625,1,2
20,2901,0.2191612618044019,0.26340508460998535,0.6328125,1,3
20,2902,0.17297093616798523,0.22363919019699097,0.609375,1,3
20,2903,0.18265134282410148,0.2783258557319641,0.5625,1,3
20,2904,0.11781250219792129,0.24520325660705566,0.4921875,1,2
20,2905,0.19470871787052604,0.2687085270881653,0.58984375,2,4
20,2906,0.15160618303343656,0.2381054162979126,0.5546875,1,3
20,2907,0.17700621671974662,0.2779974937438965,0.5546875,1,2
20,2908,0.20415421715006235,0.2743489742279053,0.59765625,1,2
20,2909,0.17653320741374048,0.24362534284591675,0.58984375,1,3
20,2910,0.17701779189519587,0.278015673160553,0.5546875,1,3
20,2911,0.09496073238551618,0.10662257671356201,0.65625,1,3
20,2912,0.19087460578884932,0.2437102198600769,0.61328125,1,2
20,2913,0.17606115108355883,0.2765132188796997,0.5546875,1,2
20,2914,0.2110681780613959,0.2728962302207947,0.609375,1,2
20,2915,0.17002475424669686,0.22264111042022705,0.60546875,1,2
20,2916,0.1998127060942352,0.27575230598449707,0.58984375,1,3
20,2784,0.20848588272929194,0.27300453186035156,0.60546875,2,4
20,2774,0.21634697564877572,0.2695125341415405,0.62109375,1,3
20,2917,0.17382861580699685,0.27725934982299805,0.55078125,1,2
20,2918,0.13444791268557313,0.1401982307434082,0.68359375,1,3
20,2919,0.18203711137175563,0.27738988399505615,0.5625,1,2
20,2920,0.14192500221543017,0.15762603282928467,0.66015625,1,1
20,2921,0.18488386680837723,0.2775968909263611,0.56640625,2,5
20,2922,0.179521702346392,0.2776891589164734,0.55859375,1,2
20,2923,0.16170729184523228,0.23928940296173096,0.5703125,1,2
20,2924,0.14548382163047793,0.15326690673828125,0.6796875,3,5
20,2925,0.18050335161387923,0.2750527262687683,0.5625,1,2
20,2926,0.16356822615489366,0.23859524726867676,0.57421875,1,2
20,2927,0.1273824563249946,0.2363036870956421,0.515625,1,2
20,2928,0.14786180807277563,0.3963625431060791,0.44921875,2,3
20,2929,0.18484214460477236,0.27753424644470215,0.56640625,2,4
20,2930,0.15552783105522397,0.2560458183288574,0.54296875,1,4
20,2931,0.20850220229476693,0.2629387378692627,0.6171875,2,3
20,2932,0.07616519927978516,0.07616519927978516,0.75,2,4
20,2933,0.22680359752848747,0.26633816957473755,0.640625,1,3
20,2934,0.10868561547249557,0.1818530559539795,0.5390625,2,4
20,2935,0.18229112774133685,0.27777695655822754,0.5625,1,2
20,2936,0.1508253139909357,0.1712251901626587,0.65234375,1,3
20,2673,0.23166372533887628,0.33792543411254883,0.57421875,3,4
20,2806,0.2348377914167941,0.32408881187438965,0.58984375,2,3
20,2937,0.18685450311750176,0.3530240058898926,0.51171875,3,4
20,2938,0.14994448074139657,0.16474586725234985,0.6640625,2,2
20,2939,0.16327989846467975,0.19396591186523438,0.63671875,1,0
20,2940,0.19121786695905033,0.3484112024307251,0.51953125,3,4
20,2941,0.23574285395443442,0.30479884147644043,0.609375,4,6
20,2942,0.11825956217944623,0.31700992584228516,0.44921875,2,3
20,2943,0.18070620298385623,0.3614124059677124,0.5,4,6
20,2944,0.16977446037344637,0.37629663944244385,0.48046875,2,2
20,2945,0.17263735947199169,0.28885728120803833,0.5390625,3,3
20,2946,0.23577829869464043,0.32538676261901855,0.58984375,3,4
20,2947,0.16173007234465334,0.19668835401535034,0.62890625,1,0
20,2948,0.14194722054526213,0.15765070915222168,0.66015625,3,4
20,2949,0.011331677436828613,0.011331677436828613,0.90625,2,3
20,2950,0.17368411202915016,0.2303789258003235,0.6015625,2,2
20,2951,0.22352139092981818,0.2624838352203369,0.640625,3,3
20,2952,0.14200750179588797,0.15602540969848633,0.6640625,2,3
20,2953,0.1453711744397879,0.15636563301086426,0.671875,2,2
20,2954,0.22639977885410192,0.32560867071151733,0.578125,3,3
20,2955,0.2220252082915977,0.354133665561676,0.55078125,2,3
20,2826,0.22904294915497306,0.338930606842041,0.5703125,3,4
20,2844,0.2283658338710666,0.3284362554550171,0.578125,3,2
20,2956,0.04032601090148092,0.2549002170562744,0.36328125,3,2
20,2957,0.23376494972035292,0.32260823249816895,0.58984375,2,2
20,2958,0.16314910235814753,0.37797439098358154,0.47265625,3,2
20,2959,0.22375007416121664,0.34610283374786377,0.55859375,3,3
20,2960,0.21228368394076827,0.3551936149597168,0.5390625,4,5
20,2961,0.1290615573525429,0.3980693817138672,0.4296875,3,4
20,2962,0.15783383464440706,0.2335575819015503,0.5703125,2,1
20,2963,0.2261246608104557,0.34977591037750244,0.55859375,2,2
20,2964,0.22686412441544238,0.3130847215652466,0.58984375,1,1
20,2965,0.22338006668724122,0.30827653408050537,0.58984375,2,2
20,2966,0.2024521518032998,0.3624318242073059,0.5234375,3,3
20,2967,0.23939457419328394,0.31753891706466675,0.6015625,3,3
20,2968,0.20363385113887492,0.3352428674697876,0.54296875,3,2
20,2969,0.1597993897739798,0.18141305446624756,0.65234375,3,3
20,2970,0.202258717850782,0.3440414071083069,0.53515625,2,1
20,2971,0.1822990290820599,0.27778899669647217,0.5625,3,3
20,2972,0.23400910326745364,0.32294517755508423,0.58984375,3,3
20,2973,0.16091390280053022,0.39046406745910645,0.46484375,2,1
20,2974,0.17432899097912016,0.2780574560165405,0.55078125,3,3
20,2975,0.16008538834284994,0.2723047137260437,0.53515625,3,3
20,2976,0.10034869774244727,0.1706928014755249,0.53515625,3,2
20,2977,0.1753430033568293,0.37251293659210205,0.48828125,3,4
20,2978,0.2310746335424483,0.3469507694244385,0.56640625,4,6
20,2979,0.18198094179388138,0.22670131921768188,0.62109375,2,2
20,2980,0.16770671308040622,0.20640826225280762,0.625,3,3
20,2981,0.012441933155059814,0.012441933155059814,0.88671875,3,2
20,2982,0.18729456933215263,0.2771526575088501,0.5703125,3,4
21,2310,0.21191281720530245,0.3091149926185608,0.57421875,2,4
21,2576,0.17665245872922244,0.2908233404159546,0.54296875,3,6
21,2983,0.08209803537465633,0.3208717107772827,0.40234375,2,4
21,2984,0.15839422924909743,0.17218226194381714,0.66796875,3,5
21,2985,0.10437960736453536,0.39295852184295654,0.40625,3,5
21,2986,0.10795488674193623,0.39200639724731445,0.41015625,2,4
21,2987,0.057769179344177246,0.057769179344177246,0.79296875,1,1
21,2988,0.11616203002631666,0.30344367027282715,0.453125,3,5
21,2989,0.14509648946113887,0.38894975185394287,0.44921875,2,4
21,2990,0.008159399032592773,0.008159399032592773,0.9296875,2,3
21,2991,0.09979069232940674,0.09979069232940674,0.75390625,1,1
21,2992,0.0003399848937988281,0.0003399848937988281,0.984375,2,4
21,2993,0.08566749095916748,0.08566749095916748,0.7421875,1,1
21,2725,0.22439109161496165,0.2761736512184143,0.625,3,2
21,2890,0.1958134509623051,0.2739248275756836,0.5859375,3,2
21,2994,0.19820647896267476,0.28111279010772705,0.58203125,2,1
21,2995,0.16927778720855713,0.16927778720855713,0.7109375,2,0
21,2996,0.19983576610684398,0.24595171213150024,0.625,4,3
21,2997,0.14488202333450317,0.14488202333450317,0.73046875,5,6
21,2998,0.19983576610684398,0.24595171213150024,0.625,4,5
21,2999,0.20522549934685233,0.22074675559997559,0.671875,2,1
21,3000,0.21214909572154286,0.27429378032684326,0.609375,3,2
21,3001,0.0339052677154541,0.0339052677154541,0.8515625,3,2
21,3002,0.1839549792930484,0.27221083641052246,0.5703125,3,2
21,3003,0.16248011589050293,0.16248011589050293,0.72265625,2,0
21,3004,0.20367282629013064,0.2506742477416992,0.625,3,1
21,3005,0.16247671842575073,0.16247671842575073,0.72265625,4,3
21,3006,0.19492248864844444,0.2764551639556885,0.58203125,4,5
21,3007,0.1387097053229809,0.3447542190551758,0.4609375,5,6
21,3008,0.07882541418075562,0.07882541418075562,0.76171875,4,5
21,3009,0.16798136522993448,0.3295266628265381,0.50390625,3,3
21,3010,0.1486880844458938,0.3368508815765381,0.4765625,3,3
21,2901,0.23157799174077812,0.27832847833633423,0.6328125,1,3
21,2914,0.2305084497202188,0.28715407848358154,0.62109375,1,2
21,3011,0.22139042464550587,0.28267306089401245,0.61328125,2,4
21,3012,0.23931610258296135,0.28429198265075684,0.63671875,2,5
21,3013,0.1987292957492173,0.2898843288421631,0.57421875,1,2
21,3014,0.15546782501041892,0.36851632595062256,0.46875,1,2
21,3015,0.19036512449383738,0.290080189704895,0.5625,2,3
21,3016,0.08633565902709961,0.08633565902709961,0.73046875,1,1
21,3017,0.16248011589050293,0.16248011589050293,0.72265625,1,1
21,3018,0.1931811864487827,0.2900550365447998,0.56640625,1,1
21,3019,0.11357655830215664,0.28930944204330444,0.45703125,2,4
21,3020,0.15200567361898723,0.29818737506866455,0.50390625,2,4
21,3021,0.14840731909498575,0.3688570261001587,0.4609375,1,2
21,3022,0.1903668846935034,0.2900828719139099,0.5625,1,1
21,3023,0.045670270919799805,0.045670270919799805,0.7890625,1,2
21,3024,0.19491867092438045,0.28843456506729126,0.5703125,2,3
21,3025,0.19393939082510772,0.28698545694351196,0.5703125,2,3
21,3026,0.2189412619918585,0.28307557106018066,0.609375,1,3
21,3027,0.24625706172082576,0.2925373911857605,0.63671875,2,4
21,3028,0.2364814803004265,0.2910541296005249,0.625,1,3
21,3029,0.19290287327021363,0.28545165061950684,0.5703125,1,1
21,3030,0.17386666266247633,0.24322330951690674,0.5859375,1,3
21,3031,0.13175539602525535,0.2241154909133911,0.53515625,2,4
21,2933,0.21576042193919423,0.27896296977996826,0.609375,1,3
21,2774,0.22617420880123976,0.281754732131958,0.62109375,1,3
21,3032,0.14074876531958583,0.14676856994628906,0.68359375,1,3
21,3033,0.2222782992757857,0.2610240578651428,0.640625,2,5
21,3034,0.14666713448241356,0.2024085521697998,0.58984375,1,1
21,3035,0.19036332517862323,0.29007744789123535,0.5625,1,1
21,3036,0.1797867654822767,0.254988431930542,0.58203125,2,3
21,3037,0.07771425903774799,0.232688307762146,0.43359375,3,5
21,3038,0.20788449374958876,0.2722170352935791,0.60546875,2,4
21,3039,0.19036786258220675,0.2900843620300293,0.5625,1,3
21,3040,0.14920436125248673,0.16048872470855713,0.671875,1,2
21,3041,0.14930784702301025,0.14930784702301025,0.703125,1,3
21,3042,0.1903662979602814,0.2900819778442383,0.5625,1,1
21,3043,0.19487230898812416,0.2883659601211548,0.5703125,2,2
21,3044,0.19522999273613098,0.28889524936676025,0.5703125,1,1
21,3045,0.20295675401575866,0.287850022315979,0.58203125,1,2
21,3046,0.16248011589050293,0.16248011589050293,0.72265625,2,2
21,3047,0.1786879971623421,0.2569894790649414,0.578125,2,3
21,3048,0.19223210855852815,0.2583276629447937,0.59765625,1,2
21,3049,0.19829407695215198,0.2892494797706604,0.57421875,2,2
21,3050,0.19279087940230968,0.28946900367736816,0.56640625,2,2
21,3051,0.20824729045853022,0.2692490220069885,0.609375,1,3
21,2964,0.22216605884023014,0.3240712881088257,0.57421875,1,1
21,2868,0.21747703943401578,0.2847781181335449,0.60546875,4,7
21,3052,0.07165777683258057,0.07165777683258057,0.77734375,5,10
21,3053,0.20501153985969725,0.2867920994758606,0.5859375,4,7
21,3054,0.1903490424156189,0.1903490424156189,0.703125,4,7
21,3055,0.19206071086227897,0.2308335304260254,0.6328125,4,7
21,3056,0.2297733812592924,0.34001147747039795,0.5703125,1,1
21,3057,0.05779874324798584,0.05779874324798584,0.796875,4,6
21,3058,0.2004377734847367,0.2882700562477112,0.578125,4,6
21,3059,0.1612841943278909,0.3653872013092041,0.4765625,2,2
21,3060,0.1560763120651245,0.1560763120651245,0.71875,3,6
21,3061,0.11925247800536455,0.13102418184280396,0.6640625,2,3
21,3062,0.23829452891368422,0.2898023724555969,0.62890625,5,9
21,3063,0.1903662979602814,0.2900819778442383,0.5625,3,3
21,3064,0.19603453949093821,0.2900857925415039,0.5703125,5,8
21,3065,0.1416573226451874,0.28331464529037476,0.5,4,7
21,3066,0.2373265847563744,0.3030204772949219,0.61328125,1,1
21,3067,0.20340172457508746,0.28848111629486084,0.58203125,4,6
21,3068,0.13115078816190365,0.19407284259796143,0.5703125,1,2
21,3069,0.17539028450846675,0.18104803562164307,0.6875,3,3
21,3070,0.20858576870523396,0.2536720037460327,0.62890625,4,7
21,3071,0.20266862423159185,0.2874413728713989,0.58203125,4,7
21,3072,0.19496706034988168,0.2804020643234253,0.578125,4,8
21,3073,0.1505480408668518,0.1505480408668518,0.70703125,4,8
21,3074,0.19590379158034923,0.289892315864563,0.5703125,5,9
21,2972,0.23406270926352593,0.3319670557975769,0.58203125,3,3
21,2957,0.22502512950450185,0.33298516273498535,0.5703125,2,2
21,3075,0.135244696168229,0.2001308798789978,0.5703125,4,7
21,3076,0.2071727667935193,0.24899637699127197,0.6328125,2,3
21,3077,0.23394739010836932,0.33180350065231323,0.58203125,2,2
21,3078,0.2155168240424246,0.31891506910324097,0.5703125,3,3
21,3079,0.1383919891668484,0.3914734721183777,0.44140625,1,1
21,3080,0.1498801736161113,0.39152371883392334,0.453125,4,8
21,3081,0.22843224462121728,0.3110566735267639,0.59375,2,1
21,3082,0.18787327222526076,0.22062182426452637,0.640625,2,3
21,3083,0.05921494960784912,0.05921494960784912,0.77734375,3,4
21,3084,0.13751751556992534,0.19237422943115234,0.5859375,3,4
21,3085,0.1222360325045884,0.18907809257507324,0.55859375,3,4
21,3086,0.1215808850247413,0.17008036375045776,0.5859375,4,6
21,3087,0.2347622569650412,0.275684118270874,0.640625,3,4
21,3088,0.1828842340037227,0.2198045253753662,0.6328125,3,4
21,3089,0.07994842529296875,0.07994842529296875,0.7265625,4,6
21,3090,0.23363571008667353,0.33601540327072144,0.578125,4,6
21,3091,0.16106921434402466,0.16106921434402466,0.71484375,4,5
21,3092,0.15249249245971444,0.39834773540496826,0.453125,4,7
21,3093,0.18640052899718287,0.2840389013290405,0.5625,3,4
21,3094,0.14701204886659983,0.3840314745903015,0.453125,4,6
21,3095,0.22211793635506186,0.3335025906562805,0.56640625,2,2
21,3096,0.1610332727432251,0.1610332727432251,0.72265625,3,2
21,2967,0.22368337924126538,0.32628458738327026,0.57421875,3,3
21,2946,0.22983274993021044,0.33525460958480835,0.57421875,3,4
21,3097,0.22555767511948946,0.31553423404693604,0.5859375,4,6
21,3098,0.22380631556734445,0.3130842447280884,0.5859375,2,2
21,3099,0.1911706023383886,0.2788585424423218,0.57421875,4,7
21,3100,0.17598475702106955,0.36627721786499023,0.4921875,3,4
21,3101,0.1751407524570823,0.3799663782119751,0.484375,3,2
21,3102,0.1927850835490972,0.28946030139923096,0.56640625,3,2
21,3103,0.20327382255345586,0.25322675704956055,0.62109375,4,5
21,3104,0.16235947608947754,0.16235947608947754,0.72265625,4,4
21,3105,0.13446800876408818,0.18557310104370117,0.58984375,3,3
21,3106,0.007327675819396973,0.007327675819396973,0.93359375,5,7
21,3107,0.10533851385116577,0.10533851385116577,0.703125,3,5
21,3108,0.213126493152231,0.25027698278427124,0.640625,4,6
21,3109,0.2338036056607962,0.3141927719116211,0.59765625,3,4
21,3110,0.14034445630386475,0.38632452487945557,0.4453125,2,1
21,3111,0.233953008428216,0.31857430934906006,0.59375,4,4
21,3112,0.19242926756851378,0.22859346866607666,0.63671875,3,4
21,3113,0.20298064476810398,0.3187916874885559,0.5546875,3,4
21,3114,0.219307326246053,0.31540828943252563,0.578125,2,2
21,3115,0.15979095175862315,0.36200428009033203,0.4765625,3,4
21,3116,0.2303579023573548,0.3095623254776001,0.59765625,4,5
21,3117,0.11830209684558214,0.14387333393096924,0.62890625,3,4
21,3118,0.15965775400400165,0.3784480094909668,0.46875,3,3
22,2310,0.22632372076623145,0.2963625192642212,0.60546875,2,4
22,2576,0.23329633707180622,0.28039371967315674,0.6328125,3,6
22,3119,0.18340949842240664,0.28370290994644165,0.55859375,2,5
22,3120,0.1346801235340536,0.24110567569732666,0.5234375,3,4
22,3121,0.07646995782852176,0.4078397750854492,0.375,4,8
22,3122,0.17973287007771435,0.19131648540496826,0.67578125,2,3
22,3123,0.02600151300430298,0.02600151300430298,0.91015625,2,3
22,3124,0.007592499256134033,0.007592499256134033,0.9609375,1,0
22,3125,0.1893890271894634,0.24181342124938965,0.61328125,3,5
22,3126,0.0811498615657911,0.4113735556602478,0.37890625,3,6
22,3127,0.23995222290977838,0.35507380962371826,0.5703125,3,5
22,3128,0.031231403350830078,0.031231403350830078,0.890625,2,3
22,3129,0.15331578254699707,0.15331578254699707,0.765625,2,4
22,3130,0.002294301986694336,0.002294301986694336,0.98046875,2,3
22,2725,0.235478175804019,0.2643965482711792,0.65625,3,2
22,3000,0.2274096705950797,0.2640221118927002,0.64453125,3,2
22,3131,0.2111828229390085,0.2202150821685791,0.68359375,3,2
22,3132,0.1444346308708191,0.1444346308708191,0.75390625,2,1
22,3133,0.1823334402870387,0.24502551555633545,0.59765625,3,2
22,3134,0.22140535432845357,0.2975316047668457,0.59765625,3,2
22,3135,0.143110990524292,0.143110990524292,0.75390625,3,2
22,3136,0.16005363222211602,0.2513725757598877,0.5546875,2,2
22,3137,0.17861732933670285,0.28052783012390137,0.5546875,3,2
22,3138,0.20660219714045527,0.2222275733947754,0.671875,2,2
22,3139,0.21744390833191576,0.31718313694000244,0.57421875,2,1
22,3140,0.244179985485971,0.274167001247406,0.65625,3,2
22,3141,0.20420492766425016,0.2454293966293335,0.6328125,2,1
22,3142,0.20826466253492984,0.20867222547531128,0.69921875,3,2
22,3143,0.19277888536453247,0.19277888536453247,0.71484375,3,2
22,3144,0.13729476672597232,0.2501598596572876,0.51953125,3,2
22,3145,0.1018797755241394,0.1018797755241394,0.71875,2,2
22,3146,0.21930767036974433,0.23589396476745605,0.671875,3,2
22,3147,0.11347806453704834,0.11347806453704834,0.80859375,4,4
22,3148,0.1045256992802024,0.343058705329895,0.421875,3,1
22,3149,0.2148040153551847,0.26759040355682373,0.62109375,2,1
22,2774,0.2675279481336475,0.27070021629333496,0.6953125,1,3
22,3033,0.20379138027783486,0.24784129858016968,0.62890625,2,5
22,3150,0.19912477489560845,0.27855706214904785,0.5859375,2,4
22,3151,0.15290307998657227,0.15290307998657227,0.765625,2,3
22,3152,0.14228862524032593,0.14228862524032593,0.80078125,1,2
22,3153,0.018291056156158447,0.018291056156158447,0.9296875,1,1
22,3154,0.18402981758117676,0.18402981758117676,0.73046875,1,3
22,3155,0.27435410022735596,0.27435410022735596,0.70703125,1,2
22,3156,0.14955615997314453,0.14955615997314453,0.7578125,1,2
22,3157,0.19213003688491884,0.28025805950164795,0.57421875,1,2
22,3158,0.2120544092031196,0.26416510343551636,0.62109375,1,2
22,3159,0.20727183215785774,0.2785385251045227,0.59765625,1,2
22,3160,0.19712022435851398,0.20555102825164795,0.68359375,2,4
22,3161,0.21597540099173787,0.24249869585037231,0.65625,2,4
22,3162,0.1425628596916795,0.26934385299682617,0.51171875,2,3
22,3163,0.13855022192001343,0.13855022192001343,0.74609375,2,5
22,3164,0.05426514148712158,0.05426514148712158,0.875,2,4
22,3165,0.19636834878474477,0.278505802154541,0.58203125,1,3
22,3166,0.21296278224326673,0.21763861179351807,0.69140625,1,3
22,3167,0.08635407686233522,0.13991546630859375,0.546875,2,4
22,3111,0.29530628200154757,0.30793648958206177,0.68359375,4,4
22,3109,0.2796818747883663,0.30402785539627075,0.66796875,3,4
22,3168,0.23049693647772077,0.27067530155181885,0.640625,4,4
22,3169,0.2528027922380716,0.2583533525466919,0.69140625,3,5
22,3170,0.2166949179954827,0.2171189785003662,0.69921875,5,6
22,3171,0.1228334903717041,0.1228334903717041,0.7109375,3,3
22,3172,0.17611054063308987,0.1999303698539734,0.65234375,4,4
22,3173,0.2294106334447861,0.26939964294433594,0.640625,3,2
22,3174,0.14136994397267702,0.3692929148674011,0.453125,4,4
22,3175,0.1976182460784912,0.1976182460784912,0.71484375,3,3
22,3176,0.27792299725115305,0.3053574562072754,0.6640625,4,3
22,3177,0.13540005683898926,0.13540005683898926,0.703125,4,5
22,3178,0.13598912954330444,0.13598912954330444,0.77734375,3,4
22,3179,0.10738414409570397,0.34149491786956787,0.42578125,2,3
22,3180,0.15205848217010498,0.15205848217010498,0.77734375,3,3
22,3181,0.13143569231033325,0.13143569231033325,0.74609375,4,3
22,3182,0.3032461674883962,0.3194692134857178,0.6796875,3,2
22,3183,0.2345265978947282,0.2522639036178589,0.671875,4,4
22,3184,0.2657533299643547,0.27997058629989624,0.6796875,4,5
22,3185,0.12019872665405273,0.12019872665405273,0.78515625,4,5
22,3186,0.23710324754938486,0.24724411964416504,0.68359375,4,5
22,3187,0.22071811067871752,0.268426775932312,0.62890625,4,4
22,3188,0.2982545774430037,0.30787569284439087,0.6875,4,5
22,3066,0.2806522496975959,0.29265570640563965,0.68359375,1,1
22,3087,0.26437997817993164,0.26437997817993164,0.703125,3,4
22,3189,0.15331578254699707,0.15331578254699707,0.765625,4,5
22,3190,0.1989675760269165,0.1989675760269165,0.7109375,2,1
22,3191,0.10856527090072632,0.10856527090072632,0.80859375,1,1
22,3192,0.2936064908280969,0.33331823348999023,0.65234375,3,3
22,3193,0.28995518269948667,0.3054671883583069,0.6796875,1,1
22,3194,0.22468288871459666,0.22961604595184326,0.69140625,2,2
22,3195,0.2929223440587521,0.3218374252319336,0.6640625,4,6
22,3196,0.19711492862552407,0.28752946853637695,0.57421875,2,2
22,3197,0.23998048575595024,0.24282610416412354,0.6953125,2,4
22,3198,0.2586089791730047,0.34752702713012695,0.59765625,3,3
22,3199,0.17923846375197175,0.3325003385543823,0.515625,3,4
22,3200,0.2694432251155377,0.27813494205474854,0.6875,2,1
22,3201,0.221679637208581,0.23596668243408203,0.67578125,1,0
22,3202,0.2957157883793116,0.3596353530883789,0.62890625,5,7
22,3203,0.10676634428091349,0.16768211126327515,0.5546875,3,3
22,3204,0.2532624125014991,0.3193851113319397,0.6171875,2,1
22,3205,0.11575875524431468,0.15975332260131836,0.58984375,1,1
22,3206,0.14684104919433594,0.14684104919433594,0.7890625,4,5
22,3207,0.20482018403708938,0.2789040803909302,0.59375,1,1
22,3208,0.2616321999812499,0.3425976634025574,0.60546875,4,5
22,3209,0.181499635335058,0.18365180492401123,0.6953125,4,4
22,3210,0.2924375091679395,0.3145546317100525,0.671875,4,6
22,3062,0.24009054503403607,0.27874457836151123,0.64453125,5,9
22,3053,0.22762991487979892,0.27683258056640625,0.62890625,4,7
22,3211,0.2434215475805104,0.24630796909332275,0.6953125,4,8
22,3212,0.11721332836896182,0.2542933225631714,0.484375,5,10
22,3213,0.14129197597503662,0.14129197597503662,0.7421875,5,8
22,3214,0.20216639293357733,0.27900052070617676,0.58984375,4,6
22,3215,0.19213003688491884,0.28025805950164795,0.57421875,4,8
22,3216,0.267826229101047,0.282154381275177,0.6796875,4,6
22,3217,0.2286750401835889,0.23138660192489624,0.6953125,5,7
22,3218,0.19213003688491884,0.28025805950164795,0.57421875,4,6
22,3219,0.22422317136079076,0.282764196395874,0.6171875,5,9
22,3220,0.07562053203582764,0.07562053203582764,0.80859375,3,4
22,3221,0.2477335957810283,0.2506711483001709,0.6953125,4,5
22,3222,0.22271301783621314,0.30326879024505615,0.59375,3,4
22,3223,0.24820465408265593,0.27868592739105225,0.65625,5,8
22,3224,0.13078546524047852,0.13078546524047852,0.7578125,3,6
22,3225,0.15689873695373535,0.15689873695373535,0.765625,4,8
22,3226,0.2417338504455984,0.2744295597076416,0.65234375,5,7
22,3227,0.09054758772253992,0.2146313190460205,0.46875,5,7
22,3228,0.21965249348431828,0.27700018882751465,0.6171875,4,7
22,3229,0.19981712847948077,0.2583494186401367,0.609375,3,4
22,3230,0.19213003688491884,0.28025805950164795,0.57421875,3,4
22,3231,0.24847814999520781,0.35241222381591797,0.58203125,4,5
22,3232,0.1746430569328368,0.3361550569534302,0.5078125,3,4
22,3027,0.21616103500127795,0.2794809341430664,0.609375,2,4
22,3012,0.2748222351074219,0.2748222351074219,0.71484375,2,5
22,3233,0.18804506072774532,0.2782632112503052,0.5703125,2,3
22,3234,0.19214785262010994,0.28028404712677,0.57421875,1,2
22,3235,0.20068827574141326,0.2807442545890808,0.5859375,3,6
22,3236,0.14317454025149348,0.1508340835571289,0.6796875,1,2
22,3237,0.23159753927029672,0.2816578149795532,0.62890625,1,2
22,3238,0.21104236878454688,0.24227285385131836,0.6484375,1,3
22,3239,0.18438101769424978,0.27284127473831177,0.5703125,1,2
22,3240,0.1893804133869708,0.2802392244338989,0.5703125,3,3
22,3241,0.2553048895206303,0.27752888202667236,0.66796875,2,4
22,3242,0.18936784612014892,0.280220627784729,0.5703125,1,2
22,3243,0.1836869549006224,0.264178991317749,0.578125,1,2
22,3244,0.18869340280070904,0.27922260761260986,0.5703125,2,4
22,3245,0.18703291239216926,0.27676546573638916,0.5703125,3,4
22,3246,0.21271081594750288,0.25868868827819824,0.62890625,2,4
22,3247,0.26153178722597664,0.2842978239059448,0.66796875,3,5
22,3248,0.21146701835095885,0.25415754318237305,0.6328125,1,3
22,3249,0.1920256759040058,0.2801058292388916,0.57421875,2,3
22,3250,0.16102338535711172,0.2608986496925354,0.546875,2,5
22,3251,0.1055229842895642,0.2560557723045349,0.46484375,2,5
22,3252,0.15330874919891357,0.15330874919891357,0.76171875,2,4
22,3253,0.18371994048357013,0.279954195022583,0.5625,2,4
22,3254,0.21209905785508457,0.27080976963043213,0.61328125,1,2
23,3127,0.23620608262717727,0.359933078289032,0.5625,3,5
23,2576,0.20506424596533182,0.28686583042144775,0.5859375,3,6
23,3255,0.2811350615229458,0.33397018909454346,0.63671875,3,5
23,3256,0.004080969141796242,0.34824270009994507,0.3046875,4,7
23,3257,0.01828634738922119,0.01828634738922119,0.8671875,2,3
23,3258,0.023333370685577393,0.023333370685577393,0.875,4,6
23,3259,0.15178568568080666,0.38663816452026367,0.45703125,3,6
23,3260,0.1581931710243225,0.1581931710243225,0.73828125,4,5
23,3261,0.06420403718948364,0.06420403718948364,0.76171875,3,7
23,3262,0.08989894064143301,0.22343814373016357,0.4609375,3,6
23,3263,0.18083246331661942,0.31279128789901733,0.53125,4,9
23,3264,0.1137115436140448,0.2520359754562378,0.48046875,3,4
23,3265,0.246595464181155,0.3449641466140747,0.5859375,3,5
23,3266,0.0021958351135253906,0.0021958351135253906,0.94140625,3,6
23,3267,0.24133177148178223,0.31601500511169434,0.60546875,3,4
23,3140,0.2518246285617352,0.27668285369873047,0.6640625,3,2
23,2725,0.25361913582310086,0.267187237739563,0.6796875,3,2
23,3268,0.25037892512045806,0.2665156126022339,0.67578125,3,3
23,3269,0.21882036153692755,0.2661188244819641,0.62890625,3,2
23,3270,0.11591498600319029,0.302798330783844,0.453125,2,1
23,3271,0.15509140491485596,0.15509140491485596,0.72265625,3,3
23,3272,0.2570130545645953,0.28238344192504883,0.6640625,4,4
23,3273,0.06539547443389893,0.06539547443389893,0.79296875,3,2
23,3274,0.2211802077945322,0.23064005374908447,0.68359375,3,1
23,3275,0.15000539645552638,0.25946879386901855,0.53125,3,3
23,3276,0.21827057050541046,0.2752574682235718,0.6171875,3,1
23,3277,0.19467545044608417,0.26161110401153564,0.59765625,4,4
23,3278,0.1939362525008619,0.24159455299377441,0.62109375,3,2
23,3279,0.15535444021224978,0.23673057556152344,0.5625,2,2
23,3280,0.15934288501739502,0.15934288501739502,0.73828125,3,2
23,3281,0.17553852987475696,0.26356518268585205,0.56640625,4,3
23,3282,0.17965781688690186,0.17965781688690186,0.70703125,3,2
23,3283,0.18931678496301177,0.2577930688858032,0.59375,3,2
23,3284,0.16860413551330566,0.16860413551330566,0.73046875,3,2
23,3285,0.15018484974280003,0.21907305717468262,0.57421875,3,2
23,3286,0.15919852256774902,0.15919852256774902,0.73828125,3,1
23,3287,0.11524677276611328,0.11524677276611328,0.765625,4,5
23,3155,0.27286166464909917,0.2760971784591675,0.6953125,1,2
23,2774,0.2715493440628052,0.2715493440628052,0.703125,1,3
23,3288,0.20707029197365048,0.28196805715560913,0.59375,1,3
23,3289,0.15783223416656258,0.34982728958129883,0.48046875,1,2
23,3290,0.22562215104699138,0.27768880128860474,0.625,2,4
23,3291,0.15936124324798584,0.15936124324798584,0.73828125,1,2
23,3292,0.2048156228847802,0.23251795768737793,0.65234375,1,2
23,3293,0.11298537254333496,0.11298537254333496,0.79296875,1,1
23,3294,0.15141135966405275,0.24150347709655762,0.55078125,2,4
23,3295,0.1545221239794046,0.2543901205062866,0.54296875,1,2
23,3296,0.06553208827972412,0.06553208827972412,0.76171875,1,1
23,3297,0.20287353266030553,0.2228996753692627,0.6640625,1,3
23,3298,0.11445784568786621,0.11445784568786621,0.70703125,1,3
23,3299,0.020228266716003418,0.020228266716003418,0.83984375,1,3
23,3300,0.13264473667368296,0.17150026559829712,0.609375,2,4
23,3301,0.13739041914232078,0.22618615627288818,0.54296875,1,2
23,3302,0.15939438343048096,0.15939438343048096,0.73828125,1,1
23,3303,0.06368350982666016,0.06368350982666016,0.7734375,1,2
23,3304,0.20705260802060368,0.2819439768791199,0.59375,2,5
23,3012,0.27089235442690557,0.27684009075164795,0.69140625,2,5
23,3247,0.26878529461100703,0.28610825538635254,0.67578125,3,5
23,3305,0.15944278240203857,0.15944278240203857,0.7421875,2,5
23,3306,0.20701824687421325,0.2818971872329712,0.59375,2,5
23,3307,0.21804257179610434,0.247533917427063,0.65234375,1,2
23,3308,0.17213329672813418,0.21185636520385742,0.625,3,4
23,3309,0.21937910723499957,0.28010499477386475,0.61328125,1,2
23,3310,0.25433128466829663,0.2887308597564697,0.65234375,2,4
23,3311,0.17612002301029864,0.18747079372406006,0.67578125,3,4
23,3312,0.21169099537655714,0.2737014889717102,0.609375,2,3
23,3313,0.11838324368000032,0.25150299072265625,0.48828125,2,5
23,3314,0.20707029197365048,0.28196805715560913,0.59375,2,2
23,3315,0.20706867240369323,0.28196585178375244,0.59375,1,2
23,3316,0.18899349519051614,0.253975510597229,0.59765625,2,5
23,3317,0.2069743871688843,0.28183746337890625,0.59375,2,3
23,3318,0.20707029197365048,0.28196805715560913,0.59375,1,2
23,3319,0.20707029197365048,0.28196805715560913,0.59375,1,1
23,3320,0.22197833820246163,0.27993327379226685,0.6171875,1,2
23,3321,0.20703339204192164,0.2819178104400635,0.59375,1,2
23,3111,0.26848489791154867,0.3117103576660156,0.64453125,4,4
23,3109,0.2821531905792654,0.3067142963409424,0.66796875,3,4
23,3322,0.20658103935420516,0.23195064067840576,0.65625,4,4
23,3323,0.2746153571642936,0.29538458585739136,0.671875,3,3
23,3324,0.1916502006351948,0.19783246517181396,0.6875,3,3
23,3325,0.2821531905792654,0.3067142963409424,0.66796875,3,4
23,3326,0.22325142938643697,0.23519492149353027,0.6796875,2,1
23,3327,0.282242207787931,0.3169035315513611,0.65625,4,3
23,3328,0.1447805752977729,0.37820231914520264,0.453125,4,4
23,3329,0.24663398042321208,0.25458991527557373,0.6875,4,3
23,3330,0.1590558886528015,0.1590558886528015,0.7421875,4,3
23,3331,0.275535864988342,0.34747380018234253,0.6171875,5,5
23,3332,0.154771089553833,0.154771089553833,0.74609375,3,3
23,3333,0.13527779211290183,0.14863139390945435,0.6640625,2,2
23,3334,0.15360019449144605,0.1687624454498291,0.6640625,4,3
23,3335,0.2513330960646272,0.262082576751709,0.68359375,4,2
23,3336,0.27386255562305456,0.3453636169433594,0.6171875,4,4
23,3337,0.10156190395355225,0.10156190395355225,0.7734375,2,1
23,3188,0.26523980265483266,0.3114742636680603,0.640625,4,5
23,3192,0.2834404022432864,0.33670878410339355,0.63671875,3,3
23,3338,0.26776451058685785,0.314439058303833,0.640625,3,4
23,3339,0.17973635997623208,0.3525862693786621,0.50390625,4,4
23,3340,0.17286607262212786,0.17320436239242554,0.69921875,3,2
23,3341,0.06133204698562622,0.06133204698562622,0.8125,6,9
23,3342,0.265876516699791,0.34375953674316406,0.609375,4,5
23,3343,0.2366430269321427,0.3660460114479065,0.55859375,6,9
23,3344,0.20660171099007132,0.2813299894332886,0.59375,4,6
23,3345,0.27102878899313515,0.35490214824676514,0.60546875,4,5
23,3346,0.24918941152282062,0.24967706203460693,0.69921875,3,5
23,3347,0.1341078281402588,0.1341078281402588,0.7578125,5,7
23,3348,0.23157870024442676,0.2544384002685547,0.6640625,3,5
23,3349,0.15543347597122192,0.15543347597122192,0.75390625,4,6
23,3350,0.20843986817635599,0.2265843152999878,0.66796875,6,9
23,3351,0.17935168743133545,0.17935168743133545,0.73046875,4,4
23,3352,0.21238207817077637,0.21238207817077637,0.7109375,4,5
23,3353,0.18383681774139404,0.18383681774139404,0.7265625,4,4
23,3354,0.17759418487548828,0.17759418487548828,0.72265625,4,5
23,3355,0.1281868815422058,0.1281868815422058,0.7421875,2,3
23,3356,0.2070969678461552,0.2275400161743164,0.6640625,3,3
23,3357,0.25794798531569546,0.274572491645813,0.67578125,4,4
23,3358,0.2584578518290073,0.2695120573043823,0.68359375,4,5
23,3359,0.14780934713780883,0.19110703468322754,0.609375,5,8
23,3360,0.20603734161704781,0.3093581199645996,0.56640625,4,5
23,3361,0.26731604384258395,0.2875332236289978,0.671875,4,4
23,3362,0.20707029197365048,0.28196805715560913,0.59375,5,6
23,3363,0.1438133544288576,0.2097790241241455,0.57421875,3,4
23,3364,0.20707029197365048,0.28196805715560913,0.59375,4,5
23,3365,0.22749062604270878,0.2766631841659546,0.62890625,5,6
23,3366,0.2790049507748336,0.33931243419647217,0.62890625,4,5
23,3367,0.23352432786487046,0.265109658241272,0.65234375,4,4
23,3368,0.18794919503852728,0.27812135219573975,0.5703125,5,8
23,3369,0.021120667457580566,0.021120667457580566,0.84375,5,8
23,3182,0.26572055974975234,0.32315659523010254,0.62890625,3,2
23,3202,0.2602537593338639,0.3640708327293396,0.5859375,5,7
23,3370,0.2215518616139889,0.23102760314941406,0.68359375,3,1
23,3371,0.26601547375321394,0.26916980743408203,0.6953125,4,6
23,3372,0.28352402569726115,0.33294564485549927,0.640625,3,2
23,3373,0.15298479795455933,0.15298479795455933,0.73828125,4,5
23,3374,0.19416884286329153,0.3476029634475708,0.5234375,3,3
23,3375,0.2633325546048582,0.3023010492324829,0.6484375,5,6
23,3376,0.16219398798421028,0.2713834047317505,0.5390625,4,6
23,3377,0.19007539749145508,0.19007539749145508,0.71875,2,1
23,3378,0.0006641149520874023,0.0006641149520874023,0.9609375,6,9
23,3379,0.09596973657608032,0.09596973657608032,0.7734375,6,7
23,3380,0.10756194591522217,0.10756194591522217,0.7265625,3,2
23,3381,0.060397207736968994,0.060397207736968994,0.7578125,5,9
23,3382,0.21596755273640159,0.29408347606658936,0.59375,6,8
23,3383,0.25492641003802424,0.3100292682647705,0.62890625,4,6
23,3384,0.26048337318934506,0.26620256900787354,0.69140625,4,5
23,3385,0.14327019453048706,0.14327019453048706,0.76171875,4,6
23,3386,0.13740119873546067,0.3683215379714966,0.44921875,4,2
23,3387,0.2207937041530386,0.275052011013031,0.62109375,3,2
23,3388,0.25139001547358936,0.3516712784767151,0.5859375,5,7
23,3389,0.2629531130660326,0.31979095935821533,0.62890625,3,2
23,3390,0.18111860752105713,0.18111860752105713,0.73046875,5,6
24,3272,0.23211849341169002,0.2963707447052002,0.61328125,4,4
24,2725,0.23945150058716538,0.28119075298309326,0.640625,3,2
24,3391,0.2292602418456227,0.2661706209182739,0.64453125,4,4
24,3392,0.1556323920376599,0.15593695640563965,0.69921875,2,1
24,3393,0.18425489170476797,0.30333924293518066,0.54296875,3,2
24,3394,0.06100165843963623,0.06100165843963623,0.8046875,3,2
24,3395,0.19623770797625187,0.28624987602233887,0.57421875,3,2
24,3396,0.21965227718465033,0.32980048656463623,0.56640625,4,4
24,3397,0.22434957465156916,0.26964080333709717,0.6328125,2,0
24,3398,0.2168079488910735,0.2913534641265869,0.59765625,3,3
24,3399,0.14731075800955298,0.34918105602264404,0.46875,4,4
24,3400,0.12238151114434005,0.36642885208129883,0.43359375,4,3
24,3401,0.19409022480249408,0.23888027667999268,0.625,5,6
24,3402,0.16624152800068262,0.16821277141571045,0.6953125,3,2
24,3403,0.08085012435913086,0.08085012435913086,0.7890625,2,0
24,3404,0.22781781479716304,0.2803911566734314,0.625,3,1
24,3405,0.11285316944122314,0.11285316944122314,0.7265625,2,2
24,3406,0.21100267162546518,0.2694098949432373,0.61328125,2,2
24,3407,0.2192546657752246,0.3292034864425659,0.56640625,3,3
24,3408,0.1224146573804319,0.12896358966827393,0.6796875,3,3
24,3409,0.18732616584748032,0.33535313606262207,0.5234375,4,4
24,3410,0.22791659412905577,0.28392529487609863,0.62109375,4,5
24,2774,0.24751033668871972,0.28735893964767456,0.64453125,1,3
24,3012,0.2508379354840145,0.2912222743034363,0.64453125,2,5
24,3411,0.22114591277204457,0.28958237171173096,0.60546875,1,2
24,3412,0.2332350090146065,0.2870584726333618,0.625,1,2
24,3413,0.23210056731477383,0.29634785652160645,0.61328125,2,3
24,3414,0.20904327998869124,0.29243212938308716,0.5859375,1,2
24,3415,0.17741088452748957,0.2920719385147095,0.54296875,2,5
24,3416,0.19433879479765895,0.26819801330566406,0.58984375,1,1
24,3417,0.2399670444428921,0.2953440546989441,0.625,1,3
24,3418,0.22697827918455007,0.29346686601638794,0.609375,1,2
24,3419,0.2320276024984196,0.2962546944618225,0.61328125,1,2
24,3420,0.22914263186976316,0.2754014730453491,0.6328125,1,3
24,3421,0.23210047394968572,0.2963477373123169,0.61328125,1,1
24,3422,0.22998183337040248,0.29364264011383057,0.61328125,1,2
24,3423,0.0938946008682251,0.0938946008682251,0.76171875,2,2
24,3424,0.22766909468919042,0.29436004161834717,0.609375,1,2
24,3425,0.2054908471181989,0.25598859786987305,0.62109375,1,3
24,3426,0.21823260560631755,0.28215932846069336,0.609375,1,2
24,3427,0.23210047394968572,0.2963477373123169,0.61328125,1,1
24,3428,0.23210047394968572,0.2963477373123169,0.61328125,2,2
24,3429,0.241316881030798,0.29347801208496094,0.62890625,1,2
24,3155,0.2563687806250528,0.2910439372062683,0.65234375,1,2
24,3290,0.23166101565584543,0.29214394092559814,0.6171875,2,4
24,3430,0.2387582729570568,0.29743123054504395,0.62109375,3,5
24,3431,0.1371741613838822,0.3494187593460083,0.45703125,1,2
24,3432,0.23205565870739522,0.2962905168533325,0.61328125,1,1
24,3433,0.23137259972281757,0.295418381690979,0.61328125,2,2
24,3434,0.15642673289403322,0.2575256824493408,0.54296875,2,4
24,3435,0.1486361137358472,0.28081804513931274,0.51171875,2,3
24,3436,0.20462537067942324,0.2714201807975769,0.6015625,2,4
24,3437,0.23533149249851706,0.29316234588623047,0.62109375,1,2
24,3438,0.11495051812380554,0.23924660682678223,0.4921875,2,4
24,3439,0.2318022423423827,0.292322039604187,0.6171875,1,2
24,3440,0.23210047394968572,0.2963477373123169,0.61328125,1,2
24,3441,0.16763063252437863,0.16795867681503296,0.69921875,1,2
24,3255,0.2610551808029414,0.3462700843811035,0.6015625,3,5
24,3265,0.19926740601658824,0.35673046112060547,0.5234375,3,5
24,3442,0.11660540476441385,0.17768442630767822,0.5625,3,6
24,3443,0.21709449775516992,0.3886446952819824,0.5234375,3,4
24,3444,0.18077627709135416,0.34796035289764404,0.5078125,3,4
24,3445,0.23064645275007936,0.2944912314414978,0.61328125,2,2
24,3446,0.2470164075493813,0.3764059543609619,0.5625,3,4
24,3447,0.15548260067589584,0.15578687191009521,0.69921875,2,2
24,3448,0.1962502782698721,0.2088984251022339,0.67578125,3,5
24,3449,0.19671041797846558,0.25433266162872314,0.609375,3,5
24,3450,0.19145195838063958,0.3551572561264038,0.515625,3,4
24,3451,0.16470450838096443,0.16832077503204346,0.69140625,3,5
24,3452,0.0,0.38333868980407715,0.14453125,2,2
24,3453,0.09766101837158203,0.09766101837158203,0.7734375,3,4
24,3454,0.08207578817382458,0.41606736183166504,0.37890625,3,3
24,3455,0.15787672996520996,0.15787672996520996,0.7265625,3,4
24,3327,0.2742905449122191,0.3296637535095215,0.6328125,4,3
24,3325,0.26929466379806405,0.3199045658111572,0.63671875,3,4
24,3456,0.24769641458988192,0.27811527252197266,0.65625,4,3
24,3457,0.12247958150692287,0.4152950048446655,0.41796875,4,3
24,3458,0.0,0.37393808364868164,0.26953125,3,4
24,3459,0.14685299131087962,0.39365828037261963,0.44921875,4,4
24,3460,0.19387632468715313,0.204248309135437,0.6796875,5,3
24,3461,0.2732981273438782,0.32466042041778564,0.63671875,4,3
24,3462,0.037729084491729736,0.037729084491729736,0.796875,3,3
24,3463,0.2646726910024882,0.31810426712036133,0.6328125,4,6
24,3464,0.13016098737716675,0.13016098737716675,0.75,5,6
24,3465,0.05129599571228027,0.05129599571228027,0.828125,4,3
24,3466,0.2390453899279237,0.26264214515686035,0.6640625,3,4
24,3467,0.10546040534973145,0.10546040534973145,0.75,4,2
24,3468,0.2722618416883052,0.3197203278541565,0.640625,3,1
24,3469,0.2709559892537073,0.34595876932144165,0.61328125,4,3
24,3470,0.24935105326585474,0.27105677127838135,0.66796875,3,3
24,3471,0.25963493145536637,0.31575554609298706,0.62890625,4,3
24,3472,0.15070059616118672,0.3936668634414673,0.453125,4,4
24,3473,0.03303259611129761,0.03303259611129761,0.83984375,4,4
24,3474,0.2720571837853641,0.34736478328704834,0.61328125,4,2
24,3192,0.25969414995051926,0.34898531436920166,0.59765625,3,3
24,3366,0.265051142545417,0.3515704274177551,0.6015625,4,5
24,3475,0.08466782188043,0.19181382656097412,0.4765625,4,5
24,3476,0.006964683532714844,0.006964683532714844,0.90625,4,4
24,3477,0.24773003114387396,0.29091233015060425,0.640625,3,3
24,3478,0.2320994002511725,0.29634636640548706,0.61328125,4,5
24,3479,0.16179950209334495,0.2327004075050354,0.578125,3,4
24,3480,0.2586446180939675,0.31833183765411377,0.625,3,3
24,3481,0.24028622219339016,0.3555680513381958,0.5703125,2,3
24,3482,0.14628716278821233,0.3389096260070801,0.47265625,2,1
24,3483,0.2618484374834225,0.2908164858818054,0.66015625,4,5
24,3484,0.2550920047797263,0.27438467741012573,0.671875,3,5
24,3485,0.25669056328479206,0.3640597462654114,0.58203125,4,6
24,3486,0.16487272572703662,0.1668277382850647,0.6953125,3,4
24,3487,0.2550188740715385,0.3667687177658081,0.578125,4,6
24,3488,0.23829600960016253,0.29328739643096924,0.625,3,4
24,3489,0.23210094077512625,0.29634833335876465,0.61328125,2,2
24,3490,0.20700142008718106,0.21154636144638062,0.69140625,4,4
24,3491,0.2320901571074501,0.29633456468582153,0.61328125,4,5
24,3492,0.16693925857543945,0.16693925857543945,0.703125,4,5
24,3493,0.27007834380492574,0.34919220209121704,0.609375,4,5
24,3494,0.23568966286256912,0.29722440242767334,0.6171875,2,3
24,3495,0.24635898135602477,0.27661359310150146,0.65625,4,4
24,3496,0.13341335952281955,0.38811159133911133,0.4375,4,5
24,3497,0.24073182977736,0.36682945489883423,0.5625,4,5
24,3498,0.253660835325718,0.2728452682495117,0.671875,3,2
24,3499,0.23168125865049663,0.25731194019317627,0.66015625,3,5
24,3500,0.26449300628155475,0.33354783058166504,0.6171875,4,6
24,3501,0.25260440097190445,0.30359965562820435,0.6328125,3,5
24,3502,0.23401630623266104,0.2951141595840454,0.6171875,2,2
24,3503,0.2510251798667014,0.3661677837371826,0.57421875,3,4
24,3504,0.22842044010758403,0.2953314781188965,0.609375,3,3
24,3505,0.2710837190970779,0.3183368444442749,0.640625,3,2
24,3506,0.23210047394968572,0.2963477373123169,0.61328125,3,1
24,3372,0.2704493436031044,0.34531188011169434,0.61328125,3,2
24,3371,0.2627417542971671,0.28261297941207886,0.671875,4,6
24,3507,0.2252176739275456,0.38956570625305176,0.53125,3,2
24,3508,0.18588852323591712,0.3868899345397949,0.4921875,3,2
24,3509,0.15417758608236912,0.24591565132141113,0.55078125,5,7
24,3510,0.16644281521439555,0.17181193828582764,0.6875,3,2
24,3511,0.21584841795265677,0.30195188522338867,0.5859375,3,1
24,3512,0.03015458583831787,0.03015458583831787,0.83984375,4,6
24,3513,0.19878252921625975,0.20941698551177979,0.6796875,3,2
24,3514,0.23817145382054153,0.3474181890487671,0.57421875,2,1
24,3515,0.23665700096171352,0.3265994191169739,0.58984375,5,7
24,3516,0.26640114001929766,0.344437837600708,0.609375,4,6
24,3517,0.24718284071423116,0.29363715648651123,0.63671875,3,4
24,3518,0.2606082474812866,0.29917359352111816,0.6484375,3,2
24,3519,0.2525894085410983,0.2745770215988159,0.66796875,5,7
24,3520,0.2422470864839852,0.32132256031036377,0.6015625,3,1
24,3521,0.10193932056427002,0.10193932056427002,0.7578125,3,2
24,3522,0.2337809397140518,0.3510141968727112,0.56640625,3,3
24,3523,0.23210047394968572,0.2963477373123169,0.61328125,5,7
24,3524,0.2130032046698034,0.2267310619354248,0.67578125,4,4
24,3525,0.25948685780167585,0.36299800872802734,0.5859375,3,1
24,3526,0.2515004535671324,0.30586278438568115,0.62890625,3,1
25,2725,0.19752903655171397,0.2840867042541504,0.578125,3,2
25,3272,0.19409718061797324,0.30023491382598877,0.55859375,4,4
25,3527,0.1529479017481208,0.33181917667388916,0.484375,3,2
25,3528,0.2007587403059006,0.32021331787109375,0.55078125,4,5
25,3529,0.17894859937950972,0.32035553455352783,0.5234375,5,6
25,3530,0.1867788312956691,0.2543371319770813,0.59375,4,4
25,3531,0.16281849786173555,0.24446648359298706,0.56640625,3,2
25,3532,0.11325939651578666,0.34933018684387207,0.4296875,5,6
25,3533,0.1818721820600331,0.30430901050567627,0.5390625,3,2
25,3534,0.20028618793003264,0.30072295665740967,0.56640625,4,4
25,3535,0.18382572149857881,0.34101003408432007,0.515625,4,5
25,3536,0.17081001028418544,0.26028192043304443,0.5625,3,3
25,3537,0.10272998362779619,0.16912460327148438,0.54296875,3,3
25,3538,0.17995653254911306,0.3463824987411499,0.5078125,4,3
25,3539,0.20953396707773211,0.25788795948028564,0.625,3,2
25,3540,0.19339123181998732,0.27428340911865234,0.58203125,3,1
25,3541,0.10227143205702306,0.1769019365310669,0.53125,3,2
25,3542,0.1667591389268637,0.19582724571228027,0.640625,4,3
25,3543,0.1850652093999088,0.2392762303352356,0.609375,4,4
25,3544,0.1766573376953602,0.19835209846496582,0.65625,3,2
25,3545,0.16692673671059313,0.35463273525238037,0.48828125,3,2
25,3012,0.24282988300547007,0.29185187816619873,0.6328125,2,5
25,2774,0.22933743963949385,0.28921371698379517,0.6171875,1,3
25,3546,0.1954125105403364,0.29340529441833496,0.56640625,1,3
25,3547,0.1281134455930442,0.18170106410980225,0.58203125,1,3
25,3548,0.15577430021949115,0.20933449268341064,0.59765625,2,3
25,3549,0.20336898718960586,0.2966521978378296,0.57421875,1,4
25,3550,0.13619687967002395,0.22422122955322266,0.54296875,2,5
25,3551,0.18071493366733196,0.29280394315719604,0.546875,2,4
25,3552,0.15362662333063784,0.31974321603775024,0.4921875,2,7
25,3553,0.19274689070880416,0.29814624786376953,0.55859375,1,1
25,3554,0.21790228458121422,0.27479302883148193,0.6171875,1,3
25,3555,0.16461210511624816,0.16992217302322388,0.6875,1,1
25,3556,0.11620811547618361,0.2819836735725403,0.46484375,2,5
25,3557,0.19565749727189544,0.29814475774765015,0.5625,1,3
25,3558,0.12685622507706287,0.17746007442474365,0.5859375,1,2
25,3559,0.1444127338472754,0.28329241275787354,0.50390625,1,2
25,3560,0.0007106661796569824,0.0007106661796569824,0.97265625,1,3
25,3561,0.20013466989621523,0.27996981143951416,0.5859375,1,2
25,3562,0.19274689070880416,0.29814624786376953,0.55859375,1,1
25,3563,0.20614260295405987,0.29647475481033325,0.578125,1,2
25,3564,0.09073898056522013,0.09760159254074097,0.671875,2,4
25,3155,0.23219226999208334,0.29281389713287354,0.6171875,1,2
25,3430,0.17860504612326625,0.2988424301147461,0.5390625,3,5
25,3565,0.1576537541113794,0.2637866735458374,0.5390625,3,4
25,3566,0.19565495476126674,0.29814088344573975,0.5625,1,1
25,3567,0.05935484170913696,0.05935484170913696,0.7890625,1,2
25,3568,0.19274689070880416,0.29814624786376953,0.55859375,1,1
25,3569,0.21889034099876883,0.2794809341430664,0.61328125,4,5
25,3570,0.19274689070880416,0.29814624786376953,0.55859375,1,2
25,3571,0.11616723192855717,0.26912951469421387,0.47265625,1,3
25,3572,0.19246559636667374,0.2977111339569092,0.55859375,1,2
25,3573,0.19262739841360602,0.29796141386032104,0.55859375,1,1
25,3574,0.1956424377858639,0.2981218099594116,0.5625,1,3
25,3575,0.18777534249238673,0.2949109673500061,0.5546875,1,2
25,3576,0.1646995842456818,0.1700124740600586,0.6875,3,4
25,3577,0.1955935317091644,0.29367709159851074,0.56640625,1,1
25,3578,0.20565696025732907,0.2693001627922058,0.60546875,1,2
25,3579,0.16691686771810058,0.17584657669067383,0.6796875,3,5
25,3580,0.0,0.395953893661499,0.25,1,2
25,3255,0.23052306286990645,0.35127323865890503,0.5625,3,5
25,3446,0.17654363065958026,0.3830099105834961,0.484375,3,4
25,3581,0.09063137602061036,0.4180474281311035,0.38671875,3,4
25,3582,0.17696334794163707,0.20315074920654297,0.6484375,2,1
25,3583,0.09864628314971924,0.09864628314971924,0.734375,2,1
25,3584,0.20769053988624367,0.27196305990219116,0.60546875,3,3
25,3585,0.11090433597564697,0.11090433597564697,0.72265625,3,4
25,3586,0.1976045183837414,0.26907849311828613,0.59375,3,4
25,3587,0.08041667938232422,0.08041667938232422,0.78515625,2,3
25,3588,0.10462463507428768,0.3799135684967041,0.41015625,3,5
25,3589,0.05029460089281202,0.3626878261566162,0.35546875,3,5
25,3590,0.18448059679940346,0.22981524467468262,0.62109375,2,1
25,3591,0.061743855476379395,0.061743855476379395,0.7890625,2,2
25,3592,0.14267707429826262,0.3927454948425293,0.4453125,3,4
25,3593,0.033559963107109084,0.41909027099609375,0.33203125,4,6
25,3594,0.18346908013336363,0.22312629222869873,0.62890625,2,1
25,3595,0.07119041681289673,0.07119041681289673,0.75390625,3,5
25,3493,0.23934496613219383,0.3541752099990845,0.5703125,4,5
25,3366,0.24804611131548884,0.35674047470092773,0.578125,4,5
25,3596,0.22358951903879645,0.34070783853530884,0.5625,4,7
25,3597,0.12436299829278143,0.14438515901565552,0.64453125,3,3
25,3598,0.16597533167805525,0.16961950063705444,0.69140625,4,5
25,3599,0.16464923322200778,0.16996049880981445,0.6875,4,4
25,3600,0.2538719987496734,0.3241457939147949,0.61328125,5,6
25,3601,0.22706018295139077,0.28634190559387207,0.6171875,4,6
25,3602,0.059479475021362305,0.059479475021362305,0.7890625,4,4
25,3603,0.23982465546578172,0.30243897438049316,0.6171875,3,5
25,3604,0.065053858445026,0.41120463609695435,0.36328125,5,7
25,3605,0.09761264990083876,0.39664822816848755,0.3984375,4,5
25,3606,0.24700985010713342,0.3363538384437561,0.59375,4,4
25,3607,0.16919297247659418,0.2468000054359436,0.57421875,2,2
25,3608,0.18846902216318998,0.20931917428970337,0.66015625,4,5
25,3609,0.2317438957979903,0.3479556441307068,0.56640625,4,6
25,3610,0.2613802528940142,0.32962238788604736,0.6171875,5,6
25,3611,0.1321179441874847,0.13237649202346802,0.69921875,4,4
25,3612,0.15698383469134572,0.16538214683532715,0.6796875,3,3
25,3613,0.0696583378594369,0.4147101044654846,0.3671875,4,5
25,3614,0.07192843430675568,0.0790286660194397,0.6640625,4,6
25,3615,0.2445884691551328,0.356778621673584,0.57421875,4,6
25,3616,0.2011314143892378,0.2446063756942749,0.62890625,4,5
25,3617,0.2156995818950236,0.360909104347229,0.5390625,4,6
25,3618,0.1686161505058408,0.2916603684425354,0.53125,5,6
25,3619,0.20366907049901786,0.24194562435150146,0.63671875,2,2
25,3620,0.03778198873624208,0.42052996158599854,0.3359375,4,4
25,3621,0.16484713694080713,0.1736661195755005,0.6796875,5,5
25,3622,0.17687502992339435,0.20304936170578003,0.6484375,3,2
25,3623,0.10336724668741229,0.3891472816467285,0.40625,4,5
25,3468,0.24041025806218388,0.3230710029602051,0.59765625,3,1
25,3505,0.2519272506469861,0.3216627240180969,0.61328125,3,2
25,3624,0.24292723054531964,0.29543644189834595,0.62890625,5,7
25,3625,0.23103088373318317,0.29134929180145264,0.6171875,3,1
25,3626,0.12561839539557698,0.18066465854644775,0.578125,4,5
25,3627,0.2544243342708797,0.34190356731414795,0.59765625,3,2
25,3628,0.24341959354933354,0.2960352301597595,0.62890625,3,2
25,3629,0.06496483320370318,0.36551642417907715,0.37109375,3,1
25,3630,0.22713712975382808,0.2864389419555664,0.6171875,3,2
25,3631,0.04248178005218506,0.04248178005218506,0.77734375,3,2
25,3632,0.1958596892654896,0.31734228134155273,0.546875,4,3
25,3633,0.13957987958565357,0.20654594898223877,0.5703125,3,3
25,3634,0.227668619947508,0.2906891107559204,0.61328125,2,2
25,3635,0.23676830506883564,0.35549962520599365,0.56640625,4,6
25,3636,0.15438026678748432,0.39324724674224854,0.45703125,4,2
25,3637,0.161618581507355,0.16516709327697754,0.69140625,3,1
25,3638,0.18726193183101716,0.22773897647857666,0.62890625,3,2
25,3639,0.21787318598944697,0.28529685735702515,0.60546875,3,2
25,3640,0.05159354209899902,0.05159354209899902,0.80078125,3,1
25,3641,0.21605197805911305,0.3393208980560303,0.5546875,3,1
25,3642,0.20712008234113458,0.35826176404953003,0.53125,3,2
25,3643,0.17776047508232298,0.1892169713973999,0.67578125,3,1
25,3644,0.16465639322996142,0.1699678897857666,0.6875,3,2
25,3645,0.2271384093910456,0.36802172660827637,0.546875,2,2
25,3327,0.24501003138720992,0.33363068103790283,0.59375,4,3
25,3461,0.25068707531318074,0.3282654285430908,0.60546875,4,3
25,3646,0.02988152252510191,0.42498165369033813,0.328125,5,3
25,3647,0.16670243488624695,0.1831580400466919,0.6640625,4,3
25,3648,0.16471015103161338,0.1700233817100525,0.6875,3,2
25,3649,0.18620250374078753,0.23196029663085938,0.62109375,4,2
25,3650,0.04595050658099355,0.38568294048309326,0.34765625,5,2
25,3651,0.020169496536254883,0.020169496536254883,0.84375,4,3
25,3652,0.16456134989857676,0.1698697805404663,0.6875,5,4
25,3653,0.1243137884885073,0.39533329010009766,0.42578125,4,1
25,3654,0.20402958069462332,0.35897988080978394,0.52734375,4,4
25,3655,0.18535892129875722,0.3781026601791382,0.49609375,5,5
25,3656,0.2336560222320259,0.3457568883895874,0.5703125,4,3
25,3657,0.08243511244654658,0.3981771469116211,0.3828125,4,4
25,3658,0.17580746067687872,0.19316184520721436,0.6640625,4,3
25,3659,0.2651368165388704,0.31135332584381104,0.640625,4,3
25,3660,0.20875320024788382,0.2842596769332886,0.59375,4,3
25,3661,0.10648056445643307,0.14895641803741455,0.5859375,4,3
25,3662,0.24855745863169434,0.3384612202644348,0.59375,4,4
26,3539,0.2304497570730746,0.24787873029708862,0.671875,3,2
26,3528,0.18626066157594326,0.3116518259048462,0.5390625,4,5
26,3663,0.21448624506592753,0.2639830708503723,0.625,3,3
26,3664,0.2113826111890376,0.25405609607696533,0.6328125,3,3
26,3665,0.2153417584486306,0.24720847606658936,0.6484375,3,2
26,3666,0.20437541173305365,0.27464622259140015,0.59765625,3,3
26,3667,0.14182865619659424,0.14182865619659424,0.75,4,6
26,3668,0.24813044350594285,0.27558088302612305,0.66015625,3,1
26,3669,0.22965449537150565,0.2932246923446655,0.61328125,4,4
26,3670,0.14150631427764893,0.14150631427764893,0.7265625,3,3
26,3671,0.20421853079460564,0.2744354009628296,0.59765625,3,2
26,3672,0.22455191938206556,0.2903297543525696,0.609375,4,3
26,3673,0.105429878924042,0.10668003559112549,0.6953125,4,5
26,3674,0.2364209048682824,0.3177099823951721,0.59765625,4,3
26,3675,0.1641576886177063,0.1641576886177063,0.703125,4,5
26,3676,0.19744641333818438,0.2688632011413574,0.59375,5,6
26,3677,0.20983190706465396,0.27476710081100464,0.60546875,3,2
26,3678,0.1489229751750827,0.3530026078224182,0.46875,3,3
26,3679,0.10580302844755353,0.37103527784347534,0.4140625,4,5
26,3680,0.08700090646743774,0.08700090646743774,0.765625,4,5
26,3681,0.11121977865695955,0.25766754150390625,0.47265625,3,3
26,3569,0.20823944616131487,0.2726818323135376,0.60546875,4,5
26,3578,0.2129665017127991,0.2621126174926758,0.625,1,2
26,3682,0.12301473785191776,0.13515782356262207,0.6640625,5,6
26,3683,0.15651267871726307,0.22197920083999634,0.58203125,4,5
26,3684,0.1732471911236644,0.28987765312194824,0.5390625,1,2
26,3685,0.19151186035014692,0.23857438564300537,0.62109375,4,5
26,3686,0.1732471911236644,0.28987765312194824,0.5390625,3,4
26,3687,0.12190256849862637,0.12457907199859619,0.69140625,4,5
26,3688,0.04952001373749228,0.4156433939933777,0.34765625,4,6
26,3689,0.13665458466857675,0.2535041570663452,0.515625,4,5
26,3690,0.11214852333068848,0.11214852333068848,0.73828125,4,5
26,3691,0.1870547439903021,0.2767977714538574,0.5703125,4,5
26,3692,0.1732471911236644,0.28987765312194824,0.5390625,4,6
26,3693,0.14806997589766982,0.25612103939056396,0.53125,4,5
26,3694,0.1732471911236644,0.28987765312194824,0.5390625,1,2
26,3695,0.2024033336201683,0.27199608087539673,0.59765625,1,1
26,3696,0.21659868955612183,0.21659868955612183,0.703125,4,6
26,3255,0.2200255058705807,0.34034156799316406,0.55859375,3,5
26,3584,0.1798431870993227,0.2661263346672058,0.5703125,3,3
26,3697,0.19749202905222776,0.23736131191253662,0.6328125,2,2
26,3698,0.1732471911236644,0.28987765312194824,0.5390625,3,3
26,3699,0.08982247114181519,0.08982247114181519,0.78125,3,3
26,3700,0.09601983055472377,0.39017581939697266,0.3984375,3,3
26,3701,0.08227980136871338,0.08227980136871338,0.796875,3,4
26,3702,0.1732471911236644,0.28987765312194824,0.5390625,3,3
26,3703,0.10154368006624283,0.2586585283279419,0.45703125,3,4
26,3704,0.1352446395903826,0.372286319732666,0.4453125,3,3
26,3705,0.1551971435546875,0.1551971435546875,0.71875,4,4
26,3706,0.19634998915717009,0.22290730476379395,0.65234375,1,0
26,3707,0.039062321186065674,0.039062321186065674,0.859375,3,3
26,3708,0.21417375397868457,0.3525947332382202,0.54296875,3,4
26,3709,0.08580005168914795,0.08580005168914795,0.7890625,2,2
26,3710,0.03670233488082886,0.03670233488082886,0.84375,3,4
26,3711,0.05868244171142578,0.05868244171142578,0.82421875,3,4
26,3012,0.23969321791082623,0.28473997116088867,0.63671875,2,5
26,3155,0.2312576621770859,0.2846248149871826,0.625,1,2
26,3712,0.1643785834312439,0.1643785834312439,0.703125,1,2
26,3713,0.1788317579776049,0.289752721786499,0.546875,1,2
26,3714,0.210751049220562,0.28698015213012695,0.59375,1,2
26,3715,0.20938466535881164,0.28896212577819824,0.58984375,2,5
26,3716,0.18019667733460668,0.23298156261444092,0.609375,2,4
26,3717,0.18244839762337509,0.2699814438819885,0.5703125,2,5
26,3718,0.15880618849769237,0.2842963933944702,0.5234375,3,6
26,3719,0.2432310897856951,0.29233407974243164,0.6328125,2,4
26,3720,0.16433608531951904,0.16433608531951904,0.703125,1,2
26,3721,0.17626848060172054,0.24999850988388062,0.58203125,3,6
26,3722,0.2205469608306885,0.2714424133300781,0.625,1,3
26,3723,0.10535566275939347,0.29001128673553467,0.4453125,2,4
26,3724,0.17599960719235244,0.28974854946136475,0.54296875,1,3
26,3725,0.24550841841846707,0.278714656829834,0.65234375,1,3
26,3726,0.193719151429832,0.2825760841369629,0.57421875,2,3
26,3727,0.2633006769465283,0.28027015924453735,0.67578125,1,2
26,3728,0.1732471911236644,0.28987765312194824,0.5390625,1,1
26,3729,0.11256842373404653,0.27315181493759155,0.46484375,2,4
26,3730,0.16304123401641846,0.16304123401641846,0.70703125,1,2
26,3731,0.1251349720405415,0.25525540113449097,0.49609375,1,2
26,3627,0.24662140372674915,0.3314177393913269,0.59765625,3,2
26,3505,0.25971101783216005,0.31214094161987305,0.6328125,3,2
26,3732,0.08986759185791016,0.08986759185791016,0.73046875,4,3
26,3733,0.22636410431005063,0.2460688352584839,0.66796875,3,2
26,3734,0.2335786418989301,0.3359333276748657,0.578125,4,4
26,3735,0.11928343772888184,0.11928343772888184,0.7265625,2,1
26,3736,0.18276867270469668,0.18866443634033203,0.6875,3,1
26,3737,0.23070384759921583,0.26784664392471313,0.64453125,2,1
26,3738,0.2316317235818133,0.2572569251060486,0.66015625,3,2
26,3739,0.16264349222183228,0.16264349222183228,0.70703125,2,1
26,3740,0.2512060697190464,0.31293797492980957,0.62109375,3,2
26,3741,0.25126831792294985,0.30199384689331055,0.6328125,3,2
26,3742,0.23493713792413476,0.31991440057754517,0.59375,4,2
26,3743,0.23854290577583018,0.28337347507476807,0.63671875,3,2
26,3744,0.20583736035041514,0.2082781195640564,0.6953125,3,3
26,3745,0.23849418619647625,0.2707517147064209,0.65234375,3,3
26,3746,0.14635924063622954,0.3315749168395996,0.4765625,3,1
26,3747,0.20219425950199368,0.21748626232147217,0.671875,3,2
26,3748,0.2412495128810406,0.2708766460418701,0.65625,4,5
26,3610,0.25972491875290876,0.3196614384651184,0.625,5,6
26,3600,0.2616609621327371,0.31448453664779663,0.6328125,5,6
26,3749,0.21181557420641187,0.33784914016723633,0.55078125,3,2
26,3750,0.24076966335996988,0.27639925479888916,0.6484375,4,4
26,3751,0.21845946798566732,0.35965031385421753,0.54296875,4,6
26,3752,0.11940675601363185,0.3797283172607422,0.42578125,5,6
26,3753,0.2612775452435017,0.32157236337661743,0.625,4,7
26,3754,0.16818325966596606,0.1930713653564453,0.6484375,4,5
26,3755,0.2560718879103661,0.3151654005050659,0.625,4,5
26,3756,0.24943888443522158,0.29979509115219116,0.6328125,5,6
26,3757,0.2392452630447224,0.3393173813819885,0.58203125,5,5
26,3758,0.12953965552151206,0.14232683181762695,0.6640625,5,7
26,3759,0.24613901646807793,0.31824034452438354,0.609375,6,8
26,3760,0.17167545715346935,0.3573082685470581,0.4921875,5,5
26,3761,0.20648900838568812,0.3762362003326416,0.51953125,4,5
26,3762,0.2413378127384931,0.3330591917037964,0.58984375,4,4
26,3763,0.22933374135755005,0.3252600431442261,0.58203125,6,7
26,3764,0.22242807084694508,0.3721672296524048,0.5390625,3,4
26,3765,0.24576413794420662,0.2853316068649292,0.64453125,5,6
26,3766,0.2360535077750683,0.2870769500732422,0.62890625,4,6
26,3767,0.06435704231262207,0.06435704231262207,0.734375,3,4
26,3768,0.13076268509030345,0.38040053844451904,0.4375,4,5
26,3769,0.23978974949568513,0.34486615657806396,0.578125,4,5
26,3770,0.22713778284378353,0.351343035697937,0.55859375,4,4
26,3771,0.2276484062895179,0.35753369331359863,0.5546875,4,3
26,3772,0.25211645616218453,0.3030132055282593,0.6328125,4,6
26,3773,0.2373219765722752,0.3231618404388428,0.59375,6,7
26,3774,0.16747224144637587,0.37119388580322266,0.48046875,5,6
26,3659,0.2486441992223263,0.30238914489746094,0.62890625,4,3
26,3461,0.24630447104573253,0.3184542655944824,0.609375,4,3
26,3775,0.2486441992223263,0.30238914489746094,0.62890625,4,3
26,3776,0.23878233227878812,0.34341728687286377,0.578125,3,3
26,3777,0.19937608600594106,0.3507922887802124,0.52734375,4,3
26,3778,0.09524568507913503,0.4030230641365051,0.39453125,3,1
26,3779,0.2395535195246339,0.34452641010284424,0.578125,3,2
26,3780,0.14880888350307944,0.22675639390945435,0.5625,4,4
26,3781,0.24630447104573253,0.3184542655944824,0.609375,4,3
26,3782,0.009602069854736328,0.009602069854736328,0.91015625,4,4
26,3783,0.11673627002164724,0.3831344246864319,0.421875,5,4
26,3784,0.24134173151105645,0.2770559787750244,0.6484375,5,5
26,3785,0.24322530580684545,0.3356640338897705,0.58984375,4,4
26,3786,0.17689411668106916,0.1789916753768921,0.6953125,4,2
26,3787,0.1495559811592102,0.1495559811592102,0.7109375,3,0
26,3788,0.1768418080173433,0.17893874645233154,0.6953125,4,2
26,3789,0.23636918223928663,0.3262022137641907,0.58984375,4,2
26,3790,0.10747033357620239,0.10747033357620239,0.73828125,4,3
26,3791,0.2450236324220896,0.26635265350341797,0.66796875,4,2
26,3792,0.19600182585418227,0.2250065803527832,0.6484375,5,4
26,3793,0.1879743440076709,0.30456602573394775,0.546875,4,3
26,3794,0.24693802976980808,0.3192734122276306,0.609375,3,2
26,3795,0.22932004090398553,0.3252406120300293,0.58203125,3,2
26,3796,0.1624602293595672,0.36008501052856445,0.48046875,4,3
26,3797,0.0067937374114990234,0.0067937374114990234,0.92578125,4,4
26,3798,0.17881329404190185,0.36475062370300293,0.49609375,4,4
27,3715,0.22024991828948262,0.2777535915374756,0.6171875,2,5
27,3726,0.20262058067601177,0.2722880244255066,0.59765625,2,3
27,3799,0.20035266852937642,0.276497483253479,0.58984375,2,4
27,3800,0.201899046311155,0.2786315679550171,0.58984375,2,4
27,3801,0.17149884416721764,0.2537786364555359,0.5703125,2,4
27,3802,0.2018755509052426,0.2785991430282593,0.58984375,2,2
27,3803,0.2240846478380263,0.27915167808532715,0.62109375,3,7
27,3804,0.04363250732421875,0.04363250732421875,0.7734375,4,4
27,3805,0.16297410242259505,0.26405930519104004,0.546875,2,5
27,3806,0.19848740170709792,0.2776654362678528,0.5859375,1,1
27,3807,0.1622291805688292,0.1782432198524475,0.6640625,3,4
27,3808,0.20078232348896566,0.2770904302597046,0.58984375,2,4
27,3809,0.19888506224378946,0.2782217264175415,0.5859375,1,1
27,3810,0.19318874075543138,0.2596132159233093,0.59765625,2,2
27,3811,0.1987992497161031,0.27810168266296387,0.5859375,1,1
27,3812,0.20189610938541594,0.27862751483917236,0.58984375,2,4
27,3813,0.20226816157810393,0.26486265659332275,0.60546875,4,3
27,3814,0.16318723093718293,0.23803949356079102,0.57421875,1,1
27,3696,0.17934862058609727,0.2106112241744995,0.640625,4,6
27,3578,0.2019240672234446,0.2515453100204468,0.62109375,1,2
27,3815,0.14569171261973682,0.17718327045440674,0.62890625,3,4
27,3816,0.1944573083892465,0.26836156845092773,0.58984375,2,4
27,3817,0.1975114764645696,0.24907851219177246,0.6171875,2,3
27,3818,0.12225341796875,0.12225341796875,0.7109375,4,7
27,3819,0.10884892113972457,0.12637335062026978,0.64453125,5,7
27,3820,0.20189610938541594,0.27862751483917236,0.58984375,1,2
27,3821,0.12204849720001221,0.12204849720001221,0.70703125,4,5
27,3822,0.08295297622680664,0.08295297622680664,0.75,5,7
27,3823,0.1751616904512048,0.24503493309020996,0.5859375,4,6
27,3824,0.21172392449807378,0.2772446274757385,0.60546875,3,4
27,3825,0.16330974607262763,0.25261205434799194,0.55859375,4,6
27,3826,0.1984284748323262,0.2775830030441284,0.5859375,3,5
27,3827,0.15670230740215632,0.21625763177871704,0.58984375,4,5
27,3828,0.14597696345299485,0.16757893562316895,0.6484375,4,6
27,3255,0.23008475918322804,0.3309084177017212,0.578125,3,5
27,3708,0.23174128634855154,0.34292352199554443,0.5703125,3,4
27,3829,0.13635057210922244,0.1407489776611328,0.6875,3,5
27,3830,0.13952472491655502,0.15496021509170532,0.66015625,3,4
27,3831,0.15799299068748954,0.18137311935424805,0.6484375,2,1
27,3832,0.06649553775787354,0.06649553775787354,0.74609375,3,3
27,3833,0.1969819406513125,0.346579909324646,0.52734375,3,4
27,3834,0.060883336700499065,0.062220096588134766,0.69140625,2,2
27,3835,0.06222064734902234,0.39329594373703003,0.36328125,2,3
27,3836,0.01950591802597046,0.01950591802597046,0.86328125,3,4
27,3837,0.12845553271472457,0.14113569259643555,0.6640625,2,2
27,3838,0.00946033000946045,0.00946033000946045,0.8828125,3,3
27,3839,0.19055571430362764,0.2290247082710266,0.6328125,4,6
27,3840,0.016110479831695557,0.016110479831695557,0.8671875,2,2
27,3668,0.19931126665323975,0.2678408622741699,0.59765625,3,1
27,3674,0.19394085765816274,0.30933868885040283,0.55078125,4,3
27,3841,0.1547712050378323,0.3221254348754883,0.4921875,2,0
27,3842,0.1883859280496836,0.34325122833251953,0.51953125,3,3
27,3843,0.14273037167731675,0.15515488386154175,0.66796875,4,3
27,3844,0.18093310156837109,0.3239082098007202,0.5234375,4,2
27,3845,0.19729109667241576,0.27599191665649414,0.5859375,4,4
27,3846,0.10134822130203247,0.10134822130203247,0.73046875,4,4
27,3847,0.19030443206429484,0.3291752338409424,0.53125,2,2
27,3848,0.20399015082512054,0.2741284966468811,0.59765625,5,4
27,3849,0.18612493551336232,0.20232689380645752,0.66796875,3,2
27,3850,0.1795836618402973,0.23515814542770386,0.60546875,3,1
27,3851,0.1660800174577162,0.3026084303855896,0.51953125,3,2
27,3852,0.12875664583407345,0.21197235584259033,0.54296875,4,3
27,3853,0.19077969831414524,0.26688307523727417,0.5859375,3,1
27,3854,0.2002966655418277,0.2801964282989502,0.5859375,3,0
27,3855,0.20082563825417313,0.26297372579574585,0.60546875,2,1
27,3856,0.15725024091079834,0.25081658363342285,0.55078125,4,4
27,3857,0.14273037167731675,0.15515488386154175,0.66796875,4,3
27,3858,0.1429973663762212,0.3239586353302002,0.4765625,4,2
27,3859,0.16079150873702022,0.1611061692237854,0.69921875,4,2
27,3775,0.20313514675945046,0.2921494245529175,0.578125,4,3
27,3659,0.20313514675945046,0.2921494245529175,0.578125,4,3
27,3860,0.11869401670992376,0.13625860214233398,0.6484375,5,4
27,3861,0.18474364816211167,0.2144869565963745,0.64453125,2,1
27,3862,0.09200161695480347,0.09200161695480347,0.7265625,4,3
27,3863,0.23079328774474564,0.33665573596954346,0.57421875,5,4
27,3864,0.021359264850616455,0.021359264850616455,0.8359375,4,4
27,3865,0.2113853131886572,0.2768012285232544,0.60546875,4,3
27,3866,0.2023120550438762,0.2296757698059082,0.65234375,4,3
27,3867,0.16387159901205453,0.18603605031967163,0.65234375,4,3
27,3868,0.13304548279847953,0.18869608640670776,0.58203125,4,4
27,3869,0.20320551656186583,0.27670538425445557,0.59375,4,3
27,3870,0.16387159901205453,0.18603605031967163,0.65234375,4,1
27,3871,0.22826829995028677,0.32374894618988037,0.58203125,4,3
27,3872,0.16387159901205453,0.18603605031967163,0.65234375,3,1
27,3873,0.20331917121075097,0.3193233609199524,0.5546875,5,4
27,3874,0.17661632131785157,0.19405055046081543,0.6640625,4,2
27,3875,0.056556105613708496,0.056556105613708496,0.7734375,4,3
27,3876,0.20325874222908172,0.23075050115585327,0.65234375,2,2
27,3877,0.18639722862280908,0.2214277982711792,0.63671875,3,2
27,3878,0.17386441561393443,0.3618641495704651,0.4921875,4,2
27,3879,0.20765048428438607,0.2790473699569702,0.59765625,4,3
27,3880,0.17456126399338248,0.22569537162780762,0.609375,3,2
27,3881,0.2117015370167792,0.28080618381500244,0.6015625,3,2
27,3882,0.16723790124524388,0.18985766172409058,0.65234375,3,2
27,3600,0.21481802675407383,0.3046726584434509,0.58203125,5,6
27,3753,0.22293885913677516,0.3118707537651062,0.5859375,4,7
27,3883,0.08619687345344575,0.1831236481666565,0.48828125,5,6
27,3884,0.1419769304338843,0.1543358564376831,0.66796875,4,2
27,3885,0.17046265373937788,0.19568806886672974,0.6484375,4,5
27,3886,0.20394456014037135,0.25100868940353394,0.625,5,6
27,3887,0.2412041877396405,0.337422251701355,0.5859375,5,6
27,3888,0.18508414388634267,0.21011769771575928,0.65234375,5,7
27,3889,0.17079516453668478,0.20527493953704834,0.6328125,3,3
27,3890,0.12934154458343985,0.19709187746047974,0.5625,6,6
27,3891,0.18084464175626638,0.3354799151420593,0.515625,6,8
27,3892,0.14252387580927464,0.15493041276931763,0.66796875,6,8
27,3893,0.20697949337773028,0.2781456708908081,0.59765625,3,2
27,3894,0.14814908569678667,0.3682152032852173,0.4609375,4,7
27,3895,0.20661458373069766,0.25429487228393555,0.625,5,4
27,3896,0.14244086074177179,0.15484017133712769,0.66796875,3,2
27,3897,0.23762690462172034,0.33241796493530273,0.5859375,4,6
27,3898,0.18002566229552033,0.2066662311553955,0.6484375,3,1
27,3899,0.20954889000859114,0.2815985083580017,0.59765625,4,7
27,3900,0.20254149707034233,0.27218174934387207,0.59765625,3,2
27,3901,0.003520488739013672,0.003520488739013672,0.921875,3,2
27,3902,0.2045467521529645,0.2748764753341675,0.59765625,3,2
27,3903,0.1794514304492623,0.2235502004623413,0.62109375,4,5
27,3904,0.20669482275843623,0.27416515350341797,0.6015625,5,6
27,3905,0.08953824383206668,0.4130052328109741,0.38671875,4,6
27,3906,0.15932615753263238,0.16784977912902832,0.6796875,5,8
27,3907,0.18876273161731663,0.22686976194381714,0.6328125,6,7
27,3908,0.1672165323980153,0.189833402633667,0.65234375,2,0
27,3909,0.20115607674233618,0.29342424869537354,0.57421875,3,2
27,3910,0.1386600881814957,0.15234756469726562,0.6640625,5,5
27,3911,0.043993473052978516,0.043993473052978516,0.77734375,3,2
27,3912,0.19697457365691665,0.25467419624328613,0.609375,4,4
27,3913,0.23495735460892322,0.33791619539260864,0.578125,4,6
27,3914,0.17941977758891883,0.2083059549331665,0.64453125,5,5
27,3915,0.23134121252223852,0.3327154517173767,0.578125,5,6
27,3916,0.20549065549857917,0.3495389223098755,0.53515625,3,2
27,3917,0.22700465936213735,0.3091127276420593,0.59375,3,3
27,3918,0.1992193327751011,0.22870022058486938,0.6484375,4,6
27,3727,0.21184426452964547,0.27048444747924805,0.61328125,1,2
27,3725,0.20064721629023555,0.2696361541748047,0.59765625,1,3
27,3919,0.01652836799621582,0.01652836799621582,0.87109375,1,2
27,3920,0.21062424569390717,0.27580463886260986,0.60546875,1,1
27,3921,0.1319737716112286,0.15861636400222778,0.6328125,2,3
27,3922,0.20189610938541594,0.27862751483917236,0.58984375,1,1
27,3923,0.09910978982225062,0.10441195964813232,0.6796875,3,5
27,3924,0.16694608423858884,0.2662816047668457,0.55078125,2,5
27,3925,0.20189610938541594,0.27862751483917236,0.58984375,1,1
27,3926,0.2101837187074125,0.27522778511047363,0.60546875,2,4
27,3927,0.19857999833766374,0.26685816049575806,0.59765625,1,2
27,3928,0.20189610938541594,0.27862751483917236,0.58984375,1,1
27,3929,0.10276229772716762,0.11796927452087402,0.6484375,1,1
27,3930,0.054274678230285645,0.054274678230285645,0.78125,1,2
27,3931,0.1851558303460479,0.2626032829284668,0.58203125,2,2
27,3932,0.16833478328771892,0.2387462854385376,0.58203125,2,3
27,3933,0.2109126811847091,0.2726951837539673,0.609375,1,3
27,3934,0.19581757206469777,0.26314592361450195,0.59765625,1,2
28,3903,0.17733462899923327,0.23830795288085938,0.59765625,4,5
28,3831,0.1665146809536964,0.1978086233139038,0.63671875,2,1
28,3935,0.1777029463555664,0.23570960760116577,0.6015625,4,5
28,3936,0.17441734147723767,0.20249813795089722,0.64453125,4,6
28,3937,0.061075448989868164,0.061075448989868164,0.7734375,4,4
28,3938,0.17036530177574608,0.2635257840156555,0.55859375,4,4
28,3939,0.18565213622059676,0.2370421290397644,0.61328125,5,7
28,3940,0.18399018491618338,0.20887577533721924,0.65234375,3,3
28,3941,0.16975582065060738,0.2511993646621704,0.5703125,4,5
28,3942,0.1774454258847982,0.2384568452835083,0.59765625,4,5
28,3855,0.16377166775055232,0.27857506275177,0.53515625,2,1
28,3854,0.15655622002668682,0.2957814931869507,0.51171875,3,0
28,3943,0.15655622002668682,0.2957814931869507,0.51171875,2,1
28,3944,0.11352136358618739,0.3849201202392578,0.41796875,2,2
28,3945,0.16377166775055232,0.27857506275177,0.53515625,3,1
28,3946,0.1916333619737998,0.2795335650444031,0.57421875,3,1
28,3947,0.15740981418639424,0.29200661182403564,0.515625,4,2
28,3948,0.15655622002668682,0.2957814931869507,0.51171875,3,0
28,3949,0.16377166775055232,0.27857506275177,0.53515625,3,0
28,3950,0.12201275187544526,0.32707083225250244,0.44921875,4,2
28,3951,0.1992232669144869,0.31289052963256836,0.5546875,3,2
28,3952,0.17997806565836075,0.30614209175109863,0.53515625,4,3
28,3953,0.145497661549598,0.30910706520080566,0.48828125,3,3
28,3954,0.16063181706704202,0.1709843873977661,0.67578125,3,1
28,3955,0.09392391785513611,0.36709195375442505,0.40234375,3,1
28,3956,0.16377166775055232,0.27857506275177,0.53515625,3,3
28,3957,0.1707563064992428,0.24558210372924805,0.578125,4,3
28,3958,0.09396672574803235,0.36725926399230957,0.40234375,1,0
28,3959,0.08979291026480499,0.3799501657485962,0.39453125,3,0
28,3960,0.16951568098738792,0.21117281913757324,0.62109375,2,2
28,3961,0.11490842700004579,0.33427906036376953,0.4375,2,0
28,3920,0.1714226274052635,0.29158931970596313,0.53515625,1,1
28,3926,0.15972920553758743,0.29103684425354004,0.51953125,2,4
28,3962,0.15859125740826133,0.29419827461242676,0.515625,2,2
28,3963,0.158587658777833,0.2941915988922119,0.515625,1,0
28,3964,0.1612961441278458,0.29389190673828125,0.51953125,1,1
28,3965,0.1585981333628297,0.2942110300064087,0.515625,2,2
28,3966,0.15082779061049226,0.22646284103393555,0.56640625,3,7
28,3967,0.1585167143493891,0.29405999183654785,0.515625,1,0
28,3968,0.1585497125051916,0.2941212058067322,0.515625,1,0
28,3969,0.1680233196821064,0.276617169380188,0.54296875,2,3
28,3970,0.15858945809304717,0.29419493675231934,0.515625,1,1
28,3971,0.16797500848770144,0.20673847198486328,0.625,2,2
28,3972,0.15841360716149214,0.2938687205314636,0.515625,1,0
28,3973,0.00663912296295166,0.00663912296295166,0.921875,1,0
28,3974,0.15858907252550128,0.29419422149658203,0.515625,1,0
28,3975,0.1585440253838897,0.29411065578460693,0.515625,1,1
28,3715,0.18981861660722646,0.29361671209335327,0.55859375,2,5
28,3824,0.17777311720419678,0.29266828298568726,0.54296875,3,4
28,3976,0.19057054631412032,0.2629976272583008,0.58984375,1,2
28,3977,0.1981063522398472,0.27339744567871094,0.58984375,1,3
28,3978,0.15810499247163537,0.293296217918396,0.515625,2,4
28,3979,0.15937690157443288,0.22921621799468994,0.578125,2,3
28,3980,0.191245386376977,0.26041924953460693,0.59375,2,2
28,3981,0.15827669855207208,0.2936147451400757,0.515625,1,2
28,3982,0.1581786358729005,0.2934328317642212,0.515625,1,2
28,3983,0.15859643043950203,0.2942078709602356,0.515625,3,4
28,3984,0.06111621856689453,0.06111621856689453,0.7734375,5,4
28,3985,0.15859643043950203,0.2942078709602356,0.515625,1,2
28,3986,0.1606286813039333,0.1709810495376587,0.67578125,2,5
28,3987,0.14291346073150638,0.2858269214630127,0.5,1,2
28,3988,0.14213257655501368,0.15288209915161133,0.671875,1,1
28,3989,0.15857480652630332,0.29416775703430176,0.515625,1,1
28,3990,0.16640804184135052,0.2927866578102112,0.52734375,2,5
28,3991,0.15859643043950203,0.2942078709602356,0.515625,4,3
28,3992,0.15805836115032437,0.17001235485076904,0.671875,2,3
28,3993,0.1846896060742438,0.26562100648880005,0.578125,3,5
28,3994,0.1717341607436538,0.2697174549102783,0.5546875,4,3
28,3995,0.15859643043950203,0.2942078709602356,0.515625,1,1
28,3996,0.09517478942871094,0.09517478942871094,0.73828125,2,2
28,3997,0.02142930030822754,0.02142930030822754,0.890625,2,5
28,3998,0.15859643043950203,0.2942078709602356,0.515625,2,2
28,3863,0.18204131955280903,0.3503953218460083,0.5078125,5,4
28,3871,0.21124696265906098,0.336942195892334,0.55078125,4,3
28,3999,0.18201436102390292,0.24142837524414062,0.6015625,4,2
28,4000,0.21693122712895277,0.25770020484924316,0.63671875,3,1
28,4001,0.20890133734792474,0.35534048080444336,0.53515625,5,4
28,4002,0.14529903582297268,0.14702194929122925,0.6953125,3,2
28,4003,0.17515945434570315,0.35031890869140625,0.5,5,4
28,4004,0.10226529836654663,0.10226529836654663,0.734375,5,3
28,4005,0.17217212985269728,0.22545301914215088,0.60546875,4,2
28,4006,0.1526755262166262,0.15920543670654297,0.68359375,3,3
28,4007,0.2148879773449153,0.31798452138900757,0.5703125,3,2
28,4008,0.1821858664043248,0.21896517276763916,0.6328125,4,2
28,4009,0.19131914013996723,0.32011568546295166,0.5390625,4,5
28,4010,0.19122699648141864,0.291393518447876,0.5625,6,5
28,4011,0.2172538246959448,0.352006196975708,0.546875,5,4
28,4012,0.19536237115971747,0.2433711290359497,0.62109375,4,4
28,4013,0.1996160356793553,0.3573545813560486,0.5234375,4,4
28,4014,0.17534463549964133,0.27122795581817627,0.55859375,3,2
28,4015,0.1775276032276452,0.36212801933288574,0.49609375,5,4
28,4016,0.23410088219679895,0.32307183742523193,0.58984375,5,5
28,4017,0.19284918904304507,0.23735284805297852,0.625,6,4
28,4018,0.16954950080253187,0.2404690980911255,0.58203125,4,3
28,4019,0.1706035996321589,0.33467066287994385,0.50390625,4,4
28,3708,0.18507473357021811,0.356234073638916,0.5078125,3,4
28,3255,0.20559234987013045,0.34399765729904175,0.5390625,3,5
28,4020,0.0969104508403689,0.3787645101547241,0.40234375,3,4
28,4021,0.1570747755467892,0.17636466026306152,0.65625,2,2
28,4022,0.09965473413467407,0.09965473413467407,0.72265625,2,2
28,4023,0.09686734108254316,0.42755240201950073,0.390625,2,3
28,4024,0.07095026969909668,0.07095026969909668,0.765625,3,3
28,4025,0.1942510008811951,0.22811126708984375,0.640625,3,5
28,4026,0.12167020491324367,0.12190830707550049,0.69921875,3,4
28,4027,0.00892871618270874,0.00892871618270874,0.8828125,3,5
28,4028,0.0038150548934936523,0.0038150548934936523,0.9453125,2,2
28,4029,0.09403882361948493,0.4150679111480713,0.390625,3,3
28,4030,0.13646570476703349,0.13808387517929077,0.6953125,3,4
28,4031,0.09584805928170684,0.423053503036499,0.390625,4,6
28,4032,0.16063181706704202,0.1709843873977661,0.67578125,3,3
28,3887,0.21609899960458281,0.35013508796691895,0.546875,5,6
28,3897,0.20646265754476192,0.3454538583755493,0.5390625,4,6
28,4033,0.1875372505746782,0.3137878179550171,0.5390625,4,2
28,4034,0.17752449633553627,0.29225897789001465,0.54296875,4,7
28,4035,0.23046051524579528,0.3138185739517212,0.59375,6,7
28,4036,0.155194501625374,0.20855534076690674,0.59765625,5,6
28,4037,0.22121480293571952,0.3421812057495117,0.55859375,5,5
28,4038,0.08264568820595743,0.27124738693237305,0.421875,1,1
28,4039,0.204734112136066,0.26470673084259033,0.609375,3,4
28,4040,0.1585874981246889,0.29419130086898804,0.515625,3,6
28,4041,0.19440302625298503,0.23926526308059692,0.625,4,5
28,4042,0.21589194657281044,0.27913302183151245,0.609375,6,7
28,4043,0.15857445308938625,0.29416710138320923,0.515625,6,8
28,4044,0.17468486772850159,0.29228317737579346,0.5390625,4,8
28,4045,0.1985778621165082,0.2816395163536072,0.58203125,5,6
28,4046,0.21560546942055228,0.2935904264450073,0.59375,5,6
28,4047,0.22733645234256986,0.3095645308494568,0.59375,6,6
28,4048,0.11364959389902654,0.3985520005226135,0.4140625,4,4
28,4049,0.21934094885364178,0.3553878664970398,0.546875,5,7
28,4050,0.09164165658876301,0.3723851442337036,0.3984375,4,3
28,4051,0.15844567352905872,0.29392820596694946,0.515625,5,5
28,4052,0.22758528962731364,0.3467966318130493,0.5625,3,3
28,4053,0.18439995869994166,0.25795841217041016,0.5859375,6,9
28,4054,0.13204735144972804,0.38413774967193604,0.4375,5,6
28,4055,0.17241006111726168,0.2514927387237549,0.57421875,5,5
28,4056,0.1523941706400365,0.2933301329612732,0.5078125,2,2
28,4057,0.19239622331224385,0.24565303325653076,0.61328125,5,8
28,4058,0.22714119823649528,0.29367750883102417,0.609375,6,6
28,4059,0.15859643043950203,0.2942078709602356,0.515625,3,3
28,4060,0.18030372785869989,0.353699266910553,0.50390625,4,7
28,4061,0.23989420384168628,0.32666444778442383,0.59375,4,4
28,4062,0.15850909939035776,0.2940458655357361,0.515625,4,6
28,4063,0.22458524862304333,0.3473947048187256,0.55859375,5,5
28,4064,0.16377679980359974,0.29319483041763306,0.5234375,5,6
28,4065,0.10894001077394934,0.12367469072341919,0.65234375,5,9
28,4066,0.12712232454214248,0.13531523942947388,0.67578125,4,4
28,4067,0.16126500163227322,0.2938351631164551,0.51953125,4,4
28,4068,0.18491278029978278,0.2517961263656616,0.59375,2,3
28,4069,0.19574541738256815,0.3504253625869751,0.5234375,5,6
28,4070,0.11106746632140133,0.21787947416305542,0.50390625,3,6
29,3920,0.21402284922078255,0.276716411113739,0.609375,1,1
29,3971,0.1907804012298584,0.1907804012298584,0.70703125,2,2
29,4071,0.10007641604170205,0.10227370262145996,0.69140625,2,2
29,4072,0.1533069610595703,0.1533069610595703,0.7421875,2,2
29,4073,0.1840390206780285,0.18622130155563354,0.6953125,1,1
29,4074,0.2080034996615723,0.27952176332473755,0.59765625,1,0
29,4075,0.211634845007211,0.2736288905143738,0.609375,1,1
29,4076,0.2080117939040065,0.27953290939331055,0.59765625,1,0
29,4077,0.20800824556499722,0.2795281410217285,0.59765625,1,0
29,4078,0.2137585091404617,0.2763746380805969,0.609375,1,1
29,4079,0.20799396350048485,0.27950894832611084,0.59765625,1,0
29,4080,0.20800824556499722,0.2795281410217285,0.59765625,1,0
29,4081,0.207746954751201,0.2791770100593567,0.59765625,1,0
29,3939,0.22491681575775146,0.22491681575775146,0.7109375,5,7
29,3935,0.21472147945314649,0.22390508651733398,0.68359375,4,5
29,4082,0.23286104202270508,0.23286104202270508,0.70703125,5,7
29,4083,0.21837317943572998,0.21837317943572998,0.72265625,5,6
29,4084,0.20918321609497073,0.2774658203125,0.6015625,5,6
29,4085,0.24050516798160973,0.2730346918106079,0.65234375,5,6
29,4086,0.137678861618042,0.137678861618042,0.7578125,5,6
29,4087,0.12767887115478516,0.12767887115478516,0.75,4,6
29,4088,0.23093589395284655,0.23838543891906738,0.6875,4,5
29,4089,0.15157246589660645,0.15157246589660645,0.76171875,5,7
29,4090,0.2045947574079037,0.2785971164703369,0.59375,4,5
29,4091,0.18576157093048096,0.18576157093048096,0.7265625,5,7
29,4092,0.24342036247253418,0.24342036247253418,0.70703125,5,6
29,4093,0.15508432872593406,0.21117866039276123,0.59375,5,6
29,4094,0.05325961112976074,0.05325961112976074,0.8203125,4,6
29,3977,0.2500676661729813,0.2581343650817871,0.6875,1,3
29,4057,0.23276174068450928,0.23276174068450928,0.703125,5,8
29,4095,0.1542748212814331,0.1542748212814331,0.73828125,1,2
29,4096,0.19548305985517803,0.2495943307876587,0.61328125,1,1
29,4097,0.23901957273483276,0.23901957273483276,0.71875,5,7
29,4098,0.17642333917319777,0.25373244285583496,0.578125,1,1
29,4099,0.12006185390055181,0.37031126022338867,0.4296875,4,6
29,4100,0.1542748212814331,0.1542748212814331,0.73828125,1,1
29,4101,0.20469679031521085,0.27873605489730835,0.59375,2,3
29,4102,0.20792197657283398,0.2794122099876404,0.59765625,1,1
29,4103,0.19699005596339705,0.23132777214050293,0.640625,2,2
29,4104,0.13041994348168376,0.3794034719467163,0.4375,4,6
29,4105,0.1967260609380901,0.26094233989715576,0.6015625,1,1
29,4106,0.20797657663933936,0.2794855833053589,0.59765625,1,0
29,4107,0.06469219923019409,0.06469219923019409,0.8046875,5,7
29,4108,0.14088041917420926,0.1998082399368286,0.58203125,1,2
29,4109,0.1542748212814331,0.1542748212814331,0.73828125,5,8
29,4110,0.17822377197444442,0.3190579414367676,0.5234375,2,1
29,4111,0.20075785205699506,0.2279113531112671,0.65234375,2,3
29,4112,0.20844734739512208,0.22902369499206543,0.6640625,1,1
29,4113,0.16393064311705532,0.2262331247329712,0.58984375,5,8
29,4114,0.12175239832140507,0.13235080242156982,0.66796875,3,4
29,4115,0.2252342181745917,0.23486745357513428,0.68359375,1,1
29,4116,0.20797240734100345,0.27947998046875,0.59765625,1,1
29,4117,0.2019076002761722,0.2610522508621216,0.609375,1,2
29,3951,0.228020464302972,0.29858434200286865,0.60546875,3,2
29,3946,0.23898684943560514,0.26542574167251587,0.66015625,3,1
29,4118,0.16363631980493668,0.2569993734359741,0.5546875,3,1
29,4119,0.2098082832526416,0.24923861026763916,0.63671875,4,3
29,4120,0.22719126427546146,0.3013521432876587,0.6015625,3,3
29,4121,0.23239244520664218,0.28602147102355957,0.625,2,1
29,4122,0.24406592873856428,0.3237351179122925,0.6015625,3,1
29,4123,0.20845370308961722,0.2876773476600647,0.58984375,4,3
29,4124,0.18760683573782447,0.21064627170562744,0.65625,4,3
29,4125,0.21174132823944092,0.21174132823944092,0.703125,3,0
29,4126,0.19354213774204257,0.2783527374267578,0.578125,3,1
29,4127,0.17644869105424735,0.19596904516220093,0.66015625,2,1
29,4128,0.1830120171653107,0.26695770025253296,0.57421875,3,3
29,4129,0.22166549554094675,0.23114609718322754,0.68359375,3,1
29,4130,0.2137447718996555,0.25689512491226196,0.6328125,3,1
29,4131,0.24773306632414463,0.3124121427536011,0.6171875,3,1
29,4132,0.17770465323701504,0.292555570602417,0.54296875,4,3
29,4133,0.12703263759613037,0.12703263759613037,0.7265625,4,3
29,4134,0.22786568943411115,0.2675853967666626,0.640625,3,2
29,4135,0.1538175344467163,0.1538175344467163,0.73828125,3,3
29,3255,0.24852621741592887,0.3296513557434082,0.6015625,3,5
29,4025,0.21471035480499268,0.21471035480499268,0.73046875,3,5
29,4136,0.008642435073852539,0.008642435073852539,0.91015625,3,5
29,4137,0.0011479854583740234,0.0011479854583740234,0.96484375,4,7
29,4138,0.08912301063537598,0.08912301063537598,0.76953125,3,4
29,4139,0.1363119499292225,0.3752242922782898,0.4453125,3,5
29,4140,0.2079410932492465,0.2794378995895386,0.59765625,3,5
29,4141,0.1542748212814331,0.1542748212814331,0.73828125,3,4
29,4142,0.08023101091384888,0.08023101091384888,0.75,4,7
29,4143,0.00740504264831543,0.00740504264831543,0.921875,3,4
29,4144,0.12255364586599174,0.3897358179092407,0.42578125,3,4
29,4145,0.13543887902051213,0.1627810001373291,0.6328125,3,4
29,4146,0.13514275103807452,0.3822822570800781,0.44140625,3,4
29,4147,0.1254686552565545,0.33633482456207275,0.44921875,4,7
29,4148,0.0006909370422363281,0.0006909370422363281,0.984375,3,5
29,4149,0.1893404722213745,0.1893404722213745,0.73046875,3,5
29,4016,0.2700980990193785,0.3100677728652954,0.6484375,5,5
29,4011,0.2645369993988425,0.3377629518508911,0.61328125,5,4
29,4150,0.2557338322512806,0.3225017786026001,0.6171875,4,4
29,4151,0.2258349661715329,0.34932780265808105,0.55859375,4,3
29,4152,0.15375232603400948,0.1540532112121582,0.69921875,3,1
29,4153,0.23343724012374878,0.23343724012374878,0.7265625,4,4
29,4154,0.20891014463268223,0.2807401418685913,0.59765625,5,4
29,4155,0.2670295452699066,0.320936918258667,0.6328125,4,3
29,4156,0.055394768714904785,0.055394768714904785,0.8203125,4,2
29,4157,0.12019668146967889,0.1831568479537964,0.5625,6,5
29,4158,0.2157970666885376,0.2157970666885376,0.73046875,5,5
29,4159,0.28651321702636784,0.3484436273574829,0.62890625,6,6
29,4160,0.1238897442817688,0.1238897442817688,0.765625,3,0
29,4161,0.18630611896514893,0.18630611896514893,0.70703125,5,5
29,4162,0.07117390632629395,0.07117390632629395,0.80078125,4,3
29,4163,0.2598536545410753,0.26293492317199707,0.6953125,4,2
29,4164,0.27252729667816317,0.3026767373085022,0.66015625,3,1
29,4165,0.2295072078704834,0.2295072078704834,0.70703125,3,1
29,4166,0.2714219768531621,0.29194968938827515,0.671875,5,5
29,4167,0.2700980990193785,0.3100677728652954,0.6484375,5,4
29,4168,0.26923701656050986,0.3125835657119751,0.64453125,5,4
29,4169,0.22601382248103621,0.344402015209198,0.5625,4,3
29,4170,0.22901272773742676,0.22901272773742676,0.71484375,3,1
29,4171,0.24134318483993414,0.31203967332839966,0.609375,3,3
29,4172,0.2312023818958551,0.30275094509124756,0.60546875,5,4
29,4061,0.27029085543472325,0.31380707025527954,0.64453125,4,4
29,4035,0.2680057687684894,0.3009187579154968,0.65625,6,7
29,4173,0.26139202178455895,0.32963722944259644,0.6171875,6,5
29,4174,0.1409605630906299,0.3778628706932068,0.44921875,2,3
29,4175,0.0758793295826763,0.16120421886444092,0.48828125,4,4
29,4176,0.04900473356246948,0.04900473356246948,0.80078125,2,3
29,4177,0.24194843554869297,0.34797078371047974,0.578125,3,2
29,4178,0.26718218531459575,0.29044008255004883,0.66796875,6,6
29,4179,0.2750040272949264,0.32668691873550415,0.63671875,3,2
29,4180,0.22365732409525665,0.3459593653678894,0.55859375,5,5
29,4181,0.20753317605704072,0.3589763045310974,0.53125,4,4
29,4182,0.26917661936022347,0.33532464504241943,0.62109375,6,5
29,4183,0.2703454287257046,0.32115280628204346,0.63671875,6,7
29,4184,0.11819444457069041,0.137223482131958,0.64453125,7,8
29,4185,0.03163188695907593,0.03163188695907593,0.828125,6,4
29,4186,0.2665276732295752,0.2866852283477783,0.671875,4,4
29,4187,0.2681215220363811,0.3185109496116638,0.63671875,6,6
29,4188,0.22579993307590487,0.2779076099395752,0.625,4,5
29,4189,0.26306911348365253,0.33588874340057373,0.61328125,4,5
29,4190,0.26720733242109423,0.30674922466278076,0.6484375,7,8
29,4191,0.14085027587134394,0.37756723165512085,0.44921875,5,4
29,4192,0.09411025047302246,0.09411025047302246,0.78125,6,5
29,4193,0.26030923984944826,0.3022184371948242,0.64453125,3,3
29,4194,0.2791864149039612,0.3316553235054016,0.63671875,5,5
29,4195,0.26733538007829344,0.317577064037323,0.63671875,6,7
29,4196,0.2384452531114221,0.27069616317749023,0.65234375,5,4
29,4197,0.2045810208655894,0.26121068000793457,0.61328125,5,5
29,4198,0.19003726099617782,0.24264109134674072,0.61328125,6,5
29,4199,0.23489062208682301,0.2696502208709717,0.6484375,6,5
29,4200,0.26568003650754696,0.34350550174713135,0.609375,5,6
29,4201,0.2496974263340235,0.29322266578674316,0.640625,6,6
29,4202,0.061791181564331055,0.061791181564331055,0.80859375,4,4
29,4203,0.266126377042383,0.335607647895813,0.6171875,4,4
29,4204,0.274231612100266,0.2981031537055969,0.66796875,5,5
29,4205,0.28093414381146437,0.3120136260986328,0.66015625,6,6
29,4206,0.14846527576446533,0.14846527576446533,0.76171875,6,7
30,4140,0.20498949615284803,0.27547144889831543,0.59765625,3,5
30,4207,0.19967929192353043,0.2755681872367859,0.58984375,3,6
30,4208,0.1996795942541212,0.2755686044692993,0.58984375,3,4
30,4209,0.06426876783370972,0.06426876783370972,0.7734375,3,4
30,4210,0.19965782645158472,0.2755385637283325,0.58984375,3,5
30,4211,0.14124117279425266,0.15518343448638916,0.6640625,3,4
30,4212,0.05890355142764749,0.3314133882522583,0.37109375,3,5
30,4213,0.20436237158719453,0.2746286988258362,0.59765625,4,6
30,4214,0.18495279585476967,0.23040348291397095,0.62109375,3,4
30,4215,0.20237323269248012,0.2755720615386963,0.59375,3,6
30,4216,0.19050731405150148,0.22631031274795532,0.63671875,3,5
30,4217,0.20183654222637418,0.2748412489891052,0.59375,4,6
30,4078,0.21619905671104792,0.27264511585235596,0.6171875,1,1
30,4075,0.21424220688641074,0.27017736434936523,0.6171875,1,1
30,4218,0.20029621338471773,0.2525902986526489,0.6171875,1,2
30,4219,0.19883766770362857,0.27075767517089844,0.59375,1,2
30,4220,0.1412412812933326,0.1551835536956787,0.6640625,1,0
30,4221,0.2023699060082436,0.27556753158569336,0.59375,1,0
30,4222,0.1996819265186787,0.2755718231201172,0.58984375,1,1
30,4223,0.20237139426171782,0.2755695581436157,0.59375,1,0
30,4224,0.21619905671104792,0.27264511585235596,0.6171875,1,1
30,4225,0.20237323269248012,0.2755720615386963,0.59375,1,0
30,4226,0.199679896584712,0.27556902170181274,0.58984375,1,0
30,4227,0.14124117279425266,0.15518343448638916,0.6640625,1,1
30,4228,0.20236329641193154,0.2755585312843323,0.59375,2,2
30,4229,0.08556950092315674,0.08556950092315674,0.73046875,1,0
30,4131,0.20160059630870822,0.30720090866088867,0.5625,3,1
30,4122,0.20570215210318568,0.31818580627441406,0.55859375,3,1
30,4230,0.10829720506444575,0.3554369807243347,0.421875,3,2
30,4231,0.20237323269248012,0.2755720615386963,0.59375,4,3
30,4232,0.18533007334917787,0.23663091659545898,0.61328125,3,1
30,4233,0.19392979389522227,0.28288334608078003,0.57421875,2,0
30,4234,0.20099305361509326,0.3062751293182373,0.5625,3,2
30,4235,0.19027800438925627,0.23995649814605713,0.6171875,3,1
30,4236,0.20727007905952635,0.3206111192703247,0.55859375,3,1
30,4237,0.14124117279425266,0.15518343448638916,0.6640625,3,0
30,4238,0.18874591961503032,0.3058161735534668,0.546875,3,1
30,4239,0.20231397589668634,0.26157766580581665,0.609375,2,1
30,4240,0.18277661735191944,0.2196751832962036,0.6328125,2,0
30,4241,0.18968791107181462,0.29341453313827515,0.55859375,3,0
30,4242,0.20506742235738787,0.29084354639053345,0.58203125,3,1
30,4243,0.1945519018918276,0.2515418529510498,0.609375,2,2
30,4244,0.20333347830455753,0.2966004014015198,0.57421875,4,2
30,4245,0.13088022940792146,0.19367247819900513,0.5703125,4,3
30,4246,0.14124117279425266,0.15518343448638916,0.6640625,4,2
30,4247,0.205977929988876,0.30045783519744873,0.57421875,4,4
30,4248,0.1946262260898948,0.2799118757247925,0.578125,4,3
30,3255,0.21513607690576467,0.3230195641517639,0.56640625,3,5
30,4025,0.18316544312983754,0.21027064323425293,0.6484375,3,5
30,4249,0.0,0.3886180520057678,0.24609375,3,6
30,4250,0.008213281631469727,0.008213281631469727,0.90234375,3,5
30,4251,0.13313170475885275,0.3568766117095947,0.44921875,3,4
30,4252,0.11809478234499696,0.40042734146118164,0.41796875,3,5
30,4253,0.04278731346130371,0.04278731346130371,0.80078125,2,1
30,4254,0.11235428357031198,0.12478393316268921,0.66015625,3,5
30,4255,0.2148730950430036,0.27097296714782715,0.6171875,4,6
30,4256,0.19828148093074563,0.22510004043579102,0.65234375,4,6
30,4257,0.004271507263183594,0.004271507263183594,0.93359375,3,4
30,4258,0.14124117279425266,0.15518343448638916,0.6640625,3,5
30,4259,5.4836273193359375e-06,5.4836273193359375e-06,0.99609375,3,5
30,4260,0.14027683297172192,0.15412390232086182,0.6640625,3,5
30,3977,0.21271388372406366,0.2556561231613159,0.6328125,1,3
30,4097,0.2075782483443618,0.23307031393051147,0.65625,5,7
30,4261,0.12296187877655029,0.12296187877655029,0.71875,4,4
30,4262,0.14577981049660596,0.17317694425582886,0.63671875,2,4
30,4263,0.16045578708872202,0.21011090278625488,0.60546875,1,2
30,4264,0.20524536632001403,0.2653677463531494,0.609375,1,0
30,4265,0.1427691411226988,0.18937253952026367,0.6015625,5,6
30,4266,0.07383441925048828,0.07383441925048828,0.73828125,1,3
30,4267,0.14343776740133765,0.14806479215621948,0.6875,5,6
30,4268,0.18823017668910327,0.24967318773269653,0.6015625,2,3
30,4269,0.1994532574899495,0.25787895917892456,0.609375,2,3
30,4270,0.06192469596862793,0.06192469596862793,0.7890625,1,2
30,4271,0.2022026088088751,0.2753397226333618,0.59375,1,0
30,4272,0.17624632827937606,0.2278740406036377,0.609375,1,1
30,4273,0.2176240640692413,0.3044358491897583,0.5859375,4,6
30,4274,0.19967501610517505,0.2755622863769531,0.58984375,1,1
30,4275,0.19966162717901173,0.27554380893707275,0.58984375,1,0
30,4276,0.20224878843873742,0.27540260553359985,0.59375,2,2
30,4277,0.12612414057366553,0.1276196837425232,0.6953125,1,0
30,4278,0.1848533704178408,0.23027962446212769,0.62109375,5,6
30,4279,0.2023396156728268,0.2755262851715088,0.59375,1,0
30,4280,0.1863937773741782,0.2680719494819641,0.578125,1,1
30,4281,0.10761141777038574,0.10761141777038574,0.72265625,4,4
30,4282,0.011713147163391113,0.011713147163391113,0.90234375,1,1
30,4200,0.22701957891695204,0.3359364867210388,0.5703125,5,6
30,4092,0.20261008292436603,0.23792743682861328,0.640625,5,6
30,4283,0.21388044487684968,0.27653229236602783,0.609375,3,2
30,4284,0.04845649003982544,0.04845649003982544,0.78125,6,7
30,4285,0.07967829704284668,0.07967829704284668,0.74609375,5,5
30,4286,0.20890299405436966,0.31366080045700073,0.56640625,5,6
30,4287,0.21680527273565534,0.2734096050262451,0.6171875,5,5
30,4288,0.21643046429380777,0.27293694019317627,0.6171875,5,6
30,4289,0.09865778684616089,0.09865778684616089,0.71484375,5,6
30,4290,0.18754635471850636,0.32997846603393555,0.52734375,5,6
30,4291,0.20489763852674517,0.2753480076789856,0.59765625,6,3
30,4292,0.20237323269248012,0.2755720615386963,0.59375,5,6
30,4293,0.2006068238988519,0.23029303550720215,0.6484375,5,7
30,4294,0.09835189580917358,0.09835189580917358,0.734375,4,2
30,4295,0.16910443408414724,0.18382477760314941,0.66796875,5,7
30,4296,0.1756690498441458,0.36562013626098633,0.4921875,5,6
30,4297,0.19658399303443733,0.24489295482635498,0.62109375,5,2
30,4298,0.14255310106091204,0.1549621820449829,0.66796875,6,4
30,4299,0.14430837822146717,0.15360891819000244,0.67578125,7,6
30,4300,0.1987865910632536,0.23614555597305298,0.63671875,3,2
30,4301,0.21737462701275947,0.27079272270202637,0.62109375,5,6
30,4302,0.14124117279425266,0.15518343448638916,0.6640625,5,6
30,4303,0.13934848830103877,0.16363859176635742,0.640625,5,5
30,4304,0.20231974311172965,0.27549922466278076,0.59375,6,7
30,4305,0.19669554557185623,0.2511424422264099,0.61328125,3,2
30,4306,0.20496385940350595,0.27543699741363525,0.59765625,5,6
30,4307,0.03962206840515137,0.03962206840515137,0.8046875,6,4
30,4308,0.20941108954139057,0.27421605587005615,0.60546875,6,5
30,4309,0.20235454197973016,0.2755466103553772,0.59375,2,1
30,4159,0.2168668704107404,0.34060072898864746,0.5546875,6,6
30,4205,0.2214413069887087,0.30560094118118286,0.58984375,6,6
30,4310,0.23138443846255544,0.33277761936187744,0.578125,6,7
30,4311,0.14114818908274177,0.15508127212524414,0.6640625,5,6
30,4312,0.20739213400520387,0.28621232509613037,0.58984375,4,2
30,4313,0.21805329620838168,0.2969236373901367,0.59375,4,2
30,4314,0.12679216742981228,0.12957602739334106,0.69140625,6,8
30,4315,0.10437348508276048,0.19017517566680908,0.51953125,6,6
30,4316,0.14045150578022006,0.16123580932617188,0.6484375,6,6
30,4317,0.18731516704428944,0.21265047788619995,0.65234375,5,5
30,4318,0.12148703634738925,0.23831939697265625,0.50390625,4,3
30,4319,0.20114755025133493,0.33656060695648193,0.5390625,5,4
30,4320,0.20698331482708457,0.3580251932144165,0.53125,3,2
30,4321,0.11416719248518349,0.11439061164855957,0.69921875,4,4
30,4322,0.21456763148307803,0.2921772003173828,0.59375,7,8
30,4323,0.2152525103883818,0.27483612298965454,0.61328125,6,6
30,4324,0.05669122934341431,0.05669122934341431,0.7890625,5,4
30,4325,0.20915031980257484,0.3235195279121399,0.55859375,3,2
30,4326,0.1749756957869977,0.21279704570770264,0.62890625,6,8
30,4327,0.22459561843425038,0.32761526107788086,0.57421875,7,7
30,4328,0.18759254598990086,0.23369193077087402,0.62109375,4,3
30,4329,0.17441731132566932,0.3357205390930176,0.5078125,5,6
30,4330,0.14124117279425266,0.15518343448638916,0.6640625,4,4
30,4331,0.20428297750186178,0.27452200651168823,0.59765625,7,8
30,4332,0.1364011815749109,0.14223504066467285,0.68359375,6,7
30,4333,0.23132229130715135,0.31923723220825195,0.58984375,5,5
30,4334,0.2085310108959675,0.31776154041290283,0.5625,5,5
30,4335,0.1978871753672138,0.28865593671798706,0.57421875,6,6
30,4336,0.13462750916369262,0.14038550853729248,0.68359375,3,2
30,4337,0.1869538179598749,0.3532116413116455,0.51171875,6,6
30,4338,0.14405309362336996,0.3669412136077881,0.45703125,5,4
30,4339,0.11414414644241333,0.11414414644241333,0.70703125,4,4
30,4340,0.21052566007710996,0.3357917070388794,0.55078125,7,8
30,4341,0.17765673995018008,0.3553134799003601,0.5,5,5
30,4342,0.22343703196384015,0.31256765127182007,0.5859375,5,4
30,4343,0.05583488941192627,0.05583488941192627,0.79296875,2,1
31,4140,0.19338212348520759,0.28208446502685547,0.57421875,3,5
31,4213,0.19831915048416707,0.2812725901603699,0.58203125,4,6
31,4344,0.056583404541015625,0.056583404541015625,0.80078125,3,5
31,4345,0.21897617354989055,0.26950913667678833,0.625,3,5
31,4346,0.19338543328922245,0.2820892930030823,0.57421875,3,4
31,4347,0.18793744780123237,0.2821817398071289,0.56640625,3,6
31,4348,0.19068571738898757,0.28217077255249023,0.5703125,3,6
31,4349,0.18793768598698082,0.28218209743499756,0.56640625,3,5
31,4350,0.23301757848821583,0.2587960958480835,0.66015625,3,5
31,4351,0.19381606951355937,0.2385428547859192,0.625,3,5
31,4352,0.19301779987290504,0.2815530300140381,0.57421875,3,5
31,4353,0.2187655183952302,0.26605212688446045,0.62890625,4,6
31,4354,0.18793744780123237,0.2821817398071289,0.56640625,3,6
31,4355,0.19345220143441114,0.28218668699264526,0.57421875,3,4
31,4356,0.1287684701383114,0.13292229175567627,0.6875,3,4
31,4357,0.14332279562950137,0.20612716674804688,0.578125,4,5
31,4358,0.07166159152984619,0.07166159152984619,0.7734375,3,2
31,4359,0.05962026119232178,0.05962026119232178,0.78515625,5,6
31,4360,0.19338069332297894,0.28208237886428833,0.57421875,3,4
31,4361,0.1960903545841575,0.2820175886154175,0.578125,4,6
31,4362,0.17851299373432997,0.19613444805145264,0.6640625,4,6
31,4363,0.19226904865354302,0.28046083450317383,0.57421875,5,6
31,4364,0.19028082583099606,0.281571626663208,0.5703125,4,5
31,4365,0.1906646511051804,0.2821395993232727,0.5703125,4,5
31,4366,0.19069196074269715,0.2821800112724304,0.5703125,4,5
31,4236,0.19720599800348285,0.32996559143066406,0.5390625,3,1
31,4247,0.18211325467564168,0.3097740411758423,0.53515625,4,4
31,4367,0.19802965759299698,0.31101590394973755,0.5546875,2,1
31,4368,0.15142921172082427,0.2809121608734131,0.515625,5,5
31,4369,0.13608178938739005,0.3302079439163208,0.46484375,3,3
31,4370,0.08069860935211182,0.08069860935211182,0.72265625,4,3
31,4371,0.19809686951339248,0.31112146377563477,0.5546875,3,1
31,4372,0.17799523659050467,0.3186488151550293,0.5234375,4,4
31,4373,0.15149784600362184,0.2916048765182495,0.5078125,4,2
31,4374,0.15603026014287028,0.1594560742378235,0.69140625,3,0
31,4375,0.19711273955181244,0.27574241161346436,0.5859375,3,1
31,4376,0.14680120535194877,0.3479732275009155,0.46875,3,2
31,4377,0.13791065849363807,0.2991960048675537,0.484375,3,1
31,4378,0.15210814098827544,0.1554478406906128,0.69140625,3,1
31,4379,0.12790882750414315,0.2963317632675171,0.47265625,3,1
31,4380,0.15884318447206172,0.2701917290687561,0.53515625,3,1
31,4381,0.1726058131316677,0.3036913275718689,0.52734375,2,0
31,4382,0.135308213531971,0.13967299461364746,0.6875,3,0
31,4383,0.14929899154230955,0.19303303956985474,0.609375,4,2
31,4384,0.16290341014973822,0.307773232460022,0.51171875,4,4
31,4385,0.12272603809833528,0.2780342102050781,0.4765625,3,1
31,4386,0.16896894620731476,0.2653745412826538,0.5546875,4,4
31,4387,0.2057188446633518,0.3281247615814209,0.55078125,5,5
31,4388,0.15470797172747555,0.32867419719696045,0.48828125,2,2
31,4389,0.15603183489292863,0.15945768356323242,0.69140625,4,1
31,4390,0.16315434733405712,0.30824732780456543,0.51171875,3,0
31,4391,0.17804280691780153,0.2979016900062561,0.5390625,3,1
31,4392,0.11623330623842777,0.13807761669158936,0.63671875,3,1
31,4393,0.15120307961478832,0.19305729866027832,0.61328125,5,6
31,4394,0.18793744780123237,0.2821817398071289,0.56640625,3,0
31,3255,0.2543796182144434,0.33310067653656006,0.60546875,3,5
31,4255,0.22330843086820099,0.278184711933136,0.62109375,4,6
31,4395,0.11643278785049917,0.3702707290649414,0.42578125,3,5
31,4396,0.18793744780123237,0.2821817398071289,0.56640625,2,2
31,4397,0.05505931377410889,0.05505931377410889,0.79296875,3,4
31,4398,0.055063724517822266,0.055063724517822266,0.79296875,3,5
31,4399,0.1560323014855385,0.15945816040039062,0.69140625,4,5
31,4400,0.0017383098602294922,0.0017383098602294922,0.95703125,3,5
31,4401,0.0,0.404374361038208,0.296875,3,6
31,4402,0.16310775279998782,0.16836929321289062,0.6875,4,5
31,4403,0.07364257518202068,0.19237244129180908,0.453125,4,4
31,4404,0.10403119178954513,0.18303769826889038,0.52734375,4,4
31,4405,0.05505931377410889,0.05505931377410889,0.79296875,3,3
31,4406,0.12550823378842327,0.3197025656700134,0.45703125,3,5
31,4407,0.1584209112916142,0.2344263195991516,0.5703125,3,3
31,4408,0.07792054116725924,0.4155762195587158,0.375,4,5
31,4409,0.005673646926879883,0.005673646926879883,0.91796875,3,4
31,4410,0.15603183489292863,0.15945768356323242,0.69140625,3,4
31,4411,0.044582486152648926,0.044582486152648926,0.8046875,5,6
31,4327,0.2645911511499435,0.33783209323883057,0.61328125,7,7
31,4159,0.2034747060388327,0.35195624828338623,0.53125,6,6
31,4412,0.19540411187335852,0.35603880882263184,0.51953125,6,7
31,4413,0.2223025962011889,0.2987373471260071,0.59765625,5,4
31,4414,0.17671418515965345,0.19209694862365723,0.66796875,7,6
31,4415,0.17527306987904015,0.3373677134513855,0.5078125,6,6
31,4416,0.2495658388361335,0.3491194248199463,0.5859375,7,7
31,4417,0.22727268282324078,0.36823928356170654,0.546875,6,6
31,4418,0.07250092271715404,0.07264280319213867,0.69921875,7,8
31,4419,0.16163371002767238,0.37446361780166626,0.47265625,7,7
31,4420,0.2576940022408963,0.3061237335205078,0.63671875,7,7
31,4421,0.14016317529603842,0.385825514793396,0.4453125,5,5
31,4422,0.23517959192395213,0.32024455070495605,0.59375,7,8
31,4423,0.18033248512074354,0.2093656063079834,0.64453125,7,7
31,4424,0.18390126479789617,0.23777133226394653,0.609375,7,6
31,4425,0.18542317952960732,0.2397390604019165,0.609375,6,6
31,4426,0.24796533118933442,0.3422055244445801,0.58984375,7,8
31,4427,0.206648996565491,0.31965041160583496,0.55859375,8,10
31,4428,0.11178489611484113,0.40591394901275635,0.41015625,6,5
31,4429,0.20105282985605302,0.28125423192977905,0.5859375,7,9
31,4430,0.2645911511499435,0.33783209323883057,0.61328125,7,6
31,4431,0.26477369293570524,0.3074016571044922,0.64453125,8,9
31,4432,0.24537016020622107,0.3056679368019104,0.62109375,7,7
31,4433,0.09523562178947033,0.10033053159713745,0.6796875,7,8
31,4434,0.1156381368637085,0.1156381368637085,0.7109375,7,8
31,4310,0.2589463645126671,0.3434728980064392,0.6015625,6,7
31,4333,0.24831214081496003,0.32936739921569824,0.6015625,5,5
31,4435,0.13213663268834355,0.13370347023010254,0.6953125,6,6
31,4436,0.15585353819187733,0.15927547216415405,0.69140625,5,5
31,4437,0.2636856380850077,0.3409268856048584,0.609375,7,7
31,4438,0.1867581530241296,0.2648758292198181,0.58203125,6,6
31,4439,0.20094854664057496,0.2665431499481201,0.6015625,5,3
31,4440,0.22959593613632026,0.27922356128692627,0.62890625,5,6
31,4441,0.11694667977280916,0.11833339929580688,0.6953125,5,5
31,4442,0.21685516182333234,0.25760984420776367,0.63671875,6,6
31,4443,0.16358638624660674,0.19661086797714233,0.6328125,5,4
31,4444,0.0768031105399132,0.4096165895462036,0.375,6,7
31,4445,0.22553833550773564,0.3488689661026001,0.55859375,6,6
31,4446,0.2012103404849768,0.3066062331199646,0.5625,4,2
31,4447,0.08442884683609009,0.08442884683609009,0.75390625,4,1
31,4448,0.19604215538129213,0.2819482684135437,0.578125,5,6
31,4449,0.21628710813820365,0.28688859939575195,0.6015625,7,9
31,4450,0.17964696232229474,0.22654986381530762,0.6171875,6,9
31,4451,0.2046967698261142,0.3029038906097412,0.5703125,5,5
31,4452,0.12376338243484497,0.12376338243484497,0.703125,5,4
31,4453,0.18594154017046097,0.32715487480163574,0.52734375,5,6
31,4454,0.24016136862337592,0.30286359786987305,0.6171875,6,6
31,4455,0.15426251431927088,0.16086030006408691,0.68359375,7,7
31,4456,0.2055604922352359,0.34965771436691284,0.53515625,6,6
31,4457,0.19408901198767128,0.2332713007926941,0.6328125,6,8
31,4458,0.20904392213560644,0.25422918796539307,0.62890625,5,5
31,4459,0.2575792220886797,0.3416594862937927,0.6015625,6,7
31,4460,0.10670655965805054,0.10670655965805054,0.71484375,5,4
31,4461,0.15676157316192987,0.266650915145874,0.53515625,5,5
31,4462,0.2551872171461583,0.3384866714477539,0.6015625,6,7
31,4463,0.14928553067147735,0.1541011929512024,0.6875,6,6
31,4464,0.2492291224189103,0.33492207527160645,0.59765625,5,5
31,4465,0.20775385596789422,0.27204596996307373,0.60546875,5,6
31,4466,0.08642476797103882,0.08642476797103882,0.75,6,6
31,4467,0.19344292581081393,0.28217315673828125,0.57421875,6,6
31,4468,0.25873974733985966,0.34319883584976196,0.6015625,6,6
31,4469,0.16620699688792231,0.17156851291656494,0.6875,6,6
31,4470,0.0768990672659129,0.19588220119476318,0.45703125,5,6
31,4471,0.19292839430272582,0.28142261505126953,0.57421875,7,8
31,4472,0.10806012153625488,0.10806012153625488,0.73828125,5,5
31,4473,0.17476431804243478,0.18997734785079956,0.66796875,5,4
31,4474,0.1519533373648301,0.2281528115272522,0.56640625,5,5
31,4475,0.1372632302809507,0.14460653066635132,0.6796875,5,4
31,4476,0.12647976877633485,0.12672728300094604,0.69921875,5,4
31,4477,0.2005875078029931,0.280603289604187,0.5859375,5,4
31,4478,0.17404936859384182,0.18920016288757324,0.66796875,5,3
31,4479,0.23384822346270087,0.2746107578277588,0.640625,6,6
31,4480,0.05515491962432861,0.05515491962432861,0.796875,5,5
31,4481,0.1560307850595564,0.15945661067962646,0.69140625,4,2
31,4482,0.19609437463805082,0.2820233702659607,0.578125,4,3
31,4483,0.2589463645126671,0.3434728980064392,0.6015625,6,8
32,4352,0.18581246584653857,0.2831428050994873,0.5625,3,5
32,4484,0.09931457042694092,0.09931457042694092,0.73046875,2,1
32,4485,0.0397491455078125,0.0397491455078125,0.87109375,3,4
32,4486,0.18881386041175577,0.2296263575553894,0.62890625,4,6
32,4487,0.19814633019268516,0.2698162794113159,0.59375,3,5
32,4488,0.22686151508241895,0.2547217011451721,0.65625,3,6
32,4489,0.18584641814231875,0.28319454193115234,0.5625,3,5
32,4490,0.19601005688309672,0.2328472137451172,0.63671875,2,3
32,4491,0.18874563463032248,0.2640376091003418,0.5859375,4,6
32,4492,0.18626827932894233,0.28383737802505493,0.5625,3,5
32,4493,0.12951501435600224,0.13105076551437378,0.6953125,3,5
32,4494,0.18573134019970897,0.28301918506622314,0.5625,3,5
32,4495,0.18625998683273795,0.28382474184036255,0.5625,3,4
32,4496,0.19801064848434183,0.2408110499382019,0.62890625,4,5
32,4497,0.17486190516501668,0.19420671463012695,0.66015625,4,5
32,4498,0.18617052957415584,0.28368842601776123,0.5625,2,1
32,4499,0.18869777640793475,0.28332334756851196,0.56640625,2,3
32,4500,0.18603315576910975,0.28347909450531006,0.5625,2,1
32,4350,0.2456215177662671,0.25876176357269287,0.6796875,3,5
32,4345,0.23374015139415863,0.2683295011520386,0.6484375,3,5
32,4501,0.2299875968601555,0.2500077486038208,0.66796875,3,4
32,4502,0.10508232575375588,0.11422961950302124,0.66796875,3,4
32,4503,0.1981105757877231,0.2809767723083496,0.58203125,3,5
32,4504,0.20264470065012577,0.2620052695274353,0.609375,3,4
32,4505,0.16155983565840873,0.21155661344528198,0.60546875,3,4
32,4506,0.13034164905548096,0.13034164905548096,0.703125,4,7
32,4507,0.1958623223472387,0.27399319410324097,0.5859375,5,7
32,4508,0.16785977524705234,0.24485528469085693,0.57421875,4,6
32,4509,0.05470931529998779,0.05470931529998779,0.7890625,3,3
32,4510,0.18614901602268222,0.28365564346313477,0.5625,4,4
32,4511,0.07771921157836914,0.07771921157836914,0.76171875,3,5
32,4512,0.1862592436373234,0.2838236093521118,0.5625,4,6
32,4513,0.06328356266021729,0.06328356266021729,0.76953125,2,2
32,4514,0.14737290143966675,0.14737290143966675,0.703125,3,3
32,4515,0.18602771870791915,0.2834708094596863,0.5625,3,4
32,4516,0.15046969056129458,0.23632049560546875,0.5546875,3,4
32,4517,0.13536708871833983,0.14715063571929932,0.66796875,3,4
32,4518,0.08034992218017578,0.08034992218017578,0.8046875,4,4
32,4519,0.1667602024972439,0.22707772254943848,0.59375,4,6
32,4520,0.178247059811838,0.2334079146385193,0.60546875,4,6
32,4521,0.09516388177871704,0.09516388177871704,0.73828125,4,7
32,4522,0.197008072398603,0.21645522117614746,0.6640625,4,7
32,4523,0.23770852666348222,0.26985979080200195,0.65234375,3,4
32,4524,0.16277224267832938,0.25178062915802,0.55859375,5,7
32,4525,0.18854887061752382,0.2830997705459595,0.56640625,3,5
32,4526,0.20125960651785138,0.281543493270874,0.5859375,3,3
32,3255,0.2615063219564036,0.333893358707428,0.61328125,3,5
32,4255,0.22647280246019366,0.2787357568740845,0.625,4,6
32,4527,0.2078739115968347,0.24983906745910645,0.6328125,4,5
32,4528,0.056732773780822754,0.056732773780822754,0.79296875,3,4
32,4529,0.01907801628112793,0.01907801628112793,0.90234375,2,2
32,4530,0.20462068961933258,0.24307608604431152,0.63671875,3,4
32,4531,0.1862729731947184,0.283844530582428,0.5625,3,6
32,4532,0.1564350724220276,0.1564350724220276,0.703125,4,7
32,4533,0.043541789054870605,0.043541789054870605,0.828125,4,4
32,4534,0.1761804905254394,0.24646013975143433,0.5859375,3,5
32,4535,0.10641799494624139,0.1342020034790039,0.6171875,2,3
32,4536,0.20652427244931462,0.26044440269470215,0.6171875,3,3
32,4537,0.09192591905593872,0.09192591905593872,0.73828125,3,5
32,4538,0.07466065883636475,0.07466065883636475,0.76171875,4,6
32,4539,0.1563703417778015,0.1563703417778015,0.703125,3,5
32,4540,0.1862729731947184,0.283844530582428,0.5625,4,5
32,4541,0.1862729731947184,0.283844530582428,0.5625,4,6
32,4542,0.05392491817474365,0.05392491817474365,0.79296875,1,0
32,4543,0.08455195045098664,0.3577735424041748,0.39453125,3,4
32,4437,0.2678411898668856,0.34198176860809326,0.61328125,7,7
32,4483,0.26985386107116943,0.34455156326293945,0.61328125,6,8
32,4544,0.2626280058175326,0.3439016342163086,0.60546875,5,5
32,4545,0.21356249274685982,0.3632690906524658,0.53515625,5,5
32,4546,0.1564350128173828,0.1564350128173828,0.70703125,6,9
32,4547,0.24851467553526166,0.3574143648147583,0.578125,7,6
32,4548,0.25493621220812207,0.3100411891937256,0.62890625,5,5
32,4549,0.15515166521072388,0.15515166521072388,0.703125,6,8
32,4550,0.24998770910315218,0.36992400884628296,0.5703125,6,9
32,4551,0.1564350128173828,0.1564350128173828,0.70703125,6,8
32,4552,0.19062819099053743,0.20291399955749512,0.67578125,8,8
32,4553,0.15316367149353027,0.15316367149353027,0.703125,6,6
32,4554,0.27080623165238654,0.3457675576210022,0.61328125,6,6
32,4555,0.2606705995276571,0.30610859394073486,0.640625,6,4
32,4556,0.1378042509313673,0.3898109197616577,0.44140625,7,6
32,4557,0.18621754646301272,0.28376007080078125,0.5625,5,5
32,4558,0.0954369306564331,0.0954369306564331,0.7265625,7,9
32,4559,0.19398228067439052,0.21544235944747925,0.66015625,6,6
32,4560,0.26120768161490565,0.28096288442611694,0.671875,5,4
32,4561,0.26207617961335933,0.3616792559623718,0.58984375,7,8
32,4562,0.25185497361235326,0.2680867910385132,0.67578125,5,5
32,4563,0.19320665812119844,0.21002507209777832,0.66796875,6,6
32,4564,0.17757543548941615,0.270591139793396,0.5625,6,7
32,4565,0.19121813448145988,0.28295862674713135,0.5703125,5,4
32,4566,0.2487055901437998,0.2567283511161804,0.6875,6,9
32,4567,0.20755341858603063,0.2465599775314331,0.63671875,6,6
32,4568,0.08632230758666992,0.08632230758666992,0.75390625,6,4
32,4569,0.23117093299515548,0.2778392434120178,0.6328125,7,6
32,4570,0.23152458854019645,0.2599574327468872,0.65625,7,8
32,4571,0.12890410423278809,0.12890410423278809,0.7109375,5,4
32,4572,0.1564350128173828,0.1564350128173828,0.70703125,6,6
32,4573,0.24544564448297027,0.2640087604522705,0.671875,5,4
32,4574,0.12281458405777815,0.3905656337738037,0.42578125,6,6
32,4575,0.2556830700486899,0.32243776321411133,0.6171875,6,7
32,4576,0.26985386107116943,0.34455156326293945,0.61328125,6,8
32,4577,0.2647677798522637,0.34670358896255493,0.60546875,7,7
32,4578,0.22578958119265738,0.2284669280052185,0.6953125,7,10
32,4579,0.24190964410081509,0.34791499376296997,0.578125,5,5
32,4580,0.2349114362150431,0.26376020908355713,0.65625,6,6
32,4581,0.2831314245704562,0.3363417387008667,0.63671875,5,5
32,4582,0.2536215469008312,0.32382601499557495,0.61328125,6,8
32,4583,0.18946073064580563,0.18983149528503418,0.69921875,6,6
32,4584,0.27557832002639776,0.3391733169555664,0.625,5,4
32,4585,0.17898204526863995,0.1811043620109558,0.6953125,6,7
32,4586,0.1277909278869629,0.1277909278869629,0.71875,5,6
32,4587,0.2710978029062972,0.32204657793045044,0.63671875,7,7
32,4588,0.1724582356400788,0.18357300758361816,0.67578125,5,5
32,4589,0.20062679518014195,0.37217724323272705,0.515625,6,7
32,4590,0.06265950202941895,0.06265950202941895,0.77734375,6,7
32,4591,0.23229127284139398,0.30417680740356445,0.60546875,5,4
32,4592,0.26713396981358534,0.3637568950653076,0.59375,6,7
32,4593,0.10819987114518882,0.13644909858703613,0.6171875,7,9
32,4594,0.24199200922157618,0.2747226357460022,0.65234375,6,7
32,4595,0.054416537284851074,0.054416537284851074,0.796875,6,6
32,4431,0.25929202593397355,0.30802208185195923,0.63671875,8,9
32,4430,0.2687522103078664,0.3389190435409546,0.6171875,7,6
32,4596,0.2587731389794499,0.27545082569122314,0.67578125,8,9
32,4597,0.24170785653404894,0.3428100347518921,0.58203125,7,7
32,4598,0.2595131462439895,0.3442246913909912,0.6015625,8,8
32,4599,0.1904770685359836,0.2818620204925537,0.5703125,7,7
32,4600,0.23258624318987134,0.26114946603775024,0.65625,8,9
32,4601,0.2705863995943219,0.3252118229866028,0.6328125,7,8
32,4602,0.1494980121497065,0.38081085681915283,0.45703125,7,5
32,4603,0.23893507989123466,0.3535686731338501,0.5703125,8,6
32,4604,0.2689938303083182,0.347790002822876,0.609375,7,7
32,4605,0.16122843325138095,0.32888031005859375,0.49609375,8,10
32,4606,0.19295288203284147,0.22401785850524902,0.64453125,7,6
32,4607,0.19911550451070073,0.2641117572784424,0.6015625,7,5
32,4608,0.2294264864176512,0.30431699752807617,0.6015625,7,5
32,4609,0.1690078377723694,0.36666107177734375,0.484375,8,9
32,4610,0.15467641619034114,0.15497910976409912,0.69921875,7,7
32,4611,0.2467887876555324,0.35493218898773193,0.578125,8,9
32,4612,0.24471811065450313,0.2660205364227295,0.66796875,7,7
32,4613,0.261241096071899,0.2809988260269165,0.671875,9,10
32,4614,0.14409567764960232,0.2722398042678833,0.51171875,7,6
32,4615,0.18633023148868236,0.38008397817611694,0.49609375,7,8
32,4616,0.24899973487481478,0.32193905115127563,0.609375,7,7
32,4617,0.2511542760767043,0.32887721061706543,0.60546875,7,7
32,4618,0.14659226150251928,0.14833050966262817,0.6953125,7,6
32,4619,0.11445026239380243,0.3756316304206848,0.421875,8,8
32,4620,0.17867717449553314,0.3718809485435486,0.4921875,6,4
32,4621,0.26159537397325044,0.3003067970275879,0.6484375,8,9
32,4622,0.14527421258389953,0.16311490535736084,0.65625,9,10
32,4623,0.1564350128173828,0.1564350128173828,0.70703125,7,7
32,4624,0.11581185238901529,0.39268654584884644,0.41796875,9,10
33,4488,0.2164970128796995,0.27302086353302,0.6171875,3,6
33,4487,0.20040134433656934,0.2882176637649536,0.578125,3,5
33,4625,0.20406131725758317,0.30196356773376465,0.5703125,4,6
33,4626,0.061245620250701904,0.061245620250701904,0.8203125,3,5
33,4627,0.13187523535452786,0.2690044641494751,0.49609375,4,4
33,4628,0.19447513343766334,0.2720526456832886,0.5859375,3,6
33,4629,0.11616991902701558,0.28189098834991455,0.46484375,3,6
33,4630,0.19904232374392453,0.2541388273239136,0.61328125,3,3
33,4631,0.20371450902894142,0.30145037174224854,0.5703125,5,6
33,4632,0.14241742074955258,0.19138509035110474,0.59765625,3,4
33,4633,0.20406115613877776,0.30196332931518555,0.5703125,3,3
33,4634,0.1372928651981056,0.18449854850769043,0.59765625,3,7
33,4635,0.20403432985767725,0.30192363262176514,0.5703125,3,6
33,4636,0.212062580161728,0.2926577925682068,0.58984375,2,1
33,4637,0.039929456776008024,0.40086042881011963,0.33984375,3,4
33,4638,0.20396432373672727,0.3018200397491455,0.5703125,3,6
33,4639,0.1338112766388804,0.1340731382369995,0.69921875,2,2
33,4640,0.09835481643676758,0.09835481643676758,0.75390625,4,5
33,4641,0.17195076285861435,0.21954810619354248,0.61328125,2,2
33,4642,0.1706458330154419,0.1706458330154419,0.70703125,3,5
33,4643,0.19742001837585124,0.24593442678451538,0.62109375,2,3
33,4644,0.19238709937781098,0.22592246532440186,0.640625,5,8
33,4645,0.2040583365596831,0.30195915699005127,0.5703125,5,7
33,4646,0.17910451116040352,0.23156946897506714,0.609375,3,7
33,4350,0.24832622241228822,0.27579832077026367,0.66015625,3,5
33,4523,0.25467162206768995,0.2859470844268799,0.65625,3,4
33,4647,0.11812955141067505,0.11812955141067505,0.7578125,3,3
33,4648,0.10441831941716374,0.1100044846534729,0.6796875,2,2
33,4649,0.2079723686911166,0.23098015785217285,0.66015625,3,6
33,4650,0.06096673011779785,0.06096673011779785,0.8203125,3,3
33,4651,0.11250555515289307,0.11250555515289307,0.75390625,3,4
33,4652,0.20385583629831674,0.27039945125579834,0.6015625,4,5
33,4653,0.16374859318602833,0.20907551050186157,0.61328125,3,5
33,4654,0.08155079232528807,0.2676538825035095,0.421875,3,4
33,4655,0.20406228397041562,0.30196499824523926,0.5703125,3,5
33,4656,0.1699018931249157,0.17023438215255737,0.69921875,3,3
33,4657,0.20400452287867668,0.30187952518463135,0.5703125,3,4
33,4658,0.08595079183578491,0.08595079183578491,0.76953125,2,2
33,4659,0.25862290966324514,0.28415220975875854,0.6640625,3,4
33,4660,0.16264355182647705,0.16264355182647705,0.71875,2,1
33,4661,0.06154584884643555,0.06154584884643555,0.8125,4,5
33,4662,0.22168882191181186,0.24891376495361328,0.65625,4,6
33,4663,0.12371069192886353,0.12371069192886353,0.70703125,3,3
33,4664,0.06236839294433594,0.06236839294433594,0.8125,3,4
33,4665,0.1706458330154419,0.1706458330154419,0.70703125,2,2
33,4666,0.20405753096565607,0.30195796489715576,0.5703125,4,5
33,4667,0.16986751556396484,0.16986751556396484,0.71484375,2,0
33,4668,0.04769235849380493,0.04769235849380493,0.84375,2,3
33,4669,0.08060121536254883,0.08060121536254883,0.73828125,4,5
33,4670,0.17022204399108887,0.17022204399108887,0.71484375,3,4
33,4671,0.2499281535856426,0.28691303730010986,0.6484375,2,3
33,3255,0.26601246511563664,0.35284554958343506,0.6015625,3,5
33,4255,0.22315104026347402,0.2959930896759033,0.6015625,4,6
33,4672,0.12944222893565896,0.15200555324554443,0.640625,3,4
33,4673,0.0035218000411987305,0.0035218000411987305,0.96484375,3,3
33,4674,0.01763927936553955,0.01763927936553955,0.90234375,3,4
33,4675,0.11986130475997925,0.11986130475997925,0.7265625,3,5
33,4676,0.17742969910614195,0.3415188193321228,0.5078125,4,5
33,4677,0.17513549327850342,0.17513549327850342,0.703125,5,6
33,4678,0.06850969791412354,0.06850969791412354,0.78125,3,3
33,4679,0.06575596332550049,0.06575596332550049,0.76953125,3,3
33,4680,0.1453617089428008,0.20905953645706177,0.578125,3,4
33,4681,0.04361569881439209,0.04361569881439209,0.84375,5,6
33,4682,0.20406159921549263,0.3019639849662781,0.5703125,4,5
33,4683,0.2264865264296532,0.23379254341125488,0.6875,4,5
33,4684,0.21686838846653703,0.3406031131744385,0.5546875,4,5
33,4685,0.09598044073209169,0.4236378073692322,0.390625,3,4
33,4686,0.0647895336151123,0.0647895336151123,0.80859375,2,2
33,4687,0.11013563303276898,0.3734400272369385,0.41796875,3,4
33,4688,0.023706257343292236,0.023706257343292236,0.89453125,3,2
33,4689,0.13451600074768066,0.13451600074768066,0.73828125,3,4
33,4690,0.01081240177154541,0.01081240177154541,0.921875,4,6
33,4601,0.2723607695661486,0.3434697389602661,0.6171875,7,8
33,4604,0.2690754840150476,0.36640065908432007,0.59375,7,7
33,4691,0.2676390853011981,0.31072837114334106,0.64453125,8,8
33,4692,0.24451799108646816,0.38402825593948364,0.5546875,7,7
33,4693,0.2620347803458572,0.33879244327545166,0.609375,8,8
33,4694,0.26202720007859176,0.31866490840911865,0.62890625,6,5
33,4695,0.25764235295355326,0.3705418109893799,0.578125,8,9
33,4696,0.25709065236151224,0.3697483539581299,0.578125,6,5
33,4697,0.25564238755032426,0.32640624046325684,0.61328125,7,8
33,4698,0.26588854892179375,0.34377509355545044,0.609375,7,8
33,4699,0.1927425488829613,0.2372215986251831,0.625,7,8
33,4700,0.26944910734891897,0.3025393486022949,0.65625,9,9
33,4701,0.22913415287621325,0.38338786363601685,0.5390625,7,5
33,4702,0.20962678780779245,0.30148571729660034,0.578125,6,6
33,4703,0.2396295354701579,0.2914259433746338,0.62890625,8,8
33,4704,0.2416121391579509,0.2712838053703308,0.65625,8,7
33,4705,0.2590301004238427,0.37253767251968384,0.578125,7,6
33,4706,0.2585365372942761,0.29350489377975464,0.65234375,7,7
33,4707,0.20449609961360696,0.274808406829834,0.59765625,7,7
33,4708,0.24622948095202452,0.3752068281173706,0.5625,7,7
33,4709,0.2664653122192249,0.35808461904525757,0.59765625,8,9
33,4710,0.1362003777176142,0.17176008224487305,0.6171875,7,9
33,4711,0.21949788182973864,0.24645376205444336,0.65625,8,8
33,4712,0.2106811453122646,0.2907513380050659,0.58984375,8,8
33,4713,0.15157225937582555,0.1549001932144165,0.69140625,7,7
33,4714,0.17002177238464355,0.17002177238464355,0.72265625,6,4
33,4715,0.19166095484979453,0.20834481716156006,0.66796875,10,11
33,4716,0.2406672227662057,0.2762816548347473,0.6484375,7,5
33,4717,0.15394920110702515,0.15394920110702515,0.72265625,7,7
33,4718,0.17509674932807687,0.2837010622024536,0.546875,8,8
33,4719,0.23901115288026634,0.31297624111175537,0.60546875,7,8
33,4720,0.24790597334504133,0.37776148319244385,0.5625,7,6
33,4721,0.21060618571937087,0.23647010326385498,0.65625,7,6
33,4581,0.257303977617994,0.3550933599472046,0.58984375,5,5
33,4584,0.2661474253982306,0.35765743255615234,0.59765625,5,4
33,4722,0.10260433983057739,0.268027663230896,0.453125,7,8
33,4723,0.13493977999314669,0.41619980335235596,0.4296875,5,5
33,4724,0.26851489813998347,0.37562739849090576,0.5859375,8,8
33,4725,0.23621980077587074,0.40180909633636475,0.53515625,6,9
33,4726,0.26930775353685027,0.3619043827056885,0.59765625,6,6
33,4727,0.2626513503491879,0.3576529026031494,0.59375,7,7
33,4728,0.2694386767689139,0.31281769275665283,0.64453125,6,4
33,4729,0.25682158861309295,0.3279118537902832,0.61328125,5,4
33,4730,0.05785417556762695,0.05785417556762695,0.81640625,5,6
33,4731,0.2520735654979945,0.3300809860229492,0.60546875,4,4
33,4732,0.10208296962082389,0.43195438385009766,0.39453125,6,8
33,4733,0.13721330242697152,0.2691693902015686,0.50390625,6,6
33,4734,0.23202663101255896,0.3644099235534668,0.5546875,7,8
33,4735,0.24820521892979744,0.29147034883499146,0.640625,7,9
33,4736,0.1702156662940979,0.1702156662940979,0.71875,6,7
33,4737,0.08785122632980347,0.08785122632980347,0.76171875,6,6
33,4738,0.20916684390977028,0.30082422494888306,0.578125,5,3
33,4739,0.13047918980009857,0.20182883739471436,0.55859375,7,8
33,4740,0.13655491860117766,0.15853995084762573,0.64453125,6,7
33,4741,0.2615114827640355,0.3257758617401123,0.62109375,7,7
33,4742,0.20681453403085473,0.3016781806945801,0.57421875,6,6
33,4743,0.13877004501409831,0.41549861431121826,0.43359375,7,6
33,4744,0.1574929263442755,0.4114100933074951,0.453125,5,4
33,4745,0.17929729947354647,0.3974035382270813,0.48046875,6,5
33,4746,0.16214191913604736,0.16214191913604736,0.71484375,8,8
33,4747,0.26612232439219957,0.34407734870910645,0.609375,6,6
33,4748,0.2440353627316654,0.289898157119751,0.63671875,8,9
33,4749,0.24746835976839068,0.2778592109680176,0.65625,5,5
33,4750,0.2062963050557301,0.4046885371208191,0.50390625,5,5
33,4751,0.24172070156782868,0.31252777576446533,0.609375,6,6
33,4752,0.14432360371574762,0.20469164848327637,0.58203125,7,7
33,4753,0.1706458330154419,0.1706458330154419,0.70703125,7,7
33,4754,0.21155326522421097,0.39968734979629517,0.51171875,4,2
33,4755,0.14910777274053547,0.1857498288154602,0.62109375,6,5
33,4756,0.1705414056777954,0.1705414056777954,0.71484375,7,9
33,4757,0.25856542412657296,0.3667188286781311,0.58203125,6,8
33,4758,0.23101288406178358,0.25656962394714355,0.66015625,6,7
33,4759,0.24815582204610115,0.3897416591644287,0.5546875,7,7
33,4760,0.20956232061143967,0.22306841611862183,0.67578125,7,7
33,4761,0.24720202758908277,0.3882436752319336,0.5546875,7,7
33,4762,0.2179389533121139,0.24204933643341064,0.66015625,6,6
33,4763,0.2417680743383244,0.3248956799507141,0.59765625,6,4
33,4764,0.2515621036291123,0.36695098876953125,0.57421875,7,7
34,4488,0.2025480614975095,0.27219057083129883,0.59765625,3,6
34,4636,0.18617774057202044,0.29240185022354126,0.5546875,2,1
34,4765,0.18336822721175852,0.30187952518463135,0.54296875,3,4
34,4766,0.0824217845220119,0.380179762840271,0.38671875,2,1
34,4767,0.2149468278512359,0.27106595039367676,0.6171875,4,5
34,4768,0.06957125663757324,0.06957125663757324,0.78125,2,2
34,4769,0.16459612373728308,0.17892402410507202,0.66796875,5,7
34,4770,0.09283912181854248,0.09283912181854248,0.78515625,5,7
34,4771,0.10709630500059576,0.1302453875541687,0.62890625,5,9
34,4772,0.1877554161474109,0.23389482498168945,0.62109375,3,6
34,4773,0.18318676692433658,0.3015807867050171,0.54296875,3,3
34,4774,0.18336844444274905,0.3018798828125,0.54296875,3,4
34,4775,0.1674910136498511,0.16781878471374512,0.69921875,3,6
34,4776,0.18336848064791414,0.3018799424171448,0.54296875,1,1
34,4777,0.17109877837356183,0.19864529371261597,0.64453125,4,6
34,4778,0.1833600086392835,0.30186599493026733,0.54296875,2,1
34,4779,0.18336873408406976,0.3018803596496582,0.54296875,2,1
34,4780,0.19626189069822433,0.2822642922401428,0.578125,5,8
34,4781,0.1833679737756029,0.3018791079521179,0.54296875,3,4
34,4782,0.1915392288938165,0.26081937551498413,0.59375,3,6
34,4783,0.19185110554099086,0.2612440586090088,0.59375,3,6
34,4784,0.18325823592022064,0.3016984462738037,0.54296875,2,1
34,4785,0.14705433812923732,0.15985524654388428,0.66796875,3,3
34,4786,0.0667753100860864,0.2264169454574585,0.41796875,5,9
34,4787,0.11667889356613159,0.11667889356613159,0.734375,1,0
34,4788,0.18336873408406976,0.3018803596496582,0.54296875,2,0
34,4789,0.18300903576891872,0.3012881875038147,0.54296875,3,3
34,4659,0.23392976820468905,0.28791356086730957,0.625,3,4
34,4671,0.22168840095400813,0.29029273986816406,0.60546875,2,3
34,4790,0.18336837203241887,0.30187976360321045,0.54296875,3,4
34,4791,0.18427153071388605,0.2850363254547119,0.55859375,2,3
34,4792,0.12837592558935287,0.19275212287902832,0.56640625,3,4
34,4793,0.02119821310043335,0.02119821310043335,0.84765625,3,5
34,4794,0.05991196632385254,0.05991196632385254,0.78515625,3,5
34,4795,0.12367825489491226,0.14523684978485107,0.640625,2,4
34,4796,0.1832721024984494,0.3017212748527527,0.54296875,4,5
34,4797,0.19041968183591965,0.299064040184021,0.5546875,3,4
34,4798,0.06177186965942383,0.06177186965942383,0.77734375,2,3
34,4799,0.05974686145782471,0.05974686145782471,0.78515625,2,3
34,4800,0.10249732702504845,0.10269790887832642,0.69921875,2,2
34,4801,0.07624191045761108,0.07624191045761108,0.74609375,3,6
34,4802,0.061983346939086914,0.061983346939086914,0.7734375,3,5
34,4803,0.13991493824869397,0.16816067695617676,0.6328125,4,5
34,4804,0.16329817730002108,0.20593267679214478,0.6171875,4,6
34,4805,0.18336851685307923,0.30188000202178955,0.54296875,3,5
34,4806,0.10852449596859516,0.10873687267303467,0.69921875,4,5
34,4807,0.177015102817677,0.3011021018028259,0.53515625,3,4
34,3255,0.24416322063189003,0.3561583161354065,0.57421875,3,5
34,4523,0.22651570115704092,0.2892170548439026,0.61328125,3,4
34,4808,0.19650266761891547,0.26406657695770264,0.59765625,4,5
34,4809,0.09600681788288058,0.10899221897125244,0.65234375,3,4
34,4810,0.13723510922864082,0.2122790813446045,0.55859375,3,4
34,4811,0.18336938577704134,0.30188143253326416,0.54296875,3,3
34,4812,0.18337025470100346,0.30188286304473877,0.54296875,2,3
34,4813,0.14962375489994886,0.20648884773254395,0.58984375,3,6
34,4814,0.003233790397644043,0.003233790397644043,0.96875,2,3
34,4815,0.18336873408406976,0.3018803596496582,0.54296875,3,3
34,4816,0.21949525550007823,0.3344689607620239,0.5625,3,5
34,4817,0.18334121815860274,0.3018350601196289,0.54296875,3,5
34,4818,0.0949253677390516,0.09511113166809082,0.69921875,4,6
34,4819,0.1857207398861647,0.283003032207489,0.5625,3,4
34,4820,0.17728866799734536,0.3015674352645874,0.53515625,6,9
34,4821,0.07320797443389893,0.07320797443389893,0.75390625,3,4
34,4822,0.17743177548982206,0.3018108606338501,0.53515625,3,5
34,4823,0.05974763631820679,0.05974763631820679,0.78515625,3,4
34,4824,0.1547095775604248,0.1547095775604248,0.71484375,6,9
34,4825,0.08453035354614258,0.08453035354614258,0.73046875,3,4
34,4826,0.05975651741027832,0.05975651741027832,0.78515625,3,2
34,4827,0.17808988224714997,0.4034602642059326,0.4765625,6,8
34,4828,0.21280836127698427,0.40205860137939453,0.51171875,3,4
34,4829,0.04855531454086304,0.04855531454086304,0.8515625,6,9
34,4830,0.1802054489962757,0.3015202283859253,0.5390625,3,4
34,4831,0.08328656223602594,0.22926193475723267,0.4453125,3,6
34,4832,0.11647236347198486,0.11647236347198486,0.734375,2,4
34,4728,0.2565250359475613,0.31572312116622925,0.625,6,4
34,4726,0.2588886455632747,0.36717724800109863,0.58203125,6,6
34,4833,0.2237064123619348,0.33103376626968384,0.5703125,6,4
34,4834,0.2065791850909591,0.24258840084075928,0.640625,6,4
34,4835,0.242005460895598,0.39841413497924805,0.54296875,6,4
34,4836,0.25978574645705527,0.34017980098724365,0.60546875,6,5
34,4837,0.2556497058831156,0.3783024549484253,0.5703125,6,3
34,4838,0.2349559159483761,0.36343634128570557,0.55859375,7,6
34,4839,0.25515294994693255,0.38310354948043823,0.56640625,5,4
34,4840,0.24902682274114343,0.3346502184867859,0.59765625,6,7
34,4841,0.15833532810211182,0.15833532810211182,0.73046875,6,6
34,4842,0.16676998138427734,0.16676998138427734,0.703125,6,5
34,4843,0.1661504151998088,0.30273669958114624,0.51953125,8,8
34,4844,0.25528101203963166,0.39487576484680176,0.55859375,8,8
34,4845,0.24633315205574038,0.3031792640686035,0.625,6,5
34,4846,0.19642528519034388,0.23607921600341797,0.6328125,6,4
34,4847,0.26311074523255235,0.37840646505355835,0.578125,6,4
34,4848,0.07753521692939104,0.21932613849639893,0.44140625,6,6
34,4849,0.1674910136498511,0.16781878471374512,0.69921875,6,6
34,4850,0.1704668822931126,0.3949277997016907,0.47265625,7,7
34,4851,0.09394973563030365,0.3975393772125244,0.39453125,6,5
34,4852,0.16483763814903798,0.24044692516326904,0.57421875,6,7
34,4853,0.20096782140899452,0.4099423289299011,0.49609375,6,7
34,4854,0.25705811614170676,0.3596004247665405,0.5859375,5,7
34,4855,0.07768898829817775,0.4143412709236145,0.375,6,5
34,4856,0.26223793765529996,0.3771511912345886,0.578125,6,4
34,4857,0.2448720540851355,0.3731383681297302,0.5625,8,7
34,4858,0.23842082987539473,0.2899559736251831,0.62890625,6,5
34,4859,0.2020336494315416,0.23456060886383057,0.64453125,8,8
34,4860,0.25272813101764774,0.39092689752578735,0.55859375,7,7
34,4861,0.24540366162545982,0.357967734336853,0.57421875,6,4
34,4862,0.10496858297847214,0.4102588891983032,0.40234375,6,6
34,4863,0.2229061352554709,0.3298495411872864,0.5703125,6,5
34,4864,0.2448545732768253,0.39054685831069946,0.55078125,6,4
34,4865,0.1759152075974271,0.18343907594680786,0.68359375,6,7
34,4866,0.24836655892431742,0.3784633278846741,0.5625,6,5
34,4601,0.25823941966518765,0.3470304012298584,0.59765625,7,8
34,4700,0.25373953348025685,0.30496394634246826,0.6328125,9,9
34,4867,0.144045006018132,0.15826404094696045,0.6640625,8,9
34,4868,0.2634438809473068,0.33636724948883057,0.61328125,8,7
34,4869,0.20724249118939045,0.23016953468322754,0.66015625,8,7
34,4870,0.24947881884872916,0.339715838432312,0.59375,7,7
34,4871,0.16526026453357193,0.16558367013931274,0.69921875,8,7
34,4872,0.10178858973085883,0.3832041025161743,0.40625,8,6
34,4873,0.24932599416933957,0.36894482374191284,0.5703125,9,11
34,4874,0.16158718429505828,0.3830214738845825,0.46875,9,10
34,4875,0.07576596736907959,0.07576596736907959,0.73046875,7,9
34,4876,0.12926945136860016,0.13904613256454468,0.671875,9,9
34,4877,0.1729318965226412,0.37517428398132324,0.484375,7,8
34,4878,0.25218143709935253,0.3219872713088989,0.61328125,6,5
34,4879,0.2568414628040046,0.34515178203582764,0.59765625,6,4
34,4880,0.24213069863617423,0.32970988750457764,0.59375,8,9
34,4881,0.17089818743988874,0.3059436082839966,0.5234375,8,8
34,4882,0.22113023418933156,0.3180299997329712,0.578125,8,6
34,4883,0.23339355643838647,0.3178125023841858,0.59375,8,9
34,4884,0.25180710386484867,0.3428862690925598,0.59375,7,9
34,4885,0.2548978123813868,0.34709489345550537,0.59375,7,8
34,4886,0.21892782661598179,0.3105015158653259,0.58203125,10,10
34,4887,0.24845433514565235,0.40255892276763916,0.546875,7,7
34,4888,0.22923134593293074,0.37141281366348267,0.546875,7,6
34,4889,0.1670016634743661,0.16732847690582275,0.69921875,8,8
34,4890,0.2149087926372886,0.23361635208129883,0.66796875,9,10
34,4891,0.23473011795431378,0.3375893831253052,0.578125,6,6
34,4892,0.25463380606379366,0.3714316487312317,0.57421875,7,6
34,4893,0.12467507482506336,0.18719542026519775,0.56640625,7,9
34,4894,0.25468683126382535,0.351481556892395,0.58984375,8,8
34,4895,0.2561463369056583,0.3190922737121582,0.62109375,8,6
34,4896,0.1940918862819672,0.20447540283203125,0.6796875,4,3
34,4897,0.2150351996533573,0.3182023763656616,0.5703125,7,8
34,4898,0.2434653099626303,0.2794938087463379,0.6484375,5,4
34,4899,0.12717391236219558,0.13261312246322632,0.68359375,7,8
34,4900,0.197350561618805,0.39470112323760986,0.5,7,7
34,4901,0.2594802151434124,0.33548957109451294,0.609375,6,5
34,4902,0.08501349878497425,0.4106312394142151,0.3828125,8,9
34,4903,0.22961797658354047,0.26067495346069336,0.65234375,7,8
34,4904,0.24515677010640505,0.3525850176811218,0.578125,7,9
35,4767,0.18922209693118933,0.25428271293640137,0.59765625,4,5
35,4488,0.20596165861934426,0.2565751075744629,0.62109375,3,6
35,4905,0.17127852607518437,0.28197622299194336,0.54296875,4,5
35,4906,0.18062635161913934,0.23652350902557373,0.60546875,2,3
35,4907,0.17071119113825264,0.281042218208313,0.54296875,2,2
35,4908,0.14582536742091182,0.16022014617919922,0.6640625,4,5
35,4909,0.10215085186064245,0.10544604063034058,0.6875,4,4
35,4910,0.16642183251678946,0.25359517335891724,0.5625,3,6
35,4911,0.17056839796714487,0.28080713748931885,0.54296875,5,7
35,4912,0.007736563682556152,0.007736563682556152,0.94140625,5,7
35,4913,0.1735516116023064,0.28119754791259766,0.546875,4,4
35,4914,0.1723950952291489,0.22289466857910156,0.609375,3,3
35,4915,0.17919659533072266,0.2541514039039612,0.58203125,4,4
35,4916,0.14582536742091182,0.16022014617919922,0.6640625,4,3
35,4917,0.12473225570283832,0.13140517473220825,0.6796875,4,5
35,4918,0.15524146147072318,0.16698241233825684,0.671875,4,6
35,4919,0.15788925625383857,0.2208724021911621,0.5859375,5,7
35,4920,0.10871972993481906,0.17898553609848022,0.54296875,3,6
35,4921,0.14695090893656018,0.2726045846939087,0.515625,3,5
35,4922,0.10923114791512491,0.13443833589553833,0.625,3,5
35,4923,0.1703750985907391,0.28048890829086304,0.54296875,3,5
35,4924,0.17074776836670938,0.22358787059783936,0.60546875,4,5
35,4925,0.16786894854158166,0.22266554832458496,0.6015625,3,6
35,4926,0.027279794216156006,0.027279794216156006,0.85546875,4,6
35,4927,0.19920980092138055,0.2575641870498657,0.609375,3,6
35,4928,0.17580560036003592,0.23319292068481445,0.6015625,3,6
35,4929,0.14840588718652728,0.2196063995361328,0.5703125,2,3
35,4930,0.1639048904180527,0.2835111618041992,0.53125,3,7
35,4931,0.17157859448343518,0.2824702262878418,0.54296875,6,9
35,4932,0.17157291027251634,0.28246086835861206,0.54296875,5,8
35,4933,0.1755897712428123,0.23290663957595825,0.6015625,5,8
35,3255,0.20172623719554397,0.33210235834121704,0.54296875,3,5
35,4816,0.1740350553300232,0.31155925989151,0.5234375,3,5
35,4934,0.10214817523956299,0.10214817523956299,0.7265625,3,4
35,4935,0.011602044105529785,0.011602044105529785,0.90625,3,4
35,4936,0.019466936588287354,0.019466936588287354,0.87109375,3,5
35,4937,0.00014543533325195312,0.00014543533325195312,0.98828125,3,4
35,4938,0.09788211528211835,0.38256216049194336,0.40234375,2,3
35,4939,0.1679522995837033,0.20185816287994385,0.6328125,3,4
35,4940,0.1288985887076706,0.14162248373031616,0.6640625,3,5
35,4941,0.17745493864640596,0.24824297428131104,0.5859375,4,5
35,4942,0.14705636387225243,0.16694647073745728,0.65234375,3,4
35,4943,0.08218932151794434,0.08218932151794434,0.74609375,3,4
35,4944,0.029872357845306396,0.029872357845306396,0.85546875,2,3
35,4945,0.07832309557124975,0.3783153295516968,0.3828125,3,5
35,4946,0.07345866411924365,0.3917795419692993,0.375,4,6
35,4947,0.19538295292295518,0.34376657009124756,0.52734375,3,5
35,4948,0.06443857436534019,0.4073154330253601,0.36328125,3,4
35,4949,0.07838235818780961,0.3973442316055298,0.37890625,3,5
35,4950,0.10031721834093334,0.3401484489440918,0.41796875,4,6
35,4951,0.08054697513580322,0.08054697513580322,0.7734375,2,4
35,4952,0.14149779919534924,0.14906764030456543,0.6796875,3,5
35,4953,0.17856366420164707,0.20498788356781006,0.6484375,3,4
35,4954,0.10769198369234803,0.37765955924987793,0.4140625,3,5
35,4955,0.11913030850701035,0.12174594402313232,0.69140625,3,5
35,4956,0.12377696752082558,0.147038996219635,0.63671875,3,5
35,4847,0.2245105849578977,0.35260558128356934,0.5546875,6,4
35,4856,0.20998478354886177,0.35134708881378174,0.5390625,6,4
35,4957,0.10825920104980469,0.10825920104980469,0.703125,7,8
35,4958,0.2162377457134426,0.31099361181259155,0.578125,7,4
35,4959,0.09976737061515453,0.38993048667907715,0.40234375,5,2
35,4960,0.22179785335902127,0.32353419065475464,0.57421875,6,7
35,4961,0.06750978203490378,0.2146894931793213,0.42578125,6,3
35,4962,0.1972783209057525,0.3594537377357483,0.51953125,6,4
35,4963,0.21930478094145658,0.36694133281707764,0.5390625,6,6
35,4964,0.1976373293437064,0.27647626399993896,0.5859375,6,3
35,4965,0.12041392270475629,0.3829312324523926,0.42578125,5,7
35,4966,0.22301751351915303,0.3119807839393616,0.5859375,6,5
35,4967,0.20978844258934262,0.3399103879928589,0.546875,6,5
35,4968,0.1896183602511883,0.23337644338607788,0.625,6,5
35,4969,0.15802244469523433,0.20431184768676758,0.609375,5,3
35,4970,0.2218211814761162,0.3594064712524414,0.546875,7,4
35,4971,0.1566165564581752,0.37123924493789673,0.46875,6,5
35,4972,0.13052700972184542,0.1403988003730774,0.671875,6,4
35,4973,0.21527123264968398,0.36617565155029297,0.53515625,6,5
35,4974,0.2017412502318621,0.2747114896774292,0.59375,7,4
35,4975,0.17387876939028504,0.2500728368759155,0.578125,6,6
35,4976,0.2148199072107673,0.3480626344680786,0.546875,6,4
35,4977,0.03444170951843262,0.03444170951843262,0.79296875,8,8
35,4978,0.20361336716450754,0.2887812852859497,0.58203125,7,6
35,4979,0.22287547995802018,0.34474998712539673,0.55859375,6,5
35,4980,0.21541479555889967,0.3187640905380249,0.5703125,6,4
35,4981,0.11694662645459176,0.12712669372558594,0.66796875,6,6
35,4982,0.2191691570915282,0.3290750980377197,0.56640625,6,3
35,4983,0.2175191112328321,0.3581022024154663,0.54296875,7,7
35,4984,0.22096790978685024,0.3223235607147217,0.57421875,7,7
35,4985,0.1644865106791258,0.24340200424194336,0.5703125,6,5
35,4986,0.20493879588320854,0.26166749000549316,0.61328125,6,4
35,4987,0.22102025931235406,0.3638661503791809,0.54296875,7,7
35,4988,0.2183508162852377,0.3594714403152466,0.54296875,6,4
35,4989,0.19185815285891297,0.2612536549568176,0.59375,7,7
35,4990,0.14872969023417684,0.3788537383079529,0.45703125,6,3
35,4991,0.219357006251812,0.29869890213012695,0.59375,6,4
35,4992,0.21422716882079842,0.3705551028251648,0.53125,6,8
35,4993,0.21227687876671555,0.3439422845840454,0.546875,5,2
35,4994,0.1168742533773184,0.17548274993896484,0.56640625,6,4
35,4995,0.13079617405310276,0.15359550714492798,0.640625,6,4
35,4996,0.11460221931338312,0.128676176071167,0.65625,6,4
35,4997,0.21903476864099505,0.3548917770385742,0.546875,7,5
35,4998,0.20276074507273736,0.2875720262527466,0.58203125,5,6
35,4999,0.20075693819671872,0.26628899574279785,0.6015625,6,4
35,5000,0.18062556860968473,0.21966814994812012,0.62890625,6,7
35,5001,0.21396867372095588,0.31662416458129883,0.5703125,6,3
35,5002,0.1678569237701595,0.36416417360305786,0.484375,7,5
35,5003,0.17001390876248482,0.3688437342643738,0.484375,6,4
35,5004,0.20925277750939134,0.3746063709259033,0.5234375,6,3
35,5005,0.12102797650732103,0.3848839998245239,0.42578125,7,6
35,4868,0.2180362017825246,0.31358015537261963,0.578125,8,7
35,4901,0.22052914067171517,0.31277263164520264,0.58203125,6,5
35,5006,0.2054259777069092,0.3553314208984375,0.53125,8,6
35,5007,0.2079643406905234,0.3537466526031494,0.53515625,7,8
35,5008,0.16868709283880892,0.35108858346939087,0.4921875,8,6
35,5009,0.1081946339691058,0.32395118474960327,0.43359375,7,7
35,5010,0.22267936053685847,0.3295139670372009,0.5703125,8,9
35,5011,0.20278282847721132,0.27250605821609497,0.59765625,7,6
35,5012,0.02762913703918457,0.02762913703918457,0.82421875,6,4
35,5013,0.18501888401806357,0.25194060802459717,0.59375,6,4
35,5014,0.22002539515960964,0.3303607106208801,0.56640625,7,5
35,5015,0.1274721343070269,0.3816709518432617,0.43359375,7,8
35,5016,0.06870442628860474,0.06870442628860474,0.75,8,6
35,5017,0.09294744359795006,0.09312933683395386,0.69921875,9,9
35,5018,0.1729340171441436,0.2452692985534668,0.58203125,6,4
35,5019,0.21794522367417815,0.3321070075035095,0.5625,8,6
35,5020,0.20717533305287364,0.3466463088989258,0.5390625,7,9
35,5021,0.17718760669231418,0.24127674102783203,0.59375,8,7
35,5022,0.21241777297109368,0.36132192611694336,0.53515625,8,6
35,5023,0.21932304929941895,0.30267763137817383,0.58984375,7,4
35,5024,0.19680802407674494,0.27912938594818115,0.58203125,7,9
35,5025,0.19369866768829527,0.3529313802719116,0.51953125,6,5
35,5026,0.08390260557644072,0.38701021671295166,0.38671875,7,8
35,5027,0.09787661826703699,0.11111491918563843,0.65234375,8,6
35,5028,0.2083806897280738,0.27286678552627563,0.60546875,7,6
35,5029,0.20149049931205812,0.28186649084091187,0.5859375,7,9
35,5030,0.2047386739868671,0.2986501455307007,0.57421875,7,9
35,5031,0.21930086100474003,0.3153989911079407,0.578125,8,7
35,5032,0.20650140661746266,0.35719162225723267,0.53125,6,4
35,5033,0.201195833273232,0.3480144143104553,0.53125,8,9
35,5034,0.15036028623580935,0.30072057247161865,0.5,8,6
35,5035,0.2129734999034554,0.3396960496902466,0.55078125,5,5
35,5036,0.07435396872460844,0.20467329025268555,0.4453125,8,8
35,5037,0.19126492762006822,0.36135661602020264,0.51171875,6,5
35,5038,0.1475282949395478,0.3579833507537842,0.46484375,7,8
35,5039,0.19845314486883583,0.27761751413345337,0.5859375,7,8
35,5040,0.1613513475749642,0.37380945682525635,0.47265625,6,6
35,5041,0.08627830795012417,0.3979684114456177,0.38671875,7,8
35,5042,0.16627955809235576,0.36074209213256836,0.484375,8,8
35,5043,0.223681423580274,0.29669660329818726,0.6015625,7,8
35,5044,0.19505148846656087,0.36183464527130127,0.515625,8,7
35,5045,0.22712435200810435,0.3460942506790161,0.5625,7,8
35,5046,0.15503333881497386,0.19081026315689087,0.625,5,4
36,4488,0.21400744700804356,0.260265588760376,0.62890625,3,6
36,4927,0.22454895009286704,0.2607008218765259,0.64453125,3,6
36,5047,0.1442567249760032,0.16197246313095093,0.65625,3,4
36,5048,0.18178069195710125,0.2854960560798645,0.5546875,5,5
36,5049,0.19503337517380717,0.21898484230041504,0.65625,3,4
36,5050,0.1820024158805609,0.2773370146751404,0.5625,5,7
36,5051,0.1982538641896099,0.22506868839263916,0.65234375,2,3
36,5052,0.14397032931447032,0.1616508960723877,0.65625,4,8
36,5053,0.18010449386201802,0.2872694730758667,0.55078125,4,6
36,5054,0.18006043543573472,0.2871991991996765,0.55078125,3,5
36,5055,0.166274011367932,0.24254214763641357,0.57421875,3,6
36,5056,0.17977938079275194,0.2867509126663208,0.55078125,5,6
36,5057,0.17748600710183385,0.2875722646713257,0.546875,3,6
36,5058,0.19659303361549976,0.22824406623840332,0.64453125,2,3
36,5059,0.1768811285728589,0.28212815523147583,0.55078125,4,3
36,5060,0.1442567249760032,0.16197246313095093,0.65625,4,5
36,5061,0.09931632829830052,0.11662834882736206,0.640625,4,5
36,5062,0.1960566934430972,0.22762137651443481,0.64453125,4,4
36,5063,0.18414680846035483,0.20232439041137695,0.6640625,3,4
36,5064,0.1774292811751366,0.28748035430908203,0.546875,4,7
36,5065,0.1695089765125886,0.2061486840248108,0.62890625,4,4
36,5066,0.17994238575920465,0.28701090812683105,0.55078125,3,4
36,5067,0.18491296470165255,0.20762157440185547,0.65625,2,3
36,5068,0.17661348008550706,0.26134711503982544,0.5703125,4,7
36,5069,0.05863749980926514,0.05863749980926514,0.79296875,4,3
36,5070,0.1892933825729415,0.23020952939987183,0.62890625,3,6
36,5071,0.14748579263687134,0.14748579263687134,0.7109375,3,6
36,5072,0.07249969244003296,0.07249969244003296,0.76953125,4,6
36,5073,0.17739565763622525,0.2874258756637573,0.546875,1,0
36,5074,0.19054862158373,0.24329400062561035,0.61328125,4,7
36,5075,0.1862755349138752,0.23783808946609497,0.61328125,1,0
36,5076,0.06696617603302002,0.06696617603302002,0.79296875,3,4
36,5077,0.17742986977100375,0.28748130798339844,0.546875,4,3
36,4966,0.2621607056353242,0.3188272714614868,0.62890625,6,5
36,4979,0.2623694645008073,0.3525804877281189,0.59765625,6,5
36,5078,0.24123294081073257,0.3518839478492737,0.57421875,6,3
36,5079,0.21354534826241436,0.24242842197418213,0.65234375,6,5
36,5080,0.2325958902947605,0.28287196159362793,0.62890625,7,8
36,5081,0.26608620118349796,0.2987634539604187,0.65625,7,7
36,5082,0.2116347425617278,0.2485252022743225,0.640625,7,8
36,5083,0.16040978091768923,0.3087586760520935,0.5078125,5,2
36,5084,0.14719295501708987,0.1583251953125,0.671875,7,4
36,5085,0.2224648453993723,0.366244375705719,0.54296875,7,5
36,5086,0.10500442981719971,0.10500442981719971,0.703125,7,4
36,5087,0.25749677815474575,0.35535943508148193,0.58984375,7,7
36,5088,0.14412417076528075,0.16182363033294678,0.65625,7,4
36,5089,0.17482694785576317,0.21261614561080933,0.62890625,6,5
36,5090,0.1226132749579847,0.12406718730926514,0.6953125,6,4
36,5091,0.23446489311754706,0.35727983713150024,0.5625,7,4
36,5092,0.19099396630190316,0.20121175050735474,0.6796875,7,8
36,5093,0.16548042360227558,0.19657999277114868,0.63671875,6,1
36,5094,0.1394844115711749,0.15003365278244019,0.671875,7,4
36,5095,0.25667183334007865,0.3361022472381592,0.60546875,7,3
36,5096,0.2466139076277614,0.3271148204803467,0.6015625,5,3
36,5097,0.1581005316693336,0.38363730907440186,0.46484375,7,5
36,5098,0.2376346166711301,0.3324287533760071,0.5859375,6,5
36,5099,0.16548042360227558,0.19657999277114868,0.63671875,7,5
36,5100,0.21387602202594283,0.24552583694458008,0.6484375,7,4
36,5101,0.15708782221190634,0.38117992877960205,0.46484375,5,4
36,5102,0.15536507638171318,0.3769996166229248,0.46484375,7,8
36,5103,0.1970457215793431,0.21649658679962158,0.6640625,6,5
36,5104,0.2703197614755482,0.29700368642807007,0.6640625,6,5
36,5105,0.2232337300665677,0.33033430576324463,0.5703125,7,7
36,5106,0.17532993061468008,0.29336249828338623,0.5390625,7,6
36,5107,0.13588475435972217,0.39530110359191895,0.4375,7,6
36,5108,0.2239275621250272,0.2460319995880127,0.6640625,6,5
36,5109,0.1293951189145446,0.13631749153137207,0.6796875,7,2
36,5110,0.19745638966560367,0.2038259506225586,0.6875,5,2
36,5111,0.23545207292772832,0.3642038106918335,0.55859375,7,7
36,5112,0.23498179577291015,0.26975488662719727,0.6484375,7,7
36,5113,0.2067642116453499,0.3198286294937134,0.55859375,7,5
36,5114,0.14406768791377547,0.16176021099090576,0.65625,7,6
36,5115,0.18378965556621554,0.2376270294189453,0.609375,6,3
36,4847,0.22939075483009222,0.3602701425552368,0.5546875,6,4
36,4960,0.25914997386280453,0.33088475465774536,0.61328125,6,7
36,5116,0.18233873392455283,0.38737523555755615,0.48828125,5,6
36,5117,0.09335554903373124,0.2114957571029663,0.4765625,7,9
36,5118,0.1647552880458534,0.3816955089569092,0.47265625,5,5
36,5119,0.13843381684273484,0.38106513023376465,0.4453125,6,7
36,5120,0.2292441111057997,0.3714334964752197,0.546875,6,3
36,5121,0.2541677893605084,0.3415588140487671,0.59765625,5,3
36,5122,0.1442567249760032,0.16197246313095093,0.65625,7,7
36,5123,0.25672974507324403,0.32375770807266235,0.6171875,6,7
36,5124,0.15287740388885143,0.34634172916412354,0.4765625,6,8
36,5125,0.2305306121706963,0.33154964447021484,0.578125,6,6
36,5126,0.17234704433940354,0.2931617498397827,0.53515625,6,5
36,5127,0.1468873980920762,0.15316975116729736,0.68359375,6,5
36,5128,0.14120313758030537,0.38868820667266846,0.4453125,6,8
36,5129,0.18361648544669154,0.22873878479003906,0.62109375,6,6
36,5130,0.25127211213111883,0.30925798416137695,0.625,6,4
36,5131,0.1629408420994878,0.36115026473999023,0.48046875,6,4
36,5132,0.132720576482825,0.13563460111618042,0.69140625,5,6
36,5133,0.2330370544223115,0.2381536364555359,0.69140625,6,7
36,5134,0.12297176546417178,0.12567174434661865,0.69140625,7,4
36,5135,0.22065590973943475,0.3265197277069092,0.5703125,6,4
36,5136,0.1424239811021835,0.3817857503890991,0.44921875,6,4
36,5137,0.2367074163630605,0.36614561080932617,0.55859375,6,6
36,5138,0.22595931356772783,0.3249751925468445,0.578125,7,3
36,5139,0.19460565573535862,0.33102357387542725,0.53515625,6,7
36,5140,0.22552107879891994,0.3541926145553589,0.5546875,6,7
36,5141,0.23759538168087604,0.3675191402435303,0.55859375,5,4
36,5142,0.2051161185372621,0.3079749345779419,0.56640625,5,6
36,5143,0.20198091748170557,0.2825525403022766,0.5859375,6,5
36,5144,0.19099009037017828,0.38198018074035645,0.5,5,5
36,5145,0.05515897274017334,0.05515897274017334,0.73828125,6,7
36,5146,0.1572860507294536,0.38166093826293945,0.46484375,6,4
36,5147,0.21442828746512535,0.34201645851135254,0.55078125,7,4
36,5148,0.21710227965377274,0.3358198404312134,0.55859375,7,7
36,5045,0.23556534794624898,0.353693425655365,0.56640625,7,8
36,5043,0.2612306236987934,0.30328816175460815,0.64453125,7,8
36,5149,0.12681996822357178,0.12681996822357178,0.71875,7,6
36,5150,0.1802405929192901,0.28748655319213867,0.55078125,7,6
36,5151,0.15465261717326942,0.18587356805801392,0.6328125,6,6
36,5152,0.25832832907326525,0.3257736563682556,0.6171875,7,7
36,5153,0.14699416724033657,0.1548580527305603,0.6796875,7,6
36,5154,0.24379228334873917,0.29300856590270996,0.6328125,5,4
36,5155,0.2361504100263119,0.28382396697998047,0.6328125,7,4
36,5156,0.10873191920109096,0.3948279619216919,0.41015625,8,8
36,5157,0.0896176351234317,0.10062330961227417,0.65625,5,3
36,5158,0.08784245734568687,0.20350831747055054,0.47265625,6,5
36,5159,0.11080644745379689,0.3885815143585205,0.4140625,7,9
36,5160,0.11583394883200529,0.3927614688873291,0.41796875,7,6
36,5161,0.21483246050775054,0.2310802936553955,0.671875,7,7
36,5162,0.12186413677409294,0.37587010860443115,0.4296875,6,4
36,5163,0.1629107858752832,0.3774222731590271,0.47265625,8,9
36,5164,0.25420027691870933,0.2854178547859192,0.65625,6,7
36,5165,0.24657971179112795,0.28627848625183105,0.64453125,7,6
36,5166,0.17917945375666025,0.2857940196990967,0.55078125,7,5
36,5167,0.24665790703147653,0.36499667167663574,0.5703125,7,8
36,5168,0.1290597915649414,0.1290597915649414,0.703125,7,6
36,5169,0.23695682291872802,0.35064131021499634,0.5703125,7,9
36,5170,0.15506055112928155,0.2876485586166382,0.515625,7,8
36,5171,0.2672986993566156,0.2875145673751831,0.671875,7,8
36,5172,0.10290921293199065,0.38742291927337646,0.40625,8,9
36,5173,0.24764440942090007,0.30850106477737427,0.62109375,8,6
36,5174,0.2510935545433313,0.32879769802093506,0.60546875,8,9
36,5175,0.14578073704615238,0.15680617094039917,0.671875,8,8
36,5176,0.20722169335931542,0.2679229974746704,0.609375,5,5
36,5177,0.25290875113569206,0.3229159116744995,0.61328125,5,3
36,5178,0.06019872426986694,0.06019872426986694,0.703125,6,4
36,5179,0.2603830005973578,0.3366568088531494,0.609375,7,8
36,5180,0.24015288054943087,0.36594724655151367,0.5625,7,9
36,5181,0.24125064909458163,0.2969238758087158,0.625,8,9
36,5182,0.23793847253546122,0.2506676912307739,0.6796875,8,10
36,5183,0.17123991204425695,0.3637959957122803,0.48828125,7,8
36,5184,0.12921814341098073,0.13613104820251465,0.6796875,8,6
36,5185,0.18871685815975073,0.2268146276473999,0.6328125,8,5
36,5186,0.2452419851906598,0.2610476016998291,0.67578125,8,6
36,5187,0.1475320219760761,0.17525845766067505,0.63671875,8,9
36,5188,0.0955546498298645,0.0955546498298645,0.72265625,9,10
37,4927,0.23552958678919825,0.26738613843917847,0.65234375,3,6
37,4488,0.22774052247405055,0.2674384117126465,0.640625,3,6
37,5189,0.18431508541107178,0.18431508541107178,0.70703125,2,4
37,5190,0.13828790187835693,0.13828790187835693,0.72265625,2,2
37,5191,0.18598283198662105,0.2345399260520935,0.6171875,3,6
37,5192,0.18679105699993673,0.23555916547775269,0.6171875,1,1
37,5193,0.18682872690260413,0.23560667037963867,0.6171875,2,2
37,5194,0.21544108400121334,0.27855008840560913,0.609375,3,6
37,5195,0.2023154702037573,0.2909705638885498,0.578125,2,2
37,5196,0.1635330319404602,0.1635330319404602,0.703125,2,2
37,5197,0.21840195148251954,0.2934955358505249,0.59765625,3,6
37,5198,0.1830198601819575,0.23080337047576904,0.6171875,3,6
37,5199,0.17518853349611166,0.24507248401641846,0.5859375,2,3
37,5200,0.18659817008301618,0.23531591892242432,0.6171875,3,4
37,5201,0.18666977598331871,0.23540621995925903,0.6171875,2,3
37,5202,0.1635482907295227,0.1635482907295227,0.703125,4,8
37,5203,0.12121357675641777,0.17432963848114014,0.578125,2,3
37,5204,0.20606977585703137,0.259871244430542,0.6171875,3,5
37,5205,0.18895550700835886,0.2353898286819458,0.62109375,3,6
37,5206,0.18636595900170508,0.23502308130264282,0.6171875,4,5
37,5207,0.17482635565102103,0.26640206575393677,0.5625,3,6
37,5208,0.21242468571290377,0.2854630947113037,0.59765625,2,3
37,5209,0.12895989418029785,0.12895989418029785,0.734375,3,6
37,5210,0.19877281354274604,0.2899478077888489,0.57421875,4,7
37,5211,0.20271186891477558,0.2875027060508728,0.58203125,1,0
37,5212,0.24494104739278558,0.2634660005569458,0.671875,3,6
37,5213,0.18264106544665995,0.23319756984710693,0.61328125,3,4
37,5214,0.1858341847546399,0.2343524694442749,0.6171875,2,3
37,5215,0.18847589893266561,0.23768389225006104,0.6171875,2,3
37,4979,0.28600937454029923,0.3562939167022705,0.62109375,6,5
37,5087,0.2741751112043858,0.3590221405029297,0.60546875,7,7
37,5216,0.2657043817453087,0.352436900138855,0.6015625,7,6
37,5217,0.2608660496771336,0.29290223121643066,0.65625,8,5
37,5218,0.2783475192263723,0.3385128974914551,0.62890625,7,3
37,5219,0.3041624780744315,0.3613252639770508,0.63671875,7,8
37,5220,0.1675407597795129,0.2591567039489746,0.55859375,5,3
37,5221,0.1867454175371677,0.29329341650009155,0.5546875,7,7
37,5222,0.17470240651164207,0.2176341414451599,0.62109375,7,8
37,5223,0.3055369891226292,0.3760455250740051,0.625,8,8
37,5224,0.09021282184403391,0.2701109051704407,0.43359375,6,6
37,5225,0.2815642026253045,0.3686978816986084,0.60546875,6,5
37,5226,0.13429792970418933,0.1652897596359253,0.625,7,7
37,5227,0.10625100135803223,0.10625100135803223,0.73828125,7,5
37,5228,0.26618817797862,0.36735403537750244,0.58984375,6,6
37,5229,0.16292782593518498,0.39535093307495117,0.46484375,7,4
37,5230,0.27454932685941463,0.3016507625579834,0.6640625,7,3
37,5231,0.16082340478897095,0.16082340478897095,0.703125,5,2
37,5232,0.15678125876002016,0.1586403250694275,0.6953125,6,6
37,5233,0.22825781721621755,0.3377687931060791,0.5703125,7,6
37,5234,0.1248478889465332,0.1248478889465332,0.72265625,7,8
37,5235,0.21291908435523513,0.28993237018585205,0.59375,7,7
37,5236,0.12979388236999512,0.12979388236999512,0.7265625,5,2
37,5237,0.1310272216796875,0.1310272216796875,0.71875,6,5
37,5238,0.28508508205413824,0.3508739471435547,0.625,5,3
37,5239,0.3003894658759237,0.34484171867370605,0.6484375,5,3
37,5240,0.30246361624449497,0.35115957260131836,0.64453125,8,5
37,5241,0.11970474151894452,0.15095770359039307,0.6171875,6,5
37,5242,0.29132279497571295,0.34607255458831787,0.63671875,7,3
37,5243,0.234770322451368,0.24481141567230225,0.68359375,5,3
37,5244,0.20914658205583694,0.3235137462615967,0.55859375,7,3
37,5245,0.29312963783741003,0.3789958953857422,0.609375,6,3
37,5246,0.15826045116409662,0.16013705730438232,0.6953125,6,4
37,5247,0.27730446658097213,0.3678235411643982,0.6015625,7,7
37,5248,0.1608402461279184,0.16274744272232056,0.6953125,7,8
37,5171,0.24370335473213348,0.2895037531852722,0.63671875,7,8
37,5043,0.25966875627636915,0.3049321174621582,0.640625,7,8
37,5249,0.245298570021987,0.3737882971763611,0.5625,7,7
37,5250,0.2110551316291094,0.27287936210632324,0.609375,8,9
37,5251,0.24637902993708852,0.2893258333206177,0.640625,7,8
37,5252,0.17061771498993042,0.17095160484313965,0.69921875,7,8
37,5253,0.2629923298954964,0.3088350296020508,0.640625,7,8
37,5254,0.26192616485059267,0.2940925359725952,0.65625,6,5
37,5255,0.28192820772528654,0.3599681854248047,0.61328125,6,7
37,5256,0.1342429276555777,0.37973690032958984,0.44140625,7,9
37,5257,0.010096907615661621,0.010096907615661621,0.890625,8,9
37,5258,0.1568050980567932,0.1568050980567932,0.703125,7,8
37,5259,0.20296899834647777,0.29191046953201294,0.578125,6,6
37,5260,0.20018479228019717,0.2920074462890625,0.57421875,7,8
37,5261,0.13523677061311903,0.3825482130050659,0.44140625,7,8
37,5262,0.2816933728754521,0.3466995358467102,0.625,6,7
37,5263,0.25346033577807253,0.3010944128036499,0.63671875,8,9
37,5264,0.22664832975715402,0.3672276735305786,0.546875,7,8
37,5265,0.16353541612625122,0.16353541612625122,0.703125,7,9
37,5266,0.0979388952255249,0.0979388952255249,0.7421875,7,8
37,5267,0.16355842351913452,0.16355842351913452,0.703125,6,7
37,5268,0.26187341217882937,0.3006259799003601,0.6484375,8,8
37,5269,0.24577791790943596,0.27902060747146606,0.65234375,7,7
37,5270,0.14837309159338477,0.40842485427856445,0.4453125,7,9
37,5271,0.14104246650822463,0.18468987941741943,0.60546875,6,5
37,5272,0.16613593697547915,0.2531595230102539,0.5625,7,8
37,5273,0.20655442262068394,0.3456073999404907,0.5390625,8,9
37,5274,0.16588883846998217,0.17124009132385254,0.6875,7,9
37,5104,0.24881247617304328,0.2990422248840332,0.6328125,6,5
37,5081,0.25585882831364876,0.30045807361602783,0.640625,7,7
37,5275,0.06081843376159668,0.06081843376159668,0.77734375,6,6
37,5276,0.2420574328862131,0.2659515142440796,0.6640625,6,6
37,5277,0.18734090332873168,0.19941484928131104,0.67578125,6,4
37,5278,0.13617248018272224,0.15459048748016357,0.65234375,5,6
37,5279,0.1983988853171468,0.23845124244689941,0.6328125,6,7
37,5280,0.19603590597398582,0.27054011821746826,0.58984375,7,6
37,5281,0.17556421877816322,0.211006760597229,0.6328125,6,8
37,5282,0.23339543864130977,0.31781506538391113,0.59375,7,7
37,5283,0.20570718310773375,0.2917509078979492,0.58203125,6,7
37,5284,0.08583962917327881,0.08583962917327881,0.75390625,6,3
37,5285,0.16749920789152387,0.38805246353149414,0.47265625,7,6
37,5286,0.2663071437273175,0.3163555860519409,0.63671875,7,6
37,5287,0.1608158589806408,0.16272276639938354,0.6953125,6,4
37,5288,0.23239746456965807,0.24483025074005127,0.6796875,6,6
37,5289,0.2198682362213731,0.22469568252563477,0.69140625,7,6
37,5290,0.20597550971433523,0.22876238822937012,0.66015625,8,10
37,5291,0.23157418146729472,0.32395076751708984,0.5859375,6,7
37,5292,0.18160425941459837,0.18559157848358154,0.69140625,6,3
37,5293,0.2874570679850877,0.3495914936065674,0.62890625,7,8
37,5294,0.2096711451886222,0.2893574833869934,0.58984375,7,5
37,5295,0.17309882072731855,0.333182692527771,0.5078125,7,9
37,5296,0.2879959114361555,0.3677154779434204,0.61328125,7,9
37,5297,0.12237966060638428,0.12237966060638428,0.73046875,7,7
37,5298,0.2953407587483526,0.3549635410308838,0.6328125,5,6
37,5299,0.22045374708250168,0.24221527576446533,0.6640625,7,6
37,5300,0.2974203885532916,0.357463002204895,0.6328125,8,8
37,5301,0.1525852084159851,0.1525852084159851,0.7109375,7,7
37,5302,0.21662914752960205,0.21662914752960205,0.703125,6,5
37,5303,0.18724040174856785,0.23612582683563232,0.6171875,7,6
37,5304,0.20778214931488037,0.20778214931488037,0.70703125,7,7
37,5305,0.1834327317774296,0.22046375274658203,0.6328125,7,9
37,5306,0.15930217830464247,0.2291087508201599,0.578125,7,7
37,5307,0.16355842351913452,0.16355842351913452,0.703125,8,10
37,5308,0.16062700748443604,0.16062700748443604,0.703125,7,7
37,5309,0.12598964478820565,0.15322256088256836,0.62890625,6,6
37,5310,0.19494734937325123,0.21419107913970947,0.6640625,8,8
37,5311,0.30362418398726737,0.37823742628097534,0.62109375,6,5
37,5312,0.21311076194979253,0.2721015214920044,0.61328125,6,5
37,5313,0.22975740605033937,0.3664666414260864,0.55078125,6,4
37,5314,0.21673358092084533,0.39490246772766113,0.51953125,6,6
37,5315,0.04646223783493042,0.04646223783493042,0.80078125,9,7
37,5316,0.16132029960863295,0.16163599491119385,0.69921875,6,7
37,5317,0.2444276568712667,0.27146846055984497,0.66015625,7,6
37,5318,0.1271269952412695,0.39210253953933716,0.4296875,8,8
37,5319,0.20018266746774319,0.2920043468475342,0.57421875,6,4
37,5320,0.28175333153922116,0.36894553899765015,0.60546875,7,9
37,5321,0.29296448035165673,0.33258938789367676,0.65234375,6,5
37,5322,0.23813242628239098,0.25347983837127686,0.67578125,5,3
37,5323,0.10709908010903749,0.41858571767807007,0.40234375,7,10
37,5324,0.13925715046934786,0.39392077922821045,0.44140625,5,4
37,5325,0.1956861447542906,0.22464418411254883,0.6484375,7,7
37,5326,0.15271788835525513,0.15271788835525513,0.703125,6,6
37,5327,0.2589642654638738,0.29728633165359497,0.6484375,7,6
37,5328,0.09954667091369629,0.09954667091369629,0.75,6,5
37,5329,0.13962984085083008,0.13962984085083008,0.7109375,7,8
37,5330,0.15321003273129466,0.24823904037475586,0.546875,4,4
38,5212,0.22054834570735696,0.2589925527572632,0.640625,3,6
38,4927,0.23290835903026166,0.2644103765487671,0.65234375,3,6
38,5331,0.08745265402831139,0.2173580527305603,0.4609375,3,5
38,5332,0.17039508547168228,0.2717828154563904,0.55078125,4,6
38,5333,0.2333364442456514,0.2837725877761841,0.62890625,3,5
38,5334,0.18863555893767628,0.22940951585769653,0.62890625,2,3
38,5335,0.14943208778277042,0.20081162452697754,0.59765625,3,6
38,5336,0.21411076281219724,0.2768300771713257,0.609375,3,5
38,5337,0.2322923913598061,0.2858983278274536,0.625,3,5
38,5338,0.2046113954856992,0.27140164375305176,0.6015625,4,6
38,5339,0.2309277653694153,0.28421878814697266,0.625,3,4
38,5340,0.23255187273025515,0.28621768951416016,0.625,4,6
38,5341,0.1973669156432152,0.2429131269454956,0.625,3,5
38,5342,0.2323034815490246,0.2859119772911072,0.625,3,5
38,5343,0.13673336897045377,0.2536503076553345,0.515625,2,2
38,5344,0.23098955966997894,0.2809184193611145,0.62890625,2,3
38,5345,0.15954438073094937,0.25447577238082886,0.55078125,2,3
38,5346,0.2349907564930618,0.2857844829559326,0.62890625,3,6
38,5347,0.23238963633775714,0.2860180139541626,0.625,3,6
38,5348,0.18939743260852995,0.23033607006072998,0.62890625,4,6
38,5349,0.15797087713144722,0.16143929958343506,0.69140625,3,6
38,5350,0.23262625932693484,0.28630924224853516,0.625,2,2
38,5351,0.12563133239746094,0.12563133239746094,0.73828125,3,4
38,5352,0.23261051997542384,0.28628987073898315,0.625,3,5
38,5353,0.1823605881072581,0.20036184787750244,0.6640625,4,6
38,5354,0.07476168870925903,0.07476168870925903,0.75390625,3,6
38,5355,0.2138232500292361,0.2836204767227173,0.6015625,3,6
38,5356,0.11052846908569336,0.11052846908569336,0.70703125,2,3
38,5357,0.1741984933614731,0.21439814567565918,0.625,3,6
38,5358,0.2323568016290665,0.2859776020050049,0.625,2,3
38,5296,0.24277280899696055,0.36451518535614014,0.56640625,7,9
38,5255,0.2712776835542173,0.355228066444397,0.60546875,6,7
38,5359,0.26238997839391237,0.3191061019897461,0.62890625,6,7
38,5360,0.18302641902118924,0.24922746419906616,0.59375,8,8
38,5361,0.18362311890814456,0.25340980291366577,0.58984375,6,7
38,5362,0.19087492721155289,0.26701629161834717,0.5859375,5,6
38,5363,0.22313538938760763,0.38596391677856445,0.53125,8,9
38,5364,0.25680514564737683,0.3693377375602722,0.578125,6,8
38,5365,0.2280806386843324,0.3424553871154785,0.56640625,6,7
38,5366,0.24218282103538516,0.2811737060546875,0.64453125,8,7
38,5367,0.22907391295302662,0.34394675493240356,0.56640625,6,6
38,5368,0.237494592089206,0.3729976415634155,0.5546875,7,9
38,5369,0.20960724062751981,0.23279589414596558,0.66015625,8,10
38,5370,0.24419670738279822,0.27418577671051025,0.65625,8,9
38,5371,0.17538887576665732,0.31956976652145386,0.51953125,8,11
38,5372,0.1641806361731142,0.40806061029434204,0.4609375,7,8
38,5373,0.19303463492542508,0.28157758712768555,0.57421875,6,6
38,5374,0.2326261140406132,0.28630906343460083,0.625,7,7
38,5375,0.17685428168624642,0.21508169174194336,0.62890625,8,8
38,5376,0.19626581482589248,0.3708047866821289,0.51171875,7,7
38,5377,0.17566984845325354,0.39797770977020264,0.4765625,7,10
38,5378,0.22907882602885368,0.3711656928062439,0.546875,8,9
38,5379,0.2313656753394753,0.35788285732269287,0.55859375,7,9
38,5380,0.1542223393917084,0.30844467878341675,0.5,6,6
38,5381,0.1717863390222192,0.27833735942840576,0.546875,6,7
38,5382,0.010099947452545166,0.010099947452545166,0.9375,5,3
38,5383,0.1921547683887184,0.20888161659240723,0.66796875,6,4
38,5384,0.18894119700416925,0.20538830757141113,0.66796875,7,9
38,5385,0.20179180894047025,0.22411584854125977,0.66015625,6,9
38,5386,0.154679968720302,0.2322467565536499,0.56640625,8,9
38,5387,0.22913884185254577,0.3491639494895935,0.5625,7,10
38,5388,0.1672254432924092,0.1761716604232788,0.6796875,6,8
38,5389,0.2060363441705704,0.2535831928253174,0.625,7,9
38,5390,0.19204972032457593,0.26503896713256836,0.58984375,8,9
38,5391,0.1896421643905342,0.20615029335021973,0.66796875,6,7
38,5392,0.16726190701592716,0.4058677554130554,0.46484375,7,8
38,5393,0.2472803522832692,0.2972007989883423,0.6328125,6,6
38,5394,0.2326031103730202,0.2862807512283325,0.625,7,10
38,5395,0.14678701863158497,0.23412758111953735,0.55078125,7,6
38,5396,0.14641952374950054,0.1780683994293213,0.62890625,6,6
38,5397,0.16362571716308597,0.201385498046875,0.625,6,6
38,5398,0.1274002789286897,0.14149445295333862,0.66015625,8,9
38,5311,0.23812610330060127,0.373989462852478,0.5546875,6,5
38,5240,0.24815666419453922,0.3471481204032898,0.5859375,8,5
38,5399,0.2325217266334221,0.3708757758140564,0.55078125,5,6
38,5400,0.1954795932397247,0.37626147270202637,0.5078125,6,4
38,5401,0.23999111831653866,0.31425946950912476,0.60546875,6,5
38,5402,0.09466263232752682,0.3699791431427002,0.40234375,8,10
38,5403,0.18959063291549688,0.37918126583099365,0.5,6,4
38,5404,0.17703050875570628,0.19244080781936646,0.66796875,9,9
38,5405,0.1517782211303711,0.1517782211303711,0.70703125,8,4
38,5406,0.14025111787486824,0.1935541033744812,0.58984375,8,4
38,5407,0.143480246886611,0.41739708185195923,0.4375,7,8
38,5408,0.1690133158117533,0.2575441002845764,0.5625,4,4
38,5409,0.14371013641357422,0.14371013641357422,0.71484375,6,4
38,5410,0.24012994114309552,0.28525876998901367,0.63671875,8,5
38,5411,0.25057010224554693,0.3655039668083191,0.57421875,8,8
38,5412,0.17833296023309234,0.34325742721557617,0.5078125,7,7
38,5413,0.12927782535552979,0.12927782535552979,0.71484375,8,5
38,5414,0.24329753930214795,0.28902167081832886,0.63671875,7,3
38,5415,0.04898369312286377,0.04898369312286377,0.84375,7,7
38,5416,0.1579300059238449,0.15823906660079956,0.69921875,7,7
38,5417,0.15534430206753316,0.1571863293647766,0.6953125,5,6
38,5418,0.0407872200012207,0.0407872200012207,0.83984375,6,6
38,5419,0.2576200147159398,0.37050968408584595,0.578125,6,6
38,5420,0.1071875710040331,0.11064523458480835,0.6875,7,6
38,5421,0.21615090128034356,0.24269574880599976,0.65625,9,9
38,5422,0.20562867249827835,0.3279809355735779,0.55078125,6,4
38,5423,0.14775650063529613,0.21250373125076294,0.578125,7,5
38,5424,0.1973975840955973,0.21688318252563477,0.6640625,6,6
38,5425,0.1467852923087776,0.24560153484344482,0.5390625,8,5
38,5426,0.17710364330559972,0.39254140853881836,0.48046875,8,7
38,5427,0.20185148622840646,0.26431703567504883,0.60546875,8,9
38,5428,0.24567509058397266,0.33904486894607544,0.58984375,7,4
38,5429,0.2563460126984865,0.33567559719085693,0.60546875,6,5
38,5430,0.24099533888511362,0.27359116077423096,0.65234375,6,6
38,5431,0.10596835613250732,0.10596835613250732,0.73046875,6,4
38,5432,0.010593729908578113,0.4930899739265442,0.30859375,6,5
38,5433,0.1858570801559836,0.39484989643096924,0.48828125,6,6
38,5434,0.19024756026919934,0.20680838823318481,0.66796875,8,4
38,5435,0.2184401353588328,0.26565641164779663,0.62890625,6,8
38,5436,0.17636569705791774,0.3459740877151489,0.50390625,6,7
38,5437,0.25743370875716215,0.35054802894592285,0.59375,8,8
38,5438,0.23104084935039285,0.27131402492523193,0.640625,7,5
38,5223,0.2477664526086301,0.3720129728317261,0.56640625,8,8
38,5219,0.26216582953929907,0.3569917678833008,0.59375,7,8
38,5439,0.2121539984364063,0.3865581750869751,0.51953125,7,5
38,5440,0.2277583609102294,0.33222872018814087,0.57421875,5,2
38,5441,0.15800907940138134,0.16147834062576294,0.69140625,6,4
38,5442,0.2351115141063929,0.3636770248413086,0.55859375,7,5
38,5443,0.059275269508361816,0.059275269508361816,0.8046875,9,9
38,5444,0.24569441657513383,0.3635709285736084,0.5703125,9,11
38,5445,0.2649418328655884,0.35603731870651245,0.59765625,6,4
38,5446,0.2082700612954796,0.38635605573654175,0.515625,4,2
38,5447,0.2263873387128115,0.26584935188293457,0.640625,7,8
38,5448,0.25043562613427645,0.3653078079223633,0.57421875,5,3
38,5449,0.16838534572161737,0.1773936152458191,0.6796875,7,7
38,5450,0.19968619686551395,0.2912801504135132,0.57421875,7,3
38,5451,0.23812829959206286,0.3683434724807739,0.55859375,7,3
38,5452,0.22058991016820076,0.31285881996154785,0.58203125,5,3
38,5453,0.25871334411203867,0.3522905111312866,0.59375,7,7
38,5454,0.1768582812510431,0.3919975757598877,0.48046875,8,8
38,5455,0.21213589981198314,0.32325470447540283,0.5625,6,5
38,5456,0.23468497442081573,0.3685849905014038,0.5546875,6,4
38,5457,0.25175075198058045,0.3061671853065491,0.62890625,5,4
38,5458,0.21687404438853267,0.33047473430633545,0.5625,7,5
38,5459,0.24067044281400746,0.3838731050491333,0.55078125,8,7
38,5460,0.15854261163622144,0.16042256355285645,0.6953125,7,9
38,5461,0.19275870593264702,0.2117863893508911,0.6640625,7,3
38,5462,0.17962446226738396,0.1912010908126831,0.67578125,7,3
38,5463,0.1767542901216075,0.39176708459854126,0.48046875,8,9
38,5464,0.21920996531844145,0.37917399406433105,0.53125,8,8
38,5465,0.23053957475349313,0.37953782081604004,0.54296875,5,3
38,5466,0.2511928398162127,0.34665966033935547,0.58984375,6,5
38,5467,0.2256310852244497,0.37752652168273926,0.5390625,9,10
38,5468,0.2305583520792425,0.34117305278778076,0.5703125,8,5
38,5469,0.1574338800273836,0.15930068492889404,0.6953125,4,3
38,5470,0.15754122077487412,0.26359838247299194,0.5390625,8,8
38,5471,0.16528888233006003,0.4010801315307617,0.46484375,8,8
38,5472,0.21854706807062035,0.3845226764678955,0.52734375,8,8
39,5346,0.1858702786266804,0.28323090076446533,0.5625,3,6
39,5333,0.21629942860454324,0.27965986728668213,0.609375,3,5
39,5473,0.18362154811620715,0.2840309143066406,0.55859375,4,7
39,5474,0.1836013565771282,0.2839996814727783,0.55859375,4,6
39,5475,0.18525984138250354,0.2823007106781006,0.5625,3,5
39,5476,0.09629511833190918,0.09629511833190918,0.72265625,3,4
39,5477,0.18209531437605622,0.28167009353637695,0.55859375,3,4
39,5478,0.18598512187600139,0.2834059000015259,0.5625,4,6
39,5479,0.18362170225009325,0.2840311527252197,0.55859375,3,5
39,5480,0.18359850510023537,0.28399527072906494,0.55859375,2,2
39,5481,0.06846725963987411,0.31581294536590576,0.38671875,3,6
39,5482,0.1959518040530384,0.22245526313781738,0.65234375,3,5
39,5483,0.18362185638397935,0.28403139114379883,0.55859375,4,6
39,5484,0.1238279005046934,0.16424840688705444,0.6015625,3,5
39,5485,0.1833294644020498,0.28357911109924316,0.55859375,3,5
39,5486,0.18349700793623927,0.28383827209472656,0.55859375,3,5
39,5487,0.1836245922604576,0.2840356230735779,0.55859375,2,3
39,5488,0.18351781601086262,0.2838704586029053,0.55859375,3,6
39,5489,0.18360871647018942,0.2840110659599304,0.55859375,2,3
39,5490,0.13000926375389102,0.24117660522460938,0.515625,3,6
39,5491,0.18361083581112328,0.28401434421539307,0.55859375,3,5
39,5492,0.19505395740270617,0.24006640911102295,0.625,3,4
39,5493,0.05628293752670288,0.05628293752670288,0.7890625,3,5
39,5494,0.14110690355300906,0.15843582153320312,0.65625,4,5
39,5495,0.1441242611035705,0.19625431299209595,0.59375,3,4
39,5496,0.13874991005286577,0.16293567419052124,0.640625,3,4
39,5497,0.17156315327156338,0.2653786540031433,0.55859375,3,5
39,5498,0.09894243953749539,0.3592803478240967,0.41015625,3,4
39,5499,0.18327436153776946,0.28349387645721436,0.55859375,4,5
39,5500,0.18537343293428424,0.2824738025665283,0.5625,3,4
39,5411,0.20257224608212712,0.36264681816101074,0.5234375,8,8
39,5410,0.1882683672010899,0.28267860412597656,0.56640625,8,5
39,5501,0.1428546300157905,0.15865850448608398,0.66015625,6,4
39,5502,0.2212618278572336,0.35291606187820435,0.55078125,8,5
39,5503,0.20011537044774744,0.24337071180343628,0.62890625,7,6
39,5504,0.14059904124587777,0.1651071310043335,0.640625,8,7
39,5505,0.17023410182446244,0.2519071102142334,0.5703125,6,4
39,5506,0.16516958945430818,0.19621074199676514,0.63671875,8,4
39,5507,0.22207717946730557,0.34878379106521606,0.5546875,8,8
39,5508,0.18361750210169706,0.2840246558189392,0.55859375,7,7
39,5509,0.151332906447351,0.2117006778717041,0.5859375,2,1
39,5510,0.02791661024093628,0.02791661024093628,0.87109375,6,5
39,5511,0.13346965052187446,0.18929767608642578,0.58203125,1,2
39,5512,0.029977083206176758,0.029977083206176758,0.84765625,9,9
39,5513,0.07446059212088588,0.39712315797805786,0.375,6,3
39,5514,0.18362154811620715,0.2840309143066406,0.55859375,8,6
39,5515,0.14840924739837646,0.14840924739837646,0.703125,5,3
39,5516,0.14076237939298156,0.15804898738861084,0.65625,9,6
39,5517,0.16439533140510323,0.19992971420288086,0.62890625,6,7
39,5518,0.14519306365400556,0.15140295028686523,0.68359375,7,7
39,5519,0.18170386040583256,0.20859277248382568,0.6484375,5,4
39,5520,0.21865725796669724,0.35428011417388916,0.546875,6,6
39,5521,0.17495184112340215,0.3795565366744995,0.484375,9,10
39,5522,0.19907515496015551,0.2823448181152344,0.58203125,6,5
39,5523,0.1669274847954512,0.3096625804901123,0.515625,7,6
39,5524,0.0725635290145874,0.0725635290145874,0.71484375,8,10
39,5525,0.18362439959309998,0.284035325050354,0.55859375,1,0
39,5526,0.18314371816813949,0.3222322463989258,0.52734375,4,4
39,5527,0.1428546300157905,0.15865850448608398,0.66015625,8,9
39,5528,0.10274832323193553,0.38681721687316895,0.40625,7,7
39,5529,0.1112231709994376,0.39004290103912354,0.4140625,8,9
39,5530,0.1605900060385466,0.38065779209136963,0.46875,8,5
39,5445,0.19742237566970292,0.3534274697303772,0.5234375,6,4
39,5219,0.2151851090602577,0.354259729385376,0.54296875,7,8
39,5531,0.20134933409281078,0.3114527463912964,0.55859375,6,5
39,5532,0.1538360209669918,0.17660099267959595,0.6484375,5,3
39,5533,0.1926361538935453,0.3639472723007202,0.51171875,7,5
39,5534,0.22159718011971566,0.3534509539604187,0.55078125,6,6
39,5535,0.20999689539894464,0.27151113748550415,0.609375,7,7
39,5536,0.22115178778767589,0.32259178161621094,0.57421875,6,5
39,5537,0.19839021423831585,0.3680282235145569,0.515625,7,8
39,5538,0.2166924197226763,0.3456277847290039,0.55078125,7,8
39,5539,0.22675092704594138,0.34045886993408203,0.56640625,7,8
39,5540,0.20759908156469467,0.2904118299484253,0.5859375,6,5
39,5541,0.15197014482691887,0.19648665189743042,0.609375,6,4
39,5542,0.1815588575555012,0.3703511357307434,0.49609375,5,4
39,5543,0.21936984080821278,0.344531774520874,0.5546875,7,6
39,5544,0.22206624783575538,0.2835359573364258,0.61328125,7,8
39,5545,0.13916981080546978,0.3830910921096802,0.4453125,6,6
39,5546,0.20150800142437222,0.2605355978012085,0.609375,7,7
39,5547,0.2047040779143572,0.33167243003845215,0.546875,6,6
39,5548,0.15036098496057096,0.38300907611846924,0.45703125,6,5
39,5549,0.20455646375194195,0.2941935658454895,0.578125,6,7
39,5550,0.2007544611115009,0.3014260530471802,0.56640625,7,7
39,5551,0.18762636184692388,0.37525272369384766,0.5,6,3
39,5552,0.1883006016723812,0.2827270030975342,0.56640625,6,3
39,5553,0.213313709711656,0.25340282917022705,0.63671875,6,6
39,5554,0.19124800967983904,0.2536761164665222,0.6015625,6,4
39,5555,0.13547236542217436,0.14726507663726807,0.66796875,5,2
39,5556,0.0894973957911134,0.395022988319397,0.390625,6,5
39,5557,0.20398015575483444,0.3413001298904419,0.5390625,6,3
39,5558,0.19354222831316295,0.36565911769866943,0.51171875,5,3
39,5559,0.20088842185214165,0.26646339893341064,0.6015625,6,3
39,5560,0.2242889994522557,0.33676236867904663,0.56640625,6,3
39,5561,0.21103801578283313,0.35310935974121094,0.5390625,6,4
39,5562,0.11084146914072336,0.13480007648468018,0.62890625,8,8
39,5563,0.15086301276460293,0.248366117477417,0.54296875,7,7
39,5564,0.0872013494372368,0.3689842224121094,0.39453125,5,3
39,5565,0.21865535073447975,0.32830363512039185,0.56640625,6,3
39,5566,0.2197169673163444,0.32049882411956787,0.57421875,6,4
39,5567,0.23103244265075776,0.3188372254371643,0.58984375,7,8
39,5568,0.20292187517043206,0.3570309281349182,0.52734375,6,6
39,5569,0.09755145362578335,0.3963995575904846,0.3984375,5,3
39,5570,0.12277201900724324,0.3904302716255188,0.42578125,6,3
39,5571,0.18915122188627723,0.27990007400512695,0.5703125,5,3
39,5572,0.19096489017829302,0.35425370931625366,0.515625,6,5
39,5573,0.23797990428283813,0.3375227451324463,0.58203125,6,6
39,5574,0.2025452773086727,0.3625985383987427,0.5234375,5,3
39,5255,0.2176029356196523,0.35257184505462646,0.546875,6,7
39,5359,0.21115527849178764,0.3170425295829773,0.56640625,6,7
39,5575,0.06894706562161447,0.1897897720336914,0.4453125,6,9
39,5576,0.19850399403367194,0.3492578864097595,0.52734375,6,8
39,5577,0.20183392497710886,0.36775434017181396,0.51953125,5,6
39,5578,0.06625349284149709,0.3944393992424011,0.3671875,6,6
39,5579,0.18521540611982348,0.28223299980163574,0.5625,6,7
39,5580,0.09157625585794452,0.40419864654541016,0.390625,8,8
39,5581,0.16445232555270198,0.17688989639282227,0.671875,7,9
39,5582,0.10915048210881653,0.382774293422699,0.4140625,7,9
39,5583,0.18288430804386738,0.21476322412490845,0.640625,6,5
39,5584,0.034361958503723145,0.034361958503723145,0.828125,6,9
39,5585,0.19384304434061053,0.2953798770904541,0.5625,6,7
39,5586,0.12834073905833068,0.1285918951034546,0.69921875,9,10
39,5587,0.204082255368121,0.32551437616348267,0.55078125,7,7
39,5588,0.20843356847763064,0.33771514892578125,0.546875,6,6
39,5589,0.18510405113920572,0.3097165822982788,0.5390625,7,8
39,5590,0.10791486804373565,0.39186108112335205,0.41015625,7,8
39,5591,0.19954541744664314,0.35722815990448,0.5234375,6,7
39,5592,0.22014552075415852,0.30796313285827637,0.5859375,7,7
39,5593,0.2216350203379989,0.31875598430633545,0.578125,9,9
39,5594,0.16833966784179213,0.37311649322509766,0.48046875,5,6
39,5595,0.19873318355530503,0.2706153988838196,0.59375,5,5
39,5596,0.19817389198578897,0.27722686529159546,0.5859375,7,10
39,5597,0.16565471421927216,0.2014613151550293,0.62890625,7,4
39,5598,0.12674452108331027,0.13491308689117432,0.67578125,8,9
39,5599,0.17386741389054808,0.23364859819412231,0.59765625,7,7
39,5600,0.20187392132356766,0.3613966703414917,0.5234375,7,9
39,5601,0.085365891456604,0.085365891456604,0.74609375,6,5
39,5602,0.09490874339826406,0.37094104290008545,0.40234375,9,9
39,5603,0.16469507094006988,0.3498916029930115,0.48828125,7,8
39,5604,0.14276146329939368,0.1585550308227539,0.66015625,6,6
39,5605,0.20401651668362322,0.371731162071228,0.51953125,6,6
39,5606,0.0880961505463347,0.3727704882621765,0.39453125,5,4
39,5607,0.20155574486125263,0.2288171648979187,0.65234375,6,6
39,5608,0.19283073814585808,0.3392760753631592,0.52734375,8,10
39,5609,0.2064265161752701,0.31455469131469727,0.5625,6,7
39,5610,0.1428546300157905,0.15865850448608398,0.66015625,7,6
39,5611,0.18362154811620715,0.2840309143066406,0.55859375,7,6
39,5612,0.11032136343419555,0.38688039779663086,0.4140625,6,7
39,5613,0.007298707962036133,0.007298707962036133,0.9453125,6,6
39,5614,0.2034857897087932,0.2770870327949524,0.59375,6,8
