generation,genome_id,fitness,diversity,agreement,num_nodes,num_connections
0,1,0.005217075347900391,0.005217075347900391,0.953125,1,4
0,2,0.01266634464263916,0.01266634464263916,0.890625,1,4
0,3,0.03909492492675781,0.03909492492675781,0.76953125,1,4
0,4,0.013444840908050537,0.013444840908050537,0.87109375,1,4
0,5,0.014705777168273926,0.014705777168273926,0.89453125,1,4
0,6,0.025418639183044434,0.025418639183044434,0.82421875,1,4
0,7,0.0332147479057312,0.0332147479057312,0.8046875,1,4
0,8,0.004514455795288086,0.004514455795288086,0.96875,1,4
0,9,0.010941863059997559,0.010941863059997559,0.921875,1,4
0,10,0.022430777549743652,0.022430777549743652,0.828125,1,4
0,11,0.004151701927185059,0.004151701927185059,0.95703125,1,4
0,12,0.0006354451179504395,0.0006354451179504395,0.9921875,1,4
0,13,0.02902156114578247,0.02902156114578247,0.79296875,1,4
0,14,0.017195463180541992,0.017195463180541992,0.859375,1,4
0,15,0.02886831760406494,0.02886831760406494,0.81640625,1,4
0,16,0.006796598434448242,0.006796598434448242,0.9375,1,4
0,17,0.009949028491973877,0.009949028491973877,0.9140625,1,4
0,18,0.003839731216430664,0.003839731216430664,0.9609375,1,4
0,19,0.03507280349731445,0.03507280349731445,0.8125,1,4
0,20,0.01767754554748535,0.01767754554748535,0.85546875,1,4
0,21,0.00039136409759521484,0.00039136409759521484,0.9921875,1,4
0,22,0.02335178852081299,0.02335178852081299,0.83203125,1,4
0,23,0.03654325008392334,0.03654325008392334,0.73046875,1,4
0,24,0.029541015625,0.029541015625,0.79296875,1,4
0,25,0.0046759843826293945,0.0046759843826293945,0.9609375,1,4
0,26,0.012627840042114258,0.012627840042114258,0.890625,1,4
0,27,0.011006057262420654,0.011006057262420654,0.91796875,1,4
0,28,0.0,0.25357019901275635,0.14453125,1,4
0,29,0.00950843095779419,0.00950843095779419,0.92578125,1,4
0,30,0.032427191734313965,0.032427191734313965,0.83203125,1,4
0,31,0.017989516258239746,0.017989516258239746,0.87890625,1,4
0,32,0.010033249855041504,0.010033249855041504,0.9375,1,4
0,33,0.011720597743988037,0.011720597743988037,0.921875,1,4
0,34,0.017474055290222168,0.017474055290222168,0.87109375,1,4
0,35,0.002599954605102539,0.002599954605102539,0.98046875,1,4
0,36,0.012368917465209961,0.012368917465209961,0.89453125,1,4
0,37,0.002692103385925293,0.002692103385925293,0.97265625,1,4
0,38,0.0034693479537963867,0.0034693479537963867,0.96875,1,4
0,39,0.00709843635559082,0.00709843635559082,0.93359375,1,4
0,40,0.08498849952593447,0.10717761516571045,0.6171875,1,4
0,41,0.008005976676940918,0.008005976676940918,0.921875,1,4
0,42,0.005313277244567871,0.005313277244567871,0.94140625,1,4
0,43,0.04477119445800781,0.04477119445800781,0.7578125,1,4
0,44,0.03787076473236084,0.03787076473236084,0.7578125,1,4
0,45,0.0006507635116577148,0.0006507635116577148,0.9921875,1,4
0,46,0.04000210762023926,0.04000210762023926,0.75,1,4
0,47,0.011212825775146484,0.011212825775146484,0.88671875,1,4
0,48,0.007829427719116211,0.007829427719116211,0.9296875,1,4
0,49,0.011848270893096924,0.011848270893096924,0.9140625,1,4
0,50,0.012664198875427246,0.012664198875427246,0.890625,1,4
0,51,0.006909787654876709,0.006909787654876709,0.9453125,1,4
0,52,0.019181430339813232,0.019181430339813232,0.859375,1,4
0,53,0.036121487617492676,0.036121487617492676,0.82421875,1,4
0,54,0.03951144218444824,0.03951144218444824,0.78125,1,4
0,55,0.04000210762023926,0.04000210762023926,0.75,1,4
0,56,0.006997227668762207,0.006997227668762207,0.94921875,1,4
0,57,0.0026128292083740234,0.0026128292083740234,0.96875,1,4
0,58,0.015720725059509277,0.015720725059509277,0.88671875,1,4
0,59,0.013254344463348389,0.013254344463348389,0.88671875,1,4
0,60,0.03009212017059326,0.03009212017059326,0.828125,1,4
0,61,0.016574501991271973,0.016574501991271973,0.859375,1,4
0,62,0.012664496898651123,0.012664496898651123,0.8984375,1,4
0,63,0.0075547099113464355,0.0075547099113464355,0.9453125,1,4
0,64,0.0026580095291137695,0.0026580095291137695,0.96875,1,4
0,65,0.0036469101905822754,0.0036469101905822754,0.953125,1,4
0,66,0.010445952415466309,0.010445952415466309,0.90625,1,4
0,67,0.043284058570861816,0.043284058570861816,0.703125,1,4
0,68,0.0026994943618774414,0.0026994943618774414,0.9765625,1,4
0,69,0.004947304725646973,0.004947304725646973,0.9453125,1,4
0,70,0.03046286106109619,0.03046286106109619,0.78125,1,4
0,71,0.034017324447631836,0.034017324447631836,0.76171875,1,4
0,72,0.014135956764221191,0.014135956764221191,0.87890625,1,4
0,73,0.0012776851654052734,0.0012776851654052734,0.98046875,1,4
0,74,0.019521355628967285,0.019521355628967285,0.8984375,1,4
0,75,0.0028934478759765625,0.0028934478759765625,0.95703125,1,4
0,76,0.005174875259399414,0.005174875259399414,0.96875,1,4
0,77,0.008186638355255127,0.008186638355255127,0.9296875,1,4
0,78,0.006299734115600586,0.006299734115600586,0.9453125,1,4
0,79,0.006766676902770996,0.006766676902770996,0.92578125,1,4
0,80,0.0058574676513671875,0.0058574676513671875,0.94140625,1,4
0,81,0.029046177864074707,0.029046177864074707,0.81640625,1,4
0,82,0.00965183973312378,0.00965183973312378,0.91015625,1,4
0,83,0.030001342296600342,0.030001342296600342,0.77734375,1,4
0,84,0.007930517196655273,0.007930517196655273,0.9296875,1,4
0,85,0.021520495414733887,0.021520495414733887,0.859375,1,4
0,86,0.012654781341552734,0.012654781341552734,0.890625,1,4
0,87,0.013092577457427979,0.013092577457427979,0.88671875,1,4
0,88,0.011731922626495361,0.011731922626495361,0.9140625,1,4
0,89,0.012073397636413574,0.012073397636413574,0.89453125,1,4
0,90,0.0013948678970336914,0.0013948678970336914,0.9765625,1,4
0,91,0.04719346761703491,0.04719346761703491,0.80078125,1,4
0,92,0.013185322284698486,0.013185322284698486,0.89453125,1,4
0,93,0.011516809463500977,0.011516809463500977,0.90234375,1,4
0,94,0.00729680061340332,0.00729680061340332,0.9453125,1,4
0,95,0.010704517364501953,0.010704517364501953,0.88671875,1,4
0,96,0.01803666353225708,0.01803666353225708,0.859375,1,4
0,97,0.012985765933990479,0.012985765933990479,0.89453125,1,4
0,98,0.023765265941619873,0.023765265941619873,0.81640625,1,4
0,99,0.010832786560058594,0.010832786560058594,0.91015625,1,4
0,100,0.02622818946838379,0.02622818946838379,0.84375,1,4
0,101,0.010503649711608887,0.010503649711608887,0.91796875,1,4
0,102,0.01237720251083374,0.01237720251083374,0.89453125,1,4
0,103,0.035959839820861816,0.035959839820861816,0.7578125,1,4
0,104,0.001213371753692627,0.001213371753692627,0.9921875,1,4
0,105,0.002542734146118164,0.002542734146118164,0.96875,1,4
0,106,0.037851035594940186,0.037851035594940186,0.75,1,4
0,107,0.006806612014770508,0.006806612014770508,0.9296875,1,4
0,108,0.03985697031021118,0.03985697031021118,0.74609375,1,4
0,109,0.010813593864440918,0.010813593864440918,0.9140625,1,4
0,110,0.05124779138714076,0.08303439617156982,0.546875,1,4
0,111,0.005462527275085449,0.005462527275085449,0.94140625,1,4
0,112,0.004687786102294922,0.004687786102294922,0.96484375,1,4
0,113,0.008767485618591309,0.008767485618591309,0.9296875,1,4
0,114,0.03726339340209961,0.03726339340209961,0.76171875,1,4
0,115,0.019843220710754395,0.019843220710754395,0.83984375,1,4
0,116,0.013372421264648438,0.013372421264648438,0.8984375,1,4
0,117,0.010994672775268555,0.010994672775268555,0.91015625,1,4
0,118,0.048032522201538086,0.048032522201538086,0.81640625,1,4
0,119,0.010923147201538086,0.010923147201538086,0.890625,1,4
0,120,0.01124584674835205,0.01124584674835205,0.87890625,1,4
0,121,0.00631105899810791,0.00631105899810791,0.94921875,1,4
0,122,0.009966731071472168,0.009966731071472168,0.89453125,1,4
0,123,0.01266622543334961,0.01266622543334961,0.890625,1,4
0,124,0.012030363082885742,0.012030363082885742,0.90234375,1,4
0,125,0.021550416946411133,0.021550416946411133,0.84375,1,4
0,126,0.0196988582611084,0.0196988582611084,0.8828125,1,4
0,127,0.010596275329589844,0.010596275329589844,0.88671875,1,4
0,128,0.0031023025512695312,0.0031023025512695312,0.96484375,1,4
0,129,0.0016489624977111816,0.0016489624977111816,0.98046875,1,4
0,130,0.016981005668640137,0.016981005668640137,0.8828125,1,4
0,131,0.0019335746765136719,0.0019335746765136719,0.9765625,1,4
0,132,0.0006678104400634766,0.0006678104400634766,0.98828125,1,4
0,133,0.011519670486450195,0.011519670486450195,0.90625,1,4
0,134,0.017561614513397217,0.017561614513397217,0.87890625,1,4
0,135,0.015600502490997314,0.015600502490997314,0.87109375,1,4
0,136,0.003706514835357666,0.003706514835357666,0.95703125,1,4
0,137,0.012270927429199219,0.012270927429199219,0.8984375,1,4
0,138,0.011268019676208496,0.011268019676208496,0.8828125,1,4
0,139,0.005136370658874512,0.005136370658874512,0.9375,1,4
0,140,0.000441133975982666,0.000441133975982666,0.99609375,1,4
0,141,0.012258291244506836,0.012258291244506836,0.89453125,1,4
0,142,0.03855884075164795,0.03855884075164795,0.75390625,1,4
0,143,0.012666404247283936,0.012666404247283936,0.890625,1,4
0,144,0.0036019086837768555,0.0036019086837768555,0.96484375,1,4
0,145,0.012021899223327637,0.012021899223327637,0.89453125,1,4
0,146,0.012581706047058105,0.012581706047058105,0.890625,1,4
0,147,0.05576325743459166,0.06474101543426514,0.64453125,1,4
0,148,0.01616692543029785,0.01616692543029785,0.859375,1,4
0,149,0.05686688423156738,0.05686688423156738,0.77734375,1,4
0,150,0.0026129484176635742,0.0026129484176635742,0.96875,1,4
1,147,0.06445277482271196,0.06932735443115234,0.671875,1,4
1,110,0.05121762957423926,0.0916903018951416,0.5234375,1,4
1,151,0.041713595390319824,0.041713595390319824,0.7734375,1,3
1,152,0.0228959321975708,0.0228959321975708,0.8671875,1,3
1,153,0.042925894260406494,0.042925894260406494,0.75,1,4
1,154,0.0027115941047668457,0.0027115941047668457,0.97265625,1,3
1,155,0.021106243133544922,0.021106243133544922,0.88671875,1,4
1,156,0.042863428592681885,0.042863428592681885,0.74609375,1,3
1,157,0.04873466491699219,0.04873466491699219,0.7265625,1,3
1,158,0.041454315185546875,0.041454315185546875,0.76171875,2,5
1,159,0.042863428592681885,0.042863428592681885,0.74609375,1,3
1,160,0.042863428592681885,0.042863428592681885,0.74609375,2,5
1,161,0.01453089714050293,0.01453089714050293,0.91015625,1,3
1,162,0.031916022300720215,0.031916022300720215,0.8125,1,3
1,163,0.0,0.1957133412361145,0.2890625,2,3
1,164,0.019313335418701172,0.019313335418701172,0.875,1,2
1,165,0.042863428592681885,0.042863428592681885,0.74609375,2,5
1,166,0.042426109313964844,0.042426109313964844,0.75,1,3
1,167,0.06488544633612038,0.07448732852935791,0.6484375,1,4
1,168,0.04285538196563721,0.04285538196563721,0.74609375,1,3
1,169,0.01453089714050293,0.01453089714050293,0.91015625,2,6
1,170,0.053358188364654786,0.07077562808990479,0.6015625,1,3
1,171,0.01845991611480713,0.01845991611480713,0.89453125,2,5
1,172,0.031064867973327637,0.031064867973327637,0.83203125,1,4
1,173,0.04964846139773728,0.09380078315734863,0.51171875,1,3
1,174,0.040676653385162354,0.040676653385162354,0.74609375,1,3
1,175,0.05992718786001206,0.08053207397460938,0.59765625,1,4
1,176,0.02101379632949829,0.02101379632949829,0.8671875,1,3
1,177,0.020409703254699707,0.020409703254699707,0.875,1,3
1,178,0.021854817867279053,0.021854817867279053,0.83984375,1,3
1,179,0.06004502065479757,0.09577274322509766,0.55078125,1,4
1,180,0.04000920057296753,0.04000920057296753,0.76953125,1,3
1,181,0.026876330375671387,0.026876330375671387,0.87890625,1,3
1,182,0.042863428592681885,0.042863428592681885,0.74609375,1,4
1,183,0.01447956333868206,0.18081796169281006,0.33203125,1,4
1,184,0.03821277618408203,0.03821277618408203,0.78125,1,3
1,185,0.042863428592681885,0.042863428592681885,0.74609375,1,4
1,186,0.042863428592681885,0.042863428592681885,0.74609375,1,3
1,187,0.00826936960220337,0.00826936960220337,0.93359375,1,4
1,188,0.01718586031347514,0.1725325584411621,0.33984375,1,3
1,189,0.03469585301354528,0.14098632335662842,0.3984375,1,4
1,190,0.042863428592681885,0.042863428592681885,0.74609375,1,4
1,191,0.057596992934122695,0.1088179349899292,0.51171875,1,3
1,192,0.042443156242370605,0.042443156242370605,0.76953125,1,4
1,193,0.04255378246307373,0.04255378246307373,0.75,1,4
1,194,0.04315781593322754,0.04315781593322754,0.7734375,1,3
1,195,0.00036455667577684446,0.1866530179977417,0.30078125,1,3
1,196,0.008973366580903535,0.14820528030395508,0.32421875,1,4
1,197,0.06568151549436153,0.11758369207382202,0.5234375,1,4
1,198,0.042863428592681885,0.042863428592681885,0.74609375,1,2
1,199,0.03938859701156616,0.03938859701156616,0.79296875,1,3
1,200,0.05946380877867342,0.13776230812072754,0.47265625,1,4
1,201,0.042863428592681885,0.042863428592681885,0.74609375,1,3
1,202,0.014529645442962646,0.014529645442962646,0.91015625,1,3
1,203,0.04312574863433838,0.04312574863433838,0.74609375,1,4
1,40,0.09008246497251095,0.11501801013946533,0.61328125,1,4
1,149,0.05718696117401123,0.05718696117401123,0.78515625,1,4
1,204,0.02873992919921875,0.02873992919921875,0.83203125,1,3
1,205,0.025481343269348145,0.025481343269348145,0.875,2,5
1,206,0.03193753957748413,0.03193753957748413,0.84375,1,4
1,207,0.03917801380157471,0.03917801380157471,0.796875,1,4
1,208,0.02022838592529297,0.02022838592529297,0.84765625,1,4
1,209,0.030773282051086426,0.030773282051086426,0.8203125,2,5
1,210,0.040692031383514404,0.040692031383514404,0.7265625,1,3
1,211,0.015498697757720947,0.015498697757720947,0.93359375,1,3
1,212,0.00979393720626831,0.00979393720626831,0.9375,1,3
1,213,0.028724372386932373,0.028724372386932373,0.82421875,1,3
1,214,0.011174201965332031,0.011174201965332031,0.921875,1,3
1,215,0.04281032085418701,0.04281032085418701,0.74609375,1,4
1,216,0.02988523244857788,0.02988523244857788,0.87109375,2,5
1,217,0.024709582328796387,0.024709582328796387,0.87890625,1,3
1,218,0.04673892259597778,0.04673892259597778,0.7734375,1,4
1,219,0.0391237735748291,0.0391237735748291,0.83203125,1,4
1,220,0.03185915946960449,0.03185915946960449,0.8125,2,5
1,221,0.02392953634262085,0.02392953634262085,0.87890625,2,4
1,222,0.023910582065582275,0.023910582065582275,0.875,1,4
1,223,0.024471402168273926,0.024471402168273926,0.87890625,1,3
1,224,0.06084630091208965,0.06218224763870239,0.69140625,1,3
1,225,0.04021883010864258,0.04021883010864258,0.83984375,1,3
1,226,0.0400317907333374,0.0400317907333374,0.83984375,1,4
1,227,0.04284489154815674,0.04284489154815674,0.73828125,1,3
1,228,0.0032988786697387695,0.0032988786697387695,0.97265625,1,3
1,229,0.013238966464996338,0.013238966464996338,0.90625,1,3
1,230,0.009421825408935547,0.009421825408935547,0.94140625,2,5
1,231,0.03457236289978027,0.03457236289978027,0.78515625,1,4
1,232,0.012371599674224854,0.012371599674224854,0.93359375,1,4
1,233,0.09240493644028903,0.10375291109085083,0.65625,1,4
1,234,0.03830993175506592,0.03830993175506592,0.80859375,1,4
1,235,0.04452544450759888,0.04452544450759888,0.74609375,1,4
1,236,0.03543901443481445,0.03543901443481445,0.76953125,1,4
1,237,0.04275369644165039,0.04275369644165039,0.74609375,1,3
1,238,0.01549685001373291,0.01549685001373291,0.91796875,1,4
1,239,0.025845885276794434,0.025845885276794434,0.8515625,1,2
1,240,0.03334009647369385,0.03334009647369385,0.8046875,1,3
1,241,0.024962544441223145,0.024962544441223145,0.8515625,1,3
1,242,0.0013513565063476562,0.0013513565063476562,0.98828125,1,3
1,243,0.03398895263671875,0.03398895263671875,0.80859375,1,3
1,244,0.025349974632263184,0.025349974632263184,0.828125,1,4
1,245,0.04591631889343262,0.04591631889343262,0.76171875,2,4
1,246,0.04297226667404175,0.04297226667404175,0.796875,2,6
1,247,0.034954190254211426,0.034954190254211426,0.80078125,1,3
1,248,0.010143280029296875,0.010143280029296875,0.93359375,1,3
1,249,0.036807894706726074,0.036807894706726074,0.78125,1,3
1,250,0.014530658721923828,0.014530658721923828,0.91015625,1,4
1,251,0.03258180618286133,0.03258180618286133,0.80859375,1,4
1,252,0.02787560224533081,0.02787560224533081,0.828125,1,3
1,253,0.034664273262023926,0.034664273262023926,0.82421875,1,4
1,254,0.020779848098754883,0.020779848098754883,0.89453125,2,5
1,255,0.00423276424407959,0.00423276424407959,0.9609375,1,3
1,256,0.028494834899902344,0.028494834899902344,0.86328125,1,4
1,257,0.01702713966369629,0.01702713966369629,0.91796875,1,3
1,258,0.03778165578842163,0.03778165578842163,0.8125,1,3
1,259,0.04364049434661865,0.04364049434661865,0.7421875,1,4
1,260,0.04269278049468994,0.04269278049468994,0.7578125,1,4
1,261,0.008309006690979004,0.008309006690979004,0.92578125,1,3
1,262,0.02117222547531128,0.02117222547531128,0.8828125,1,4
1,263,0.04392862319946289,0.04392862319946289,0.79296875,1,4
1,264,0.0030504465103149414,0.0030504465103149414,0.97265625,2,4
1,265,0.01852250099182129,0.01852250099182129,0.8515625,1,3
1,266,0.004921674728393555,0.004921674728393555,0.9609375,1,4
1,267,0.016938745975494385,0.016938745975494385,0.91015625,1,3
1,268,0.019452452659606934,0.019452452659606934,0.875,2,5
1,269,0.037829458713531494,0.037829458713531494,0.80859375,2,4
1,270,0.051087915897369385,0.051087915897369385,0.7265625,2,5
1,271,0.020456314086914062,0.020456314086914062,0.9140625,1,3
1,272,0.020282387733459473,0.020282387733459473,0.87109375,1,3
1,273,0.04398775100708008,0.04398775100708008,0.8359375,1,4
1,274,0.042863428592681885,0.042863428592681885,0.74609375,1,4
1,275,0.03519463539123535,0.03519463539123535,0.8125,1,3
1,276,0.029454171657562256,0.029454171657562256,0.8125,1,3
1,277,0.023794054985046387,0.023794054985046387,0.80078125,2,5
1,278,0.042581915855407715,0.042581915855407715,0.7421875,1,3
1,279,0.013796389102935791,0.013796389102935791,0.90234375,1,3
1,280,0.052077651023864746,0.052077651023864746,0.7109375,1,3
1,281,0.003805220127105713,0.003805220127105713,0.97265625,1,3
1,282,0.04141592979431152,0.04141592979431152,0.8125,1,4
1,283,0.00851905345916748,0.00851905345916748,0.94921875,1,3
1,284,0.045432329177856445,0.045432329177856445,0.7890625,2,5
1,285,0.028963446617126465,0.028963446617126465,0.80078125,1,3
1,286,0.01816028356552124,0.01816028356552124,0.890625,2,5
1,287,0.026535630226135254,0.026535630226135254,0.8125,1,4
1,288,0.012674093246459961,0.012674093246459961,0.90625,1,3
1,289,0.028285503387451172,0.028285503387451172,0.83203125,1,4
1,290,0.05797994136810303,0.05797994136810303,0.796875,1,3
1,291,0.01606804132461548,0.01606804132461548,0.91015625,1,4
1,292,0.017651796340942383,0.017651796340942383,0.8828125,1,3
1,293,0.03191936016082764,0.03191936016082764,0.8046875,1,3
1,294,0.047208922449499376,0.04776871204376221,0.6953125,1,3
1,295,0.04566049575805664,0.04566049575805664,0.83984375,1,3
1,296,0.045336008071899414,0.045336008071899414,0.73046875,1,2
2,197,0.05537108005955816,0.11294817924499512,0.49609375,1,4
2,167,0.06210979633033276,0.06973731517791748,0.65625,1,4
2,297,0.03385430574417114,0.03385430574417114,0.7734375,1,3
2,298,0.04935969458892942,0.06302285194396973,0.61328125,1,3
2,299,0.03197038173675537,0.03197038173675537,0.80078125,1,4
2,300,0.01477360725402832,0.01477360725402832,0.875,1,2
2,301,0.061535507440567024,0.08608245849609375,0.5859375,2,5
2,302,0.044686317443847656,0.044686317443847656,0.70703125,1,3
2,303,0.04198122024536133,0.04198122024536133,0.73828125,1,3
2,304,0.044029176235198975,0.044029176235198975,0.73046875,1,3
2,305,0.0,0.32419413328170776,0.1171875,2,4
2,306,0.03739410638809204,0.03739410638809204,0.81640625,1,3
2,307,0.0,0.19811546802520752,0.26953125,1,3
2,308,0.030574560165405273,0.030574560165405273,0.8359375,1,4
2,309,0.022553086280822754,0.022553086280822754,0.84375,1,3
2,310,0.0,0.2927420139312744,0.1171875,1,3
2,311,0.0,0.20158690214157104,0.2890625,2,5
2,312,0.048039737623184926,0.05167299509048462,0.671875,1,3
2,313,0.03565337718464435,0.1294647455215454,0.41015625,1,3
2,314,0.049092746339738376,0.17216086387634277,0.4140625,2,5
2,315,0.032358765602111816,0.032358765602111816,0.7734375,3,7
2,316,0.03404092788696289,0.03404092788696289,0.8203125,1,3
2,317,0.05336585361510516,0.08646619319915771,0.546875,1,3
2,318,0.01477360725402832,0.01477360725402832,0.875,2,4
2,319,0.04035860300064087,0.04035860300064087,0.7578125,1,4
2,320,0.05220296443440021,0.054995715618133545,0.6796875,2,4
2,321,0.03936070203781128,0.03936070203781128,0.78515625,1,3
2,322,0.0290372371673584,0.0290372371673584,0.859375,1,3
2,323,0.0077950358390808105,0.0077950358390808105,0.921875,1,2
2,324,0.0,0.26064205169677734,0.171875,2,5
2,325,0.057090714573860175,0.08097076416015625,0.58203125,2,5
2,326,0.021777987480163574,0.021777987480163574,0.84765625,1,4
2,327,0.04560074210166932,0.09120148420333862,0.5,1,4
2,328,0.033363163471221924,0.033363163471221924,0.78125,1,3
2,329,0.024625182151794434,0.024625182151794434,0.80078125,2,5
2,330,0.01928037405014038,0.01928037405014038,0.8671875,3,6
2,331,0.04054876416921616,0.0961155891418457,0.46875,1,3
2,332,0.029539080802351243,0.1426793336868286,0.3828125,1,3
2,333,0.04573775734752417,0.08972311019897461,0.50390625,1,3
2,334,0.003717780113220215,0.003717780113220215,0.9453125,1,3
2,335,0.04056749306619168,0.09190511703491211,0.4765625,1,4
2,336,0.014773666858673096,0.014773666858673096,0.875,1,3
2,337,0.04840335529297591,0.06961381435394287,0.578125,1,3
2,338,0.03685283660888672,0.03685283660888672,0.76953125,1,3
2,339,0.031276822090148926,0.031276822090148926,0.828125,2,5
2,340,0.02469789981842041,0.02469789981842041,0.81640625,1,3
2,341,0.04740190505981445,0.04740190505981445,0.7890625,1,3
2,342,0.0449353288859129,0.08649206161499023,0.5078125,2,4
2,343,0.0729728883598,0.109566330909729,0.56640625,1,4
2,344,0.051863189553841955,0.10579264163970947,0.49609375,1,4
2,345,0.01165900100022555,0.16581690311431885,0.328125,1,4
2,346,0.06031130009796472,0.1183118224143982,0.50390625,1,4
2,347,0.05528272362425924,0.06644308567047119,0.6328125,2,5
2,348,0.01386106014251709,0.01386106014251709,0.87109375,1,3
2,349,0.04677191376686097,0.09354382753372192,0.5,1,2
2,350,0.06254406878724696,0.14169275760650635,0.4765625,2,4
2,351,0.06577579583972694,0.07724130153656006,0.640625,1,4
2,352,0.011854708194732666,0.011854708194732666,0.87890625,1,3
2,353,0.047686776844784624,0.06581032276153564,0.58984375,2,4
2,354,0.041189491748809814,0.041189491748809814,0.7734375,1,3
2,355,0.049407071783207364,0.05487293004989624,0.66015625,1,4
2,356,0.055831617908552296,0.07405644655227661,0.6015625,1,3
2,357,0.0,0.21845096349716187,0.265625,1,2
2,358,0.03647366631776095,0.11249709129333496,0.4296875,1,3
2,359,0.02680516242980957,0.02680516242980957,0.80078125,1,2
2,360,0.0,0.1960151195526123,0.26171875,2,4
2,361,0.01918208599090576,0.01918208599090576,0.8203125,1,2
2,362,0.034835219383239746,0.034835219383239746,0.80078125,1,4
2,363,0.049109803861938424,0.13891834020614624,0.44140625,2,5
2,364,0.002246379852294922,0.002246379852294922,0.94140625,1,3
2,233,0.08261706680059434,0.10168254375457764,0.625,1,4
2,40,0.08114678307902069,0.11198693513870239,0.58984375,1,4
2,365,0.026221036911010742,0.026221036911010742,0.8203125,1,3
2,366,0.014737248420715332,0.014737248420715332,0.87890625,1,2
2,367,0.010323762893676758,0.010323762893676758,0.875,1,4
2,368,0.026246070861816406,0.026246070861816406,0.84375,2,3
2,369,0.013097286224365234,0.013097286224365234,0.8671875,2,3
2,370,0.03415101766586304,0.03415101766586304,0.7578125,1,2
2,371,0.05835532816126943,0.14503848552703857,0.4609375,1,3
2,372,0.02417600154876709,0.02417600154876709,0.84765625,1,3
2,373,0.020055532455444336,0.020055532455444336,0.87890625,1,3
2,374,0.024535298347473145,0.024535298347473145,0.8359375,2,3
2,375,0.007726609706878662,0.007726609706878662,0.91015625,1,3
2,376,0.021566152572631836,0.021566152572631836,0.83203125,2,5
2,377,0.04198259115219116,0.04198259115219116,0.73828125,1,3
2,378,0.04177582263946533,0.04177582263946533,0.73828125,3,6
2,379,0.031656742095947266,0.031656742095947266,0.78125,1,3
2,380,0.021517515182495117,0.021517515182495117,0.8515625,1,3
2,381,0.04195469617843628,0.04195469617843628,0.73828125,2,3
2,382,0.023540258407592773,0.023540258407592773,0.84375,1,2
2,383,0.04201596463099123,0.0429384708404541,0.69140625,2,4
2,384,0.02897942066192627,0.02897942066192627,0.81640625,1,3
2,385,0.009150803089141846,0.009150803089141846,0.91015625,1,2
2,386,0.041728854179382324,0.041728854179382324,0.7421875,1,4
2,387,0.015014469623565674,0.015014469623565674,0.875,1,4
2,388,0.03574490547180176,0.03574490547180176,0.78125,2,6
2,389,0.028032302856445312,0.028032302856445312,0.8671875,1,4
2,390,0.0377846418414265,0.041514456272125244,0.6640625,1,3
2,391,0.03425568342208862,0.03425568342208862,0.7890625,1,3
2,392,0.04549509286880493,0.04549509286880493,0.734375,1,3
2,393,0.03194558620452881,0.03194558620452881,0.78515625,1,3
2,394,0.034275829792022705,0.034275829792022705,0.8125,2,4
2,395,0.02137136459350586,0.02137136459350586,0.83984375,1,3
2,396,0.0401843786239624,0.0401843786239624,0.75390625,2,5
2,397,0.03886067867279053,0.03886067867279053,0.75390625,3,5
2,398,0.038233280181884766,0.038233280181884766,0.796875,1,3
2,399,0.03940093517303467,0.03940093517303467,0.78125,2,4
2,400,0.017181754112243652,0.017181754112243652,0.86328125,3,5
2,401,0.03842282295227051,0.03842282295227051,0.76171875,1,3
2,402,0.03039419651031494,0.03039419651031494,0.77734375,1,2
2,403,0.026068806648254395,0.026068806648254395,0.80078125,1,3
2,404,0.03936052322387695,0.03936052322387695,0.77734375,1,3
2,405,0.027288198471069336,0.027288198471069336,0.79296875,1,3
2,406,0.013608455657958984,0.013608455657958984,0.88671875,2,5
2,407,0.017960071563720703,0.017960071563720703,0.88671875,1,4
2,408,0.06082695722579956,0.06082695722579956,0.70703125,1,2
2,409,0.040354013442993164,0.040354013442993164,0.73828125,1,2
2,410,0.04435384273529053,0.04435384273529053,0.72265625,1,2
2,411,0.023582518100738525,0.023582518100738525,0.8671875,1,2
2,412,0.0211830735206604,0.0211830735206604,0.84765625,1,3
2,413,0.039401113986968994,0.039401113986968994,0.765625,2,4
2,414,0.018160760402679443,0.018160760402679443,0.87109375,1,2
2,415,0.017337322235107422,0.017337322235107422,0.875,1,2
2,416,0.04198098182678223,0.04198098182678223,0.73828125,2,4
2,417,0.016832947731018066,0.016832947731018066,0.87890625,1,4
2,418,0.04241478443145752,0.04241478443145752,0.71875,1,3
2,419,0.04717892408370972,0.04717892408370972,0.71484375,3,6
2,420,0.05011492967605591,0.05011492967605591,0.74609375,1,3
2,421,0.03444981575012207,0.03444981575012207,0.80078125,1,3
2,422,0.011230707168579102,0.011230707168579102,0.89453125,1,2
2,423,0.01780170202255249,0.01780170202255249,0.859375,2,4
2,424,0.050932072103023536,0.05595970153808594,0.6640625,1,3
2,425,0.01683443784713745,0.01683443784713745,0.8671875,1,3
2,426,0.04097980260848999,0.04097980260848999,0.765625,1,2
2,427,0.036172449588775635,0.036172449588775635,0.77734375,1,4
2,428,0.04263430833816528,0.04263430833816528,0.76953125,1,2
2,429,0.007728636264801025,0.007728636264801025,0.9296875,1,3
2,430,0.007388174533843994,0.007388174533843994,0.921875,1,2
2,431,0.041457295417785645,0.041457295417785645,0.7421875,1,4
2,432,0.002154111862182617,0.002154111862182617,0.9453125,1,3
2,433,0.04202628135681152,0.04202628135681152,0.70703125,1,1
2,434,0.09146951884031297,0.11535072326660156,0.6171875,1,4
2,435,0.01118922233581543,0.01118922233581543,0.91015625,1,4
2,436,0.03471803665161133,0.03471803665161133,0.7578125,1,2
2,437,0.04824527853634209,0.053582608699798584,0.66015625,1,4
2,438,0.00585782527923584,0.00585782527923584,0.9296875,1,4
2,439,0.04668241739273071,0.04668241739273071,0.76953125,1,3
2,440,0.03848612308502197,0.03848612308502197,0.7890625,1,4
2,441,0.009015202522277832,0.009015202522277832,0.91796875,1,3
2,442,0.009043358266353614,0.22048568725585938,0.31640625,1,4
3,233,0.08695020375307651,0.1009489893913269,0.64453125,1,4
3,40,0.08570473361760379,0.11081016063690186,0.609375,1,4
3,443,0.057556748390197754,0.057556748390197754,0.73828125,1,3
3,444,0.02871417999267578,0.02871417999267578,0.84765625,1,2
3,445,0.043238699436187744,0.043238699436187744,0.76953125,1,1
3,446,0.036498963832855225,0.036498963832855225,0.8203125,1,3
3,447,0.04245591163635254,0.04245591163635254,0.7734375,1,4
3,448,0.021165132522583008,0.021165132522583008,0.84765625,2,4
3,449,0.03525054454803467,0.03525054454803467,0.8046875,1,2
3,450,0.009362578392028809,0.009362578392028809,0.9296875,1,3
3,451,0.02559077739715576,0.02559077739715576,0.84375,1,2
3,452,0.0411907434463501,0.0411907434463501,0.77734375,1,2
3,453,0.003992199897766113,0.003992199897766113,0.96484375,1,1
3,454,0.014068901538848877,0.014068901538848877,0.89453125,1,3
3,455,0.0,0.2183527946472168,0.2421875,1,3
3,456,0.03400224447250366,0.03400224447250366,0.8046875,1,2
3,457,0.04323512315750122,0.04323512315750122,0.7734375,2,3
3,458,0.023375511169433594,0.023375511169433594,0.8671875,1,2
3,459,0.018154144287109375,0.018154144287109375,0.87890625,1,2
3,460,0.041117310523986816,0.041117310523986816,0.765625,1,1
3,461,0.043568968772888184,0.043568968772888184,0.796875,1,3
3,462,0.07545608282089233,0.07545608282089233,0.71875,1,2
3,463,0.014942646026611328,0.014942646026611328,0.89453125,1,1
3,464,0.038295090198516846,0.038295090198516846,0.84375,1,3
3,465,0.04650402069091797,0.04650402069091797,0.7890625,1,2
3,466,0.02528858184814453,0.02528858184814453,0.83203125,1,3
3,467,0.026634633541107178,0.026634633541107178,0.82421875,1,3
3,468,0.07641447265632452,0.08674991130828857,0.65234375,1,2
3,469,0.02245485782623291,0.02245485782623291,0.86328125,2,3
3,470,0.021161675453186035,0.021161675453186035,0.91796875,1,1
3,471,0.03522747755050659,0.03522747755050659,0.81640625,2,3
3,472,0.03890085220336914,0.03890085220336914,0.79296875,1,2
3,473,0.0039702653884887695,0.0039702653884887695,0.95703125,1,2
3,474,0.027456939220428467,0.027456939220428467,0.83984375,1,0
3,475,0.00792992115020752,0.00792992115020752,0.92578125,3,4
3,476,0.02160799503326416,0.02160799503326416,0.86328125,1,1
3,477,0.02855980396270752,0.02855980396270752,0.83984375,1,2
3,478,0.0029283761978149414,0.0029283761978149414,0.96875,4,7
3,479,0.010604262351989746,0.010604262351989746,0.9296875,2,4
3,480,0.023984670639038086,0.023984670639038086,0.84765625,1,1
3,481,0.01289665699005127,0.01289665699005127,0.8984375,1,1
3,482,0.0338863730430603,0.0338863730430603,0.80078125,1,2
3,483,0.037184834480285645,0.037184834480285645,0.796875,1,2
3,484,0.03957700729370117,0.03957700729370117,0.8046875,2,3
3,485,0.028249084949493408,0.028249084949493408,0.83984375,1,2
3,486,0.027851879596710205,0.027851879596710205,0.85546875,1,2
3,487,0.02581202983856201,0.02581202983856201,0.84375,1,3
3,488,0.03707170486450195,0.03707170486450195,0.8046875,1,2
3,489,0.002979755401611328,0.002979755401611328,0.96484375,3,5
3,490,0.042078256607055664,0.042078256607055664,0.77734375,1,2
3,491,0.04592156410217285,0.04592156410217285,0.7578125,3,5
3,492,0.042609333992004395,0.042609333992004395,0.78125,1,3
3,493,0.036205172538757324,0.036205172538757324,0.83984375,1,2
3,494,0.04313695430755615,0.04313695430755615,0.7734375,3,7
3,495,0.018692374229431152,0.018692374229431152,0.87890625,1,3
3,496,0.012917399406433105,0.012917399406433105,0.9296875,1,2
3,497,0.04763185977935791,0.04763185977935791,0.77734375,1,3
3,498,0.041296958923339844,0.041296958923339844,0.796875,2,4
3,499,0.007185757160186768,0.007185757160186768,0.9296875,2,3
3,500,0.03876662254333496,0.03876662254333496,0.765625,1,2
3,501,0.04256075620651245,0.04256075620651245,0.7734375,1,2
3,502,0.010157108306884766,0.010157108306884766,0.9296875,1,3
3,503,0.03127974271774292,0.03127974271774292,0.8125,1,1
3,504,0.0394551157951355,0.0394551157951355,0.7890625,1,3
3,505,0.044829607009887695,0.044829607009887695,0.77734375,1,2
3,506,0.003102242946624756,0.003102242946624756,0.96875,1,1
3,507,0.024060964584350586,0.024060964584350586,0.8046875,4,8
3,508,0.04239475727081299,0.04239475727081299,0.7734375,1,3
3,509,0.035357117652893066,0.035357117652893066,0.8125,1,3
3,434,0.09145790920592846,0.11393296718597412,0.62109375,1,4
3,343,0.08097166940569879,0.1102592945098877,0.59375,1,4
3,510,0.04862546920776367,0.04862546920776367,0.71484375,1,3
3,511,0.029980003833770752,0.029980003833770752,0.828125,1,4
3,512,0.08307177480310203,0.14369171857833862,0.53125,1,4
3,513,0.06041760416701437,0.06638157367706299,0.6640625,2,4
3,514,0.047304511070251465,0.047304511070251465,0.7578125,1,3
3,515,0.04627115395851434,0.11227881908416748,0.46484375,1,2
3,516,0.0,0.23567700386047363,0.1796875,1,2
3,517,0.00035549781750888137,0.18201488256454468,0.30078125,2,4
3,518,0.043976426124572754,0.043976426124572754,0.76171875,1,3
3,519,0.013060390949249268,0.013060390949249268,0.90234375,2,5
3,520,0.08095751237124206,0.14003461599349976,0.53125,1,3
3,521,0.04204916954040527,0.04204916954040527,0.78515625,2,4
3,522,0.06832841818686576,0.13937908411026,0.49609375,1,4
3,523,0.052147224429063506,0.09175044298171997,0.52734375,2,5
3,524,0.041968850651755936,0.10431092977523804,0.4609375,2,3
3,525,0.08813827089034022,0.10718953609466553,0.62890625,1,4
3,526,0.05794388102367521,0.12570875883102417,0.484375,1,3
3,527,0.0008337497711181641,0.0008337497711181641,0.98828125,2,3
3,528,0.05174022912979126,0.05174022912979126,0.72265625,1,3
3,529,0.0,0.2193017601966858,0.25390625,1,4
3,530,0.043185293674468994,0.043185293674468994,0.7734375,2,3
3,531,0.05095154047012329,0.05095154047012329,0.71484375,1,2
3,532,0.0008379817008972168,0.0008379817008972168,0.98828125,1,2
3,533,0.03094485180918128,0.14273661375045776,0.38671875,1,3
3,534,0.02928006649017334,0.02928006649017334,0.82421875,1,4
3,535,0.05122597713489086,0.090129554271698,0.52734375,2,3
3,536,0.0703922542743385,0.11588692665100098,0.54296875,2,4
3,537,0.047462143469601877,0.13425755500793457,0.44140625,1,3
3,538,0.06321183918043972,0.06396138668060303,0.6953125,1,3
3,539,0.014928102493286133,0.014928102493286133,0.91015625,2,5
3,540,0.0,0.1760813593864441,0.265625,1,3
3,541,0.006360769271850586,0.006360769271850586,0.9453125,2,4
3,542,0.04023432731628418,0.04023432731628418,0.8046875,2,5
3,543,0.008362650871276855,0.008362650871276855,0.94140625,2,4
3,544,0.039004743099212646,0.039004743099212646,0.83984375,2,5
3,545,0.010715305805206299,0.010715305805206299,0.9140625,1,3
3,546,0.05943056358955801,0.06460392475128174,0.66796875,2,3
3,547,0.023678302764892578,0.023678302764892578,0.85546875,1,4
3,548,0.030972659587860107,0.030972659587860107,0.8359375,2,6
3,549,0.07073626806959511,0.11835610866546631,0.5390625,1,3
3,550,0.01752584357745946,0.21885931491851807,0.33203125,1,4
3,551,0.014067292213439941,0.014067292213439941,0.89453125,1,2
3,552,0.06691716285422446,0.07274222373962402,0.66796875,2,4
3,553,0.07907993067055942,0.11373293399810791,0.578125,1,3
3,554,0.04234941396862269,0.10525679588317871,0.4609375,2,4
3,555,0.015505139250308282,0.15565943717956543,0.33984375,2,5
3,556,0.04658728453796358,0.19712966680526733,0.39453125,2,5
3,557,0.013328194618225098,0.013328194618225098,0.89453125,1,4
3,558,0.01154105202294887,0.2272699475288391,0.3203125,2,3
3,559,0.0631144903600216,0.07086539268493652,0.65625,1,2
3,560,0.0789184793829918,0.14639949798583984,0.515625,1,4
3,561,0.05430114269256592,0.05430114269256592,0.78125,1,3
3,562,0.014107465744018555,0.014107465744018555,0.90234375,2,4
3,563,0.07649424963165076,0.10279542207717896,0.59765625,1,2
3,564,0.043237924575805664,0.043237924575805664,0.7734375,1,2
3,565,0.05689811706542969,0.05689811706542969,0.73046875,1,3
3,566,0.0,0.27303439378738403,0.12109375,1,3
3,567,0.06540218251757325,0.0824776291847229,0.6171875,1,3
3,568,0.0542764503043145,0.13825643062591553,0.45703125,1,4
3,569,0.06569170951843263,0.13138341903686523,0.5,2,3
3,570,0.013361751101911073,0.19003379344940186,0.328125,1,3
3,571,0.06712819193489851,0.13168442249298096,0.50390625,1,4
3,572,0.05872911214828491,0.05872911214828491,0.703125,1,3
3,573,0.0,0.2599014639854431,0.12109375,1,3
3,574,0.06173615134321154,0.06309163570404053,0.69140625,2,4
3,575,0.0,0.23018664121627808,0.2265625,1,3
3,576,0.03915086039341987,0.14216482639312744,0.41015625,1,4
3,577,0.05756962881423534,0.1723722219467163,0.43359375,1,4
3,578,0.06381553248502315,0.07949769496917725,0.62109375,1,1
3,579,0.013082623481750488,0.013082623481750488,0.8984375,3,6
3,580,0.050861630239523954,0.12341779470443726,0.46484375,1,3
3,581,0.043237924575805664,0.043237924575805664,0.7734375,2,3
3,582,0.009710907936096191,0.009710907936096191,0.91796875,2,5
3,583,0.01318138837814331,0.01318138837814331,0.890625,2,7
3,584,0.04944277298636735,0.12594377994537354,0.45703125,2,4
3,585,0.02624613046646118,0.02624613046646118,0.82421875,1,3
3,586,0.04421114921569824,0.04421114921569824,0.7734375,1,4
3,587,0.002549878321588046,0.2175896167755127,0.3046875,1,4
3,588,0.050162434577941895,0.050162434577941895,0.765625,1,3
4,233,0.08546964451670648,0.10036802291870117,0.640625,1,4
4,40,0.08510731766000391,0.11003774404525757,0.609375,1,4
4,589,0.03078228235244751,0.03078228235244751,0.79296875,1,3
4,590,0.06365525582805277,0.08904778957366943,0.5859375,1,4
4,591,0.007766604423522949,0.007766604423522949,0.90625,1,0
4,592,0.011087417602539062,0.011087417602539062,0.87890625,1,0
4,593,0.05708920955657959,0.05708920955657959,0.73828125,1,2
4,594,0.03990745544433594,0.03990745544433594,0.77734375,3,5
4,595,0.011356711387634277,0.011356711387634277,0.91015625,1,2
4,596,0.011476516723632812,0.011476516723632812,0.88671875,1,2
4,597,0.009235978126525879,0.009235978126525879,0.890625,3,4
4,598,0.07919954624958338,0.08093845844268799,0.69140625,1,3
4,599,0.004742860794067383,0.004742860794067383,0.93359375,3,6
4,600,0.04065823554992676,0.04065823554992676,0.78125,1,1
4,601,0.07969911745749415,0.07985508441925049,0.69921875,1,3
4,602,0.02523505687713623,0.02523505687713623,0.82421875,2,5
4,603,0.03185725212097168,0.03185725212097168,0.78515625,1,3
4,604,0.04481160640716553,0.04481160640716553,0.7734375,1,3
4,605,0.0175933837890625,0.0175933837890625,0.859375,1,2
4,606,0.03125333786010742,0.03125333786010742,0.80078125,1,1
4,607,0.040116190910339355,0.040116190910339355,0.78515625,1,2
4,608,0.024464726448059082,0.024464726448059082,0.85546875,1,2
4,609,0.04003065824508667,0.04003065824508667,0.78125,1,0
4,610,0.02793896198272705,0.02793896198272705,0.8515625,1,4
4,611,0.05651611089706421,0.05651611089706421,0.7578125,1,4
4,612,0.017902493476867676,0.017902493476867676,0.8671875,1,2
4,613,0.01997208595275879,0.01997208595275879,0.8671875,1,1
4,614,0.08002707606647165,0.08018368482589722,0.69921875,1,1
4,615,0.013225913047790527,0.013225913047790527,0.8828125,1,2
4,616,0.03844118118286133,0.03844118118286133,0.78515625,2,5
4,617,0.03614199161529541,0.03614199161529541,0.8046875,1,3
4,618,0.04615747928619385,0.04615747928619385,0.76171875,1,3
4,619,0.05205869674682617,0.05205869674682617,0.73828125,1,2
4,620,0.04602324962615967,0.04602324962615967,0.7890625,1,2
4,621,0.08617393928579987,0.0880659818649292,0.69140625,1,3
4,622,0.07899055851157756,0.09383565187454224,0.63671875,1,2
4,623,0.005371809005737305,0.005371809005737305,0.92578125,1,3
4,624,0.03680980205535889,0.03680980205535889,0.7890625,1,2
4,625,0.010214924812316895,0.010214924812316895,0.88671875,1,1
4,626,0.014680683612823486,0.014680683612823486,0.87109375,1,1
4,627,0.01791989803314209,0.01791989803314209,0.8671875,1,1
4,628,0.03540301322937012,0.03540301322937012,0.7734375,1,4
4,629,0.0318760871887207,0.0318760871887207,0.83203125,2,3
4,630,0.039990782737731934,0.039990782737731934,0.77734375,1,1
4,631,0.03676605224609375,0.03676605224609375,0.77734375,2,5
4,632,0.008048772811889648,0.008048772811889648,0.90625,1,1
4,633,0.025897562503814697,0.025897562503814697,0.8125,1,1
4,634,0.07671499252319336,0.07671499252319336,0.703125,1,3
4,635,0.08454496972262861,0.08727222681045532,0.6875,1,3
4,636,0.040250182151794434,0.040250182151794434,0.78125,2,4
4,637,0.015296339988708496,0.015296339988708496,0.87109375,1,3
4,638,0.06623526546172799,0.06636488437652588,0.69921875,1,3
4,639,0.08406742615625264,0.11601758003234863,0.58984375,1,3
4,640,0.015945792198181152,0.015945792198181152,0.8671875,1,2
4,641,0.003989517688751221,0.003989517688751221,0.94140625,1,2
4,642,0.01782822608947754,0.01782822608947754,0.8671875,1,3
4,643,0.011284232139587402,0.011284232139587402,0.88671875,1,1
4,644,0.023909032344818115,0.023909032344818115,0.875,1,1
4,645,0.039689600467681885,0.039689600467681885,0.77734375,1,4
4,646,0.03196001052856445,0.03196001052856445,0.8046875,1,1
4,647,0.018652260303497314,0.018652260303497314,0.8671875,1,1
4,648,0.0665593147277832,0.0665593147277832,0.74609375,1,3
4,649,0.03099381923675537,0.03099381923675537,0.80078125,2,5
4,650,0.04693186283111572,0.04693186283111572,0.8046875,1,3
4,651,0.01787745952606201,0.01787745952606201,0.87109375,1,3
4,652,0.07571214437484741,0.07571214437484741,0.71484375,1,3
4,653,0.030376553535461426,0.030376553535461426,0.84375,1,2
4,654,0.04009044170379639,0.04009044170379639,0.77734375,1,1
4,655,0.04109311103820801,0.04109311103820801,0.7734375,1,2
4,434,0.10139022022485734,0.11139869689941406,0.6640625,1,4
4,525,0.10096994088962676,0.10318684577941895,0.69140625,1,4
4,656,0.00593799352645874,0.00593799352645874,0.91796875,1,2
4,657,0.028726708609610803,0.13250517845153809,0.38671875,2,5
4,658,0.05787495337426664,0.10010802745819092,0.53125,1,2
4,659,0.04765164852142334,0.04765164852142334,0.74609375,1,2
4,660,0.0432131290435791,0.0432131290435791,0.78515625,1,2
4,661,0.005783200263977051,0.005783200263977051,0.921875,2,4
4,662,0.003890395164489746,0.003890395164489746,0.953125,1,3
4,663,0.02325618267059326,0.02325618267059326,0.83984375,1,3
4,664,0.037421584129333496,0.037421584129333496,0.78515625,1,3
4,665,0.06492990255355835,0.06492990255355835,0.74609375,1,2
4,666,0.08684936049394311,0.1231769323348999,0.58203125,2,2
4,667,0.06138789653778076,0.06138789653778076,0.7421875,1,2
4,668,0.04516005516052246,0.04516005516052246,0.7734375,1,3
4,669,0.07677758485078813,0.10740470886230469,0.5859375,1,4
4,670,0.06976174074225129,0.13427823781967163,0.5078125,1,2
4,671,0.061474801157601185,0.062824547290802,0.69140625,1,2
4,672,0.032552860211581,0.15723645687103271,0.3828125,1,3
4,673,0.008042097091674805,0.008042097091674805,0.91015625,2,5
4,674,0.06439409544691445,0.07075059413909912,0.6640625,1,3
4,675,0.08071466628462078,0.13077819347381592,0.546875,1,3
4,676,0.056093635037541396,0.16318148374557495,0.4375,1,2
4,677,0.033825039863586426,0.033825039863586426,0.78515625,1,3
4,678,0.03781545162200928,0.03781545162200928,0.80078125,1,3
4,679,0.012678742408752441,0.012678742408752441,0.8828125,1,3
4,680,0.012722492218017578,0.012722492218017578,0.87890625,1,4
4,681,0.09101357497274877,0.09394949674606323,0.6875,1,3
4,682,0.0255887508392334,0.0255887508392334,0.86328125,1,3
4,683,0.07884031534194946,0.07884031534194946,0.72265625,2,5
4,684,0.07591772079467773,0.07591772079467773,0.765625,1,4
4,685,0.04861364699900151,0.11523234844207764,0.46875,2,2
4,686,0.011228322982788086,0.011228322982788086,0.90234375,1,3
4,687,0.012724518775939941,0.012724518775939941,0.87890625,1,2
4,688,0.0680736852809787,0.12628161907196045,0.515625,1,2
4,689,0.01336208288557828,0.1668630838394165,0.33203125,1,2
4,690,0.04588139057159424,0.04588139057159424,0.76953125,2,4
4,691,0.03028714656829834,0.03028714656829834,0.81640625,1,2
4,692,0.012725532054901123,0.012725532054901123,0.87890625,1,3
4,693,0.06889402866363525,0.06889402866363525,0.73046875,1,3
4,694,0.05068635940551758,0.05068635940551758,0.7578125,1,3
4,695,0.04919695854187012,0.04919695854187012,0.7734375,1,3
4,696,0.0,0.20961618423461914,0.28125,1,3
4,697,0.005981015041470533,0.19139248132705688,0.3125,1,2
4,698,0.07008588314056396,0.07008588314056396,0.74609375,1,2
4,699,0.0,0.2025524377822876,0.25,1,4
4,700,0.012722373008728027,0.012722373008728027,0.87890625,1,3
4,701,0.009970713872462515,0.1418057084083557,0.328125,1,3
4,702,0.10417795181274414,0.10417795181274414,0.70703125,1,3
4,703,0.02998805046081543,0.02998805046081543,0.8125,1,2
4,704,0.011610627174377441,0.011610627174377441,0.8828125,1,3
4,705,0.04380983114242554,0.04380983114242554,0.80078125,1,3
4,706,0.06771033606491984,0.1568673849105835,0.47265625,1,4
4,707,0.07246339914854617,0.09252184629440308,0.61328125,2,4
4,708,0.08914625644683838,0.08914625644683838,0.71875,2,3
4,709,0.04668844095431269,0.11329138278961182,0.46484375,1,3
4,710,0.03461110591888428,0.03461110591888428,0.79296875,2,2
4,711,0.08135507907718421,0.10259556770324707,0.6171875,1,4
4,712,0.06087860709521921,0.10355430841445923,0.53515625,1,2
4,713,0.025807664263993505,0.17386215925216675,0.359375,1,3
4,714,0.05341628950554878,0.16987043619155884,0.42578125,1,3
4,715,0.010059475898742676,0.010059475898742676,0.91015625,1,4
4,716,0.08001790661364795,0.17359817028045654,0.484375,1,3
4,717,0.04229241609573364,0.04229241609573364,0.7890625,1,3
4,718,0.0,0.177814781665802,0.296875,1,3
4,719,0.01267164945602417,0.01267164945602417,0.8828125,1,4
4,720,0.02770992286968977,0.15590637922286987,0.37109375,1,2
4,721,0.09298548102378847,0.1079559326171875,0.64453125,2,5
4,722,0.013610422611236572,0.013610422611236572,0.8671875,1,2
4,723,0.0011805295944213867,0.0011805295944213867,0.97265625,1,3
4,724,0.0,0.1853664517402649,0.2890625,3,6
4,725,0.07400118513032795,0.12182831764221191,0.54296875,1,2
4,726,0.03840015491005034,0.13020449876785278,0.41796875,1,3
4,727,0.050492167472839355,0.050492167472839355,0.76953125,1,1
4,728,0.060360207920894034,0.0604783296585083,0.69921875,2,3
4,729,0.08001047372817993,0.08001047372817993,0.74609375,1,4
4,730,0.029979385435581218,0.1598900556564331,0.375,1,3
4,731,0.06722104549407959,0.06722104549407959,0.7109375,2,3
4,732,0.03731191158294678,0.03731191158294678,0.79296875,1,4
4,733,0.037897706031799316,0.037897706031799316,0.8046875,2,3
4,734,0.031330406665802,0.031330406665802,0.81640625,1,2
5,434,0.0874662888236344,0.11601746082305908,0.6015625,1,4
5,621,0.0779098877683282,0.08943915367126465,0.6484375,1,3
5,735,0.07058492582291366,0.07072305679321289,0.69921875,1,2
5,736,0.03892141766846181,0.14133167266845703,0.41015625,1,2
5,737,0.050499558448791504,0.050499558448791504,0.7578125,1,3
5,738,0.016004979610443115,0.016004979610443115,0.89453125,1,2
5,739,0.08193421084433795,0.09621632099151611,0.640625,1,3
5,740,0.027223825454711914,0.027223825454711914,0.828125,1,3
5,741,0.03482639789581299,0.03482639789581299,0.80078125,1,2
5,742,0.006963074207305908,0.006963074207305908,0.90625,1,1
5,743,0.028432981111109267,0.1599745750427246,0.37109375,1,3
5,744,0.06773201539181174,0.07441800832748413,0.6640625,1,3
5,745,0.017843902111053467,0.017843902111053467,0.8515625,1,3
5,746,0.028584003448486328,0.028584003448486328,0.828125,2,3
5,747,0.012188255786895752,0.012188255786895752,0.890625,2,4
5,748,0.011736750602722168,0.011736750602722168,0.90234375,1,3
5,749,0.046754924696870155,0.1486864686012268,0.42578125,1,3
5,750,0.0,0.22332489490509033,0.22265625,1,3
5,751,0.06494349241256714,0.06494349241256714,0.73046875,1,4
5,752,0.029934397200122486,0.16842210292816162,0.37109375,1,4
5,753,0.0,0.18574464321136475,0.296875,1,3
5,754,0.0615077018737793,0.0615077018737793,0.7421875,1,3
5,755,0.09421033412218095,0.11595118045806885,0.625,1,3
5,756,0.0851502623409033,0.1023402214050293,0.6328125,1,3
5,757,0.07131799194030465,0.13727372884750366,0.5078125,1,4
5,758,0.014734745025634766,0.014734745025634766,0.87890625,1,1
5,759,0.06588686211034657,0.1343986988067627,0.49609375,1,3
5,760,0.07328269002027811,0.08912289142608643,0.62890625,1,3
5,761,0.05306078679859639,0.11511492729187012,0.484375,1,3
5,762,0.008292675018310547,0.008292675018310547,0.90625,2,5
5,763,0.07666721125133337,0.08334100246429443,0.66796875,1,3
5,764,0.00366055965423584,0.00366055965423584,0.9453125,1,1
5,765,0.0,0.26161062717437744,0.125,2,4
5,766,0.07763790898025037,0.08350968360900879,0.671875,1,3
5,767,0.07357556698843838,0.07672238349914551,0.68359375,1,2
5,768,0.08811778575181962,0.13427472114562988,0.5625,1,4
5,769,0.0,0.21667373180389404,0.21875,1,4
5,770,0.022469639778137207,0.022469639778137207,0.85546875,1,4
5,771,0.07818374410271646,0.08498954772949219,0.66796875,1,4
5,772,0.0624735951423645,0.0624735951423645,0.7109375,1,3
5,773,0.08163468155544253,0.08874088525772095,0.66796875,1,3
5,774,0.017612934112548828,0.017612934112548828,0.859375,2,4
5,775,0.006064355373382568,0.006064355373382568,0.921875,2,3
5,776,0.013265252113342285,0.013265252113342285,0.87890625,1,2
5,777,0.08082832815125586,0.11307132244110107,0.5859375,1,3
5,778,0.012584686279296875,0.012584686279296875,0.8828125,1,2
5,779,0.09028203017078341,0.0991939902305603,0.6640625,1,2
5,780,0.05334186553955078,0.05334186553955078,0.73828125,1,1
5,781,0.020279884338378906,0.020279884338378906,0.84765625,2,4
5,782,0.07293788180686535,0.12203985452651978,0.5390625,1,3
5,783,0.004065036773681641,0.004065036773681641,0.94140625,1,2
5,784,0.0736604672856629,0.07380461692810059,0.69921875,1,3
5,785,0.044184088706970215,0.044184088706970215,0.79296875,1,1
5,786,0.0749086606083438,0.13648837804794312,0.51953125,2,5
5,787,0.035552263259887695,0.035552263259887695,0.76953125,1,2
5,788,0.019225597381591797,0.019225597381591797,0.859375,2,4
5,789,0.07911150623112918,0.08882695436477661,0.65625,1,4
5,790,0.001962423324584961,0.001962423324584961,0.9609375,2,5
5,791,0.003930985927581787,0.003930985927581787,0.9375,1,2
5,792,0.05755860451608897,0.13643521070480347,0.46875,1,3
5,793,0.018597722053527832,0.018597722053527832,0.875,1,3
5,794,0.0,0.20567363500595093,0.1953125,1,2
5,795,0.025712251663208008,0.025712251663208008,0.82421875,1,1
5,796,0.07851446862332524,0.08357465267181396,0.67578125,1,3
5,797,0.03356456756591797,0.03356456756591797,0.76171875,1,3
5,798,0.06908237934112549,0.06908237934112549,0.7109375,1,4
5,799,0.04717594385147095,0.04717594385147095,0.78125,2,3
5,800,0.03224790096282959,0.03224790096282959,0.7890625,1,0
5,801,0.06634748890064658,0.11673510074615479,0.52734375,1,4
5,802,0.03827059268951416,0.03827059268951416,0.7578125,2,4
5,803,0.07754072779789568,0.08901536464691162,0.6484375,1,4
5,804,0.05431853141635658,0.09897184371948242,0.51953125,1,3
5,702,0.0895143485395238,0.10886305570602417,0.62890625,1,3
5,525,0.0884365481324494,0.11152589321136475,0.6171875,1,4
5,805,0.012942731380462646,0.012942731380462646,0.89453125,2,6
5,806,0.0,0.23852062225341797,0.16796875,3,6
5,807,0.019748210906982422,0.019748210906982422,0.84765625,1,1
5,808,0.009941399097442627,0.009941399097442627,0.890625,1,2
5,809,0.04004913568496704,0.04004913568496704,0.79296875,2,4
5,810,0.044510841369628906,0.044510841369628906,0.73046875,2,1
5,811,0.038310229778289795,0.038310229778289795,0.80078125,2,1
5,812,0.07986802514642478,0.08081507682800293,0.6953125,1,3
5,813,0.05266488855704666,0.13089525699615479,0.4609375,2,2
5,814,0.01822000741958618,0.01822000741958618,0.859375,2,5
5,815,0.010425925254821777,0.010425925254821777,0.90625,1,3
5,816,0.04632282257080078,0.04632282257080078,0.78515625,2,3
5,817,0.011169075965881348,0.011169075965881348,0.921875,1,2
5,818,0.004108428955078125,0.004108428955078125,0.93359375,2,2
5,819,0.04168558120727539,0.04168558120727539,0.7421875,1,1
5,820,0.0587284176144749,0.06667172908782959,0.65234375,1,2
5,821,0.06747406721115112,0.06747406721115112,0.70703125,1,2
5,822,0.052054643630981445,0.052054643630981445,0.77734375,2,5
5,823,0.06871829763986172,0.1168895959854126,0.53515625,1,1
5,824,0.0599743127822876,0.0599743127822876,0.7734375,1,2
5,825,0.013155937194824219,0.013155937194824219,0.890625,1,3
5,826,0.03533683717250825,0.13303279876708984,0.40625,1,3
5,827,0.0833471763180569,0.10382908582687378,0.62109375,1,1
5,828,0.08353286329656841,0.13534438610076904,0.546875,2,3
5,829,0.04914027359336615,0.11648064851760864,0.46875,1,2
5,830,0.07142719184048475,0.11392748355865479,0.55078125,1,3
5,831,0.029601335525512695,0.029601335525512695,0.828125,2,2
5,832,0.06552214827388526,0.07047760486602783,0.671875,1,1
5,833,0.010320782661437988,0.010320782661437988,0.90234375,1,2
5,834,0.062240704894065864,0.0698843002319336,0.65625,1,3
5,835,0.00901239505037666,0.17747485637664795,0.3203125,1,2
5,836,0.004851341247558594,0.004851341247558594,0.9296875,1,3
5,837,0.08189914003014566,0.10588979721069336,0.609375,1,2
5,838,0.07839000318199398,0.10818243026733398,0.58984375,1,2
5,839,0.0,0.3083811402320862,0.0703125,2,4
5,840,0.0,0.22187823057174683,0.26953125,1,2
5,841,0.0015686750411987305,0.0015686750411987305,0.96875,1,2
5,842,0.010202247649431236,0.20090579986572266,0.3203125,2,3
5,843,0.004537172149866826,0.21118474006652832,0.30859375,2,2
5,844,0.02526611089706421,0.02526611089706421,0.84375,1,2
5,845,0.08026913320645691,0.10510945320129395,0.60546875,1,4
5,846,0.06484060734510423,0.07980382442474365,0.625,2,5
5,847,0.08777893194928767,0.113491952419281,0.609375,1,4
5,848,0.07549422478768976,0.08035975694656372,0.67578125,1,2
5,849,0.07160606246907265,0.12180167436599731,0.53515625,1,3
5,850,0.013376355171203613,0.013376355171203613,0.89453125,1,2
5,851,0.011564016342163086,0.011564016342163086,0.89453125,1,3
5,852,0.057334367651492364,0.12707877159118652,0.48046875,1,2
5,853,0.07346916419919582,0.13880521059036255,0.51171875,1,3
5,854,0.012942731380462646,0.012942731380462646,0.89453125,1,3
5,855,0.0,0.2147102952003479,0.20703125,1,3
5,856,0.0537586808204651,0.10751736164093018,0.5,1,2
5,857,0.029934465885162354,0.029934465885162354,0.82421875,1,1
5,858,0.06105422973632814,0.107421875,0.52734375,1,2
5,859,0.004259739536792046,0.1982715129852295,0.30859375,1,2
5,860,0.05528403818607331,0.0570673942565918,0.6875,3,3
5,861,0.044182790210470564,0.10236012935638428,0.47265625,2,1
5,862,0.01408822496887297,0.14143472909927368,0.33984375,2,4
5,863,0.030148446559906006,0.030148446559906006,0.83984375,2,4
5,864,0.04807712265755982,0.09083205461502075,0.51171875,2,3
5,865,0.038285136222839355,0.038285136222839355,0.76171875,1,3
5,866,0.07970667816698553,0.10051679611206055,0.6171875,1,2
5,867,0.07525134924799205,0.0818018913269043,0.66796875,1,3
5,868,0.08731067180633545,0.08731067180633545,0.70703125,1,3
5,869,0.013083815574645996,0.013083815574645996,0.8828125,2,5
5,870,0.06173067982308567,0.09268653392791748,0.56640625,2,5
5,871,0.06295603513717651,0.06295603513717651,0.7421875,1,3
5,872,0.07773489342071117,0.12208670377731323,0.5546875,1,2
5,873,0.07551417150534691,0.11338198184967041,0.56640625,1,1
5,874,0.00036633771378547474,0.1875649094581604,0.30078125,1,3
5,875,0.0,0.17372357845306396,0.28515625,2,3
5,876,0.06797659397125244,0.06797659397125244,0.70703125,2,4
5,877,0.0,0.23993241786956787,0.1484375,1,3
5,878,0.040969908237457275,0.040969908237457275,0.75,2,2
5,879,0.0,0.22146540880203247,0.29296875,1,2
5,880,0.05167341977357865,0.05228614807128906,0.6953125,1,1
6,702,0.0976506406441331,0.10182714462280273,0.68359375,1,3
6,828,0.1047240635380149,0.1244053840637207,0.63671875,2,3
6,881,0.012593746185302734,0.012593746185302734,0.91015625,1,1
6,882,0.0379713773727417,0.0379713773727417,0.8125,1,2
6,883,0.07293969392776489,0.07293969392776489,0.734375,2,2
6,884,0.0,0.19409078359603882,0.28515625,1,3
6,885,0.021873891353607178,0.021873891353607178,0.84765625,1,1
6,886,0.07301267725415529,0.11467021703720093,0.5546875,1,1
6,887,0.034473321866244085,0.1590120792388916,0.38671875,2,3
6,888,0.08173546579200776,0.1264306902885437,0.55859375,1,1
6,889,0.055571574135683484,0.15719693899154663,0.44140625,1,2
6,890,0.03436577320098877,0.03436577320098877,0.828125,1,2
6,891,0.010395526885986328,0.010395526885986328,0.90625,1,2
6,892,0.08630159683525564,0.08908551931381226,0.6875,1,2
6,893,0.07662484608590604,0.07909661531448364,0.6875,1,3
6,894,0.051659871707670404,0.0941275954246521,0.51953125,1,2
6,895,0.06612172373570503,0.075065016746521,0.65234375,1,2
6,896,0.03061676025390625,0.03061676025390625,0.8515625,1,2
6,897,0.06288540363311768,0.06288540363311768,0.7734375,1,2
6,898,0.0382726788520813,0.0382726788520813,0.8359375,1,3
6,899,0.042960110120475306,0.18961703777313232,0.390625,1,4
6,900,0.012593746185302734,0.012593746185302734,0.91015625,1,1
6,901,0.08621585718356074,0.12945020198822021,0.56640625,1,4
6,902,0.10902323783375324,0.17122668027877808,0.5546875,1,3
6,903,0.010210096836090088,0.010210096836090088,0.9140625,2,3
6,904,0.048531797714531436,0.1896815299987793,0.40234375,3,5
6,905,0.08114251866936685,0.08210468292236328,0.6953125,2,2
6,906,0.015279173851013184,0.015279173851013184,0.890625,1,1
6,907,0.09315333887934686,0.12356090545654297,0.6015625,1,2
6,908,0.016814589500427246,0.016814589500427246,0.87109375,1,1
6,909,0.03052544593811035,0.03052544593811035,0.8125,2,2
6,910,0.09326620842330159,0.15864551067352295,0.53515625,1,3
6,911,0.0,0.19182991981506348,0.28515625,1,2
6,912,0.00849902629852295,0.00849902629852295,0.9296875,1,3
6,913,0.020784735679626465,0.020784735679626465,0.8515625,1,0
6,914,0.019340574741363525,0.019340574741363525,0.890625,1,2
6,915,0.028910577297210693,0.028910577297210693,0.80859375,1,3
6,916,0.025411486625671387,0.025411486625671387,0.84375,1,2
6,917,0.018957853317260742,0.018957853317260742,0.86328125,2,2
6,918,0.05328559875488281,0.05328559875488281,0.71484375,2,2
6,919,0.09507710952311756,0.09716463088989258,0.69140625,2,3
6,920,0.07593589858151974,0.16830813884735107,0.48046875,1,2
6,921,0.07159745693206787,0.07159745693206787,0.7578125,1,3
6,922,0.07699054060503842,0.11392819881439209,0.5703125,1,3
6,923,0.0310211181640625,0.0310211181640625,0.85546875,1,2
6,924,0.07931281067430974,0.09313797950744629,0.640625,1,1
6,925,0.10074785642791541,0.13538819551467896,0.59765625,3,4
6,926,0.06165969371795654,0.06165969371795654,0.7734375,1,3
6,927,0.001970350742340088,0.001970350742340088,0.95703125,1,2
6,928,0.014271115651354199,0.1782149076461792,0.33203125,2,3
6,929,0.10104381851851942,0.1274247169494629,0.6171875,1,3
6,930,0.08571818529162557,0.11224478483200073,0.60546875,1,2
6,931,0.0513688181526959,0.11900830268859863,0.47265625,1,3
6,932,0.04576605558395386,0.04576605558395386,0.8203125,1,3
6,933,0.09360218886286022,0.134618878364563,0.578125,1,3
6,934,0.02784550189971924,0.02784550189971924,0.87109375,1,2
6,935,0.02938973903656006,0.02938973903656006,0.8203125,1,3
6,936,0.06650221347808838,0.06650221347808838,0.75390625,1,4
6,937,0.03583502769470215,0.03583502769470215,0.83984375,1,2
6,938,0.013916850090026855,0.013916850090026855,0.8984375,1,2
6,939,0.034275054931640625,0.034275054931640625,0.82421875,2,1
6,940,0.05689561367034912,0.05689561367034912,0.7578125,1,1
6,941,0.07325294008478524,0.07486128807067871,0.69140625,2,5
6,942,0.024282780010253194,0.1751096248626709,0.35546875,1,1
6,943,0.09284940967336298,0.09395039081573486,0.6953125,1,3
6,944,0.06356167793273926,0.06356167793273926,0.76171875,1,2
6,945,0.046456217765808105,0.046456217765808105,0.80078125,1,1
6,946,0.05509233474731445,0.05509233474731445,0.78125,1,2
6,947,0.09371586074121298,0.11965715885162354,0.61328125,1,3
6,948,0.0023876428604125977,0.0023876428604125977,0.94921875,1,2
6,755,0.10629135742783548,0.10972011089324951,0.6875,1,3
6,779,0.094471275806427,0.094471275806427,0.71484375,1,2
6,949,0.044628143310546875,0.044628143310546875,0.76171875,1,4
6,950,0.013190085534006362,0.18759232759475708,0.328125,2,3
6,951,0.014734745025634766,0.014734745025634766,0.90625,1,1
6,952,0.07360538304783405,0.10736739635467529,0.57421875,1,3
6,953,0.06497550010681152,0.06497550010681152,0.765625,1,2
6,954,0.00903928279876709,0.00903928279876709,0.9296875,2,5
6,955,0.0009808540344238281,0.0009808540344238281,0.95703125,1,3
6,956,0.003676295280456543,0.003676295280456543,0.9296875,2,3
6,957,0.015812218189239502,0.015812218189239502,0.921875,2,4
6,958,0.06789469718933107,0.1357893943786621,0.5,2,3
6,959,0.03582870960235596,0.03582870960235596,0.8203125,1,2
6,960,0.03347283601760864,0.03347283601760864,0.88671875,1,4
6,961,0.024525344371795654,0.024525344371795654,0.85546875,1,2
6,962,0.020734310150146484,0.020734310150146484,0.8828125,1,2
6,963,0.06963454838842155,0.14793729782104492,0.48828125,1,3
6,964,0.034762799739837646,0.034762799739837646,0.85546875,1,1
6,965,0.03372323513031006,0.03372323513031006,0.81640625,1,3
6,966,0.06278969137929381,0.12808096408843994,0.49609375,1,1
6,967,0.04945802688598633,0.04945802688598633,0.81640625,1,3
6,968,0.07191967964172363,0.07191967964172363,0.7265625,1,3
6,969,0.09515668428502978,0.10802710056304932,0.65234375,1,4
6,970,0.01798999309539795,0.01798999309539795,0.890625,1,3
6,971,0.046810150146484375,0.046810150146484375,0.77734375,1,3
6,972,0.08481439389288427,0.0875503420829773,0.6875,1,1
6,973,0.009867489337921143,0.009867489337921143,0.9140625,1,3
6,974,0.09305429784581067,0.10115456581115723,0.66796875,1,4
6,975,0.09847300371620805,0.13589805364608765,0.58984375,2,5
6,976,0.0492786169052124,0.0492786169052124,0.8125,1,1
6,977,0.018762588500976562,0.018762588500976562,0.87109375,1,2
6,978,0.014832735061645508,0.014832735061645508,0.88671875,1,3
6,979,0.015005648136138916,0.015005648136138916,0.87890625,1,3
6,980,0.07209563255310059,0.07209563255310059,0.76953125,1,4
6,981,0.05258524417877197,0.05258524417877197,0.796875,1,2
6,982,0.0845841388218105,0.11832535266876221,0.5859375,1,4
6,983,0.07137793628498913,0.14002108573913574,0.50390625,1,4
6,984,0.04013544321060181,0.04013544321060181,0.75,1,2
6,985,0.006257414817810059,0.006257414817810059,0.94140625,1,2
6,986,0.09055219287984075,0.09949082136154175,0.6640625,1,4
6,987,0.08252129168249668,0.09918051958084106,0.6328125,2,4
6,988,0.006761312484741211,0.006761312484741211,0.9375,1,3
6,989,0.02823615074157715,0.02823615074157715,0.87109375,2,5
6,990,0.07276260852813721,0.07276260852813721,0.76953125,1,3
6,991,0.025386452674865723,0.025386452674865723,0.83984375,1,3
6,992,0.07874154578894378,0.10581541061401367,0.59765625,1,1
6,993,0.07996499538421631,0.07996499538421631,0.7109375,1,3
6,994,0.03611248731613159,0.03611248731613159,0.76953125,1,2
6,995,0.10216790344566108,0.11728692054748535,0.6484375,1,2
6,996,0.025892317295074463,0.025892317295074463,0.87109375,2,5
6,997,0.07607253442984076,0.12133687734603882,0.55078125,1,3
6,998,0.026259183883666992,0.026259183883666992,0.859375,1,3
6,999,0.03357899188995361,0.03357899188995361,0.859375,1,4
6,1000,0.028623223304748535,0.028623223304748535,0.8671875,1,3
6,1001,0.02715444564819336,0.02715444564819336,0.828125,1,4
6,1002,0.034745028475299485,0.16782504320144653,0.3828125,1,4
6,1003,0.0032001733779907227,0.0032001733779907227,0.9453125,1,3
6,1004,0.013240814208984375,0.013240814208984375,0.8984375,1,1
6,1005,0.105774067575112,0.1070283055305481,0.6953125,1,3
6,1006,0.03028017282485962,0.03028017282485962,0.8671875,1,2
6,1007,0.01679319143295288,0.01679319143295288,0.87890625,1,2
6,1008,0.05610778718255461,0.1429213285446167,0.45703125,1,2
6,1009,0.0645303293131292,0.13430702686309814,0.4921875,1,2
6,1010,0.009008407592773438,0.009008407592773438,0.9375,1,3
6,1011,0.03354477882385254,0.03354477882385254,0.80859375,2,3
6,1012,0.09235880803316833,0.09729981422424316,0.6796875,2,4
6,1013,0.027541522984392948,0.19860929250717163,0.35546875,1,3
6,1014,0.07415142841637136,0.17576634883880615,0.46875,1,3
6,1015,0.06448167562484741,0.06448167562484741,0.734375,2,4
6,1016,0.08866623137146236,0.09537208080291748,0.671875,1,3
6,1017,0.043046772480010986,0.043046772480010986,0.83203125,1,3
6,1018,0.056348443031311035,0.056348443031311035,0.77734375,1,1
6,1019,0.020987749099731445,0.020987749099731445,0.890625,1,2
6,1020,0.04374627023935319,0.18510818481445312,0.39453125,1,3
6,1021,0.006929874420166016,0.006929874420166016,0.93359375,2,4
6,1022,0.02305591106414795,0.02305591106414795,0.8828125,1,4
6,1023,0.055889010429382324,0.055889010429382324,0.8046875,2,5
6,1024,0.09218900557607414,0.12228178977966309,0.6015625,2,4
6,1025,0.08082419633865356,0.08082419633865356,0.76171875,1,4
6,1026,0.042987048625946045,0.042987048625946045,0.828125,1,2
7,828,0.08938251808285715,0.1403799057006836,0.5546875,2,3
7,929,0.0936389946145937,0.14484339952468872,0.55859375,1,3
7,1027,0.10283035167958589,0.10945767164230347,0.67578125,2,4
7,1028,0.10024603083729745,0.15275585651397705,0.5625,2,3
7,1029,0.03656971454620361,0.03656971454620361,0.80859375,1,2
7,1030,0.03749573230743408,0.03749573230743408,0.8125,1,2
7,1031,0.05500882863998413,0.05500882863998413,0.8046875,2,3
7,1032,0.017217814922332764,0.017217814922332764,0.8828125,1,3
7,1033,0.013906915206462154,0.22968840599060059,0.32421875,3,5
7,1034,0.028690695762634277,0.028690695762634277,0.8515625,2,3
7,1035,0.07047920371405782,0.17102062702178955,0.46484375,2,5
7,1036,0.054872095584869385,0.054872095584869385,0.72265625,3,3
7,1037,0.013519585132598877,0.013519585132598877,0.90234375,2,2
7,1038,0.06989465863443912,0.18736159801483154,0.44921875,1,2
7,1039,0.07726752758026123,0.07726752758026123,0.7421875,1,3
7,1040,0.09518621093593539,0.14085358381271362,0.5703125,2,4
7,1041,0.021603405475616455,0.021603405475616455,0.86328125,3,4
7,1042,0.09222841262817383,0.09222841262817383,0.70703125,2,2
7,1043,0.04956176970154048,0.18658548593521118,0.40625,2,3
7,1044,0.0032820701599121094,0.0032820701599121094,0.93359375,2,5
7,1045,0.09754958376288415,0.09969139099121094,0.69140625,3,5
7,1046,0.09265553951263428,0.09265553951263428,0.73046875,3,3
7,1047,0.042763590812683105,0.042763590812683105,0.765625,2,2
7,1048,0.021132898516953002,0.2121577262878418,0.33984375,2,3
7,1049,0.07651840895414354,0.14728355407714844,0.5078125,2,3
7,1050,0.0,0.23964393138885498,0.23828125,3,4
7,1051,0.00494617223739624,0.00494617223739624,0.94140625,3,3
7,1052,0.09118599712383003,0.09136444330215454,0.69921875,1,2
7,1053,0.021762609481811523,0.021762609481811523,0.87109375,3,4
7,1054,0.0177462100982666,0.0177462100982666,0.86328125,3,4
7,1055,0.04804735328070821,0.18778812885284424,0.40234375,2,3
7,1056,0.03739231824874878,0.03739231824874878,0.8359375,3,5
7,1057,0.026071131229400635,0.026071131229400635,0.8671875,3,4
7,1058,0.04660320281982422,0.04660320281982422,0.78515625,2,4
7,1059,0.07127292396035047,0.09332925081253052,0.60546875,1,2
7,1060,0.07941987249068917,0.17992466688156128,0.4765625,1,2
7,1061,0.09134525770787151,0.12606137990951538,0.58984375,2,4
7,1062,0.09028635174036027,0.18416976928710938,0.49609375,4,6
7,1063,0.028571486473083496,0.028571486473083496,0.86328125,1,3
7,1064,0.084096422418952,0.0876932144165039,0.68359375,2,2
7,1065,0.021654943004250537,0.21739864349365234,0.33984375,3,3
7,1066,0.022167086601257324,0.022167086601257324,0.86328125,1,2
7,1067,0.014541029930114746,0.014541029930114746,0.88671875,3,3
7,1068,0.010119438171386719,0.010119438171386719,0.90234375,3,4
7,1069,0.08764375699684025,0.13979315757751465,0.55078125,2,4
7,1070,0.06441867351531982,0.06441867351531982,0.76953125,1,4
7,1071,0.059133745729923255,0.17202544212341309,0.4375,2,4
7,1072,0.039897799491882324,0.039897799491882324,0.77734375,1,2
7,1073,0.0636129379272461,0.0636129379272461,0.7578125,2,3
7,1074,0.08453327417373657,0.08453327417373657,0.72265625,1,1
7,1075,0.0560455322265625,0.0560455322265625,0.75390625,2,4
7,1076,0.07682055234909058,0.07682055234909058,0.73828125,2,1
7,1077,0.06475851451978089,0.1017066240310669,0.5546875,2,6
7,1078,0.0,0.24281960725784302,0.2734375,1,3
7,1079,0.10204866761341692,0.14083266258239746,0.58984375,3,4
7,902,0.10367112956009808,0.19586575031280518,0.51171875,1,3
7,755,0.09930691251065583,0.12077230215072632,0.62890625,1,3
7,1080,0.07418167591094971,0.07418167591094971,0.73828125,2,4
7,1081,0.04061768855899574,0.2059035301208496,0.37890625,1,4
7,1082,0.03434264659881592,0.03434264659881592,0.8125,2,4
7,1083,0.014418601989746094,0.014418601989746094,0.88671875,1,2
7,1084,0.04029577970504761,0.04029577970504761,0.80078125,1,2
7,1085,0.05116391181945801,0.05116391181945801,0.80859375,1,3
7,1086,0.00880730152130127,0.00880730152130127,0.91796875,1,2
7,1087,0.021079599857330322,0.021079599857330322,0.8828125,2,4
7,1088,0.03798872977495195,0.20260655879974365,0.375,1,3
7,1089,0.02948439121246338,0.02948439121246338,0.84375,1,2
7,1090,0.0048449039459228516,0.0048449039459228516,0.94140625,1,3
7,1091,0.0968142745550722,0.12361323833465576,0.61328125,1,4
7,1092,0.05520170694217087,0.20044875144958496,0.41015625,1,4
7,1093,0.05999499559402466,0.05999499559402466,0.78125,1,3
7,1094,0.011756360530853271,0.011756360530853271,0.90234375,1,3
7,1095,0.07111569773405792,0.11522543430328369,0.546875,1,2
7,1096,0.08320605754852295,0.08320605754852295,0.734375,1,2
7,1097,0.07957572862505914,0.09135150909423828,0.6484375,1,1
7,1098,0.04350638389587402,0.04350638389587402,0.8046875,1,1
7,1099,0.014889717102050781,0.014889717102050781,0.91015625,1,3
7,1100,0.05442655086517334,0.05442655086517334,0.79296875,1,2
7,1101,0.03592592477798462,0.03592592477798462,0.8203125,1,2
7,1102,0.08963024197146298,0.11888778209686279,0.6015625,1,3
7,1103,0.03610539436340332,0.03610539436340332,0.8125,1,2
7,1104,0.039708332857117064,0.1680220365524292,0.39453125,1,3
7,1105,0.0864478941075504,0.091072678565979,0.6796875,1,2
7,1106,0.06853890419006348,0.06853890419006348,0.75,1,3
7,1107,0.01787126064300537,0.01787126064300537,0.87109375,1,3
7,1108,0.07644468545913696,0.07644468545913696,0.73046875,1,3
7,1109,0.08324882481247188,0.14399796724319458,0.53125,1,3
7,1110,0.052590370178222656,0.052590370178222656,0.78125,1,4
7,1111,0.02055811882019043,0.02055811882019043,0.86328125,1,4
7,1112,0.0342252254486084,0.0342252254486084,0.82421875,1,2
7,1113,0.036003828048706055,0.036003828048706055,0.80859375,2,4
7,1114,0.08807592908851804,0.13224303722381592,0.56640625,1,3
7,1115,0.04990553855895996,0.04990553855895996,0.765625,1,2
7,1116,0.02653747797012329,0.02653747797012329,0.84375,1,3
7,1117,0.031380046159029014,0.21140241622924805,0.359375,1,2
7,1118,0.021376738557592045,0.2146056890487671,0.33984375,1,3
7,1119,0.0454859733581543,0.0454859733581543,0.7890625,2,3
7,1120,0.014415860176086426,0.014415860176086426,0.8828125,1,2
7,1121,0.07900739810429515,0.09963494539260864,0.6171875,2,3
7,1122,0.013525128364562988,0.013525128364562988,0.8984375,1,2
7,1123,0.0980470832437277,0.1300520896911621,0.6015625,1,3
7,1124,0.027813971042633057,0.027813971042633057,0.84765625,1,2
7,1125,0.08029419183731079,0.08029419183731079,0.7578125,1,2
7,1126,0.010673999786376953,0.010673999786376953,0.9140625,1,3
7,1127,0.09538325760513545,0.10259711742401123,0.671875,1,3
7,1128,0.02476280927658081,0.02476280927658081,0.859375,2,3
7,1129,0.029842913150787354,0.029842913150787354,0.8359375,1,2
7,1130,0.012766063213348389,0.012766063213348389,0.89453125,1,3
7,1131,0.02701747417449951,0.02701747417449951,0.83984375,1,2
7,1132,0.08748407813254745,0.12407714128494263,0.58203125,1,3
7,1133,0.04396712779998779,0.04396712779998779,0.796875,1,3
7,1134,0.007402539253234863,0.007402539253234863,0.91796875,1,4
7,1135,0.05004352331161499,0.05004352331161499,0.765625,1,1
7,1136,0.004136502742767334,0.004136502742767334,0.93359375,1,0
7,1137,0.054560303688049316,0.054560303688049316,0.76171875,2,3
7,1138,0.06601165607571603,0.06746101379394531,0.69140625,1,2
7,1139,0.08371913549490274,0.1472996473312378,0.52734375,2,4
7,1140,0.08467734220903368,0.13098126649856567,0.55859375,1,2
7,1141,0.008451461791992188,0.008451461791992188,0.91015625,1,3
7,1142,0.035575270652770996,0.035575270652770996,0.8515625,1,3
7,1143,0.054640769958496094,0.054640769958496094,0.76953125,1,4
7,1144,0.00032454729080200195,0.00032454729080200195,0.984375,2,3
7,1145,0.02515244483947754,0.02515244483947754,0.828125,2,3
7,1146,0.024483598070219166,0.20550167560577393,0.34765625,1,2
7,1147,0.033336520195007324,0.033336520195007324,0.83984375,1,4
7,1148,0.028879044228233404,0.20825451612472534,0.35546875,1,2
7,1149,0.06549394130706787,0.06549394130706787,0.75390625,2,4
7,1150,0.04472553730010986,0.04472553730010986,0.7890625,1,2
7,1151,0.06027364730834961,0.06027364730834961,0.7265625,1,2
7,1152,0.09079655539244415,0.17476630210876465,0.5078125,1,2
7,1153,0.07793925236910583,0.0936734676361084,0.6328125,1,2
7,1154,0.09278749674558641,0.11419999599456787,0.625,2,3
7,1155,0.10969105223193766,0.1623173952102661,0.5703125,1,2
7,1156,0.008738279342651367,0.008738279342651367,0.9375,1,3
7,1157,0.00885915756225586,0.00885915756225586,0.91015625,2,4
7,1158,0.0312504768371582,0.0312504768371582,0.828125,1,1
7,1159,0.0824506636708975,0.15295195579528809,0.515625,1,3
7,1160,0.05953332409262658,0.17318785190582275,0.4375,1,3
7,1161,0.014433205127716064,0.014433205127716064,0.890625,1,2
7,1162,0.041945040225982666,0.041945040225982666,0.7890625,1,2
7,1163,0.07344106305390598,0.10000485181808472,0.59375,1,2
7,1164,0.015949010848999023,0.015949010848999023,0.88671875,1,1
7,1165,0.01237475872039795,0.01237475872039795,0.90234375,1,2
7,1166,0.0,0.2530422806739807,0.265625,2,4
7,1167,0.10233867168426514,0.10233867168426514,0.72265625,1,2
7,1168,0.05524772149510683,0.1937454342842102,0.4140625,1,4
7,1169,0.059118309058249004,0.1627342700958252,0.4453125,2,4
7,1170,0.10430374753195794,0.12390607595443726,0.63671875,1,3
7,1171,0.022538721561431885,0.022538721561431885,0.87890625,2,5
7,1172,0.04278988507576288,0.2066832184791565,0.3828125,1,4
8,1027,0.09202747885137798,0.10564589500427246,0.6484375,2,4
8,1079,0.09685649001039566,0.12682998180389404,0.60546875,3,4
8,1173,0.09426698461174966,0.14364492893218994,0.5625,1,1
8,1174,0.027861058712005615,0.027861058712005615,0.875,2,2
8,1175,0.062399864196777344,0.062399864196777344,0.77734375,2,3
8,1176,0.009273767471313477,0.009273767471313477,0.93359375,3,4
8,1177,0.038224965333938606,0.15532684326171875,0.3984375,2,2
8,1178,0.011319398880004883,0.011319398880004883,0.9140625,3,3
8,1179,0.004482388496398926,0.004482388496398926,0.96484375,4,3
8,1180,0.0906552920350805,0.1187097430229187,0.60546875,4,5
8,1181,0.033777713775634766,0.033777713775634766,0.83984375,3,4
8,1182,0.015228688716888428,0.015228688716888428,0.9296875,3,3
8,1183,0.040256619453430176,0.040256619453430176,0.79296875,3,3
8,1184,0.005226731300354004,0.005226731300354004,0.9453125,3,4
8,1185,0.002419412136077881,0.002419412136077881,0.96875,2,4
8,1186,0.06756462296471001,0.0985558032989502,0.57421875,2,3
8,1187,0.07633810280822219,0.1621788740158081,0.48828125,4,7
8,1188,0.05894160270690918,0.05894160270690918,0.81640625,3,3
8,1189,0.08630973100662231,0.08630973100662231,0.7734375,2,3
8,1190,0.09689624793827535,0.11645746231079102,0.6328125,3,4
8,1191,0.04585230350494385,0.04585230350494385,0.8125,1,1
8,1192,0.0,0.2972598075866699,0.06640625,2,2
8,1193,0.04911243915557861,0.04911243915557861,0.796875,2,4
8,1194,0.07276433403603734,0.09528219699859619,0.60546875,2,4
8,1195,0.06363362073898315,0.06363362073898315,0.7890625,3,4
8,1196,0.048486997373402126,0.18253928422927856,0.40625,4,4
8,1197,0.11216065334156157,0.1348034143447876,0.6328125,2,3
8,1198,0.06434303196147086,0.11518752574920654,0.5234375,4,5
8,1199,0.0857003927230835,0.0857003927230835,0.734375,3,4
8,1200,0.00506514310836792,0.00506514310836792,0.953125,2,4
8,1201,0.08150433003902437,0.09151363372802734,0.65625,2,2
8,1202,0.11230042413808407,0.136574387550354,0.62890625,1,1
8,1203,0.011033296585083008,0.011033296585083008,0.92578125,3,6
8,1204,0.03387558180838824,0.12300920486450195,0.41015625,2,1
8,1205,0.04246717691421509,0.04246717691421509,0.74609375,2,4
8,1206,0.039518117904663086,0.039518117904663086,0.81640625,2,2
8,1207,0.040443599224090576,0.040443599224090576,0.828125,2,1
8,1208,0.027637720108032227,0.027637720108032227,0.8828125,2,3
8,1209,0.04661160707473755,0.04661160707473755,0.8203125,3,4
8,1210,0.09848852083086969,0.10821056365966797,0.6640625,2,4
8,1211,0.007303595542907715,0.007303595542907715,0.9296875,1,2
8,1212,0.03544425964355469,0.03544425964355469,0.84765625,3,2
8,1213,0.02402937412261963,0.02402937412261963,0.86328125,2,2
8,1214,0.02247333526611328,0.02247333526611328,0.890625,4,5
8,1215,0.0035982728004455566,0.0035982728004455566,0.96875,2,4
8,1216,0.0629552914761007,0.08806860446929932,0.5859375,2,3
8,1217,0.03727316856384277,0.03727316856384277,0.74609375,3,5
8,1218,0.07773070223629476,0.08727657794952393,0.65625,3,4
8,1219,0.0496924922335893,0.05235093832015991,0.6796875,2,3
8,1220,0.027138888835906982,0.027138888835906982,0.8515625,3,2
8,1221,0.037555813789367676,0.037555813789367676,0.7890625,2,2
8,1222,0.007675528526306152,0.007675528526306152,0.91796875,2,2
8,1223,0.03880089521408081,0.03880089521408081,0.86328125,3,5
8,1224,0.08447681937832387,0.13474184274673462,0.55078125,3,2
8,1225,0.08116383850574495,0.13150596618652344,0.546875,3,5
8,1226,0.027628302108496434,0.13344991207122803,0.3828125,3,4
8,1227,0.014491915702819824,0.014491915702819824,0.8984375,3,4
8,1228,0.02574455738067627,0.02574455738067627,0.87890625,3,4
8,1229,0.03954797983169556,0.03954797983169556,0.80859375,2,2
8,1230,0.07402491569519043,0.07402491569519043,0.796875,2,3
8,1231,0.05729794502258301,0.05729794502258301,0.8125,3,2
8,1155,0.10154315270483495,0.14811992645263672,0.57421875,1,2
8,1170,0.10587948933243753,0.11270332336425781,0.67578125,1,3
8,1232,0.024749398231506348,0.024749398231506348,0.86328125,1,3
8,1233,0.10375165939331055,0.10375165939331055,0.71484375,1,3
8,1234,0.0,0.1810426115989685,0.19921875,2,4
8,1235,0.00808858871459961,0.00808858871459961,0.9296875,1,1
8,1236,0.0904033798724413,0.16770482063293457,0.515625,1,2
8,1237,0.0032390356063842773,0.0032390356063842773,0.95703125,1,3
8,1238,0.06153029203414917,0.06153029203414917,0.7734375,1,2
8,1239,0.0030455589294433594,0.0030455589294433594,0.96875,1,2
8,1240,0.045348167419433594,0.045348167419433594,0.80078125,2,4
8,1241,0.07110178191214801,0.10371541976928711,0.57421875,1,3
8,1242,0.07077527046203613,0.07077527046203613,0.76171875,1,3
8,1243,0.011099696159362793,0.011099696159362793,0.91015625,1,1
8,1244,0.012038469314575195,0.012038469314575195,0.93359375,2,3
8,1245,0.0907078329473734,0.1172788143157959,0.609375,1,2
8,1246,0.03582163352984936,0.18159085512161255,0.37890625,1,3
8,1247,0.037880003452301025,0.037880003452301025,0.83203125,2,4
8,1248,0.018526911735534668,0.018526911735534668,0.89453125,1,2
8,1249,0.07818080880679192,0.19431346654891968,0.4609375,1,2
8,1250,0.021413564682006836,0.021413564682006836,0.875,1,2
8,1251,0.0662989616394043,0.0662989616394043,0.78125,1,2
8,1252,0.05272036790847778,0.05272036790847778,0.79296875,1,3
8,1253,0.06438075820915402,0.12392085790634155,0.5078125,2,3
8,1254,0.034394145011901855,0.034394145011901855,0.86328125,1,2
8,1255,0.08389356150291861,0.12237465381622314,0.57421875,2,4
8,1256,0.08654910069890322,0.16659075021743774,0.5078125,1,3
8,1257,0.08769361674785615,0.13362836837768555,0.5625,2,3
8,1258,0.0,0.2256789207458496,0.2265625,2,4
8,1259,0.029092788696289062,0.029092788696289062,0.84765625,2,3
8,1260,0.046058058738708496,0.046058058738708496,0.80859375,1,3
8,1261,0.0228238101117313,0.25403892993927,0.3359375,1,2
8,1262,0.012776196002960205,0.012776196002960205,0.90625,1,3
8,1263,0.05849909782409668,0.05849909782409668,0.7734375,1,2
8,1264,0.030188918113708496,0.030188918113708496,0.85546875,2,3
8,1265,0.010896384716033936,0.010896384716033936,0.921875,2,2
8,1266,0.06315762363374235,0.14970695972442627,0.46875,2,3
8,1267,0.032561421394348145,0.032561421394348145,0.86328125,1,1
8,1268,0.039880216121673584,0.039880216121673584,0.84765625,1,2
8,1269,0.06436431407928467,0.06436431407928467,0.80078125,1,2
8,1270,0.0021768808364868164,0.0021768808364868164,0.9609375,1,1
8,1271,0.06209444999694824,0.06209444999694824,0.7890625,1,2
8,1272,0.019324123859405518,0.019324123859405518,0.88671875,1,3
8,1273,0.0,0.21803033351898193,0.265625,1,3
8,1274,0.0960309966467321,0.10439038276672363,0.66796875,1,3
8,1275,0.007162570953369141,0.007162570953369141,0.94921875,1,2
8,1276,0.05285865173209459,0.16809707880020142,0.42578125,1,2
8,1277,0.06364389788359405,0.1662534475326538,0.453125,1,2
8,1278,0.07747805118560791,0.07747805118560791,0.75390625,1,4
8,1279,0.0,0.18076646327972412,0.2890625,1,3
8,1280,0.052033960819244385,0.052033960819244385,0.765625,1,1
8,1281,0.040576815605163574,0.040576815605163574,0.82421875,1,3
8,1282,0.003000974655151367,0.003000974655151367,0.96875,1,1
8,1283,0.06603218987584115,0.10214042663574219,0.55859375,1,2
8,1284,0.029878735542297363,0.029878735542297363,0.84765625,1,1
8,1285,0.06653910875320435,0.06653910875320435,0.78515625,1,1
8,1286,0.06444342178292574,0.1492987871170044,0.47265625,2,5
8,1287,0.04660853021778168,0.22512799501419067,0.3828125,1,2
8,1288,0.046547651290893555,0.046547651290893555,0.79296875,1,3
8,1289,0.10249871015548706,0.10249871015548706,0.734375,1,1
8,1290,0.005784392356872559,0.005784392356872559,0.92578125,1,2
8,1291,0.0551967709325254,0.1172645092010498,0.48828125,1,2
8,1292,0.06086474657058716,0.06086474657058716,0.7734375,2,4
8,1293,0.024440646171569824,0.024440646171569824,0.875,1,2
8,1294,0.05333143472671509,0.05333143472671509,0.7734375,2,2
8,1295,0.01390838623046875,0.01390838623046875,0.9140625,1,3
8,1296,0.06948715774342419,0.15401482582092285,0.48046875,1,3
8,1297,0.00030940771102905273,0.00030940771102905273,1.0,2,2
8,1298,0.019239187240600586,0.019239187240600586,0.890625,1,2
8,1299,0.03288841247558594,0.03288841247558594,0.86328125,1,1
8,1300,0.07689772278536113,0.15685909986495972,0.49609375,1,3
8,1301,0.011997818946838379,0.011997818946838379,0.92578125,1,3
8,1302,0.034961554105393595,0.22099155187606812,0.36328125,1,2
8,1303,0.06272316758986564,0.10326129198074341,0.54296875,1,2
8,1304,0.05791240395046772,0.19636523723602295,0.41796875,2,4
8,1305,0.022940218448638916,0.022940218448638916,0.8828125,2,4
8,1306,0.045813499018549926,0.15036225318908691,0.421875,1,3
8,1307,0.09168060938827695,0.09658533334732056,0.6796875,2,2
8,1308,0.0928160548210144,0.0928160548210144,0.71875,1,4
8,1309,0.004359722137451172,0.004359722137451172,0.96875,2,4
8,1310,0.06532442569732666,0.06532442569732666,0.78515625,1,3
8,1311,0.07352587068453433,0.14152348041534424,0.5078125,2,3
8,1312,0.05068564414978027,0.05068564414978027,0.8046875,1,3
8,1313,0.045769572257995605,0.045769572257995605,0.75390625,3,4
8,1314,0.02084716595709325,0.23203802108764648,0.3359375,1,3
8,1315,0.0772896595299244,0.09512573480606079,0.625,2,4
8,1316,0.08549462293740363,0.15577667951583862,0.51953125,1,3
8,1317,0.024405956268310547,0.024405956268310547,0.88671875,1,2
8,1318,0.05925905704498291,0.05925905704498291,0.796875,1,2
9,1170,0.10770606994628906,0.10770606994628906,0.7109375,1,3
9,1233,0.09829545021057129,0.09829545021057129,0.75,1,3
9,1319,0.0957798957824707,0.0957798957824707,0.70703125,1,3
9,1320,0.007682740688323975,0.007682740688323975,0.94921875,1,3
9,1321,0.0690450668334961,0.0690450668334961,0.75,2,4
9,1322,0.09972744528204204,0.12423467636108398,0.62109375,1,2
9,1323,0.016271114349365234,0.016271114349365234,0.91796875,1,2
9,1324,0.03393203020095825,0.03393203020095825,0.875,1,1
9,1325,0.07592940330505371,0.07592940330505371,0.828125,2,2
9,1326,0.0030906200408935547,0.0030906200408935547,0.9765625,2,4
9,1327,0.011299550533294678,0.011299550533294678,0.9375,1,3
9,1328,0.0244753360748291,0.0244753360748291,0.87890625,1,3
9,1329,0.032304465770721436,0.032304465770721436,0.87109375,1,2
9,1330,0.0253298282623291,0.0253298282623291,0.92578125,1,3
9,1331,0.01598978065885604,0.177973210811615,0.3359375,1,1
9,1332,0.050165534019470215,0.050165534019470215,0.83203125,1,3
9,1333,0.053945302963256836,0.053945302963256836,0.87109375,1,2
9,1334,0.11720446124672891,0.14425164461135864,0.625,1,4
9,1335,0.024031758308410645,0.024031758308410645,0.921875,1,2
9,1336,0.03564560413360596,0.03564560413360596,0.8359375,1,3
9,1337,0.019931137561798096,0.019931137561798096,0.921875,1,2
9,1338,0.005968153476715088,0.005968153476715088,0.95703125,1,0
9,1339,0.04503464698791504,0.04503464698791504,0.796875,1,2
9,1340,0.018232226371765137,0.018232226371765137,0.91015625,1,2
9,1341,0.0026323795318603516,0.0026323795318603516,0.98046875,1,2
9,1342,0.09683288773521782,0.16202104091644287,0.5390625,1,2
9,1343,0.05273167707491667,0.1413540244102478,0.44921875,1,2
9,1344,0.012201309204101562,0.012201309204101562,0.9453125,1,2
9,1345,0.0018250346183776855,0.0018250346183776855,0.96875,1,1
9,1346,0.017638897523283965,0.22027111053466797,0.33203125,1,2
9,1347,0.04233412328176201,0.17913281917572021,0.39453125,1,4
9,1348,0.018750011920928955,0.018750011920928955,0.9375,1,1
9,1349,0.052167415618896484,0.052167415618896484,0.85546875,1,1
9,1350,0.07398378849029541,0.07398378849029541,0.75,1,2
9,1351,0.11517556523904206,0.12520146369934082,0.66796875,1,3
9,1352,0.03160667000338436,0.17783093452453613,0.37109375,1,2
9,1353,0.10113239288330078,0.10113239288330078,0.7734375,1,2
9,1354,0.022525310516357422,0.022525310516357422,0.90234375,1,2
9,1355,0.019316911697387695,0.019316911697387695,0.8984375,1,1
9,1356,0.003380119800567627,0.003380119800567627,0.97265625,1,3
9,1357,0.11512970924377441,0.11512970924377441,0.71875,1,3
9,1358,0.0372847318649292,0.0372847318649292,0.8671875,1,2
9,1359,0.07684232690371574,0.16325008869171143,0.48828125,1,2
9,1360,0.12955346878152343,0.1575567126274109,0.62890625,1,3
9,1361,0.011599242687225342,0.011599242687225342,0.9140625,1,1
9,1362,0.08812970807775856,0.20417380332946777,0.47265625,1,3
9,1363,0.011232376098632812,0.011232376098632812,0.921875,1,3
9,1364,0.08456552028656006,0.08456552028656006,0.78125,1,3
9,1365,0.013869047164916992,0.013869047164916992,0.91015625,1,3
9,1366,0.034916043281555176,0.034916043281555176,0.8125,1,3
9,1367,0.016765113570727415,0.20935946702957153,0.33203125,1,3
9,1368,0.021216511726379395,0.021216511726379395,0.90625,1,3
9,1369,0.005376100540161133,0.005376100540161133,0.95703125,1,1
9,1370,0.0173569917678833,0.0173569917678833,0.89453125,2,3
9,1371,0.013577580451965332,0.013577580451965332,0.921875,1,2
9,1372,0.009232173906639225,0.18180280923843384,0.3203125,1,1
9,1373,0.07323202583938838,0.17358702421188354,0.46875,1,3
9,1374,0.08865833282470703,0.08865833282470703,0.765625,2,4
9,1375,0.03751438856124878,0.03751438856124878,0.85546875,1,2
9,1376,0.0450049760984257,0.2075905203819275,0.38671875,1,3
9,1377,0.03746688365936279,0.03746688365936279,0.80078125,2,2
9,1378,0.018970906734466553,0.018970906734466553,0.9140625,2,4
9,1379,0.012189924716949463,0.012189924716949463,0.91796875,1,1
9,1380,0.02139914035797119,0.02139914035797119,0.875,2,2
9,1381,0.09632396697998047,0.09632396697998047,0.75,2,5
9,1382,0.01864778995513916,0.01864778995513916,0.921875,2,4
9,1383,0.07059204578399658,0.07059204578399658,0.8046875,1,2
9,1384,0.0007728934288024902,0.0007728934288024902,0.98828125,1,0
9,1385,0.07541811466217041,0.07541811466217041,0.7890625,1,2
9,1386,0.05643497058190407,0.1979089379310608,0.4140625,1,3
9,1387,0.06736030662432314,0.16741979122161865,0.4609375,2,4
9,1388,0.02651822566986084,0.02651822566986084,0.87890625,1,3
9,1202,0.11922188126482071,0.13099056482315063,0.6640625,1,1
9,1197,0.12026350712403656,0.12935906648635864,0.671875,2,3
9,1389,0.0418163537979126,0.0418163537979126,0.8515625,1,1
9,1390,0.06443535210564734,0.19874036312103271,0.4296875,2,4
9,1391,0.02600330114364624,0.02600330114364624,0.8359375,2,2
9,1392,0.015375137329101562,0.015375137329101562,0.9140625,3,4
9,1393,0.038486599922180176,0.038486599922180176,0.7890625,3,2
9,1394,0.04019194841384888,0.04019194841384888,0.79296875,1,1
9,1395,0.06585162878036499,0.06585162878036499,0.7578125,1,1
9,1396,0.06687623262405396,0.06687623262405396,0.8125,1,1
9,1397,0.03628396987915039,0.03628396987915039,0.80078125,2,2
9,1398,0.10650770436041058,0.12800925970077515,0.6328125,2,4
9,1399,0.09163618087768556,0.1832723617553711,0.5,3,4
9,1400,0.052390867262147374,0.052493393421173096,0.69921875,2,4
9,1401,0.08520721271634103,0.08795583248138428,0.6875,4,4
9,1402,0.0,0.22752094268798828,0.28515625,3,4
9,1403,0.036754727363586426,0.036754727363586426,0.84765625,3,4
9,1404,0.006954073905944824,0.006954073905944824,0.94140625,2,2
9,1405,0.057007498573511846,0.06005728244781494,0.6796875,1,0
9,1406,0.033513784408569336,0.033513784408569336,0.81640625,1,1
9,1407,0.00437009334564209,0.00437009334564209,0.96875,1,1
9,1408,0.004523217678070068,0.004523217678070068,0.95703125,3,2
9,1409,0.015611231327056885,0.015611231327056885,0.9453125,2,3
9,1410,0.11124148825183512,0.1438273787498474,0.609375,3,3
9,1411,0.10055779572576286,0.1406710147857666,0.5859375,3,4
9,1412,0.011299848556518555,0.011299848556518555,0.91796875,2,2
9,1413,0.10298818349838257,0.10298818349838257,0.703125,5,7
9,1414,0.11744051426649095,0.13791179656982422,0.640625,3,5
9,1415,0.014123618602752686,0.014123618602752686,0.90625,2,2
9,1416,0.09595442982390524,0.17177855968475342,0.5234375,4,6
9,1417,0.04054379463195801,0.04054379463195801,0.75390625,1,2
9,1418,0.0,0.23803681135177612,0.1875,2,4
9,1419,0.10094775538891555,0.11334484815597534,0.65625,1,1
9,1420,0.02207362651824951,0.02207362651824951,0.8984375,2,3
9,1421,0.0841818004846573,0.08960723876953125,0.67578125,2,3
9,1422,0.05420875549316406,0.05420875549316406,0.828125,3,3
9,1423,0.1119211781769991,0.13611316680908203,0.62890625,1,2
9,1424,0.10683882236480713,0.10683882236480713,0.71484375,1,1
9,1425,0.025366246700286865,0.025366246700286865,0.90234375,1,1
9,1426,0.009630084037780762,0.009630084037780762,0.92578125,2,1
9,1427,0.07477797777391972,0.1156686544418335,0.55859375,3,4
9,1428,0.05267089605331421,0.05267089605331421,0.875,2,3
9,1429,0.06469762325286865,0.06469762325286865,0.85546875,1,1
9,1430,0.028320789337158203,0.028320789337158203,0.86328125,1,1
9,1431,0.04147615190595389,0.08460474014282227,0.49609375,2,3
9,1432,0.09778370894491674,0.10196590423583984,0.68359375,3,5
9,1433,0.03357893228530884,0.03357893228530884,0.83984375,1,1
9,1434,0.11554058734327556,0.14393377304077148,0.62109375,3,3
9,1435,0.08924177289009096,0.17848354578018188,0.5,1,1
9,1436,0.09190320549532772,0.16745352745056152,0.51953125,3,3
9,1437,0.023970842361450195,0.023970842361450195,0.84375,2,3
9,1438,0.021120548248291016,0.021120548248291016,0.8984375,2,2
9,1439,0.010410666465759277,0.010410666465759277,0.91796875,2,3
9,1440,0.00037429900839925344,0.19164109230041504,0.30078125,3,6
9,1441,0.01126563549041748,0.01126563549041748,0.921875,2,1
9,1442,0.06959042348898949,0.17296260595321655,0.4609375,3,5
9,1443,0.11453124135732652,0.14096152782440186,0.625,1,1
9,1444,0.009765148162841797,0.009765148162841797,0.92578125,3,3
9,1445,0.01130664348602295,0.01130664348602295,0.921875,2,4
9,1446,0.010506391525268555,0.010506391525268555,0.921875,2,1
9,1447,0.05170305981300772,0.07763040065765381,0.56640625,2,1
9,1448,0.007470250129699707,0.007470250129699707,0.9453125,2,2
9,1449,0.02433609962463379,0.02433609962463379,0.8359375,4,5
9,1450,0.023771500680595647,0.2386472225189209,0.33984375,1,1
9,1451,0.04887020587921144,0.09774041175842285,0.5,1,1
9,1452,0.07267552614212036,0.07267552614212036,0.7421875,2,1
9,1453,0.04793363809585571,0.04793363809585571,0.80078125,2,3
9,1454,0.001946091651916504,0.001946091651916504,0.96875,3,3
9,1455,0.011298954486846924,0.011298954486846924,0.921875,4,6
9,1456,0.004825592041015625,0.004825592041015625,0.95703125,1,0
9,1457,0.07633227109909058,0.07633227109909058,0.828125,2,3
9,1458,0.032129883766174316,0.032129883766174316,0.8671875,1,1
9,1459,0.06001007556915283,0.06001007556915283,0.86328125,2,2
9,1460,0.03560829162597656,0.03560829162597656,0.87890625,3,4
9,1461,0.033887505531311035,0.033887505531311035,0.83984375,1,1
9,1462,0.02255690097808838,0.02255690097808838,0.84765625,3,2
9,1463,0.03615069389343262,0.03615069389343262,0.80078125,1,0
9,1464,0.05739472853019834,0.06515765190124512,0.65234375,1,0
10,1197,0.11291529040317984,0.13109439611434937,0.64453125,2,3
10,1202,0.11449504760093988,0.1329284906387329,0.64453125,1,1
10,1465,0.030699193477630615,0.030699193477630615,0.8359375,1,0
10,1466,0.1185069390339777,0.14762908220291138,0.62109375,4,6
10,1467,0.0,0.22957158088684082,0.28515625,3,3
10,1468,0.012723267078399658,0.012723267078399658,0.90625,1,0
10,1469,0.0843350887298584,0.0843350887298584,0.73828125,1,1
10,1470,0.03880799026228488,0.0988541841506958,0.45703125,1,1
10,1471,0.04160982370376587,0.04160982370376587,0.7734375,1,0
10,1472,0.05904336750973017,0.06854921579360962,0.64453125,1,1
10,1473,0.03692507743835449,0.03692507743835449,0.79296875,1,0
10,1474,0.05833715200424194,0.05833715200424194,0.81640625,3,2
10,1475,0.06858217716217041,0.06858217716217041,0.7578125,2,3
10,1476,0.04826213372871281,0.21301907300949097,0.390625,2,2
10,1477,0.03854156658053399,0.05873000621795654,0.5625,2,3
10,1478,0.028008572640828795,0.20197731256484985,0.35546875,3,3
10,1479,0.013445258140563965,0.013445258140563965,0.8984375,3,3
10,1480,0.06420917296782137,0.19804275035858154,0.4296875,4,6
10,1481,0.048293612198904164,0.09295612573623657,0.5078125,1,0
10,1482,0.04794156551361084,0.04794156551361084,0.765625,3,5
10,1483,0.10171955451369287,0.1251932978630066,0.625,1,1
10,1484,0.047557711601257324,0.047557711601257324,0.75,1,0
10,1485,0.03059685230255127,0.03059685230255127,0.859375,1,1
10,1486,0.06934016942977905,0.06934016942977905,0.7890625,1,1
10,1487,0.005672037601470947,0.005672037601470947,0.9453125,1,0
10,1488,0.04040193557739258,0.04040193557739258,0.77734375,1,0
10,1489,0.08691394329071045,0.08691394329071045,0.77734375,3,1
10,1490,0.04592740535736084,0.04592740535736084,0.84765625,1,1
10,1491,0.08335222140885891,0.1574772596359253,0.51171875,3,3
10,1492,0.05109931423794479,0.05675238370895386,0.66015625,2,2
10,1493,0.0352320671081543,0.0352320671081543,0.83984375,3,3
10,1494,0.03156769275665283,0.03156769275665283,0.8671875,2,3
10,1495,0.04281065054237843,0.1118319034576416,0.453125,1,0
10,1496,0.10802877543028445,0.13793200254440308,0.61328125,1,1
10,1497,0.01107245683670044,0.01107245683670044,0.91015625,1,1
10,1498,0.0028449296951293945,0.0028449296951293945,0.96484375,1,1
10,1499,0.05680797854438425,0.07946908473968506,0.5859375,2,1
10,1500,0.1124511817470193,0.14725065231323242,0.60546875,3,3
10,1501,0.10955965518951416,0.10955965518951416,0.7265625,3,3
10,1502,0.060561180114746094,0.060561180114746094,0.7421875,3,5
10,1503,0.05449356464669109,0.08182024955749512,0.56640625,1,0
10,1504,0.0745229721069336,0.0745229721069336,0.80078125,1,1
10,1505,0.01618349552154541,0.01618349552154541,0.92578125,1,2
10,1506,0.041132569313049316,0.041132569313049316,0.80078125,3,3
10,1507,0.10918072820641102,0.11047536134719849,0.6953125,2,2
10,1508,0.09602477704174818,0.1633378267288208,0.53515625,1,1
10,1509,0.027400434017181396,0.027400434017181396,0.87109375,3,3
10,1510,0.04785418510437012,0.04785418510437012,0.75,1,0
10,1511,0.08335340023040771,0.08335340023040771,0.76171875,4,3
10,1512,0.11010308540426196,0.1278294324874878,0.64453125,3,3
10,1513,0.06894421577453613,0.06894421577453613,0.7890625,3,5
10,1514,0.07116365432739258,0.07116365432739258,0.82421875,2,2
10,1515,0.024414539337158203,0.024414539337158203,0.87109375,4,7
10,1516,0.0029537081718444824,0.0029537081718444824,0.96484375,1,0
10,1517,0.008778428658843046,0.21402645111083984,0.31640625,2,3
10,1518,0.03550136089324951,0.03550136089324951,0.859375,5,5
10,1519,0.11093954229727389,0.131788969039917,0.63671875,3,4
10,1520,0.06415438652038574,0.06415438652038574,0.78515625,4,5
10,1521,0.027018487453460693,0.027018487453460693,0.8359375,1,1
10,1522,0.0513455867767334,0.0513455867767334,0.74609375,1,0
10,1523,0.11150700179859997,0.11395525932312012,0.69140625,4,5
10,1524,0.09324592351913452,0.09324592351913452,0.73828125,3,4
10,1525,0.0982194965472445,0.14327174425125122,0.57421875,2,2
10,1526,0.07391585083678366,0.10782027244567871,0.57421875,3,2
10,1527,0.08176839351654053,0.08176839351654053,0.734375,3,4
10,1528,0.10660552978515625,0.10660552978515625,0.72265625,1,1
10,1529,0.06729120016098022,0.06729120016098022,0.70703125,3,2
10,1530,0.025062591186724614,0.21036142110824585,0.34765625,3,3
10,1531,0.10193604230880737,0.10193604230880737,0.75,4,4
10,1532,0.042504727840423584,0.042504727840423584,0.80078125,2,1
10,1533,0.03764176368713379,0.03764176368713379,0.76171875,2,3
10,1534,0.014929771423339844,0.014929771423339844,0.91796875,4,6
10,1535,0.017269372940063477,0.017269372940063477,0.8984375,4,6
10,1536,0.05487203248776497,0.21446168422698975,0.40234375,2,3
10,1537,0.11308017466217281,0.12163245677947998,0.671875,3,4
10,1538,0.022685110569000244,0.022685110569000244,0.86328125,3,5
10,1539,0.050390288583003,0.19694525003433228,0.40234375,2,3
10,1360,0.1328586933668703,0.1578274965286255,0.63671875,1,3
10,1334,0.11839071940630676,0.14748430252075195,0.62109375,1,4
10,1540,0.005094468593597412,0.005094468593597412,0.95703125,1,2
10,1541,0.11693888029549272,0.12987571954727173,0.66015625,1,3
10,1542,0.07508853310719134,0.11111366748809814,0.5703125,1,4
10,1543,0.06128114461898804,0.06128114461898804,0.828125,1,3
10,1544,0.12243438791483643,0.1922895908355713,0.5546875,1,3
10,1545,0.033226191997528076,0.033226191997528076,0.859375,1,1
10,1546,0.01852262020111084,0.01852262020111084,0.94140625,1,2
10,1547,0.08482122421264648,0.08482122421264648,0.7890625,2,3
10,1548,0.04162919521331787,0.04162919521331787,0.7734375,1,0
10,1549,0.013530552387237549,0.013530552387237549,0.90625,1,4
10,1550,0.06657423824071886,0.19367051124572754,0.4375,1,4
10,1551,0.05661607929505409,0.19196975231170654,0.41796875,1,2
10,1552,0.05788225191645325,0.06359595060348511,0.6640625,1,2
10,1553,0.04448719369247557,0.2148815393447876,0.3828125,1,2
10,1554,0.12737518153153363,0.15490758419036865,0.62890625,1,2
10,1555,0.0842522382736206,0.0842522382736206,0.7109375,1,1
10,1556,0.042541077127680196,0.21565377712249756,0.37890625,2,4
10,1557,0.08723980188369751,0.08723980188369751,0.76953125,2,4
10,1558,0.114178279414773,0.12820017337799072,0.65625,1,3
10,1559,0.0310821533203125,0.0310821533203125,0.8359375,1,1
10,1560,0.03975396975874902,0.21202117204666138,0.375,1,2
10,1561,0.06268608570098877,0.06268608570098877,0.8046875,1,2
10,1562,0.04632115364074707,0.04632115364074707,0.83984375,1,2
10,1563,0.04289597272872925,0.04289597272872925,0.83203125,1,3
10,1564,0.008202910423278809,0.008202910423278809,0.95703125,1,4
10,1565,0.10269324097316714,0.1637973189353943,0.55078125,2,5
10,1566,0.13035543332807722,0.1585320234298706,0.62890625,1,3
10,1567,0.048152029514312744,0.048152029514312744,0.8125,1,2
10,1568,0.07833254337310791,0.07833254337310791,0.71484375,2,4
10,1569,0.024100005626678467,0.024100005626678467,0.8515625,1,3
10,1570,0.07092326879501343,0.07092326879501343,0.7734375,2,4
10,1571,0.09002832183614375,0.10820305347442627,0.6328125,1,2
10,1572,0.004942655563354492,0.004942655563354492,0.94921875,2,2
10,1573,0.009754538536071777,0.009754538536071777,0.953125,1,3
10,1574,0.025659918785095215,0.025659918785095215,0.875,1,2
10,1575,0.04207742214202881,0.04207742214202881,0.859375,1,4
10,1576,0.018076837062835693,0.018076837062835693,0.9140625,1,2
10,1577,0.00530695915222168,0.00530695915222168,0.953125,2,3
10,1578,0.008664608001708984,0.008664608001708984,0.9765625,1,2
10,1579,0.0026010870933532715,0.0026010870933532715,0.97265625,2,4
10,1580,0.008411228656768799,0.008411228656768799,0.921875,1,2
10,1581,0.011425375938415527,0.011425375938415527,0.93359375,2,4
10,1582,0.1291861205827445,0.17828381061553955,0.58984375,2,3
10,1583,0.10923011437989773,0.18276411294937134,0.5390625,1,2
10,1584,0.06927865743637085,0.06927865743637085,0.75390625,1,1
10,1585,0.007217586040496826,0.007217586040496826,0.93359375,1,1
10,1586,0.0371854305267334,0.0371854305267334,0.8515625,1,1
10,1587,0.04987333063036205,0.2201305627822876,0.390625,1,4
10,1588,0.07590436935424805,0.07590436935424805,0.7734375,1,3
10,1589,0.005573391914367676,0.005573391914367676,0.9453125,1,3
10,1590,0.04489469528198242,0.04489469528198242,0.76953125,1,0
10,1591,0.05373779078945519,0.19513297080993652,0.41015625,1,3
10,1592,0.007257699966430664,0.007257699966430664,0.9453125,1,3
10,1593,0.012878119945526123,0.012878119945526123,0.90625,2,3
10,1594,0.047853946685791016,0.047853946685791016,0.85546875,1,3
10,1595,0.012077689170837402,0.012077689170837402,0.9375,2,5
10,1596,0.03319507837295532,0.03319507837295532,0.86328125,1,4
10,1597,0.080115684424527,0.10766202211380005,0.59765625,1,1
10,1598,0.04340451955795288,0.04340451955795288,0.8046875,1,4
10,1599,0.047958195209503174,0.047958195209503174,0.84765625,1,2
10,1600,0.004210233688354492,0.004210233688354492,0.95703125,1,0
10,1601,0.051699042320251465,0.051699042320251465,0.8359375,2,4
10,1602,0.10950997355394067,0.15974104404449463,0.57421875,1,3
10,1603,0.07208508253097534,0.07208508253097534,0.73828125,1,2
10,1604,0.015095710754394531,0.015095710754394531,0.890625,1,2
10,1605,0.0672227144241333,0.0672227144241333,0.82421875,1,3
10,1606,0.02777695655822754,0.02777695655822754,0.86328125,1,2
10,1607,0.07960200309753418,0.07960200309753418,0.72265625,1,1
10,1608,0.009007692337036133,0.009007692337036133,0.921875,1,2
10,1609,0.04422950744628906,0.04422950744628906,0.83984375,2,4
10,1610,0.004342079162597656,0.004342079162597656,0.96484375,1,3
11,1466,0.10456810879986735,0.15700548887252808,0.56640625,4,6
11,1202,0.10224134894087912,0.13561546802520752,0.6015625,1,1
11,1611,0.08042592136189343,0.16405606269836426,0.49609375,3,4
11,1612,0.04935896629467608,0.20885777473449707,0.39453125,1,3
11,1613,0.06741774082183838,0.06741774082183838,0.7421875,3,2
11,1614,0.07228440046310425,0.07228440046310425,0.7890625,1,2
11,1615,0.011740803718566895,0.011740803718566895,0.8984375,3,4
11,1616,0.08351450716145338,0.1577838659286499,0.51171875,1,1
11,1617,0.11481887614354493,0.1173398494720459,0.69140625,3,3
11,1618,0.06162136793136597,0.06162136793136597,0.77734375,1,1
11,1619,0.07044093357399107,0.1709277629852295,0.46484375,2,1
11,1620,0.11262669961433859,0.1250864863395691,0.66015625,4,7
11,1621,0.10500371945090593,0.11662018299102783,0.66015625,3,5
11,1622,0.005067944526672363,0.005067944526672363,0.93359375,4,6
11,1623,0.05399416852742435,0.20327216386795044,0.40625,3,3
11,1624,0.05042123794555664,0.05042123794555664,0.73046875,3,3
11,1625,0.025711774826049805,0.025711774826049805,0.82421875,2,4
11,1626,0.02358853816986084,0.02358853816986084,0.84765625,1,1
11,1627,0.036396801471710205,0.036396801471710205,0.8125,1,1
11,1628,0.009733696351759143,0.2373167872428894,0.31640625,1,2
11,1629,0.05368496873416008,0.19494116306304932,0.41015625,2,3
11,1630,0.03768479824066162,0.03768479824066162,0.7734375,3,3
11,1631,0.06461490259971471,0.17320853471755981,0.44921875,3,3
11,1632,0.02009791135787964,0.02009791135787964,0.85546875,4,5
11,1633,0.0075991153717041016,0.0075991153717041016,0.93359375,3,3
11,1634,0.05274484306573869,0.19856882095336914,0.40625,1,3
11,1635,0.00967937707901001,0.00967937707901001,0.90234375,1,1
11,1636,0.007235050201416016,0.007235050201416016,0.9296875,3,3
11,1637,0.003994345664978027,0.003994345664978027,0.9609375,4,4
11,1638,0.04314863681793213,0.04314863681793213,0.8125,3,3
11,1639,0.036772966384887695,0.036772966384887695,0.78515625,3,1
11,1640,0.1022055381909013,0.1338343620300293,0.60546875,3,4
11,1641,0.039045095443725586,0.039045095443725586,0.859375,3,3
11,1642,0.10612588841468097,0.12755036354064941,0.6328125,2,4
11,1643,0.10544568044133486,0.12526261806488037,0.63671875,4,5
11,1644,0.04681485891342163,0.04681485891342163,0.74609375,2,2
11,1645,0.06066591991111637,0.06594681739807129,0.66796875,2,2
11,1646,0.04390394687652588,0.04390394687652588,0.76171875,2,4
11,1647,0.04028487205505371,0.04028487205505371,0.7578125,3,3
11,1648,0.11504590511322021,0.11504590511322021,0.71875,5,6
11,1649,0.032358527183532715,0.032358527183532715,0.84375,1,2
11,1650,0.09695367328822614,0.13202202320098877,0.59375,3,3
11,1651,0.004763960838317871,0.004763960838317871,0.9765625,2,2
11,1652,0.03701382875442505,0.03701382875442505,0.75390625,3,5
11,1653,0.11173845129087569,0.14446991682052612,0.609375,1,3
11,1654,0.06644221348688008,0.2180667519569397,0.421875,4,6
11,1655,0.02045028842985631,0.22762060165405273,0.3359375,1,2
11,1656,0.09321761131286621,0.09321761131286621,0.7265625,3,3
11,1657,0.0,0.25726962089538574,0.2265625,4,3
11,1658,0.03028661012649536,0.03028661012649536,0.796875,2,2
11,1659,0.038672804832458496,0.038672804832458496,0.859375,2,4
11,1660,0.02484065294265747,0.02484065294265747,0.859375,1,2
11,1661,0.10216642823070289,0.1304469108581543,0.61328125,4,5
11,1662,0.014331145677715549,0.2366950511932373,0.32421875,1,1
11,1663,0.0804561972618103,0.0804561972618103,0.7421875,3,3
11,1664,0.02475653297733516,0.17852598428726196,0.35546875,1,1
11,1665,0.09835654497146606,0.09835654497146606,0.72265625,2,2
11,1666,0.10258289542980494,0.12186181545257568,0.63671875,1,1
11,1667,0.020633935928344727,0.020633935928344727,0.90234375,2,2
11,1668,0.03154196124523879,0.22745752334594727,0.35546875,2,4
11,1669,0.10094734746962787,0.1746116280555725,0.53125,4,6
11,1670,0.010329186916351318,0.010329186916351318,0.91796875,1,4
11,1671,0.10639932123012842,0.13585150241851807,0.61328125,4,4
11,1672,0.04862029105424882,0.052852630615234375,0.66796875,1,1
11,1673,0.031237363815307617,0.031237363815307617,0.84765625,4,5
11,1674,0.08729207515716553,0.08729207515716553,0.7734375,2,3
11,1675,0.03873896598815918,0.03873896598815918,0.82421875,2,5
11,1676,0.037001848220825195,0.037001848220825195,0.80078125,4,4
11,1677,0.08677732944488525,0.08677732944488525,0.76171875,4,4
11,1678,0.1074073314666748,0.1074073314666748,0.70703125,1,1
11,1679,0.05792897986248137,0.19012588262557983,0.421875,2,3
11,1680,0.0005244612693786621,0.0005244612693786621,0.98046875,2,4
11,1681,0.01267540454864502,0.01267540454864502,0.90625,1,0
11,1682,0.0854554013349116,0.13845938444137573,0.546875,4,5
11,1683,0.0143052339553833,0.0143052339553833,0.90234375,1,0
11,1684,0.05462896660901607,0.06805360317230225,0.62109375,3,3
11,1685,0.03167921304702759,0.03167921304702759,0.8671875,1,3
11,1686,0.07530098129063846,0.15997552871704102,0.48828125,2,3
11,1687,0.08554708957672119,0.08554708957672119,0.79296875,2,3
11,1360,0.11095505044795574,0.17162835597991943,0.55859375,1,3
11,1566,0.10013425746001305,0.1675449013710022,0.5390625,1,3
11,1688,0.0,0.2624749541282654,0.1328125,2,3
11,1689,0.008355379104614258,0.008355379104614258,0.93359375,1,2
11,1690,0.0015670061111450195,0.0015670061111450195,0.9765625,1,1
11,1691,0.10658700671046974,0.14513975381851196,0.59375,2,3
11,1692,0.07023745775222778,0.07023745775222778,0.71875,1,1
11,1693,0.042465925216674805,0.042465925216674805,0.82421875,1,2
11,1694,0.015165328979492188,0.015165328979492188,0.9453125,2,3
11,1695,0.07505571842193605,0.079071044921875,0.6796875,1,1
11,1696,0.0009732246398925781,0.0009732246398925781,0.984375,1,1
11,1697,0.02135634422302246,0.02135634422302246,0.85546875,2,3
11,1698,0.09337746840901674,0.12548363208770752,0.59765625,2,4
11,1699,0.04339820146560669,0.04339820146560669,0.81640625,1,2
11,1700,0.07133829593658447,0.07133829593658447,0.79296875,1,2
11,1701,0.03404498100280762,0.03404498100280762,0.87109375,1,2
11,1702,0.07167820050381125,0.07181847095489502,0.69921875,1,2
11,1703,0.006747722625732422,0.006747722625732422,0.94140625,1,1
11,1704,0.08371337223798038,0.09399396181106567,0.65625,2,4
11,1705,0.08083224296569824,0.08083224296569824,0.796875,1,2
11,1706,0.10464000632055105,0.10588079690933228,0.6953125,1,2
11,1707,0.052652835845947266,0.052652835845947266,0.80078125,1,1
11,1708,0.04851377010345459,0.04851377010345459,0.82421875,1,3
11,1709,0.0566178560256958,0.0566178560256958,0.75,1,2
11,1710,0.013259291648864746,0.013259291648864746,0.8984375,1,1
11,1711,0.10028960206545891,0.15513074398040771,0.55859375,1,4
11,1712,0.050784284947440035,0.13613379001617432,0.44921875,1,3
11,1713,0.06289160251617432,0.06289160251617432,0.7734375,1,1
11,1714,0.01564168930053711,0.01564168930053711,0.87890625,1,2
11,1715,0.12064841366373004,0.15029680728912354,0.62109375,2,4
11,1716,0.0033769607543945312,0.0033769607543945312,0.96484375,1,3
11,1717,0.10103155113756658,0.18086767196655273,0.5234375,1,2
11,1718,0.008549928665161133,0.008549928665161133,0.921875,2,2
11,1719,0.07176946033723654,0.16627132892608643,0.47265625,1,2
11,1720,0.026559531688690186,0.026559531688690186,0.84765625,1,3
11,1721,0.11444221623241903,0.12710285186767578,0.66015625,2,3
11,1722,0.0999600887298584,0.0999600887298584,0.74609375,1,3
11,1723,0.10526555636897685,0.15805268287658691,0.56640625,2,4
11,1724,0.10953109059482814,0.15115880966186523,0.58984375,1,3
11,1725,0.08065626304596664,0.08861804008483887,0.6640625,2,2
11,1726,0.012726452201604852,0.2506132125854492,0.3203125,1,3
11,1727,0.108003290835768,0.18071138858795166,0.5390625,1,3
11,1728,0.08049112174194308,0.09345000982284546,0.64453125,1,2
11,1729,0.0666268626227975,0.17404568195343018,0.453125,2,2
11,1730,0.10725421796087177,0.130437433719635,0.62890625,1,4
11,1731,0.005997955799102783,0.005997955799102783,0.9375,1,2
11,1732,0.038051724433898926,0.038051724433898926,0.78515625,1,2
11,1733,0.08562699193134905,0.12670814990997314,0.5703125,1,2
11,1734,0.008151769638061523,0.008151769638061523,0.9375,1,0
11,1735,0.0850185751914978,0.0850185751914978,0.7890625,1,2
11,1736,0.10038166120648385,0.12354665994644165,0.625,1,2
11,1737,0.0742385694757104,0.18014287948608398,0.46484375,1,3
11,1738,0.05186325870454313,0.19524991512298584,0.40625,1,2
11,1739,0.03914409875869751,0.03914409875869751,0.83984375,1,2
11,1740,0.06392112746834756,0.07773780822753906,0.62890625,2,1
11,1741,0.036168694496154785,0.036168694496154785,0.83203125,1,2
11,1742,0.04304361343383789,0.04304361343383789,0.8515625,1,3
11,1743,0.06705843913368882,0.14863169193267822,0.48046875,1,1
11,1744,0.07946138142142446,0.08285993337631226,0.68359375,1,1
11,1745,0.1018745992332697,0.15999937057495117,0.5546875,2,4
11,1746,0.06696474552154541,0.06696474552154541,0.796875,1,3
11,1747,0.0632477472536266,0.1343686580657959,0.48828125,1,2
11,1748,0.022844910621643066,0.022844910621643066,0.875,2,3
11,1749,0.041261911392211914,0.041261911392211914,0.828125,2,2
11,1750,0.003769814968109131,0.003769814968109131,0.95703125,2,1
11,1751,0.11889212066307665,0.1252526044845581,0.6796875,2,3
11,1752,0.08144683134742083,0.08493030071258545,0.68359375,1,1
11,1753,0.018109560012817383,0.018109560012817383,0.91015625,2,1
11,1754,0.013164639472961426,0.013164639472961426,0.89453125,1,1
11,1755,0.07481613685376944,0.2005542516708374,0.44921875,1,3
11,1756,0.11488923802971841,0.12103557586669922,0.6796875,2,3
12,1648,0.11643326282501221,0.11643326282501221,0.72265625,5,6
12,1617,0.11889398097991943,0.11889398097991943,0.7109375,3,3
12,1757,0.10542124509811401,0.10542124509811401,0.73046875,2,3
12,1758,0.04981911508366467,0.19471287727355957,0.40234375,4,7
12,1759,0.106555231846869,0.18125009536743164,0.53515625,4,7
12,1760,0.10029557184316219,0.11513751745223999,0.6484375,1,2
12,1761,0.02831023931503296,0.02831023931503296,0.84765625,5,5
12,1762,0.026349246036261324,0.16655325889587402,0.36328125,4,5
12,1763,0.0841504242271185,0.09448468685150146,0.65625,4,6
12,1764,0.03889352083206177,0.03889352083206177,0.78515625,4,4
12,1765,0.03465759754180908,0.03465759754180908,0.77734375,6,7
12,1766,0.11482559633441271,0.136405348777771,0.63671875,5,9
12,1767,0.04021868319250644,0.04029738903045654,0.69921875,6,7
12,1768,0.027556419372558594,0.027556419372558594,0.8046875,1,0
12,1769,0.06150609650649132,0.18970555067062378,0.4296875,4,5
12,1770,0.10888980072923006,0.1710171103477478,0.5546875,3,4
12,1771,0.05459797382354736,0.05459797382354736,0.8125,5,6
12,1772,0.032169461250305176,0.032169461250305176,0.859375,3,4
12,1773,0.021694958209991455,0.021694958209991455,0.84765625,2,4
12,1774,0.0,0.24944055080413818,0.2734375,3,4
12,1775,0.005020420299842961,0.23367774486541748,0.30859375,3,3
12,1776,0.1087561333552003,0.1169813871383667,0.671875,3,3
12,1777,0.04643368721008301,0.04643368721008301,0.71875,1,1
12,1778,0.04092420917004348,0.19767165184020996,0.3828125,4,8
12,1779,0.02330625057220459,0.02330625057220459,0.8359375,1,2
12,1780,0.052599716931581504,0.1487903594970703,0.44140625,4,7
12,1781,0.05674336035735906,0.06302082538604736,0.66015625,2,1
12,1782,0.10498416423797607,0.10498416423797607,0.71875,1,1
12,1783,0.11872607690747829,0.1290610432624817,0.66796875,4,3
12,1784,0.041811728384345784,0.2019585371017456,0.3828125,3,4
12,1785,0.05107569694519043,0.05107569694519043,0.8125,1,2
12,1786,0.022867262363433838,0.022867262363433838,0.82421875,1,0
12,1787,0.11682465299963952,0.12059319019317627,0.6875,4,4
12,1788,0.012247920036315918,0.012247920036315918,0.875,3,2
12,1789,0.0864558219909668,0.0864558219909668,0.73046875,3,4
12,1790,0.05443603731691839,0.20493566989898682,0.40625,4,5
12,1791,0.0401456356048584,0.0401456356048584,0.76953125,3,6
12,1792,0.012840747833251953,0.012840747833251953,0.87109375,1,0
12,1793,0.10650679632090033,0.15536034107208252,0.57421875,4,7
12,1794,0.07118430756963791,0.1908186674118042,0.44921875,4,3
12,1795,0.10474520549178125,0.13209247589111328,0.6171875,1,1
12,1796,0.0699228048324585,0.0699228048324585,0.74609375,4,7
12,1797,0.0629349946975708,0.0629349946975708,0.78515625,1,3
12,1798,0.032698869705200195,0.032698869705200195,0.77734375,1,3
12,1799,0.023679614067077637,0.023679614067077637,0.87890625,5,6
12,1800,0.054559528827667236,0.054559528827667236,0.8125,1,2
12,1801,0.01308053731918335,0.01308053731918335,0.87109375,4,7
12,1802,0.10157372988760473,0.15477901697158813,0.5625,5,6
12,1803,0.10728245973587036,0.10728245973587036,0.71875,2,3
12,1804,0.02631998062133789,0.02631998062133789,0.8046875,3,2
12,1805,0.08873324794694783,0.18468058109283447,0.4921875,5,7
12,1806,0.056336259003728635,0.05935013294219971,0.6796875,1,1
12,1807,0.004994365852326162,0.23246502876281738,0.30859375,4,5
12,1808,0.05022788047790527,0.05022788047790527,0.7890625,1,1
12,1809,0.0893761650659144,0.16885828971862793,0.51171875,4,6
12,1810,0.046774029731750495,0.062042236328125,0.6015625,2,2
12,1811,0.1099626913201064,0.14399206638336182,0.60546875,3,4
12,1812,0.102408766746521,0.102408766746521,0.7265625,4,6
12,1813,0.07448869943618774,0.07448869943618774,0.79296875,4,5
12,1814,0.08763800584711136,0.16868668794631958,0.5078125,5,7
12,1815,0.029465198516845703,0.029465198516845703,0.84765625,1,1
12,1816,0.0,0.254504919052124,0.203125,5,8
12,1817,0.03917038440704346,0.03917038440704346,0.7421875,2,3
12,1818,0.05501389550045133,0.06690526008605957,0.62890625,1,0
12,1819,0.0,0.20104730129241943,0.203125,2,4
12,1820,0.08647465705871582,0.08647465705871582,0.75,1,2
12,1821,0.00475919246673584,0.00475919246673584,0.94140625,4,4
12,1822,0.04157209396362305,0.04157209396362305,0.734375,1,0
12,1823,0.08174509857781233,0.16674697399139404,0.49609375,5,6
12,1715,0.1193093281472102,0.14862865209579468,0.62109375,2,4
12,1751,0.11362738313619049,0.12619787454605103,0.66015625,2,3
12,1824,0.08582835597917439,0.16520345211029053,0.5078125,2,3
12,1825,0.02289736270904541,0.02289736270904541,0.828125,1,2
12,1826,0.11151745310053231,0.11995154619216919,0.671875,1,3
12,1827,0.0712118148803711,0.0712118148803711,0.7890625,2,3
12,1828,0.08992253523319961,0.09775018692016602,0.66796875,3,5
12,1829,0.10008937120437622,0.10008937120437622,0.73828125,2,3
12,1830,0.11394214397296312,0.18758320808410645,0.54296875,1,2
12,1831,0.11259114020504059,0.17958462238311768,0.55078125,1,3
12,1832,0.05601836170535535,0.17814534902572632,0.42578125,4,5
12,1833,0.008968591690063477,0.008968591690063477,0.89453125,1,1
12,1834,0.10469953226856889,0.11628234386444092,0.66015625,3,5
12,1835,0.016501665115356445,0.016501665115356445,0.8515625,1,2
12,1836,0.04267549514770508,0.04267549514770508,0.8125,3,4
12,1837,0.011611640453338623,0.011611640453338623,0.91015625,1,3
12,1838,0.09804586495738478,0.18523794412612915,0.51171875,3,3
12,1839,0.08341574668884277,0.08341574668884277,0.703125,1,2
12,1840,0.06584584712982178,0.06584584712982178,0.796875,2,2
12,1841,0.016787052154541016,0.016787052154541016,0.8515625,2,3
12,1842,0.07575434446334839,0.07575434446334839,0.78515625,2,2
12,1843,0.04493355751037598,0.04493355751037598,0.83203125,1,2
12,1844,0.024304866790771484,0.024304866790771484,0.8125,2,2
12,1845,0.02362239360809326,0.02362239360809326,0.8203125,3,3
12,1846,0.023686766624450684,0.023686766624450684,0.890625,3,6
12,1847,0.0001774430274963379,0.0001774430274963379,1.0,2,2
12,1848,0.012693524360656738,0.012693524360656738,0.8671875,3,5
12,1849,0.07393961772322656,0.09559869766235352,0.609375,2,4
12,1850,0.08017982309684159,0.10366684198379517,0.609375,1,1
12,1851,0.1043785810470581,0.1043785810470581,0.703125,5,6
12,1852,0.003551781177520752,0.003551781177520752,0.9375,1,0
12,1853,0.03649890422821045,0.03649890422821045,0.828125,1,3
12,1854,0.022948741912841797,0.022948741912841797,0.8359375,1,1
12,1855,0.03195065259933472,0.03195065259933472,0.84765625,2,4
12,1856,0.04785407055169345,0.23114418983459473,0.3828125,2,3
12,1857,0.06394487619400024,0.06394487619400024,0.77734375,4,4
12,1858,0.11003530025482178,0.11003530025482178,0.73046875,1,2
12,1859,0.062088763341307654,0.20377850532531738,0.421875,1,1
12,1860,0.013980448246002197,0.013980448246002197,0.85546875,2,2
12,1861,0.03590673208236694,0.03590673208236694,0.8359375,1,1
12,1862,0.07258316315710546,0.1896049976348877,0.453125,1,2
12,1863,0.0003687143325805664,0.0003687143325805664,0.9921875,2,4
12,1864,0.0536814951337874,0.13674092292785645,0.45703125,2,5
12,1865,0.10454564122483136,0.12419342994689941,0.63671875,3,4
12,1866,0.01803457736968994,0.01803457736968994,0.83984375,2,3
12,1867,0.10818360233679417,0.2006884217262268,0.515625,2,4
12,1868,0.0877803338225931,0.1280442476272583,0.57421875,2,4
12,1869,0.019786322023719556,0.1986391544342041,0.33984375,4,5
12,1870,0.0753558874130249,0.0753558874130249,0.76953125,1,2
12,1871,0.0016340017318725586,0.0016340017318725586,0.95703125,2,2
12,1872,0.006117105484008789,0.006117105484008789,0.95703125,2,4
12,1873,0.05254256725311279,0.05254256725311279,0.80078125,3,4
12,1874,0.09775362722575666,0.14895790815353394,0.5625,1,2
12,1875,0.11201395466923715,0.11447334289550781,0.69140625,1,2
12,1876,0.0,0.2466028928756714,0.28125,2,3
12,1877,0.11109492881223561,0.12753498554229736,0.6484375,1,2
12,1878,0.10575148602947594,0.16608822345733643,0.5546875,1,3
12,1879,0.06426155415829272,0.13652247190475464,0.48828125,2,2
12,1880,0.04545126110315324,0.2424067258834839,0.375,3,6
12,1881,0.0025703907012939453,0.0025703907012939453,0.94921875,2,2
12,1882,0.01957029104232788,0.01957029104232788,0.83203125,1,1
12,1883,0.07427654112689198,0.1577991247177124,0.48828125,1,2
12,1884,0.09740055399015547,0.09759116172790527,0.69921875,1,1
12,1885,0.00632929801940918,0.00632929801940918,0.96875,3,5
12,1886,0.009559154510498047,0.009559154510498047,0.89453125,2,3
12,1887,0.03567087650299072,0.03567087650299072,0.765625,2,3
12,1888,0.11204476654529573,0.17073488235473633,0.5625,1,3
12,1889,0.08742725849151611,0.08742725849151611,0.7265625,3,5
12,1890,0.0003827810287475586,0.0003827810287475586,0.984375,1,0
12,1891,0.025157025083899505,0.19515752792358398,0.3515625,2,3
12,1892,0.09380120038986206,0.09380120038986206,0.75,2,2
12,1893,0.0783311128616333,0.0783311128616333,0.7578125,1,2
12,1894,0.03325624926947058,0.1685861349105835,0.37890625,2,4
12,1895,0.019034147262573242,0.019034147262573242,0.88671875,2,4
12,1896,0.0004769563674926758,0.0004769563674926758,0.99609375,3,4
12,1897,0.06838655471801758,0.06838655471801758,0.71875,1,1
12,1898,0.0023720860481262207,0.0023720860481262207,0.94921875,2,4
12,1899,0.010049581527709961,0.010049581527709961,0.90625,2,2
12,1900,0.0,0.2608526349067688,0.25390625,2,4
12,1901,0.03991520404815674,0.03991520404815674,0.75,2,2
12,1902,0.04200088977813721,0.04200088977813721,0.8125,1,1
13,1617,0.12104511260986328,0.12104511260986328,0.71875,3,3
13,1783,0.12333941832184793,0.1312885284423828,0.67578125,4,3
13,1903,0.04146295785903931,0.04146295785903931,0.84375,4,4
13,1904,0.10700997756794096,0.10827887058258057,0.6953125,6,8
13,1905,0.02588862180709839,0.02588862180709839,0.87890625,2,2
13,1906,0.023708899039775144,0.23801875114440918,0.33984375,3,4
13,1907,0.03754633665084839,0.03754633665084839,0.76171875,3,2
13,1908,0.07310125953517856,0.19595730304718018,0.44921875,5,6
13,1909,0.087047278881073,0.087047278881073,0.78515625,4,3
13,1910,0.12321445252746345,0.13253319263458252,0.671875,4,5
13,1911,0.0,0.199995756149292,0.28125,3,4
13,1912,0.046712398529052734,0.046712398529052734,0.84375,4,3
13,1913,0.01634848117828369,0.01634848117828369,0.93359375,2,1
13,1914,0.07423579692840576,0.07423579692840576,0.82421875,4,5
13,1915,0.01915956044103951,0.23926085233688354,0.33203125,2,4
13,1916,0.08795607089996338,0.08795607089996338,0.77734375,3,3
13,1917,0.01001274585723877,0.01001274585723877,0.89453125,3,4
13,1918,0.10504549741744995,0.10504549741744995,0.734375,4,3
13,1919,0.10669678635895254,0.18455660343170166,0.53125,3,5
13,1920,0.11751951801124962,0.15388745069503784,0.60546875,4,6
13,1921,0.01106172800064087,0.01106172800064087,0.87890625,3,4
13,1922,0.01254117488861084,0.01254117488861084,0.875,4,3
13,1923,0.008463740348815918,0.008463740348815918,0.921875,1,1
13,1924,0.09086238685995342,0.15203118324279785,0.5390625,4,5
13,1925,0.06472563743591309,0.06472563743591309,0.796875,4,5
13,1926,0.06625652313232422,0.06625652313232422,0.79296875,4,6
13,1927,0.022493481636047363,0.022493481636047363,0.91015625,1,2
13,1928,0.07535004615783691,0.07535004615783691,0.75390625,3,3
13,1929,0.06669753789901733,0.06669753789901733,0.8203125,4,5
13,1930,0.03825342655181885,0.03825342655181885,0.77734375,5,5
13,1931,0.05530549399554731,0.20820891857147217,0.40625,2,4
13,1932,0.023063063621520996,0.023063063621520996,0.87109375,3,3
13,1933,0.04310029745101929,0.04310029745101929,0.875,1,3
13,1934,0.08554261922836304,0.08554261922836304,0.78125,4,6
13,1935,0.0,0.2641350030899048,0.26171875,5,6
13,1936,0.05418527126312256,0.05418527126312256,0.828125,5,4
13,1937,0.005480858962982901,0.2551090717315674,0.30859375,4,5
13,1938,0.0002187490463256836,0.0002187490463256836,0.9921875,4,5
13,1939,0.07654318585991861,0.09308815002441406,0.62890625,6,7
13,1940,0.08839053765404971,0.12198370695114136,0.58984375,5,9
13,1941,0.012224555015563965,0.012224555015563965,0.890625,4,4
13,1942,0.05828016996383667,0.05828016996383667,0.828125,3,6
13,1943,0.0033904314041137695,0.0033904314041137695,0.9765625,2,3
13,1944,0.009987831115722656,0.009987831115722656,0.91796875,3,3
13,1945,0.07986855506896973,0.07986855506896973,0.796875,3,2
13,1946,0.11709734471514822,0.11732649803161621,0.69921875,4,4
13,1947,0.0029128328897059038,0.24856173992156982,0.3046875,3,4
13,1948,0.005068182945251465,0.005068182945251465,0.94140625,2,2
13,1949,0.0829120941925794,0.17614519596099854,0.48828125,2,2
13,1950,0.10571696609258655,0.19611263275146484,0.515625,2,3
13,1951,0.07362532615661621,0.07362532615661621,0.80859375,5,7
13,1952,0.08999624848365785,0.18730926513671875,0.4921875,3,4
13,1953,0.010859847068786621,0.010859847068786621,0.953125,4,3
13,1954,0.0,0.24696969985961914,0.27734375,4,6
13,1955,0.07317197322845459,0.07317197322845459,0.8125,3,2
13,1956,0.10718929767608643,0.10718929767608643,0.734375,3,1
13,1957,0.004816591739654541,0.004816591739654541,0.96484375,1,2
13,1958,0.0803894028067589,0.1673145294189453,0.4921875,4,3
13,1959,0.11471176159102471,0.15021079778671265,0.60546875,4,6
13,1960,0.08463239669799805,0.08463239669799805,0.81640625,4,4
13,1961,0.016086161136627197,0.016086161136627197,0.875,3,2
13,1962,0.10473241447471084,0.15277206897735596,0.57421875,2,4
13,1963,0.04465341567993164,0.04465341567993164,0.71484375,2,2
13,1964,0.007818341255187988,0.007818341255187988,0.9375,3,5
13,1965,0.012281954288482666,0.012281954288482666,0.8984375,4,7
13,1966,0.10108480881899597,0.1054081916809082,0.68359375,3,3
13,1967,0.0024275779724121094,0.0024275779724121094,0.953125,2,4
13,1968,0.08202570676803589,0.08202570676803589,0.75390625,2,3
13,1969,0.030102014541625977,0.030102014541625977,0.87109375,1,3
13,1970,0.016986727714538574,0.016986727714538574,0.8828125,2,3
13,1971,0.099526047706604,0.099526047706604,0.7734375,5,6
13,1972,0.023285746574401855,0.023285746574401855,0.80859375,1,1
13,1973,0.0851259268820286,0.17717266082763672,0.4921875,3,3
13,1974,0.0646904706954956,0.0646904706954956,0.75,5,8
13,1975,0.0026788711547851562,0.0026788711547851562,0.97265625,3,3
13,1976,0.06595662189647557,0.1815580129623413,0.4453125,2,4
13,1977,0.01948380470275879,0.01948380470275879,0.86328125,2,2
13,1715,0.12457500072196127,0.15518832206726074,0.62109375,2,4
13,1830,0.10896343365311625,0.1950674057006836,0.5234375,1,2
13,1978,0.0028617382049560547,0.0028617382049560547,0.96484375,1,1
13,1979,0.0005860328674316406,0.0005860328674316406,0.984375,1,0
13,1980,0.0,0.30667805671691895,0.09375,2,5
13,1981,0.09478415001649411,0.1612275242805481,0.53515625,1,2
13,1982,0.021672487258911133,0.021672487258911133,0.859375,3,3
13,1983,0.059460998512804515,0.1593928337097168,0.44921875,3,4
13,1984,0.010745048522949219,0.010745048522949219,0.91796875,2,3
13,1985,0.10528880357742312,0.2105776071548462,0.5,1,3
13,1986,0.0031120777130126953,0.0031120777130126953,0.96484375,3,7
13,1987,0.013070225715637207,0.013070225715637207,0.88671875,3,3
13,1988,0.00038254261016845703,0.00038254261016845703,0.984375,2,3
13,1989,0.01642842963337899,0.23364877700805664,0.328125,2,3
13,1990,0.11302088736556472,0.18027007579803467,0.55078125,1,2
13,1991,0.0795620307326317,0.08381843566894531,0.6796875,2,3
13,1992,0.08588777948170902,0.18246698379516602,0.48828125,1,2
13,1993,0.04802274703979492,0.04802274703979492,0.86328125,2,4
13,1994,0.005434870719909668,0.005434870719909668,0.94921875,2,3
13,1995,0.03045421838760376,0.03045421838760376,0.91015625,2,3
13,1996,0.11829945957288147,0.11970221996307373,0.6953125,1,2
13,1997,0.002222418785095215,0.002222418785095215,0.9921875,2,3
13,1998,0.06941831111907959,0.06941831111907959,0.796875,2,3
13,1999,0.11133480072021484,0.11133480072021484,0.73046875,1,2
13,2000,0.11185406357981267,0.19026339054107666,0.53515625,1,3
13,2001,0.04049557447433472,0.04049557447433472,0.8359375,1,3
13,2002,0.08371796086430551,0.22441673278808594,0.44921875,2,4
13,2003,0.0019909143447875977,0.0019909143447875977,0.984375,2,3
13,2004,0.0879209041595459,0.0879209041595459,0.703125,2,2
13,2005,0.003618955612182617,0.003618955612182617,0.94140625,1,2
13,2006,0.0029288530349731445,0.0029288530349731445,0.9609375,2,2
13,2007,0.041489362716674805,0.041489362716674805,0.79296875,1,3
13,2008,0.07126516103744507,0.07126516103744507,0.71484375,2,5
13,2009,0.011454224586486816,0.011454224586486816,0.90625,1,2
13,2010,0.06305456161499023,0.06305456161499023,0.74609375,1,2
13,2011,0.11748624709434809,0.18451827764511108,0.5546875,1,2
13,2012,0.030669331550598145,0.030669331550598145,0.890625,1,2
13,2013,0.039156422601081445,0.19849592447280884,0.37890625,2,5
13,2014,0.10280501237139107,0.1418764591217041,0.58984375,1,3
13,2015,0.03382501308806241,0.10127723217010498,0.43359375,1,1
13,2016,0.01581394672393799,0.01581394672393799,0.859375,2,3
13,2017,0.0,0.24588006734848022,0.296875,2,4
13,2018,0.04543954133987427,0.04543954133987427,0.80078125,3,4
13,2019,0.008606255054473877,0.008606255054473877,0.8984375,1,1
13,2020,0.055129945278167725,0.055129945278167725,0.859375,1,2
13,2021,0.011231541633605957,0.011231541633605957,0.88671875,1,0
13,2022,0.09229577309451999,0.1014065146446228,0.6640625,1,3
13,2023,0.11994849820621313,0.139259934425354,0.64453125,2,4
13,2024,0.005395293235778809,0.005395293235778809,0.9375,3,3
13,2025,0.1186917074956,0.16380095481872559,0.58984375,1,3
13,2026,0.1081122566247359,0.1452847123146057,0.59765625,1,2
13,2027,0.05637171701528133,0.06696593761444092,0.63671875,2,1
13,2028,0.018500983715057373,0.018500983715057373,0.859375,2,4
13,2029,0.08846908411942424,0.1702863574028015,0.5078125,1,1
13,2030,0.020641454961150895,0.22974836826324463,0.3359375,3,4
13,2031,0.06009847205132247,0.14245563745498657,0.46875,1,1
13,2032,0.07724738121032715,0.07724738121032715,0.81640625,2,3
13,2033,0.02905869483947754,0.02905869483947754,0.80859375,1,1
13,2034,0.07577365706674756,0.13331997394561768,0.52734375,2,3
13,2035,0.10664681007619949,0.1512553095817566,0.58203125,1,1
13,2036,0.08955151028931142,0.16031599044799805,0.5234375,2,3
13,2037,0.007522940635681152,0.007522940635681152,0.91796875,1,0
13,2038,0.007449448108673096,0.007449448108673096,0.94140625,1,3
13,2039,0.04056191444396973,0.04056191444396973,0.71484375,2,3
13,2040,0.05392652750015259,0.05392652750015259,0.76953125,3,5
13,2041,0.03277575969696045,0.03277575969696045,0.84765625,1,2
13,2042,0.07062262296676636,0.07062262296676636,0.734375,1,2
13,2043,0.0598372220993042,0.0598372220993042,0.859375,1,2
13,2044,0.0827892222441733,0.13002479076385498,0.5546875,1,2
13,2045,0.016610801219940186,0.016610801219940186,0.875,1,0
13,2046,0.006809711456298828,0.006809711456298828,0.9140625,2,4
13,2047,0.05961888050660492,0.18388473987579346,0.4296875,1,2
13,2048,0.11454995255917312,0.1855999231338501,0.546875,2,4
14,1783,0.11251286021433772,0.11976420879364014,0.67578125,4,3
14,1910,0.11132825003005566,0.12101924419403076,0.66796875,4,5
14,2049,0.09416166739538313,0.17467671632766724,0.515625,1,2
14,2050,0.11148923565633596,0.12119424343109131,0.66796875,1,2
14,2051,0.007130861282348633,0.007130861282348633,0.9453125,4,7
14,2052,0.03462022542953491,0.03462022542953491,0.80859375,4,3
14,2053,0.07170367240905762,0.07170367240905762,0.80859375,5,6
14,2054,0.030604617437347777,0.23741763830184937,0.3515625,2,3
14,2055,0.0962371826171875,0.0962371826171875,0.76953125,4,5
14,2056,0.0058280229568481445,0.0058280229568481445,0.94140625,3,3
14,2057,0.09446489810943604,0.09446489810943604,0.75390625,5,3
14,2058,0.008692502975463867,0.008692502975463867,0.9375,3,2
14,2059,0.0006966590881347656,0.0006966590881347656,0.98046875,4,2
14,2060,0.09280848503112793,0.09280848503112793,0.7578125,2,5
14,2061,0.014084219932556152,0.014084219932556152,0.890625,2,3
14,2062,0.005878806114196777,0.005878806114196777,0.9375,3,3
14,2063,0.0,0.2204684019088745,0.1875,4,5
14,2064,0.001883387565612793,0.001883387565612793,0.97265625,1,1
14,2065,0.0316656231880188,0.0316656231880188,0.8515625,2,4
14,2066,0.004735052585601807,0.004735052585601807,0.94140625,1,2
14,2067,0.0565151572227478,0.0565151572227478,0.8203125,4,3
14,2068,0.010765254497528076,0.010765254497528076,0.92578125,2,2
14,2069,0.10270261962432416,0.11406451463699341,0.66015625,6,8
14,2070,0.011807382106781006,0.011807382106781006,0.91796875,5,5
14,2071,0.03064829111099243,0.03064829111099243,0.859375,1,3
14,2072,0.009925425052642822,0.009925425052642822,0.90625,1,2
14,2073,0.02340632677078247,0.02340632677078247,0.85546875,1,1
14,2074,0.09211386053357275,0.1806984543800354,0.50390625,3,5
14,2075,0.009904146194458008,0.009904146194458008,0.90625,4,4
14,2076,0.10033503326121719,0.11390584707260132,0.65234375,3,3
14,2077,0.008397817611694336,0.008397817611694336,0.9296875,1,2
14,2078,0.05018860101699829,0.05018860101699829,0.80859375,4,4
14,2079,0.012065410614013672,0.012065410614013672,0.89453125,1,1
14,2080,0.025847673416137695,0.025847673416137695,0.87890625,2,2
14,2081,0.012381553649902344,0.012381553649902344,0.890625,2,4
14,2082,0.08729034662246704,0.08729034662246704,0.77734375,5,5
14,2083,0.02197057008743286,0.02197057008743286,0.87109375,2,3
14,2084,0.10532098310068251,0.1328185796737671,0.6171875,1,3
14,2085,0.05918616056442261,0.05918616056442261,0.80859375,2,5
14,2086,0.028184831142425537,0.028184831142425537,0.8359375,1,1
14,2087,0.09743884950876237,0.17753982543945312,0.51953125,4,6
14,2088,0.12439521402120592,0.15310180187225342,0.625,1,3
14,2089,0.028582453727722168,0.028582453727722168,0.875,1,1
14,2090,0.030177056789398193,0.030177056789398193,0.84375,5,7
14,2091,0.10222549084573986,0.16563117504119873,0.546875,1,2
14,2092,0.09222531318664551,0.09222531318664551,0.79296875,4,6
14,2093,0.0851534064859152,0.17369937896728516,0.49609375,3,4
14,2094,0.1088991528376937,0.10911226272583008,0.69921875,2,3
14,2095,0.011119842529296875,0.011119842529296875,0.92578125,3,3
14,2096,0.008311212062835693,0.008311212062835693,0.921875,4,3
14,2097,5.245208740234375e-06,5.245208740234375e-06,1.0,2,5
14,2098,0.002827286720275879,0.002827286720275879,0.97265625,5,5
14,2099,0.0037744706496596393,0.17568445205688477,0.30859375,2,3
14,2100,0.0013098716735839844,0.0013098716735839844,0.97265625,4,4
14,2101,0.006075501441955566,0.006075501441955566,0.92578125,1,2
14,2102,0.03728604316711426,0.03728604316711426,0.8515625,5,4
14,2103,0.012247085571289062,0.012247085571289062,0.8984375,4,5
14,2104,0.005697011947631836,0.005697011947631836,0.93359375,1,2
14,2105,0.006302356719970703,0.006302356719970703,0.9296875,1,1
14,2106,0.01107245683670044,0.01107245683670044,0.90625,2,2
14,2107,0.09947329759597778,0.09947329759597778,0.75390625,1,2
14,2108,0.0814860463142395,0.0814860463142395,0.796875,4,3
14,2109,0.10721964482218029,0.15420353412628174,0.578125,2,1
14,2110,0.008533477783203125,0.008533477783203125,0.921875,1,3
14,2111,0.09543443191796543,0.17084765434265137,0.5234375,2,4
14,2112,0.0031006336212158203,0.0031006336212158203,0.95703125,4,5
14,2113,0.08678543567657471,0.08678543567657471,0.7890625,2,3
14,2114,0.060045719146728516,0.060045719146728516,0.81640625,3,3
14,2115,0.05711147107649595,0.07292038202285767,0.61328125,2,4
14,2116,0.059122553095221526,0.06102973222732544,0.6875,5,4
14,2117,0.010012984275817871,0.010012984275817871,0.90234375,4,5
14,2118,0.079032301902771,0.079032301902771,0.80859375,1,2
14,2119,0.08953556523192675,0.13849610090255737,0.55859375,2,3
14,2120,0.013490438461303711,0.013490438461303711,0.890625,1,2
14,2121,0.06761348247528076,0.06761348247528076,0.73046875,2,3
14,2122,0.02281355857849121,0.02281355857849121,0.87890625,4,3
14,2123,0.02527154178824276,0.1597411036491394,0.36328125,4,3
14,2124,0.06654667854309082,0.06654667854309082,0.80078125,5,5
14,2125,0.11026204191148282,0.12948203086853027,0.640625,1,2
14,2126,0.028139889240264893,0.028139889240264893,0.8203125,3,3
14,2127,0.08342099189758301,0.08342099189758301,0.796875,2,3
14,2128,0.04485170356929303,0.14720559120178223,0.421875,4,5
14,2129,0.03445553779602051,0.03445553779602051,0.8125,4,7
14,2130,0.030436813831329346,0.030436813831329346,0.8203125,2,4
14,2131,0.10698790452443065,0.16803008317947388,0.5546875,1,2
14,2132,0.050237953662872314,0.050237953662872314,0.828125,3,3
14,2133,0.1133832335472107,0.1133832335472107,0.70703125,1,2
14,2134,0.011350572109222412,0.011350572109222412,0.92578125,3,5
14,2135,0.08891198039054872,0.1778239607810974,0.5,1,1
14,2136,0.008719146251678467,0.008719146251678467,0.93359375,1,1
14,1715,0.11956788832321764,0.1327955722808838,0.66015625,2,4
14,1996,0.10471230745315552,0.10471230745315552,0.71484375,1,2
14,2137,0.04373293928802014,0.0929098129272461,0.48828125,2,3
14,2138,0.0028880834579467773,0.0028880834579467773,0.97265625,1,3
14,2139,0.0008087754249572754,0.0008087754249572754,0.98046875,1,2
14,2140,0.05745100975036621,0.05745100975036621,0.76171875,2,4
14,2141,0.0425143837928772,0.0425143837928772,0.80859375,1,2
14,2142,0.08185561327263714,0.18544280529022217,0.4765625,2,4
14,2143,0.009939491748809814,0.009939491748809814,0.91015625,2,2
14,2144,0.012034595012664795,0.012034595012664795,0.91015625,2,4
14,2145,0.004990518093109131,0.004990518093109131,0.94921875,6,10
14,2146,0.06864491931628437,0.20553332567214966,0.43359375,1,3
14,2147,0.012617230415344238,0.012617230415344238,0.91015625,1,1
14,2148,0.010168135166168213,0.010168135166168213,0.8984375,1,3
14,2149,0.0270082950592041,0.0270082950592041,0.859375,2,3
14,2150,0.0055841803550720215,0.0055841803550720215,0.9375,1,1
14,2151,0.03647035360336304,0.03647035360336304,0.82421875,1,1
14,2152,0.10634530428797008,0.11203455924987793,0.6796875,1,2
14,2153,0.0028701424598693848,0.0028701424598693848,0.9609375,2,5
14,2154,0.10065045068040492,0.17708945274353027,0.52734375,3,6
14,2155,0.0,0.23000794649124146,0.17578125,1,2
14,2156,0.052144339890219285,0.2206438183784485,0.39453125,1,2
14,2157,0.009009838104248047,0.009009838104248047,0.9140625,1,2
14,2158,0.11182141932658853,0.12419211864471436,0.66015625,1,2
14,2159,0.1150248304475099,0.12243807315826416,0.67578125,2,4
14,2160,0.10674705728888513,0.1101905107498169,0.6875,1,2
14,2161,0.1068571535870433,0.13992547988891602,0.60546875,2,4
14,2162,0.11756484769284727,0.121357262134552,0.6875,2,5
14,2163,0.07132487930357458,0.19119548797607422,0.44921875,2,3
14,2164,0.08529532700777055,0.08804678916931152,0.6875,1,2
14,2165,0.07632035203278066,0.10392558574676514,0.59375,1,1
14,2166,0.08846217393875123,0.17692434787750244,0.5,1,1
14,2167,0.008442163467407227,0.008442163467407227,0.93359375,1,3
14,2168,0.04296015459112824,0.1559971570968628,0.41015625,2,1
14,2169,0.027401820523664366,0.22999560832977295,0.34765625,2,3
14,2170,0.027996182441711426,0.027996182441711426,0.875,2,3
14,2171,0.014136791229248047,0.014136791229248047,0.890625,2,3
14,2172,0.00800180435180664,0.00800180435180664,0.9375,2,4
14,2173,0.08439874649047852,0.08439874649047852,0.7734375,1,1
14,2174,0.006991744041442871,0.006991744041442871,0.92578125,1,1
14,2175,0.059251734637655325,0.137270987033844,0.47265625,1,2
14,2176,0.046648502349853516,0.046648502349853516,0.79296875,2,2
14,2177,0.001384139060974121,0.001384139060974121,0.9765625,2,3
14,2178,0.01434791088104248,0.01434791088104248,0.91796875,1,1
14,2179,0.006226301193237305,0.006226301193237305,0.93359375,1,2
14,2180,0.011002659797668457,0.011002659797668457,0.90625,1,1
14,2181,0.06748050451278687,0.06748050451278687,0.734375,2,3
14,2182,0.0035704374313354492,0.0035704374313354492,0.95703125,1,2
14,2183,0.09880226198583843,0.18328535556793213,0.515625,2,3
14,2184,0.0509116214234382,0.15702861547470093,0.4296875,1,3
14,2185,0.06360307335853578,0.12720614671707153,0.5,2,3
14,2186,0.015231847763061523,0.015231847763061523,0.87109375,1,2
14,2187,0.07367279287427665,0.10032039880752563,0.59375,1,2
14,2188,0.009939491748809814,0.009939491748809814,0.91015625,1,1
14,2189,0.0742577314376831,0.0742577314376831,0.71875,1,1
14,2190,0.05130159854888916,0.05130159854888916,0.76171875,2,4
14,2191,0.0126875638961792,0.0126875638961792,0.90234375,2,4
14,2192,0.07663289876654746,0.08157181739807129,0.67578125,1,1
14,2193,0.012157857418060303,0.012157857418060303,0.921875,3,5
14,2194,0.05032658576965332,0.05032658576965332,0.83203125,2,4
15,1715,0.11377757927402855,0.1509174108505249,0.6015625,2,4
15,2159,0.11687775398604573,0.13884317874908447,0.63671875,2,4
15,2195,0.03322470188140869,0.03322470188140869,0.82421875,2,4
15,2196,0.0018478631973266602,0.0018478631973266602,0.96484375,2,4
15,2197,0.047166407108306885,0.047166407108306885,0.8046875,4,4
15,2198,0.07673224131576718,0.11869156360626221,0.55859375,3,5
15,2199,0.0,0.33962810039520264,0.0859375,2,2
15,2200,0.01917421817779541,0.01917421817779541,0.88671875,1,1
15,2201,0.12006306648254395,0.12006306648254395,0.70703125,1,2
15,2202,0.09338635532185437,0.17323845624923706,0.515625,2,2
15,2203,0.013338029384613037,0.013338029384613037,0.8984375,3,3
15,2204,0.09078695322386922,0.17152369022369385,0.51171875,6,7
15,2205,0.076408748049289,0.16232895851135254,0.48828125,2,1
15,2206,0.10443099844269456,0.1333383321762085,0.61328125,4,4
15,2207,0.08787930128164591,0.13801902532577515,0.5546875,2,4
15,2208,0.10945749189704658,0.1451871395111084,0.6015625,4,5
15,2209,0.0929004759527743,0.1723371148109436,0.515625,2,1
15,2210,0.036395251750946045,0.036395251750946045,0.80078125,2,2
15,2211,0.028427839279174805,0.028427839279174805,0.80859375,3,3
15,2212,0.011493563652038574,0.011493563652038574,0.921875,2,3
15,2213,0.007154703140258789,0.007154703140258789,0.93359375,2,4
15,2214,0.029597043991088867,0.029597043991088867,0.84765625,1,1
15,2215,0.09434938849881293,0.15786564350128174,0.5390625,4,2
15,2216,0.031180247082374997,0.13193625211715698,0.39453125,2,1
15,2217,0.014400005340576172,0.014400005340576172,0.890625,6,8
15,2218,0.04192399978637695,0.04192399978637695,0.79296875,2,2
15,2219,0.0030072927474975586,0.0030072927474975586,0.953125,2,3
15,2220,0.049965858459472656,0.049965858459472656,0.8203125,6,7
15,2221,0.11166600533761085,0.12268882989883423,0.6640625,6,6
15,2222,0.016408801078796387,0.016408801078796387,0.8984375,2,5
15,2223,0.02731192111968994,0.02731192111968994,0.86328125,4,3
15,2224,0.09877516189590098,0.1381772756576538,0.5859375,3,5
15,2225,0.03889751434326172,0.03889751434326172,0.83203125,4,6
15,2226,0.050211954396218075,0.20403587818145752,0.3984375,2,1
15,2227,0.07992672128602864,0.12000727653503418,0.56640625,3,5
15,2228,0.012166082859039307,0.012166082859039307,0.9140625,4,3
15,2229,0.08751320838928223,0.08751320838928223,0.75390625,1,2
15,2230,0.01308739185333252,0.01308739185333252,0.921875,1,0
15,2231,0.09823524951934814,0.09823524951934814,0.7265625,3,5
15,2232,0.0523906946182251,0.0523906946182251,0.82421875,2,4
15,2233,0.0274198055267334,0.0274198055267334,0.875,3,5
15,2234,0.09643123275600375,0.17570388317108154,0.51953125,2,5
15,2235,0.012414029100909838,0.24446088075637817,0.3203125,2,5
15,2236,0.08108329586684705,0.08542108535766602,0.6796875,3,4
15,2237,0.035511553287506104,0.035511553287506104,0.81640625,2,0
15,2238,0.009599804878234863,0.009599804878234863,0.921875,3,4
15,2239,0.11275000229943545,0.12001663446426392,0.67578125,4,6
15,2240,0.028870191890746362,0.2081906795501709,0.35546875,3,3
15,2241,0.0021573901176452637,0.0021573901176452637,0.953125,5,3
15,2242,0.10179966688156128,0.10179966688156128,0.71875,4,3
15,2243,0.023685548221692453,0.2636304497718811,0.3359375,2,3
15,2244,0.12273043394088745,0.12273043394088745,0.7109375,3,6
15,2245,0.08949744701385498,0.08949744701385498,0.76171875,4,5
15,2246,0.014539957046508789,0.014539957046508789,0.90234375,2,3
15,2247,0.023285627365112305,0.023285627365112305,0.87890625,6,7
15,2248,0.10853047273121776,0.1385725736618042,0.61328125,4,4
15,2249,0.030284523963928223,0.030284523963928223,0.80078125,2,2
15,2250,0.005675253109075138,0.264157235622406,0.30859375,4,5
15,2251,0.04136180877685547,0.04136180877685547,0.80078125,1,1
15,2252,0.06689488887786865,0.06689488887786865,0.8125,2,3
15,2253,0.051130594452843084,0.21635425090789795,0.39453125,4,6
15,2254,0.08407914312556387,0.18240898847579956,0.484375,2,4
15,2255,0.08573734760284424,0.08573734760284424,0.74609375,3,2
15,2256,0.0,0.3269873857498169,0.0859375,2,3
15,2257,0.08607516763731839,0.17914831638336182,0.4921875,2,2
15,2258,0.08017725707031788,0.16354882717132568,0.49609375,2,3
15,2259,0.02633845806121826,0.02633845806121826,0.85546875,2,3
15,2260,0.0009199976921081543,0.0009199976921081543,0.984375,1,1
15,2261,0.032453715801239014,0.032453715801239014,0.8046875,2,2
15,2262,0.08974546275567265,0.15265673398971558,0.53515625,3,2
15,2088,0.10758219414856286,0.1715952754020691,0.55078125,1,3
15,2162,0.10642126202583314,0.1358795166015625,0.61328125,2,5
15,2263,0.01469486951828003,0.01469486951828003,0.890625,1,1
15,2264,0.03328862506896258,0.22426021099090576,0.359375,1,2
15,2265,0.08732433104887606,0.22243809700012207,0.45703125,1,2
15,2266,0.08131637587212028,0.17275512218475342,0.48828125,1,2
15,2267,0.10501376353204252,0.16749858856201172,0.55078125,1,3
15,2268,0.004907369613647461,0.004907369613647461,0.953125,2,2
15,2269,0.013247787952423096,0.013247787952423096,0.89453125,1,1
15,2270,0.06071854801848532,0.2129307985305786,0.4140625,1,1
15,2271,0.04505599476397039,0.21762895584106445,0.3828125,1,2
15,2272,0.0,0.2603410482406616,0.2734375,1,2
15,2273,0.030011892318725586,0.030011892318725586,0.87109375,3,6
15,2274,0.09021193021908404,0.11663764715194702,0.609375,1,1
15,2275,0.013249516487121582,0.013249516487121582,0.921875,1,2
15,2276,0.04965352779254318,0.15790438652038574,0.42578125,1,2
15,2277,0.0014694929122924805,0.0014694929122924805,0.96484375,1,2
15,2278,0.09420835971832275,0.09420835971832275,0.78125,2,3
15,2279,0.10004361113533379,0.13806557655334473,0.58984375,1,1
15,2280,0.09364568046294154,0.17062842845916748,0.51953125,1,1
15,2281,0.09481597552075983,0.18599915504455566,0.50390625,1,2
15,2282,0.014021992683410645,0.014021992683410645,0.87890625,1,1
15,2283,0.039644479751586914,0.039644479751586914,0.8515625,1,2
15,2284,0.06157827377319336,0.06157827377319336,0.75,1,1
15,2285,0.0889580249786377,0.0889580249786377,0.7578125,1,2
15,2286,0.01268470287322998,0.01268470287322998,0.92578125,1,2
15,2287,0.08506052009761335,0.20640277862548828,0.46484375,2,5
15,2288,0.02229166030883789,0.02229166030883789,0.8828125,4,6
15,2289,0.08501625061035156,0.08501625061035156,0.78125,1,2
15,2290,0.09384999983012678,0.16801118850708008,0.5234375,2,2
15,2291,0.03688549995422363,0.03688549995422363,0.77734375,2,2
15,2292,0.014810323715209961,0.014810323715209961,0.91015625,1,2
15,2293,0.014260292053222656,0.014260292053222656,0.90234375,1,1
15,2294,0.025519132614135742,0.025519132614135742,0.8671875,2,2
15,2295,0.10250388504937293,0.13774800300598145,0.59765625,1,2
15,2296,0.005754649639129639,0.005754649639129639,0.94140625,1,0
15,2297,0.10204792022705078,0.10204792022705078,0.74609375,1,1
15,2298,0.0825437903404236,0.16508758068084717,0.5,1,2
15,2299,0.026522173080593358,0.2662618160247803,0.33984375,2,4
15,2300,0.021008551120758057,0.021008551120758057,0.8984375,1,2
15,2301,0.021677523152902733,0.24128025770187378,0.3359375,1,2
15,2302,0.04294002056121826,0.04294002056121826,0.83203125,1,1
15,2303,0.026701927185058594,0.026701927185058594,0.8359375,1,2
15,2304,0.06518113613128662,0.06518113613128662,0.74609375,1,2
15,2305,0.10507693910039964,0.19145691394805908,0.51953125,1,2
15,2306,0.012654662132263184,0.012654662132263184,0.91796875,1,2
15,2307,0.05576149234548212,0.1534940004348755,0.4453125,1,2
15,2308,0.017539143562316895,0.017539143562316895,0.88671875,2,4
15,2309,0.007882833480834961,0.007882833480834961,0.9375,2,3
15,2310,0.0,0.20927780866622925,0.22265625,1,1
15,2311,0.021039485931396484,0.021039485931396484,0.87890625,1,1
15,2312,0.04679638147354126,0.04679638147354126,0.8359375,2,4
15,2313,0.09445528127253057,0.22389400005340576,0.46875,2,4
15,2314,0.014558792114257812,0.014558792114257812,0.875,1,2
15,2315,0.024741291999816895,0.024741291999816895,0.890625,2,2
15,2316,0.06325805187225342,0.06325805187225342,0.7734375,2,3
15,2317,0.048617660999298096,0.048617660999298096,0.82421875,2,3
15,2318,0.023388564586639404,0.023388564586639404,0.89453125,1,1
15,2319,0.0,0.23844873905181885,0.16015625,1,2
15,2320,0.03648698329925537,0.03648698329925537,0.76953125,1,2
15,2321,0.02803671360015869,0.02803671360015869,0.8671875,2,2
15,2322,0.06739139556884766,0.06739139556884766,0.81640625,1,1
15,2323,0.11220774147659542,0.12069404125213623,0.671875,2,2
15,2324,0.09410177543759347,0.13346290588378906,0.58203125,1,2
15,2325,0.03561663627624512,0.03561663627624512,0.85546875,1,2
15,2326,0.012606441974639893,0.012606441974639893,0.93359375,2,4
15,2327,0.04354894161224365,0.04354894161224365,0.78515625,2,4
15,2328,0.023028314113616943,0.023028314113616943,0.859375,1,1
15,2329,0.10274897213093938,0.18721520900726318,0.51953125,2,6
15,2330,0.104884966975078,0.1322687268257141,0.6171875,1,1
15,2331,0.0,0.20955252647399902,0.234375,1,1
15,2332,0.10610160557553173,0.13380300998687744,0.6171875,1,1
15,2333,0.10418394953012468,0.1282263994216919,0.625,1,2
15,2334,0.014200091361999512,0.014200091361999512,0.8828125,2,3
15,2335,0.0971754789352417,0.0971754789352417,0.7265625,1,2
15,2336,0.10337167570833118,0.13891416788101196,0.59765625,1,3
15,2337,0.015996932983398438,0.015996932983398438,0.85546875,1,2
15,2338,0.02794438600540161,0.02794438600540161,0.8359375,1,2
15,2339,0.01981115515809507,0.24739784002304077,0.33203125,3,5
15,2340,0.0,0.26071053743362427,0.21875,2,4
16,2332,0.10816169530153276,0.13312208652496338,0.625,1,1
16,2305,0.1311810724437237,0.18866491317749023,0.578125,1,2
16,2341,0.04312336444854736,0.04312336444854736,0.8046875,1,1
16,2342,0.01866745948791504,0.01866745948791504,0.94140625,2,3
16,2343,0.10278046131134033,0.10278046131134033,0.73046875,1,2
16,2344,0.052285611629486084,0.052285611629486084,0.8671875,1,1
16,2345,0.0022242069244384766,0.0022242069244384766,0.96875,1,2
16,2346,0.110840015928261,0.1664225459098816,0.56640625,2,3
16,2347,0.10854935646057129,0.10854935646057129,0.7109375,1,3
16,2348,0.008862733840942383,0.008862733840942383,0.91796875,2,3
16,2349,0.11710261506959797,0.15334153175354004,0.60546875,1,2
16,2350,0.11310273979324849,0.11794012784957886,0.68359375,1,1
16,2351,0.07000405341386796,0.13474464416503906,0.5078125,1,1
16,2352,0.127218482317403,0.18825393915176392,0.5703125,1,3
16,2353,0.026923418045043945,0.026923418045043945,0.87890625,1,2
16,2354,0.13829179015010598,0.18108797073364258,0.60546875,1,2
16,2355,0.11231939122080804,0.11594259738922119,0.6875,1,1
16,2356,0.07539796829223633,0.07539796829223633,0.796875,2,3
16,2357,0.10646930336952211,0.13103914260864258,0.625,1,1
16,2358,0.038388073444366455,0.038388073444366455,0.8359375,1,0
16,2359,0.03590434789657593,0.03590434789657593,0.90234375,1,3
16,2360,0.11205365729983897,0.17872732877731323,0.55078125,1,2
16,2361,0.11084074212703855,0.12048929929733276,0.66796875,1,1
16,2362,0.03102242946624756,0.03102242946624756,0.82421875,1,2
16,2363,0.06498700380325317,0.06498700380325317,0.75390625,2,3
16,2364,0.04654983989894391,0.1578378677368164,0.41796875,2,2
16,2365,0.0012763738632202148,0.0012763738632202148,0.9609375,1,0
16,2366,0.11265009036287667,0.11746811866760254,0.68359375,1,1
16,2367,0.021029531955718994,0.021029531955718994,0.875,1,1
16,2368,0.015261530876159668,0.015261530876159668,0.8984375,1,1
16,2369,0.13689663202967498,0.15893667936325073,0.64453125,2,3
16,2370,0.1309942484367639,0.1439250111579895,0.6640625,1,2
16,2371,0.021900057792663574,0.021900057792663574,0.91015625,1,1
16,2372,0.00924760103225708,0.00924760103225708,0.92578125,1,1
16,2373,0.057391345500946045,0.057391345500946045,0.8515625,1,1
16,2374,0.05348777770996094,0.05348777770996094,0.86328125,1,1
16,2375,0.0941803981550038,0.15021920204162598,0.55078125,1,1
16,2376,0.041825950145721436,0.041825950145721436,0.8671875,1,2
16,2377,0.014031469821929932,0.014031469821929932,0.89453125,1,1
16,2378,0.09818863868713379,0.09818863868713379,0.71484375,1,3
16,2088,0.1302681723609567,0.17058134078979492,0.60546875,1,3
16,2267,0.12464321404695512,0.16749954223632812,0.59765625,1,3
16,2379,0.007476985454559326,0.007476985454559326,0.9375,1,0
16,2380,0.06882844213396312,0.13501977920532227,0.50390625,1,2
16,2381,0.044969916343688965,0.044969916343688965,0.80078125,3,2
16,2382,0.058827340602874756,0.058827340602874756,0.8125,1,3
16,2383,0.11468234506901355,0.14642733335494995,0.61328125,1,2
16,2384,0.11877510230988265,0.16173630952835083,0.59375,2,4
16,2385,0.08099191635847093,0.19198083877563477,0.46875,1,3
16,2386,0.0,0.29412388801574707,0.10546875,4,3
16,2387,0.011741459369659424,0.011741459369659424,0.9140625,2,2
16,2388,0.11980559839867057,0.13753467798233032,0.6484375,4,4
16,2389,0.05418730108067394,0.1491607427597046,0.4453125,1,1
16,2390,0.025354743003845215,0.025354743003845215,0.8671875,1,2
16,2391,0.048515915870666504,0.048515915870666504,0.79296875,2,2
16,2392,0.026337265968322754,0.026337265968322754,0.87890625,5,5
16,2393,0.02751636505126953,0.02751636505126953,0.8671875,3,5
16,2394,0.0054532575886696655,0.2538243532180786,0.30859375,1,2
16,2395,0.08143985271453857,0.08143985271453857,0.8203125,5,5
16,2396,0.06793975830078125,0.06793975830078125,0.8203125,3,4
16,2397,0.04192030429840088,0.04192030429840088,0.83203125,3,3
16,2398,0.03421282768249512,0.03421282768249512,0.8671875,1,2
16,2399,0.045678138732910156,0.045678138732910156,0.828125,2,3
16,2400,0.12118488899432124,0.1345914602279663,0.66015625,1,2
16,2401,0.11184599273838104,0.15435349941253662,0.58984375,2,2
16,2402,0.024952590465545654,0.024952590465545654,0.87890625,2,2
16,2403,0.009073853492736816,0.009073853492736816,0.9296875,1,3
16,2404,0.12527400255203247,0.12527400255203247,0.70703125,1,1
16,2405,0.0,0.35839134454727173,0.08984375,3,4
16,2406,0.015843045897781856,0.22532331943511963,0.328125,1,3
16,2407,0.06059765815734863,0.06059765815734863,0.71484375,4,7
16,2408,0.07517239125445487,0.08929991722106934,0.63671875,3,6
16,2409,0.0,0.3539465069770813,0.08984375,2,1
16,2410,0.07996048370841892,0.1456931233406067,0.51953125,1,3
16,2411,0.08422735240310432,0.13228344917297363,0.5546875,2,5
16,2412,0.10363280773162842,0.10363280773162842,0.75390625,4,6
16,2413,0.052631378173828125,0.052631378173828125,0.8671875,1,1
16,2414,0.03994583943858744,0.2024977207183838,0.37890625,2,4
16,2415,0.040758490562438965,0.040758490562438965,0.87890625,1,2
16,2416,0.0,0.2779553532600403,0.2734375,3,5
16,2417,0.09168367553502323,0.10073399543762207,0.6640625,1,3
16,2418,0.041742563247680664,0.041742563247680664,0.87109375,1,1
16,2419,0.05956977605819702,0.05956977605819702,0.83984375,1,1
16,2420,0.09976945701055231,0.18849432468414307,0.51171875,1,3
16,2421,0.10507846251130105,0.15549182891845703,0.5703125,1,1
16,2422,0.0106126070022583,0.0106126070022583,0.93359375,1,3
16,2423,0.010078191757202148,0.010078191757202148,0.9453125,4,2
16,2424,0.09322977112606169,0.16987061500549316,0.51953125,2,4
16,2425,0.07521617412567139,0.07521617412567139,0.82421875,1,1
16,2426,0.10580715513788165,0.1460195779800415,0.58984375,1,1
16,2427,0.014237523078918457,0.014237523078918457,0.90625,1,1
16,2428,0.03124213218688965,0.03124213218688965,0.85546875,2,4
16,2244,0.12253057956695557,0.12253057956695557,0.75390625,3,6
16,2201,0.11998383258469404,0.12021863460540771,0.69921875,1,2
16,2429,0.018049001693725586,0.018049001693725586,0.89453125,3,3
16,2430,0.01394432783126831,0.01394432783126831,0.91796875,3,6
16,2431,0.03102421760559082,0.03102421760559082,0.875,2,2
16,2432,0.0977018475532532,0.19540369510650635,0.5,4,4
16,2433,0.10031652450561523,0.10031652450561523,0.7421875,1,2
16,2434,0.040009140968322754,0.040009140968322754,0.828125,1,0
16,2435,0.0033396482467651367,0.0033396482467651367,0.9609375,1,0
16,2436,0.07707643508911133,0.07707643508911133,0.8359375,3,6
16,2437,0.08522319793701172,0.08522319793701172,0.83984375,3,5
16,2438,0.0035628080368041992,0.0035628080368041992,0.96875,3,3
16,2439,0.00022411346435546875,0.00022411346435546875,0.9921875,3,4
16,2440,0.09317430225200952,0.16393554210662842,0.52734375,3,5
16,2441,0.057611942291259766,0.057611942291259766,0.77734375,3,4
16,2442,0.09649288654327393,0.09649288654327393,0.76171875,6,7
16,2443,0.05257284641265869,0.05257284641265869,0.8515625,3,5
16,2444,0.03830432891845703,0.03830432891845703,0.89453125,4,4
16,2445,0.012606620788574219,0.012606620788574219,0.94140625,2,3
16,2446,0.08226954936981201,0.08226954936981201,0.78125,2,4
16,2447,0.0,0.361472487449646,0.08984375,7,8
16,2448,0.0,0.2773318886756897,0.265625,2,5
16,2449,0.0005570650100708008,0.0005570650100708008,0.98828125,2,1
16,2450,0.10639071988407524,0.1325353980064392,0.62109375,3,5
16,2451,0.012340784072875977,0.012340784072875977,0.91015625,1,0
16,2452,0.08099973807111384,0.12721431255340576,0.5546875,3,4
16,2453,0.009065091609954834,0.009065091609954834,0.93359375,2,4
16,2454,0.03842782974243164,0.03842782974243164,0.83203125,3,5
16,2455,0.0986079275608063,0.19721585512161255,0.5,4,4
16,2456,0.028875638730824004,0.2640058398246765,0.34375,2,5
16,2457,0.11123901675455274,0.16702163219451904,0.56640625,3,6
16,2458,0.06260837009176613,0.21955811977386475,0.4140625,4,4
16,2459,0.00429302453994751,0.00429302453994751,0.94140625,4,5
16,2460,0.0497627854347229,0.0497627854347229,0.7890625,2,4
16,2461,0.03767603635787964,0.03767603635787964,0.8828125,3,7
16,2462,0.008831262588500977,0.008831262588500977,0.94140625,2,5
16,2463,0.09784436225891113,0.09784436225891113,0.7578125,2,5
16,2464,0.00575101375579834,0.00575101375579834,0.94140625,2,1
16,2465,0.022902190685272217,0.022902190685272217,0.890625,4,6
16,2466,0.0903359055519104,0.0903359055519104,0.78515625,2,3
16,2467,0.0235292911529541,0.0235292911529541,0.88671875,2,4
16,2468,0.01846664864569903,0.26263678073883057,0.328125,6,6
16,2469,0.014343857765197754,0.014343857765197754,0.90625,3,6
16,2470,0.014128446578979492,0.014128446578979492,0.91015625,4,7
16,2471,0.07653650653082879,0.21650105714797974,0.44140625,2,5
16,2472,0.04128849506378174,0.04128849506378174,0.828125,3,5
16,2473,0.03512454032897949,0.03512454032897949,0.87890625,4,5
16,2474,0.008969545364379883,0.008969545364379883,0.9453125,2,4
16,2475,0.09403379727154972,0.2084212303161621,0.48046875,4,4
16,2476,0.13937240839004517,0.13937240839004517,0.71484375,3,6
16,2477,0.12824172247201207,0.1505957841873169,0.640625,2,4
16,2478,0.09306577220559122,0.21083927154541016,0.4765625,4,5
16,2479,0.040503859519958496,0.040503859519958496,0.8359375,2,4
16,2480,0.04170787334442139,0.04170787334442139,0.828125,4,4
16,2481,0.10281459381803872,0.18733477592468262,0.51953125,3,6
16,2482,0.1254406422376633,0.13492774963378906,0.671875,4,4
16,2483,0.07147496938705444,0.07147496938705444,0.8046875,2,2
16,2484,0.003371715545654297,0.003371715545654297,0.95703125,3,5
17,2369,0.14208337571471932,0.16495847702026367,0.64453125,2,3
17,2244,0.12819790840148926,0.12819790840148926,0.74609375,3,6
17,2485,0.027722060680389404,0.027722060680389404,0.890625,2,3
17,2486,0.12392504629679026,0.1347125768661499,0.66796875,3,5
17,2487,0.028213322162628174,0.028213322162628174,0.81640625,2,3
17,2488,0.11203705542720856,0.14670836925506592,0.60546875,1,1
17,2489,0.13282739790156486,0.14438986778259277,0.66796875,4,7
17,2490,0.01422572135925293,0.01422572135925293,0.90234375,1,1
17,2491,0.008897781372070312,0.008897781372070312,0.91796875,1,0
17,2492,0.11131876707077026,0.11131876707077026,0.78515625,2,3
17,2493,0.017299294471740723,0.017299294471740723,0.87890625,3,4
17,2494,0.11286369035951795,0.17458069324493408,0.55859375,2,4
17,2495,0.08471814263612033,0.2213045358657837,0.453125,2,3
17,2496,0.08104050159454346,0.08104050159454346,0.8046875,3,6
17,2497,0.04546345630660654,0.05161261558532715,0.65234375,4,8
17,2498,0.10193270444869995,0.10193270444869995,0.71484375,2,3
17,2499,0.12178977206349374,0.12571847438812256,0.6875,1,1
17,2500,0.10509458370506765,0.1817852258682251,0.53125,4,6
17,2501,0.10201871395111084,0.10201871395111084,0.74609375,3,4
17,2502,0.0920565128326416,0.0920565128326416,0.8203125,3,6
17,2503,0.00846845097839833,0.27099043130874634,0.3125,2,3
17,2504,0.012661278247833252,0.012661278247833252,0.921875,2,3
17,2505,0.11418170761317016,0.11440515518188477,0.69921875,2,3
17,2506,0.06116707529872657,0.23027604818344116,0.40625,2,3
17,2507,0.003969788551330566,0.003969788551330566,0.94921875,1,0
17,2508,0.04282557964324951,0.04282557964324951,0.79296875,2,3
17,2509,0.08880454301834106,0.08880454301834106,0.78515625,1,1
17,2510,0.10835754871368408,0.10835754871368408,0.75,1,2
17,2511,0.001057267189025879,0.001057267189025879,0.9765625,1,0
17,2512,0.13429263886064294,0.14294767379760742,0.67578125,3,7
17,2513,0.10676019079983236,0.18466627597808838,0.53125,2,3
17,2514,0.11055395181756468,0.17633527517318726,0.55078125,3,6
17,2515,0.022228640969842676,0.16029667854309082,0.35546875,3,3
17,2516,0.11736520542763175,0.14273393154144287,0.62890625,1,2
17,2517,0.0973924994468689,0.0973924994468689,0.76171875,1,2
17,2518,0.009350061416625977,0.009350061416625977,0.91796875,3,5
17,2519,0.1311850789934397,0.17863500118255615,0.59375,2,4
17,2520,0.10425702785141769,0.1899629831314087,0.51953125,3,4
17,2521,0.09781807707622649,0.2035888433456421,0.4921875,3,7
17,2522,0.12362767872400583,0.14858537912368774,0.6328125,3,5
17,2523,0.0020238161087036133,0.0020238161087036133,0.96484375,1,0
17,2524,0.09901869297027588,0.09901869297027588,0.7890625,1,2
17,2354,0.1253055921988562,0.18814212083816528,0.56640625,1,2
17,2305,0.12475792411714795,0.1959388256072998,0.5546875,1,2
17,2525,0.00885021686553955,0.00885021686553955,0.921875,1,1
17,2526,0.12133556976914407,0.13774681091308594,0.65234375,1,1
17,2527,0.06761395931243896,0.06761395931243896,0.83203125,1,1
17,2528,0.11954468640033157,0.17437857389450073,0.57421875,1,3
17,2529,0.10640281438827515,0.10640281438827515,0.71484375,1,3
17,2530,0.03387540578842163,0.03387540578842163,0.828125,1,2
17,2531,0.11884045600891113,0.11884045600891113,0.7109375,1,1
17,2532,0.006169795989990234,0.006169795989990234,0.953125,2,4
17,2533,0.0370330810546875,0.0370330810546875,0.890625,1,1
17,2534,0.044399261474609375,0.044399261474609375,0.80078125,1,1
17,2535,0.07309067249298096,0.07309067249298096,0.7734375,1,2
17,2536,0.047863006591796875,0.047863006591796875,0.85546875,1,4
17,2537,0.0,0.1991053819656372,0.265625,1,3
17,2538,0.007909655570983887,0.007909655570983887,0.92578125,1,0
17,2539,0.035632967948913574,0.035632967948913574,0.87109375,1,2
17,2540,0.07621484994888306,0.07621484994888306,0.7734375,1,2
17,2541,0.08792388439178467,0.08792388439178467,0.796875,1,1
17,2542,0.08589164307340981,0.23643290996551514,0.4453125,1,4
17,2543,0.1205192356137559,0.13992255926132202,0.64453125,1,2
17,2544,0.02124202251434326,0.02124202251434326,0.828125,1,1
17,2545,0.08855527639389038,0.08855527639389038,0.74609375,1,2
17,2546,0.08554482832551004,0.10528594255447388,0.625,1,1
17,2547,0.12634531711228195,0.19843190908432007,0.5546875,1,4
17,2548,0.11340605933219196,0.12460064888000488,0.6640625,1,2
17,2549,0.010488331317901611,0.010488331317901611,0.921875,2,2
17,2550,0.07627331907860936,0.10669928789138794,0.5859375,1,1
17,2551,0.1094379551941529,0.11184078454971313,0.69140625,2,5
17,2552,0.11875418620184065,0.15751850605010986,0.6015625,1,2
17,2553,0.03512376546859741,0.03512376546859741,0.859375,2,4
17,2554,0.12269606755580754,0.12538999319076538,0.69140625,1,3
17,2555,0.011709809303283691,0.011709809303283691,0.9140625,2,3
17,2556,0.011293292045593262,0.011293292045593262,0.90234375,1,1
17,2557,0.041835784912109375,0.041835784912109375,0.8203125,2,3
17,2558,0.011532902717590332,0.011532902717590332,0.921875,1,3
17,2559,0.09160810708999634,0.09160810708999634,0.75,1,3
17,2560,0.0008245706558227539,0.0008245706558227539,0.97265625,1,1
17,2561,0.013283729553222656,0.013283729553222656,0.9296875,1,1
17,2562,0.11335329059511424,0.15035462379455566,0.6015625,1,3
17,2563,0.002677440643310547,0.002677440643310547,0.9609375,1,0
17,2564,0.07781528495252134,0.24746227264404297,0.42578125,1,2
17,2565,0.06854170560836792,0.06854170560836792,0.8359375,1,1
17,2566,0.03231853246688843,0.03231853246688843,0.88671875,1,2
17,2567,0.016017675399780273,0.016017675399780273,0.90234375,1,3
17,2568,0.12299495423212649,0.18200409412384033,0.5703125,1,2
17,2569,0.09900912875309588,0.21944880485534668,0.48046875,1,3
17,2570,0.015444397926330566,0.015444397926330566,0.9140625,1,2
17,2571,0.06580322980880737,0.06580322980880737,0.73828125,1,2
17,2572,0.02405834197998047,0.02405834197998047,0.9140625,2,3
17,2573,0.11939424369484189,0.19344890117645264,0.546875,1,3
17,2574,0.11807200801558794,0.15661364793777466,0.6015625,1,2
17,2575,0.11543186870403589,0.16371500492095947,0.58203125,1,3
17,2576,0.10986995697021484,0.10986995697021484,0.703125,1,3
17,2577,0.03251338005065918,0.03251338005065918,0.828125,2,3
17,2578,0.047727227210998535,0.047727227210998535,0.80078125,1,2
17,2476,0.1361372582614422,0.14643335342407227,0.671875,3,6
17,2482,0.12378312251530589,0.14371192455291748,0.64453125,4,4
17,2579,0.013612151145935059,0.013612151145935059,0.8984375,2,3
17,2580,0.08295134943909944,0.08829748630523682,0.67578125,4,7
17,2581,0.11365860397927464,0.14333301782608032,0.6171875,2,3
17,2582,0.11334383487701416,0.11334383487701416,0.7421875,2,2
17,2583,0.032980382442474365,0.032980382442474365,0.78515625,4,6
17,2584,0.04413557052612305,0.04413557052612305,0.7265625,4,2
17,2585,0.11569041013717651,0.11569041013717651,0.734375,3,5
17,2586,0.05983096361160278,0.05983096361160278,0.83984375,3,5
17,2587,0.10179680259898306,0.1731560230255127,0.53515625,3,6
17,2588,0.1192152996081859,0.1738981008529663,0.57421875,3,7
17,2589,0.04211193323135376,0.04211193323135376,0.76171875,1,1
17,2590,0.09594523906707764,0.09594523906707764,0.78515625,4,4
17,2591,0.021300435066223145,0.021300435066223145,0.83984375,4,3
17,2592,0.045718610286712646,0.045718610286712646,0.734375,4,3
17,2593,0.024528705049306165,0.24624896049499512,0.33984375,2,4
17,2594,0.07375836372375488,0.07375836372375488,0.78125,1,2
17,2595,0.011396586894989014,0.011396586894989014,0.8984375,3,2
17,2596,0.012602508068084717,0.012602508068084717,0.9296875,3,4
17,2597,0.11745490017347039,0.15783965587615967,0.59765625,4,3
17,2598,0.017094194889068604,0.017094194889068604,0.92578125,5,5
17,2599,0.031127095222473145,0.031127095222473145,0.7734375,1,1
17,2600,0.01504451036453247,0.01504451036453247,0.875,3,5
17,2601,0.123507431242615,0.14339184761047363,0.64453125,1,1
17,2602,0.09279584884643555,0.09279584884643555,0.79296875,1,1
17,2603,0.09587066899985076,0.10421609878540039,0.66796875,1,2
17,2604,0.11678457260131836,0.11678457260131836,0.71484375,4,3
17,2605,0.01444937242195011,0.2386476993560791,0.32421875,2,2
17,2606,0.01909935474395752,0.01909935474395752,0.8515625,1,1
17,2607,0.06599557399749756,0.06599557399749756,0.8203125,3,4
17,2608,0.09887903928756714,0.09887903928756714,0.7734375,4,4
17,2609,0.018422365188598633,0.018422365188598633,0.88671875,1,2
17,2610,0.0989355049096048,0.16553914546966553,0.5390625,1,2
17,2611,0.12338558956980707,0.14489316940307617,0.640625,3,5
17,2612,0.1191246509552002,0.1191246509552002,0.74609375,3,7
17,2613,0.011791706085205078,0.011791706085205078,0.9140625,4,4
17,2614,0.13162559270858765,0.13162559270858765,0.70703125,3,6
17,2615,0.10851311683654785,0.10851311683654785,0.734375,4,4
17,2616,0.08265697956085205,0.08265697956085205,0.76953125,2,3
17,2617,0.001977980136871338,0.001977980136871338,0.96484375,4,3
17,2618,0.05590823921374977,0.0671948790550232,0.6328125,3,4
17,2619,0.08569764334242792,0.1820630431175232,0.48828125,3,4
17,2620,0.10475779802072795,0.10705786943435669,0.69140625,3,6
17,2621,0.008789002895355225,0.008789002895355225,0.9453125,3,3
17,2622,0.055176496505737305,0.055176496505737305,0.71875,4,3
17,2623,0.054714134428650155,0.22233045101165771,0.3984375,2,2
17,2624,0.1181148886680603,0.1181148886680603,0.76171875,2,4
17,2625,0.008359432220458984,0.008359432220458984,0.9140625,1,2
17,2626,0.03230702877044678,0.03230702877044678,0.796875,1,0
17,2627,0.04004955291748047,0.04004955291748047,0.7578125,3,4
17,2628,0.015413284301757812,0.015413284301757812,0.87109375,1,2
18,2512,0.14431041385978463,0.14602160453796387,0.6953125,3,7
18,2489,0.13796439347788694,0.14685606956481934,0.67578125,4,7
18,2629,0.12447190284729004,0.12447190284729004,0.73046875,2,4
18,2630,0.08861428499221802,0.08861428499221802,0.76171875,1,1
18,2631,0.12666773796081543,0.12666773796081543,0.73046875,2,4
18,2632,0.015531182289123535,0.015531182289123535,0.86328125,4,6
18,2633,0.008760690689086914,0.008760690689086914,0.9296875,3,6
18,2634,0.006865084171295166,0.006865084171295166,0.96875,3,7
18,2635,0.02978992462158203,0.02978992462158203,0.8515625,3,6
18,2636,0.10739505290985107,0.10739505290985107,0.7265625,3,7
18,2637,0.02264845371246338,0.02264845371246338,0.8828125,3,6
18,2638,0.08039521146565677,0.13906198740005493,0.53125,2,3
18,2639,0.0064185261726379395,0.0064185261726379395,0.94921875,3,6
18,2640,0.11455738544464111,0.11455738544464111,0.71484375,3,6
18,2641,0.1313554431544617,0.13423949480056763,0.69140625,3,6
18,2642,0.006728649139404297,0.006728649139404297,0.94921875,3,7
18,2643,0.02193915843963623,0.02193915843963623,0.875,3,7
18,2644,0.006619870662689209,0.006619870662689209,0.94921875,3,5
18,2645,0.03186589479446411,0.03186589479446411,0.828125,1,1
18,2646,0.00871431827545166,0.00871431827545166,0.94140625,2,2
18,2647,0.08451071695890279,0.22654181718826294,0.44921875,4,6
18,2648,0.03388488292694092,0.03388488292694092,0.8203125,4,6
18,2649,0.026544390013441454,0.2664848566055298,0.33984375,3,5
18,2650,0.10103395977057518,0.17185842990875244,0.53515625,4,6
18,2651,0.012142539024353027,0.012142539024353027,0.92578125,3,7
18,2652,0.1086993293138221,0.14607363939285278,0.59765625,3,4
18,2653,0.09626280609518291,0.17233061790466309,0.5234375,4,7
18,2654,0.0005691051483154297,0.0005691051483154297,0.99609375,4,7
18,2655,0.09878576919436456,0.15053069591522217,0.5625,2,4
18,2656,0.12275310675613584,0.12800323963165283,0.68359375,1,1
18,2657,0.09647452761419119,0.15882623195648193,0.54296875,2,4
18,2658,0.004602789878845215,0.004602789878845215,0.9453125,2,4
18,2659,0.09421906876377763,0.17167317867279053,0.51953125,3,8
18,2660,0.008008360862731934,0.008008360862731934,0.94921875,1,0
18,2661,0.11849950184114279,0.13757765293121338,0.64453125,4,6
18,2662,0.142319917678833,0.142319917678833,0.703125,2,5
18,2663,0.08039695024490356,0.08039695024490356,0.78515625,3,6
18,2664,0.0,0.25147318840026855,0.26953125,4,7
18,2665,0.0,0.26865994930267334,0.15625,3,7
18,2666,0.11269140057265761,0.19492566585540771,0.53125,1,2
18,2667,0.11846494674682617,0.11846494674682617,0.703125,1,2
18,2668,0.11703476309776308,0.1615142822265625,0.58984375,2,4
18,2669,0.01345914602279663,0.01345914602279663,0.921875,3,4
18,2670,0.10440308763645591,0.14807307720184326,0.58203125,4,7
18,2671,0.10027480521239342,0.15510785579681396,0.55859375,1,1
18,2672,0.014648079872131348,0.014648079872131348,0.9296875,4,7
18,2476,0.14096785336732867,0.14551520347595215,0.6875,3,6
18,2614,0.13134050369262695,0.13134050369262695,0.703125,3,6
18,2673,0.034326374530792236,0.034326374530792236,0.8125,2,4
18,2674,0.1089509129524231,0.1089509129524231,0.76171875,2,4
18,2675,0.10462442971765996,0.15481996536254883,0.5703125,3,5
18,2676,0.1173013597726822,0.1687030792236328,0.578125,3,7
18,2677,0.016080021858215332,0.016080021858215332,0.90625,4,3
18,2678,0.12420463562011719,0.12420463562011719,0.734375,3,5
18,2679,0.022727906703948975,0.022727906703948975,0.87890625,3,8
18,2680,0.01182633638381958,0.01182633638381958,0.9375,4,3
18,2681,0.11167858308181168,0.17539703845977783,0.5546875,2,3
18,2682,0.14297663094475868,0.1506255865097046,0.6796875,4,7
18,2683,0.08213074191007765,0.19929355382919312,0.46484375,4,3
18,2684,0.12039031041786076,0.15565615892410278,0.609375,4,3
18,2685,0.07488059997558594,0.07488059997558594,0.859375,2,4
18,2686,0.009871721267700195,0.009871721267700195,0.94140625,4,3
18,2687,0.08775299787521362,0.08775299787521362,0.78515625,3,4
18,2688,0.028490722179412842,0.028490722179412842,0.859375,3,5
18,2689,0.11630584404338153,0.16050833463668823,0.58984375,3,6
18,2690,0.11908548721112312,0.1559380292892456,0.60546875,3,7
18,2691,0.038605451583862305,0.038605451583862305,0.80859375,3,5
18,2692,0.03139066696166992,0.03139066696166992,0.8671875,3,5
18,2693,0.04359853267669678,0.04359853267669678,0.78125,1,0
18,2694,0.03529024124145508,0.03529024124145508,0.78125,4,3
18,2695,0.009431719779968262,0.009431719779968262,0.953125,1,1
18,2696,0.07822495698928833,0.07822495698928833,0.80078125,4,4
18,2697,0.03196609020233154,0.03196609020233154,0.8359375,3,6
18,2698,0.12755072116851807,0.12755072116851807,0.70703125,3,6
18,2699,0.12114839092828335,0.15468323230743408,0.61328125,3,4
18,2700,0.11591684818267822,0.11591684818267822,0.71875,4,4
18,2701,0.032090604305267334,0.032090604305267334,0.74609375,3,5
18,2702,0.08813094836659731,0.21904391050338745,0.4609375,3,6
18,2703,0.11806237697601318,0.11806237697601318,0.7421875,3,5
18,2704,0.11113685369491577,0.11113685369491577,0.76953125,1,2
18,2705,0.03572893142700195,0.03572893142700195,0.89453125,3,5
18,2706,0.08389453450217844,0.20851457118988037,0.4609375,4,6
18,2707,0.01985609531402588,0.01985609531402588,0.87890625,2,1
18,2708,0.10800707340240479,0.10800707340240479,0.75390625,2,5
18,2709,0.01813214365392924,0.257879376411438,0.328125,3,6
18,2710,0.11110338801518084,0.11704719066619873,0.6796875,1,3
18,2711,0.08325028419494629,0.08325028419494629,0.8359375,3,6
18,2712,0.12591910362243652,0.12591910362243652,0.73046875,2,4
18,2713,0.01730281114578247,0.01730281114578247,0.9140625,3,7
18,2714,0.051503777503967285,0.051503777503967285,0.859375,3,5
18,2715,0.11478958639781923,0.16280406713485718,0.58203125,3,6
18,2716,0.10925977863371374,0.1664910912513733,0.5625,3,6
18,2717,0.012837052345275879,0.012837052345275879,0.92578125,4,8
18,2718,0.1359530908521265,0.13621914386749268,0.69921875,3,5
18,2719,0.07903599739074707,0.07903599739074707,0.8125,1,1
18,2720,0.067160964012146,0.067160964012146,0.8125,2,3
18,2721,0.010696172714233398,0.010696172714233398,0.93359375,4,3
18,2722,0.06816154718399048,0.06816154718399048,0.7109375,3,5
18,2723,0.06442749500274658,0.06442749500274658,0.81640625,4,7
18,2724,0.011197865009307861,0.011197865009307861,0.91015625,4,4
18,2725,0.12159126996994019,0.12159126996994019,0.72265625,4,3
18,2726,0.0695955753326416,0.0695955753326416,0.859375,3,5
18,2369,0.13164576981216672,0.1660163402557373,0.6171875,2,3
18,2547,0.11782883643172684,0.20042645931243896,0.53515625,1,4
18,2727,0.04926764965057373,0.04926764965057373,0.8828125,1,2
18,2728,0.12919467652682218,0.1998419165611267,0.55859375,1,4
18,2729,0.02417898178100586,0.02417898178100586,0.859375,1,3
18,2730,0.11650756956078115,0.19180667400360107,0.54296875,1,3
18,2731,0.09663924970664085,0.2141960859298706,0.48046875,1,3
18,2732,0.1092720301821828,0.14128100872039795,0.609375,1,1
18,2733,0.11143617425113918,0.14053034782409668,0.6171875,2,3
18,2734,0.0,0.19690531492233276,0.27734375,1,1
18,2735,0.10121047496795654,0.10121047496795654,0.765625,1,2
18,2736,0.1093740463256836,0.1093740463256836,0.7265625,1,4
18,2737,0.025101065635681152,0.025101065635681152,0.89453125,1,2
18,2738,0.010673820972442627,0.010673820972442627,0.9140625,1,3
18,2739,0.06197035312652588,0.06197035312652588,0.83984375,1,1
18,2740,0.10110557079315186,0.10110557079315186,0.76171875,1,1
18,2741,0.0027123093605041504,0.0027123093605041504,0.97265625,1,0
18,2742,0.007602214813232422,0.007602214813232422,0.9453125,1,1
18,2743,0.013554871082305908,0.013554871082305908,0.9296875,2,5
18,2744,0.11532157135661693,0.11785358190536499,0.69140625,1,3
18,2745,0.016080779954791076,0.1789860725402832,0.3359375,1,2
18,2746,0.007178544998168945,0.007178544998168945,0.9609375,2,2
18,2747,0.12964054732583466,0.20053160190582275,0.55859375,1,2
18,2748,0.12550878943875435,0.1755751371383667,0.5859375,1,2
18,2749,0.01216435432434082,0.01216435432434082,0.921875,1,1
18,2750,0.11598822462838144,0.12608486413955688,0.66796875,1,4
18,2751,0.1296725686406717,0.2005811333656311,0.55859375,1,4
18,2752,0.13272394426167014,0.1856684684753418,0.5859375,2,3
18,2753,0.024479150772094727,0.024479150772094727,0.890625,2,2
18,2754,0.06404098263010384,0.06416630744934082,0.69921875,2,4
18,2755,0.10739051178097726,0.13542842864990234,0.6171875,2,3
18,2756,0.03805351257324219,0.03805351257324219,0.8828125,1,1
18,2757,0.0904611349105835,0.0904611349105835,0.78125,1,1
18,2758,0.09546007867902519,0.2262757420539856,0.46875,2,3
18,2759,0.10050137713551523,0.2328357696533203,0.47265625,1,2
18,2760,0.019053683616220958,0.2709857225418091,0.328125,2,2
18,2761,0.0010405778884887695,0.0010405778884887695,0.97265625,2,5
18,2762,0.012905120849609375,0.012905120849609375,0.90234375,1,3
18,2763,0.12776686437428,0.1434575319290161,0.65625,1,2
18,2764,0.06803631782531738,0.06803631782531738,0.796875,1,1
18,2765,0.0023212432861328125,0.0023212432861328125,0.98046875,1,1
18,2766,0.01780015230178833,0.01780015230178833,0.90625,2,3
18,2767,0.10487652756273748,0.18140804767608643,0.53125,1,3
18,2768,0.0001722574234008789,0.0001722574234008789,0.99609375,2,3
18,2769,0.046806275844573975,0.046806275844573975,0.8515625,1,4
18,2770,0.027664482593536377,0.027664482593536377,0.8671875,1,2
18,2771,0.016178488731384277,0.016178488731384277,0.90234375,1,0
18,2772,0.13605045434087518,0.15618348121643066,0.6484375,2,3
19,2772,0.12453076615929605,0.15326863527297974,0.625,2,3
19,2752,0.11753017082810403,0.18179893493652344,0.55859375,2,3
19,2773,0.0035589933395385742,0.0035589933395385742,0.97265625,2,1
19,2774,0.0976953662466258,0.13482487201690674,0.58984375,2,4
19,2775,0.0,0.25842010974884033,0.29296875,2,3
19,2776,0.12235728534869851,0.16442763805389404,0.59765625,2,3
19,2777,0.03991761803627015,0.15027809143066406,0.40625,2,3
19,2778,0.004791975021362305,0.004791975021362305,0.96875,3,3
19,2779,0.06566469080280514,0.06847316026687622,0.68359375,2,2
19,2780,0.0004048347473144531,0.0004048347473144531,0.99609375,1,1
19,2781,0.007732689380645752,0.007732689380645752,0.953125,2,2
19,2782,0.0938495807349682,0.15450477600097656,0.54296875,2,2
19,2783,0.10902841575443747,0.1885896921157837,0.53125,1,4
19,2784,0.03317121788859368,0.22346925735473633,0.359375,3,5
19,2785,0.09709542989730835,0.09709542989730835,0.75,1,2
19,2786,0.0630146861076355,0.0630146861076355,0.84375,1,3
19,2787,0.05483800172805786,0.05483800172805786,0.76953125,1,2
19,2788,0.10787213477306071,0.2038027048110962,0.51171875,1,2
19,2789,0.015505969524383545,0.015505969524383545,0.91796875,2,5
19,2790,0.1161002025473863,0.15399819612503052,0.6015625,2,3
19,2791,0.0056386864744126875,0.2624552249908447,0.30859375,2,5
19,2792,0.021831393241882324,0.021831393241882324,0.91796875,1,1
19,2793,0.017795979976654053,0.017795979976654053,0.9453125,2,2
19,2794,0.10106116533279419,0.10106116533279419,0.7578125,1,2
19,2795,0.09561415261123331,0.22151333093643188,0.47265625,1,3
19,2796,0.00589442253112793,0.00589442253112793,0.96875,3,4
19,2797,0.07492379774339498,0.12536269426345825,0.5390625,1,1
19,2798,0.004555225372314453,0.004555225372314453,0.9765625,1,2
19,2799,0.013243913650512695,0.013243913650512695,0.91796875,2,4
19,2800,0.01952493190765381,0.01952493190765381,0.8828125,3,4
19,2801,0.0011092424392700195,0.0011092424392700195,0.98828125,1,0
19,2802,0.0366901159286499,0.0366901159286499,0.828125,2,3
19,2803,0.0954059362411499,0.0954059362411499,0.7578125,2,3
19,2804,0.07528914744034411,0.16687464714050293,0.48046875,2,3
19,2805,0.10731040523387493,0.11422646045684814,0.67578125,1,1
19,2806,0.10523087298497559,0.1851484775543213,0.52734375,1,2
19,2807,0.06408900022506714,0.06408900022506714,0.73828125,1,1
19,2808,0.06269049644470215,0.06269049644470215,0.80078125,2,3
19,2809,0.06370615540072323,0.09854245185852051,0.55859375,2,2
19,2810,0.008738934993743896,0.008738934993743896,0.94921875,1,2
19,2811,0.08382807765156032,0.09623312950134277,0.6484375,2,3
19,2812,0.022080183029174805,0.022080183029174805,0.87109375,1,4
19,2813,0.013833284378051758,0.013833284378051758,0.921875,1,4
19,2814,0.010723233222961426,0.010723233222961426,0.921875,1,1
19,2815,0.07329809665679932,0.07329809665679932,0.72265625,1,1
19,2816,0.04164552688598633,0.04164552688598633,0.859375,2,3
19,2817,0.0,0.2768672704696655,0.203125,3,4
19,2682,0.12216209550388159,0.1402398943901062,0.6484375,4,7
19,2476,0.11952953319996597,0.13721776008605957,0.6484375,3,6
19,2818,0.06789898872375488,0.06789898872375488,0.84765625,4,8
19,2819,0.013971567153930664,0.013971567153930664,0.90625,4,5
19,2820,0.04846172826364638,0.2050611972808838,0.39453125,4,2
19,2821,0.11905739293433727,0.14309245347976685,0.6328125,3,7
19,2822,0.09634998114779593,0.16121304035186768,0.5390625,4,6
19,2823,0.03867828845977783,0.03867828845977783,0.8203125,3,6
19,2824,0.11207330226898193,0.11207330226898193,0.71484375,3,6
19,2825,0.012552857398986816,0.012552857398986816,0.9375,5,8
19,2826,0.10749316215515137,0.10749316215515137,0.75390625,2,4
19,2827,0.013422071933746338,0.013422071933746338,0.9140625,3,5
19,2828,0.09428219683468343,0.16308271884918213,0.53125,4,7
19,2829,0.05273890495300293,0.05273890495300293,0.74609375,4,7
19,2830,0.12648887466639283,0.14359712600708008,0.65234375,4,7
19,2831,0.1092418523039669,0.12401735782623291,0.65234375,5,9
19,2832,0.07834735128562899,0.21002012491226196,0.44921875,3,5
19,2833,0.10189502499997617,0.1552686095237732,0.5625,3,5
19,2834,0.11146688461303711,0.11146688461303711,0.73046875,3,6
19,2835,0.010874509811401367,0.010874509811401367,0.93359375,3,7
19,2836,0.01773858070373535,0.01773858070373535,0.890625,3,7
19,2837,0.06986844539642334,0.06986844539642334,0.703125,5,8
19,2838,0.09689474105834961,0.09689474105834961,0.79296875,3,6
19,2839,0.09458273428026588,0.16088491678237915,0.53515625,3,6
19,2840,0.09807026153430344,0.15889865159988403,0.546875,3,4
19,2841,0.011373460292816162,0.011373460292816162,0.9140625,5,9
19,2842,0.05380791425704956,0.05380791425704956,0.87109375,3,5
19,2843,0.013843774795532227,0.013843774795532227,0.90625,4,3
19,2844,0.06783038377761841,0.06783038377761841,0.8671875,3,6
19,2845,0.09865780593827368,0.12441575527191162,0.6171875,5,7
19,2846,0.011332273483276367,0.011332273483276367,0.921875,4,6
19,2847,0.014013528823852539,0.014013528823852539,0.91796875,4,7
19,2848,0.10136770177632572,0.13803261518478394,0.59375,4,6
19,2849,0.011666595935821533,0.011666595935821533,0.9140625,4,6
19,2850,0.03611719608306885,0.03611719608306885,0.77734375,2,4
19,2851,0.11179222422651948,0.12415969371795654,0.66015625,3,6
19,2852,0.04141438007354736,0.04141438007354736,0.76953125,3,5
19,2853,0.026712656021118164,0.026712656021118164,0.82421875,3,5
19,2854,0.011685490608215332,0.011685490608215332,0.9609375,3,6
19,2855,0.06653106212615967,0.06653106212615967,0.859375,3,5
19,2856,0.011901557445526123,0.011901557445526123,0.9140625,2,4
19,2857,0.103499548509717,0.17902624607086182,0.53125,4,9
19,2858,0.08993124961853027,0.08993124961853027,0.8046875,3,5
19,2859,0.09887880086898804,0.09887880086898804,0.765625,3,5
19,2860,0.004196882247924805,0.004196882247924805,0.953125,5,10
19,2861,0.09765527804847808,0.13850277662277222,0.58203125,2,3
19,2862,0.10302815935574473,0.1252979040145874,0.62890625,4,4
19,2863,0.08200830221176147,0.08200830221176147,0.80078125,3,6
19,2864,0.0917908826377243,0.1511155366897583,0.54296875,2,4
19,2865,0.028101861476898193,0.028101861476898193,0.9140625,2,3
19,2866,0.013701438903808594,0.013701438903808594,0.90234375,4,7
19,2867,0.023324966430664062,0.023324966430664062,0.84375,2,1
19,2868,0.09515984798781575,0.15178143978118896,0.55078125,5,6
19,2869,0.011493444442749023,0.011493444442749023,0.91796875,4,5
19,2870,0.016682028770446777,0.016682028770446777,0.8984375,3,6
19,2871,0.09409236907958984,0.09409236907958984,0.79296875,2,4
19,2872,0.0,0.22969108819961548,0.2890625,3,6
19,2873,0.09020339883863927,0.16733384132385254,0.515625,3,5
19,2874,0.01558685302734375,0.01558685302734375,0.890625,4,8
19,2875,0.0,0.2379000186920166,0.29296875,4,7
19,2876,0.04220592975616455,0.04220592975616455,0.78125,2,4
19,2877,0.1002311110496521,0.1002311110496521,0.78515625,3,6
19,2878,0.007719751447439201,0.2470320463180542,0.3125,3,4
19,2879,0.03807659447193147,0.20307517051696777,0.375,4,8
19,2880,0.1151335642207414,0.12515580654144287,0.66796875,3,6
19,2512,0.14159843407105657,0.14470738172531128,0.69140625,3,7
19,2662,0.13580300298053774,0.1416112780570984,0.68359375,2,5
19,2881,0.0013140439987182617,0.0013140439987182617,0.98828125,1,0
19,2882,0.10027229692786933,0.1734439730644226,0.53125,2,3
19,2883,0.0980180825572461,0.13527023792266846,0.58984375,1,2
19,2884,0.10985233681276442,0.13853299617767334,0.6171875,2,5
19,2885,0.10339864250272514,0.1407981514930725,0.59375,3,5
19,2886,0.09229290322400631,0.1544247269630432,0.5390625,2,3
19,2887,0.01644301414489746,0.01644301414489746,0.9140625,4,8
19,2888,0.07259261608123779,0.07259261608123779,0.83984375,1,2
19,2889,0.0,0.0,1.0,2,3
19,2890,0.011561095714569092,0.011561095714569092,0.9296875,1,2
19,2891,0.10450909892097117,0.21751487255096436,0.4921875,3,6
19,2892,0.0007176399230957031,0.0007176399230957031,0.984375,2,4
19,2893,0.08657494978979231,0.13597047328948975,0.5546875,3,5
19,2894,0.0287574427202344,0.10826331377029419,0.40625,1,2
19,2895,0.10590875148773193,0.10590875148773193,0.7421875,2,4
19,2896,0.02106088399887085,0.02106088399887085,0.9375,2,4
19,2897,0.1352132840547711,0.14099633693695068,0.68359375,3,7
19,2898,0.10856632667127998,0.12057691812515259,0.66015625,1,1
19,2899,0.09208063257392497,0.15159255266189575,0.54296875,1,2
19,2900,0.10417283955030145,0.1564120054244995,0.56640625,3,6
19,2901,0.07167541980743408,0.07167541980743408,0.82421875,2,4
19,2902,0.007197260856628418,0.007197260856628418,0.96875,3,7
19,2903,0.07739245891571045,0.07739245891571045,0.81640625,1,2
19,2904,0.007521927356719971,0.007521927356719971,0.95703125,3,5
19,2905,0.11070245504379272,0.11070245504379272,0.703125,1,1
19,2906,0.004263579845428467,0.004263579845428467,0.95703125,2,3
19,2907,0.10337550996337087,0.12280339002609253,0.63671875,1,1
19,2908,0.014086902141571045,0.014086902141571045,0.9375,1,2
19,2909,0.10542786121368408,0.10542786121368408,0.71484375,1,1
19,2910,0.10428089182823898,0.10985970497131348,0.6796875,4,8
19,2911,0.08541942201554777,0.2024756669998169,0.46875,3,5
19,2912,0.029721558094024658,0.029721558094024658,0.90234375,3,5
19,2913,0.059603869915008545,0.059603869915008545,0.84765625,1,2
19,2914,0.041415393352508545,0.041415393352508545,0.7734375,1,1
19,2915,0.09929485595785083,0.13343560695648193,0.59765625,1,2
19,2916,0.1015230517368764,0.19180738925933838,0.51171875,1,2
20,2851,0.12761652795597914,0.12912976741790771,0.6953125,3,6
20,2826,0.1124613881111145,0.1124613881111145,0.75390625,2,4
20,2917,0.11033499240875244,0.11033499240875244,0.72265625,1,2
20,2918,0.08002710342407227,0.08002710342407227,0.78515625,2,4
20,2919,0.031270623207092285,0.031270623207092285,0.8203125,5,6
20,2920,0.08610440720804037,0.1792091727256775,0.4921875,5,6
20,2921,0.013859152793884277,0.013859152793884277,0.91015625,4,4
20,2922,0.09909078525379302,0.1631333827972412,0.54296875,3,6
20,2923,0.013709425926208496,0.013709425926208496,0.921875,1,2
20,2924,0.06292752304580064,0.21337014436721802,0.41796875,2,4
20,2925,0.03507101535797119,0.03507101535797119,0.80859375,5,6
20,2926,0.0484183622756973,0.04851311445236206,0.69921875,3,4
20,2927,0.013318419456481934,0.013318419456481934,0.89453125,4,6
20,2928,0.12001023336779328,0.13045698404312134,0.66796875,2,4
20,2929,0.10487943887710571,0.10487943887710571,0.765625,3,4
20,2930,0.07993942499160767,0.07993942499160767,0.79296875,2,2
20,2931,0.11716542765498163,0.14420360326766968,0.625,2,3
20,2932,0.043453752994537354,0.043453752994537354,0.73046875,3,6
20,2933,0.011366426944732666,0.011366426944732666,0.93359375,3,5
20,2934,0.051458120346069336,0.051458120346069336,0.7109375,3,5
20,2935,0.00014477968215942383,0.00014477968215942383,0.99609375,4,5
20,2936,0.02273803949356079,0.02273803949356079,0.8515625,2,2
20,2937,0.002791285514831543,0.002791285514831543,0.97265625,3,4
20,2938,0.013958573341369629,0.013958573341369629,0.92578125,3,6
20,2939,0.0846681530820206,0.179875910282135,0.48828125,5,6
20,2940,0.1098136492073536,0.13515526056289673,0.625,3,5
20,2941,0.02401030843611807,0.15176886320114136,0.36328125,5,5
20,2942,0.014216601848602295,0.014216601848602295,0.921875,5,5
20,2943,0.07592564821243286,0.07592564821243286,0.79296875,2,4
20,2944,0.03828322887420654,0.03828322887420654,0.7890625,2,2
20,2897,0.1409701108932495,0.1409701108932495,0.73046875,3,7
20,2830,0.1498192548751831,0.1498192548751831,0.70703125,4,7
20,2945,0.12065548019018026,0.1433308720588684,0.63671875,4,6
20,2946,0.08420157432556152,0.08420157432556152,0.76953125,2,3
20,2947,0.029683470726013184,0.029683470726013184,0.8984375,2,2
20,2948,0.003763914108276367,0.003763914108276367,0.9765625,2,2
20,2949,0.10670229117386044,0.1135791540145874,0.67578125,4,7
20,2950,0.01430124044418335,0.01430124044418335,0.8984375,3,6
20,2951,0.02931833267211914,0.02931833267211914,0.83203125,4,8
20,2952,0.014682352542877197,0.014682352542877197,0.87890625,3,5
20,2953,0.014387667179107666,0.014387667179107666,0.93359375,2,4
20,2954,0.09901028871536255,0.09901028871536255,0.73046875,4,6
20,2955,0.059058864018879845,0.2308254837989807,0.40234375,2,5
20,2956,0.010910630226135254,0.010910630226135254,0.93359375,2,6
20,2957,0.003123164176940918,0.003123164176940918,0.96875,2,2
20,2958,0.13675823505036536,0.18139952421188354,0.6015625,1,2
20,2959,0.044704973697662354,0.044704973697662354,0.8671875,2,1
20,2960,0.040628790855407715,0.040628790855407715,0.85546875,2,5
20,2961,0.0714946985244751,0.0714946985244751,0.796875,2,2
20,2962,0.135274043539539,0.1535705327987671,0.65234375,3,8
20,2963,0.08153257565572859,0.12805116176605225,0.5546875,3,6
20,2964,0.017297744750976562,0.017297744750976562,0.92578125,4,7
20,2965,0.060712337493896484,0.060712337493896484,0.80078125,2,4
20,2966,0.09569978713989258,0.09569978713989258,0.8046875,5,9
20,2967,0.0993356704711914,0.0993356704711914,0.71875,2,2
20,2968,0.001545548439025879,0.001545548439025879,0.9765625,2,2
20,2969,0.11670368909835815,0.11670368909835815,0.75,2,3
20,2970,0.10680165269877763,0.17582780122756958,0.54296875,3,7
20,2971,0.11988120805472137,0.12894785404205322,0.671875,3,6
20,2972,0.1203143254388124,0.19807374477386475,0.54296875,2,5
20,2973,0.013714373111724854,0.013714373111724854,0.91015625,2,4
20,2974,0.09677866101264956,0.19355732202529907,0.5,5,10
20,2975,0.034769654273986816,0.034769654273986816,0.87109375,3,4
20,2976,0.03967630863189697,0.03967630863189697,0.79296875,2,4
20,2977,0.12630161643028262,0.13037586212158203,0.6875,3,6
20,2978,0.0009788274765014648,0.0009788274765014648,0.9921875,3,4
20,2979,0.12302753981202842,0.16318678855895996,0.6015625,4,8
20,2980,0.1306331506930292,0.211658775806427,0.546875,2,5
20,2981,0.1074547227472067,0.2331221103668213,0.484375,1,4
20,2982,0.012026607990264893,0.012026607990264893,0.94140625,5,9
20,2983,0.10579694621264936,0.11878955364227295,0.65625,3,7
20,2984,0.12626242637634277,0.12626242637634277,0.71875,3,6
20,2985,0.01622021198272705,0.01622021198272705,0.9375,2,3
20,2986,0.10464967065490784,0.10485446453094482,0.69921875,3,5
20,2987,0.12232887744903564,0.12232887744903564,0.7734375,5,8
20,2988,0.013105988502502441,0.013105988502502441,0.9140625,3,6
20,2989,0.0,0.27708500623703003,0.1015625,2,3
20,2990,0.04034268856048584,0.04034268856048584,0.80859375,1,1
20,2991,0.12482273578643799,0.12482273578643799,0.71484375,3,5
20,2992,0.04458266496658325,0.04458266496658325,0.796875,3,6
20,2993,0.09319456759840251,0.17288267612457275,0.515625,3,6
20,2994,0.007654070854187012,0.007654070854187012,0.9296875,3,5
20,2995,0.10085791349411011,0.10085791349411011,0.72265625,3,6
20,2996,0.07055014057550581,0.2112378478050232,0.43359375,3,7
20,2997,0.0,0.29118406772613525,0.18359375,3,4
20,2998,0.0799405574798584,0.0799405574798584,0.765625,2,3
20,2999,0.08959249546751381,0.11883771419525146,0.6015625,3,7
20,3000,0.010741472244262695,0.010741472244262695,0.9375,1,1
20,3001,0.012800753116607666,0.012800753116607666,0.89453125,3,6
20,3002,0.07483768463134766,0.07483768463134766,0.80078125,3,5
20,3003,0.045963168144226074,0.045963168144226074,0.80078125,2,3
20,3004,0.01095569133758545,0.01095569133758545,0.90234375,2,3
20,3005,0.09439408779144287,0.09439408779144287,0.80078125,3,7
20,3006,0.010547995567321777,0.010547995567321777,0.94921875,3,6
20,3007,0.033820390701293945,0.033820390701293945,0.81640625,2,2
20,3008,0.12705069466028365,0.2091638445854187,0.54296875,3,6
20,3009,0.02224631025455893,0.24761110544204712,0.3359375,2,2
20,3010,0.12177270650863647,0.12177270650863647,0.7265625,3,5
20,3011,0.022246479988098145,0.022246479988098145,0.86328125,3,6
20,3012,0.0,0.3181065320968628,0.06640625,4,8
20,3013,0.11008787155151367,0.11008787155151367,0.796875,4,7
20,3014,0.04585373401641846,0.04585373401641846,0.703125,4,6
20,3015,0.013205885887145996,0.013205885887145996,0.859375,2,3
20,3016,0.03899562358856201,0.03899562358856201,0.80078125,3,7
20,3017,0.1137538179755211,0.11742329597473145,0.6875,3,5
20,3018,0.061259925365448,0.061259925365448,0.8125,5,10
20,3019,0.00013583898544311523,0.00013583898544311523,0.99609375,3,4
20,3020,0.013304948806762695,0.013304948806762695,0.8984375,3,7
20,2512,0.1443050503730774,0.1443050503730774,0.72265625,3,7
20,2662,0.14047539234161377,0.14047539234161377,0.72265625,2,5
20,3021,0.08519679307937622,0.08519679307937622,0.765625,1,1
20,3022,0.1034860610961914,0.1034860610961914,0.71875,2,4
20,3023,0.0024064183235168457,0.0024064183235168457,0.984375,3,7
20,3024,0.03130728006362915,0.03130728006362915,0.8828125,3,6
20,3025,0.0031762123107910156,0.0031762123107910156,0.98046875,1,1
20,3026,0.08231798559427263,0.14238786697387695,0.53125,3,7
20,3027,0.08568799495697021,0.08568799495697021,0.76171875,1,1
20,3028,0.11288404534570874,0.13728415966033936,0.62890625,1,2
20,3029,0.10290604829788208,0.10290604829788208,0.70703125,3,6
20,3030,0.010387659072875977,0.010387659072875977,0.90234375,1,0
20,3031,0.10056122392416002,0.10816669464111328,0.671875,2,5
20,3032,0.14284504577517512,0.1474529504776001,0.6875,2,4
20,3033,0.06068828550633044,0.06080704927444458,0.69921875,3,4
20,3034,0.10923367878422142,0.13128554821014404,0.6328125,1,1
20,3035,0.011982262134552002,0.011982262134552002,0.9140625,1,1
20,3036,0.018283307552337646,0.018283307552337646,0.92578125,2,4
20,3037,0.05697432532906533,0.14883089065551758,0.453125,2,4
20,3038,0.08480419451370837,0.08934104442596436,0.6796875,3,7
20,3039,0.11832902161404492,0.14221704006195068,0.6328125,3,6
20,3040,0.10238309577107432,0.1970682144165039,0.5078125,1,1
20,3041,0.10023804113734516,0.19663554430007935,0.50390625,2,4
20,3042,0.06655389070510864,0.06655389070510864,0.8125,1,3
20,3043,0.0055564045906066895,0.0055564045906066895,0.93359375,1,0
20,3044,0.012263834476470947,0.012263834476470947,0.93359375,1,2
20,3045,0.1205032243160531,0.12073904275894165,0.69921875,3,6
20,3046,0.10771414730697872,0.1079249382019043,0.69921875,1,1
20,3047,0.023352503776550293,0.023352503776550293,0.9296875,4,8
20,3048,0.02082037925720215,0.02082037925720215,0.91796875,3,5
20,3049,0.028209686279296875,0.028209686279296875,0.91015625,4,8
20,3050,0.12214284483343364,0.16632217168807983,0.59375,3,7
20,3051,0.11134538892656566,0.12366342544555664,0.66015625,1,3
20,3052,0.09288268932141365,0.16923820972442627,0.51953125,1,1
20,3053,0.09250926971435547,0.09250926971435547,0.71484375,2,5
20,3054,0.09766823053359985,0.09766823053359985,0.75390625,3,6
20,3055,0.002815425395965576,0.002815425395965576,0.97265625,2,2
20,3056,0.10385361593216659,0.10940957069396973,0.6796875,2,3
20,3057,0.11120946635492147,0.12625110149383545,0.65234375,2,3
20,3058,0.01540374755859375,0.01540374755859375,0.91015625,3,5
20,3059,0.04478013515472412,0.04478013515472412,0.8671875,3,7
20,3060,0.10934498067945243,0.12989473342895508,0.63671875,1,1
21,3028,0.10476912138983609,0.13212263584136963,0.6171875,1,2
21,3057,0.10468197846785189,0.1215355396270752,0.64453125,2,3
21,3061,0.005041837692260742,0.005041837692260742,0.9453125,1,1
21,3062,0.11182635207660498,0.11903345584869385,0.67578125,1,2
21,3063,0.10934464260935785,0.1227729320526123,0.65625,1,2
21,3064,0.10870635649189354,0.1354200839996338,0.62109375,1,2
21,3065,0.024572014808654785,0.024572014808654785,0.8515625,1,2
21,3066,0.10666066920384766,0.13790470361709595,0.609375,1,2
21,3067,0.0031121373176574707,0.0031121373176574707,0.96875,1,1
21,3068,0.005239248275756836,0.005239248275756836,0.94921875,1,1
21,3069,0.08462877664715053,0.16289448738098145,0.5078125,1,1
21,3070,0.0035265684127807617,0.0035265684127807617,0.96484375,1,1
21,3071,0.08403788460418583,0.1558963656425476,0.515625,1,2
21,3072,0.10773095209151508,0.1236732006072998,0.6484375,1,2
21,3073,0.02960515022277832,0.02960515022277832,0.875,1,2
21,3074,0.08672115043736996,0.16692191362380981,0.5078125,1,2
21,3075,0.08524098386988045,0.16407287120819092,0.5078125,1,2
21,3076,0.07872974872589111,0.07872974872589111,0.77734375,2,3
21,3077,0.10813732352107765,0.10941958427429199,0.6953125,1,1
21,3078,0.10913723870180549,0.12528759241104126,0.6484375,2,2
21,3079,0.010683655738830566,0.010683655738830566,0.921875,1,1
21,3080,0.005811214447021484,0.005811214447021484,0.9375,2,2
21,3081,0.023281335830688477,0.023281335830688477,0.90234375,1,2
21,3082,0.1040731987450272,0.12082874774932861,0.64453125,1,1
21,3083,0.09989603061694653,0.13786190748214722,0.58984375,2,1
21,3084,0.001437067985534668,0.001437067985534668,0.98046875,1,0
21,3085,0.010671138763427734,0.010671138763427734,0.91015625,1,0
21,3086,0.10419989284127952,0.11961960792541504,0.6484375,3,5
21,3087,0.10449763014912607,0.14229464530944824,0.59375,1,2
21,3088,0.0024757981300354004,0.0024757981300354004,0.97265625,3,5
21,3089,0.10129287815652789,0.13435739278793335,0.6015625,1,2
21,3090,0.10327046900056304,0.12559258937835693,0.62890625,1,1
21,2958,0.12947094999253753,0.16739678382873535,0.609375,1,2
21,2962,0.13128069136291745,0.14120948314666748,0.671875,3,8
21,3091,0.12137148273177448,0.20645248889923096,0.53515625,3,5
21,3092,0.09961839253082873,0.22079920768737793,0.48046875,2,4
21,3093,0.006685614585876465,0.006685614585876465,0.9296875,4,6
21,3094,0.015732526779174805,0.015732526779174805,0.8828125,5,7
21,3095,0.08429652522318067,0.19529330730438232,0.47265625,5,9
21,3096,0.05713951587677002,0.05713951587677002,0.85546875,5,7
21,3097,0.0050040483474731445,0.0050040483474731445,0.953125,3,4
21,3098,0.029385805130004883,0.029385805130004883,0.8671875,4,7
21,3099,0.0777508020401001,0.0777508020401001,0.78125,3,5
21,3100,0.03290736675262451,0.03290736675262451,0.83203125,4,8
21,3101,0.038401007652282715,0.038401007652282715,0.88671875,3,5
21,3102,0.12037760019302368,0.12037760019302368,0.70703125,3,5
21,3103,0.0889205129351467,0.18507033586502075,0.4921875,4,9
21,3104,0.07221007347106934,0.07221007347106934,0.83203125,4,7
21,3105,0.0,0.24674928188323975,0.2578125,3,5
21,3106,0.06688576936721802,0.06688576936721802,0.78515625,5,9
21,3107,0.10332596302032471,0.10332596302032471,0.76953125,3,5
21,3108,0.03999149799346924,0.03999149799346924,0.890625,1,1
21,3109,0.07266825437545776,0.07266825437545776,0.85546875,4,7
21,3110,0.08056428772397341,0.2002374529838562,0.4609375,3,4
21,3111,0.09576761722564697,0.09576761722564697,0.75390625,4,6
21,3112,0.0928267240524292,0.0928267240524292,0.78515625,2,4
21,3113,0.0809387592598796,0.2114318609237671,0.453125,3,6
21,3114,0.019302725791931152,0.019302725791931152,0.92578125,3,5
21,3115,0.03705903631635011,0.23424971103668213,0.36328125,1,4
21,3116,0.08146440982818604,0.08146440982818604,0.7578125,2,4
21,3117,0.04897308349609375,0.04897308349609375,0.84765625,4,6
21,3118,0.010287165641784668,0.010287165641784668,0.91015625,3,5
21,3119,0.01138538122177124,0.01138538122177124,0.90625,4,7
21,3120,0.011250019073486328,0.011250019073486328,0.90234375,1,1
21,3121,0.0008074641227722168,0.0008074641227722168,0.9921875,3,5
21,3122,0.09849965572357178,0.09849965572357178,0.7421875,3,8
21,3123,0.06616979837417603,0.06616979837417603,0.79296875,3,5
21,3124,0.11298261070623997,0.21747028827667236,0.5078125,3,5
21,3125,0.03464841842651367,0.03464841842651367,0.7890625,2,3
21,3126,0.1025709251407534,0.14547455310821533,0.58203125,4,8
21,3127,0.12481815461069347,0.13286256790161133,0.67578125,2,3
21,3128,0.11176560446619989,0.14450502395629883,0.609375,3,6
21,3129,0.10622012615203857,0.10622012615203857,0.73046875,3,6
21,3130,0.0033286213874816895,0.0033286213874816895,0.96875,2,2
21,3131,0.06749606132507324,0.06749606132507324,0.7890625,3,8
21,3132,0.005463719367980957,0.005463719367980957,0.96484375,2,5
21,3133,0.02716350555419922,0.02716350555419922,0.90234375,3,5
21,3134,0.01224660873413086,0.01224660873413086,0.890625,3,8
21,3135,0.09236222505569458,0.09236222505569458,0.7734375,2,6
21,3136,0.12236595153808594,0.12236595153808594,0.703125,3,4
21,3137,0.09496021270751953,0.09496021270751953,0.7890625,3,6
21,3138,0.030368924140930176,0.030368924140930176,0.8984375,1,1
21,3139,0.0393298864364624,0.0393298864364624,0.89453125,4,6
21,3140,0.0802217721939087,0.16044354438781738,0.5,1,1
21,3141,0.11470761429518463,0.12603068351745605,0.6640625,1,1
21,3142,0.11779369029682132,0.20036667585372925,0.53515625,4,6
21,3143,0.012185096740722656,0.012185096740722656,0.90234375,3,5
21,3144,0.0638120174407959,0.0638120174407959,0.83984375,3,6
21,3145,0.09446043462958188,0.19268423318862915,0.49609375,2,3
21,3146,0.092460036277771,0.092460036277771,0.73828125,2,3
21,3147,0.07569992542266846,0.07569992542266846,0.8203125,4,6
21,3148,0.1414989307522774,0.14906883239746094,0.6796875,4,9
21,3149,0.10244280099868774,0.10244280099868774,0.75390625,1,2
21,3150,0.08411949872970581,0.08411949872970581,0.78515625,4,5
21,3151,0.10768316686153413,0.11831283569335938,0.6640625,2,3
21,2830,0.13980507268570366,0.14007866382598877,0.69921875,4,7
21,2512,0.13489842414855957,0.13489842414855957,0.7265625,3,7
21,3152,0.06537443399429321,0.06537443399429321,0.8515625,3,7
21,3153,0.09563302993774414,0.09563302993774414,0.734375,2,4
21,3154,0.08222997933626176,0.16773605346679688,0.49609375,5,6
21,3155,0.04616713523864746,0.04616713523864746,0.8203125,2,4
21,3156,0.028153538703918457,0.028153538703918457,0.85546875,4,7
21,3157,0.08442701748572291,0.1595078706741333,0.51171875,2,5
21,3158,0.1046345818322152,0.11878693103790283,0.65234375,4,7
21,3159,0.11008334625512363,0.17027997970581055,0.55859375,3,3
21,3160,0.03725099563598633,0.03725099563598633,0.890625,3,6
21,3161,0.02728956937789917,0.02728956937789917,0.9140625,3,6
21,3162,0.03470969200134277,0.03470969200134277,0.87109375,3,6
21,3163,0.09371733665466309,0.09371733665466309,0.75,2,4
21,3164,0.10960543155670166,0.10960543155670166,0.75390625,3,5
21,3165,0.07700887368991972,0.2119814157485962,0.4453125,4,8
21,3166,0.12880736473016444,0.12905943393707275,0.69921875,5,9
21,3167,0.12352409237064423,0.1801832914352417,0.57421875,5,9
21,3168,0.12487191054970027,0.1329197883605957,0.67578125,4,7
21,3169,0.13034475874155763,0.16642522811889648,0.61328125,3,6
21,3170,0.12132167816162111,0.1568603515625,0.609375,5,9
21,3171,0.011606752872467041,0.011606752872467041,0.90234375,3,7
21,3172,0.11905437707901001,0.11905437707901001,0.76171875,6,8
21,3173,0.12707734107971191,0.12707734107971191,0.71484375,3,6
21,3174,0.035781145095825195,0.035781145095825195,0.83984375,2,5
21,3175,0.0923999547958374,0.0923999547958374,0.73046875,3,7
21,3176,0.007508993148803711,0.007508993148803711,0.93359375,3,8
21,3177,0.0,0.0,1.0,3,6
21,3178,0.03572213649749756,0.03572213649749756,0.86328125,3,6
21,3179,0.0,0.2666676640510559,0.17578125,4,8
21,3180,0.09234100580215454,0.09234100580215454,0.75390625,2,5
21,3181,0.06863713264465332,0.06863713264465332,0.73046875,2,4
21,3182,0.07235548272728921,0.2104886770248413,0.4375,5,8
21,3183,0.10864733904600145,0.133719801902771,0.625,3,5
21,3184,0.08543754729907961,0.20731765031814575,0.46484375,3,5
21,3185,0.08457225561141968,0.08457225561141968,0.79296875,2,4
21,3186,0.043819427490234375,0.043819427490234375,0.859375,2,3
21,3187,0.03450411558151245,0.03450411558151245,0.87890625,4,6
21,3188,0.1382772456854582,0.13991689682006836,0.6953125,4,8
21,3189,0.08872105833142997,0.17077136039733887,0.5078125,4,5
21,3190,0.06145966053009033,0.06145966053009033,0.8515625,2,3
21,3191,0.08306872844696045,0.08306872844696045,0.7890625,3,6
21,3192,0.11371463222894819,0.1382942795753479,0.62890625,2,3
21,3193,0.0,0.29521358013153076,0.12890625,4,7
21,3194,0.013883471488952637,0.013883471488952637,0.94140625,3,6
21,3195,0.11365554970689119,0.13195383548736572,0.64453125,3,7
21,3196,0.10290954215452076,0.12977755069732666,0.6171875,5,8
21,3197,0.01027756929397583,0.01027756929397583,0.91796875,6,8
21,3198,0.1260919268243015,0.16725146770477295,0.6015625,2,3
21,3199,0.012480020523071289,0.012480020523071289,0.9140625,2,4
21,3200,0.0918691004626453,0.10093772411346436,0.6640625,2,4
21,3201,0.11461478471755981,0.11461478471755981,0.73046875,4,6
21,3202,0.032148659229278564,0.032148659229278564,0.8828125,3,5
21,3203,0.10286718327552082,0.11182165145874023,0.66796875,3,6
21,3204,0.10474814800545575,0.12300699949264526,0.640625,3,7
22,2962,0.13581720693036917,0.1374276876449585,0.6953125,3,8
22,3169,0.125372760463506,0.1641709804534912,0.60546875,3,6
22,3205,0.09425928723067047,0.15272390842437744,0.546875,2,2
22,3206,0.009026288986206055,0.009026288986206055,0.92578125,3,2
22,3207,0.126396328676492,0.13887321949005127,0.6640625,4,5
22,3208,0.09846457978710534,0.15230774879455566,0.55859375,4,6
22,3209,0.13006373867392543,0.13425934314727783,0.6875,2,4
22,3210,0.06245875358581543,0.06245875358581543,0.8125,3,3
22,3211,0.10481041541788728,0.11898654699325562,0.65234375,1,1
22,3212,0.01027524471282959,0.01027524471282959,0.93359375,2,3
22,3213,0.1280861287377775,0.18166232109069824,0.58203125,3,4
22,3214,0.043158650398254395,0.043158650398254395,0.8359375,3,3
22,3215,0.001756429672241211,0.001756429672241211,0.9765625,3,6
22,3216,0.10886138118803503,0.12497091293334961,0.6484375,4,5
22,3217,0.07888936996459961,0.07888936996459961,0.7421875,3,4
22,3218,0.10156652529258282,0.22511714696884155,0.48046875,3,6
22,3219,0.10551383625715972,0.11115860939025879,0.6796875,2,2
22,3220,0.06946682929992676,0.06946682929992676,0.8125,2,4
22,3221,0.012215137481689453,0.012215137481689453,0.94921875,3,8
22,3222,0.0884542465209961,0.0884542465209961,0.765625,2,4
22,3223,0.005816280841827393,0.005816280841827393,0.94921875,3,4
22,3224,0.09690239385236056,0.1765623688697815,0.51953125,3,8
22,3225,0.12066447036340835,0.1955069899559021,0.546875,1,2
22,3226,0.10137875145301224,0.13447129726409912,0.6015625,2,3
22,3227,0.014613747596740723,0.014613747596740723,0.90234375,3,3
22,3228,0.09483800805173816,0.16131913661956787,0.53515625,3,4
22,3229,0.12059795670211318,0.19854068756103516,0.54296875,3,4
22,3230,0.0,0.0,1.0,4,4
22,3231,0.12183008808642627,0.14306652545928955,0.640625,3,8
22,3232,0.14087754487991336,0.14542198181152344,0.6875,3,8
22,3233,0.12375264894217256,0.20051062107086182,0.546875,3,5
22,3234,0.08985166135244073,0.12074553966522217,0.59765625,2,3
22,3235,0.07118728919886054,0.10688531398773193,0.56640625,3,7
22,3236,0.012253046035766602,0.012253046035766602,0.91015625,3,5
22,3237,0.10343753895722331,0.13544762134552002,0.60546875,2,2
22,3238,0.10420974460430445,0.13141721487045288,0.6171875,2,3
22,3239,0.02923713205382229,0.24540019035339355,0.34765625,4,7
22,3240,0.011807560920715332,0.011807560920715332,0.921875,2,4
22,3241,0.11770244571380319,0.16693532466888428,0.58203125,1,2
22,3242,0.10600346699357034,0.1717524528503418,0.546875,4,8
22,3188,0.13321960670873526,0.13348031044006348,0.69921875,4,8
22,2512,0.12887488014530393,0.13718074560165405,0.67578125,3,7
22,3243,0.01451951265335083,0.01451951265335083,0.8984375,4,7
22,3244,0.011330723762512207,0.011330723762512207,0.9453125,3,6
22,3245,0.11317604035139085,0.1217355728149414,0.671875,1,1
22,3246,0.06711292057298125,0.21342742443084717,0.42578125,3,6
22,3247,0.07461810111999512,0.07461810111999512,0.8046875,4,7
22,3248,0.005155324935913086,0.005155324935913086,0.95703125,3,7
22,3249,0.0008181929588317871,0.0008181929588317871,0.99609375,2,2
22,3250,0.08735275268554688,0.08735275268554688,0.78125,3,7
22,3251,0.11145444028079511,0.17777156829833984,0.55078125,4,8
22,3252,0.07584214210510254,0.07584214210510254,0.80078125,3,6
22,3253,0.09154378878884019,0.09545910358428955,0.68359375,3,5
22,3254,0.013217926025390625,0.013217926025390625,0.90625,3,7
22,3255,0.11789244133979085,0.1910156011581421,0.546875,2,4
22,3256,0.09055131673812866,0.09055131673812866,0.77734375,1,1
22,3257,0.016136765480041504,0.016136765480041504,0.921875,4,8
22,3258,0.015491008758544922,0.015491008758544922,0.93359375,4,6
22,3259,0.014602184295654297,0.014602184295654297,0.8984375,3,5
22,3260,0.0727381706237793,0.0727381706237793,0.8359375,4,8
22,3261,0.031984196975827224,0.24811983108520508,0.3515625,4,6
22,3262,0.013282299041748047,0.013282299041748047,0.91796875,4,7
22,3263,0.11134774505626412,0.17223578691482544,0.55859375,2,4
22,3264,0.011368989944458008,0.011368989944458008,0.921875,5,6
22,3265,0.10515642166137695,0.10515642166137695,0.71484375,3,6
22,3266,0.10352464998140933,0.1625908613204956,0.5546875,3,5
22,3267,0.01859259605407715,0.01859259605407715,0.875,4,7
22,3268,0.010951876640319824,0.010951876640319824,0.9296875,3,5
22,3269,0.10014520026743415,0.18920421600341797,0.51171875,2,3
22,3270,0.01624506711959839,0.01624506711959839,0.87890625,4,7
22,3271,0.06790506839752197,0.06790506839752197,0.8046875,2,4
22,3272,0.0071239471435546875,0.0071239471435546875,0.94140625,1,2
22,3273,0.014627814292907715,0.014627814292907715,0.90625,3,4
22,3274,0.11175573198124768,0.12020784616470337,0.671875,4,6
22,3275,0.00012612342834472656,0.00012612342834472656,0.99609375,3,6
22,3276,0.0952467303723097,0.15432381629943848,0.546875,4,6
22,3277,0.0038450956344604492,0.0038450956344604492,0.97265625,4,8
22,3278,0.049627503496594734,0.06182307004928589,0.62109375,2,4
22,3279,0.10643779882229866,0.1342269778251648,0.6171875,1,2
22,3280,0.09985422482714058,0.18194079399108887,0.51953125,1,2
22,3281,0.09046393632888794,0.09046393632888794,0.80859375,3,5
22,3282,0.08304530382156372,0.08304530382156372,0.796875,4,9
22,3283,0.015334129333496094,0.015334129333496094,0.9296875,3,5
22,3284,0.1025498053058982,0.14345765113830566,0.5859375,3,6
22,3285,0.07738947868347168,0.07738947868347168,0.79296875,1,2
22,2830,0.1346287727355957,0.1346287727355957,0.71484375,4,7
22,3198,0.1153847530949861,0.1683105230331421,0.57421875,2,3
22,3286,0.05904042720794678,0.05904042720794678,0.82421875,2,3
22,3287,0.005354106426239014,0.005354106426239014,0.953125,1,0
22,3288,0.012737035751342773,0.012737035751342773,0.91015625,4,6
22,3289,0.013433516025543213,0.013433516025543213,0.91015625,2,3
22,3290,0.10434889793395996,0.10434889793395996,0.73046875,1,2
22,3291,0.10024704784154893,0.14417552947998047,0.578125,1,2
22,3292,0.0009772181510925293,0.0009772181510925293,0.99609375,2,2
22,3293,0.09767414955422284,0.16080117225646973,0.54296875,1,2
22,3294,0.010043859481811523,0.010043859481811523,0.921875,2,2
22,3295,0.0005133748054504395,0.0005133748054504395,0.99609375,1,0
22,3296,0.0036449432373046875,0.0036449432373046875,0.9609375,1,1
22,3297,0.09809365053661169,0.13912451267242432,0.58203125,1,2
22,3298,0.05138695240020752,0.05138695240020752,0.8359375,1,2
22,3299,0.0047716498374938965,0.0047716498374938965,0.96484375,1,2
22,3300,0.08480646880343558,0.22153526544570923,0.453125,2,3
22,3301,0.09944616653956474,0.18119728565216064,0.51953125,2,4
22,3302,0.03167581558227539,0.03167581558227539,0.84375,2,3
22,3303,0.07933640480041504,0.07933640480041504,0.78125,3,4
22,3304,0.0003954172134399414,0.0003954172134399414,0.99609375,1,0
22,3305,0.10074718762189151,0.137187659740448,0.59375,1,1
22,3306,0.07231676578521729,0.07231676578521729,0.7890625,2,3
22,3307,0.09610342979431152,0.09610342979431152,0.72265625,2,3
22,3308,0.025948286056518555,0.025948286056518555,0.83203125,4,4
22,3309,0.08500024303793909,0.20148205757141113,0.46875,4,7
22,3310,0.09233903884887695,0.09233903884887695,0.73046875,2,3
22,3311,0.09470361471176149,0.17568206787109375,0.515625,2,4
22,3312,0.10152815189212562,0.16450130939483643,0.546875,5,8
22,3313,0.09425759315490723,0.09425759315490723,0.71484375,3,5
22,3314,0.09430122375488281,0.09430122375488281,0.72265625,1,1
22,3315,0.02264326810836792,0.02264326810836792,0.86328125,4,7
22,3316,0.0025581717491149902,0.0025581717491149902,0.96875,1,1
22,3317,0.10434615612030029,0.10434615612030029,0.78515625,4,7
22,3318,0.11289787292480469,0.11289787292480469,0.74609375,2,4
22,3148,0.12880893284454945,0.15126186609268188,0.640625,4,9
22,3166,0.1230926513671875,0.1230926513671875,0.72265625,5,9
22,3319,0.09685856103897095,0.09685856103897095,0.734375,4,7
22,3320,0.11348408181220294,0.12742072343826294,0.65625,4,7
22,3321,0.01348501443862915,0.01348501443862915,0.90234375,5,11
22,3322,0.0964512825012207,0.0964512825012207,0.703125,5,11
22,3323,0.06889504194259644,0.06889504194259644,0.81640625,4,5
22,3324,0.09826048789545895,0.15432322025299072,0.5546875,6,12
22,3325,0.09774434566497803,0.09774434566497803,0.78125,5,10
22,3326,0.031361937522888184,0.031361937522888184,0.828125,5,8
22,3327,0.08351362531539054,0.20264917612075806,0.46484375,4,5
22,3328,0.08282768726348877,0.08282768726348877,0.81640625,5,9
22,3329,0.10052237403579058,0.10700094699859619,0.67578125,4,9
22,3330,0.06681052315980197,0.21246576309204102,0.42578125,4,7
22,3331,0.07792502641677856,0.07792502641677856,0.8046875,1,2
22,3332,0.0374598503112793,0.0374598503112793,0.91015625,4,9
22,3333,0.0986258969642222,0.18295818567276,0.515625,5,9
22,3334,0.11193233728408813,0.11193233728408813,0.72265625,2,3
22,3335,0.07006275653839111,0.07006275653839111,0.8125,2,4
22,3336,0.09432077407836914,0.09432077407836914,0.76953125,5,9
22,3337,0.038170695304870605,0.038170695304870605,0.7265625,4,8
22,3338,0.10123960790224375,0.18446505069732666,0.51953125,3,6
22,3339,0.12108772993087769,0.12108772993087769,0.703125,5,9
22,3340,0.005975468084216123,0.19121497869491577,0.3125,4,8
22,3341,0.05163268488831819,0.11444127559661865,0.48046875,5,11
22,3342,0.05874058883637191,0.2211410403251648,0.40625,5,9
22,3343,0.10778084443882109,0.13761544227600098,0.61328125,3,6
22,3344,0.09764162753708662,0.14660561084747314,0.56640625,4,5
22,3345,0.02284441574010999,0.22934001684188843,0.33984375,4,7
22,3346,0.09332233667373657,0.09332233667373657,0.7578125,3,4
23,3290,0.09998226165771484,0.09998226165771484,0.703125,1,2
23,3301,0.08235138468444349,0.17866063117980957,0.484375,2,4
23,3347,0.10150766372680664,0.10150766372680664,0.70703125,1,2
23,3348,0.08861533878371121,0.17056787014007568,0.5078125,2,3
23,3349,0.009631872177124023,0.009631872177124023,0.9296875,2,4
23,3350,0.09409198234789075,0.1500781774520874,0.55078125,1,1
23,3351,0.08541751583106817,0.16137921810150146,0.51171875,1,1
23,3352,0.011717796325683594,0.011717796325683594,0.91796875,1,2
23,3353,0.01062476634979248,0.01062476634979248,0.92578125,2,3
23,3354,0.10431410605087878,0.1268618106842041,0.62890625,2,3
23,3355,0.10311566130258144,0.1284555196762085,0.62109375,1,2
23,3356,0.011945605278015137,0.011945605278015137,0.91796875,1,2
23,3357,0.010172605514526367,0.010172605514526367,0.9296875,2,3
23,3358,0.08801290718838574,0.19507622718811035,0.48046875,2,2
23,3359,0.08694559428840877,0.15565085411071777,0.5234375,1,2
23,3360,0.08785107918083669,0.1572718620300293,0.5234375,2,4
23,3361,0.002655029296875,0.002655029296875,0.96484375,1,1
23,3362,0.015026211738586426,0.015026211738586426,0.90234375,1,1
23,3363,0.007095813751220703,0.007095813751220703,0.94140625,1,1
23,3364,0.10289117065258326,0.12222802639007568,0.63671875,1,2
23,3365,0.03243684768676758,0.03243684768676758,0.87890625,1,2
23,3366,0.001305222511291504,0.001305222511291504,0.97265625,1,2
23,3188,0.12696202052757147,0.13239216804504395,0.68359375,4,8
23,3209,0.12236606888473035,0.1316206455230713,0.671875,2,4
23,3367,0.11999061005190016,0.18560481071472168,0.55859375,3,5
23,3368,0.08687440003268422,0.1845630407333374,0.48828125,5,9
23,3369,0.12105544307269157,0.13444769382476807,0.66015625,2,4
23,3370,0.1040681600570679,0.20813632011413574,0.5,3,4
23,3371,0.13547353539615872,0.15211063623428345,0.65625,4,9
23,3372,0.09849952231161298,0.14368021488189697,0.57421875,4,5
23,3373,0.08356344699859619,0.08356344699859619,0.7421875,5,6
23,3374,0.055658698081970215,0.055658698081970215,0.828125,3,4
23,3375,0.09583989484235646,0.15286612510681152,0.55078125,4,6
23,3376,0.03385889530181885,0.03385889530181885,0.828125,2,3
23,3377,0.012726902961730957,0.012726902961730957,0.90234375,3,5
23,3378,0.08509653806686401,0.08509653806686401,0.76953125,4,4
23,3379,0.06357836723327637,0.06357836723327637,0.80078125,4,7
23,3380,0.0631263256072998,0.0631263256072998,0.8046875,1,2
23,3381,0.06389975547790527,0.06389975547790527,0.81640625,2,3
23,3382,0.0870819091796875,0.0870819091796875,0.734375,1,1
23,3383,0.009253740310668945,0.009253740310668945,0.9140625,1,0
23,3384,0.06453923578374089,0.19324028491973877,0.43359375,2,4
23,3385,0.09217632864601912,0.21354877948760986,0.47265625,3,5
23,3386,0.08683597028721125,0.1640591025352478,0.51171875,2,4
23,3387,0.007683396339416504,0.007683396339416504,0.921875,1,0
23,3388,0.10265294648706914,0.12054657936096191,0.640625,4,8
23,3389,0.08759307861328125,0.08759307861328125,0.7421875,2,3
23,3390,0.03779709339141846,0.03779709339141846,0.82421875,4,6
23,3391,0.12308959139045329,0.18481487035751343,0.56640625,2,3
23,3392,0.028263155603781353,0.23722517490386963,0.34765625,1,2
23,3393,0.005571901798248291,0.005571901798248291,0.95703125,1,0
23,3394,0.10311427759006621,0.12108832597732544,0.640625,2,2
23,3395,0.08806107635609807,0.14979159832000732,0.53515625,2,5
23,3396,0.10129589738789947,0.13612467050552368,0.59765625,4,5
23,3397,0.12264729500748218,0.14239323139190674,0.64453125,4,7
23,3398,0.07348120212554932,0.07348120212554932,0.78515625,1,1
23,3399,0.011372685432434082,0.011372685432434082,0.90625,4,6
23,3400,0.10068726539611816,0.10068726539611816,0.7421875,5,9
23,3401,0.11173629760742188,0.11173629760742188,0.73046875,4,8
23,3402,0.10314823081716896,0.11333024501800537,0.6640625,3,5
23,3403,0.10360200237482788,0.12166106700897217,0.640625,3,4
23,3404,0.07749376504216345,0.19739705324172974,0.45703125,5,7
23,3405,0.07413624390028418,0.18884456157684326,0.45703125,4,8
23,3406,0.10247535654343666,0.11139571666717529,0.66796875,2,3
23,3407,0.016468822956085205,0.016468822956085205,0.90625,4,6
23,3408,0.008935213088989258,0.008935213088989258,0.921875,2,2
23,3409,0.05326171789783986,0.22537189722061157,0.39453125,4,7
23,3410,0.053348004817962646,0.053348004817962646,0.80859375,2,3
23,3411,0.08811497688293457,0.08811497688293457,0.75390625,1,1
23,3412,0.0842430591583252,0.0842430591583252,0.74609375,4,9
23,3413,0.08575005806051196,0.19006073474884033,0.48046875,1,1
23,3414,0.0853243855526671,0.18911725282669067,0.48046875,1,2
23,3415,0.011880755424499512,0.011880755424499512,0.90625,4,4
23,3416,0.10275006294250488,0.10275006294250488,0.70703125,4,4
23,3417,0.08408528566360474,0.08408528566360474,0.77734375,2,4
23,3418,0.12147099501453341,0.1722801923751831,0.58203125,3,5
23,3419,0.011484146118164062,0.011484146118164062,0.90234375,1,1
23,2830,0.12263299408368768,0.1333080530166626,0.66796875,4,7
23,2512,0.13123071193695068,0.13123071193695068,0.70703125,3,7
23,3420,0.05051911971531809,0.15126192569732666,0.43359375,3,5
23,3421,0.09485936164855957,0.09485936164855957,0.78515625,6,9
23,3422,0.037798285484313965,0.037798285484313965,0.859375,2,4
23,3423,0.04325246810913086,0.04325246810913086,0.8046875,4,6
23,3424,0.11501235142350198,0.12116527557373047,0.6796875,1,2
23,3425,0.08395482902415098,0.16469299793243408,0.50390625,5,10
23,3426,0.04493405460380019,0.22778451442718506,0.37890625,3,5
23,3427,0.0022818446159362793,0.0022818446159362793,0.9609375,1,2
23,3428,0.0900195837020874,0.0900195837020874,0.76171875,4,8
23,3429,0.010719776153564453,0.010719776153564453,0.92578125,4,6
23,3430,0.06197011470794678,0.06197011470794678,0.80859375,1,1
23,3431,0.006114840507507324,0.006114840507507324,0.94921875,2,5
23,3432,0.128028754494153,0.1308397650718689,0.69140625,5,8
23,3433,0.014997005462646484,0.014997005462646484,0.91796875,3,8
23,3434,0.10507001448422672,0.10527563095092773,0.69921875,4,6
23,3435,0.10687577724456787,0.10687577724456787,0.72265625,4,8
23,3436,0.0,0.19064545631408691,0.234375,4,8
23,3437,0.013839542865753174,0.013839542865753174,0.8984375,4,7
23,3438,0.010255992412567139,0.010255992412567139,0.921875,3,7
23,3439,0.01866436004638672,0.01866436004638672,0.875,4,6
23,3440,0.11200153129175307,0.127150297164917,0.65234375,5,9
23,3441,0.008855462074279785,0.008855462074279785,0.9375,2,4
23,3442,0.0122300386428833,0.0122300386428833,0.90625,1,0
23,3443,0.030594913288950927,0.23734235763549805,0.3515625,5,9
23,3444,0.09621224272996189,0.15346002578735352,0.55078125,2,2
23,3445,0.04216766357421875,0.04216766357421875,0.8046875,4,7
23,3446,0.02655506134033203,0.02655506134033203,0.8671875,3,5
23,3447,0.012354433536529541,0.012354433536529541,0.90625,3,6
23,3448,0.07642775774002075,0.07642775774002075,0.8046875,6,9
23,3449,0.0367586612701416,0.0367586612701416,0.859375,4,7
23,3450,0.008413195610046387,0.008413195610046387,0.94140625,4,8
23,3451,0.007219910621643066,0.007219910621643066,0.93359375,3,8
23,3452,0.05354855849873275,0.1435437798500061,0.44921875,4,7
23,3453,0.06044574547559024,0.19222497940063477,0.42578125,5,9
23,3454,0.028826892375946045,0.028826892375946045,0.890625,5,7
23,3455,0.05885016918182373,0.05885016918182373,0.84375,5,10
23,3456,0.058573246002197266,0.058573246002197266,0.84375,6,10
23,3457,0.09360628621652724,0.11119818687438965,0.63671875,3,5
23,3458,0.009886860847473145,0.009886860847473145,0.953125,4,6
23,3459,0.07711118459701538,0.07711118459701538,0.765625,4,6
23,3232,0.1305067127104849,0.14494454860687256,0.66015625,3,8
23,2962,0.12107672845013441,0.13745296001434326,0.65234375,3,8
23,3460,0.040412369533441975,0.2273750901222229,0.37109375,3,7
23,3461,0.0981164244003594,0.15409696102142334,0.5546875,3,6
23,3462,0.10758562991395594,0.11572235822677612,0.671875,2,4
23,3463,0.12207702547311784,0.15024864673614502,0.625,3,6
23,3464,0.04498450667597354,0.13874739408493042,0.4296875,5,11
23,3465,0.10819387435913086,0.10819387435913086,0.7109375,2,6
23,3466,0.10442841053009033,0.10442841053009033,0.76171875,3,6
23,3467,0.00977557897567749,0.00977557897567749,0.9609375,4,9
23,3468,0.011292815208435059,0.011292815208435059,0.9296875,3,7
23,3469,0.12840844423044476,0.1312277913093567,0.69140625,3,7
23,3470,0.11890896037220956,0.1463494896888733,0.625,4,10
23,3471,0.10433024168014526,0.10433024168014526,0.7578125,2,5
23,3472,0.013047575950622559,0.013047575950622559,0.921875,2,4
23,3473,0.05020695924758911,0.05020695924758911,0.83984375,4,8
23,3474,0.011134028434753418,0.011134028434753418,0.91796875,3,7
23,3475,0.010017454624176025,0.010017454624176025,0.90625,4,10
23,3476,0.08498145709745587,0.16670691967010498,0.50390625,3,7
23,3477,0.04433008411433549,0.22472280263900757,0.37890625,3,9
23,3478,0.12588787078857422,0.12588787078857422,0.703125,4,8
23,3479,0.12550380267202857,0.17089879512786865,0.59375,3,9
23,3480,0.0825524562969804,0.18702149391174316,0.4765625,3,8
23,3481,0.08299589157104492,0.08299589157104492,0.76953125,3,7
23,3482,0.0635453845607117,0.20208221673965454,0.42578125,3,8
23,3483,0.09878098964691162,0.09878098964691162,0.796875,4,9
23,3484,0.01180952787399292,0.01180952787399292,0.91796875,3,7
23,3485,0.1274250587448478,0.15314936637878418,0.6328125,2,5
23,3486,0.059493838343769326,0.20863592624664307,0.4140625,2,3
23,3487,0.0282630987931043,0.23722469806671143,0.34765625,3,5
23,3488,0.08482709655072541,0.11706596612930298,0.58984375,4,8
24,3354,0.09768512123264374,0.12957197427749634,0.6015625,2,3
24,3364,0.10034906957298519,0.12500905990600586,0.62109375,1,2
24,3489,0.001475214958190918,0.001475214958190918,0.9765625,1,1
24,3490,0.09468256612308325,0.16105473041534424,0.53515625,2,3
24,3491,0.0994570958428085,0.11417496204376221,0.6484375,2,2
24,3492,0.0023206472396850586,0.0023206472396850586,0.97265625,3,4
24,3493,0.09696331620216371,0.1193394660949707,0.625,1,2
24,3494,0.012980341911315918,0.012980341911315918,0.90234375,1,1
24,3495,0.006266236305236816,0.006266236305236816,0.9375,3,4
24,3496,0.002493619918823242,0.002493619918823242,0.9609375,3,4
24,3497,0.005827009677886963,0.005827009677886963,0.93359375,1,0
24,3498,0.09655450831633063,0.15400594472885132,0.55078125,2,3
24,3499,0.08699476718902588,0.08699476718902588,0.73828125,1,1
24,3500,0.021062562474980954,0.15188777446746826,0.35546875,2,2
24,3501,0.0990857732249424,0.12343531847000122,0.62109375,2,3
24,3502,0.09833824983797969,0.1240127682685852,0.6171875,1,1
24,3503,0.00856161117553711,0.00856161117553711,0.9296875,2,3
24,3504,0.09961286373436452,0.16399288177490234,0.54296875,2,3
24,3505,0.10751776699908079,0.11326974630355835,0.6796875,1,2
24,3506,0.011277854442596436,0.011277854442596436,0.9140625,1,0
24,3507,0.0003024935722351074,0.0003024935722351074,0.98046875,1,1
24,3508,0.004075288772583008,0.004075288772583008,0.95703125,3,4
24,3509,0.11009702621959151,0.12498819828033447,0.65234375,3,5
24,3510,0.0908226778265089,0.19295108318328857,0.48828125,1,1
24,3511,0.004613637924194336,0.004613637924194336,0.94140625,1,2
24,3512,0.01750391721725464,0.01750391721725464,0.890625,2,4
24,3513,0.09216050757095219,0.17096441984176636,0.515625,2,3
24,3469,0.12298902962356807,0.13229072093963623,0.671875,3,7
24,3479,0.10775486426427962,0.16923463344573975,0.5546875,3,9
24,3514,0.024717414751648913,0.22598779201507568,0.34375,4,7
24,3515,0.08506592269986869,0.09989392757415771,0.640625,4,7
24,3516,0.10062405117787422,0.14076370000839233,0.5859375,3,7
24,3517,0.036236464977264404,0.036236464977264404,0.77734375,3,8
24,3518,0.012942194938659668,0.012942194938659668,0.890625,3,8
24,3519,0.10697980842087419,0.13326925039291382,0.62109375,3,7
24,3520,0.0828394889831543,0.0828394889831543,0.75,3,7
24,3521,0.09341118810698391,0.14899230003356934,0.55078125,4,10
24,3522,0.0,0.24360990524291992,0.29296875,3,6
24,3523,0.007956862449645996,0.007956862449645996,0.91796875,3,6
24,3524,0.03980764828156681,0.20179718732833862,0.37890625,3,7
24,3525,0.0,0.24672329425811768,0.28515625,4,7
24,3526,0.003622293472290039,0.003622293472290039,0.94140625,3,7
24,3527,0.031633973121643066,0.031633973121643066,0.80859375,3,7
24,3528,0.09431315073743464,0.10362303256988525,0.6640625,3,7
24,3529,0.0742531418800354,0.0742531418800354,0.7734375,4,8
24,3530,0.010140270693227656,0.2472294569015503,0.31640625,3,8
24,3531,0.03516751527786255,0.03516751527786255,0.7890625,3,7
24,3532,0.04273743345402182,0.043675780296325684,0.69140625,3,5
24,3533,0.09664011001586914,0.09664011001586914,0.77734375,3,7
24,3534,0.019951224327087402,0.019951224327087402,0.9140625,3,7
24,3535,0.09763356880284847,0.15333861112594604,0.5546875,3,9
24,3536,0.03876227140426636,0.03876227140426636,0.79296875,3,6
24,3537,0.05221271514892578,0.05221271514892578,0.81640625,2,5
24,3538,0.08273106813430786,0.08273106813430786,0.80859375,3,8
24,3539,0.08813578309491278,0.17289471626281738,0.50390625,2,5
24,3540,0.01088029146194458,0.01088029146194458,0.91796875,3,6
24,3541,0.05795384955126793,0.058067262172698975,0.69921875,3,6
24,3542,0.07746287807822229,0.16805505752563477,0.484375,3,10
24,3232,0.11914155469276012,0.14489424228668213,0.62890625,3,8
24,3485,0.10912468959577383,0.15265530347824097,0.5859375,2,5
24,3543,0.10357224941253662,0.10357224941253662,0.7421875,2,5
24,3544,0.05359100969508292,0.2177666425704956,0.3984375,2,3
24,3545,0.1079605557024479,0.1645113229751587,0.5625,3,8
24,3546,0.10366494487971069,0.11150515079498291,0.671875,2,4
24,3547,0.034676551818847656,0.034676551818847656,0.8828125,4,9
24,3548,0.09218291356228293,0.17416107654571533,0.51171875,4,9
24,3549,0.08508265018463135,0.08508265018463135,0.76171875,1,1
24,3550,0.005128324031829834,0.005128324031829834,0.921875,2,4
24,3551,0.011094450950622559,0.011094450950622559,0.8828125,2,4
24,3552,0.09883753024041654,0.17096221446990967,0.53125,2,5
24,3553,0.057063540443778045,0.06337642669677734,0.66015625,1,1
24,3554,0.011748433113098145,0.011748433113098145,0.8984375,2,5
24,3555,0.08861472830176355,0.20529747009277344,0.47265625,3,5
24,3556,0.1233558487147093,0.14653873443603516,0.63671875,3,8
24,3557,0.041270242887549116,0.209211528301239,0.37890625,3,5
24,3558,0.07066237926483154,0.07066237926483154,0.80078125,2,5
24,3559,0.09314656257629395,0.09314656257629395,0.75,2,3
24,3560,0.09378969669342041,0.09378969669342041,0.73828125,2,4
24,3561,0.04094272665679456,0.23035907745361328,0.37109375,3,7
24,3562,0.01030874252319336,0.01030874252319336,0.9140625,1,1
24,3563,0.07171469926834106,0.07171469926834106,0.7421875,5,9
24,3564,0.03622627258300781,0.03622627258300781,0.86328125,2,5
24,3565,0.08950018882751466,0.1790003776550293,0.5,2,5
24,3566,0.10586608364246787,0.12874925136566162,0.62890625,3,4
24,3567,0.09511965466663243,0.1023135781288147,0.671875,3,4
24,3568,0.05745457136072219,0.18271267414093018,0.42578125,3,3
24,3569,0.10279347863979639,0.11416542530059814,0.66015625,4,8
24,3570,0.08758044242858888,0.17516088485717773,0.5,4,7
24,3571,0.07345194369554521,0.17823410034179688,0.46484375,1,2
24,3572,0.050507230218499906,0.17125630378723145,0.41796875,3,6
24,3573,0.07321715354919434,0.07321715354919434,0.75,5,9
24,3574,0.09350084664765747,0.13261061906814575,0.58203125,1,1
24,3575,0.011592447757720947,0.011592447757720947,0.8828125,2,4
24,3576,0.01563858985900879,0.01563858985900879,0.90625,3,5
24,3577,0.08562302368227394,0.16796547174453735,0.50390625,2,2
24,3578,0.018512057606130845,0.2632825970649719,0.328125,5,9
24,3579,0.09093658661004157,0.10557717084884644,0.64453125,2,6
24,3580,0.0297428509220481,0.1371922492980957,0.38671875,2,5
24,3581,0.03560405969619751,0.03560405969619751,0.7734375,2,5
24,3582,0.008298993110656738,0.008298993110656738,0.921875,2,3
24,3583,0.020669102668762207,0.020669102668762207,0.93359375,4,8
24,3584,0.10898670391179623,0.12104380130767822,0.66015625,2,5
24,3371,0.11317764362320305,0.15209174156188965,0.59765625,4,9
24,2512,0.12213877053000034,0.13419538736343384,0.6640625,3,7
24,3585,0.046318463981151595,0.2470318078994751,0.375,3,7
24,3586,0.0938879828900099,0.10541808605194092,0.65625,3,7
24,3587,0.11196708679199219,0.11196708679199219,0.75,5,8
24,3588,0.0413895845413208,0.0413895845413208,0.765625,4,6
24,3589,0.03880870342254639,0.03880870342254639,0.8515625,3,6
24,3590,0.09249470557551832,0.14753049612045288,0.55078125,4,4
24,3591,0.11722692009061576,0.12478208541870117,0.67578125,3,8
24,3592,0.08801330358255656,0.17265444993972778,0.50390625,4,6
24,3593,0.024287856416776783,0.14459747076034546,0.3671875,5,9
24,3594,0.01612067222595215,0.01612067222595215,0.8828125,3,7
24,3595,0.06906167638953777,0.19535678625106812,0.44140625,5,8
24,3596,0.028079713927581917,0.23568546772003174,0.34765625,4,6
24,3597,0.11214979144278915,0.1146121621131897,0.69140625,5,9
24,3598,0.02615647576749326,0.2391449213027954,0.34375,5,9
24,3599,0.08494455157779159,0.08511078357696533,0.69921875,5,8
24,3600,0.027071595191955566,0.027071595191955566,0.859375,4,7
24,3601,0.09511915280018003,0.15171653032302856,0.55078125,3,4
24,3602,0.07858453225344421,0.17048847675323486,0.484375,4,9
24,3603,0.0,0.2580496072769165,0.12109375,4,6
24,3604,0.10627955663949253,0.1374119520187378,0.609375,4,7
24,3605,0.0182344913482666,0.0182344913482666,0.85546875,4,7
24,3606,0.09837198257446289,0.09837198257446289,0.71875,3,7
24,3607,0.09118172677699478,0.16613894701004028,0.51953125,5,7
24,3608,0.009309887886047363,0.009309887886047363,0.91796875,4,7
24,3609,0.08866785792633892,0.17066895961761475,0.5078125,3,5
24,3610,0.05909991264343262,0.05909991264343262,0.7890625,4,8
24,3611,0.01167064905166626,0.01167064905166626,0.8828125,4,7
24,3612,0.0393985010450706,0.22167068719863892,0.37109375,3,7
24,3613,0.0546855889260769,0.20587515830993652,0.40625,4,6
24,3614,0.009604156017303467,0.009604156017303467,0.90625,4,8
24,3615,0.0969429612159729,0.0969429612159729,0.7421875,5,9
24,3616,0.0036941170692443848,0.0036941170692443848,0.94140625,3,7
24,3617,0.016042351722717285,0.016042351722717285,0.86328125,4,10
24,3618,0.09681742545217277,0.14536809921264648,0.56640625,3,5
24,3619,0.044461341341957464,0.21475666761398315,0.3828125,4,7
24,3620,0.06542706489562988,0.06542706489562988,0.7421875,4,7
24,3621,0.08789181709289551,0.08789181709289551,0.76171875,4,9
24,3622,0.08599805226549508,0.16553008556365967,0.5078125,4,5
24,3623,0.04157614707946777,0.04157614707946777,0.8515625,4,8
24,3624,0.11890351958572866,0.1412496566772461,0.63671875,5,10
24,3625,0.08919742703437807,0.1783948540687561,0.5,4,8
24,3626,0.09045380365569146,0.1648126244544983,0.51953125,5,9
24,3627,0.025053560733795166,0.025053560733795166,0.8125,3,7
24,3628,0.02603286411613227,0.23801475763320923,0.34375,3,6
24,3629,0.0,0.23657500743865967,0.1875,3,8
24,3630,0.012108325958251953,0.012108325958251953,0.89453125,1,1
25,3560,0.09642326831817627,0.09642326831817627,0.796875,2,4
25,3510,0.0932173551991582,0.19401335716247559,0.4921875,1,1
25,3631,0.1029390092007816,0.18428242206573486,0.5234375,2,2
25,3632,0.1133321358356625,0.16770535707473755,0.5703125,3,6
25,3633,0.055348873138427734,0.055348873138427734,0.796875,2,3
25,3634,0.09224681090563537,0.2001286745071411,0.484375,1,1
25,3635,0.08466381486505271,0.21042656898498535,0.4609375,1,1
25,3636,0.030331015586853027,0.030331015586853027,0.89453125,2,4
25,3637,0.10751350899226965,0.14837443828582764,0.58984375,2,3
25,3638,0.061687821522355094,0.23223650455474854,0.40625,2,2
25,3639,0.11279583256691696,0.1645340919494629,0.57421875,2,4
25,3640,0.10208707256242636,0.18937891721725464,0.515625,1,1
25,3641,0.004891753196716309,0.004891753196716309,0.95703125,1,0
25,3642,0.09498338936828078,0.19375097751617432,0.49609375,1,1
25,3643,0.013286292552947998,0.013286292552947998,0.9296875,2,3
25,3644,0.12073128239717336,0.15415066480636597,0.61328125,5,8
25,3645,0.039875328540802,0.039875328540802,0.875,3,4
25,3646,0.0218544602394104,0.0218544602394104,0.88671875,1,1
25,3647,0.05370128154754639,0.05370128154754639,0.8671875,2,3
25,3648,0.025844156742095947,0.025844156742095947,0.87890625,1,0
25,3649,0.044590115547180176,0.044590115547180176,0.82421875,3,5
25,3650,0.06859599240124227,0.22513556480407715,0.421875,2,4
25,3651,0.021696865558624268,0.021696865558624268,0.89453125,2,3
25,3591,0.12093198299407959,0.12093198299407959,0.765625,3,8
25,3509,0.12922042468562725,0.13075268268585205,0.6953125,3,5
25,3652,0.09932374954223633,0.09932374954223633,0.70703125,4,8
25,3653,0.09948670864105226,0.1845550537109375,0.515625,4,6
25,3654,0.010166406631469727,0.010166406631469727,0.9296875,3,5
25,3655,0.11937350034713745,0.11937350034713745,0.75,3,4
25,3656,0.07610929012298584,0.07610929012298584,0.77734375,5,8
25,3657,0.007500547915697105,0.24001753330230713,0.3125,3,8
25,3658,0.03393518924713135,0.03393518924713135,0.890625,3,6
25,3659,0.0995948314666748,0.0995948314666748,0.7265625,4,8
25,3660,0.11484396457672119,0.11484396457672119,0.70703125,1,2
25,3661,0.10822446062229575,0.17261970043182373,0.55078125,1,2
25,3662,0.12228935584425928,0.12623417377471924,0.6875,1,2
25,3663,0.09697610139846802,0.09697610139846802,0.7578125,2,3
25,3664,0.11102956836111845,0.15747129917144775,0.58203125,3,4
25,3665,0.11229119205381723,0.12747913599014282,0.65234375,4,7
25,3666,0.10175901651382446,0.10175901651382446,0.71875,3,8
25,3667,0.10376715660095215,0.10376715660095215,0.72265625,2,3
25,3668,0.04646015167236328,0.04646015167236328,0.82421875,1,1
25,3669,0.004513084888458252,0.004513084888458252,0.9609375,3,5
25,3670,0.0033378005027770996,0.0033378005027770996,0.96875,1,1
25,3671,0.002865910530090332,0.002865910530090332,0.96484375,2,3
25,3672,0.022925615310668945,0.022925615310668945,0.88671875,4,8
25,3673,0.10158570716157558,0.1919257640838623,0.51171875,3,5
25,3674,0.10750223882496358,0.16381293535232544,0.5625,3,7
25,3675,0.10216164705343547,0.20040905475616455,0.50390625,3,5
25,3676,0.05082809925079346,0.05082809925079346,0.8671875,3,7
25,3677,0.07658612728118896,0.07658612728118896,0.84765625,4,8
25,3678,0.11108119692653419,0.14362013339996338,0.609375,4,8
25,3679,0.01150059700012207,0.01150059700012207,0.9375,4,7
25,2512,0.13069355487823486,0.13069355487823486,0.7734375,3,7
25,3371,0.1492480589076877,0.15723252296447754,0.6796875,4,9
25,3680,0.10250459029339257,0.19366180896759033,0.51171875,5,10
25,3681,0.09155875444412231,0.09155875444412231,0.75,4,6
25,3682,0.07256913185119629,0.07256913185119629,0.78515625,2,2
25,3683,0.010773062705993652,0.010773062705993652,0.94140625,3,2
25,3684,0.056724727153778076,0.056724727153778076,0.83203125,4,8
25,3685,0.11199693800881506,0.15667331218719482,0.5859375,4,7
25,3686,0.10149399470537902,0.1329026222229004,0.60546875,5,9
25,3687,0.11341256147716196,0.1316717267036438,0.64453125,3,3
25,3688,0.08656469080597164,0.11335325241088867,0.60546875,3,8
25,3689,0.009271621704101562,0.009271621704101562,0.9453125,6,10
25,3690,0.10042970976792277,0.15534746646881104,0.55859375,5,10
25,3691,0.0780102014541626,0.0780102014541626,0.77734375,4,8
25,3692,0.04187542200088501,0.04187542200088501,0.859375,3,3
25,3693,0.011965751647949219,0.011965751647949219,0.921875,5,9
25,3694,0.003518998622894287,0.003518998622894287,0.96875,3,3
25,3695,0.12430729530751707,0.14432048797607422,0.64453125,4,7
25,3696,0.11769868293777111,0.1907016634941101,0.546875,5,10
25,3697,0.06224010628648104,0.2260066270828247,0.41015625,4,4
25,3698,0.09445025306195022,0.1633734107017517,0.53125,4,8
25,3699,0.10462374822236599,0.1370009183883667,0.60546875,2,3
25,3700,0.10405925451777877,0.16096174716949463,0.55859375,5,9
25,3701,0.10614713095128538,0.15483570098876953,0.57421875,5,9
25,3702,0.0032321810722351074,0.0032321810722351074,0.96875,4,6
25,3703,0.10126955097075553,0.1360892653465271,0.59765625,3,7
25,3704,0.11210681591182949,0.17340993881225586,0.55859375,5,9
25,3705,0.10959409922361375,0.11788272857666016,0.671875,2,2
25,3706,0.10930945537984373,0.1378483772277832,0.6171875,2,2
25,3707,0.03278076648712158,0.03278076648712158,0.859375,5,7
25,3708,0.10642932588234545,0.15094685554504395,0.58203125,1,1
25,3709,0.012188315391540527,0.012188315391540527,0.93359375,2,2
25,3710,0.10363089060410859,0.15334975719451904,0.5703125,3,3
25,3711,0.07958078384399414,0.07958078384399414,0.76171875,4,6
25,3712,0.10176178440451625,0.19587230682373047,0.5078125,4,8
25,3713,0.11575147882103921,0.13911914825439453,0.6328125,5,9
25,3714,0.12130427360534668,0.12130427360534668,0.72265625,4,7
25,3715,0.11240842938423158,0.1687774658203125,0.56640625,4,9
25,3716,0.11100541427731515,0.1145862340927124,0.6875,2,2
25,3717,0.10144573403522374,0.140000581741333,0.58984375,3,7
25,3718,0.006335735321044922,0.006335735321044922,0.94921875,3,7
25,3719,0.10651862621307373,0.10651862621307373,0.78515625,4,9
25,3720,0.014494121074676514,0.014494121074676514,0.90234375,5,10
25,3721,0.013422369956970215,0.013422369956970215,0.921875,1,1
25,3556,0.13903837022371593,0.15276318788528442,0.6640625,3,8
25,3469,0.13942934502847495,0.1397022008895874,0.69921875,3,7
25,3722,0.03102731704711914,0.03102731704711914,0.87890625,2,3
25,3723,0.140596688259393,0.15447533130645752,0.6640625,2,5
25,3724,0.1402048505842686,0.14472758769989014,0.6875,5,7
25,3725,0.06029951572418213,0.06029951572418213,0.7734375,3,9
25,3726,0.09276965633034708,0.16046643257141113,0.53125,6,8
25,3727,0.11849495954811574,0.14241647720336914,0.6328125,2,4
25,3728,0.10924914362840356,0.1616634726524353,0.5703125,4,5
25,3729,0.11232483386993408,0.11232483386993408,0.70703125,4,8
25,3730,0.03784149885177612,0.03784149885177612,0.87890625,2,5
25,3731,0.013124346733093262,0.013124346733093262,0.94921875,2,4
25,3732,0.0914488434791565,0.0914488434791565,0.8125,4,9
25,3733,0.06743067502975464,0.06743067502975464,0.8515625,5,10
25,3734,0.045917510986328125,0.045917510986328125,0.76953125,5,10
25,3735,0.13099208357743922,0.14870941638946533,0.65234375,2,5
25,3736,0.08034979645162822,0.2098933458328247,0.453125,3,8
25,3737,0.13621556758880615,0.13621556758880615,0.71875,3,8
25,3738,0.11105300253257157,0.17177987098693848,0.55859375,4,8
25,3739,0.10094930953346196,0.19803082942962646,0.50390625,2,6
25,3740,0.061756253242492676,0.061756253242492676,0.81640625,5,9
25,3741,0.00735783576965332,0.00735783576965332,0.953125,3,8
25,3742,0.05869198031723501,0.2384943962097168,0.3984375,3,8
25,3743,0.0077625662088394234,0.24840211868286133,0.3125,4,9
25,3744,0.11063403822481634,0.15911412239074707,0.578125,5,8
25,3745,0.09565872768871488,0.19512856006622314,0.49609375,2,6
25,3746,0.10802364349365234,0.10802364349365234,0.7734375,5,10
25,3747,0.01918923854827881,0.01918923854827881,0.90625,3,7
25,3748,0.06105494499206543,0.06105494499206543,0.73046875,2,4
25,3749,0.11015931284055115,0.1730109453201294,0.5546875,3,7
25,3750,0.051977632567286505,0.22941851615905762,0.390625,3,7
25,3751,0.01572561264038086,0.01572561264038086,0.921875,4,5
25,3752,0.022567689418792725,0.022567689418792725,0.93359375,3,5
25,3753,0.10766504192724825,0.17172741889953613,0.55078125,3,6
25,3754,0.06242108345031738,0.06242108345031738,0.7578125,3,6
25,3755,0.07983243465423584,0.07983243465423584,0.80859375,3,6
25,3756,0.04248762130737305,0.04248762130737305,0.90234375,2,4
25,3757,0.11438835505396129,0.1600186824798584,0.5859375,3,5
25,3758,0.10463261487893762,0.18731433153152466,0.5234375,3,6
25,3759,0.01038128137588501,0.01038128137588501,0.94921875,2,4
25,3760,0.12469542026519775,0.12469542026519775,0.7421875,5,8
25,3761,0.03095066547393799,0.03095066547393799,0.890625,5,7
25,3762,0.03493291139602661,0.03493291139602661,0.859375,2,3
25,3763,0.03299510478973389,0.03299510478973389,0.765625,6,8
25,3764,0.10715499427169563,0.14591318368911743,0.59375,2,5
25,3765,0.041964985430240645,0.23611068725585938,0.37109375,6,12
25,3766,0.042077064514160156,0.042077064514160156,0.90234375,2,5
25,3767,0.017747581005096436,0.017747581005096436,0.9140625,1,1
25,3768,0.0591508150100708,0.0591508150100708,0.8203125,3,6
25,3769,0.0798492431640625,0.0798492431640625,0.75390625,3,8
25,3770,0.02470111846923828,0.02470111846923828,0.87890625,3,7
25,3771,0.11095135123468937,0.171622633934021,0.55859375,3,7
25,3772,0.07613611221313477,0.07613611221313477,0.8046875,1,1
26,3695,0.10182492993772031,0.1551617980003357,0.5625,4,7
26,3714,0.1238879451993853,0.12535697221755981,0.6953125,4,7
26,3773,0.07287180423736572,0.07287180423736572,0.7734375,5,6
26,3774,0.10958157421555371,0.11426836252212524,0.68359375,5,6
26,3775,0.02034670114517212,0.02034670114517212,0.85546875,5,11
26,3776,0.08656760444864632,0.19611775875091553,0.4765625,4,6
26,3777,0.09240660816431047,0.14972209930419922,0.546875,5,8
26,3778,0.08255126187577845,0.18297076225280762,0.48046875,3,4
26,3779,0.10019388084765525,0.18255966901779175,0.51953125,4,6
26,3780,0.06752608716487886,0.16006183624267578,0.46875,5,9
26,3781,0.01469796895980835,0.01469796895980835,0.890625,4,7
26,3782,0.06629228591918945,0.06629228591918945,0.8046875,4,7
26,3783,0.13388192653656006,0.13388192653656006,0.71875,4,5
26,3784,0.08392642531543971,0.14517003297805786,0.53125,4,8
26,3785,0.013434648513793945,0.013434648513793945,0.87890625,6,10
26,3786,0.0028664469718933105,0.0028664469718933105,0.94921875,4,6
26,3787,0.010726451873779297,0.010726451873779297,0.91796875,4,6
26,3788,0.11228460003621878,0.1289007067680359,0.6484375,3,3
26,3789,0.08769390452653171,0.12976670265197754,0.5703125,6,11
26,3790,0.11535250255838038,0.11672031879425049,0.6953125,4,7
26,3791,0.028016370022669445,0.23515379428863525,0.34765625,4,6
26,3792,0.12307063455227764,0.16538625955581665,0.59765625,4,6
26,3793,0.05403703451156616,0.05403703451156616,0.78125,3,3
26,3794,0.07565036229789258,0.1641228199005127,0.484375,6,10
26,3795,0.0412954289931804,0.042202115058898926,0.69140625,6,11
26,3796,0.011588215827941895,0.011588215827941895,0.94140625,5,10
26,3797,0.09065090399235488,0.16228413581848145,0.5234375,3,3
26,3798,0.0900183531921357,0.11787569522857666,0.60546875,4,7
26,3799,0.002810180187225342,0.002810180187225342,0.94921875,5,8
26,3800,0.08365861151833089,0.1641119122505188,0.50390625,3,3
26,3801,0.09402190125547351,0.1654268503189087,0.52734375,4,6
26,3802,0.04141032695770264,0.04141032695770264,0.7734375,5,9
26,3803,0.004123806953430176,0.004123806953430176,0.94140625,3,2
26,3804,0.10713521204888822,0.10840559005737305,0.6953125,3,3
26,3805,0.10364219080656768,0.14112979173660278,0.59375,4,7
26,3806,0.07057738956063987,0.22444486618041992,0.42578125,5,7
26,3807,0.08879427844658495,0.18864178657531738,0.48828125,4,5
26,3808,0.013502120971679688,0.013502120971679688,0.9140625,5,8
26,3809,0.006364762783050537,0.006364762783050537,0.93359375,3,2
26,3810,0.11134535772725941,0.13227105140686035,0.63671875,5,9
26,3760,0.12961995601654053,0.12961995601654053,0.7265625,5,8
26,3644,0.09346882766112687,0.16445374488830566,0.52734375,5,8
26,3811,0.09824203234165908,0.09940695762634277,0.6953125,6,9
26,3812,0.012899160385131836,0.012899160385131836,0.8984375,3,6
26,3813,0.10707496316172184,0.12719810009002686,0.63671875,5,8
26,3814,0.1012922099325806,0.1845608949661255,0.51953125,5,8
26,3815,0.07940795412287117,0.17989766597747803,0.4765625,3,5
26,3816,0.11872786283493042,0.11872786283493042,0.75,5,8
26,3817,0.11630582809448242,0.11630582809448242,0.73046875,5,9
26,3818,0.12149923574179412,0.12173700332641602,0.69921875,6,8
26,3819,0.09215379576198758,0.16214001178741455,0.52734375,3,4
26,3820,0.02513706684112549,0.02513706684112549,0.87109375,5,9
26,3821,0.05165278911590576,0.05165278911590576,0.76953125,5,8
26,3822,0.049956727889366455,0.05005449056625366,0.69921875,1,0
26,3823,0.02719897683709861,0.2486763596534729,0.34375,3,6
26,3824,0.09329164819791914,0.17956888675689697,0.5078125,5,6
26,3825,0.019539237022399902,0.019539237022399902,0.85546875,1,0
26,3826,0.024767035385593782,0.24864161014556885,0.33984375,2,3
26,3827,0.022629916667938232,0.022629916667938232,0.84765625,4,6
26,3828,0.08061301708221436,0.08061301708221436,0.7421875,4,7
26,3829,0.11072317929938437,0.16384470462799072,0.5703125,5,8
26,3830,0.09996433556079866,0.10318899154663086,0.6875,5,8
26,3831,0.045479591120965786,0.08286672830581665,0.51953125,5,8
26,3832,0.07645140285603703,0.19001513719558716,0.4609375,6,9
26,3833,0.013926208019256592,0.013926208019256592,0.8984375,4,5
26,3834,0.061285451869480326,0.22254008054733276,0.41015625,4,6
26,3835,0.0160294771194458,0.0160294771194458,0.8828125,5,8
26,3836,0.11515097343362869,0.11767923831939697,0.69140625,4,5
26,3837,0.08944368362426758,0.08944368362426758,0.8046875,5,8
26,2512,0.13438246457371864,0.14012998342514038,0.68359375,3,7
26,3509,0.1256098202429712,0.13510972261428833,0.671875,3,5
26,3838,0.09026110172271729,0.09026110172271729,0.76171875,2,4
26,3839,0.11785155534744263,0.11785155534744263,0.71875,2,4
26,3840,0.11312166124116631,0.16043847799301147,0.58203125,3,7
26,3841,0.03286367654800415,0.03286367654800415,0.84765625,3,7
26,3842,0.10229841759428383,0.18313562870025635,0.5234375,3,6
26,3843,0.032258267048746354,0.14879488945007324,0.38671875,3,7
26,3844,0.06600910425186157,0.06600910425186157,0.80859375,1,1
26,3845,0.12743596942164007,0.1627112627029419,0.61328125,2,4
26,3846,0.058982133865356445,0.058982133865356445,0.80078125,2,4
26,3847,0.057165818754583604,0.1817944049835205,0.42578125,3,8
26,3848,0.09369516372680664,0.09369516372680664,0.75390625,2,2
26,3849,0.054045259952545166,0.054045259952545166,0.8203125,4,6
26,3850,0.1125253438949585,0.1125253438949585,0.7109375,1,2
26,3851,0.03205615282058716,0.03205615282058716,0.87890625,3,4
26,3852,0.10933366790413858,0.11286056041717529,0.6875,1,1
26,3853,0.012797832489013672,0.012797832489013672,0.90234375,3,5
26,3854,0.013768196105957031,0.013768196105957031,0.91015625,4,5
26,3855,0.008811414241790771,0.008811414241790771,0.9375,4,7
26,3856,0.11954843997955322,0.11954843997955322,0.71875,3,6
26,3857,0.10553282126784326,0.13644647598266602,0.609375,3,4
26,3858,0.021919979946687825,0.1233299970626831,0.37109375,3,6
26,3859,0.0005167586496099903,0.2645804286003113,0.30078125,1,2
26,3860,0.11303162574768066,0.11303162574768066,0.71484375,2,3
26,3861,0.08807533979415894,0.08807533979415894,0.77734375,1,2
26,3862,0.10857552289962769,0.10857552289962769,0.75,3,4
26,3863,0.008388161659240723,0.008388161659240723,0.9296875,1,1
26,3864,0.07149232830852272,0.15845918655395508,0.48046875,3,7
26,3865,0.03867030143737793,0.03867030143737793,0.87890625,2,5
26,3866,0.11162662506103516,0.11162662506103516,0.75390625,3,8
26,3867,0.01310586929321289,0.01310586929321289,0.91015625,3,5
26,3868,0.10722522251307966,0.16339081525802612,0.5625,2,4
26,3869,0.015898823738098145,0.015898823738098145,0.89453125,3,5
26,3371,0.14189834287390116,0.1628967523574829,0.6484375,4,9
26,3723,0.14806698227766904,0.157609760761261,0.67578125,2,5
26,3870,0.009202837944030762,0.009202837944030762,0.9453125,3,6
26,3871,0.0968242883682251,0.0968242883682251,0.73046875,2,4
26,3872,0.09163134964182974,0.17637312412261963,0.5078125,5,9
26,3873,0.020971238613128662,0.020971238613128662,0.84765625,2,3
26,3874,0.11009499337524177,0.1388390064239502,0.6171875,4,7
26,3875,0.010067403316497803,0.010067403316497803,0.91015625,4,9
26,3876,0.11537242960184814,0.16139531135559082,0.5859375,3,6
26,3877,0.012914896011352539,0.012914896011352539,0.921875,5,5
26,3878,0.09206604957580566,0.09206604957580566,0.71484375,4,9
26,3879,0.094667068682611,0.16374844312667847,0.53125,2,4
26,3880,0.012552857398986816,0.012552857398986816,0.91796875,3,4
26,3881,0.004213571548461914,0.004213571548461914,0.94921875,4,6
26,3882,0.02794671058654785,0.02794671058654785,0.8046875,4,9
26,3883,0.04510139487683774,0.10690701007843018,0.46875,5,7
26,3884,0.009920477867126465,0.009920477867126465,0.92578125,3,8
26,3885,0.0963519676588476,0.1890122890472412,0.50390625,5,10
26,3886,0.08234421373344959,0.18654972314834595,0.4765625,2,4
26,3887,0.0989101203158498,0.12788379192352295,0.609375,4,9
26,3888,0.04527853894978763,0.22953081130981445,0.37890625,3,5
26,3889,0.10535919666290283,0.10535919666290283,0.72265625,3,6
26,3890,0.08285609423182906,0.17602622509002686,0.48828125,3,5
26,3891,0.04584091901779175,0.04584091901779175,0.77734375,4,8
26,3892,0.08319827634841205,0.19721072912216187,0.46875,2,4
26,3893,0.07814433472231032,0.20413213968276978,0.453125,3,5
26,3894,0.0030745267868041992,0.0030745267868041992,0.9609375,3,6
26,3895,0.016182422637939453,0.016182422637939453,0.87890625,2,3
26,3896,0.113888674415648,0.17100000381469727,0.56640625,3,5
26,3897,0.08437309111468495,0.1954706907272339,0.47265625,3,7
26,3898,0.013482912094332283,0.16837197542190552,0.33203125,3,6
26,3899,0.013297557830810547,0.013297557830810547,0.890625,4,8
26,3900,0.10602803621441127,0.14437860250473022,0.59375,2,4
26,3901,0.0865941969677806,0.18786537647247314,0.484375,4,9
26,3902,0.01287698745727539,0.01287698745727539,0.95703125,5,7
26,3903,0.1184165335725993,0.17273294925689697,0.57421875,2,5
26,3904,0.041183711262419834,0.24518674612045288,0.3671875,4,8
26,3905,0.07988062337972225,0.17705142498016357,0.48046875,4,8
26,3906,0.14095849439036104,0.16744953393936157,0.63671875,4,10
26,3907,0.07593454769812526,0.20902413129806519,0.4453125,3,4
26,3908,0.13106977939605713,0.13106977939605713,0.7109375,2,5
26,3909,0.013788104057312012,0.013788104057312012,0.8984375,1,0
26,3910,0.04968154430389404,0.04968154430389404,0.71875,6,10
26,3911,0.004106402397155762,0.004106402397155762,0.92578125,2,4
26,3912,0.10851232009008528,0.17581743001937866,0.546875,3,7
26,3913,0.07269957230892034,0.20564740896224976,0.44140625,5,10
26,3914,0.011717796325683594,0.011717796325683594,0.9375,3,8
27,3509,0.12451731646433474,0.13829255104064941,0.66015625,3,5
27,3860,0.10814507817849518,0.11511492729187012,0.67578125,2,3
27,3915,0.08673179149627686,0.08673179149627686,0.734375,1,2
27,3916,0.013788461685180664,0.013788461685180664,0.91015625,2,5
27,3917,0.10194432735443115,0.10194432735443115,0.703125,2,2
27,3918,0.09418387152254583,0.10812139511108398,0.6484375,3,4
27,3919,0.10511344647966328,0.19152343273162842,0.51953125,3,5
27,3920,0.007087588310241699,0.007087588310241699,0.93359375,3,4
27,3921,0.03843522071838379,0.03843522071838379,0.83203125,2,3
27,3922,0.08459383249282837,0.08459383249282837,0.7421875,3,4
27,3923,0.06147885322570801,0.06147885322570801,0.79296875,2,3
27,3924,0.08753931522369385,0.08753931522369385,0.734375,2,4
27,3925,0.011678099632263184,0.011678099632263184,0.93359375,1,2
27,3926,0.11663882061839105,0.13855934143066406,0.63671875,2,3
27,3927,0.011473894119262695,0.011473894119262695,0.91796875,3,5
27,3928,0.0075141191482543945,0.0075141191482543945,0.94921875,3,4
27,3929,0.014916777610778809,0.014916777610778809,0.88671875,3,5
27,3930,0.005221962928771973,0.005221962928771973,0.94140625,1,2
27,3931,0.002959311008453369,0.002959311008453369,0.95703125,2,2
27,3932,0.10256577166728677,0.10917603969573975,0.67578125,3,5
27,3933,0.007875263690948486,0.007875263690948486,0.9375,1,1
27,3934,0.009296417236328125,0.009296417236328125,0.91796875,3,5
27,3935,0.025769293308258057,0.025769293308258057,0.86328125,2,3
27,3936,0.09949415922164917,0.09949415922164917,0.703125,3,5
27,3937,0.10308054811321202,0.18781936168670654,0.51953125,3,5
27,3938,0.09246439673006536,0.0994575023651123,0.671875,2,4
27,2512,0.13717076543252918,0.14601129293441772,0.67578125,3,7
27,3783,0.1309961588121951,0.13800418376922607,0.6796875,4,5
27,3939,0.0804782509803772,0.0804782509803772,0.76953125,3,5
27,3940,0.0539776086807251,0.0539776086807251,0.84375,3,6
27,3941,0.05862092971801758,0.05862092971801758,0.78515625,3,3
27,3942,0.09830980002880098,0.1271076202392578,0.609375,3,6
27,3943,0.10449779371265323,0.11123257875442505,0.67578125,5,8
27,3944,0.09237666940316559,0.09833025932312012,0.67578125,4,5
27,3945,0.1007937852991745,0.13198572397232056,0.60546875,4,7
27,3946,0.017348647117614746,0.017348647117614746,0.875,3,3
27,3947,0.0004868507385253906,0.0004868507385253906,0.96875,4,4
27,3948,0.01492166519165039,0.01492166519165039,0.90234375,3,6
27,3949,0.07493463251739742,0.231123685836792,0.4296875,3,4
27,3950,0.10129964351654053,0.10129964351654053,0.70703125,3,6
27,3951,0.10145335365086795,0.2201021909713745,0.484375,4,9
27,3952,0.07875049114227295,0.07875049114227295,0.7421875,3,6
27,3953,0.0010556578636169434,0.0010556578636169434,0.97265625,3,5
27,3954,0.08196938037872314,0.08196938037872314,0.78515625,3,7
27,3955,0.0992142971372232,0.1299174427986145,0.60546875,2,2
27,3956,0.1240393496118486,0.14908015727996826,0.6328125,2,4
27,3957,0.01629042625427246,0.01629042625427246,0.890625,4,5
27,3958,0.1099843978881836,0.1099843978881836,0.70703125,3,5
27,3959,0.0830204486846924,0.16604089736938477,0.5,3,7
27,3960,0.06830233335494995,0.06830233335494995,0.7578125,3,4
27,3961,0.05053126811981201,0.05053126811981201,0.77734375,3,4
27,3962,0.09405899047851562,0.09405899047851562,0.72265625,4,6
27,3963,0.007151246070861816,0.007151246070861816,0.9453125,3,5
27,3964,0.030605077743530273,0.030605077743530273,0.78125,3,9
27,3965,1.1324882507324219e-06,1.1324882507324219e-06,1.0,3,5
27,3966,0.09656340023502709,0.11471104621887207,0.63671875,2,3
27,3967,0.041784048080444336,0.041784048080444336,0.828125,4,5
27,3968,0.009761571884155273,0.009761571884155273,0.92578125,4,7
27,3969,0.08943969011306763,0.08943969011306763,0.77734375,4,8
27,3970,0.08553719520568848,0.08553719520568848,0.73828125,2,4
27,3971,0.03908795118331909,0.03908795118331909,0.83203125,3,5
27,3972,0.10313590336591007,0.17839723825454712,0.53125,2,3
27,3973,0.03496330976486206,0.03496330976486206,0.90234375,4,8
27,3974,0.05434214067645372,0.054448485374450684,0.69921875,4,5
27,3975,0.03179180435836316,0.2466273307800293,0.3515625,4,10
27,3976,0.044390575727447874,0.15567106008529663,0.4140625,3,7
27,3977,0.05183947517070921,0.2391154170036316,0.38671875,3,6
27,3978,0.10496127698570491,0.12325727939605713,0.640625,3,3
27,3979,0.014398574829101562,0.014398574829101562,0.89453125,3,6
27,3980,0.09486235713120551,0.14243263006210327,0.56640625,3,6
27,3981,0.09758937358856201,0.09758937358856201,0.71875,3,5
27,3982,0.0982110134791583,0.12385231256484985,0.6171875,1,2
27,3983,0.017705559730529785,0.017705559730529785,0.88671875,2,3
27,3371,0.14056291943416002,0.168939471244812,0.6328125,4,9
27,3906,0.14236975717358294,0.17314326763153076,0.62890625,4,10
27,3984,0.003116283332929023,0.2659228444099426,0.3046875,6,8
27,3985,0.07474379613995553,0.18577098846435547,0.4609375,5,8
27,3986,0.017816662788391113,0.017816662788391113,0.890625,2,4
27,3987,0.022974459920078526,0.2557157278060913,0.3359375,4,6
27,3988,0.08779704570770264,0.08779704570770264,0.78125,5,6
27,3989,0.09067219344433398,0.13614124059677124,0.56640625,2,4
27,3990,0.02688216045498849,0.24577975273132324,0.34375,3,6
27,3991,0.09472114825621249,0.20549672842025757,0.484375,1,2
27,3992,0.05524753779172898,0.1607201099395752,0.4375,2,5
27,3993,0.0032619833946228027,0.0032619833946228027,0.95703125,6,8
27,3994,0.01035374402999878,0.01035374402999878,0.93359375,5,8
27,3995,0.10859989933669568,0.16548556089401245,0.5625,6,10
27,3996,0.0005348846316337661,0.2738609313964844,0.30078125,4,9
27,3997,0.05693380162119867,0.214339017868042,0.40625,5,11
27,3998,0.09002188383601607,0.20855748653411865,0.47265625,4,7
27,3999,0.0704873426584527,0.12401896715164185,0.52734375,2,3
27,4000,0.014336109161376953,0.014336109161376953,0.89453125,5,8
27,4001,0.04243588447570801,0.04243588447570801,0.84375,4,7
27,4002,0.11492435052059592,0.14492923021316528,0.6171875,5,8
27,4003,0.1234434263315052,0.15377867221832275,0.62109375,4,7
27,4004,0.0003782784333452636,0.19367855787277222,0.30078125,2,4
27,4005,0.07790261507034303,0.18465805053710938,0.46875,4,6
27,4006,0.014939188957214355,0.014939188957214355,0.90234375,3,8
27,4007,0.05329661001451314,0.07455700635910034,0.5859375,6,8
27,4008,0.12187707074917854,0.1536971926689148,0.6171875,5,8
27,4009,0.10272934450767936,0.18717944622039795,0.51953125,5,6
27,4010,0.011930644512176514,0.011930644512176514,0.9140625,4,6
27,4011,0.005214691162109375,0.005214691162109375,0.94140625,6,7
27,4012,0.0796884298324585,0.0796884298324585,0.796875,2,4
27,4013,0.013927817344665527,0.013927817344665527,0.9296875,6,9
27,4014,0.08792793122120203,0.21336066722869873,0.46484375,4,9
27,4015,0.08059388399124146,0.08059388399124146,0.734375,5,6
27,4016,0.07531992811709644,0.1967540979385376,0.453125,5,8
27,4017,0.047704458236694336,0.047704458236694336,0.828125,5,5
27,4018,0.10533244907855989,0.14735031127929688,0.5859375,2,5
27,4019,0.05286729335784912,0.05286729335784912,0.765625,5,9
27,4020,0.0,0.2639806270599365,0.28125,4,10
27,3723,0.13756902236491445,0.1634230613708496,0.63671875,2,5
27,3908,0.1344810128211975,0.1344810128211975,0.703125,2,5
27,4021,0.02725690044462682,0.24920594692230225,0.34375,2,4
27,4022,0.1347995814867318,0.15650200843811035,0.64453125,3,5
27,4023,0.045828938484191895,0.045828938484191895,0.74609375,2,3
27,4024,0.1283954381942749,0.1283954381942749,0.7109375,2,5
27,4025,0.03308159112930298,0.03308159112930298,0.796875,2,3
27,4026,0.05355913541279734,0.09110391139984131,0.53515625,1,1
27,4027,0.10192019783426078,0.15302973985671997,0.56640625,1,1
27,4028,0.07345983013510705,0.22657489776611328,0.4296875,1,1
27,4029,0.035236358642578125,0.035236358642578125,0.875,3,6
27,4030,0.012268900871276855,0.012268900871276855,0.9140625,2,4
27,4031,0.1288630608469248,0.1357569694519043,0.6796875,4,5
27,4032,0.07267400063574316,0.21759700775146484,0.43359375,5,7
27,4033,0.08325469493865967,0.08325469493865967,0.74609375,5,7
27,4034,0.04002881050109863,0.04002881050109863,0.7890625,3,6
27,4035,0.06409096717834473,0.06409096717834473,0.71484375,4,3
27,4036,0.04020637273788452,0.04020637273788452,0.75390625,1,0
27,4037,0.012516021728515625,0.012516021728515625,0.8984375,5,7
27,4038,0.09318752586841585,0.19797515869140625,0.48828125,2,6
27,4039,0.01356804370880127,0.01356804370880127,0.90625,2,3
27,4040,0.014402329921722412,0.014402329921722412,0.89453125,2,5
27,4041,0.09229992888867856,0.09928059577941895,0.671875,2,3
27,4042,0.005237579345703125,0.005237579345703125,0.96484375,3,5
27,4043,0.0771454543573782,0.1871965527534485,0.46484375,2,5
27,4044,0.077671617269516,0.0955958366394043,0.625,2,5
27,4045,0.05256783962249756,0.05256783962249756,0.7890625,2,4
27,4046,0.014974534511566162,0.014974534511566162,0.8984375,5,7
27,4047,0.1403130292892456,0.1403130292892456,0.71875,2,4
27,4048,0.05094611644744873,0.05094611644744873,0.734375,4,7
27,4049,0.10252087935805322,0.12321758270263672,0.6328125,5,9
27,4050,0.07292664062697442,0.21835345029830933,0.43359375,2,5
27,4051,0.11968348803929986,0.13292396068572998,0.66015625,1,1
27,4052,0.050420485902577646,0.051018357276916504,0.6953125,2,4
27,4053,0.017025411128997803,0.017025411128997803,0.90625,2,5
27,4054,0.1318341037258506,0.13747262954711914,0.68359375,2,5
27,4055,0.10161770274862648,0.17879128456115723,0.52734375,2,4
27,4056,0.10710426326841119,0.1884446144104004,0.52734375,3,6
28,3860,0.10138675197958948,0.10465729236602783,0.6875,2,3
28,3917,0.09313845634460449,0.09313845634460449,0.70703125,2,2
28,4057,0.07408905029296875,0.07408905029296875,0.7578125,2,2
28,4058,0.10656583309173584,0.10656583309173584,0.703125,1,2
28,4059,0.05470764636993408,0.05470764636993408,0.80859375,1,2
28,4060,0.09661927528213711,0.12984007596969604,0.59765625,2,3
28,4061,0.04724276065826416,0.04724276065826416,0.7890625,4,7
28,4062,0.07754597533494235,0.11643266677856445,0.56640625,3,6
28,4063,0.09320878982543945,0.09320878982543945,0.71484375,1,2
28,4064,0.01794189214706421,0.01794189214706421,0.87109375,2,3
28,4065,0.0046114325523376465,0.0046114325523376465,0.97265625,2,2
28,4066,1.722574234008789e-05,1.722574234008789e-05,1.0,3,6
28,4067,0.08826666465029122,0.15801584720611572,0.5234375,2,1
28,4068,0.013787031173706055,0.013787031173706055,0.890625,3,4
28,4069,0.07223021984100342,0.07223021984100342,0.76953125,2,5
28,4070,0.06239037145860494,0.07162302732467651,0.6484375,2,3
28,4071,0.07746469974517822,0.07746469974517822,0.78515625,2,3
28,4072,0.09727313602343203,0.10803437232971191,0.66015625,4,8
28,4073,0.08990977006033064,0.15293622016906738,0.53515625,3,4
28,4074,0.0516344290226698,0.07223176956176758,0.5859375,3,5
28,4075,0.022574901580810547,0.022574901580810547,0.84375,3,6
28,4076,0.08668887754902245,0.14045792818069458,0.546875,2,3
28,4077,0.08452343940734863,0.08452343940734863,0.765625,4,8
28,4078,0.06507606245577337,0.09103536605834961,0.5859375,3,6
28,4079,0.06367707252502441,0.06367707252502441,0.78125,3,7
28,4080,0.09149891138076782,0.09149891138076782,0.71875,2,3
28,4081,0.03506249189376831,0.03506249189376831,0.83984375,3,5
28,4082,0.03785353899002075,0.03785353899002075,0.84765625,1,2
28,4083,0.1012286050245166,0.1308814287185669,0.609375,2,4
28,3509,0.11127116438001396,0.124936044216156,0.65625,3,5
28,3926,0.09917440824210645,0.12506723403930664,0.6171875,2,3
28,4084,0.09091712906956674,0.16276073455810547,0.5234375,3,5
28,4085,0.10272920457646252,0.13805079460144043,0.59765625,3,4
28,4086,0.0003694295883178711,0.0003694295883178711,0.9921875,2,2
28,4087,0.04168534278869629,0.04168534278869629,0.796875,4,7
28,4088,0.09029519557952881,0.09029519557952881,0.71484375,3,5
28,4089,0.04813198046758772,0.21244460344314575,0.390625,2,3
28,4090,0.011258125305175781,0.011258125305175781,0.9140625,3,4
28,4091,0.08709309017285706,0.15591490268707275,0.5234375,2,3
28,4092,0.013085603713989258,0.013085603713989258,0.90625,3,5
28,4093,0.09223672980442645,0.13648903369903564,0.5703125,2,4
28,4094,0.09802258363924922,0.1429845094680786,0.57421875,3,6
28,4095,0.06580650806427002,0.06580650806427002,0.76171875,3,4
28,4096,0.025411248207092285,0.025411248207092285,0.828125,3,5
28,4097,0.09924881905317308,0.15123629570007324,0.5625,3,5
28,4098,0.09737354144454004,0.11305046081542969,0.64453125,2,3
28,4099,0.024561166763305664,0.024561166763305664,0.8359375,2,3
28,4100,0.05489814281463623,0.05489814281463623,0.7890625,2,3
28,4101,0.07377445697784424,0.07377445697784424,0.75,2,2
28,4102,0.07807596784550698,0.1285366415977478,0.54296875,3,4
28,4103,0.11286628246307373,0.11286628246307373,0.71484375,3,6
28,4104,0.09279098955448718,0.09297257661819458,0.69921875,2,4
28,4105,0.09652249678038062,0.09864175319671631,0.69140625,4,6
28,4106,0.002592027187347412,0.002592027187347412,0.97265625,4,5
28,4107,0.0328984260559082,0.0328984260559082,0.82421875,3,5
28,4108,0.04487585509195925,0.2167588472366333,0.3828125,3,5
28,4109,0.0620362786576152,0.2036062479019165,0.421875,3,5
28,4110,0.014901340007781982,0.014901340007781982,0.9140625,3,5
28,2512,0.12361430155579002,0.1315811276435852,0.67578125,3,7
28,3956,0.12601176369935277,0.1327531337738037,0.6796875,2,4
28,4111,0.004613339900970459,0.004613339900970459,0.96484375,5,9
28,4112,0.09328494034707548,0.15114521980285645,0.546875,1,1
28,4113,0.028274893760681152,0.028274893760681152,0.8515625,6,9
28,4114,0.019022345542907715,0.019022345542907715,0.87890625,5,7
28,4115,0.08711099624633789,0.08711099624633789,0.70703125,3,4
28,4116,0.09480607602745296,0.1639888882637024,0.53125,5,9
28,4117,0.10503763798624279,0.1141810417175293,0.66796875,4,6
28,4118,0.016382694244384766,0.016382694244384766,0.921875,3,8
28,4119,0.06976288557052612,0.06976288557052612,0.75390625,4,7
28,4120,0.08687877282500268,0.18848276138305664,0.484375,5,8
28,4121,0.08623998612165452,0.08902192115783691,0.6875,2,4
28,4122,0.08439318684395404,0.1346084475517273,0.55078125,5,9
28,4123,0.09425415657460691,0.12834608554840088,0.59375,4,6
28,4124,0.07708722352981569,0.12490081787109375,0.546875,4,7
28,4125,0.08264052844606341,0.1318129301071167,0.55078125,6,9
28,4126,0.010950326919555664,0.010950326919555664,0.91015625,6,9
28,4127,0.05762112140655519,0.21692657470703125,0.40625,2,3
28,4128,0.07409693521913142,0.1986263394355774,0.44921875,2,4
28,4129,0.0060915350914001465,0.0060915350914001465,0.953125,2,2
28,4130,0.0958123803138733,0.16572952270507812,0.53125,4,4
28,4131,0.0955584946786985,0.14347785711288452,0.56640625,4,6
28,4132,0.10473048686981201,0.10473048686981201,0.71875,5,8
28,4133,0.08264631032943726,0.08264631032943726,0.73046875,3,4
28,4134,0.0,0.25387120246887207,0.23828125,2,3
28,4135,0.04735296964645386,0.04735296964645386,0.8359375,3,5
28,4136,0.08562515908852221,0.08664047718048096,0.6953125,2,4
28,4137,0.10040697013027967,0.10060346126556396,0.69921875,3,5
28,4138,0.015295565128326416,0.015295565128326416,0.89453125,3,4
28,4139,0.1026497487910092,0.12054282426834106,0.640625,4,6
28,4140,0.0782516598701477,0.0782516598701477,0.73046875,5,9
28,4141,0.08260034630075098,0.1359851360321045,0.54296875,5,8
28,4142,0.09200728265568615,0.17709672451019287,0.5078125,5,9
28,4143,0.08211334247607739,0.190235435962677,0.47265625,3,6
28,4144,0.08741790195927025,0.10384678840637207,0.63671875,4,8
28,4145,0.030491113662719727,0.030491113662719727,0.8046875,2,4
28,4146,0.10230466746725143,0.11877548694610596,0.64453125,1,1
28,4147,0.08673903346061708,0.15528106689453125,0.5234375,6,9
28,4148,0.06678265333175659,0.06678265333175659,0.76953125,3,7
28,4149,0.013689756393432617,0.013689756393432617,0.8984375,3,3
28,4150,0.09838934359140696,0.12562429904937744,0.61328125,1,1
28,4151,0.05055534001439811,0.21392011642456055,0.39453125,3,6
28,4152,0.12027816532645376,0.1462765336036682,0.62890625,4,6
28,4153,0.10621270677074791,0.12331271171569824,0.64453125,3,4
28,4154,0.09331937320530416,0.1512010097503662,0.546875,3,4
28,4155,0.015976667404174805,0.015976667404174805,0.8984375,3,5
28,4156,0.08022981148678811,0.19468086957931519,0.46484375,6,10
28,4157,0.09593507647514345,0.12725067138671875,0.6015625,4,8
28,3906,0.1473876617383212,0.15369141101837158,0.68359375,4,10
28,3371,0.13505830394569787,0.1499996781349182,0.66015625,4,9
28,4158,0.1056291125714779,0.1609586477279663,0.5625,2,5
28,4159,0.09045076370239258,0.09045076370239258,0.77734375,4,8
28,4160,0.08839144301600756,0.1503535509109497,0.53515625,3,4
28,4161,0.08825558423995972,0.08825558423995972,0.7109375,4,10
28,4162,0.01362842321395874,0.01362842321395874,0.90625,2,4
28,4163,0.08164458442479373,0.14364957809448242,0.52734375,2,2
28,4164,0.0958910674089566,0.12886148691177368,0.59765625,2,5
28,4165,0.0361672043800354,0.0361672043800354,0.8203125,3,7
28,4166,0.013915657997131348,0.013915657997131348,0.90625,3,5
28,4167,0.009565353393554688,0.009565353393554688,0.95703125,4,9
28,4168,0.09858322143554688,0.09858322143554688,0.7578125,4,8
28,4169,0.08928817836567761,0.17186295986175537,0.5078125,3,4
28,4170,0.07584792375564575,0.07584792375564575,0.75,3,6
28,4171,0.0010935664176940918,0.0010935664176940918,0.99609375,5,10
28,4172,0.09962457418441772,0.09962457418441772,0.75390625,4,6
28,4173,0.03719210624694824,0.03719210624694824,0.78515625,2,4
28,4174,0.0896472993772477,0.16048747301101685,0.5234375,4,8
28,4175,0.09294955106452109,0.1506018042564392,0.546875,4,8
28,4176,0.1277266941033304,0.13053107261657715,0.69140625,3,5
28,4177,0.0003113026032224342,0.15938693284988403,0.30078125,5,9
28,4178,0.024875938892364502,0.024875938892364502,0.859375,3,4
28,4179,0.1108209490776062,0.1108209490776062,0.7421875,2,5
28,4180,0.033116042613983154,0.033116042613983154,0.859375,4,9
28,4181,0.08815166400745512,0.18347012996673584,0.4921875,2,5
28,4182,0.12488946109078826,0.1276315450668335,0.69140625,3,5
28,4183,0.10667681694030762,0.10667681694030762,0.8046875,4,10
28,4184,0.127388596534729,0.127388596534729,0.7109375,2,4
28,4185,0.07005685567855835,0.07005685567855835,0.71875,2,5
28,4186,0.0021796226501464844,0.0021796226501464844,0.98828125,3,6
28,4187,0.09225520514883102,0.15692579746246338,0.53515625,2,2
28,4188,0.023514747619628906,0.023514747619628906,0.875,2,3
28,4189,0.016541123390197754,0.016541123390197754,0.8828125,1,0
28,4190,0.0031765103340148926,0.0031765103340148926,0.96875,1,1
28,4191,0.09018104197457434,0.18395495414733887,0.49609375,2,3
28,4192,0.06191110610961914,0.06191110610961914,0.73828125,3,5
28,4193,0.06063908338546753,0.06063908338546753,0.75390625,4,9
28,4194,0.01348268985748291,0.01348268985748291,0.91796875,3,5
28,4195,0.012879014015197754,0.012879014015197754,0.91015625,1,0
28,4196,0.06671541929244995,0.06671541929244995,0.75,4,10
28,4197,0.12724910490214827,0.13135391473770142,0.6875,3,7
28,4198,0.012863218784332275,0.012863218784332275,0.90625,3,4
29,3509,0.12017513648606838,0.12660425901412964,0.6796875,3,5
29,3860,0.10519886016845703,0.10519886016845703,0.734375,2,3
29,4199,0.04939180612564087,0.04939180612564087,0.7890625,2,4
29,4200,0.0006006360054016113,0.0006006360054016113,1.0,2,2
29,4201,0.01272881031036377,0.01272881031036377,0.90234375,2,2
29,4202,0.021938800811767578,0.021938800811767578,0.86328125,2,2
29,4203,0.011443614959716797,0.011443614959716797,0.9375,2,3
29,4204,0.08094167523086072,0.19186174869537354,0.46875,2,3
29,4205,0.07671588659286499,0.07671588659286499,0.78515625,3,5
29,4206,0.016838431358337402,0.016838431358337402,0.875,2,3
29,4207,0.009913444519042969,0.009913444519042969,0.9296875,3,4
29,4208,0.10506370291113855,0.13583993911743164,0.609375,3,3
29,4209,0.12039807252585889,0.1281576156616211,0.67578125,3,5
29,4210,0.014818072319030762,0.014818072319030762,0.859375,2,3
29,4211,0.014578700065612793,0.014578700065612793,0.8984375,1,1
29,4212,0.11173522472381592,0.11173522472381592,0.71484375,4,5
29,4213,0.022377192974090576,0.022377192974090576,0.83984375,3,5
29,4214,0.004324674606323242,0.004324674606323242,0.9609375,2,2
29,4215,0.09422371187247337,0.14798325300216675,0.5546875,2,4
29,4216,0.10047978162765503,0.10047978162765503,0.78515625,4,6
29,4217,0.10251188278198242,0.10251188278198242,0.73828125,2,3
29,4218,0.004743218421936035,0.004743218421936035,0.95703125,3,4
29,4219,0.1147260069847107,0.1147260069847107,0.703125,2,3
29,4220,0.0,0.28409862518310547,0.13671875,3,6
29,4221,0.09169310331344604,0.09169310331344604,0.76171875,3,4
29,4222,0.11101734638214111,0.11101734638214111,0.70703125,2,3
29,4223,0.06021726131439209,0.06021726131439209,0.8359375,2,3
29,4224,0.09128856565803291,0.16342568397521973,0.5234375,3,3
29,4225,0.029433846473693848,0.029433846473693848,0.921875,3,4
29,4226,0.10360800474882127,0.1410832405090332,0.59375,2,3
29,4227,0.06766057014465332,0.06766057014465332,0.8125,3,6
29,4228,0.08272687299177052,0.19165682792663574,0.47265625,3,3
29,4229,0.014562606811523438,0.014562606811523438,0.8828125,3,5
29,4230,0.011043787002563477,0.011043787002563477,0.9453125,3,4
29,4231,0.08762931823730469,0.08762931823730469,0.7578125,3,6
29,4152,0.11883247294463219,0.14985769987106323,0.6171875,4,6
29,4153,0.11211978737264873,0.1258888840675354,0.65625,3,4
29,4232,0.10670661926269531,0.10670661926269531,0.7109375,4,7
29,4233,0.021263279020786296,0.21346664428710938,0.33984375,4,5
29,4234,0.0,0.24605673551559448,0.23046875,4,4
29,4235,0.030472636222839355,0.030472636222839355,0.78125,4,5
29,4236,0.03122842311859131,0.03122842311859131,0.87109375,4,6
29,4237,0.05055832862854004,0.05055832862854004,0.84765625,4,5
29,4238,0.0015414953231811523,0.0015414953231811523,0.9921875,3,3
29,4239,0.0008810758590698242,0.0008810758590698242,0.99609375,3,4
29,4240,0.0741014238446951,0.12006306648254395,0.546875,4,5
29,4241,0.009837746620178223,0.009837746620178223,0.93359375,3,4
29,4242,0.04665808752179147,0.21521568298339844,0.38671875,4,4
29,4243,0.04556852579116821,0.04556852579116821,0.75390625,5,2
29,4244,0.01570993661880493,0.01570993661880493,0.8984375,4,2
29,4245,0.017713725566864014,0.017713725566864014,0.8984375,3,3
29,4246,0.0016214847564697266,0.0016214847564697266,0.96875,3,5
29,4247,0.08710229396820068,0.08710229396820068,0.77734375,3,3
29,4248,0.08038103580474854,0.08038103580474854,0.75390625,4,6
29,4249,0.04612874984741211,0.04612874984741211,0.75390625,4,5
29,4250,0.0109902024269104,0.0109902024269104,0.91796875,3,5
29,4251,0.00015497207641601562,0.00015497207641601562,1.0,5,4
29,4252,0.06616413593292236,0.06616413593292236,0.8125,3,4
29,4253,0.10194289684295654,0.10194289684295654,0.734375,4,4
29,4254,0.11284300405532123,0.12137734889984131,0.671875,4,3
29,4255,0.022351980209350586,0.022351980209350586,0.87109375,3,6
29,4256,0.10899120382964612,0.15675139427185059,0.578125,5,8
29,3956,0.1309425230138004,0.137947678565979,0.6796875,2,4
29,2512,0.12496291741263123,0.13878744840621948,0.66015625,3,7
29,4257,0.10757776116952301,0.11571389436721802,0.671875,3,6
29,4258,0.0007772445678710938,0.0007772445678710938,0.99609375,4,4
29,4259,0.008761048316955566,0.008761048316955566,0.953125,3,7
29,4260,0.09863199898973109,0.1379770040512085,0.5859375,1,2
29,4261,0.09966032719239594,0.14333170652389526,0.578125,3,6
29,4262,0.10678339004516602,0.10678339004516602,0.75390625,2,4
29,4263,0.05281776189804077,0.05281776189804077,0.85546875,2,4
29,4264,0.01077568531036377,0.01077568531036377,0.953125,2,4
29,4265,0.0008900165557861328,0.0008900165557861328,0.99609375,2,4
29,4266,0.103279709815979,0.103279709815979,0.71875,2,3
29,4267,0.09693900123238565,0.1546192169189453,0.55078125,2,3
29,4268,0.08382785320281982,0.08382785320281982,0.78125,1,2
29,4269,0.047754309140145786,0.09367895126342773,0.50390625,3,4
29,4270,0.06165309296920897,0.10315811634063721,0.5390625,4,6
29,4271,0.11606740951538086,0.11606740951538086,0.73046875,3,5
29,4272,0.11169356107711792,0.11169356107711792,0.7421875,4,8
29,4273,0.11816542269662024,0.16994577646255493,0.578125,3,7
29,4274,0.1284678988158703,0.1544027328491211,0.6328125,3,4
29,4275,0.0038105249404907227,0.0038105249404907227,0.98046875,4,7
29,4276,0.055130600929260254,0.055130600929260254,0.828125,3,3
29,4277,0.12922783568501475,0.13900136947631836,0.671875,4,5
29,4278,0.012360215187072754,0.012360215187072754,0.9453125,2,4
29,4279,0.0485309362411499,0.0485309362411499,0.828125,4,7
29,4280,0.018104076385498047,0.018104076385498047,0.91796875,4,6
29,4281,0.0032271146774291992,0.0032271146774291992,0.96484375,3,5
29,4282,0.0872543454170227,0.0872543454170227,0.76953125,3,6
29,4283,0.041838750243186965,0.22314000129699707,0.375,3,7
29,4284,0.010265886783599854,0.010265886783599854,0.92578125,3,6
29,4285,0.11580273951403798,0.14083373546600342,0.62890625,2,3
29,4286,0.0,0.24893033504486084,0.296875,2,3
29,4287,0.027935683727264404,0.027935683727264404,0.91796875,5,10
29,4288,0.01883828639984131,0.01883828639984131,0.92578125,3,7
29,4289,0.01449429988861084,0.01449429988861084,0.90625,4,5
29,4290,0.07977449893951416,0.07977449893951416,0.796875,3,3
29,4291,0.026262967847287665,0.24011856317520142,0.34375,3,5
29,4292,0.009787797927856445,0.009787797927856445,0.92578125,4,4
29,4293,0.017391204833984375,0.017391204833984375,0.89453125,5,9
29,4294,0.09469177131541075,0.19315612316131592,0.49609375,2,3
29,4295,0.0866767168045044,0.0866767168045044,0.73046875,4,6
29,4296,0.039724074304103865,0.2118617296218872,0.375,4,6
29,3906,0.13271602895110848,0.15950846672058105,0.6328125,4,10
29,3371,0.1307172242086381,0.15528357028961182,0.63671875,4,9
29,4297,0.02341306209564209,0.02341306209564209,0.8828125,3,5
29,4298,0.010759234428405762,0.010759234428405762,0.953125,3,5
29,4299,0.024642884731292725,0.024642884731292725,0.91796875,4,9
29,4300,0.010800063610076904,0.010800063610076904,0.9375,2,4
29,4301,0.011220216751098633,0.011220216751098633,0.953125,4,10
29,4302,0.03695547580718994,0.03695547580718994,0.80078125,2,1
29,4303,0.0046967267990112305,0.0046967267990112305,0.953125,3,4
29,4304,0.09816984226927163,0.12534403800964355,0.61328125,3,4
29,4305,0.04581570625305176,0.04581570625305176,0.91015625,3,6
29,4306,0.10625308752059937,0.10625308752059937,0.71484375,4,8
29,4307,0.06093531847000122,0.06093531847000122,0.796875,2,4
29,4308,0.052257159724831595,0.21234655380249023,0.3984375,3,5
29,4309,0.1128175361081958,0.14054155349731445,0.62109375,4,9
29,4310,0.12841993942856791,0.132562518119812,0.6875,4,9
29,4311,0.02041172981262207,0.02041172981262207,0.89453125,1,1
29,4312,0.0384100079536438,0.0384100079536438,0.875,5,11
29,4313,0.13334435247816148,0.13627207279205322,0.69140625,3,5
29,4314,0.0073348283767700195,0.0073348283767700195,0.94140625,2,2
29,4315,0.013901591300964355,0.013901591300964355,0.94140625,5,7
29,4316,0.04067897424101831,0.2169545292854309,0.375,2,4
29,4317,0.05929410876706243,0.05999720096588135,0.6953125,4,9
29,4318,0.09170164354145528,0.17650842666625977,0.5078125,3,6
29,4319,0.1278400174342096,0.14045941829681396,0.6640625,4,8
29,4320,0.09359236480668189,0.1675499677658081,0.5234375,2,3
29,4321,0.04274415969848633,0.04274415969848633,0.78125,4,7
29,4322,0.11680475575849415,0.156965970993042,0.59765625,2,3
29,4323,0.037238359451293945,0.037238359451293945,0.765625,5,8
29,4324,0.05388692067936064,0.23784571886062622,0.390625,4,9
29,4325,0.1304398854263127,0.13741815090179443,0.6796875,2,4
29,4326,0.013279914855957031,0.013279914855957031,0.87109375,2,3
29,4327,0.037516236305236816,0.037516236305236816,0.76171875,4,10
29,4328,0.10902080079540612,0.1738898754119873,0.55078125,4,9
29,4329,0.049493372440338135,0.049493372440338135,0.83984375,5,10
29,4330,0.10384851880371572,0.14935517311096191,0.578125,1,1
29,4331,0.029263436794281006,0.029263436794281006,0.89453125,3,5
29,4332,0.09524804796092214,0.10578525066375732,0.66015625,5,10
29,4333,0.0889943838119507,0.17798876762390137,0.5,2,2
29,4334,0.1238985077943653,0.1346837282180786,0.66796875,5,11
29,4335,0.00694882869720459,0.00694882869720459,0.9609375,2,3
29,4336,0.08449864387512207,0.08449864387512207,0.81640625,3,6
29,4337,0.022575855255126953,0.022575855255126953,0.8671875,2,2
29,4338,0.09538427484221758,0.1595972180366516,0.5390625,3,4
29,4339,0.010510027408599854,0.010510027408599854,0.91796875,2,4
29,4340,0.0807675219839439,0.18711751699447632,0.47265625,5,10
30,4209,0.11181540030520411,0.1298174262046814,0.64453125,3,5
30,4219,0.11528200190514327,0.11550760269165039,0.69921875,2,3
30,4341,0.07320929015986623,0.1696070432662964,0.47265625,3,7
30,4342,0.00794076919555664,0.00794076919555664,0.90625,2,1
30,4343,0.008769750595092773,0.008769750595092773,0.91015625,3,4
30,4344,0.1011052429676056,0.15406513214111328,0.5625,3,5
30,4345,0.09756964445114136,0.09756964445114136,0.75390625,4,6
30,4346,0.0634737985674292,0.0981830358505249,0.55859375,3,4
30,4347,0.09449717146344484,0.09468209743499756,0.69921875,4,8
30,4348,0.0032502412796020508,0.0032502412796020508,0.9609375,1,1
30,4349,0.04828178882598877,0.04828178882598877,0.83984375,3,5
30,4350,0.06558588100597264,0.18552470207214355,0.44140625,5,9
30,4351,0.04585278034210205,0.04585278034210205,0.8515625,2,3
30,4352,0.003125762566924103,0.26673173904418945,0.3046875,4,9
30,4353,0.014427781105041504,0.014427781105041504,0.875,2,4
30,4354,0.04014790058135986,0.04014790058135986,0.76953125,4,7
30,4355,0.001135706901550293,0.001135706901550293,0.9765625,3,6
30,4356,0.05840855836868286,0.05840855836868286,0.82421875,2,3
30,4357,0.012256741523742676,0.012256741523742676,0.8984375,5,10
30,4358,0.06402510404586793,0.10373687744140625,0.546875,4,8
30,4359,0.03485298156738281,0.03485298156738281,0.76171875,2,2
30,4360,0.08148202532902361,0.1568375825881958,0.5078125,3,5
30,4361,0.06616315059363843,0.18212652206420898,0.4453125,3,6
30,4362,0.05197462567593903,0.053115785121917725,0.69140625,3,4
30,4363,0.09896759130060674,0.16834354400634766,0.53515625,4,8
30,4364,0.005846735322847971,0.27213895320892334,0.30859375,4,9
30,4365,0.10156959597952665,0.1347244381904602,0.6015625,2,4
30,2512,0.1380972879705951,0.14400368928909302,0.68359375,3,7
30,4152,0.10744269564747812,0.1545243263244629,0.578125,4,6
30,4366,0.04941761493682861,0.04941761493682861,0.86328125,4,6
30,4367,0.032423607539385564,0.2184327244758606,0.359375,4,7
30,4368,0.022282259073108445,0.24801123142242432,0.3359375,3,7
30,4369,0.0725042410194874,0.19435691833496094,0.44921875,3,4
30,4370,0.0052457451820373535,0.0052457451820373535,0.9453125,4,7
30,4371,0.00623321533203125,0.00623321533203125,0.921875,5,7
30,4372,0.09209980024024846,0.12376666069030762,0.59765625,4,9
30,4373,0.02245114278048278,0.22539186477661133,0.33984375,2,3
30,4374,0.09875518968328835,0.13099133968353271,0.6015625,4,8
30,4375,0.04679673910140991,0.04679673910140991,0.8515625,3,7
30,4376,0.012993454933166504,0.012993454933166504,0.89453125,3,7
30,4377,0.0011876821517944336,0.0011876821517944336,0.98046875,2,4
30,4378,0.010529398918151855,0.010529398918151855,0.94921875,2,3
30,4379,0.09788756212219597,0.13509011268615723,0.58984375,3,4
30,4380,2.944469451904297e-05,2.944469451904297e-05,1.0,2,3
30,4381,0.05896812677383423,0.05896812677383423,0.80859375,3,6
30,4382,0.007523596286773682,0.007523596286773682,0.9375,3,5
30,4383,0.04179883003234863,0.04179883003234863,0.83203125,3,7
30,4384,0.07971359021030368,0.16260302066802979,0.49609375,3,6
30,4385,0.05976998805999756,0.05976998805999756,0.84375,4,6
30,4386,0.02558600902557373,0.02558600902557373,0.83984375,4,8
30,4387,0.05443370342254639,0.05443370342254639,0.83984375,4,6
30,4388,0.055160263204015805,0.23340541124343872,0.39453125,4,8
30,4389,0.09829711657948793,0.16720306873321533,0.53515625,3,7
30,4390,0.09467789554037155,0.14645040035247803,0.55859375,4,7
30,4391,0.003435790538787842,0.003435790538787842,0.9375,3,7
30,4392,0.021283984184265137,0.021283984184265137,0.875,2,4
30,4393,0.017898292513564236,0.22351038455963135,0.33203125,4,9
30,4394,0.0719879495445639,0.15293705463409424,0.48828125,3,5
30,4395,0.04021346569061279,0.04021346569061279,0.8515625,3,5
30,4396,0.03786754608154297,0.03786754608154297,0.859375,3,5
30,4397,0.08195042610168457,0.08195042610168457,0.7890625,3,4
30,4398,0.02715623378753662,0.02715623378753662,0.85546875,3,6
30,3956,0.12071272172033788,0.1417543888092041,0.640625,2,4
30,4277,0.11861735489219428,0.1425635814666748,0.6328125,4,5
30,4399,0.0007327795028686523,0.0007327795028686523,0.984375,2,3
30,4400,0.01367199420928955,0.01367199420928955,0.88671875,4,5
30,4401,0.005169414449483164,0.24061274528503418,0.30859375,3,5
30,4402,0.010598897933959961,0.010598897933959961,0.91796875,4,2
30,4403,5.960464477539062e-07,5.960464477539062e-07,1.0,2,3
30,4404,0.09358705440536143,0.15659010410308838,0.5390625,3,4
30,4405,0.010495185852050781,0.010495185852050781,0.8984375,3,5
30,4406,0.016263306140899658,0.016263306140899658,0.90625,4,6
30,4407,0.012544453144073486,0.012544453144073486,0.91015625,3,4
30,4408,0.089826648356393,0.14327490329742432,0.55078125,3,3
30,4409,0.02795696258544922,0.02795696258544922,0.8828125,4,5
30,4410,0.08576557470951231,0.19009512662887573,0.48046875,4,8
30,4411,0.10065299272537231,0.10065299272537231,0.734375,3,4
30,4412,0.07514857151545586,0.1702480912208557,0.4765625,3,5
30,4413,0.07729721069335938,0.07729721069335938,0.79296875,2,2
30,4414,0.005684256553649902,0.005684256553649902,0.9375,2,2
30,4415,0.0,0.2622532844543457,0.27734375,5,8
30,4416,0.020439565181732178,0.020439565181732178,0.87109375,4,3
30,4417,0.0338742733001709,0.0338742733001709,0.859375,3,3
30,4418,0.025332624092698108,0.23161256313323975,0.34375,3,6
30,4419,0.08818387985229492,0.08818387985229492,0.7734375,3,4
30,4420,0.08842904493212701,0.14795970916748047,0.5390625,3,4
30,4421,0.007980108261108398,0.007980108261108398,0.91015625,2,2
30,4422,0.0880361271556467,0.14974915981292725,0.53515625,5,5
30,4423,0.04532444477081299,0.04532444477081299,0.73046875,4,2
30,4424,0.11563658714294434,0.11563658714294434,0.703125,4,4
30,4425,0.09489059448242188,0.09489059448242188,0.7578125,4,3
30,4426,0.05537808081135155,0.18777203559875488,0.41796875,3,5
30,4427,0.08697769511491062,0.15044790506362915,0.53125,3,4
30,4428,0.022025585174560547,0.022025585174560547,0.83984375,3,4
30,4429,0.06098496913909912,0.06098496913909912,0.81640625,4,4
30,4430,0.00048094161320478407,0.24624210596084595,0.30078125,3,3
30,4431,0.0030156373977661133,0.0030156373977661133,0.95703125,1,1
30,4432,0.044179439544677734,0.044179439544677734,0.78515625,3,5
30,4433,0.013205528259277344,0.013205528259277344,0.89453125,3,3
30,4434,0.0755242109298706,0.0755242109298706,0.7890625,4,5
30,4435,0.10308780206833036,0.14620763063430786,0.58203125,3,6
30,4436,0.08906495571136475,0.08906495571136475,0.765625,4,5
30,4437,0.01236581802368164,0.01236581802368164,0.89453125,3,3
30,4438,0.02349942922592163,0.02349942922592163,0.87109375,4,4
30,4439,0.06003391742706299,0.06003391742706299,0.73046875,2,3
30,4440,0.0022411346435546875,0.0022411346435546875,0.96484375,3,3
30,4441,0.10497246449813248,0.14106535911560059,0.59765625,4,7
30,4442,0.07355884462594987,0.1743617057800293,0.46875,2,3
30,4313,0.13016061438247564,0.1400046944618225,0.671875,3,5
30,3906,0.11617530742660166,0.16476941108703613,0.58203125,4,10
30,4443,0.08354991581290962,0.18928122520446777,0.4765625,4,9
30,4444,0.03533577919006348,0.03533577919006348,0.7734375,3,4
30,4445,0.014185309410095215,0.014185309410095215,0.90234375,3,4
30,4446,0.09128827590029688,0.1606171727180481,0.52734375,4,9
30,4447,0.08850995800457896,0.18803775310516357,0.48828125,4,9
30,4448,0.0,0.2527583837509155,0.21484375,5,10
30,4449,0.13554777775425467,0.1385238766670227,0.69140625,2,5
30,4450,0.11597126722335815,0.11597126722335815,0.71484375,2,3
30,4451,0.031601130962371826,0.031601130962371826,0.78515625,5,11
30,4452,0.09591209888458252,0.09591209888458252,0.71484375,3,4
30,4453,0.1085145912365988,0.12051945924758911,0.66015625,2,3
30,4454,0.10000768862664701,0.16733312606811523,0.5390625,5,9
30,4455,0.04536324739456177,0.04536324739456177,0.8203125,3,4
30,4456,3.409385681152344e-05,3.409385681152344e-05,1.0,4,6
30,4457,0.046543121337890625,0.046543121337890625,0.87890625,5,11
30,4458,0.044615328311920166,0.044615328311920166,0.84375,4,9
30,4459,0.07745784521102905,0.07745784521102905,0.8125,4,9
30,4460,0.057399520184844746,0.1883881688117981,0.421875,3,5
30,4461,0.1080402135848999,0.1080402135848999,0.71484375,2,4
30,4462,0.05286240577697754,0.05286240577697754,0.70703125,3,6
30,4463,0.12159490585327148,0.12159490585327148,0.74609375,3,5
30,4464,0.057650625705718994,0.057650625705718994,0.8125,4,9
30,4465,0.09491803124547006,0.13651132583618164,0.578125,2,3
30,4466,0.12760651111602783,0.12760651111602783,0.703125,3,6
30,4467,0.10949063277803363,0.1141735315322876,0.68359375,4,8
30,4468,0.11704981327056885,0.11704981327056885,0.734375,3,5
30,4469,0.014387965202331543,0.014387965202331543,0.875,5,12
30,4470,0.0891409912146628,0.15683913230895996,0.52734375,4,8
30,4471,0.04491537809371948,0.04491537809371948,0.80078125,4,9
30,4472,0.04576518759131432,0.07916140556335449,0.53125,3,6
30,4473,0.12408125400543213,0.12408125400543213,0.71484375,3,6
30,4474,0.0070154666900634766,0.0070154666900634766,0.89453125,5,10
30,4475,0.013177156448364258,0.013177156448364258,0.88671875,3,5
30,4476,0.08601641654968262,0.08601641654968262,0.7890625,5,12
30,4477,0.0,0.2987906336784363,0.1171875,4,6
30,4478,0.05910707148723305,0.06710159778594971,0.65234375,5,12
30,4479,0.05028485134243966,0.05190694332122803,0.6875,2,4
30,4480,0.08569713681936265,0.17480850219726562,0.49609375,4,10
30,4481,0.11989755439572038,0.1303344964981079,0.66796875,4,7
30,4482,0.08278855355456473,0.16887545585632324,0.49609375,2,3
31,4209,0.11529481131583454,0.12667584419250488,0.6640625,3,5
31,4344,0.10892614722251893,0.14832496643066406,0.59375,3,5
31,4483,0.013293862342834473,0.013293862342834473,0.91015625,3,5
31,4484,0.09136867523193361,0.1827373504638672,0.5,3,5
31,4485,0.07538338215090336,0.18292081356048584,0.46484375,5,6
31,4486,0.09657472372055054,0.09657472372055054,0.7109375,3,5
31,4487,0.01480323076248169,0.01480323076248169,0.86328125,3,5
31,4488,0.08875484601594509,0.12248647212982178,0.58984375,5,7
31,4489,0.0035796761512756348,0.0035796761512756348,0.9609375,3,5
31,4490,0.03384256362915039,0.03384256362915039,0.8515625,2,4
31,4491,0.014160513877868652,0.014160513877868652,0.890625,3,6
31,4492,0.08643996715545654,0.08643996715545654,0.73828125,3,5
31,4493,0.09432315826416016,0.09432315826416016,0.72265625,3,3
31,4494,0.014262914657592773,0.014262914657592773,0.91796875,3,5
31,4495,0.09101463994011284,0.15228593349456787,0.5390625,3,4
31,4496,0.11891829967498779,0.11891829967498779,0.703125,3,6
31,4497,0.013853609561920166,0.013853609561920166,0.90625,3,5
31,4498,0.07648261974100025,0.16248589754104614,0.48828125,2,4
31,4499,0.00481337308883667,0.00481337308883667,0.94921875,2,2
31,4500,0.08942523621954025,0.1754242181777954,0.50390625,4,5
31,4501,0.009930968284606934,0.009930968284606934,0.9296875,3,5
31,4502,0.09527973504737021,0.16207051277160645,0.53515625,3,5
31,4503,0.08055013418197632,0.08055013418197632,0.765625,3,4
31,4504,0.10085756704211236,0.1184382438659668,0.640625,2,3
31,4505,0.12025600671768188,0.12025600671768188,0.70703125,3,4
31,4506,0.043490588665008545,0.043490588665008545,0.83984375,3,5
31,4507,0.016964316368103027,0.016964316368103027,0.8828125,4,7
31,4219,0.10164488758891822,0.11288976669311523,0.66015625,2,3
31,4435,0.10799311054870488,0.14141297340393066,0.60546875,3,6
31,4508,0.06455350946635009,0.21186792850494385,0.421875,5,10
31,4509,0.01152580976486206,0.01152580976486206,0.90625,2,2
31,4510,0.050885198637843146,0.22459673881530762,0.390625,3,4
31,4511,0.03250885009765625,0.03250885009765625,0.859375,3,5
31,4512,0.10629300121217967,0.12340593338012695,0.64453125,3,7
31,4513,0.07170494971796872,0.202833890914917,0.44140625,2,3
31,4514,0.07956516742706299,0.07956516742706299,0.76171875,3,4
31,4515,0.0030955076217651367,0.0030955076217651367,0.984375,3,3
31,4516,0.014816045761108398,0.014816045761108398,0.8984375,1,1
31,4517,0.10168480779975654,0.13315248489379883,0.60546875,2,4
31,4518,0.04460310935974121,0.04460310935974121,0.8046875,2,4
31,4519,0.011871933937072754,0.011871933937072754,0.93359375,3,6
31,4520,0.00011157989501953125,0.00011157989501953125,1.0,3,3
31,4521,0.014387845993041992,0.014387845993041992,0.87109375,3,5
31,4522,0.008996009826660156,0.008996009826660156,0.9296875,3,3
31,4523,0.03905355930328369,0.03905355930328369,0.77734375,1,1
31,4524,0.002814054489135742,0.002814054489135742,0.97265625,3,6
31,4525,0.10303417034447195,0.11568748950958252,0.65625,4,7
31,4526,0.06419003009796143,0.06419003009796143,0.79296875,3,5
31,4527,0.013209521770477295,0.013209521770477295,0.90234375,2,3
31,4528,0.0635799765586853,0.0635799765586853,0.7734375,2,4
31,4529,0.09275084920227529,0.13339447975158691,0.578125,2,4
31,4530,0.016523241996765137,0.016523241996765137,0.89453125,3,6
31,4531,0.060784220695495605,0.060784220695495605,0.7734375,2,4
31,4532,0.0,0.0,1.0,3,6
31,4533,0.013251781463623047,0.013251781463623047,0.88671875,2,4
31,4534,0.10675722360610962,0.10675722360610962,0.7265625,4,6
31,4535,0.015479683876037598,0.015479683876037598,0.8984375,2,3
31,4536,0.004999518394470215,0.004999518394470215,0.9453125,3,3
31,4537,0.02042686939239502,0.02042686939239502,0.85546875,3,4
31,4449,0.129893746227026,0.13408386707305908,0.6875,2,5
31,4313,0.11990889732260258,0.13612717390060425,0.65234375,3,5
31,4538,0.07027935981750488,0.07027935981750488,0.7265625,2,4
31,4539,0.11977310618385674,0.14920639991760254,0.62109375,4,10
31,4540,0.11875761696137489,0.13189566135406494,0.66015625,3,5
31,4541,0.022147178649902344,0.022147178649902344,0.84375,3,5
31,4542,0.10330140590667725,0.10330140590667725,0.73046875,4,7
31,4543,0.1151303267106414,0.11765813827514648,0.69140625,3,5
31,4544,0.08491766452789307,0.08491766452789307,0.76171875,3,6
31,4545,0.0816053857561201,0.16008412837982178,0.50390625,1,1
31,4546,0.07074010372161865,0.07074010372161865,0.7734375,4,7
31,4547,0.07837011292576791,0.20472192764282227,0.453125,2,4
31,4548,0.04022747278213501,0.04022747278213501,0.81640625,2,4
31,4549,0.022578179836273193,0.022578179836273193,0.88671875,2,5
31,4550,0.09990275930613281,0.17280477285385132,0.53125,3,5
31,4551,0.011166214942932129,0.011166214942932129,0.9140625,2,4
31,4552,0.06918942928314209,0.06918942928314209,0.76953125,4,8
31,4553,0.12309505278244616,0.131028413772583,0.67578125,4,8
31,4554,0.07953774929046631,0.07953774929046631,0.73828125,3,6
31,4555,0.08183897589333357,0.15752464532852173,0.5078125,3,4
31,4556,0.05431628227233887,0.05431628227233887,0.8046875,3,6
31,4557,0.04376220703125,0.04376220703125,0.8046875,3,5
31,4558,0.0656815767288208,0.0656815767288208,0.78125,2,3
31,4559,0.08423088211566211,0.18273818492889404,0.484375,3,7
31,4560,0.05553319305181504,0.05850410461425781,0.6796875,4,10
31,4561,0.0756646163063124,0.16074806451797485,0.48828125,1,2
31,4562,0.12141652498394252,0.13632732629776,0.65625,3,5
31,4563,0.12045252323150635,0.12045252323150635,0.71484375,3,6
31,4564,0.007737688720226295,0.2476060390472412,0.3125,4,10
31,4565,0.11805320158600809,0.11828422546386719,0.69921875,3,6
31,4566,0.027192234992980957,0.027192234992980957,0.828125,3,5
31,4567,0.05489146709442139,0.05489146709442139,0.78515625,2,5
31,4568,0.12258534366264941,0.1527097225189209,0.62109375,3,5
31,4569,0.051851219031959786,0.21940350532531738,0.39453125,3,6
31,4570,0.11802119901403786,0.16510069370269775,0.5859375,3,7
31,4571,0.09846025705337524,0.09846025705337524,0.74609375,3,7
31,4572,0.01205974817276001,0.01205974817276001,0.91015625,3,5
31,4573,0.08862336073070766,0.1882786750793457,0.48828125,3,4
31,4574,0.08815872669219971,0.08815872669219971,0.73046875,4,6
31,4575,0.1220560073852539,0.1220560073852539,0.703125,3,4
31,2512,0.12887431983835998,0.1357688307762146,0.6796875,3,7
31,3956,0.11327426251955332,0.136141836643219,0.6328125,2,4
31,4576,0.060437917709350586,0.060437917709350586,0.78125,3,4
31,4577,0.09915336314588787,0.11133009195327759,0.65625,1,2
31,4578,0.0029500722885131836,0.0029500722885131836,0.9609375,4,3
31,4579,0.015793323516845703,0.015793323516845703,0.87109375,4,5
31,4580,0.09536400600336493,0.12815320491790771,0.59765625,4,5
31,4581,0.11165714263916016,0.11165714263916016,0.703125,4,3
31,4582,0.08114303695037962,0.1838284730911255,0.4765625,4,6
31,4583,0.08642542362213135,0.08642542362213135,0.76171875,3,7
31,4584,0.09159088134765625,0.09159088134765625,0.7265625,3,3
31,4585,0.009400248527526855,0.009400248527526855,0.921875,4,3
31,4586,0.08187638013623656,0.15468895435333252,0.51171875,4,6
31,4587,0.08781696378719063,0.14006942510604858,0.55078125,4,7
31,4588,0.09414163802284749,0.16013461351394653,0.53515625,5,7
31,4589,0.01109457015991211,0.01109457015991211,0.91796875,4,8
31,4590,0.006830751895904541,0.006830751895904541,0.92578125,4,8
31,4591,0.11767858266830444,0.11767858266830444,0.71875,3,7
31,4592,0.04180169105529785,0.04180169105529785,0.83203125,2,4
31,4593,0.0024808645248413086,0.0024808645248413086,0.9609375,4,6
31,4594,0.10860099783167244,0.10881352424621582,0.69921875,3,3
31,4595,0.06904315948486328,0.06904315948486328,0.80859375,3,5
31,4596,0.06418752670288086,0.06418752670288086,0.7734375,4,4
31,4597,0.021224379539489746,0.021224379539489746,0.890625,4,8
31,4598,0.051638126373291016,0.051638126373291016,0.8046875,2,5
31,4599,0.05659925937652588,0.05659925937652588,0.76171875,2,3
31,4600,0.09484060760587455,0.12579894065856934,0.6015625,4,6
31,4601,0.006510138511657715,0.006510138511657715,0.95703125,4,7
31,4602,0.07844129973091186,0.1666470766067505,0.48828125,4,8
31,4603,0.07473182491958143,0.12504148483276367,0.5390625,2,4
31,4604,0.09054371691308917,0.14220362901687622,0.5546875,4,8
31,4605,0.08400444500148298,0.19031095504760742,0.4765625,4,7
31,4606,0.009234070777893066,0.009234070777893066,0.921875,2,4
31,4607,0.012874007225036621,0.012874007225036621,0.88671875,5,9
31,4608,0.06926232576370239,0.06926232576370239,0.7890625,3,5
31,4609,0.11635369062423706,0.11635369062423706,0.72265625,5,7
31,4610,0.11805582046508789,0.11805582046508789,0.71875,4,6
31,4611,0.0022509098052978516,0.0022509098052978516,0.9765625,1,3
31,4612,0.03161340951919556,0.03161340951919556,0.82421875,5,6
31,4613,0.04364028060808779,0.22122597694396973,0.37890625,3,6
31,4614,0.06577074527740479,0.06577074527740479,0.7734375,4,8
31,4615,0.09647544473409654,0.11873900890350342,0.625,3,8
31,4616,0.0639946460723877,0.0639946460723877,0.76953125,4,7
31,4617,0.015834510326385498,0.015834510326385498,0.875,4,4
31,4618,0.0,0.28372645378112793,0.09765625,3,7
31,4619,0.05928123439662159,0.1774970293045044,0.43359375,4,6
31,4620,0.08041257411241533,0.08835029602050781,0.6640625,2,4
31,4621,0.1013333797454834,0.1013333797454834,0.73828125,4,8
31,4622,0.10039787436835469,0.11926615238189697,0.63671875,3,4
31,4623,0.019080519676208496,0.019080519676208496,0.859375,4,8
31,4624,0.08726227283477783,0.08726227283477783,0.7734375,4,7
32,4525,0.09271568199619652,0.12140774726867676,0.60546875,4,7
32,4493,0.09770750999450684,0.09770750999450684,0.71484375,3,3
32,4625,0.002540111541748047,0.002540111541748047,0.97265625,4,7
32,4626,0.012639343738555908,0.012639343738555908,0.88671875,3,3
32,4627,0.08111172495409848,0.08127045631408691,0.69921875,5,8
32,4628,0.0017864108085632324,0.0017864108085632324,0.984375,3,6
32,4629,0.08860349655151367,0.08860349655151367,0.72265625,4,6
32,4630,0.02630704641342163,0.02630704641342163,0.87109375,4,7
32,4631,0.009905338287353516,0.009905338287353516,0.90625,5,7
32,4632,0.012550890445709229,0.012550890445709229,0.9140625,4,7
32,4633,0.05102450656704606,0.20733767747879028,0.3984375,4,8
32,4634,0.00976872444152832,0.00976872444152832,0.9296875,4,6
32,4635,0.07200229167938232,0.07200229167938232,0.7890625,3,3
32,4636,0.05880052072461695,0.1663307547569275,0.44140625,4,5
32,4637,0.0,0.3385131359100342,0.078125,4,7
32,4638,0.08328586816787721,0.14406204223632812,0.53125,4,6
32,4639,0.039743661880493164,0.039743661880493164,0.8359375,4,6
32,4640,0.0983274425379932,0.12554526329040527,0.61328125,3,3
32,4641,0.09051525592803955,0.09051525592803955,0.7421875,3,2
32,4642,0.026004910469055176,0.026004910469055176,0.82421875,4,4
32,4643,0.09488214319571854,0.09600722789764404,0.6953125,5,9
32,4505,0.10143408912699671,0.1263607144355774,0.62109375,3,4
32,4209,0.10246211523190142,0.13247627019882202,0.609375,3,5
32,4644,0.09826122201047839,0.11672794818878174,0.63671875,2,3
32,4645,0.0017763376235961914,0.0017763376235961914,0.96484375,1,0
32,4646,0.014280915260314941,0.014280915260314941,0.87109375,2,3
32,4647,0.06512011541053654,0.17010968923568726,0.453125,2,5
32,4648,0.006841063499450684,0.006841063499450684,0.9609375,3,4
32,4649,0.08698453835677357,0.14320284128189087,0.54296875,4,8
32,4650,0.0,0.34007781744003296,0.078125,4,6
32,4651,0.09593746555037798,0.11667454242706299,0.62890625,2,4
32,4652,0.01166301965713501,0.01166301965713501,0.91796875,4,7
32,4653,5.543231964111328e-06,5.543231964111328e-06,1.0,4,8
32,4654,0.008223533630371094,0.008223533630371094,0.9140625,3,3
32,4655,0.0893440842628479,0.0893440842628479,0.71875,2,2
32,4656,0.07876968383789062,0.07876968383789062,0.74609375,3,5
32,4657,0.10854906961321832,0.11205065250396729,0.6875,3,5
32,4658,0.012721061706542969,0.012721061706542969,0.91015625,3,2
32,4659,0.07571971416473389,0.07571971416473389,0.7578125,2,4
32,4660,0.06088351155631245,0.17222297191619873,0.44140625,3,4
32,4661,0.008613884449005127,0.008613884449005127,0.92578125,3,3
32,4662,0.07546494179405273,0.14803850650787354,0.50390625,2,2
32,4663,0.06695786816999318,0.18431413173675537,0.4453125,3,4
32,4664,3.4809112548828125e-05,3.4809112548828125e-05,0.99609375,3,3
32,4665,0.06945735216140747,0.06945735216140747,0.78515625,2,3
32,4666,0.09032970154657961,0.15365052223205566,0.53515625,3,5
32,4667,0.012916922569274902,0.012916922569274902,0.8828125,3,4
32,4668,0.08362712687812747,0.1422494649887085,0.53515625,3,4
32,4669,0.06333341728895904,0.17433714866638184,0.4453125,3,3
32,4670,0.0026382803916931152,0.0026382803916931152,0.96875,2,3
32,4671,0.03488647937774658,0.03488647937774658,0.84375,2,2
32,4672,0.11051794840022923,0.12013840675354004,0.66796875,3,5
32,4673,0.07108616828918457,0.07108616828918457,0.76953125,4,8
32,4674,0.09359300136566162,0.09359300136566162,0.74609375,3,4
32,4675,0.007934515597298747,0.19345104694366455,0.31640625,4,8
32,4676,0.09859264781698586,0.10494685173034668,0.67578125,3,4
32,4677,0.06288957595825195,0.06288957595825195,0.8125,4,5
32,4678,0.10605134465731682,0.15041077136993408,0.58203125,5,9
32,2512,0.13850289583206177,0.13850289583206177,0.70703125,3,7
32,4496,0.11139782203827055,0.1237216591835022,0.66015625,3,6
32,4679,0.06306493282318115,0.06306493282318115,0.7578125,5,7
32,4680,0.004180192947387695,0.004180192947387695,0.9453125,4,4
32,4681,0.02639925479888916,0.02639925479888916,0.87890625,4,6
32,4682,0.08419694262556733,0.15341222286224365,0.51953125,3,4
32,4683,0.09299043565988542,0.15817642211914062,0.53515625,5,7
32,4684,0.035217446275055415,0.2226090431213379,0.36328125,3,6
32,4685,0.05397534370422363,0.05397534370422363,0.80859375,3,4
32,4686,0.1311912365490571,0.13144797086715698,0.69921875,3,7
32,4687,0.028383731842041016,0.028383731842041016,0.8671875,4,5
32,4688,0.018358393339440233,0.2292560338973999,0.33203125,4,6
32,4689,0.11309874057769775,0.11309874057769775,0.703125,3,6
32,4690,0.05878321966156364,0.07505488395690918,0.61328125,2,3
32,4691,0.06774154631420971,0.19162249565124512,0.44140625,3,6
32,4692,0.0,0.2706754207611084,0.17578125,3,6
32,4693,0.08916354179382324,0.08916354179382324,0.7421875,2,3
32,4694,0.0,0.25892579555511475,0.20703125,3,6
32,4695,0.06320428848266602,0.06320428848266602,0.8203125,4,6
32,4696,0.013032257556915283,0.013032257556915283,0.90234375,3,7
32,4697,0.09496144438162447,0.12124752998352051,0.61328125,2,3
32,4698,0.0968102216720581,0.0968102216720581,0.70703125,3,5
32,4699,0.06478426977992059,0.18846333026885986,0.4375,3,6
32,4700,0.11770539300050588,0.12028974294662476,0.69140625,3,5
32,4701,0.07653534412384033,0.07653534412384033,0.765625,2,4
32,4702,0.10093360499013217,0.10314971208572388,0.69140625,2,2
32,4703,0.05881050974130631,0.17108511924743652,0.4375,3,6
32,4704,0.0806317700771615,0.11761671304702759,0.57421875,3,6
32,4705,0.022787644411437224,0.22877007722854614,0.33984375,5,8
32,4706,0.01865560375154019,0.1565847396850586,0.34765625,5,8
32,4707,0.01300048828125,0.01300048828125,0.92578125,4,6
32,4708,0.07217635028064252,0.1838521957397461,0.45703125,4,5
32,4709,0.016895413398742676,0.016895413398742676,0.91015625,3,5
32,4710,0.11741613177582623,0.13948273658752441,0.63671875,3,7
32,4711,0.08458921895362438,0.13285177946090698,0.5546875,3,6
32,4712,0.01427847146987915,0.01427847146987915,0.8828125,3,6
32,4713,0.008098244667053223,0.008098244667053223,0.92578125,3,5
32,4714,0.025050809606909762,0.22903597354888916,0.34375,2,3
32,4449,0.11157534015364946,0.13899409770965576,0.62109375,2,5
32,4553,0.1046395431039855,0.13702160120010376,0.60546875,4,8
32,4715,0.04187530279159546,0.04187530279159546,0.859375,4,7
32,4716,0.06847352068871261,0.1788696050643921,0.453125,3,4
32,4717,0.09064545575529338,0.14686858654022217,0.546875,2,4
32,4718,0.10901439632289113,0.11977547407150269,0.6640625,3,4
32,4719,0.07078963075764479,0.1473345160484314,0.4921875,3,6
32,4720,0.006583452224731445,0.006583452224731445,0.93359375,3,4
32,4721,0.030086159706115723,0.030086159706115723,0.89453125,3,4
32,4722,0.06808242481201889,0.14770424365997314,0.484375,4,8
32,4723,0.05997812747955322,0.05997812747955322,0.77734375,3,5
32,4724,0.06624829908832909,0.17305678129196167,0.453125,3,4
32,4725,0.018215835094451904,0.018215835094451904,0.86328125,3,5
32,4726,0.0005525350570678711,0.0005525350570678711,0.9921875,4,5
32,4727,0.011870086193084717,0.011870086193084717,0.89453125,4,5
32,4728,0.07925195922143759,0.1444021463394165,0.51953125,2,2
32,4729,0.09037624171469362,0.1318308711051941,0.57421875,1,1
32,4730,0.11186441313475372,0.16796064376831055,0.56640625,4,8
32,4731,0.07010485371574761,0.07620739936828613,0.66796875,3,3
32,4732,0.09848830942064525,0.1105833649635315,0.65625,3,5
32,4733,0.07510519027709961,0.07510519027709961,0.765625,2,3
32,4734,0.032204627990722656,0.032204627990722656,0.8203125,2,5
32,4735,0.013735055923461914,0.013735055923461914,0.87109375,1,1
32,4736,0.023502826690673828,0.023502826690673828,0.8984375,3,4
32,4737,0.06472898949868978,0.1938084363937378,0.43359375,2,5
32,4738,0.05139195919036865,0.05139195919036865,0.84375,4,9
32,4739,0.011386871337890625,0.011386871337890625,0.9140625,3,5
32,4740,0.02688652276992798,0.02688652276992798,0.8359375,4,6
32,4741,0.07730162143707275,0.07730162143707275,0.7734375,3,5
32,4742,0.025912880897521973,0.025912880897521973,0.90234375,3,7
32,4743,0.06460506934672595,0.17783761024475098,0.4453125,3,3
32,4744,0.015960752964019775,0.015960752964019775,0.875,4,7
32,4745,0.09354150295257568,0.09354150295257568,0.734375,4,8
32,4746,0.0758638381958008,0.15172767639160156,0.5,3,4
32,4747,0.06703027314506473,0.1626516580581665,0.46484375,4,6
32,4748,0.033866047859191895,0.033866047859191895,0.85546875,2,2
32,4749,0.006902635097503662,0.006902635097503662,0.953125,3,5
32,4750,0.0021446943283081055,0.0021446943283081055,0.97265625,4,6
32,4751,0.028663992881774902,0.028663992881774902,0.83984375,3,6
32,4752,0.019489765167236328,0.019489765167236328,0.921875,3,4
32,4753,0.058408260345458984,0.058408260345458984,0.80859375,4,6
32,4754,0.0708313371287659,0.15047985315322876,0.48828125,4,7
32,4755,0.10081141116097571,0.121163010597229,0.6328125,4,5
32,4756,0.08002598199527712,0.14080172777175903,0.52734375,3,6
32,4757,0.07718344149179758,0.12914353609085083,0.5390625,4,8
32,4758,0.07689660787582397,0.07689660787582397,0.75,2,4
32,4759,0.02802121639251709,0.02802121639251709,0.875,3,5
32,4760,0.08805790636688472,0.15764212608337402,0.5234375,4,9
32,4761,0.09136384725570679,0.09136384725570679,0.703125,3,5
32,4762,0.0,0.19651776552200317,0.26171875,3,5
32,4763,0.05740642547607422,0.05740642547607422,0.78515625,4,8
32,4764,0.010510444641113281,0.010510444641113281,0.90625,3,2
32,4765,0.09515115711838008,0.154168963432312,0.546875,2,4
32,4766,0.05779628222808243,0.20268285274505615,0.4140625,3,5
33,4676,0.10253006219863892,0.10253006219863892,0.73046875,3,4
33,4644,0.11403650045394897,0.11403650045394897,0.703125,2,3
33,4767,0.010738730430603027,0.010738730430603027,0.9296875,2,3
33,4768,0.07740920782089233,0.07740920782089233,0.80078125,2,2
33,4769,0.10481667518615723,0.10481667518615723,0.73046875,2,2
33,4770,0.100955069065094,0.100955069065094,0.7421875,3,3
33,4771,0.11333007412031294,0.11355185508728027,0.69921875,3,4
33,4772,0.013228535652160645,0.013228535652160645,0.8828125,3,4
33,4773,0.10938917100429536,0.13463282585144043,0.625,2,2
33,4774,0.08820569515228271,0.08820569515228271,0.83203125,4,6
33,4775,0.10736721754074097,0.10736721754074097,0.71484375,2,3
33,4776,0.005577206611633301,0.005577206611633301,0.9375,3,4
33,4777,0.08295363187789917,0.08295363187789917,0.79296875,3,5
33,4778,0.012112796306610107,0.012112796306610107,0.88671875,3,5
33,4779,0.006330370903015137,0.006330370903015137,0.953125,3,4
33,4780,0.08834308385848999,0.08834308385848999,0.78125,1,2
33,4781,0.0021134614944458008,0.0021134614944458008,0.97265625,3,4
33,4782,0.10599794459994884,0.15461808443069458,0.57421875,2,3
33,4783,0.04443627595901489,0.04443627595901489,0.875,3,4
33,4784,0.11287443852052094,0.11421287059783936,0.6953125,3,3
33,4785,0.073391854763031,0.073391854763031,0.8125,4,5
33,4449,0.13921767473220825,0.13921767473220825,0.71484375,2,5
33,4761,0.09504735469818115,0.09504735469818115,0.74609375,3,5
33,4786,0.1003999672830105,0.17366480827331543,0.53125,2,3
33,4787,0.013218164443969727,0.013218164443969727,0.87109375,2,5
33,4788,0.11397724295966329,0.18179547786712646,0.55078125,2,4
33,4789,0.11443320033140482,0.1461092233657837,0.61328125,3,7
33,4790,0.021074652671813965,0.021074652671813965,0.9140625,4,6
33,4791,0.00918126106262207,0.00918126106262207,0.9296875,3,4
33,4792,0.07050544023513794,0.07050544023513794,0.7578125,2,5
33,4793,0.0985804251395166,0.205175518989563,0.4921875,1,3
33,4794,0.008062362670898438,0.008062362670898438,0.9453125,3,5
33,4795,0.13220642611850056,0.16078311204910278,0.62890625,3,5
33,4796,0.11667498969472946,0.1610177755355835,0.58984375,3,5
33,4797,0.011359691619873047,0.011359691619873047,0.9140625,3,4
33,4798,0.11700053908862176,0.1926182508468628,0.54296875,1,1
33,4799,0.12790262699127197,0.12790262699127197,0.70703125,3,4
33,4800,0.0631652930751443,0.06794250011444092,0.671875,2,4
33,4801,0.027814865112304688,0.027814865112304688,0.86328125,3,4
33,4802,0.03705251216888428,0.03705251216888428,0.87890625,3,4
33,4803,0.13101404951885345,0.14394676685333252,0.6640625,2,4
33,4804,0.10731625556945801,0.10731625556945801,0.71484375,3,5
33,4805,0.015712489024735994,0.196214497089386,0.33203125,4,5
33,4806,0.058841824531555176,0.058841824531555176,0.76171875,3,5
33,4807,0.11714500188827515,0.11714500188827515,0.7265625,3,5
33,4808,0.03380739688873291,0.03380739688873291,0.7890625,2,2
33,4809,0.10464827588293704,0.20528703927993774,0.50390625,3,6
33,4810,0.07763195037841797,0.07763195037841797,0.8046875,2,5
33,4811,0.044107139110565186,0.044107139110565186,0.83203125,2,5
33,4812,0.02135854959487915,0.02135854959487915,0.84375,2,4
33,4700,0.12003648281097412,0.12003648281097412,0.77734375,3,5
33,4689,0.1125861406326294,0.1125861406326294,0.79296875,3,6
33,4813,0.0,0.26530373096466064,0.296875,3,5
33,4814,0.10489827557466926,0.1755160689353943,0.5390625,3,5
33,4815,0.11991894245147705,0.11991894245147705,0.74609375,3,6
33,4816,0.0017654895782470703,0.0017654895782470703,0.9765625,3,4
33,4817,0.05286902189254761,0.05286902189254761,0.84375,2,2
33,4818,0.11288630939088763,0.16949498653411865,0.56640625,2,4
33,4819,0.05981433391571045,0.05981433391571045,0.83984375,2,4
33,4820,0.03786325454711914,0.03786325454711914,0.80859375,3,4
33,4821,0.030552148818969727,0.030552148818969727,0.80078125,3,6
33,4822,0.09890762181021275,0.17402303218841553,0.52734375,3,6
33,4823,0.12726670503616333,0.12726670503616333,0.7421875,4,7
33,4824,0.01650184392929077,0.01650184392929077,0.9140625,3,6
33,4825,0.11056768521666528,0.16848409175872803,0.5625,3,5
33,4826,0.06365996599197388,0.06365996599197388,0.82421875,3,6
33,4827,0.12015044735744597,0.1593705415725708,0.6015625,3,6
33,4828,0.009007871150970459,0.009007871150970459,0.90234375,2,2
33,4829,0.032541513442993164,0.032541513442993164,0.86328125,3,6
33,4830,0.03485119342803955,0.03485119342803955,0.8203125,3,6
33,4831,0.04140186309814453,0.04140186309814453,0.80078125,3,5
33,4832,0.07311362028121948,0.07311362028121948,0.8359375,3,7
33,4833,0.13082633062731477,0.14852124452590942,0.65234375,3,6
33,4834,0.11405020952224731,0.11405020952224731,0.765625,3,5
33,4835,0.09452087350655348,0.16630476713180542,0.52734375,3,5
33,4836,0.03446477651596069,0.03446477651596069,0.77734375,3,6
33,4837,0.01180940866470337,0.01180940866470337,0.890625,3,5
33,4838,0.09338998794555664,0.09338998794555664,0.8046875,4,7
33,4839,0.11618423461914062,0.11618423461914062,0.74609375,3,5
33,4840,0.10551958763971928,0.19574648141860962,0.515625,3,4
33,4841,0.020237743854522705,0.020237743854522705,0.90625,3,4
33,4842,0.0650479793548584,0.0650479793548584,0.8359375,3,5
33,4843,0.10894060134887695,0.10894060134887695,0.734375,3,5
33,4844,0.011550962924957275,0.011550962924957275,0.88671875,4,3
33,4845,0.02482306957244873,0.02482306957244873,0.8515625,4,5
33,4846,0.08761453628540039,0.08761453628540039,0.8046875,3,6
33,4847,0.10731983184814453,0.10731983184814453,0.796875,3,6
33,4848,0.11231571435928345,0.11231571435928345,0.76953125,3,5
33,4849,0.06691670417785645,0.06691670417785645,0.8203125,3,3
33,2512,0.1359885334968567,0.1359885334968567,0.734375,3,7
33,4686,0.12831103801727295,0.12831103801727295,0.7109375,3,7
33,4850,0.007470905780792236,0.007470905780792236,0.921875,1,0
33,4851,0.11098247580230237,0.15112507343292236,0.59375,2,1
33,4852,0.07455021142959595,0.07455021142959595,0.765625,3,7
33,4853,0.010616183280944824,0.010616183280944824,0.91796875,2,4
33,4854,0.00021004676818847656,0.00021004676818847656,0.9921875,2,3
33,4855,0.0,0.26749300956726074,0.18359375,3,7
33,4856,0.06407022476196289,0.06407022476196289,0.82421875,4,9
33,4857,0.0203702449798584,0.0203702449798584,0.90625,5,9
33,4858,0.0039719343185424805,0.0039719343185424805,0.94140625,2,0
33,4859,0.028929829597473145,0.028929829597473145,0.875,4,7
33,4860,0.0,0.3291650414466858,0.109375,4,6
33,4861,0.098542936029844,0.17955154180526733,0.51953125,1,2
33,4862,0.029473185539245605,0.029473185539245605,0.88671875,4,8
33,4863,0.032627999782562256,0.032627999782562256,0.81640625,4,9
33,4864,0.048553645610809326,0.048553645610809326,0.8515625,4,6
33,4865,2.384185791015625e-07,2.384185791015625e-07,1.0,5,8
33,4866,0.07878243923187256,0.07878243923187256,0.81640625,3,4
33,4867,0.007670760154724121,0.007670760154724121,0.921875,4,5
33,4868,0.02833402156829834,0.02833402156829834,0.88671875,1,2
33,4869,0.0,0.3102743625640869,0.109375,5,7
33,4870,0.008486032485961914,0.008486032485961914,0.90234375,3,5
33,4871,0.11080670356750488,0.11080670356750488,0.75,3,6
33,4872,1.3113021850585938e-06,1.3113021850585938e-06,1.0,5,10
33,4873,3.7550926208496094e-05,3.7550926208496094e-05,1.0,4,7
33,4874,0.004740357398986816,0.004740357398986816,0.97265625,3,7
33,4875,0.03452801704406738,0.03452801704406738,0.8984375,3,6
33,4876,0.04106783866882324,0.04106783866882324,0.8671875,3,6
33,4877,0.012510895729064941,0.012510895729064941,0.90234375,4,7
33,4878,0.03624558448791504,0.03624558448791504,0.7734375,4,7
33,4879,3.24249267578125e-05,3.24249267578125e-05,0.99609375,4,6
33,4880,0.007068514823913574,0.007068514823913574,0.94140625,3,2
33,4881,0.019583165645599365,0.019583165645599365,0.87109375,3,6
33,4882,0.021471023559570312,0.021471023559570312,0.89453125,4,4
33,4883,0.043412625789642334,0.043412625789642334,0.8515625,3,6
33,4884,0.01247107982635498,0.01247107982635498,0.89453125,3,7
33,4885,0.04451346397399902,0.04451346397399902,0.80859375,2,3
33,4886,0.0655370765598491,0.20841604471206665,0.42578125,3,8
33,4887,0.0008974075317382812,0.0008974075317382812,0.9765625,5,6
33,4888,0.014322042465209961,0.014322042465209961,0.8984375,2,2
33,4889,0.11171798687428237,0.13427138328552246,0.6328125,4,6
33,4890,0.10268962383270264,0.10268962383270264,0.7421875,4,5
33,4891,0.060681045055389404,0.060681045055389404,0.8359375,2,4
33,4892,0.027144789695739746,0.027144789695739746,0.90234375,2,2
33,4893,0.00800633430480957,0.00800633430480957,0.9296875,2,3
33,4894,0.06286871433258057,0.06286871433258057,0.83203125,2,3
33,4895,0.07621395587921143,0.07621395587921143,0.859375,3,4
33,4896,0.054562389850616455,0.054562389850616455,0.85546875,3,5
33,4897,0.01985299587249756,0.01985299587249756,0.84765625,4,7
33,4898,0.04408474848605694,0.21293765306472778,0.3828125,5,9
33,4899,0.0038008689880371094,0.0038008689880371094,0.9453125,2,1
33,4900,0.10591414105147126,0.20386481285095215,0.5078125,3,7
33,4901,0.0039719343185424805,0.0039719343185424805,0.94140625,2,0
33,4902,0.10515789408236743,0.1556093692779541,0.5703125,2,2
33,4903,0.05772698856890203,0.20961856842041016,0.41015625,4,8
33,4904,0.05106496810913086,0.05106496810913086,0.8125,5,9
33,4905,0.034113526344299316,0.034113526344299316,0.8828125,3,3
33,4906,0.0021028518676757812,0.0021028518676757812,0.98046875,3,3
33,4907,0.07363665103912354,0.07363665103912354,0.80078125,2,4
33,4908,0.03008294105529785,0.03008294105529785,0.890625,2,3
34,4644,0.12206876277923584,0.12206876277923584,0.71484375,2,3
34,4771,0.12147319316864014,0.12147319316864014,0.7109375,3,4
34,4909,0.106739342212677,0.106739342212677,0.75390625,3,3
34,4910,0.02062976360321045,0.02062976360321045,0.8671875,1,1
34,4911,0.003917336463928223,0.003917336463928223,0.95703125,3,3
34,4912,0.12142741680145264,0.12142741680145264,0.71484375,3,3
34,4913,0.12256338144652547,0.12401670217514038,0.6953125,3,3
34,4914,0.11066168546676636,0.11066168546676636,0.73828125,4,4
34,4915,0.005855917930603027,0.005855917930603027,0.94921875,3,3
34,4916,0.006185293197631836,0.006185293197631836,0.9375,3,5
34,4917,0.004564344882965088,0.004564344882965088,0.96484375,2,3
34,4918,0.11264908313751221,0.11264908313751221,0.734375,2,3
34,4919,0.11890256404876709,0.11890256404876709,0.71484375,1,2
34,4920,0.0061206817626953125,0.0061206817626953125,0.94921875,2,2
34,4921,0.07772636413574219,0.07772636413574219,0.80078125,3,3
34,4922,0.014556050300598145,0.014556050300598145,0.8984375,2,2
34,4923,0.09751766920089722,0.09751766920089722,0.78515625,3,4
34,4924,0.10895216464996338,0.10895216464996338,0.8125,2,3
34,4925,0.07557767629623413,0.07557767629623413,0.81640625,2,4
34,4926,0.10471582412719727,0.10471582412719727,0.76953125,3,2
34,4927,0.02827167510986328,0.02827167510986328,0.796875,1,1
34,4928,0.09203703305684031,0.17388546466827393,0.51171875,3,4
34,4929,0.012647390365600586,0.012647390365600586,0.90625,2,2
34,4930,0.011565148830413818,0.011565148830413818,0.9140625,2,2
34,4931,0.12037176720332356,0.12552005052566528,0.68359375,2,4
34,4932,0.012087821960449219,0.012087821960449219,0.9375,3,3
34,4933,0.09108304977416992,0.09108304977416992,0.78515625,2,2
34,4934,0.000979781150817871,0.000979781150817871,0.98046875,2,2
34,4935,0.0885733962059021,0.0885733962059021,0.78515625,2,2
34,4936,0.004403829574584961,0.004403829574584961,0.9453125,2,1
34,4937,0.001537322998046875,0.001537322998046875,0.9765625,4,4
34,4938,0.001710653305053711,0.001710653305053711,0.9765625,3,3
34,4833,0.12874469172675165,0.1565731167793274,0.62890625,3,6
34,4823,0.13424456119537354,0.13424456119537354,0.71875,4,7
34,4939,0.0666221573483199,0.21186673641204834,0.42578125,2,4
34,4940,0.12370532751083374,0.12370532751083374,0.71484375,4,7
34,4941,0.12418743409216405,0.14925813674926758,0.6328125,3,5
34,4942,0.0013939738273620605,0.0013939738273620605,0.9765625,3,4
34,4943,0.1158297444926575,0.14086657762527466,0.62890625,2,3
34,4944,0.1320957106072456,0.16064846515655518,0.62890625,3,6
34,4945,0.071284968405962,0.2073744535446167,0.4375,4,7
34,4946,0.028386205434799205,0.25953102111816406,0.34375,3,6
34,4947,0.11064395681023599,0.17927122116088867,0.546875,3,6
34,4948,0.12670105695724487,0.12670105695724487,0.7265625,4,6
34,4949,0.0585534479469061,0.06044226884841919,0.6875,3,6
34,4950,0.013502955436706543,0.013502955436706543,0.93359375,3,4
34,4951,0.11432760953903198,0.11432760953903198,0.79296875,4,7
34,4952,0.08973488118499519,0.21774530410766602,0.46484375,3,5
34,4953,0.004469573497772217,0.004469573497772217,0.9609375,3,6
34,4954,0.002145707607269287,0.002145707607269287,0.96875,4,6
34,4955,0.06952902185730638,0.07981806993484497,0.6484375,3,5
34,4956,0.10193190583959223,0.160089373588562,0.5546875,3,5
34,4957,0.06860737549141051,0.21160829067230225,0.4296875,3,6
34,4958,0.008582830429077148,0.008582830429077148,0.92578125,4,7
34,4959,0.13804608583450317,0.13804608583450317,0.71484375,4,7
34,4960,0.13999474048614502,0.13999474048614502,0.7265625,4,8
34,4961,0.011467337608337402,0.011467337608337402,0.9296875,3,5
34,4962,0.013051629066467285,0.013051629066467285,0.90625,4,6
34,4963,0.10089540481567383,0.10089540481567383,0.81640625,2,4
34,4964,0.1235244255512953,0.1682034730911255,0.59375,3,6
34,4965,0.0975416898727417,0.0975416898727417,0.8046875,3,5
34,4966,0.018646657466888428,0.018646657466888428,0.91796875,3,4
34,4967,0.10408757661934943,0.16100555658340454,0.55859375,4,8
34,4968,0.06728947162628174,0.06728947162628174,0.71875,3,7
34,4969,0.036132991313934326,0.036132991313934326,0.87109375,3,6
34,4970,0.10311222076416016,0.10311222076416016,0.78125,3,4
34,4971,0.0005093812942504883,0.0005093812942504883,0.9921875,2,3
34,4972,0.01413416862487793,0.01413416862487793,0.90625,2,3
34,4973,0.015056371688842773,0.015056371688842773,0.890625,3,6
34,4974,0.0018202662467956543,0.0018202662467956543,0.9765625,4,7
34,4975,0.14140117168426514,0.14140117168426514,0.73046875,2,3
34,4976,0.047657336341217174,0.24158966541290283,0.37890625,4,7
34,4977,0.08688533306121826,0.08688533306121826,0.796875,3,4
34,4978,0.09744793968275191,0.16042876243591309,0.54296875,2,2
34,4979,0.023202896118164062,0.023202896118164062,0.91015625,3,5
34,2512,0.13350321049802008,0.14210736751556396,0.67578125,3,7
34,4686,0.12964356399606916,0.13518840074539185,0.68359375,3,7
34,4980,0.0,0.0,1.0,3,7
34,4981,0.02177560329437256,0.02177560329437256,0.86328125,3,8
34,4982,0.09922230243682861,0.09922230243682861,0.76953125,3,5
34,4983,0.08781888184603305,0.1946461796760559,0.48046875,3,6
34,4984,0.05102807283401489,0.05102807283401489,0.75,3,5
34,4985,0.0057631731033325195,0.0057631731033325195,0.94140625,2,2
34,4986,0.0577012300491333,0.0577012300491333,0.72265625,1,3
34,4987,0.06198069266974927,0.06959235668182373,0.65625,4,6
34,4988,0.11258463514968754,0.13220947980880737,0.640625,3,6
34,4989,0.019543886184692383,0.019543886184692383,0.8984375,3,6
34,4990,0.018200218677520752,0.018200218677520752,0.92578125,3,5
34,4991,0.04390066862106323,0.04390066862106323,0.7734375,3,6
34,4992,0.0,0.327128529548645,0.078125,3,5
34,4993,0.10972625017166138,0.10972625017166138,0.75390625,1,1
34,4994,0.10375599190592767,0.17946982383728027,0.53125,2,1
34,4995,0.012721776962280273,0.012721776962280273,0.91015625,2,2
34,4996,0.07646602392196655,0.07646602392196655,0.8359375,2,1
34,4997,0.10401106718927623,0.1712336540222168,0.54296875,2,5
34,4998,0.13060033530928197,0.16269433498382568,0.62109375,3,6
34,4999,0.1043195351958275,0.17174148559570312,0.54296875,3,6
34,5000,0.04809780791401864,0.07329189777374268,0.5625,3,6
34,5001,0.09610435995273293,0.16080206632614136,0.5390625,2,2
34,5002,0.07816272974014282,0.07816272974014282,0.83984375,3,4
34,5003,0.0,0.2768341302871704,0.2734375,2,3
34,5004,0.12356911692768337,0.16826432943344116,0.59375,3,7
34,5005,0.0569762068334967,0.05822718143463135,0.69140625,1,2
34,5006,0.03982818126678467,0.03982818126678467,0.7890625,2,4
34,5007,0.013401031494140625,0.013401031494140625,0.90234375,2,2
34,5008,0.0019317865371704102,0.0019317865371704102,0.98046875,3,6
34,5009,0.0014047622680664062,0.0014047622680664062,0.98046875,3,3
34,5010,0.08668053150177002,0.08668053150177002,0.78515625,3,6
34,5011,0.07096320390701294,0.07096320390701294,0.83984375,2,1
34,4449,0.14608161628711971,0.14636749029159546,0.69921875,2,5
34,4795,0.1378065529279411,0.16759371757507324,0.62890625,3,5
34,5012,0.005104184150695801,0.005104184150695801,0.9453125,3,4
34,5013,0.11711598141118885,0.1684364676475525,0.578125,2,4
34,5014,0.012401103973388672,0.012401103973388672,0.921875,2,3
34,5015,0.09999821754172446,0.17009663581848145,0.53515625,2,2
34,5016,0.137731671333313,0.137731671333313,0.703125,2,5
34,5017,0.11563107161782683,0.16399753093719482,0.58203125,2,5
34,5018,0.05837710993364455,0.23721492290496826,0.3984375,1,2
34,5019,0.11812293529510498,0.11812293529510498,0.79296875,2,5
34,5020,0.0,0.22356408834457397,0.29296875,4,6
34,5021,0.09342283406294884,0.194441020488739,0.4921875,3,4
34,5022,0.04902756214141846,0.04902756214141846,0.82421875,3,5
34,5023,0.14348406274802986,0.14376485347747803,0.69921875,2,4
34,5024,0.09792933706194164,0.14284849166870117,0.57421875,3,4
34,5025,0.0959832521621138,0.1813410520553589,0.51171875,3,5
34,5026,0.0,0.2532194256782532,0.2265625,4,6
34,5027,0.0980725387344137,0.16682106256484985,0.53515625,3,5
34,5028,0.10584723949432373,0.10584723949432373,0.75390625,2,4
34,5029,0.13237571716308594,0.13237571716308594,0.70703125,2,4
34,5030,0.03225994110107422,0.03225994110107422,0.8125,2,1
34,5031,0.09827493713237347,0.20878326892852783,0.48828125,2,5
34,5032,0.04790210723876953,0.04790210723876953,0.796875,4,7
34,5033,0.03778153657913208,0.03778153657913208,0.90234375,2,4
34,5034,0.1018001571064815,0.2162725329399109,0.48828125,3,5
34,5035,0.014804904814809568,0.16478502750396729,0.3359375,4,8
34,5036,0.01755845546722412,0.01755845546722412,0.88671875,3,5
34,5037,0.0159451961517334,0.0159451961517334,0.875,2,0
34,5038,0.12876957654953003,0.12876957654953003,0.7265625,2,4
34,5039,0.03487706184387207,0.03487706184387207,0.7578125,2,3
34,5040,0.07673266378697009,0.22974926233291626,0.43359375,3,5
34,5041,0.014497876167297363,0.014497876167297363,0.8828125,3,5
34,5042,0.04135549068450928,0.04135549068450928,0.8125,2,3
34,5043,0.07758331298828125,0.07758331298828125,0.734375,4,8
34,5044,0.008772194385528564,0.008772194385528564,0.92578125,2,2
34,5045,0.13351214944850656,0.15500730276107788,0.64453125,3,5
34,5046,0.09249925939366223,0.18868374824523926,0.49609375,2,3
34,5047,0.09318636730313302,0.20216703414916992,0.484375,2,1
34,5048,0.01510244607925415,0.01510244607925415,0.90234375,2,4
34,5049,0.1025737524032593,0.20514750480651855,0.5,2,4
34,5050,0.0814943788573146,0.18462443351745605,0.4765625,2,5
35,5006,0.03726208209991455,0.03726208209991455,0.796875,2,4
35,5051,0.0037291646003723145,0.0037291646003723145,0.97265625,2,4
35,5052,0.03518950939178467,0.03518950939178467,0.796875,3,4
35,5053,0.04066401720046997,0.04066401720046997,0.78515625,2,4
35,5054,0.036018431186676025,0.036018431186676025,0.796875,2,3
35,5055,0.0405694842338562,0.0405694842338562,0.7890625,2,3
35,5056,0.03943276405334473,0.03943276405334473,0.79296875,3,5
35,5057,0.01283252239227295,0.01283252239227295,0.9140625,2,4
35,5058,0.026433050632476807,0.026433050632476807,0.83984375,2,4
35,5059,0.039583802223205566,0.039583802223205566,0.796875,2,4
35,4913,0.11301557114347817,0.12417161464691162,0.6640625,3,3
35,4644,0.1145746244583279,0.12195885181427002,0.67578125,2,3
35,5060,0.017388343811035156,0.017388343811035156,0.90234375,4,3
35,5061,0.019493460655212402,0.019493460655212402,0.86328125,3,2
35,5062,0.09712758299428971,0.1458337903022766,0.56640625,3,4
35,5063,0.11044944403693081,0.1267939805984497,0.6484375,2,5
35,5064,0.001042008399963379,0.001042008399963379,0.984375,2,2
35,5065,0.09033253765664996,0.16459167003631592,0.51953125,3,4
35,5066,0.08288443088531494,0.08288443088531494,0.78515625,3,5
35,5067,0.11357402312569322,0.1318591833114624,0.64453125,2,3
35,5068,0.009984254837036133,0.009984254837036133,0.93359375,3,3
35,5069,0.0025659799575805664,0.0025659799575805664,0.97265625,2,2
35,5070,0.0949869155883789,0.0949869155883789,0.73046875,3,4
35,5071,0.10435998439788818,0.10435998439788818,0.7734375,4,5
35,5072,0.08573117153719069,0.1619718074798584,0.51171875,3,2
35,5073,0.10705801541917027,0.11278539896011353,0.6796875,2,5
35,5074,0.06539154052734375,0.06539154052734375,0.8046875,3,3
35,5075,0.06567025184631348,0.06567025184631348,0.796875,3,3
35,5076,0.10561803157906981,0.12546736001968384,0.63671875,3,3
35,5077,0.06172841787338257,0.06172841787338257,0.80078125,4,5
35,5078,0.08363369072321804,0.17059940099716187,0.49609375,4,6
35,5079,0.0030654072761535645,0.0030654072761535645,0.98046875,3,4
35,5080,0.08855670690536499,0.08855670690536499,0.765625,2,3
35,5081,0.11475875973701478,0.11846065521240234,0.6875,3,3
35,5082,0.05710655264556409,0.22319507598876953,0.40234375,4,5
35,5083,0.015058279037475586,0.015058279037475586,0.8984375,3,4
35,5084,0.011134207248687744,0.011134207248687744,0.9296875,3,3
35,5085,0.10087716579437256,0.10087716579437256,0.73828125,2,3
35,5086,0.0,0.29189974069595337,0.26171875,1,2
35,5087,0.01231992244720459,0.01231992244720459,0.921875,3,4
35,5088,0.08658231329172851,0.14976400136947632,0.53125,2,3
35,5089,0.017873764038085938,0.017873764038085938,0.90234375,3,3
35,2512,0.1400660276412964,0.1400660276412964,0.72265625,3,7
35,4998,0.11767322570085527,0.16023588180541992,0.59375,3,6
35,5090,0.019472360610961914,0.019472360610961914,0.92578125,2,5
35,5091,0.09143573045730592,0.18287146091461182,0.5,3,5
35,5092,0.0022469162940979004,0.0022469162940979004,0.98046875,3,7
35,5093,0.023262484231963764,0.2589215636253357,0.3359375,3,6
35,5094,0.08051979541778564,0.08051979541778564,0.79296875,4,7
35,5095,0.05274646589532496,0.21433484554290771,0.3984375,3,5
35,5096,0.11019082763232292,0.11729252338409424,0.67578125,2,1
35,5097,3.2901763916015625e-05,3.2901763916015625e-05,1.0,3,6
35,5098,0.11825503781437875,0.1271986961364746,0.671875,3,6
35,5099,0.009625613689422607,0.009625613689422607,0.94140625,4,8
35,5100,0.019833862781524658,0.019833862781524658,0.85546875,3,5
35,5101,0.10697061102837326,0.12010735273361206,0.65625,3,7
35,5102,0.002618253231048584,0.002618253231048584,0.97265625,1,0
35,5103,0.07597331621218474,0.2149079442024231,0.44140625,4,7
35,5104,0.076590895652771,0.076590895652771,0.80078125,3,5
35,5105,0.08139371871948244,0.16278743743896484,0.5,3,6
35,5106,0.11279111448675395,0.16935205459594727,0.56640625,3,7
35,5107,0.046057808678597226,0.23348116874694824,0.37890625,3,7
35,5108,0.06742072105407715,0.06742072105407715,0.8203125,3,6
35,5109,0.0060479044914245605,0.0060479044914245605,0.95703125,4,7
35,5110,0.040126025676727295,0.040126025676727295,0.8203125,2,5
35,5111,0.003849029541015625,0.003849029541015625,0.98046875,3,6
35,5112,0.032107484992593534,0.249076247215271,0.3515625,3,5
35,5113,0.11961585283279419,0.11961585283279419,0.70703125,3,6
35,5114,0.07591046090237798,0.2147301435470581,0.44140625,2,5
35,5115,0.011578083038330078,0.011578083038330078,0.94140625,3,6
35,5116,0.011568129062652588,0.011568129062652588,0.9453125,4,8
35,5117,0.11992853879928589,0.11992853879928589,0.7421875,3,7
35,5118,0.0012590885162353516,0.0012590885162353516,0.9765625,3,6
35,4975,0.12345054466277362,0.13861113786697388,0.65625,2,3
35,4960,0.13140048854984346,0.13702046871185303,0.68359375,4,8
35,5119,0.01713663339614868,0.01713663339614868,0.89453125,4,7
35,5120,0.011845290660858154,0.011845290660858154,0.92578125,4,7
35,5121,0.08775068819522859,0.19037437438964844,0.484375,3,5
35,5122,0.0022448301315307617,0.0022448301315307617,0.97265625,4,5
35,5123,0.10749542713165283,0.10749542713165283,0.74609375,2,3
35,5124,0.07650887966156006,0.07650887966156006,0.78125,3,6
35,5125,0.07238733768463135,0.07238733768463135,0.7890625,4,7
35,5126,0.07728379964828491,0.07728379964828491,0.79296875,2,3
35,5127,0.0004929304122924805,0.0004929304122924805,0.98828125,4,7
35,5128,0.062367022037506104,0.062367022037506104,0.82421875,3,5
35,5129,0.12686729431152344,0.12686729431152344,0.70703125,4,7
35,5130,0.0022929906845092773,0.0022929906845092773,0.9765625,4,6
35,5131,0.11912012100219727,0.11912012100219727,0.7578125,5,9
35,5132,0.04686117172241211,0.04686117172241211,0.88671875,4,7
35,5133,0.1189238429069519,0.1189238429069519,0.77734375,4,6
35,5134,0.06293153762817383,0.06293153762817383,0.82421875,3,5
35,5135,0.1083759069442749,0.1083759069442749,0.734375,4,7
35,5136,0.02028059959411621,0.02028059959411621,0.94140625,3,5
35,5137,0.01067417860031128,0.01067417860031128,0.93359375,4,8
35,5138,0.12072688341140747,0.12072688341140747,0.765625,4,7
35,5139,0.05029094219207764,0.05029094219207764,0.7421875,2,2
35,5140,0.01713263988494873,0.01713263988494873,0.90234375,2,2
35,5141,0.021029949188232422,0.021029949188232422,0.96484375,4,6
35,5142,0.03800203744322063,0.22624468803405762,0.3671875,4,8
35,5143,0.11497306823730469,0.11497306823730469,0.71875,4,6
35,5144,0.06573426723480225,0.06573426723480225,0.79296875,4,7
35,5145,0.03490755241364241,0.23516666889190674,0.359375,3,5
35,5146,0.09751524380408229,0.14224445819854736,0.57421875,1,1
35,5147,0.11759331449866296,0.12138664722442627,0.6875,3,4
35,5148,0.06151694059371948,0.06151694059371948,0.78125,4,6
35,5149,0.002625763416290283,0.002625763416290283,0.97265625,4,6
35,5150,0.11899375915527344,0.11899375915527344,0.765625,4,8
35,5151,0.01157844066619873,0.01157844066619873,0.9453125,2,3
35,5152,0.012933015823364258,0.012933015823364258,0.9140625,4,5
35,5153,0.028731822967529297,0.028731822967529297,0.859375,4,6
35,5154,0.03348731994628906,0.03348731994628906,0.82421875,2,3
35,5155,0.008968651294708252,0.008968651294708252,0.93359375,3,5
35,4449,0.13404373766388747,0.1426827311515808,0.67578125,2,5
35,5023,0.13160618115216496,0.13864684104919434,0.6796875,2,4
35,5156,0.007447183132171631,0.007447183132171631,0.92578125,2,4
35,5157,0.1049814708530903,0.10728645324707031,0.69140625,2,5
35,5158,0.11147812521085144,0.16032809019088745,0.578125,2,3
35,5159,0.01297450065612793,0.01297450065612793,0.93359375,2,3
35,5160,0.08345100574661048,0.17022675275802612,0.49609375,2,5
35,5161,0.014029860496520996,0.014029860496520996,0.91796875,2,4
35,5162,0.02056705951690674,0.02056705951690674,0.890625,3,5
35,5163,0.04975724220275879,0.04975724220275879,0.7734375,2,4
35,5164,0.09933151770383121,0.18426716327667236,0.515625,4,8
35,5165,0.06164493283722551,0.19603854417800903,0.42578125,2,5
35,5166,0.12541127181611958,0.1307750940322876,0.68359375,2,3
35,5167,0.061163934646174326,0.19450891017913818,0.42578125,3,5
35,5168,0.08418636512942614,0.15905320644378662,0.51171875,3,4
35,5169,0.08550830371677877,0.17796850204467773,0.4921875,1,1
35,5170,0.08791475056204946,0.15468162298202515,0.52734375,1,1
35,5171,0.10142149287275971,0.11025011539459229,0.66796875,1,2
35,5172,0.015141844749450684,0.015141844749450684,0.921875,2,6
35,5173,0.08561110496520996,0.08561110496520996,0.74609375,2,4
35,5174,0.09786512516438962,0.1469411849975586,0.56640625,2,3
35,5175,0.03564739227294922,0.03564739227294922,0.85546875,3,5
35,5176,0.11109768599271776,0.11468148231506348,0.6875,3,5
35,5177,0.03696352243423462,0.03696352243423462,0.8671875,3,6
35,5178,0.1376084563089535,0.14349395036697388,0.68359375,3,7
35,5179,0.034371708869002766,0.24786359071731567,0.35546875,2,2
35,5180,0.10006594657897949,0.10006594657897949,0.765625,2,5
35,5181,0.07435686222743244,0.21033543348312378,0.44140625,4,5
35,5182,0.1177946925163269,0.1177946925163269,0.79296875,2,5
35,5183,0.034233033657073975,0.034233033657073975,0.890625,2,5
35,5184,0.10755857848562302,0.10992014408111572,0.69140625,3,6
35,5185,0.10501275956630708,0.1510295867919922,0.578125,2,5
35,5186,0.015116214752197266,0.015116214752197266,0.91015625,2,4
35,5187,0.009140610694885254,0.009140610694885254,0.94140625,2,4
35,5188,0.1292847541626543,0.14841657876968384,0.6484375,3,4
35,5189,0.002550840377807617,0.002550840377807617,0.97265625,1,0
35,5190,0.012933015823364258,0.012933015823364258,0.9140625,1,0
35,5191,5.4717063903808594e-05,5.4717063903808594e-05,0.99609375,3,4
36,5053,0.04225146770477295,0.04225146770477295,0.72265625,2,4
36,5055,0.04216456413269043,0.04216456413269043,0.71875,2,3
36,5192,0.042366981506347656,0.042366981506347656,0.72265625,2,4
36,5193,0.038393497467041016,0.038393497467041016,0.74609375,2,4
36,5194,0.04018712043762207,0.04018712043762207,0.7421875,2,4
36,5195,0.03473782539367676,0.03473782539367676,0.7578125,2,2
36,5196,0.041753530502319336,0.041753530502319336,0.72265625,2,3
36,5197,0.04180037975311279,0.04180037975311279,0.7265625,1,1
36,5198,0.04072827100753784,0.04072827100753784,0.734375,2,4
36,5199,0.0029287338256835938,0.0029287338256835938,0.9296875,2,3
36,5200,0.03304004669189453,0.03304004669189453,0.76171875,1,2
36,5201,0.042085468769073486,0.042085468769073486,0.7265625,2,5
36,5202,0.042453646659851074,0.042453646659851074,0.72265625,2,3
36,5081,0.10093855881132187,0.11459100246429443,0.65234375,3,3
36,4644,0.10059154918417336,0.11812585592269897,0.640625,2,3
36,5203,0.1000388227403164,0.10326588153839111,0.6875,3,6
36,5204,0.09898606792557986,0.10321968793869019,0.68359375,1,1
36,5205,0.09833416342735292,0.10150623321533203,0.6875,3,3
36,5206,0.07842516899108887,0.07842516899108887,0.71484375,2,4
36,5207,0.0002276897430419922,0.0002276897430419922,0.98046875,4,5
36,5208,0.09115928411483765,0.09115928411483765,0.70703125,2,3
36,5209,0.005621671676635742,0.005621671676635742,0.90625,1,1
36,5210,0.01792168617248535,0.01792168617248535,0.8515625,1,3
36,5211,0.0,0.33813875913619995,0.10546875,3,4
36,5212,0.10068508610129358,0.10289573669433594,0.69140625,1,1
36,5213,0.09920133184641601,0.11388134956359863,0.6484375,1,2
36,5214,0.010868191719055176,0.010868191719055176,0.87890625,2,2
36,5215,0.004800140857696533,0.004800140857696533,0.9140625,2,2
36,5216,0.009902477264404297,0.009902477264404297,0.87109375,2,3
36,5217,0.04826545715332031,0.04826545715332031,0.734375,1,2
36,5218,0.018238961696624756,0.018238961696624756,0.859375,2,4
36,5219,0.06441432237625122,0.06441432237625122,0.75390625,3,3
36,5220,0.012337803840637207,0.012337803840637207,0.87890625,2,5
36,5221,0.09672027919441463,0.10403525829315186,0.671875,2,3
36,5222,0.013032317161560059,0.013032317161560059,0.85546875,3,2
36,5223,0.09922154247760774,0.14072418212890625,0.58203125,3,3
36,5224,0.002384781837463379,0.002384781837463379,0.9375,4,3
36,5225,0.08284413814544678,0.08284413814544678,0.71875,3,4
36,5226,0.10080132819712163,0.11837220191955566,0.640625,2,2
36,5227,0.014044404029846191,0.014044404029846191,0.8828125,3,3
36,5228,0.09462833404541016,0.09462833404541016,0.71484375,2,5
36,5229,0.08531880378723145,0.08531880378723145,0.72265625,3,7
36,5230,0.06914001703262329,0.06914001703262329,0.75,3,2
36,5231,0.00051116943359375,0.00051116943359375,0.9765625,3,3
36,5232,0.010301768779754639,0.010301768779754639,0.87890625,3,2
36,5233,0.018693625926971436,0.018693625926971436,0.86328125,2,3
36,4960,0.12660809420049193,0.13338136672973633,0.6796875,4,8
36,5129,0.12216122914105655,0.12360978126525879,0.6953125,4,7
36,5234,0.09736069722566755,0.12749022245407104,0.60546875,2,2
36,5235,0.071327805519104,0.071327805519104,0.71484375,4,7
36,5236,0.07615745067596436,0.07615745067596436,0.73046875,4,8
36,5237,0.08639538288116455,0.08639538288116455,0.7265625,1,1
36,5238,0.094840569421649,0.16686725616455078,0.52734375,3,6
36,5239,0.0660712718963623,0.0660712718963623,0.7734375,3,5
36,5240,0.1366195525042713,0.1485121250152588,0.66796875,4,8
36,5241,0.11492672609165312,0.127640962600708,0.66015625,3,6
36,5242,0.1345693699549884,0.1432422399520874,0.67578125,4,7
36,5243,0.030767738819122314,0.030767738819122314,0.76953125,3,4
36,5244,0.10257701436057688,0.11150622367858887,0.66796875,3,6
36,5245,0.029330313205718994,0.029330313205718994,0.765625,4,5
36,5246,0.010104715824127197,0.010104715824127197,0.93359375,4,8
36,5247,0.036214905790984644,0.2156050205230713,0.3671875,4,7
36,5248,0.024103283882141113,0.024103283882141113,0.83203125,5,7
36,5249,0.016382157802581787,0.016382157802581787,0.86328125,3,5
36,5250,0.058992743492126465,0.058992743492126465,0.70703125,2,2
36,5251,0.023942740866914402,0.24036633968353271,0.33984375,4,7
36,5252,0.04950697801541538,0.06321090459823608,0.61328125,5,8
36,5253,0.0048940181732177734,0.0048940181732177734,0.90234375,3,3
36,5254,0.09254168393090369,0.09363901615142822,0.6953125,4,7
36,5255,0.0686268003191799,0.18396294116973877,0.44921875,2,3
36,5256,0.0,0.186984121799469,0.29296875,3,5
36,5257,0.058656394481658936,0.058656394481658936,0.74609375,4,7
36,5258,0.02519059181213379,0.02519059181213379,0.8203125,4,7
36,5259,0.12523923069238665,0.15414059162139893,0.625,2,3
36,5260,0.1260367296636105,0.18126630783081055,0.578125,6,9
36,5261,0.08173686265945435,0.08173686265945435,0.76171875,4,8
36,5262,0.12603837333153936,0.1314290165901184,0.68359375,4,6
36,5263,0.02613222599029541,0.02613222599029541,0.8359375,4,6
36,5264,0.1186149180866778,0.15532183647155762,0.60546875,4,6
36,5265,0.03569436073303223,0.03569436073303223,0.78515625,5,9
36,5266,0.0,0.2936716079711914,0.10546875,3,4
36,5178,0.13586780196055773,0.13885092735290527,0.69140625,3,7
36,4449,0.13523851893842223,0.13960105180740356,0.6875,2,5
36,5267,0.03399300575256348,0.03399300575256348,0.79296875,3,3
36,5268,0.06413312978111209,0.17191708087921143,0.44921875,2,4
36,5269,0.032191455364227295,0.032191455364227295,0.76953125,1,2
36,5270,0.04928953363560141,0.06623685359954834,0.59765625,2,3
36,5271,0.10098612308502197,0.10098612308502197,0.7109375,2,4
36,5272,0.1313175742980093,0.15075021982192993,0.6484375,2,4
36,5273,0.013907372951507568,0.013907372951507568,0.8828125,2,4
36,5274,0.010830044746398926,0.010830044746398926,0.91015625,2,5
36,5275,0.07851452054455878,0.1999971866607666,0.45703125,3,7
36,5276,0.07580305903684349,0.19309037923812866,0.45703125,2,3
36,5277,0.10591004788875581,0.13035082817077637,0.625,2,5
36,5278,0.01245582103729248,0.01245582103729248,0.875,1,1
36,5279,0.0859590139007196,0.18261831998825073,0.48828125,3,5
36,5280,0.047591984272003174,0.047591984272003174,0.8125,3,4
36,5281,0.07604879140853882,0.07604879140853882,0.7890625,3,4
36,5282,0.01555025577545166,0.01555025577545166,0.83203125,2,4
36,5283,0.11637496249750258,0.11893010139465332,0.69140625,2,4
36,5284,0.09170816559344531,0.14859044551849365,0.546875,1,1
36,5285,0.057244300842285156,0.057244300842285156,0.73828125,2,3
36,5286,0.09919172001536937,0.1298878788948059,0.60546875,3,4
36,5287,0.10191754065454008,0.10312604904174805,0.6953125,4,5
36,5288,0.011745214462280273,0.011745214462280273,0.88671875,2,5
36,5289,0.12149404222145678,0.1460210084915161,0.6328125,4,8
36,5290,0.016998589038848877,0.016998589038848877,0.8515625,1,0
36,5291,0.05810236930847168,0.05810236930847168,0.7109375,2,4
36,5292,0.08628534211311491,0.19124716520309448,0.48046875,3,7
36,5293,0.04391837120056152,0.04391837120056152,0.79296875,2,2
36,5294,0.06050404650159181,0.07922780513763428,0.60546875,3,3
36,5295,0.07137775421142578,0.07137775421142578,0.75,2,3
36,5296,0.010356724262237549,0.010356724262237549,0.8984375,4,8
36,5297,0.010454416275024414,0.010454416275024414,0.91796875,2,4
36,5298,0.08197302650660278,0.19430643320083618,0.46875,3,3
36,5299,0.08440143009647728,0.09174847602844238,0.66796875,3,4
36,5300,0.12079717940650882,0.13272136449813843,0.6640625,3,6
36,5301,0.0898950854316354,0.09669387340545654,0.671875,3,7
36,2512,0.12409104849211873,0.140874981880188,0.65234375,3,7
36,5117,0.11639737989753486,0.11777758598327637,0.6953125,3,7
36,5302,0.0995994897093624,0.11831772327423096,0.63671875,4,6
36,5303,0.08939062873832883,0.09135329723358154,0.69140625,3,7
36,5304,0.04323194175958635,0.2088184356689453,0.3828125,3,5
36,5305,0.1001126936171204,0.10231077671051025,0.69140625,2,3
36,5306,0.0029277801513671875,0.0029277801513671875,0.9296875,3,5
36,5307,0.10035608708858491,0.11392974853515625,0.65234375,2,1
36,5308,0.09965968877077104,0.1028745174407959,0.6875,3,7
36,5309,0.010065913200378418,0.010065913200378418,0.8828125,3,5
36,5310,0.00411754846572876,0.00411754846572876,0.9140625,4,6
36,5311,0.09404754638671875,0.09404754638671875,0.73828125,3,7
36,5312,0.024910330772399902,0.024910330772399902,0.859375,3,6
36,5313,0.03705877065658569,0.03705877065658569,0.73828125,4,7
36,5314,0.1233353486750275,0.12993353605270386,0.6796875,3,6
36,5315,0.10072803497314453,0.10072803497314453,0.703125,3,6
36,5316,0.08224028348922731,0.182281494140625,0.48046875,3,6
36,5317,0.03467351663857699,0.2335900068283081,0.359375,3,4
36,5318,0.0843966198153794,0.1911994218826294,0.4765625,3,5
36,5319,0.07579936296679081,0.15461862087249756,0.49609375,2,5
36,5320,0.010271787643432617,0.010271787643432617,0.890625,3,6
36,5321,0.013293325901031494,0.013293325901031494,0.859375,3,6
36,5322,0.016774773597717285,0.016774773597717285,0.8515625,3,4
36,5323,0.015323638916015625,0.015323638916015625,0.8671875,3,5
36,5324,0.09756536839995535,0.14649111032485962,0.56640625,4,7
36,5325,0.014184713363647461,0.014184713363647461,0.85546875,4,7
36,5326,0.09165754728019239,0.1764235496520996,0.5078125,2,4
36,5327,0.07447331654839219,0.1460932493209839,0.50390625,3,5
36,5328,0.1231593831907958,0.16127264499664307,0.60546875,3,7
36,5329,0.05585980415344238,0.05585980415344238,0.703125,3,8
36,5330,0.10626262798905374,0.16192400455474854,0.5625,3,6
36,5331,0.0902572385966778,0.11108583211898804,0.625,3,7
37,5202,0.04146963357925415,0.04146963357925415,0.8046875,2,3
37,5192,0.041379570960998535,0.041379570960998535,0.8046875,2,4
37,5332,0.03989851474761963,0.03989851474761963,0.80859375,2,3
37,5333,0.013854622840881348,0.013854622840881348,0.8984375,2,2
37,5334,0.012479543685913086,0.012479543685913086,0.91796875,2,3
37,5335,0.04152572154998779,0.04152572154998779,0.8046875,2,5
37,5336,0.013867735862731934,0.013867735862731934,0.8984375,2,3
37,5337,0.04148507118225098,0.04148507118225098,0.8046875,2,3
37,5338,0.041131675243377686,0.041131675243377686,0.8046875,2,4
37,5339,0.013866841793060303,0.013866841793060303,0.8984375,2,3
37,5340,0.017129063606262207,0.017129063606262207,0.91015625,3,6
37,5341,0.003926575183868408,0.003926575183868408,0.95703125,2,3
37,5342,0.002936720848083496,0.002936720848083496,0.96484375,2,3
37,5343,0.04145383834838867,0.04145383834838867,0.8046875,2,3
37,5344,0.04143476486206055,0.04143476486206055,0.8046875,2,4
37,5345,0.04139202833175659,0.04139202833175659,0.80859375,2,4
37,5081,0.10011744685471059,0.11241257190704346,0.65625,3,3
37,5226,0.10004913294687869,0.11615681648254395,0.64453125,2,2
37,5346,0.012003540992736816,0.012003540992736816,0.890625,2,3
37,5347,0.0952102541923523,0.0952102541923523,0.71875,2,1
37,5348,0.015849292278289795,0.015849292278289795,0.90625,3,3
37,5349,0.09111781872343273,0.12574750185012817,0.58984375,2,5
37,5350,0.09893211198505016,0.11752492189407349,0.63671875,2,2
37,5351,0.08516684477217497,0.19730961322784424,0.47265625,2,2
37,5352,0.014229655265808105,0.014229655265808105,0.875,3,4
37,5353,0.010021209716796875,0.010021209716796875,0.9140625,3,3
37,5354,0.0019300580024719238,0.0019300580024719238,0.96875,4,5
37,5355,0.08992975996807219,0.14570897817611694,0.546875,1,2
37,5356,0.09092553053051235,0.14502763748168945,0.55078125,4,5
37,5357,0.09109234157949687,0.12742972373962402,0.5859375,3,3
37,5358,0.08921752846799792,0.14230334758758545,0.55078125,3,3
37,5359,0.08877817844040693,0.1461557149887085,0.54296875,2,2
37,5360,0.09781480173114689,0.10863596200942993,0.66015625,3,4
37,5361,0.08940599858760835,0.1285839080810547,0.578125,3,3
37,5362,0.08670498710125686,0.1499761939048767,0.53125,2,3
37,5363,0.07468748092651367,0.07468748092651367,0.74609375,3,5
37,5364,0.062302470207214355,0.062302470207214355,0.7578125,3,2
37,5365,0.08557705208659173,0.1678752899169922,0.50390625,2,3
37,5366,0.09545141458511353,0.09545141458511353,0.71484375,2,2
37,5367,0.08160583768039943,0.1698462963104248,0.4921875,2,3
37,5368,0.011665880680084229,0.011665880680084229,0.921875,2,2
37,5369,0.0004221796989440918,0.0004221796989440918,0.984375,3,2
37,5370,0.10456889867782593,0.10456889867782593,0.7109375,3,4
37,5371,0.0900545120239258,0.18010902404785156,0.5,4,5
37,5372,0.08853429195005448,0.16726773977279663,0.51171875,3,5
37,5373,0.10064129345119001,0.11300075054168701,0.65625,2,2
37,2512,0.1210253320168704,0.1389349102973938,0.6484375,3,7
37,5314,0.11713446746580304,0.12869709730148315,0.6640625,3,6
37,5374,0.08592939376831055,0.08592939376831055,0.7421875,3,6
37,5375,0.09989908523857595,0.1436750888824463,0.578125,3,6
37,5376,0.08888910524547101,0.1354500651359558,0.5625,3,6
37,5377,0.10025769472122192,0.10025769472122192,0.703125,2,5
37,5378,0.021484971046447754,0.021484971046447754,0.859375,3,6
37,5379,0.01176905632019043,0.01176905632019043,0.8984375,3,5
37,5380,0.09015048551373185,0.09032690525054932,0.69921875,3,6
37,5381,0.003018498420715332,0.003018498420715332,0.9765625,3,6
37,5382,0.09546223480720074,0.10602313280105591,0.66015625,2,2
37,5383,0.09092875965870918,0.12219297885894775,0.59765625,2,5
37,5384,0.03781294822692871,0.03781294822692871,0.828125,4,7
37,5385,0.09049479383975269,0.1339113712310791,0.5703125,3,7
37,5386,0.012605726718902588,0.012605726718902588,0.90625,3,6
37,5387,0.09720854437910022,0.10347354412078857,0.67578125,3,5
37,5388,0.08478426933288574,0.08478426933288574,0.73046875,3,7
37,5389,0.08116722106933594,0.08116722106933594,0.72265625,2,3
37,5390,0.005919933319091797,0.005919933319091797,0.9453125,3,6
37,5391,0.09855853125918658,0.13244611024856567,0.59765625,4,6
37,5392,0.0,0.265822172164917,0.23828125,3,5
37,5393,0.08651166339404882,0.1548740267753601,0.5234375,2,3
37,5394,0.09632396372035147,0.1118319034576416,0.64453125,3,7
37,5395,0.08581430197227748,0.16212886571884155,0.51171875,3,6
37,5396,0.02943950891494751,0.02943950891494751,0.79296875,3,8
37,5397,0.026911258697509766,0.026911258697509766,0.85546875,3,5
37,5398,0.08470100164413452,0.08470100164413452,0.7421875,3,6
37,5399,0.01718461513519287,0.01718461513519287,0.875,2,2
37,5400,0.04719656705856323,0.04719656705856323,0.87890625,4,8
37,5401,0.08700882107950748,0.15576404333114624,0.5234375,3,6
37,5402,0.01659172773361206,0.01659172773361206,0.89453125,3,5
37,5403,0.08926659822463989,0.08926659822463989,0.73828125,3,7
37,5404,0.10574317467398943,0.16607517004013062,0.5546875,3,6
37,5405,0.09233063273131849,0.1257268190383911,0.59375,3,6
37,5178,0.13069636654108766,0.13911962509155273,0.67578125,3,7
37,4449,0.13191600143909457,0.13897323608398438,0.6796875,2,5
37,5406,0.09892183542251587,0.09892183542251587,0.78125,3,6
37,5407,0.11254680540878327,0.14370065927505493,0.61328125,2,5
37,5408,0.07245694473385812,0.21078383922576904,0.4375,2,2
37,5409,0.05139535292983056,0.08742332458496094,0.53515625,2,4
37,5410,0.06174632138572635,0.20936501026153564,0.41796875,2,4
37,5411,0.04403505614027382,0.20311665534973145,0.38671875,2,5
37,5412,0.060012102127075195,0.060012102127075195,0.71875,2,3
37,5413,0.04131364822387695,0.04131364822387695,0.875,2,5
37,5414,0.027973719406872998,0.23479580879211426,0.34765625,2,4
37,5415,0.012604236602783203,0.012604236602783203,0.89453125,3,5
37,5416,0.1195015241391957,0.15258049964904785,0.61328125,5,8
37,5417,0.08832677919417621,0.13070321083068848,0.5703125,2,2
37,5418,0.036058664321899414,0.036058664321899414,0.8203125,2,2
37,5419,0.0458638072013855,0.0458638072013855,0.73828125,3,5
37,5420,0.08952237758785488,0.19421803951263428,0.484375,2,3
37,5421,0.07728983648121358,0.16086339950561523,0.4921875,3,6
37,5422,0.09238172695040704,0.17137479782104492,0.515625,2,4
37,5423,0.049567461013793945,0.049567461013793945,0.74609375,3,4
37,5424,0.09283873101230712,0.13939422369003296,0.56640625,2,1
37,5425,0.08714598417282106,0.1742919683456421,0.5,3,5
37,5426,0.08686089515686035,0.08686089515686035,0.75,3,6
37,5427,1.1920928955078125e-06,1.1920928955078125e-06,1.0,3,6
37,5428,0.09327381127513946,0.13802367448806763,0.5703125,2,4
37,5429,0.0002480745315551758,0.0002480745315551758,0.98828125,3,5
37,5430,0.0002403855323791504,0.0002403855323791504,0.984375,3,5
37,5431,0.04152101278305054,0.04152101278305054,0.8046875,3,8
37,5432,0.11630223621614279,0.15426617860794067,0.6015625,4,8
37,5433,0.10527837229892613,0.10652673244476318,0.6953125,4,8
37,5434,0.07290703058242798,0.07290703058242798,0.77734375,3,6
37,5435,0.013563990592956543,0.013563990592956543,0.88671875,3,4
37,5436,0.12251764931716026,0.13461166620254517,0.6640625,3,6
37,5437,0.046033620834350586,0.046033620834350586,0.76953125,4,3
37,5438,0.06782186031341553,0.06782186031341553,0.70703125,2,4
37,5240,0.1187336426228285,0.1497330665588379,0.6171875,4,8
37,5242,0.12488609110005201,0.1433669924736023,0.6484375,4,7
37,5439,0.040200620656833067,0.23933392763137817,0.3671875,6,9
37,5440,0.010586202144622803,0.010586202144622803,0.8984375,4,9
37,5441,0.039113640785217285,0.039113640785217285,0.8359375,4,4
37,5442,0.05963540077209473,0.05963540077209473,0.7578125,5,7
37,5443,0.09660490299575032,0.13331997394561768,0.58984375,4,7
37,5444,0.06008611095603556,0.0626559853553772,0.68359375,4,7
37,5445,0.11274940764997156,0.14395934343338013,0.61328125,4,8
37,5446,0.0,0.24284595251083374,0.23828125,4,7
37,5447,0.03560066223144531,0.03560066223144531,0.8984375,4,6
37,5448,0.0035161972045898438,0.0035161972045898438,0.96484375,4,7
37,5449,0.10951579641550781,0.12572216987609863,0.6484375,4,7
37,5450,0.012722253799438477,0.012722253799438477,0.890625,6,7
37,5451,0.11911766277626158,0.12812656164169312,0.671875,6,9
37,5452,0.029574036598205566,0.029574036598205566,0.82421875,4,7
37,5453,0.0818507904186845,0.18962717056274414,0.47265625,4,6
37,5454,0.06322014331817627,0.06322014331817627,0.78515625,3,4
37,5455,0.0884859561920166,0.0884859561920166,0.765625,4,9
37,5456,0.02025538682937622,0.02025538682937622,0.8671875,6,8
37,5457,0.11352532031014563,0.1610109806060791,0.58203125,4,7
37,5458,0.0626373589038849,0.1875457763671875,0.43359375,4,6
37,5459,0.08953436929732562,0.1575312614440918,0.52734375,3,4
37,5460,0.04501724208239467,0.22820621728897095,0.37890625,6,10
37,5461,0.0,0.17559081315994263,0.29296875,4,9
37,5462,0.07658469676971436,0.07658469676971436,0.7578125,4,7
37,5463,0.0879876909311861,0.16031920909881592,0.51953125,3,5
37,5464,0.0783951405901462,0.0801163911819458,0.69140625,3,5
37,5465,0.0910632247105241,0.14085912704467773,0.55859375,2,2
37,5466,0.02205537399277092,0.24548590183258057,0.3359375,4,8
37,5467,0.08152246475219727,0.08152246475219727,0.76171875,7,10
37,5468,0.11403441056609155,0.14035004377365112,0.625,5,9
37,5469,0.037010371685028076,0.037010371685028076,0.859375,6,9
37,5470,0.11466864135582001,0.1220589280128479,0.67578125,4,7
37,5471,0.06173569476231933,0.06185650825500488,0.69921875,4,8
38,5335,0.041288554668426514,0.041288554668426514,0.73046875,2,5
38,5337,0.041246116161346436,0.041246116161346436,0.73046875,2,3
38,5472,0.003673553466796875,0.003673553466796875,0.94921875,2,4
38,5473,0.01395648717880249,0.01395648717880249,0.88671875,2,4
38,5474,0.020241856575012207,0.020241856575012207,0.8671875,2,4
38,5475,0.0412064790725708,0.0412064790725708,0.73046875,2,2
38,5476,0.04125368595123291,0.04125368595123291,0.73046875,1,3
38,5477,0.041290998458862305,0.041290998458862305,0.73046875,2,5
38,5478,0.0041768550872802734,0.0041768550872802734,0.953125,2,3
38,5479,0.013075590133666992,0.013075590133666992,0.88671875,2,5
38,5480,0.04084968566894531,0.04084968566894531,0.73046875,3,3
38,5481,0.04117774963378906,0.04117774963378906,0.7265625,2,2
38,5482,0.04129153490066528,0.04129153490066528,0.73046875,2,3
38,5483,0.039792418479919434,0.039792418479919434,0.7421875,2,5
38,5484,0.013981640338897705,0.013981640338897705,0.88671875,2,3
38,5485,0.060012684669345624,0.07047361135482788,0.640625,2,5
38,5370,0.09859864693135025,0.09879159927368164,0.69921875,3,4
38,5373,0.09876780712511392,0.1073654294013977,0.66796875,2,2
38,5486,0.09856092743575574,0.10714054107666016,0.66796875,2,3
38,5487,0.08397376537322998,0.08397376537322998,0.73046875,3,5
38,5488,0.0010278820991516113,0.0010278820991516113,0.9609375,3,3
38,5489,0.06028759479522705,0.06028759479522705,0.7890625,2,1
38,5490,0.07771259546279907,0.07771259546279907,0.75,3,3
38,5491,0.09763914905488492,0.10502362251281738,0.671875,3,4
38,5492,0.09914945787750186,0.11011826992034912,0.66015625,1,2
38,5493,0.006157338619232178,0.006157338619232178,0.94140625,3,3
38,5494,0.0993485930375755,0.10915553569793701,0.6640625,2,2
38,5495,0.08798587322235107,0.08798587322235107,0.70703125,3,5
38,5496,0.09264310263097288,0.12959909439086914,0.5859375,2,2
38,5497,0.04737973213195801,0.04737973213195801,0.78125,3,4
38,5498,0.08589478489011527,0.1349022388458252,0.5546875,4,4
38,5499,0.0030765533447265625,0.0030765533447265625,0.95703125,2,3
38,5500,0.026477456092834473,0.026477456092834473,0.82421875,3,3
38,5501,0.07972253160551192,0.16262125968933105,0.49609375,2,3
38,5502,0.09406065801158549,0.12009739875793457,0.61328125,1,2
38,5503,0.01463252305984497,0.01463252305984497,0.890625,3,4
38,5504,0.002550363540649414,0.002550363540649414,0.9609375,2,1
38,5505,0.08461403846740723,0.08461403846740723,0.71875,2,2
38,5506,0.014930367469787598,0.014930367469787598,0.87890625,2,2
38,5507,0.08513033390045167,0.17026066780090332,0.5,3,4
38,5508,0.09066654648631813,0.13416552543640137,0.5703125,2,2
38,5509,0.09674972947686912,0.10517168045043945,0.66796875,2,2
38,5510,0.06644630432128906,0.06644630432128906,0.76953125,2,3
38,5511,0.015027463436126709,0.015027463436126709,0.86328125,2,2
38,5512,0.0008552074432373047,0.0008552074432373047,0.9765625,4,5
38,5513,0.09720267832744868,0.101360023021698,0.68359375,2,3
38,5514,0.061208367347717285,0.061208367347717285,0.765625,3,4
38,5515,0.009848237037658691,0.009848237037658691,0.90234375,2,1
38,5516,0.10073090158402921,0.11310136318206787,0.65625,1,2
38,5517,0.09605021681636573,0.10331451892852783,0.671875,1,2
38,2512,0.13475550350267443,0.1377142071723938,0.69140625,3,7
38,5314,0.12343240901827814,0.1261425018310547,0.69140625,3,6
38,5518,0.01054177223704756,0.25701844692230225,0.31640625,3,7
38,5519,0.09661194542422892,0.10391873121261597,0.671875,4,8
38,5520,0.015200138092041016,0.015200138092041016,0.890625,3,6
38,5521,0.09904778958298269,0.1906483769416809,0.5078125,2,5
38,5522,0.0244631466921419,0.24559080600738525,0.33984375,3,6
38,5523,0.0,0.2652977705001831,0.2265625,3,7
38,5524,0.07970702648162842,0.07970702648162842,0.73828125,1,2
38,5525,0.02143871784210205,0.02143871784210205,0.84765625,3,5
38,5526,0.0,0.32371222972869873,0.078125,3,5
38,5527,0.03628814220428467,0.03628814220428467,0.80078125,2,6
38,5528,0.0453336238861084,0.0453336238861084,0.78515625,3,5
38,5529,0.10791094589512797,0.12250643968582153,0.65234375,3,6
38,5530,0.11589168431237341,0.12209165096282959,0.6796875,3,8
38,5531,0.07553744316101074,0.07553744316101074,0.75,4,7
38,5532,0.010718762874603271,0.010718762874603271,0.89453125,4,7
38,5533,0.08949661254882812,0.08949661254882812,0.703125,3,5
38,5534,0.01145625114440918,0.01145625114440918,0.91015625,4,7
38,5535,0.09128230810165405,0.09128230810165405,0.76953125,3,7
38,5536,0.008077539503574378,0.2584812641143799,0.3125,3,6
38,5537,0.10086045577190818,0.10964024066925049,0.66796875,3,5
38,5538,0.010967373847961426,0.010967373847961426,0.89453125,3,5
38,5539,0.09845517575740817,0.19313812255859375,0.50390625,3,5
38,5540,0.11126999184489252,0.1403207778930664,0.6171875,2,5
38,5541,0.08463644818402828,0.14396631717681885,0.53515625,2,5
38,5542,0.06770598888397217,0.06770598888397217,0.76953125,2,2
38,5543,0.10778132965788247,0.13107848167419434,0.62890625,3,6
38,5544,0.04530811309814453,0.04530811309814453,0.80078125,3,7
38,5545,0.06992781162261963,0.06992781162261963,0.77734375,3,4
38,5546,0.034898996353149414,0.034898996353149414,0.84765625,4,5
38,5547,0.11639591865241529,0.120150625705719,0.6875,3,5
38,5548,0.001024782657623291,0.001024782657623291,0.96875,4,5
38,5242,0.12722709216177466,0.14285147190093994,0.65625,4,7
38,5451,0.11419963487423958,0.1296457052230835,0.65234375,6,9
38,5549,0.07256551855243744,0.19975024461746216,0.4453125,4,6
38,5550,0.013524651527404785,0.013524651527404785,0.890625,4,9
38,5551,0.008228778839111328,0.008228778839111328,0.93359375,3,4
38,5552,0.10291170165874065,0.11948025226593018,0.64453125,7,11
38,5553,0.09055709885433318,0.19238686561584473,0.48828125,3,4
38,5554,0.00561557477340103,0.2613794803619385,0.30859375,5,6
38,5555,0.03262871503829956,0.03262871503829956,0.87109375,4,7
38,5556,0.10197591781616211,0.10197591781616211,0.7578125,5,9
38,5557,0.04027903079986572,0.04027903079986572,0.8203125,3,4
38,5558,0.12645894289016724,0.12645894289016724,0.7109375,4,7
38,5559,0.025762973353266726,0.23554718494415283,0.34375,7,10
38,5560,0.01844179630279541,0.01844179630279541,0.89453125,4,6
38,5561,0.048026442527770996,0.048026442527770996,0.77734375,4,7
38,5562,0.09688324620947243,0.12069153785705566,0.62109375,4,5
38,5563,0.10371899604797363,0.10371899604797363,0.7109375,4,5
38,5564,0.11613307520747186,0.12759685516357422,0.6640625,4,6
38,5565,0.013996362686157227,0.013996362686157227,0.89453125,6,9
38,5566,0.013907790184020996,0.013907790184020996,0.87890625,6,10
38,5567,0.1212408074643463,0.14076030254364014,0.64453125,4,6
38,5568,0.03999018669128418,0.03999018669128418,0.76171875,4,6
38,5569,0.006104707717895508,0.006104707717895508,0.92578125,6,8
38,5570,0.014567255973815918,0.014567255973815918,0.87890625,4,7
38,5571,0.012289762496948242,0.012289762496948242,0.88671875,4,7
38,5572,0.0004967451095581055,0.0004967451095581055,0.984375,4,7
38,5573,0.008216023445129395,0.008216023445129395,0.91015625,5,9
38,5574,0.06987768132239582,0.21552634239196777,0.4296875,4,6
38,5575,0.11345654912292959,0.11480188369750977,0.6953125,4,6
38,5576,0.08789891004562378,0.08789891004562378,0.73046875,6,9
38,5577,0.08648822293616833,0.13795006275177002,0.55078125,4,7
38,5578,0.09511905908584595,0.09511905908584595,0.73046875,6,8
38,5579,0.008317708969116211,0.008317708969116211,0.90234375,5,6
38,4449,0.10536114312708379,0.13622450828552246,0.609375,2,5
38,5178,0.11867380945477636,0.13472503423690796,0.65234375,3,7
38,5580,0.05203040642663837,0.07812190055847168,0.56640625,4,7
38,5581,0.09375214576721191,0.09375214576721191,0.72265625,2,3
38,5582,0.013870418071746826,0.013870418071746826,0.91015625,4,5
38,5583,0.0942439283244312,0.10354697704315186,0.6640625,3,6
38,5584,0.10431237565353516,0.19350701570510864,0.515625,1,1
38,5585,0.013612985610961914,0.013612985610961914,0.8984375,2,4
38,5586,0.10200883448123935,0.18923377990722656,0.515625,3,6
38,5587,0.00559695914853365,0.2605130076408386,0.30859375,4,8
38,5588,0.06485047610476614,0.21989035606384277,0.41796875,2,4
38,5589,0.0548933744430542,0.0548933744430542,0.8125,4,8
38,5590,0.04213762283325195,0.04213762283325195,0.8203125,3,6
38,5591,0.1185402881819755,0.14767062664031982,0.62109375,3,7
38,5592,0.012060940265655518,0.012060940265655518,0.89453125,2,6
38,5593,0.003533005714416504,0.003533005714416504,0.9296875,4,7
38,5594,0.022773802280426025,0.022773802280426025,0.83984375,3,2
38,5595,0.05535835027694702,0.05535835027694702,0.7421875,2,5
38,5596,0.09767158934846522,0.15578770637512207,0.55078125,4,8
38,5597,0.11255447496660055,0.13370740413665771,0.63671875,2,5
38,5598,0.0873176045715809,0.14610004425048828,0.5390625,2,3
38,5599,0.08252178225666286,0.20510268211364746,0.4609375,4,7
38,5600,0.044306091964244856,0.23629915714263916,0.375,3,7
38,5601,0.052420616149902344,0.052420616149902344,0.7421875,4,7
38,5602,0.049237966537475586,0.049237966537475586,0.78125,2,5
38,5603,0.03392916917800903,0.03392916917800903,0.859375,5,9
38,5604,0.10298701620195062,0.11956769227981567,0.64453125,2,4
38,5605,0.0807805727235973,0.15548741817474365,0.5078125,3,4
38,5606,0.03025054931640625,0.03025054931640625,0.78515625,1,0
38,5607,0.0882818102836609,0.17656362056732178,0.5,2,5
38,5608,0.02776920795440674,0.02776920795440674,0.83984375,3,6
38,5609,0.07283514738082886,0.07283514738082886,0.734375,3,6
38,5610,0.08091240562498571,0.20610523223876953,0.45703125,4,7
38,5611,0.01601046323776245,0.01601046323776245,0.86328125,3,7
39,5485,0.06103203468956054,0.06778395175933838,0.66015625,2,5
39,5482,0.03873896598815918,0.03873896598815918,0.79296875,2,3
39,5612,0.011584758758544922,0.011584758758544922,0.95703125,1,2
39,5613,0.011922597885131836,0.011922597885131836,0.94921875,3,6
39,5614,0.05772018549032511,0.0981818437576294,0.53515625,2,5
39,5615,0.0633344352245331,0.12666887044906616,0.5,2,5
39,5616,0.03888559341430664,0.03888559341430664,0.7890625,1,2
39,5617,0.0,0.18447178602218628,0.23828125,2,5
39,5618,0.03873366117477417,0.03873366117477417,0.79296875,1,2
39,5619,0.022407054901123047,0.022407054901123047,0.890625,3,6
39,5620,0.038716256618499756,0.038716256618499756,0.796875,2,3
39,5621,0.038737595081329346,0.038737595081329346,0.79296875,2,2
39,5622,0.03873944282531738,0.03873944282531738,0.79296875,2,6
39,5623,0.03873860836029053,0.03873860836029053,0.79296875,2,4
39,5624,0.0386049747467041,0.0386049747467041,0.796875,3,7
39,5625,0.0026863813400268555,0.0026863813400268555,0.98828125,1,2
39,5626,0.038738787174224854,0.038738787174224854,0.79296875,2,5
39,5627,0.028452157974243164,0.028452157974243164,0.86328125,2,6
39,5628,0.07243320532143117,0.08132851123809814,0.65625,3,8
39,5629,0.03873950242996216,0.03873950242996216,0.79296875,2,4
39,5630,0.038726627826690674,0.038726627826690674,0.79296875,2,5
39,5178,0.1121306740678847,0.13018345832824707,0.64453125,3,7
39,5591,0.11437442898750307,0.14076852798461914,0.625,3,7
39,5631,0.013988852500915527,0.013988852500915527,0.94921875,2,3
39,5632,0.06352865695953369,0.06352865695953369,0.78515625,3,8
39,5633,0.021359028294682513,0.23773527145385742,0.3359375,3,6
39,5634,0.07222624588757755,0.13645696640014648,0.51171875,3,5
39,5635,0.00012832880020141602,0.00012832880020141602,0.99609375,1,0
39,5636,0.029369831085205078,0.029369831085205078,0.8984375,3,6
39,5637,0.00014168024063110352,0.00014168024063110352,0.99609375,3,5
39,5638,0.011102855205535889,0.011102855205535889,0.953125,3,6
39,5639,0.0748987589031458,0.17753779888153076,0.46875,4,9
39,5640,0.07484748424030842,0.15267693996429443,0.49609375,1,1
39,5641,0.0110548734664917,0.0110548734664917,0.9609375,3,7
39,5642,0.03406238555908203,0.03406238555908203,0.8671875,2,4
39,5643,0.01296985149383545,0.01296985149383545,0.94140625,2,4
39,5644,0.05917304754257202,0.05917304754257202,0.8046875,3,6
39,5645,0.0843907843809575,0.1655482053756714,0.50390625,3,6
39,5646,0.05968293081969024,0.19588243961334229,0.421875,2,4
39,5647,0.07306418544612826,0.16927087306976318,0.47265625,1,1
39,5648,0.09885334258433433,0.10308128595352173,0.68359375,2,4
39,5649,0.1076321041909978,0.14094024896621704,0.60546875,3,7
39,5650,0.07169369724579157,0.15231192111968994,0.48828125,3,6
39,5651,0.06841076561249794,0.17426025867462158,0.45703125,2,4
39,5652,0.10270732047501953,0.10290831327438354,0.69921875,2,4
39,5653,0.07412276999093594,0.15427178144454956,0.4921875,1,1
39,5654,0.07479250431060791,0.07479250431060791,0.78125,2,4
39,5655,0.010261118412017822,0.010261118412017822,0.9453125,3,6
39,5656,0.010695278644561768,0.010695278644561768,0.95703125,3,3
39,5657,0.062408149475231774,0.18685948848724365,0.43359375,3,5
39,5658,0.0820881724357605,0.0820881724357605,0.7265625,2,5
39,5659,0.08535176515579224,0.08535176515579224,0.765625,3,5
39,5660,0.08196207159198822,0.12872570753097534,0.5546875,1,1
39,5661,0.041789889335632324,0.041789889335632324,0.83203125,3,6
39,5662,0.05113059468567373,0.19249165058135986,0.40625,2,4
39,5663,0.04210221767425537,0.04210221767425537,0.765625,2,2
39,5664,0.09023141860961914,0.09023141860961914,0.73828125,3,6
39,5665,0.07076717447489501,0.1758873462677002,0.4609375,1,1
39,5666,0.041694782674312605,0.2223721742630005,0.375,2,2
39,5667,0.0966953430324793,0.10400843620300293,0.671875,3,5
39,5668,0.07505539059638978,0.15011078119277954,0.5,1,1
39,5669,0.01318734884262085,0.01318734884262085,0.94921875,4,8
39,5242,0.11193401901982726,0.13612878322601318,0.62890625,4,7
39,5558,0.10705857211723925,0.1229013204574585,0.6484375,4,7
39,5670,0.0014542341232299805,0.0014542341232299805,0.984375,4,5
39,5671,0.07999086380004883,0.07999086380004883,0.7734375,6,9
39,5672,0.09561563306488098,0.09970510005950928,0.68359375,4,6
39,5673,0.017306806985288865,0.246141254901886,0.328125,6,9
39,5674,0.03947710990905762,0.03947710990905762,0.89453125,5,6
39,5675,0.04849743843078613,0.04849743843078613,0.7421875,6,8
39,5676,0.041765451431274414,0.041765451431274414,0.77734375,4,6
39,5677,0.007834434509277344,0.007834434509277344,0.94921875,4,7
39,5678,0.11145472526550293,0.11145472526550293,0.7109375,6,9
39,5679,0.09428966045379639,0.09428966045379639,0.71484375,3,1
39,5680,0.0387793672271073,0.2308725118637085,0.3671875,4,4
39,5681,0.038216138491407044,0.11787146329879761,0.4296875,4,4
39,5682,0.029685182031244046,0.23028504848480225,0.3515625,4,5
39,5683,0.09526588348671795,0.14303851127624512,0.56640625,3,5
39,5684,0.07615302689373495,0.18051087856292725,0.46875,4,4
39,5685,0.06937784294132145,0.18597620725631714,0.44921875,4,6
39,5686,0.011111617088317871,0.011111617088317871,0.9375,7,10
39,5687,0.06590991583652796,0.1814294457435608,0.4453125,7,11
39,5688,0.0031391382217407227,0.0031391382217407227,0.9765625,4,5
39,5689,0.0,0.2642085552215576,0.26171875,4,6
39,5690,0.016178131103515625,0.016178131103515625,0.9375,4,3
39,5691,0.09705812577158214,0.11529874801635742,0.63671875,3,4
39,5692,0.012160897254943848,0.012160897254943848,0.9609375,5,7
39,5693,0.09446722269058228,0.09446722269058228,0.73828125,4,6
39,5694,0.09498319099657239,0.16711819171905518,0.52734375,4,7
39,5695,0.014249920845031738,0.014249920845031738,0.9375,6,8
39,5696,0.04831737279891968,0.04831737279891968,0.82421875,5,5
39,5697,0.1023406982421875,0.1023406982421875,0.7109375,5,6
39,5698,0.035329819307662554,0.22331935167312622,0.36328125,4,4
39,5699,0.07098234503064306,0.18081074953079224,0.45703125,1,1
39,5700,0.03727090358734131,0.03727090358734131,0.85546875,4,5
39,5701,0.0399012565612793,0.0399012565612793,0.83984375,4,5
39,5702,0.05638219497632236,0.0928221344947815,0.54296875,1,0
39,5703,0.04838575772009791,0.0949176549911499,0.50390625,4,5
39,5704,0.000728607177734375,0.000728607177734375,0.99609375,4,5
39,5705,0.09899953566491605,0.13849115371704102,0.5859375,3,6
39,5706,0.06300886999815704,0.20037603378295898,0.42578125,4,6
39,5707,0.07674312591552734,0.07674312591552734,0.77734375,4,8
39,5708,0.01888275146484375,0.01888275146484375,0.94140625,3,4
39,5709,0.01454704999923706,0.01454704999923706,0.9453125,4,5
39,5710,0.08801102638244629,0.08801102638244629,0.734375,5,4
39,5711,0.017420530319213867,0.017420530319213867,0.92578125,5,7
39,5712,0.00034558773040771484,0.00034558773040771484,0.9921875,4,4
39,5713,0.08472148771397771,0.17998921871185303,0.48828125,5,6
39,5714,0.10350334644317627,0.10350334644317627,0.70703125,3,2
39,2512,0.1211474663577974,0.13030987977981567,0.671875,3,7
39,5314,0.10259120212867857,0.12330210208892822,0.6328125,3,6
39,5715,0.04582345485687256,0.04582345485687256,0.83203125,3,5
39,5716,0.04649317264556885,0.04649317264556885,0.8203125,3,6
39,5717,0.09875512076541783,0.11336910724639893,0.6484375,3,6
39,5718,0.08037430047988893,0.16074860095977783,0.5,3,6
39,5719,0.09756833128631116,0.11726522445678711,0.6328125,3,6
39,5720,0.09061741828918457,0.09061741828918457,0.76171875,3,6
39,5721,0.0101698637008667,0.0101698637008667,0.9453125,3,5
39,5722,0.036002159118652344,0.036002159118652344,0.859375,3,4
39,5723,0.05613100528717041,0.05613100528717041,0.81640625,3,5
39,5724,0.07534719421528281,0.11654913425445557,0.55859375,3,5
39,5725,0.01198047399520874,0.01198047399520874,0.9453125,2,5
39,5726,0.07707881648093463,0.1289684772491455,0.5390625,3,7
39,5727,0.08797868131659926,0.1247786283493042,0.58203125,2,5
39,5728,0.04720747470855713,0.04720747470855713,0.796875,3,4
39,5729,0.07257744017988445,0.16442322731018066,0.4765625,3,7
39,5730,0.10304931085556747,0.10531187057495117,0.69140625,3,6
39,5731,0.028005980770103644,0.23506659269332886,0.34765625,3,6
39,5732,0.08154575480148198,0.16972124576568604,0.4921875,3,5
39,5733,0.002821207046508789,0.002821207046508789,0.984375,3,5
39,5734,0.08417174709029497,0.1263810396194458,0.56640625,2,4
39,5735,0.05804494488984348,0.10767757892608643,0.515625,3,7
39,5736,0.07336391822900624,0.13860636949539185,0.51171875,3,6
39,5737,0.07157606817781927,0.17368221282958984,0.46484375,3,6
39,5738,0.0007810592651367188,0.0007810592651367188,1.0,2,3
39,5739,0.04411351680755615,0.04411351680755615,0.80078125,4,7
39,5740,0.050752878189086914,0.050752878189086914,0.8203125,3,4
39,5741,0.08772101625800134,0.19031000137329102,0.484375,4,10
39,5742,0.07257917942479254,0.15745991468429565,0.484375,1,2
39,5743,0.054685173556208624,0.19857311248779297,0.41015625,2,5
39,5744,0.07199005410075189,0.17064309120178223,0.46875,3,6
39,5745,0.029943108558654785,0.029943108558654785,0.9140625,4,8
39,5746,0.03942137956619263,0.03942137956619263,0.8515625,3,7
39,5747,0.07793378829956055,0.07793378829956055,0.73828125,3,7
39,5748,0.041085509816184654,0.231162428855896,0.37109375,3,6
39,5749,0.056764960289001465,0.056764960289001465,0.8125,3,4
39,5750,0.0373920202255249,0.0373920202255249,0.859375,3,6
39,5751,0.06656622514128686,0.15778660774230957,0.46875,3,5
39,5752,0.01946842670440674,0.01946842670440674,0.89453125,2,1
39,5753,0.07320548943243922,0.1523626446723938,0.4921875,4,6
