generation,genome_id,fitness,diversity,agreement,num_nodes,num_connections
0,1,0.02795585873536766,0.02828735113143921,0.6953125,1,4
0,2,0.0382286251988262,0.08660644292831421,0.4765625,1,4
0,3,0.0,0.2606074810028076,0.1484375,1,4
0,4,0.04920559935271741,0.07497996091842651,0.5625,1,4
0,5,0.05209996411576868,0.0728830099105835,0.5859375,1,4
0,6,0.0,0.1864008903503418,0.17578125,1,4
0,7,0.0,0.19059693813323975,0.28125,1,4
0,8,0.03462040424346924,0.03462040424346924,0.74609375,1,4
0,9,0.013657569885253906,0.013657569885253906,0.8125,1,4
0,10,0.0,0.21627557277679443,0.23828125,1,4
0,11,0.01609402894973755,0.01609402894973755,0.77734375,1,4
0,12,1.1920928955078125e-07,1.1920928955078125e-07,1.0,1,4
0,13,0.0019325658213347244,0.16491228342056274,0.3046875,1,4
0,14,0.022954736137762673,0.13666075468063354,0.3671875,1,4
0,15,0.03314711060374976,0.14630448818206787,0.390625,1,4
0,16,0.042117666220292456,0.04483211040496826,0.67578125,1,4
0,17,0.04972052574157715,0.04972052574157715,0.7109375,1,4
0,18,0.0014649629592895508,0.0014649629592895508,0.9453125,1,4
0,19,0.0,0.2261446714401245,0.29296875,1,4
0,20,0.0,0.16302931308746338,0.15234375,1,4
0,21,6.556510925292969e-07,6.556510925292969e-07,0.99609375,1,4
0,22,0.018477197270840413,0.18549656867980957,0.33984375,1,4
0,23,0.0,0.25765323638916016,0.2578125,1,4
0,24,0.01460962230339647,0.1466691493988037,0.33984375,1,4
0,25,0.016127586364746094,0.016127586364746094,0.80859375,1,4
0,26,0.050439998740330345,0.07056087255477905,0.5859375,1,4
0,27,0.013285994529724121,0.013285994529724121,0.87109375,1,4
0,28,0.0,0.18798112869262695,0.171875,1,4
0,29,0.044326308649033315,0.07181984186172485,0.546875,1,4
0,30,0.05205294862389565,0.1825418472290039,0.4140625,1,4
0,31,0.016461035702377565,0.13816475868225098,0.34765625,1,4
0,32,0.039067983627319336,0.039067983627319336,0.71875,1,4
0,33,0.03362506779376418,0.03579217195510864,0.67578125,1,4
0,34,0.04802279546856881,0.08597087860107422,0.5234375,1,4
0,35,0.03411132097244263,0.03411132097244263,0.7734375,1,4
0,36,0.04346356354653836,0.09429383277893066,0.484375,1,4
0,37,0.03409565624315292,0.036293089389801025,0.67578125,1,4
0,38,0.019137263298034668,0.019137263298034668,0.83984375,1,4
0,39,0.022207260131835938,0.022207260131835938,0.734375,1,4
0,40,0.084203670732677,0.1322462558746338,0.5546875,1,4
0,41,0.04274475574493408,0.04274475574493408,0.70703125,1,4
0,42,0.028309106826782227,0.028309106826782227,0.73046875,1,4
0,43,0.00031992979347706296,0.1638040542602539,0.30078125,1,4
0,44,0.053961799945682294,0.16156983375549316,0.43359375,1,4
0,45,8.344650268554688e-07,8.344650268554688e-07,0.99609375,1,4
0,46,0.0,0.1975705623626709,0.171875,1,4
0,47,0.04839261900633574,0.06589633226394653,0.59375,1,4
0,48,0.0482520665973425,0.06570494174957275,0.59375,1,4
0,49,0.036573551478795714,0.10345667600631714,0.44140625,1,4
0,50,0.03789056092500687,0.08981466293334961,0.46875,1,4
0,51,0.052695290651172406,0.057896971702575684,0.6640625,1,4
0,52,0.047205222072079785,0.15011847019195557,0.42578125,1,4
0,53,0.0,0.3315773010253906,0.2421875,1,4
0,54,0.06552728195674719,0.15180981159210205,0.47265625,1,4
0,55,0.0,0.18812322616577148,0.171875,1,4
0,56,0.04067664965987206,0.061983466148376465,0.5625,1,4
0,57,5.364418029785156e-05,5.364418029785156e-05,0.9921875,1,4
0,58,0.05322472751140595,0.07059860229492188,0.6015625,1,4
0,59,0.06419854983687402,0.09782636165618896,0.5625,1,4
0,60,0.022377895773388456,0.22465652227401733,0.33984375,1,4
0,61,0.0,0.21935516595840454,0.2578125,1,4
0,62,0.00029535230714828193,0.1512203812599182,0.30078125,1,4
0,63,0.05474768206477166,0.06080436706542969,0.66015625,1,4
0,64,2.6404857635498047e-05,2.6404857635498047e-05,0.98828125,1,4
0,65,0.04332562652416528,0.04918563365936279,0.65234375,1,4
0,66,0.06560924649238588,0.1014862060546875,0.55859375,1,4
0,67,0.0,0.21191346645355225,0.2890625,1,4
0,68,0.006138026714324951,0.006138026714324951,0.9140625,1,4
0,69,0.02396106719970703,0.02396106719970703,0.76953125,1,4
0,70,0.0,0.1623450517654419,0.20703125,1,4
0,71,0.000323344953358178,0.16555261611938477,0.30078125,1,4
0,72,0.019303080160170797,0.14974510669708252,0.3515625,1,4
0,73,7.742643356323242e-05,7.742643356323242e-05,0.98828125,1,4
0,74,0.0,0.2374434471130371,0.26953125,1,4
0,75,0.015069782733917236,0.015069782733917236,0.82421875,1,4
0,76,0.015251994132995605,0.015251994132995605,0.828125,1,4
0,77,0.03903113398700953,0.12810218334197998,0.421875,1,4
0,78,0.03737473487854004,0.03737473487854004,0.734375,1,4
0,79,0.02156752347946167,0.02156752347946167,0.76171875,1,4
0,80,0.023086369037628174,0.023086369037628174,0.7734375,1,4
0,81,0.0,0.17619407176971436,0.20703125,1,4
0,82,0.032747110351920135,0.047096967697143555,0.578125,1,4
0,83,0.04311129916459323,0.16230136156082153,0.40625,1,4
0,84,0.04319192876573653,0.06485122442245483,0.56640625,1,4
0,85,0.0,0.1964893937110901,0.1171875,1,4
0,86,0.04673661408014596,0.0916825532913208,0.50390625,1,4
0,87,0.048944748938083656,0.08057785034179688,0.54296875,1,4
0,88,0.031951842363923795,0.14102882146835327,0.390625,1,4
0,89,0.04762892425060273,0.07969284057617188,0.5390625,1,4
0,90,0.011758685111999512,0.011758685111999512,0.859375,1,4
0,91,0.0,0.2582995891571045,0.21875,1,4
0,92,0.04718220792710782,0.0816124677658081,0.53125,1,4
0,93,0.025044212001375857,0.1583041548728943,0.36328125,1,4
0,94,0.049312150105834014,0.07514232397079468,0.5625,1,4
0,95,0.03230740304570646,0.03237062692642212,0.69921875,1,4
0,96,0.00734004052355886,0.14454233646392822,0.3203125,1,4
0,97,0.026347982697188858,0.09239840507507324,0.4140625,1,4
0,98,0.024525303044356416,0.24621480703353882,0.33984375,1,4
0,99,0.030057050753384832,0.09270608425140381,0.4296875,1,4
0,100,0.0183716923929751,0.15420174598693848,0.34765625,1,4
0,101,0.04225120414048434,0.04451155662536621,0.6796875,1,4
0,102,0.053637765813618905,0.07402300834655762,0.58984375,1,4
0,103,0.0,0.17945599555969238,0.171875,1,4
0,104,1.9669532775878906e-06,1.9669532775878906e-06,0.99609375,1,4
0,105,0.008921384811401367,0.008921384811401367,0.8828125,1,4
0,106,0.0,0.2019883394241333,0.171875,1,4
0,107,0.03223139047622681,0.03223139047622681,0.7734375,1,4
0,108,0.0,0.21920859813690186,0.171875,1,4
0,109,0.05307683337014169,0.06162208318710327,0.64453125,1,4
0,110,0.0,0.18830782175064087,0.171875,1,4
0,111,0.04442209005355835,0.04442209005355835,0.7578125,1,4
0,112,0.01370692253112793,0.01370692253112793,0.82421875,1,4
0,113,0.03305146377533675,0.0375218391418457,0.65234375,1,4
0,114,0.0,0.1917428970336914,0.171875,1,4
0,115,0.025223689852282412,0.12786662578582764,0.37890625,1,4
0,116,0.0,0.28349757194519043,0.265625,1,4
0,117,0.0497476076707244,0.0806037187576294,0.546875,1,4
0,118,0.05065723508596422,0.19070959091186523,0.40625,1,4
0,119,0.022492527961730957,0.022492527961730957,0.75390625,1,4
0,120,0.04810767027083785,0.05229538679122925,0.66796875,1,4
0,121,0.05005591805092991,0.0639117956161499,0.61328125,1,4
0,122,0.02347743511199951,0.02347743511199951,0.78125,1,4
0,123,0.042185769416391856,0.0683516263961792,0.546875,1,4
0,124,0.05258410796523095,0.06471890211105347,0.625,1,4
0,125,0.043509697075933225,0.1230771541595459,0.44140625,1,4
0,126,0.047991050407290466,0.13210439682006836,0.4453125,1,4
0,127,0.03282523155212402,0.03282523155212402,0.7578125,1,4
0,128,0.019266128540039062,0.019266128540039062,0.80859375,1,4
0,129,0.00024002790451049805,0.00024002790451049805,0.98046875,1,4
0,130,0.024464350193738944,0.18978404998779297,0.3515625,1,4
0,131,0.015295326709747314,0.015295326709747314,0.80859375,1,4
0,132,0.0017054080963134766,0.0017054080963134766,0.9453125,1,4
0,133,0.01731342077255249,0.01731342077255249,0.81640625,1,4
0,134,0.0,0.2377326488494873,0.25390625,1,4
0,135,0.013390451669692998,0.12242698669433594,0.34375,1,4
0,136,0.009723782539367676,0.009723782539367676,0.8671875,1,4
0,137,0.04502658639103175,0.07533860206604004,0.5390625,1,4
0,138,0.041148765012621887,0.04832148551940918,0.640625,1,4
0,139,0.018164992332458496,0.018164992332458496,0.765625,1,4
0,140,0.001156628131866455,0.001156628131866455,0.97265625,1,4
0,141,0.05554865626618267,0.07770740985870361,0.5859375,1,4
0,142,0.0,0.1656949520111084,0.25,1,4
0,143,0.01654654601588846,0.09850966930389404,0.3671875,1,4
0,144,0.0028550028800964355,0.0028550028800964355,0.94921875,1,4
0,145,0.04566919268108905,0.05554068088531494,0.62890625,1,4
0,146,0.03666786232497544,0.07193082571029663,0.50390625,1,4
0,147,0.012382158078253274,0.17610180377960205,0.328125,1,4
0,148,0.0025707362219691316,0.11965608596801758,0.30859375,1,4
0,149,0.04741383367218078,0.16076743602752686,0.41796875,1,4
0,150,2.3305416107177734e-05,2.3305416107177734e-05,0.984375,1,4
1,117,0.049697487149387605,0.08744025230407715,0.52734375,1,4
1,48,0.042554285144433386,0.06582415103912354,0.55859375,1,4
1,151,0.05787609517574311,0.08208465576171875,0.58203125,1,3
1,152,0.04298198223114014,0.04298198223114014,0.75,1,3
1,153,0.05859908228740097,0.08427733182907104,0.578125,1,4
1,154,0.01031637191772461,0.01031637191772461,0.82421875,1,3
1,155,0.07196874544024469,0.10350561141967773,0.578125,1,4
1,156,0.0331484730122611,0.09925156831741333,0.43359375,1,3
1,157,0.03964585717767478,0.09397536516189575,0.46875,1,3
1,158,0.05945234023965896,0.09337300062179565,0.5546875,2,5
1,159,0.05349346855655313,0.09099221229553223,0.53515625,1,3
1,160,0.047677734051831074,0.07374924421310425,0.55859375,2,5
1,161,0.03492713428568096,0.09879940748214722,0.44140625,1,3
1,162,0.033168051857501275,0.0335613489151001,0.6953125,1,3
1,163,0.043387623503804214,0.08850383758544922,0.49609375,2,3
1,164,0.04617310501635075,0.06832551956176758,0.5703125,1,2
1,165,0.0331484730122611,0.09925156831741333,0.43359375,2,5
1,166,0.011859333375468857,0.1958702802658081,0.32421875,1,3
1,167,0.04589064395986498,0.07319629192352295,0.55078125,1,4
1,168,0.0,0.177465558052063,0.19140625,1,3
1,169,0.03895630058832467,0.09452903270721436,0.46484375,2,6
1,170,0.04655441758222879,0.046645522117614746,0.69921875,1,3
1,171,0.051084041595458984,0.051084041595458984,0.703125,2,5
1,172,0.018473034608177844,0.11676782369613647,0.36328125,1,4
1,173,0.05946593522094191,0.07499152421951294,0.6171875,1,3
1,174,0.045211168006062515,0.06993389129638672,0.55859375,1,3
1,175,0.05551074631512166,0.08718252182006836,0.5546875,1,4
1,176,0.04539461620151997,0.1156320571899414,0.45703125,1,3
1,177,0.02813720703125,0.02813720703125,0.71484375,1,3
1,178,0.0,0.2549639940261841,0.25,1,3
1,179,0.04588892916217447,0.07207095623016357,0.5546875,1,4
1,180,0.0,0.1847923994064331,0.18359375,1,3
1,181,0.05427098472137005,0.07697159051895142,0.58203125,1,3
1,182,0.03313720563892276,0.09921783208847046,0.43359375,1,4
1,183,0.053208146011456854,0.09361708164215088,0.52734375,1,4
1,184,0.049265495035797364,0.06369680166244507,0.609375,1,3
1,185,0.05948925483971835,0.08555757999420166,0.578125,1,4
1,186,0.03879154950845987,0.07609683275222778,0.50390625,1,3
1,187,0.013918161392211914,0.013918161392211914,0.81640625,1,4
1,40,0.0662662892136723,0.137920081615448,0.4921875,1,4
1,66,0.05914859729819001,0.10061156749725342,0.53515625,1,4
1,188,0.02502453327178955,0.02502453327178955,0.75390625,1,3
1,189,0.06039436860010029,0.11203593015670776,0.515625,1,4
1,190,0.05106301931664348,0.07242178916931152,0.58203125,1,4
1,191,0.05749258375726641,0.07726037502288818,0.59765625,1,3
1,192,0.05483120190910996,0.062247395515441895,0.65234375,2,4
1,193,0.037433201447129257,0.1652224063873291,0.390625,1,3
1,194,0.043497784878127284,0.0493810772895813,0.65234375,1,3
1,195,0.04399308981373907,0.07127994298934937,0.546875,1,4
1,196,0.06671249179635198,0.10640746355056763,0.55078125,2,4
1,197,0.05394059186801315,0.09175276756286621,0.53515625,1,3
1,198,0.03957611322402954,0.03957611322402954,0.7578125,1,3
1,199,0.035809218883514404,0.035809218883514404,0.70703125,2,5
1,200,0.05178040824830533,0.05511760711669922,0.67578125,1,4
1,201,0.053940459620207555,0.07545769214630127,0.5859375,2,4
1,202,0.038717330666258945,0.21783816814422607,0.37109375,1,4
1,203,0.030106649268418557,0.0988115668296814,0.421875,1,3
1,204,0.04054144921246917,0.2923552393913269,0.35546875,1,3
1,205,0.0331484730122611,0.09925156831741333,0.43359375,2,4
1,206,0.05243219039402903,0.060191214084625244,0.6484375,1,4
1,207,0.0,0.23220670223236084,0.09375,1,3
1,208,0.0,0.18056076765060425,0.21484375,1,3
1,209,0.04562085075303913,0.0763329267501831,0.5390625,1,4
1,210,0.0471770097501576,0.07893669605255127,0.5390625,2,4
1,211,0.05755489133298398,0.06682109832763672,0.64453125,1,4
1,212,0.05253988760523499,0.08790987730026245,0.5390625,1,3
1,213,0.0496748210862279,0.06422603130340576,0.609375,1,3
1,214,0.03959042578935624,0.048726677894592285,0.625,1,3
1,215,0.0486313751898706,0.07196319103240967,0.5703125,1,4
1,216,0.0,0.2385309934616089,0.1640625,2,5
1,217,0.09257313469424845,0.205183744430542,0.48046875,1,3
1,218,0.014761338010430345,0.24380016326904297,0.32421875,1,4
1,219,0.05616818345151842,0.061712682247161865,0.6640625,1,4
1,220,0.03149378474336118,0.19907182455062866,0.36328125,2,5
1,221,0.03309333324432374,0.09627151489257812,0.4375,2,4
1,222,0.050206932821311064,0.052354276180267334,0.68359375,1,4
1,223,0.03401835449039937,0.09896248579025269,0.4375,1,3
1,224,0.0346272255992517,0.19482570886611938,0.37109375,1,3
1,225,0.055552664212882526,0.06449651718139648,0.64453125,1,3
1,226,0.00038470723666251253,0.1969701051712036,0.30078125,1,4
1,227,0.0,0.1890382170677185,0.2265625,1,3
1,228,0.05395369732286782,0.08882409334182739,0.54296875,1,3
1,229,0.03035196568816901,0.15386343002319336,0.37890625,1,3
1,230,0.03203415870666504,0.03203415870666504,0.7421875,2,5
1,231,0.03280460834503174,0.03280460834503174,0.76171875,1,4
1,232,0.02280139923095703,0.02280139923095703,0.7890625,1,4
1,233,0.055386523250490434,0.12547743320465088,0.4765625,1,4
1,234,0.04364708438515664,0.06650984287261963,0.5625,1,4
1,235,0.026064455509185798,0.187957763671875,0.35546875,1,4
1,236,0.03400028310716153,0.09890991449356079,0.4375,1,4
1,237,0.03417947154957802,0.1732662320137024,0.37890625,1,3
1,238,0.05698383366689087,0.0718613862991333,0.6171875,1,4
1,239,0.04807233670726419,0.06294894218444824,0.60546875,1,2
1,240,0.06671166233718397,0.09084141254425049,0.59375,1,3
1,241,0.04101906856521965,0.13462668657302856,0.421875,1,3
1,242,0.02882397174835205,0.02882397174835205,0.734375,1,3
1,243,0.03791707754135132,0.03791707754135132,0.7734375,1,3
1,244,0.05461207032203676,0.10922414064407349,0.5,1,4
1,245,0.02558678342029453,0.11293476819992065,0.390625,2,4
1,246,0.06952896714210512,0.1390579342842102,0.5,2,6
1,247,0.05247852951288224,0.07547473907470703,0.578125,1,3
1,248,0.014545588754117492,0.1128385066986084,0.3515625,1,3
1,249,0.0,0.28871357440948486,0.25,1,3
1,250,0.027769863605499268,0.027769863605499268,0.7890625,1,4
1,251,0.04770450270734728,0.09012806415557861,0.51171875,1,4
1,252,0.05795481079258026,0.09697014093399048,0.5390625,1,3
1,253,0.04746554396115244,0.052716612815856934,0.66015625,1,4
1,254,0.0,0.19735288619995117,0.2109375,2,4
1,255,0.03268623352050781,0.03268623352050781,0.76171875,1,3
1,256,0.0383963417261839,0.056008338928222656,0.57421875,1,4
1,257,0.036501927068457014,0.050374627113342285,0.58984375,1,4
1,258,0.03910444816574455,0.12061131000518799,0.4296875,1,4
1,259,0.052758439444005496,0.07695817947387695,0.57421875,1,4
1,260,0.0519697847776115,0.05311083793640137,0.69140625,2,5
1,261,0.03998539969325066,0.11972236633300781,0.43359375,1,3
1,262,0.04974102973937988,0.04974102973937988,0.71484375,1,4
1,263,4.1365623474121094e-05,4.1365623474121094e-05,0.9921875,1,4
1,264,0.008033595047891145,0.15820002555847168,0.3203125,1,4
1,265,0.044806050602346666,0.12010836601257324,0.44921875,1,4
1,266,0.0339236855506897,0.0339236855506897,0.71875,1,3
1,267,0.04472583252936602,0.09308791160583496,0.4921875,1,3
1,268,0.042981716687791056,0.12158364057540894,0.44140625,1,4
1,269,0.012658536434173584,0.012658536434173584,0.85546875,2,5
1,270,0.049010131740942604,0.07358705997467041,0.56640625,2,4
1,271,0.045948509126901634,0.07947850227355957,0.53125,1,3
1,272,0.054783828556537635,0.0834801197052002,0.5625,1,3
1,273,0.016187570407055325,0.13586944341659546,0.34765625,1,3
1,274,0.02815854549407959,0.02815854549407959,0.72265625,2,4
1,275,0.06441208859905602,0.09963440895080566,0.55859375,1,4
1,276,0.046913745114579804,0.13270628452301025,0.44140625,1,3
1,277,0.04151719994843007,0.0550694465637207,0.6015625,1,4
1,278,0.031265525612980134,0.10261505842208862,0.421875,1,4
1,279,0.0,0.20190632343292236,0.18359375,2,4
1,280,0.01229459035675973,0.15353244543075562,0.33203125,1,3
1,281,0.03520370647311211,0.03527259826660156,0.69921875,2,5
1,282,0.04995385184884072,0.14130592346191406,0.44140625,2,5
1,283,0.04472898331005127,0.07363742589950562,0.54296875,1,3
1,284,0.0,0.19581222534179688,0.20703125,2,6
1,285,0.0511348145082593,0.08996915817260742,0.52734375,1,4
1,286,0.046206128201447434,0.060505211353302,0.60546875,1,3
1,287,0.05221638828516007,0.06426632404327393,0.625,2,5
1,288,0.0074417954310774855,0.1465461254119873,0.3203125,1,4
1,289,0.0,0.21923625469207764,0.27734375,1,3
1,290,0.0331484730122611,0.09925156831741333,0.43359375,1,4
1,291,0.0,0.20542001724243164,0.18359375,1,4
1,292,0.05746234580874444,0.08888435363769531,0.55859375,1,3
1,293,0.049019543454051025,0.08624744415283203,0.52734375,1,4
1,294,0.041661683470010764,0.05253887176513672,0.6171875,1,2
1,295,0.0,0.18404459953308105,0.1796875,1,3
1,296,0.052891678176820285,0.059387147426605225,0.65625,1,3
2,155,0.0666344240307808,0.09583377838134766,0.578125,1,4
2,189,0.07931102183647455,0.10520011186599731,0.6015625,1,4
2,297,0.0,0.17270761728286743,0.2265625,2,6
2,298,0.009016275405883789,0.009016275405883789,0.84765625,1,4
2,299,0.0,0.16063803434371948,0.24609375,1,4
2,300,0.004969477653503418,0.004969477653503418,0.89453125,1,3
2,301,0.05254127166699619,0.06545287370681763,0.62109375,1,4
2,302,0.05476935044862331,0.05829918384552002,0.67578125,1,2
2,303,0.05692685768008233,0.06391787528991699,0.65625,1,2
2,304,0.0421504257246852,0.09342432022094727,0.48046875,2,4
2,305,0.04505542386323214,0.06667160987854004,0.5703125,1,4
2,306,0.04195194318890572,0.09101438522338867,0.484375,1,3
2,307,0.025443869410082705,0.1514797806739807,0.3671875,2,4
2,308,0.06768147507682444,0.07130229473114014,0.6796875,1,2
2,309,0.05470618419349194,0.06351375579833984,0.64453125,1,4
2,310,0.0,0.19518649578094482,0.2265625,1,2
2,311,0.04316452285274864,0.09170222282409668,0.48828125,1,3
2,312,0.04877722263336183,0.09755444526672363,0.5,2,5
2,313,0.04213025677017868,0.09337961673736572,0.48046875,1,3
2,314,0.0018105469644069717,0.15450000762939453,0.3046875,1,3
2,315,0.0006964206695556641,0.0006964206695556641,0.9609375,1,1
2,316,0.04635225143283606,0.09092855453491211,0.50390625,1,3
2,317,0.0,0.1717967987060547,0.26171875,1,3
2,318,0.06888041552156211,0.10818028450012207,0.5546875,1,4
2,319,0.030449340934865184,0.14045101404190063,0.38671875,1,3
2,320,0.003564774990081787,0.003564774990081787,0.8984375,2,3
2,321,0.0,0.30143415927886963,0.1171875,1,4
2,322,0.0,0.32487422227859497,0.21484375,1,3
2,323,0.05493532656691969,0.07193577289581299,0.60546875,1,4
2,324,0.03763270843774081,0.11267805099487305,0.43359375,2,3
2,325,0.052767822984606035,0.061263322830200195,0.64453125,1,2
2,326,0.054137547500431545,0.09058308601379395,0.5390625,1,4
2,327,0.05780961830168963,0.08314192295074463,0.578125,2,4
2,328,0.050792125985026366,0.08785665035247803,0.53125,2,3
2,329,0.06388619914650918,0.09188127517700195,0.578125,2,4
2,330,0.04863787791691721,0.0591510534286499,0.62890625,3,6
2,331,0.0,0.2366544008255005,0.24609375,2,4
2,332,0.05233253887854517,0.05812203884124756,0.66015625,1,4
2,333,0.04213087528478355,0.09338098764419556,0.48046875,1,3
2,334,0.0405871868133545,0.0714111328125,0.52734375,1,3
2,335,0.04213025677017868,0.09337961673736572,0.48046875,1,2
2,336,0.048184106592088945,0.060764193534851074,0.6171875,2,4
2,337,0.0670818224316463,0.07968884706497192,0.63671875,2,4
2,338,0.018919042777270086,0.11263430118560791,0.3671875,1,3
2,339,0.05643906025215984,0.06135201454162598,0.66796875,1,4
2,340,0.05573804338928313,0.072986900806427,0.60546875,1,4
2,341,0.04178704414516688,0.09065663814544678,0.484375,1,4
2,342,0.05210483470000327,0.0618971586227417,0.63671875,2,5
2,343,0.057280608220025904,0.07223564386367798,0.6171875,2,5
2,344,0.00011730194091796875,0.00011730194091796875,0.96484375,1,1
2,345,0.056641611270606525,0.07232046127319336,0.61328125,1,3
2,346,0.042128428118303425,0.093375563621521,0.48046875,2,3
2,347,0.05332687124609948,0.08375263214111328,0.5546875,1,3
2,348,0.0,0.20330297946929932,0.2265625,1,3
2,349,0.04212982649914921,0.09337866306304932,0.48046875,1,3
2,350,0.01862790994346142,0.12549328804016113,0.359375,1,2
2,351,0.04213025677017868,0.09337961673736572,0.48046875,1,3
2,352,0.025017139501869682,0.15813302993774414,0.36328125,2,5
2,353,0.030948877334594727,0.030948877334594727,0.7578125,1,2
2,354,0.05775766214355827,0.07467657327651978,0.609375,1,4
2,355,0.05722206365317107,0.06154978275299072,0.671875,1,3
2,356,0.06375082908198239,0.10012400150299072,0.5546875,1,2
2,357,0.07564962282776834,0.09659004211425781,0.61328125,1,3
2,358,0.04938395507633687,0.05544865131378174,0.65625,1,4
2,359,0.012910604476928711,0.012910604476928711,0.8359375,1,3
2,360,0.04325035540387035,0.07007652521133423,0.546875,1,3
2,361,0.0,0.1638927459716797,0.29296875,2,6
2,362,0.0,0.17373794317245483,0.25,1,3
2,363,0.03266572952270508,0.03266572952270508,0.734375,2,5
2,364,0.049737963243387646,0.06350582838058472,0.61328125,1,1
2,217,0.09656517673283817,0.209497332572937,0.484375,1,3
2,246,0.06655381643213333,0.13851851224899292,0.4921875,2,6
2,365,0.05792006442788989,0.061652958393096924,0.67578125,1,2
2,366,0.06397371203638615,0.09466630220413208,0.5703125,1,2
2,367,0.0022388696670532227,0.0022388696670532227,0.953125,2,3
2,368,0.04213025677017868,0.09337961673736572,0.48046875,2,4
2,369,0.05930622923187913,0.09459435939788818,0.55078125,1,4
2,370,0.008045375347137451,0.008045375347137451,0.8359375,1,2
2,371,0.033232650370337076,0.03396230936050415,0.69140625,1,3
2,372,0.006717801094055176,0.006717801094055176,0.86328125,1,3
2,373,0.05170768650714309,0.06602078676223755,0.61328125,1,2
2,374,0.0037828683853149414,0.0037828683853149414,0.91796875,1,4
2,375,0.0,0.18884897232055664,0.2265625,2,6
2,376,0.029891820391640074,0.14438313245773315,0.3828125,1,3
2,377,0.05636763141956181,0.07197064161300659,0.61328125,2,4
2,378,4.184246063232422e-05,4.184246063232422e-05,0.99609375,1,3
2,379,0.044426255393773324,0.10064709186553955,0.4765625,1,3
2,380,0.04282078798860312,0.055364251136779785,0.609375,2,4
2,381,0.04438619443681092,0.08385878801345825,0.51171875,2,5
2,382,0.05115149728953839,0.08033609390258789,0.5546875,2,5
2,383,0.045455114217475064,0.1285802125930786,0.44140625,1,1
2,384,0.03659835224971176,0.10352683067321777,0.44140625,1,3
2,385,0.06460104510188104,0.10467004776000977,0.546875,1,3
2,386,3.409385681152344e-05,3.409385681152344e-05,0.98046875,1,3
2,387,0.0491135441698134,0.05282801389694214,0.671875,1,3
2,388,0.05437734257429839,0.0661311149597168,0.62890625,1,3
2,389,0.06597009790129961,0.0765911340713501,0.64453125,1,3
2,390,0.0033497214317321777,0.0033497214317321777,0.9296875,1,2
2,391,0.03445040131919087,0.10955655574798584,0.42578125,1,4
2,392,0.014314057538285857,0.14370191097259521,0.33984375,1,4
2,393,0.011116623878479004,0.011116623878479004,0.8203125,2,4
2,394,0.04213025677017868,0.09337961673736572,0.48046875,2,4
2,395,0.04271918255835772,0.09267890453338623,0.484375,1,2
2,396,0.03752778132911772,0.0955931544303894,0.45703125,2,4
2,397,0.03228259086608887,0.03228259086608887,0.7421875,1,3
2,398,0.0412099757231772,0.11046862602233887,0.44921875,1,3
2,399,0.00622701109386981,0.1226242184638977,0.3203125,1,3
2,400,0.0,0.30237066745758057,0.1796875,1,3
2,401,0.0004817317239940235,0.24664664268493652,0.30078125,1,3
2,402,0.002036750316619873,0.002036750316619873,0.9375,1,3
2,403,0.04213025677017868,0.09337961673736572,0.48046875,2,5
2,404,0.046915645361877985,0.05326122045516968,0.65234375,3,5
2,405,0.05480449902825058,0.0658683180809021,0.6328125,2,4
2,406,0.0682063288986683,0.10393345355987549,0.5625,1,4
2,407,0.0,0.31876087188720703,0.1796875,2,2
2,408,0.042641293723136194,0.092509925365448,0.484375,1,3
2,409,0.07595862890593709,0.14350855350494385,0.51171875,1,4
2,410,0.0696415901184082,0.0696415901184082,0.70703125,1,4
2,411,0.03683137893676758,0.03683137893676758,0.74609375,1,2
2,412,0.05701943754684181,0.13209933042526245,0.47265625,2,4
2,413,0.0,0.1691996455192566,0.2890625,1,1
2,414,7.200241088867188e-05,7.200241088867188e-05,0.98828125,1,4
2,415,0.047148665296845145,0.051252901554107666,0.66796875,1,3
2,416,0.02435481548309326,0.02435481548309326,0.78125,1,3
2,417,0.0,0.17076098918914795,0.2578125,1,4
2,418,0.030026264954358346,0.14503252506256104,0.3828125,1,3
2,419,0.05011634062975646,0.08817720413208008,0.52734375,1,2
2,420,3.409385681152344e-05,3.409385681152344e-05,0.98046875,2,4
2,421,0.0481868397910148,0.09275060892105103,0.5078125,1,2
2,422,0.03475832939147949,0.03475832939147949,0.703125,1,2
2,423,0.03126291930675507,0.13228607177734375,0.39453125,2,5
2,424,0.03283622721210123,0.03855997323989868,0.640625,2,4
2,425,0.0020601125434041075,0.1757962703704834,0.3046875,1,3
2,426,0.04050582647323609,0.13294219970703125,0.421875,1,4
2,427,0.053165054996497936,0.07755130529403687,0.57421875,2,5
2,428,0.014760315418243408,0.014760315418243408,0.8203125,1,3
2,429,0.04209911590442062,0.09331059455871582,0.48046875,1,1
2,430,0.03228369215503336,0.09666228294372559,0.43359375,1,4
2,431,0.0,0.18191128969192505,0.29296875,1,3
2,432,0.06271288415882738,0.07449883222579956,0.63671875,1,4
2,433,0.027546670520678173,0.1639987826347351,0.3671875,1,3
2,434,0.05330349318683148,0.08371591567993164,0.5546875,1,3
2,435,0.023693551076576117,0.09260380268096924,0.40234375,1,4
2,436,0.045295053860172636,0.08108764886856079,0.5234375,1,2
2,437,0.0021456480026245117,0.0021456480026245117,0.94140625,1,2
2,438,0.047354036942124374,0.06448209285736084,0.59375,1,2
2,439,0.05903510306961835,0.15825116634368896,0.44921875,3,6
2,440,0.060111629427410676,0.10224968194961548,0.53515625,1,1
2,441,0.03946401551365853,0.13839435577392578,0.4140625,1,3
2,442,0.05207101732958109,0.05783158540725708,0.66015625,2,3
3,406,0.053195950342342264,0.09359562397003174,0.52734375,1,4
3,155,0.05234818812459708,0.09054821729660034,0.53125,1,4
3,443,0.06439028936438264,0.07475697994232178,0.64453125,2,3
3,444,0.04607083857990802,0.08867770433425903,0.5078125,1,4
3,445,0.04248106142040343,0.1660328507423401,0.40234375,1,3
3,446,0.019811809062957764,0.019811809062957764,0.8046875,1,1
3,447,0.05673623387701811,0.09650814533233643,0.53515625,1,3
3,448,0.058359305839985616,0.08053898811340332,0.58984375,1,3
3,449,0.0486558492993936,0.09192544221878052,0.51171875,1,3
3,450,0.04586857557296753,0.04586857557296753,0.72265625,2,4
3,451,0.05802342225797475,0.12326967716217041,0.48828125,2,4
3,452,0.04864346981048584,0.04864346981048584,0.70703125,1,2
3,453,0.03885611705482007,0.11303597688674927,0.4375,2,3
3,454,0.05047492287121714,0.09036070108413696,0.5234375,1,4
3,455,0.03628096380271018,0.084053635597229,0.47265625,1,2
3,456,0.06218991265632213,0.06355535984039307,0.69140625,1,2
3,457,0.04341958730947227,0.07148176431655884,0.54296875,1,3
3,458,0.04798760544508696,0.05447816848754883,0.65234375,1,2
3,459,0.030495420796796683,0.03085702657699585,0.6953125,1,4
3,460,0.0,0.17390382289886475,0.21484375,1,2
3,461,0.0010541677474975586,0.0010541677474975586,0.96875,2,2
3,462,0.0742962572257966,0.12231409549713135,0.54296875,2,8
3,463,0.04024862777441741,0.04329264163970947,0.671875,1,1
3,464,0.042671508155763156,0.06913864612579346,0.546875,1,3
3,465,0.039801657199859626,0.07960331439971924,0.5,2,3
3,466,0.03268921375274658,0.03268921375274658,0.71875,1,2
3,467,0.04533019359223545,0.15370237827301025,0.41796875,3,6
3,468,0.051185036776587374,0.0594257116317749,0.64453125,1,3
3,469,0.04805938876233996,0.04911458492279053,0.69140625,1,3
3,470,0.03628240455873311,0.08405697345733643,0.47265625,1,1
3,471,0.0,0.11984086036682129,0.2890625,2,5
3,472,0.004830718040466309,0.004830718040466309,0.9375,2,3
3,473,0.036289145238697536,0.08407258987426758,0.47265625,1,1
3,474,0.012162401340901855,0.15188169479370117,0.33203125,2,6
3,475,0.03291243314743042,0.03291243314743042,0.8125,1,4
3,476,0.03704489185474814,0.08392471075057983,0.4765625,3,6
3,477,0.05557175120338798,0.06679046154022217,0.6328125,2,4
3,478,0.028421461582183838,0.028421461582183838,0.79296875,3,6
3,479,0.05500465887598694,0.06852161884307861,0.62109375,1,3
3,480,0.038005620590411134,0.10187894105911255,0.44921875,1,2
3,481,0.05133945832494647,0.06395572423934937,0.62109375,1,4
3,482,0.04328109975904227,0.08330798149108887,0.5078125,1,1
3,483,0.005703926086425781,0.005703926086425781,0.921875,1,1
3,484,0.0015767812728881836,0.0015767812728881836,0.95703125,1,1
3,485,2.384185791015625e-07,2.384185791015625e-07,1.0,1,0
3,486,0.042035511811263866,0.0794176459312439,0.51171875,2,3
3,487,0.05441976676229388,0.08170944452285767,0.56640625,1,2
3,488,0.04293172457255424,0.15589392185211182,0.41015625,2,3
3,489,0.055133008165285,0.09076559543609619,0.54296875,1,3
3,490,0.03628842486068607,0.08407092094421387,0.47265625,2,2
3,491,0.05677262926474214,0.07530462741851807,0.6015625,1,3
3,492,0.04629233828745783,0.08434760570526123,0.51953125,1,3
3,493,0.028249284718185674,0.15894103050231934,0.37109375,2,3
3,494,0.04752369388006628,0.07135522365570068,0.56640625,2,6
3,495,0.05119165219366551,0.0780063271522522,0.5625,1,2
3,496,0.0023267269134521484,0.0023267269134521484,0.96484375,1,0
3,497,0.029107272624969482,0.029107272624969482,0.71484375,1,4
3,498,0.03979471069760621,0.05347740650177002,0.59765625,1,3
3,499,0.03628397395368666,0.08406060934066772,0.47265625,1,1
3,500,0.05261008394882084,0.09418308734893799,0.5234375,2,4
3,501,0.01769888401031494,0.01769888401031494,0.83984375,1,2
3,502,0.00029702647589147514,0.1520775556564331,0.30078125,1,3
3,503,0.0,0.2269936203956604,0.22265625,1,4
3,504,0.01319199800491333,0.01319199800491333,0.828125,1,4
3,505,0.045201094821095474,0.07818567752838135,0.53125,2,4
3,506,0.038625845219939954,0.08039200305938721,0.4921875,2,3
3,507,0.049784314935095615,0.07261985540390015,0.57421875,1,3
3,508,0.0003466606140136719,0.0003466606140136719,0.984375,1,2
3,509,0.038282094290480025,0.07509744167327881,0.50390625,2,6
3,510,0.0453765488928184,0.07470351457595825,0.54296875,1,2
3,511,0.012313485145568848,0.012313485145568848,0.82421875,1,2
3,512,0.04337864927947522,0.09827375411987305,0.4765625,2,4
3,513,0.04110223893076182,0.04375123977661133,0.67578125,1,2
3,217,0.09498437354341151,0.21052813529968262,0.48046875,1,3
3,189,0.06273972801864149,0.09853601455688477,0.5546875,1,4
3,514,0.05210473015904427,0.05724811553955078,0.6640625,2,5
3,515,0.03778887353837491,0.10689449310302734,0.44140625,1,4
3,516,0.023433208465576172,0.023433208465576172,0.7421875,1,4
3,517,2.0802021026611328e-05,2.0802021026611328e-05,1.0,1,0
3,518,0.036032672505825765,0.08163154125213623,0.4765625,1,1
3,519,0.04417919274419547,0.05129194259643555,0.64453125,1,2
3,520,0.03605885803699495,0.19231390953063965,0.375,1,2
3,521,0.0,0.16865885257720947,0.2578125,1,2
3,522,0.04390838416293264,0.04824268817901611,0.6640625,2,4
3,523,0.04351523285731674,0.06731057167053223,0.55859375,1,3
3,524,0.10335243120789529,0.26998186111450195,0.453125,1,3
3,525,0.04885231656953694,0.2908416986465454,0.3671875,1,3
3,526,0.036288321949541576,0.08407068252563477,0.47265625,1,2
3,527,0.04502145666629077,0.07533001899719238,0.5390625,1,4
3,528,0.04935887688770891,0.07997387647628784,0.546875,2,3
3,529,0.0,0.17992770671844482,0.21484375,1,3
3,530,0.03784518758766354,0.1537836194038391,0.3984375,1,3
3,531,0.02070500981062651,0.09138762950897217,0.390625,3,5
3,532,0.03678237204439939,0.08332997560501099,0.4765625,1,2
3,533,0.0367058850824833,0.07639598846435547,0.4921875,2,3
3,534,0.04617619141936303,0.04626655578613281,0.69921875,1,2
3,535,0.014046311378479004,0.014046311378479004,0.83203125,1,3
3,536,0.04938942892476917,0.07103198766708374,0.578125,1,2
3,537,0.02448643930256367,0.15477848052978516,0.36328125,2,4
3,538,0.0466216178610921,0.08346247673034668,0.5234375,1,4
3,539,0.04814504622481764,0.06735044717788696,0.5859375,1,1
3,540,0.05158691736869515,0.05856430530548096,0.65234375,1,3
3,541,0.04893760418053717,0.07347816228866577,0.56640625,1,4
3,542,0.04795581847429276,0.05902254581451416,0.625,1,3
3,543,0.03535195067524911,0.08379721641540527,0.46875,1,1
3,544,0.0,0.17523550987243652,0.21484375,1,3
3,545,0.041329840198159225,0.07955217361450195,0.5078125,2,2
3,546,0.0529143367893994,0.10185015201568604,0.5078125,1,3
3,547,0.0,0.19522595405578613,0.25390625,1,4
3,548,0.0465064422460273,0.0698278546333313,0.56640625,1,3
3,549,0.06508954556193204,0.1006823182106018,0.55859375,2,6
3,550,0.046723760897293694,0.0722736120223999,0.55859375,1,3
3,551,0.044585466384887695,0.044585466384887695,0.72265625,2,4
3,552,0.0,0.17966127395629883,0.21484375,1,1
3,553,0.04343424830585719,0.0805736780166626,0.515625,1,2
3,554,0.054966455558314926,0.08767235279083252,0.55078125,1,3
3,555,0.0,0.18405097723007202,0.21484375,1,3
3,556,0.04410171951167286,0.05561596155166626,0.6171875,1,4
3,557,0.03711332380771638,0.08407974243164062,0.4765625,2,4
3,558,0.05447505600750447,0.0611649751663208,0.65625,1,4
3,559,0.04241307801567019,0.04291599988937378,0.6953125,1,3
3,560,0.04521693941205741,0.1071808934211731,0.46875,2,3
3,561,0.0,0.34262800216674805,0.1328125,1,3
3,562,0.040306769777089364,0.0775829553604126,0.5078125,1,2
3,563,0.0539447597693652,0.061927616596221924,0.6484375,1,3
3,564,0.04217965109273792,0.05594813823699951,0.6015625,2,5
3,565,0.046590759884566076,0.16918063163757324,0.41015625,1,3
3,566,0.03764066100120545,0.07528132200241089,0.5,1,1
3,567,0.018915128428488973,0.12742823362350464,0.359375,3,4
3,568,0.006359219551086426,0.006359219551086426,0.92578125,2,3
3,569,0.041826679254882045,0.11831635236740112,0.44140625,3,4
3,570,0.04074286704417319,0.06707507371902466,0.54296875,2,3
3,571,0.0338581003015861,0.12294572591781616,0.41015625,1,3
3,572,0.046924317255616195,0.08116638660430908,0.53125,2,4
3,573,0.049570466275326915,0.06329196691513062,0.61328125,1,3
3,574,0.011519568739458924,0.11564743518829346,0.33984375,2,4
3,575,0.05015878262929619,0.061000704765319824,0.62890625,1,2
3,576,0.03144631790928543,0.15189164876937866,0.3828125,2,4
3,577,0.04467663168907166,0.0691070556640625,0.55859375,1,3
3,578,0.036935033742338426,0.12122267484664917,0.421875,1,1
3,579,0.05871123890392483,0.06520640850067139,0.66015625,2,4
3,580,0.04007437406107784,0.04760575294494629,0.63671875,2,6
3,581,0.03408336639404297,0.03408336639404297,0.7890625,2,4
3,582,0.04522219300270081,0.09044438600540161,0.5,2,4
3,583,0.048892913153395064,0.060907959938049316,0.62109375,1,3
3,584,0.05142940906807781,0.06734490394592285,0.60546875,3,5
3,585,0.013787448406219482,0.013787448406219482,0.82421875,1,4
3,586,0.04217691672965885,0.04225945472717285,0.69921875,3,5
3,587,0.034694591537117965,0.08223903179168701,0.46875,1,3
3,588,0.04798496165312827,0.09788167476654053,0.49609375,1,4
4,462,0.08844348695129158,0.12372422218322754,0.5859375,2,8
4,549,0.059539575129747405,0.09962177276611328,0.5390625,2,6
4,589,0.008232712745666504,0.008232712745666504,0.828125,2,5
4,590,0.027648329734802246,0.027648329734802246,0.77734375,1,3
4,591,0.00043773651123046875,0.00043773651123046875,0.97265625,1,2
4,592,0.038747797720134265,0.08778262138366699,0.4765625,1,1
4,593,0.05995031667407603,0.08744889497756958,0.57421875,1,3
4,594,0.042029149830341346,0.07269906997680664,0.53125,2,2
4,595,0.0521989492699504,0.07507264614105225,0.578125,1,2
4,596,0.032623868901282556,0.08980333805084229,0.4453125,1,2
4,597,0.0,0.158349871635437,0.26953125,2,7
4,598,0.019199013710021973,0.019199013710021973,0.77734375,1,2
4,599,0.060099922353401794,0.09894263744354248,0.54296875,3,9
4,600,2.5153160095214844e-05,2.5153160095214844e-05,0.9921875,2,6
4,601,0.020431175013072792,0.12914520502090454,0.36328125,1,2
4,602,0.043444844428449876,0.047226667404174805,0.66796875,1,2
4,603,0.04950021812692285,0.0886157751083374,0.5234375,1,2
4,604,0.02533571398817003,0.0888485312461853,0.4140625,2,6
4,605,0.0601617218926549,0.06755000352859497,0.65625,1,3
4,606,0.03775512997526676,0.053547441959381104,0.58203125,1,1
4,607,0.04506747261621059,0.07188332080841064,0.55078125,2,4
4,608,0.02159428596496582,0.02159428596496582,0.70703125,1,1
4,609,0.047616039519198246,0.05405634641647339,0.65234375,1,2
4,610,0.052013514097779996,0.068992018699646,0.6015625,1,3
4,611,0.0,0.13740670680999756,0.26953125,1,2
4,612,0.02752828598022461,0.02752828598022461,0.71484375,2,5
4,613,0.04679402965120972,0.0900697112083435,0.5078125,1,2
4,614,0.04309963458217681,0.05643737316131592,0.60546875,2,4
4,615,0.040812371298670776,0.07436275482177734,0.51953125,1,3
4,616,2.4437904357910156e-05,2.4437904357910156e-05,0.9921875,1,0
4,617,0.0,0.14364206790924072,0.234375,1,3
4,618,5.245208740234375e-05,5.245208740234375e-05,0.984375,1,2
4,619,0.03657200140878559,0.14293789863586426,0.40234375,1,2
4,620,0.015382885932922363,0.015382885932922363,0.8203125,1,3
4,621,0.029478093609213833,0.08575445413589478,0.4375,3,7
4,622,0.037763042491860695,0.06644219160079956,0.52734375,1,2
4,623,0.05137337592896075,0.06727153062820435,0.60546875,1,1
4,624,0.0472048178780824,0.0741376280784607,0.5546875,1,1
4,625,0.02867037057876587,0.02867037057876587,0.7265625,1,2
4,626,0.06337436754256488,0.1374901533126831,0.484375,1,4
4,627,0.06992117827758194,0.07937836647033691,0.65234375,1,2
4,628,0.0,0.27660679817199707,0.18359375,1,3
4,629,0.026514530181884766,0.026514530181884766,0.72265625,2,5
4,630,0.05354515369981528,0.11616575717926025,0.484375,1,1
4,631,1.1920928955078125e-07,1.1920928955078125e-07,0.99609375,1,0
4,632,0.05337560176849365,0.05337560176849365,0.734375,1,3
4,633,0.049448198406025774,0.09009778499603271,0.51953125,1,3
4,634,0.04548984020948411,0.04695725440979004,0.6875,1,2
4,635,0.044780102558434016,0.07142496109008789,0.55078125,2,4
4,636,0.05569066316820682,0.06393188238143921,0.6484375,2,7
4,637,0.023905384819954637,0.15110564231872559,0.36328125,2,6
4,638,2.384185791015625e-07,2.384185791015625e-07,0.99609375,1,1
4,639,0.03464674018323422,0.047814369201660156,0.58984375,1,2
4,640,0.017882632557302717,0.1387258768081665,0.3515625,2,4
4,641,0.04940940183587373,0.08267194032669067,0.5390625,1,3
4,642,0.038996465038508184,0.14160418510437012,0.41015625,2,4
4,643,0.0005747079849243164,0.0005747079849243164,0.9609375,1,1
4,644,0.0671224598772824,0.11417508125305176,0.53515625,2,7
4,645,0.010243799071758989,0.10283970832824707,0.33984375,2,5
4,646,0.0591963486513123,0.07751542329788208,0.60546875,1,2
4,647,0.04313328908756376,0.06671977043151855,0.55859375,1,1
4,648,0.0020161867141723633,0.0020161867141723633,0.93359375,2,5
4,649,0.044968363596126444,0.08821380138397217,0.50390625,2,5
4,650,0.015841947868466384,0.1978311538696289,0.33203125,2,4
4,651,0.050705238245427615,0.06725668907165527,0.6015625,1,2
4,652,0.0,0.0,1.0,1,1
4,653,0.002479374408721924,0.002479374408721924,0.92578125,1,2
4,654,0.02478262968361378,0.16695666313171387,0.359375,2,7
4,655,0.041624456644058234,0.08324891328811646,0.5,1,3
4,656,0.042872302699834115,0.14536833763122559,0.41796875,2,5
4,657,0.046536227455362685,0.10542720556259155,0.4765625,1,3
4,658,0.04588729329407216,0.08512425422668457,0.515625,1,2
4,659,0.041868247557431466,0.05856978893280029,0.5859375,1,1
4,660,0.029278418049216277,0.1484212875366211,0.37890625,2,8
4,661,0.06418483983725311,0.08625364303588867,0.59765625,1,3
4,662,0.06155058206059039,0.13944202661514282,0.4765625,3,9
4,663,0.05697358679026366,0.129072904586792,0.4765625,2,4
4,664,0.04910983098670841,0.10654336214065552,0.484375,1,2
4,665,0.0521624074317515,0.11817324161529541,0.4765625,2,2
4,666,0.059833448380231864,0.17406094074249268,0.4375,1,3
4,524,0.0894396712537855,0.2530006170272827,0.44140625,1,3
4,217,0.07945756288245322,0.1974867582321167,0.4609375,1,3
4,667,0.05361179262399674,0.07300329208374023,0.59375,2,3
4,668,0.041680607013404376,0.06753313541412354,0.546875,1,4
4,669,0.04429275495931507,0.05142378807067871,0.64453125,1,4
4,670,0.042518577422015376,0.16617947816848755,0.40234375,1,1
4,671,0.055568445473909385,0.06525468826293945,0.640625,1,2
4,672,0.04086646693758667,0.09916412830352783,0.46484375,1,4
4,673,0.03933780442457647,0.11778336763381958,0.43359375,1,2
4,674,0.02984406985342503,0.0868191123008728,0.4375,1,2
4,675,0.052723552566021695,0.09438621997833252,0.5234375,2,5
4,676,0.04311104654334486,0.05949556827545166,0.58984375,1,3
4,677,0.03844297188334168,0.050991714000701904,0.6015625,1,3
4,678,0.061865840107202544,0.10023832321166992,0.546875,1,4
4,679,0.04005749244242907,0.05603671073913574,0.5859375,1,3
4,680,0.0891824495047331,0.3357456922531128,0.40625,1,2
4,681,0.04477922664955259,0.06264197826385498,0.5859375,1,3
4,682,0.03683307487517596,0.06832802295684814,0.515625,2,5
4,683,0.03128618909977377,0.1443110704421997,0.38671875,1,4
4,684,0.0,0.15635544061660767,0.23046875,1,2
4,685,0.05022435239516199,0.08543145656585693,0.53515625,1,4
4,686,0.03714569250587375,0.0486409068107605,0.60546875,1,4
4,687,0.06395321805030109,0.08165597915649414,0.61328125,1,3
4,688,0.04927948850672693,0.10469335317611694,0.48828125,3,5
4,689,0.0358142035547644,0.050100743770599365,0.5859375,1,2
4,690,0.04515917086973787,0.056949496269226074,0.6171875,1,3
4,691,0.041979955276474364,0.056414008140563965,0.59765625,2,4
4,692,0.0,0.15339338779449463,0.28515625,1,2
4,693,0.03875193465501071,0.08407199382781982,0.484375,2,3
4,694,0.012755274772644043,0.012755274772644043,0.83203125,3,5
4,695,0.028672218322753906,0.028672218322753906,0.734375,1,3
4,696,0.09892832580953838,0.23449677228927612,0.46875,1,2
4,697,0.033780156401917345,0.0839584469795227,0.4609375,1,2
4,698,0.036429800558835275,0.07146382331848145,0.50390625,1,2
4,699,0.04312674468383194,0.08147931098937988,0.51171875,1,2
4,700,0.046475876122713096,0.16298389434814453,0.4140625,1,1
4,701,0.0432371823117137,0.057350873947143555,0.6015625,2,3
4,702,0.02901157131418586,0.08948147296905518,0.4296875,1,2
4,703,0.02952658385038377,0.15747511386871338,0.375,2,3
4,704,0.020482169464230544,0.09893274307250977,0.3828125,2,4
4,705,0.04810488224029541,0.04810488224029541,0.72265625,2,3
4,706,0.015916664153337486,0.1455237865447998,0.34375,2,3
4,707,0.04531297646462918,0.12473249435424805,0.4453125,1,1
4,708,0.04868747503496707,0.08015429973602295,0.54296875,2,2
4,709,0.035563496872782714,0.08839082717895508,0.4609375,2,5
4,710,0.062205426045693464,0.08584684133529663,0.58984375,2,4
4,711,0.06087406119331719,0.10021710395812988,0.54296875,1,3
4,712,0.03400228871032596,0.08882230520248413,0.453125,2,3
4,713,0.0,0.2067255973815918,0.2734375,1,2
4,714,0.0,0.1858583688735962,0.20703125,1,3
4,715,0.0507410780992359,0.06027710437774658,0.63671875,1,3
4,716,0.04747497104108334,0.08211886882781982,0.53125,1,2
4,717,0.050471015274524696,0.06211817264556885,0.625,1,2
4,718,0.021575085003860302,0.2694254517555237,0.33203125,1,2
4,719,0.0497135752812028,0.06769508123397827,0.59375,1,1
4,720,0.04426817130297423,0.08363580703735352,0.51171875,1,2
4,721,0.0,0.20451503992080688,0.25,1,2
4,722,0.05295356828719378,0.05358147621154785,0.6953125,1,3
4,723,0.06239083863329143,0.06251293420791626,0.69921875,1,4
4,724,0.05624690116383136,0.06385457515716553,0.65234375,2,3
4,725,0.08080182701814921,0.3158056139945984,0.40234375,1,2
4,726,0.06020075688138605,0.14962518215179443,0.4609375,2,4
4,727,0.0465352013707161,0.10542488098144531,0.4765625,2,4
4,728,0.04554520547389985,0.06940221786499023,0.5625,1,3
4,729,0.03890422638505698,0.15808701515197754,0.3984375,1,2
4,730,0.053714220412075527,0.14031469821929932,0.453125,1,3
4,731,0.01648978143930436,0.18353843688964844,0.3359375,1,1
4,732,0.031087549170479182,0.03177011013031006,0.69140625,1,2
4,733,0.04996436904184521,0.059354424476623535,0.63671875,1,2
4,734,0.027468323707580566,0.027468323707580566,0.7109375,3,4
5,680,0.05633936938829722,0.335415780544281,0.3671875,1,2
5,462,0.08967987529467793,0.13081508874893188,0.57421875,2,8
5,735,0.046907845884561546,0.08113789558410645,0.53125,1,3
5,736,0.023177056107670072,0.16713595390319824,0.35546875,3,5
5,737,2.2649765014648438e-06,2.2649765014648438e-06,1.0,1,0
5,738,0.04610427841544152,0.06195640563964844,0.59765625,1,2
5,739,0.0,0.16217386722564697,0.28125,2,3
5,740,0.06208356237038971,0.06677895784378052,0.671875,1,3
5,741,0.05216484563425184,0.06744545698165894,0.609375,1,1
5,742,0.030583620071411133,0.030583620071411133,0.7890625,2,7
5,743,0.044249668717384345,0.06547927856445312,0.5703125,1,1
5,744,0.06533646327443422,0.15854156017303467,0.46484375,1,3
5,745,0.06666743452660741,0.15445125102996826,0.47265625,1,3
5,746,0.03779597626999021,0.08199805021286011,0.484375,1,1
5,747,0.044538812711834914,0.053530216217041016,0.6328125,1,1
5,748,0.03546619415283203,0.03546619415283203,0.74609375,2,2
5,749,0.0,0.15853732824325562,0.2890625,1,3
5,750,0.06153298169374467,0.11414813995361328,0.515625,3,9
5,751,0.09099475317634644,0.11335599422454834,0.62109375,2,7
5,752,0.00678709521889687,0.16547584533691406,0.31640625,2,6
5,753,0.04177901090588421,0.06272977590560913,0.56640625,1,3
5,754,0.04821805038955063,0.07458502054214478,0.55859375,1,3
5,755,0.0537391183897853,0.13356518745422363,0.4609375,2,6
5,756,0.0021755271591246184,0.1856449842453003,0.3046875,1,3
5,757,0.05865555536001922,0.10881030559539795,0.515625,1,2
5,758,0.05049953027628363,0.07931214570999146,0.5546875,3,8
5,759,0.0,0.1763858199119568,0.21484375,1,4
5,760,0.052506306208670146,0.11391198635101318,0.484375,1,4
5,761,0.0,0.17434024810791016,0.28515625,1,3
5,762,0.04562374949455262,0.06952190399169922,0.5625,2,3
5,763,0.03148670343216509,0.03154832124710083,0.69921875,2,6
5,764,1.1920928955078125e-07,1.1920928955078125e-07,1.0,2,5
5,765,0.026498531457036737,0.03341686725616455,0.6171875,2,5
5,766,0.03205084800720215,0.03205084800720215,0.73828125,1,3
5,767,5.328655242919922e-05,5.328655242919922e-05,1.0,1,0
5,768,0.0,0.14243698120117188,0.28125,3,8
5,769,0.045819831546396024,0.1167151927947998,0.45703125,1,3
5,770,0.07629967154935004,0.18963801860809326,0.4609375,1,2
5,771,0.007334331516176467,0.1788179874420166,0.31640625,1,1
5,772,0.03296008449979127,0.06465733051300049,0.50390625,1,2
5,773,0.014295782661065464,0.17852294445037842,0.33203125,2,5
5,774,0.01595601439476014,0.14588356018066406,0.34375,1,1
5,775,0.05304338783025742,0.11039924621582031,0.4921875,3,9
5,776,0.04040620848536492,0.09361076354980469,0.47265625,2,7
5,777,0.05212139803916217,0.10224580764770508,0.50390625,1,3
5,778,0.07153110229410233,0.0859716534614563,0.6328125,2,8
5,779,0.04987134551629425,0.07379806041717529,0.5703125,2,7
5,780,0.04808021849021316,0.08760523796081543,0.51953125,1,2
5,781,0.03493678569793701,0.03493678569793701,0.78125,1,3
5,782,0.049575072247535,0.07786023616790771,0.5546875,3,7
5,783,0.04232152085751296,0.06967401504516602,0.54296875,1,1
5,784,0.028561949729919434,0.028561949729919434,0.7265625,1,1
5,785,0.0,0.18346774578094482,0.22265625,1,2
5,786,0.03923657163977624,0.09520912170410156,0.46484375,1,2
5,787,0.0,0.18709450960159302,0.23828125,2,6
5,788,0.04921242222189904,0.07077741622924805,0.578125,1,3
5,789,0.028044162783771764,0.16696059703826904,0.3671875,1,3
5,790,0.019544482231140137,0.019544482231140137,0.81640625,1,1
5,791,0.027134483680129058,0.1197659969329834,0.390625,2,4
5,792,0.04748471081256867,0.0723576545715332,0.5625,1,1
5,793,0.022664546966552734,0.022664546966552734,0.828125,1,1
5,794,0.012215216411277657,0.12263119220733643,0.33984375,2,7
5,795,0.05221311235800386,0.06202578544616699,0.63671875,1,1
5,796,0.021747112274169922,0.021747112274169922,0.80859375,1,0
5,797,0.03624215652234853,0.15335524082183838,0.39453125,3,9
5,798,0.050068910466507084,0.0851670503616333,0.53515625,1,2
5,799,0.003740315325558191,0.17409467697143555,0.30859375,2,7
5,800,0.030041754245758057,0.030041754245758057,0.734375,2,7
5,696,0.08865671977400781,0.24404430389404297,0.4453125,1,2
5,524,0.061568874865770354,0.26052284240722656,0.39453125,1,3
5,801,0.0,0.2568153738975525,0.23828125,1,2
5,802,0.047657282091677196,0.09173130989074707,0.5078125,3,5
5,803,0.0,0.12723708152770996,0.29296875,1,3
5,804,0.04731609928421677,0.3412090539932251,0.35546875,1,2
5,805,0.04065975104458631,0.1589144468307495,0.40234375,1,1
5,806,0.043286263942718506,0.043286263942718506,0.7421875,1,3
5,807,0.021358947968110446,0.13500964641571045,0.36328125,2,4
5,808,0.005589172244071966,0.17885351181030273,0.3125,2,4
5,809,0.06130195013247431,0.1643277406692505,0.44921875,2,4
5,810,0.008812129497528076,0.008812129497528076,0.87109375,3,5
5,811,0.038688088534399874,0.15720874071121216,0.3984375,3,6
5,812,0.03763367503415794,0.053375184535980225,0.58203125,1,2
5,813,0.04554475820623339,0.11051619052886963,0.46484375,1,3
5,814,0.043512701988220215,0.043512701988220215,0.75,2,5
5,815,0.016776789445430047,0.14081501960754395,0.34765625,1,1
5,816,0.06238927366212011,0.06312906742095947,0.6953125,1,4
5,817,0.014566591009497648,0.13318026065826416,0.34375,1,2
5,818,0.04957025824114681,0.07030463218688965,0.58203125,2,3
5,819,0.02326290961354972,0.21268945932388306,0.34375,2,4
5,820,0.02238863706588745,0.02238863706588745,0.80859375,1,1
5,821,0.0,0.25461459159851074,0.1875,1,3
5,822,0.05082756280899049,0.10165512561798096,0.5,2,4
5,823,0.045054560527205474,0.051148414611816406,0.65234375,1,4
5,824,0.04460074461530895,0.07342630624771118,0.54296875,1,1
5,825,0.037115275859832764,0.037115275859832764,0.76953125,1,2
5,826,0.04677226557396353,0.06921213865280151,0.5703125,1,3
5,827,0.05761114601045848,0.11089062690734863,0.5078125,1,3
5,828,0.009886337444186214,0.14060568809509277,0.328125,2,4
5,829,0.05012249504216016,0.07994616031646729,0.55078125,1,3
5,830,0.03785886056721211,0.0964365005493164,0.45703125,2,4
5,831,0.039445720030926175,0.054437220096588135,0.58984375,3,7
5,832,0.033557649236172445,0.24199318885803223,0.35546875,1,4
5,833,0.04976754449307919,0.08756351470947266,0.52734375,3,5
5,834,0.008299207082018261,0.13707077503204346,0.32421875,1,1
5,835,0.007868239190429454,0.1918351650238037,0.31640625,2,4
5,836,0.04752512299455703,0.0713573694229126,0.56640625,1,1
5,837,0.0030578452860936566,0.14232879877090454,0.30859375,1,2
5,838,0.010881602764129639,0.010881602764129639,0.83984375,1,3
5,839,0.040070349001325674,0.07301074266433716,0.51953125,1,2
5,840,0.0,0.17175769805908203,0.28515625,1,1
5,841,0.05630755424499512,0.05630755424499512,0.703125,1,3
5,842,0.03119752649217845,0.2618546485900879,0.34765625,1,2
5,843,0.030219573527574543,0.08791148662567139,0.4375,1,2
5,844,0.027475191280245788,0.11164522171020508,0.3984375,2,4
5,845,0.04043175617698581,0.09366995096206665,0.47265625,1,0
5,846,0.0416093347594142,0.09862953424453735,0.46875,1,4
5,847,0.05486920149996878,0.09822738170623779,0.5234375,2,2
5,848,0.08832035982050003,0.21431291103363037,0.46484375,1,3
5,849,0.008785244543105369,0.21419262886047363,0.31640625,1,1
5,850,0.04543496947735549,0.07602190971374512,0.5390625,2,2
5,851,0.05044381599873305,0.06283998489379883,0.62109375,2,4
5,852,0.05870244139805437,0.06893497705459595,0.640625,1,2
5,853,0.050100978463888175,0.07205533981323242,0.578125,1,2
5,854,0.025845363736152652,0.1741161346435547,0.359375,1,2
5,855,0.04647676460444928,0.11016714572906494,0.46875,1,2
5,856,0.032308600144460804,0.08030098676681519,0.4609375,1,2
5,857,0.037314568762667484,0.17211765050888062,0.38671875,1,2
5,858,0.04013758711516858,0.3113703727722168,0.3515625,1,2
5,859,0.013318140059709554,0.18941354751586914,0.328125,2,3
5,860,0.050619000568985946,0.07713371515274048,0.5625,2,4
5,861,0.048913107253611095,0.05878758430480957,0.6328125,1,3
5,862,0.005699058994650846,0.1823698878288269,0.3125,1,2
5,863,0.04343041894026101,0.1053856611251831,0.46484375,2,6
5,864,0.058252792689017965,0.11005693674087524,0.51171875,2,3
5,865,0.0,0.15381145477294922,0.296875,2,3
5,866,0.011135220527648926,0.011135220527648926,0.86328125,1,1
5,867,0.03376889228820801,0.03376889228820801,0.703125,1,2
5,868,0.029729913454502835,0.2984650135040283,0.33984375,1,3
5,869,0.030368562787771232,0.11869239807128906,0.40234375,3,5
5,870,0.043190748430788524,0.29096925258636475,0.359375,1,2
5,871,0.04817159660160542,0.1689305305480957,0.4140625,2,3
5,872,0.03217801963910461,0.15542590618133545,0.3828125,1,3
5,873,0.00919726956635714,0.1308056116104126,0.328125,1,1
5,874,0.0,0.19869065284729004,0.203125,1,2
5,875,0.02449126867577434,0.17661309242248535,0.35546875,1,2
5,876,0.026569190435111533,0.24291831254959106,0.34375,1,3
5,877,0.05017466447316111,0.07761156558990479,0.55859375,1,3
5,878,0.04025078937411309,0.04781532287597656,0.63671875,3,8
5,879,0.042109670932404704,0.09755724668502808,0.47265625,3,6
5,880,0.04219089099206031,0.04685842990875244,0.66015625,1,1
6,696,0.08025107043795289,0.2552083730697632,0.42578125,1,2
6,848,0.0511722299270332,0.22586363554000854,0.390625,1,3
6,881,0.0,0.2654404044151306,0.07421875,1,4
6,882,0.052436776924878366,0.08363747596740723,0.55078125,2,4
6,883,0.018133699893951416,0.018133699893951416,0.80078125,2,3
6,884,0.043441525194793947,0.09041488170623779,0.4921875,1,3
6,885,0.041979877045378096,0.09304630756378174,0.48046875,2,5
6,886,0.0030499696731567383,0.0030499696731567383,0.91015625,1,1
6,887,0.021829605102539062,0.021829605102539062,0.76953125,2,3
6,888,0.04171562916599215,0.042210280895233154,0.6953125,2,4
6,889,0.04449939727783204,0.08899879455566406,0.5,2,1
6,890,0.00023215787950903508,0.11886483430862427,0.30078125,1,2
6,891,0.08112646127119662,0.22948479652404785,0.44140625,2,4
6,892,0.03675040940288455,0.11003631353378296,0.43359375,2,4
6,893,0.04430770874023438,0.08861541748046875,0.5,3,4
6,894,0.012593677849508827,0.15726739168167114,0.33203125,1,2
6,895,0.05230081081390381,0.05230081081390381,0.703125,1,1
6,896,0.04940885468386114,0.07418572902679443,0.56640625,1,3
6,897,0.04729359224438668,0.08044624328613281,0.53515625,1,1
6,898,0.04338774038478733,0.08850407600402832,0.49609375,1,2
6,899,0.02816090150736273,0.12989532947540283,0.38671875,2,2
6,900,0.036207497119903564,0.036207497119903564,0.7265625,1,3
6,901,0.05341062275692821,0.05458331108093262,0.69140625,1,2
6,902,0.022812306880950928,0.022812306880950928,0.73828125,1,2
6,903,0.0,0.18071722984313965,0.171875,1,3
6,904,0.03707384923473001,0.0993812084197998,0.44921875,1,3
6,905,0.04013597965240479,0.044097900390625,0.6640625,1,3
6,906,0.05455366941168905,0.06193232536315918,0.65234375,1,2
6,907,0.047514630947262056,0.08082222938537598,0.53515625,1,1
6,908,0.05525006353855134,0.06800007820129395,0.625,2,5
6,909,0.0,0.19132041931152344,0.2109375,1,1
6,910,0.04579995526000858,0.18610775470733643,0.3984375,1,1
6,911,0.04419637238606811,0.05190032720565796,0.640625,1,1
6,912,0.026549718342721466,0.17886126041412354,0.359375,1,1
6,913,2.3126602172851562e-05,2.3126602172851562e-05,0.98828125,1,1
6,914,0.06141607614699752,0.09221416711807251,0.56640625,1,2
6,915,0.04645457351580263,0.07772791385650635,0.5390625,2,2
6,916,0.027323404792696245,0.13197720050811768,0.3828125,1,2
6,917,0.04571019252762199,0.08636021614074707,0.51171875,2,3
6,918,0.05087471008300781,0.05087471008300781,0.7265625,2,4
6,919,0.04124014894478024,0.0955427885055542,0.47265625,2,4
6,920,0.012507259845733643,0.012507259845733643,0.8515625,1,2
6,921,0.04677818482741714,0.05139577388763428,0.6640625,1,1
6,922,0.0,0.12540090084075928,0.27734375,1,3
6,923,0.030606073327362544,0.14783310890197754,0.3828125,2,3
6,924,0.05024408118333668,0.06751960515975952,0.59765625,1,2
6,925,0.0589062748476863,0.07428574562072754,0.6171875,2,2
6,926,0.05563925963360817,0.06179457902908325,0.66015625,1,3
6,927,0.04481681645847858,0.06932389736175537,0.55859375,1,2
6,928,0.029713651631027467,0.2001761794090271,0.359375,1,2
6,929,0.0455390252172947,0.06939280033111572,0.5625,1,1
6,930,0.036376615287736065,0.10891711711883545,0.43359375,1,2
6,931,0.047055632225237794,0.15955287218093872,0.41796875,1,2
6,932,0.04755825200118125,0.06227576732635498,0.60546875,2,4
6,933,0.07076016068458559,0.09148788452148438,0.609375,1,3
6,934,0.04381936788558961,0.0876387357711792,0.5,1,1
6,935,0.0040847025811672245,0.13071048259735107,0.3125,1,3
6,936,0.0439831018447876,0.0439831018447876,0.70703125,1,3
6,937,0.009614273905754095,0.15879058837890625,0.32421875,1,1
6,938,0.062138513196259744,0.0783618688583374,0.6171875,1,2
6,939,0.00670391321182251,0.00670391321182251,0.87109375,1,0
6,940,0.017966032028198242,0.017966032028198242,0.8046875,1,1
6,941,0.03764480841346086,0.038471341133117676,0.69140625,1,1
6,942,0.04575954726897181,0.059920430183410645,0.60546875,1,1
6,943,0.05922384909354152,0.1139947772026062,0.5078125,2,4
6,944,0.031515001785010106,0.09720289707183838,0.4296875,1,2
6,945,0.04947727802209557,0.0841606855392456,0.53515625,1,2
6,946,0.022447787225246436,0.10842704772949219,0.3828125,2,5
6,947,0.05210057692602278,0.2931373119354248,0.37109375,1,2
6,948,0.0,0.2462984323501587,0.17578125,1,2
6,949,0.04659098573029042,0.10107874870300293,0.484375,1,2
6,950,0.05722921714186669,0.06720495223999023,0.640625,1,3
6,951,0.053682558936998255,0.06687462329864502,0.62109375,1,2
6,952,0.05165795423090459,0.09582924842834473,0.515625,1,4
6,953,0.0,0.15850341320037842,0.27734375,1,1
6,954,0.0,0.2705067992210388,0.296875,1,2
6,955,0.0722573467064649,0.21634948253631592,0.43359375,1,3
6,956,0.029356002807617188,0.029356002807617188,0.7109375,1,3
6,957,0.04385257605463267,0.08945226669311523,0.49609375,3,7
6,958,0.006934702396392822,0.006934702396392822,0.87109375,1,0
6,959,0.02534353733062744,0.02534353733062744,0.77734375,3,4
6,960,0.055030471645295634,0.09518784284591675,0.53125,3,4
6,961,0.0393702534493059,0.09121072292327881,0.47265625,2,3
6,962,0.045338620198890574,0.11001598834991455,0.46484375,1,3
6,963,0.046577031724154956,0.054695963859558105,0.640625,1,2
6,964,0.04643586231395603,0.0740659236907959,0.55078125,1,1
6,751,0.07097790017724039,0.10815680027008057,0.5625,2,7
6,462,0.07936237973626704,0.1265842318534851,0.55078125,2,8
6,965,2.4139881134033203e-05,2.4139881134033203e-05,0.98828125,2,6
6,966,0.0,0.1995018720626831,0.1640625,3,10
6,967,2.3126602172851562e-05,2.3126602172851562e-05,0.98828125,1,2
6,968,0.04458516836166382,0.04458516836166382,0.75,1,4
6,969,0.0379233310231939,0.11354821920394897,0.43359375,1,1
6,970,0.0020514726638793945,0.0020514726638793945,0.94921875,2,7
6,971,0.08671748230699451,0.31488901376724243,0.41015625,1,2
6,972,0.04185810894705356,0.050905823707580566,0.62890625,1,3
6,973,0.04348931554704905,0.1474604606628418,0.41796875,1,3
6,974,0.00012999773025512695,0.00012999773025512695,0.98828125,1,2
6,975,0.0,0.18748420476913452,0.29296875,3,9
6,976,0.06338264094665648,0.13465523719787598,0.48828125,1,2
6,977,0.021423935890197754,0.021423935890197754,0.76171875,1,4
6,978,0.0,0.22151577472686768,0.203125,2,4
6,979,0.0068329572677612305,0.0068329572677612305,0.84765625,2,7
6,980,0.0,0.1945018768310547,0.27734375,2,4
6,981,0.0,0.20211654901504517,0.25390625,2,7
6,982,0.026897140312939893,0.1601318120956421,0.3671875,2,7
6,983,0.05553846457041801,0.14887797832489014,0.44921875,2,7
6,984,0.09738725109491499,0.330213725566864,0.41796875,1,2
6,985,0.0,0.16329866647720337,0.296875,1,3
6,986,0.0,0.2644529342651367,0.2109375,1,2
6,987,0.000512540340423584,0.000512540340423584,0.96484375,1,1
6,988,0.03751567541621626,0.17304527759552002,0.38671875,1,1
6,989,0.09507932327687742,0.33342885971069336,0.4140625,1,2
6,990,0.061629371717572226,0.09985518455505371,0.546875,2,6
6,991,0.018344398587942127,0.12358331680297852,0.359375,2,7
6,992,0.03383443143684418,0.07838565111160278,0.47265625,2,3
6,993,0.00835573673248291,0.00835573673248291,0.91015625,3,9
6,994,0.0475422595627606,0.05713999271392822,0.6328125,1,4
6,995,2.3245811462402344e-05,2.3245811462402344e-05,0.98828125,3,9
6,996,0.04090669308789075,0.14854061603546143,0.41015625,2,8
6,997,0.0036206141812726907,0.1685231328010559,0.30859375,1,3
6,998,0.00010466575622558594,0.00010466575622558594,0.98046875,2,7
6,999,0.0798897861968726,0.09275186061859131,0.64453125,2,8
6,1000,0.05108332447707654,0.15295124053955078,0.43359375,2,6
6,1001,0.041577935218811035,0.041577935218811035,0.74609375,2,8
6,1002,0.048356467275880284,0.13678735494613647,0.44140625,1,3
6,1003,0.022298693656921387,0.022298693656921387,0.76953125,1,2
6,1004,0.042453229427337646,0.042453229427337646,0.7109375,2,7
6,1005,0.01209646463394165,0.01209646463394165,0.8359375,1,1
6,1006,0.04383253958076239,0.04435229301452637,0.6953125,2,8
6,1007,0.0549259320832789,0.06926620006561279,0.6171875,2,6
6,1008,2.3126602172851562e-05,2.3126602172851562e-05,0.98828125,1,2
6,1009,0.023089230060577393,0.023089230060577393,0.75,2,4
6,1010,0.03298086673021317,0.17589795589447021,0.375,1,1
6,1011,0.03515904396772385,0.15518474578857422,0.390625,3,8
6,1012,0.08094435464590789,0.10877561569213867,0.59765625,2,6
6,1013,0.049133962718769915,0.05577957630157471,0.65234375,4,9
6,1014,0.056016301736235626,0.15015888214111328,0.44921875,1,2
6,1015,0.023788867518305785,0.12059307098388672,0.37890625,2,4
6,1016,2.944469451904297e-05,2.944469451904297e-05,0.98828125,1,2
6,1017,0.0390035747550428,0.042853713035583496,0.6640625,1,1
6,1018,0.014524257509037857,0.14581215381622314,0.33984375,2,7
6,1019,0.050579477800056345,0.15144264698028564,0.43359375,1,2
6,1020,0.006778717041015625,0.006778717041015625,0.90234375,1,2
6,1021,0.023045565001666556,0.25650715827941895,0.3359375,3,9
6,1022,0.011689968872815377,0.19307303428649902,0.32421875,2,8
6,1023,0.010573744773864746,0.010573744773864746,0.83984375,1,3
6,1024,0.04145340621471406,0.09825992584228516,0.46875,1,3
6,1025,0.01770990993827582,0.16191917657852173,0.34375,3,7
6,1026,0.03384280204772949,0.03384280204772949,0.71875,1,2
7,989,0.02320403326302768,0.3300129175186157,0.328125,1,2
7,999,0.06979858840350063,0.0963258147239685,0.58984375,2,8
7,1027,0.0020972490310668945,0.0020972490310668945,0.90625,2,7
7,1028,0.03785311453975738,0.06897079944610596,0.51953125,1,2
7,1029,0.01562643051147461,0.01562643051147461,0.79296875,1,1
7,1030,0.018116116523742676,0.018116116523742676,0.73046875,2,7
7,1031,4.8160552978515625e-05,4.8160552978515625e-05,0.9765625,2,4
7,1032,0.004242300987243652,0.004242300987243652,0.89453125,2,3
7,1033,0.016877174377441406,0.016877174377441406,0.8515625,1,2
7,1034,0.05555260181427002,0.05555260181427002,0.70703125,1,2
7,1035,0.006835043430328369,0.006835043430328369,0.875,2,3
7,1036,9.98377799987793e-05,9.98377799987793e-05,0.98046875,1,1
7,1037,0.04341620951890946,0.1522541046142578,0.4140625,3,8
7,1038,0.03668713755905629,0.1490778923034668,0.3984375,2,7
7,1039,0.0,0.1490464210510254,0.2734375,2,3
7,1040,0.07252269983291626,0.07252269983291626,0.70703125,3,7
7,1041,0.03282525949180127,0.07780802249908447,0.46875,1,3
7,1042,0.0,0.19005584716796875,0.19140625,1,0
7,1043,0.02396188070997596,0.17279553413391113,0.35546875,1,1
7,1044,3.331899642944336e-05,3.331899642944336e-05,0.98046875,1,2
7,1045,0.015359103679656982,0.015359103679656982,0.828125,1,2
7,1046,0.06093864946160466,0.06918090581893921,0.65234375,2,8
7,1047,0.062142063863575465,0.1544501781463623,0.4609375,2,3
7,1048,0.029260337352752686,0.029260337352752686,0.796875,1,2
7,1049,0.029449666850268848,0.19839775562286377,0.359375,1,3
7,1050,0.0323061200324446,0.20420658588409424,0.36328125,3,6
7,1051,0.046659972984343774,0.10122841596603394,0.484375,2,9
7,1052,0.04676517331972719,0.05687355995178223,0.62890625,1,1
7,1053,0.033643221715465195,0.1314910650253296,0.40234375,1,2
7,1054,0.016405344009399414,0.016405344009399414,0.81640625,1,1
7,1055,0.05820785998366774,0.15603363513946533,0.44921875,2,4
7,1056,0.015243825386278336,0.19036191701889038,0.33203125,1,2
7,1057,0.0,0.17368125915527344,0.2890625,2,6
7,1058,6.198883056640625e-05,6.198883056640625e-05,0.98046875,1,0
7,1059,0.022860353346914063,0.2544456720352173,0.3359375,1,2
7,1060,0.05736660957336426,0.05736660957336426,0.703125,2,5
7,1061,0.047847747802734375,0.047847747802734375,0.73828125,2,2
7,1062,0.056597654242068536,0.15579569339752197,0.4453125,1,1
7,1063,0.040773078566417105,0.1038597822189331,0.45703125,2,6
7,1064,0.057298879837617285,0.15359699726104736,0.44921875,2,3
7,1065,0.029046720359474424,0.09237217903137207,0.42578125,2,3
7,1066,0.03979194955900312,0.13492369651794434,0.41796875,2,7
7,1067,0.033542890101671226,0.12627911567687988,0.40625,2,2
7,1068,0.0499921920709312,0.12425243854522705,0.4609375,2,8
7,1069,0.0,0.15474170446395874,0.26171875,1,2
7,1070,0.00972127914428711,0.00972127914428711,0.86328125,1,3
7,1071,0.056958857225254185,0.1526855230331421,0.44921875,1,2
7,1072,0.03648531436920166,0.03648531436920166,0.78125,2,5
7,1073,0.045809009694494314,0.1456783413887024,0.42578125,1,2
7,1074,0.04668978089466692,0.0971754789352417,0.4921875,3,8
7,1075,0.06342138501349838,0.14057034254074097,0.48046875,2,4
7,1076,0.051198994508013136,0.07065737247467041,0.58984375,1,2
7,1077,0.022692501544952393,0.022692501544952393,0.70703125,1,1
7,1078,0.00033980607986450195,0.00033980607986450195,0.9609375,1,1
7,1079,0.031813076930120594,0.10786950588226318,0.41796875,2,7
7,984,0.03217824082821609,0.3230443000793457,0.33984375,1,2
7,971,0.027772831963375225,0.309123694896698,0.3359375,1,2
7,1080,0.034356107236817486,0.09457165002822876,0.4453125,2,3
7,1081,0.024419307708740234,0.024419307708740234,0.73046875,2,6
7,1082,0.026418089866638184,0.026418089866638184,0.78515625,2,4
7,1083,0.007926312857307499,0.13091200590133667,0.32421875,1,1
7,1084,0.03157184505835176,0.1456286907196045,0.38671875,3,2
7,1085,0.06570476340129973,0.07542788982391357,0.6484375,1,3
7,1086,0.04071003734134138,0.046734392642974854,0.6484375,1,2
7,1087,0.05001622834242881,0.05678117275238037,0.65234375,1,2
7,1088,0.07639264734461905,0.09074950218200684,0.63671875,2,7
7,1089,0.0384462729562074,0.07400184869766235,0.5078125,3,6
7,1090,0.06124719232320786,0.07538115978240967,0.625,2,8
7,1091,0.04118456598371268,0.09993600845336914,0.46484375,1,2
7,1092,0.015961122931912552,0.2636159658432007,0.32421875,1,2
7,1093,0.009359097573906188,0.15457606315612793,0.32421875,2,3
7,1094,0.026941141812130816,0.15158092975616455,0.37109375,2,3
7,1095,0.03807990602217615,0.05634945631027222,0.5703125,2,5
7,1096,0.0,0.2214643359184265,0.28515625,1,2
7,1097,0.03910174174234272,0.04699552059173584,0.6328125,1,3
7,1098,2.3484230041503906e-05,2.3484230041503906e-05,0.984375,1,2
7,1099,0.0,0.20240914821624756,0.20703125,2,8
7,1100,0.0,0.27918291091918945,0.171875,1,2
7,1101,0.0,0.25083768367767334,0.2109375,1,2
7,1102,0.0,0.3374311923980713,0.1953125,2,4
7,1103,5.549192428588867e-05,5.549192428588867e-05,0.98046875,1,0
7,1104,0.006536960601806641,0.006536960601806641,0.87109375,1,1
7,1105,0.05568230920471252,0.11589163541793823,0.4921875,2,3
7,1106,0.038945741951465614,0.047933220863342285,0.625,3,4
7,1107,0.0,0.1981356143951416,0.19140625,2,1
7,1108,0.0,0.36069297790527344,0.25,1,3
7,1109,0.054265402723103776,0.1025235652923584,0.51171875,3,6
7,1110,0.038728270912542946,0.09625667333602905,0.4609375,2,5
7,1111,0.05133974552154541,0.05133974552154541,0.72265625,2,7
7,1112,0.06710248347371818,0.08786821365356445,0.60546875,2,4
7,1113,0.010384597117081291,0.20449668169021606,0.3203125,1,1
7,1114,0.0054885149002075195,0.0054885149002075195,0.91015625,2,5
7,1115,0.05481202935334296,0.06087583303451538,0.66015625,1,3
7,1116,0.03128892183303833,0.03128892183303833,0.71875,1,1
7,1117,0.022502948530018333,0.15159881114959717,0.359375,1,3
7,1118,0.012462377548217773,0.012462377548217773,0.82421875,1,1
7,1119,0.0394904362037778,0.08567416667938232,0.484375,2,1
7,1120,0.036022960674017675,0.08741116523742676,0.46484375,2,3
7,1121,0.0,0.2417389154434204,0.2421875,2,3
7,1122,0.03762827650643886,0.045761704444885254,0.62890625,2,4
7,1123,0.04606885672546924,0.0723535418510437,0.5546875,1,2
7,1124,0.0,0.19307494163513184,0.26171875,2,4
7,1125,0.03493087738752366,0.15417766571044922,0.390625,1,2
7,1126,0.005063705146312718,0.16203856468200684,0.3125,1,1
7,1127,2.7894973754882812e-05,2.7894973754882812e-05,0.984375,1,2
7,1128,0.03813414741307498,0.09039205312728882,0.46875,2,3
7,1129,0.007438302040100098,0.007438302040100098,0.8515625,2,6
7,1130,0.03507075272500516,0.11152935028076172,0.42578125,1,2
7,1131,0.04326827824115754,0.16289234161376953,0.40625,1,3
7,1132,0.0,0.2645559310913086,0.140625,3,5
7,1133,0.04885984025895596,0.0767369270324707,0.5546875,2,4
7,1134,0.0,0.17484450340270996,0.2578125,1,3
7,1135,0.04367865342646838,0.07685041427612305,0.52734375,1,2
7,1136,0.025140705518424518,0.19503092765808105,0.3515625,1,2
7,1137,0.047003393992781646,0.07162421941757202,0.5625,2,4
7,1138,0.04929031757637859,0.07400774955749512,0.56640625,1,2
7,1139,0.03558939695358277,0.0884552001953125,0.4609375,3,7
7,1140,0.03752419166266919,0.09105396270751953,0.46484375,2,4
7,1141,0.06678992696106435,0.09343290328979492,0.5859375,1,2
7,1142,0.05637410748749972,0.18502271175384521,0.421875,1,1
7,1143,0.0,0.23995840549468994,0.234375,2,3
7,1144,0.05639643291942776,0.08723556995391846,0.55859375,1,3
7,1145,0.04373319167643786,0.08112823963165283,0.515625,2,4
7,1146,0.06175051897298546,0.09849303960800171,0.55078125,1,2
7,1147,0.03706424566917122,0.08215105533599854,0.48046875,1,2
7,1148,0.047928357729688294,0.1680775284767151,0.4140625,1,1
7,1149,0.0010898709297180176,0.0010898709297180176,0.95703125,1,3
7,1150,0.0858103302307427,0.24273419380187988,0.44140625,1,2
7,1151,0.050921831279993064,0.06754398345947266,0.6015625,2,3
7,1152,0.04948494024574757,0.06922483444213867,0.5859375,1,2
7,1153,0.00837087631225586,0.00837087631225586,0.91015625,1,3
7,1154,0.0442607649601996,0.05581653118133545,0.6171875,1,2
7,1155,0.04395153373479844,0.05409419536590576,0.625,1,2
7,1156,0.011824389570392673,0.11870759725570679,0.33984375,2,4
7,1157,0.04698191606439651,0.058527350425720215,0.62109375,2,5
7,1158,0.027228474617004395,0.027228474617004395,0.703125,1,2
7,1159,0.044145979452878244,0.08660054206848145,0.50390625,1,1
7,1160,0.02161978464573622,0.14564907550811768,0.359375,1,1
7,1161,0.037521931808441884,0.0910484790802002,0.46484375,1,1
7,1162,0.036190365208312876,0.1083594560623169,0.43359375,3,7
7,1163,0.056909767910838134,0.14144563674926758,0.4609375,2,3
7,1164,0.03033536672592163,0.03033536672592163,0.703125,1,2
7,1165,0.007267908426001673,0.17719852924346924,0.31640625,1,1
7,1166,0.025878965854644775,0.025878965854644775,0.70703125,2,8
7,1167,0.0,0.24719476699829102,0.21875,1,2
7,1168,0.05100984196178616,0.05161470174789429,0.6953125,1,2
7,1169,0.08115757990162821,0.1969321370124817,0.46484375,1,3
7,1170,0.014827728271484382,0.1650390625,0.3359375,3,6
7,1171,0.03749081632122398,0.04972875118255615,0.6015625,1,1
7,1172,0.03747427836060525,0.09093284606933594,0.46484375,1,1
8,1169,0.04416923923417927,0.2037355899810791,0.38671875,1,3
8,1088,0.061869727214798345,0.09570181369781494,0.55859375,2,7
8,1173,0.02168389037251473,0.1047372817993164,0.3828125,2,7
8,1174,0.0361398890381679,0.08010226488113403,0.48046875,2,4
8,1175,0.017400670098140843,0.1460515260696411,0.34765625,1,3
8,1176,0.021838724613189697,0.021838724613189697,0.81640625,4,7
8,1177,0.0,0.15101087093353271,0.29296875,1,3
8,1178,0.037912096362560994,0.09903568029403687,0.453125,3,5
8,1179,0.034445526427589364,0.15888386964797974,0.38671875,2,3
8,1180,0.04891634406521917,0.05615508556365967,0.6484375,2,4
8,1181,0.028150879079476006,0.11002480983734131,0.40234375,2,7
8,1182,0.0,0.3040504455566406,0.2890625,1,2
8,1183,0.0,0.2558436393737793,0.2109375,1,2
8,1184,4.887580871582031e-05,4.887580871582031e-05,0.9765625,3,7
8,1185,0.0026549356989562576,0.2265545129776001,0.3046875,1,3
8,1186,0.04287527105771006,0.07293069362640381,0.53515625,1,2
8,1187,0.03152825427241624,0.159826397895813,0.37890625,1,1
8,1188,0.0,0.14969587326049805,0.26171875,1,3
8,1189,0.05364955100230874,0.10524356365203857,0.50390625,2,7
8,1190,2.5391578674316406e-05,2.5391578674316406e-05,0.98828125,1,0
8,1191,0.024960290174931295,0.12056291103363037,0.3828125,1,3
8,1192,0.0,0.16908520460128784,0.265625,1,2
8,1193,0.0,0.17172598838806152,0.28125,4,7
8,1194,0.0,0.24001991748809814,0.234375,3,7
8,1195,2.3603439331054688e-05,2.3603439331054688e-05,0.98828125,2,3
8,1196,0.046277937479317195,0.10969585180282593,0.46875,3,7
8,1197,0.03590174019336701,0.13515949249267578,0.40625,2,4
8,1198,0.04550764407031239,0.047453999519348145,0.68359375,3,4
8,1199,0.03796520596370102,0.10450637340545654,0.4453125,3,5
8,1200,0.025162342004477985,0.19519877433776855,0.3515625,1,3
8,1201,0.0005287261446937993,0.27070778608322144,0.30078125,1,2
8,1202,0.03873783466406167,0.11948055028915405,0.4296875,1,2
8,1203,0.046899986453354366,0.08700287342071533,0.515625,1,2
8,1204,0.009203358786180622,0.18123537302017212,0.3203125,1,1
8,1205,0.0,0.2603715658187866,0.2734375,2,8
8,1206,3.6597251892089844e-05,3.6597251892089844e-05,0.98828125,3,3
8,1207,0.0,0.19035708904266357,0.19921875,1,3
8,1208,0.03802300791721792,0.09685462713241577,0.45703125,2,8
8,1209,0.05400096345692874,0.0680997371673584,0.6171875,1,2
8,1210,0.03158530592918397,0.09741973876953125,0.4296875,2,7
8,1211,0.0,0.18624693155288696,0.2890625,4,8
8,1212,0.04549623420462013,0.06364500522613525,0.5859375,1,2
8,1213,0.0,0.29876190423965454,0.2265625,3,7
8,1214,0.03583572711795569,0.039373159408569336,0.6640625,1,2
8,1215,0.006390988826751709,0.006390988826751709,0.90625,2,7
8,1216,0.05852011358365418,0.09791600704193115,0.5390625,1,2
8,1217,0.0,0.19053786993026733,0.19921875,1,1
8,1218,0.06109458254650236,0.08786636590957642,0.578125,2,6
8,1219,0.038023358909413225,0.0968555212020874,0.45703125,2,7
8,1220,0.0,0.19876772165298462,0.19921875,3,5
8,1221,0.0002967069158330602,0.15191394090652466,0.30078125,1,1
8,1222,0.047690111445263035,0.10570275783538818,0.48046875,2,3
8,1223,0.042976689524948604,0.07075262069702148,0.54296875,2,4
8,1224,0.04068324202671648,0.08643078804016113,0.48828125,3,7
8,1225,0.02774075081106276,0.15607982873916626,0.37109375,3,7
8,1226,0.04399047605693341,0.0801534652709961,0.51953125,1,2
8,1227,0.04261329933069648,0.20583027601242065,0.3828125,1,3
8,1228,0.053424780024215586,0.05686795711517334,0.67578125,3,6
8,1229,0.05741662741638721,0.0901758074760437,0.5546875,2,6
8,1230,0.0,0.18616986274719238,0.19921875,1,0
8,1231,0.00011348724365234375,0.00011348724365234375,0.98046875,1,0
8,1232,0.02666079904884101,0.3329348564147949,0.33203125,1,2
8,1233,0.05048459768295288,0.05048459768295288,0.72265625,2,2
8,1234,0.029351811041124172,0.10658246278762817,0.41015625,1,2
8,1235,0.038023358909413225,0.0968555212020874,0.45703125,3,4
8,1236,0.03683878225274385,0.10140568017959595,0.4453125,2,4
8,1237,0.022613960551097996,0.10430943965911865,0.38671875,1,3
8,1238,0.010219367220997814,0.14534211158752441,0.328125,1,3
8,1239,0.028221893822774298,0.13017666339874268,0.38671875,3,7
8,1240,0.05449560214765371,0.09588229656219482,0.52734375,2,4
8,1241,0.04831649013794959,0.07588356733322144,0.5546875,1,3
8,1242,0.03497457504272461,0.03497457504272461,0.73828125,1,0
8,1243,0.017737467307597406,0.1974257230758667,0.3359375,2,3
8,1244,0.0,0.2004927396774292,0.19921875,1,2
8,1245,0.017229557037353516,0.017229557037353516,0.81640625,2,4
8,1246,0.050360644934698946,0.0756148099899292,0.56640625,1,3
8,1247,0.0,0.20048362016677856,0.19921875,2,1
8,1248,0.050057537388056524,0.054414987564086914,0.66796875,2,3
8,1249,0.04899282194674016,0.06948566436767578,0.58203125,1,3
8,1250,0.0,0.1604682207107544,0.25,2,6
8,1251,0.00938623538240791,0.22884535789489746,0.31640625,1,2
8,1252,0.045925464946776635,0.12991070747375488,0.44140625,2,2
8,1150,0.06352868210524322,0.24829530715942383,0.40234375,1,2
8,999,0.05878851586021484,0.0999990701675415,0.53515625,2,8
8,1253,2.4974346160888672e-05,2.4974346160888672e-05,0.98828125,2,4
8,1254,0.049036583863198764,0.07945168018341064,0.546875,1,2
8,1255,0.0361241982318461,0.15285611152648926,0.39453125,1,1
8,1256,0.0,0.18514728546142578,0.25390625,2,3
8,1257,2.47955322265625e-05,2.47955322265625e-05,0.98828125,1,1
8,1258,0.02601791778579355,0.11483770608901978,0.390625,2,6
8,1259,0.04778063553385437,0.0870593786239624,0.51953125,1,1
8,1260,0.036057328339666135,0.15914958715438843,0.390625,1,1
8,1261,0.0,0.13578760623931885,0.28125,1,1
8,1262,0.01957842288538814,0.15188109874725342,0.3515625,2,3
8,1263,0.04862037836574019,0.06056845188140869,0.62109375,3,7
8,1264,0.004421636462211613,0.14149236679077148,0.3125,1,3
8,1265,0.020998758263885982,0.19198864698410034,0.34375,1,1
8,1266,0.05444025818724186,0.08683305978775024,0.55078125,1,3
8,1267,0.040321288164705045,0.07346796989440918,0.51953125,2,3
8,1268,0.043736815452575684,0.043736815452575684,0.72265625,3,5
8,1269,0.0,0.2291964292526245,0.2109375,1,2
8,1270,0.0389439887367189,0.15220856666564941,0.40234375,1,2
8,1271,0.041233336320146925,0.1024828553199768,0.4609375,2,2
8,1272,0.0,0.1788700819015503,0.234375,2,3
8,1273,0.042575993807986386,0.08861345052719116,0.4921875,2,7
8,1274,0.012699625687673693,0.1413523554801941,0.3359375,2,5
8,1275,0.02047678618691862,0.1294335126876831,0.36328125,1,1
8,1276,0.01797020435333252,0.01797020435333252,0.83984375,2,7
8,1277,0.055185589240863926,0.06407034397125244,0.64453125,2,7
8,1278,0.03458853531628848,0.15954351425170898,0.38671875,2,5
8,1279,0.03396302810870112,0.15665829181671143,0.38671875,1,2
8,1280,0.0,0.18382734060287476,0.1875,1,3
8,1281,0.05400368385016919,0.06567668914794922,0.62890625,1,3
8,1282,0.05246420484036208,0.0724034309387207,0.58984375,2,9
8,1283,2.300739288330078e-05,2.300739288330078e-05,0.9921875,1,2
8,1284,0.051421563955955214,0.07720774412155151,0.56640625,2,3
8,1285,0.037209159228950746,0.09248101711273193,0.4609375,2,6
8,1286,0.035954684251919396,0.1521388292312622,0.39453125,2,2
8,1287,0.00045299530029296875,0.00045299530029296875,0.9609375,1,2
8,1288,0.0022153854370117188,0.0022153854370117188,0.94921875,2,5
8,1289,0.04033208242617548,0.050862133502960205,0.6171875,2,5
8,1290,0.055205691372975714,0.06961899995803833,0.6171875,2,7
8,1291,0.034470137790776796,0.05028122663497925,0.57421875,2,5
8,1292,0.006912286975421016,0.16852813959121704,0.31640625,2,6
8,1293,0.04888295591808856,0.11861646175384521,0.46484375,1,2
8,1294,0.0004118680953979492,0.0004118680953979492,0.96484375,1,2
8,1295,0.04344568587839604,0.06428956985473633,0.5703125,1,2
8,1296,0.04635799338575453,0.05039340257644653,0.66796875,1,1
8,1297,0.04276728630065918,0.04276728630065918,0.734375,1,4
8,1298,0.032101135933771736,0.13583290576934814,0.39453125,3,8
8,1299,0.03764495439827443,0.10362482070922852,0.4453125,3,4
8,1300,0.0,0.15759801864624023,0.2734375,2,2
8,1301,0.05043597263284028,0.052593111991882324,0.68359375,2,5
8,1302,0.039250294677913196,0.14776581525802612,0.40625,1,1
8,1303,2.8848648071289062e-05,2.8848648071289062e-05,0.98828125,2,2
8,1304,0.037083697505295284,0.15691614151000977,0.39453125,3,5
8,1305,2.574920654296875e-05,2.574920654296875e-05,0.98828125,2,1
8,1306,0.06458691833540799,0.07498526573181152,0.64453125,1,4
8,1307,0.0042452216148376465,0.0042452216148376465,0.89453125,1,1
8,1308,0.05155794974416495,0.0560460090637207,0.66796875,2,7
8,1309,0.04852036060765387,0.214158833026886,0.390625,1,2
8,1310,9.232759475708008e-05,9.232759475708008e-05,0.98046875,1,1
8,1311,0.03420896269381047,0.12878668308258057,0.40625,2,8
8,1312,0.03263432579115034,0.03624463081359863,0.66015625,1,2
8,1313,0.015245017479173848,0.2517886757850647,0.32421875,1,3
8,1314,0.05280026933178306,0.07386267185211182,0.5859375,2,7
8,1315,0.03396310051903129,0.14990609884262085,0.390625,2,8
8,1316,0.00018531084060668945,0.00018531084060668945,0.9765625,2,4
8,1317,0.03149758954532445,0.15967094898223877,0.37890625,2,2
8,1318,0.0037551522254943848,0.0037551522254943848,0.90625,2,3
9,1088,0.06138264457695187,0.08953821659088135,0.57421875,2,7
9,1218,0.06581654341425748,0.08618432283401489,0.60546875,2,6
9,1319,0.04748534597456456,0.07129764556884766,0.56640625,2,4
9,1320,0.05331562645733357,0.06723546981811523,0.6171875,2,7
9,1321,0.04611019184812904,0.10446202754974365,0.4765625,2,5
9,1322,0.05846518673934044,0.09625136852264404,0.54296875,2,5
9,1323,0.04680411610752345,0.051424264907836914,0.6640625,3,8
9,1324,0.033568431623280055,0.10353636741638184,0.4296875,1,2
9,1325,0.04954095394350589,0.07780665159225464,0.5546875,1,2
9,1326,0.04465011693537236,0.06421589851379395,0.578125,2,4
9,1327,0.030939808115363128,0.11647927761077881,0.40625,1,1
9,1328,0.04856774490326644,0.055754899978637695,0.6484375,1,3
9,1329,0.0473261489532888,0.0635983943939209,0.59765625,3,6
9,1330,0.05451725609600545,0.0632944107055664,0.64453125,2,8
9,1331,0.05938007822260262,0.10100531578063965,0.53515625,2,7
9,1332,0.04352481861133129,0.076579749584198,0.52734375,2,6
9,1333,0.03501472715288401,0.09904718399047852,0.44140625,1,1
9,1334,0.04678124887868763,0.056893110275268555,0.62890625,1,1
9,1335,0.04807054344564677,0.06545776128768921,0.59375,1,1
9,1336,0.04057325399480761,0.1214824914932251,0.43359375,1,2
9,1337,0.049941332777962096,0.08786928653717041,0.52734375,2,6
9,1338,0.04694892885163427,0.07985997200012207,0.53515625,1,1
9,1339,0.051744159311056144,0.06368511915206909,0.625,2,9
9,1340,0.03199448063969613,0.0694117546081543,0.484375,2,6
9,1341,0.0,0.16447120904922485,0.265625,1,2
9,1342,0.05448588286526502,0.06254881620407104,0.6484375,1,3
9,1343,0.04909135890193284,0.0659705400466919,0.59765625,1,1
9,1344,0.048735416145063944,0.06549221277236938,0.59765625,2,3
9,1345,0.0,0.13409507274627686,0.2265625,2,3
9,1346,0.0565582592971623,0.08369314670562744,0.5703125,2,7
9,1347,0.04768310301005841,0.08247888088226318,0.53125,2,6
9,1348,0.0474700452759862,0.07942700386047363,0.5390625,3,5
9,1349,0.05121510475873948,0.06380081176757812,0.62109375,2,4
9,1350,0.030988406389951713,0.13112449645996094,0.39453125,1,3
9,1351,0.051026573870331056,0.060616254806518555,0.63671875,2,6
9,1352,0.04436503583565355,0.05664563179016113,0.61328125,3,5
9,1353,0.05104026035405696,0.07140058279037476,0.5859375,1,2
9,1354,0.03832603571936489,0.10549962520599365,0.4453125,2,6
9,1355,0.04060349054634572,0.07815408706665039,0.5078125,2,5
9,1356,0.04512031888589264,0.04957425594329834,0.6640625,2,5
9,1357,0.04147957067470998,0.08461171388626099,0.49609375,1,2
9,1358,0.03726427978836001,0.08633172512054443,0.47265625,2,5
9,1359,0.05191835551522673,0.06467688083648682,0.62109375,1,3
9,1360,0.04829890280961991,0.06576871871948242,0.59375,2,3
9,1361,0.058434163453057415,0.06352078914642334,0.66796875,1,3
9,1362,0.03632899944204838,0.10276490449905396,0.44140625,2,4
9,1363,0.046534692985005684,0.05797022581100464,0.62109375,3,6
9,1364,0.048451842740178115,0.056252479553222656,0.64453125,1,2
9,1365,0.05111815407872201,0.07789433002471924,0.5625,1,2
9,1366,0.04055858461651952,0.0795632004737854,0.50390625,1,2
9,1367,0.013651728630065918,0.013651728630065918,0.84765625,1,1
9,1368,0.051834376528859145,0.05820000171661377,0.65625,1,2
9,1369,0.0,0.17700505256652832,0.25,1,2
9,1370,0.04574046330526472,0.06398665904998779,0.5859375,2,6
9,1371,0.051753746345639236,0.060775041580200195,0.640625,1,3
9,1372,0.05234713689424098,0.0890423059463501,0.53515625,2,7
9,1373,0.04015305452048779,0.0871117115020752,0.484375,1,3
9,1374,0.045731734484434135,0.0718240737915039,0.5546875,1,1
9,1375,0.03618377447128296,0.03618377447128296,0.71484375,1,3
9,1376,0.004805282223969705,0.2236640453338623,0.30859375,3,7
9,1377,0.037883758544921875,0.037883758544921875,0.72265625,1,1
9,1378,0.009863317012786865,0.009863317012786865,0.87109375,3,4
9,1379,0.040376356337219484,0.0686800479888916,0.53515625,1,2
9,1380,0.046140103600919254,0.07475864887237549,0.546875,2,7
9,1381,0.045212982222437866,0.08094072341918945,0.5234375,2,6
9,1382,0.06600679387338461,0.07330906391143799,0.66015625,1,2
9,1383,0.04683931078761817,0.05038177967071533,0.671875,2,6
9,1384,0.03224968910217285,0.03224968910217285,0.7265625,1,2
9,1385,0.01477697398513556,0.1351037621498108,0.34375,1,1
9,1386,0.047538365237414844,0.08661794662475586,0.51953125,2,5
9,1387,0.055602516978979125,0.09457969665527344,0.53515625,1,3
9,1388,0.040102039813064046,0.08888417482376099,0.48046875,2,4
9,1389,0.03988313209265471,0.04630422592163086,0.64453125,1,1
9,1390,0.0607430934906006,0.098419189453125,0.546875,2,3
9,1391,0.0,0.15528452396392822,0.25,2,3
9,1392,0.048483509919606156,0.06190413236618042,0.61328125,2,5
9,1393,0.034853290300816304,0.10435605049133301,0.43359375,2,7
9,1394,0.051718716043978936,0.05622076988220215,0.66796875,2,6
9,1395,0.05156123009510339,0.057265400886535645,0.66015625,2,5
9,1396,0.037389369215816266,0.08287167549133301,0.48046875,1,2
9,1306,0.05606477649416775,0.07534164190292358,0.59765625,1,4
9,1150,0.07163893338292839,0.2696995139122009,0.40625,1,2
9,1397,0.04946733126416803,0.05743145942687988,0.64453125,2,5
9,1398,0.06047712033614517,0.15031206607818604,0.4609375,1,2
9,1399,0.04724297602660955,0.1715489625930786,0.41015625,1,1
9,1400,0.051104983314871795,0.0573810338973999,0.65625,3,7
9,1401,0.0,0.19025862216949463,0.2890625,2,7
9,1402,0.036669679451733835,0.28446781635284424,0.3515625,2,4
9,1403,0.0451527968980372,0.08857560157775879,0.50390625,1,3
9,1404,0.050680850632488735,0.05339217185974121,0.6796875,2,3
9,1405,0.01505366410128773,0.15112698078155518,0.33984375,2,6
9,1406,0.0448305606842041,0.0448305606842041,0.71875,3,6
9,1407,0.04665392730385066,0.06709778308868408,0.578125,1,2
9,1408,0.009793281555175781,0.009793281555175781,0.80859375,1,2
9,1409,3.5762786865234375e-07,3.5762786865234375e-07,1.0,1,1
9,1410,0.04967948724515737,0.17421847581863403,0.4140625,1,2
9,1411,2.384185791015625e-07,2.384185791015625e-07,1.0,1,1
9,1412,0.04852261184714735,0.12359988689422607,0.45703125,2,4
9,1413,0.019681902602314953,0.13259387016296387,0.359375,1,1
9,1414,0.04268879629671574,0.09261298179626465,0.484375,1,3
9,1415,0.04137235879898071,0.04137235879898071,0.7265625,1,4
9,1416,0.0542103722691536,0.0608677864074707,0.65625,1,4
9,1417,0.013108964543789632,0.14590847492218018,0.3359375,1,3
9,1418,0.04899000946898014,0.06583434343338013,0.59765625,2,7
9,1419,0.05350254417862744,0.07005959749221802,0.60546875,2,3
9,1420,0.008911490440368652,0.008911490440368652,0.83984375,2,6
9,1421,0.03372699022293091,0.03372699022293091,0.72265625,2,7
9,1422,0.024884931626729674,0.12614935636520386,0.37890625,1,3
9,1423,0.02025875053368509,0.15715879201889038,0.3515625,1,1
9,1424,3.5762786865234375e-07,3.5762786865234375e-07,1.0,2,5
9,1425,0.03794611245393754,0.07740402221679688,0.49609375,1,2
9,1426,0.021863355999812487,0.1576625108718872,0.35546875,1,2
9,1427,0.05039856699295343,0.06772720813751221,0.59765625,2,7
9,1428,0.0,0.0,1.0,1,3
9,1429,0.03092051483690739,0.03899335861206055,0.6171875,2,8
9,1430,0.003126800060272217,0.003126800060272217,0.8828125,1,3
9,1431,1.1920928955078125e-07,1.1920928955078125e-07,1.0,4,8
9,1432,0.03112719068303705,0.10554385185241699,0.41796875,1,3
9,1433,0.03190697263926268,0.043447792530059814,0.59375,2,6
9,1434,0.04442631325218827,0.059701502323150635,0.59765625,1,2
9,1435,0.03696812724228949,0.08564561605453491,0.47265625,1,3
9,1436,0.024319052696228027,0.024319052696228027,0.7890625,2,4
9,1437,0.05284193716943265,0.08052104711532593,0.5625,3,8
9,1438,0.030857020523399118,0.03091740608215332,0.69921875,1,2
9,1439,2.2649765014648438e-05,2.2649765014648438e-05,0.9921875,2,2
9,1440,1.1920928955078125e-06,1.1920928955078125e-06,1.0,1,4
9,1441,0.04706113948486746,0.06008803844451904,0.61328125,1,3
9,1442,0.05885918415151537,0.09104502201080322,0.55859375,1,4
9,1443,0.0006766319274902344,0.0006766319274902344,0.953125,1,1
9,1444,0.0,0.22976762056350708,0.1484375,1,3
9,1445,0.052133353427052505,0.05853569507598877,0.65625,2,6
9,1446,0.01656818389892578,0.01656818389892578,0.8203125,1,3
9,1447,0.043156428728252656,0.06777942180633545,0.5546875,1,1
9,1448,0.05817608535289765,0.08864927291870117,0.5625,2,9
9,1449,0.04619952198117972,0.06462883949279785,0.5859375,2,6
9,1450,0.04680920206010342,0.06926679611206055,0.5703125,1,3
9,1451,0.013218879699707031,0.013218879699707031,0.8515625,1,3
9,1452,0.01949542760848999,0.01949542760848999,0.81640625,1,3
9,1453,0.03272449970245361,0.03272449970245361,0.7578125,1,4
9,1454,0.008227109909057617,0.008227109909057617,0.8125,2,4
9,1455,0.0529147144407034,0.07402276992797852,0.5859375,2,2
9,1456,3.415346145629883e-05,3.415346145629883e-05,0.99609375,1,3
9,1457,0.04878314514644445,0.16541039943695068,0.41796875,3,7
9,1458,0.026989004574716098,0.15185022354125977,0.37109375,1,1
9,1459,0.03169533004984261,0.2660329341888428,0.34765625,2,6
9,1460,0.051493522245436914,0.07511305809020996,0.57421875,1,4
9,1461,0.00012058019638061523,0.00012058019638061523,0.98046875,2,2
9,1462,0.04072409681975842,0.1654820442199707,0.3984375,2,7
9,1463,0.04646718548610807,0.06500327587127686,0.5859375,1,3
9,1464,0.04713532933965326,0.1711580753326416,0.41015625,1,2
10,1382,0.05002519511617721,0.07297122478485107,0.57421875,1,2
10,1218,0.05021319258958102,0.08989214897155762,0.5234375,2,6
10,1465,0.04099593847058714,0.10989487171173096,0.44921875,2,5
10,1466,0.044167887652292855,0.05070394277572632,0.6484375,1,2
10,1467,0.05809293733909727,0.07607054710388184,0.60546875,2,6
10,1468,0.0,0.16790592670440674,0.28125,2,6
10,1469,0.01572805643081665,0.01572805643081665,0.796875,2,5
10,1470,0.048454425297677524,0.06598049402236938,0.59375,2,5
10,1471,0.04192991880699993,0.07921814918518066,0.51171875,1,2
10,1472,0.03940117824822665,0.09128236770629883,0.47265625,2,4
10,1473,0.04774914332665504,0.06589639186859131,0.58984375,3,7
10,1474,0.05184215307235719,0.10368430614471436,0.5,2,4
10,1475,0.013903674669563775,0.1166996955871582,0.34765625,2,2
10,1476,0.04554854950401933,0.08299237489700317,0.51953125,2,6
10,1477,0.046438108664006,0.08614605665206909,0.515625,2,6
10,1478,0.0,0.2587125301361084,0.2265625,3,7
10,1479,0.04906267952173949,0.0501399040222168,0.69140625,1,1
10,1480,0.04648443823680282,0.060101091861724854,0.609375,2,5
10,1481,0.03351589804515243,0.08132767677307129,0.46484375,1,3
10,1482,0.04615098936483265,0.10012418031692505,0.484375,1,2
10,1483,0.022108880802989013,0.10679006576538086,0.3828125,1,2
10,1484,0.0398154256399721,0.09020131826400757,0.4765625,2,2
10,1485,0.05102512845769525,0.05991941690444946,0.640625,2,4
10,1486,0.005541367689147595,0.13510382175445557,0.31640625,3,7
10,1487,0.0341882142238319,0.07920527458190918,0.47265625,1,1
10,1488,0.0273590087890625,0.0273590087890625,0.7265625,1,2
10,1489,0.05395618127658964,0.08474099636077881,0.5546875,3,8
10,1490,0.003934216452762491,0.18311989307403564,0.30859375,2,8
10,1491,0.04500606039073319,0.08502990007400513,0.51171875,1,1
10,1492,0.02060067653656006,0.02060067653656006,0.79296875,1,2
10,1493,0.04667773749679328,0.07008504867553711,0.56640625,2,3
10,1494,0.04880839586257936,0.09761679172515869,0.5,2,7
10,1495,0.043495021294802434,0.09052622318267822,0.4921875,2,6
10,1496,0.02949999109841884,0.11529767513275146,0.40234375,2,3
10,1497,0.05853526282589883,0.0933646559715271,0.55078125,3,9
10,1498,0.0673995853867382,0.07825076580047607,0.64453125,2,7
10,1499,0.05155081860721112,0.05725383758544922,0.66015625,3,8
10,1500,0.04333166917786003,0.0901862382888794,0.4921875,2,5
10,1501,0.0037482082843780552,0.11994266510009766,0.3125,1,2
10,1502,0.037017703056335456,0.056407928466796875,0.5625,3,6
10,1503,0.04910905472934247,0.07956910133361816,0.546875,2,2
10,1504,0.040934021584689624,0.09702879190444946,0.46875,1,3
10,1505,0.0,0.18804484605789185,0.26171875,1,2
10,1506,0.00022923946380615234,0.00022923946380615234,0.97265625,2,3
10,1507,0.0160467007663101,0.11571705341339111,0.35546875,2,4
10,1508,0.04250720702111722,0.047209739685058594,0.66015625,1,1
10,1509,0.027191284578293572,0.16188299655914307,0.3671875,1,2
10,1510,0.003769850358366972,0.17546939849853516,0.30859375,1,2
10,1511,0.04419228830374778,0.14984405040740967,0.41796875,1,3
10,1512,0.03185578482225538,0.08768904209136963,0.4453125,1,2
10,1513,0.03389685903675855,0.1045493483543396,0.4296875,2,8
10,1514,0.04766410205047578,0.06577903032302856,0.58984375,1,2
10,1515,0.04819342098198832,0.1068183183670044,0.48046875,1,3
10,1516,0.05786378541961313,0.08321982622146606,0.578125,2,5
10,1517,0.027804344077594585,0.10867041349411011,0.40234375,3,8
10,1518,0.038351021474227316,0.08884942531585693,0.47265625,1,1
10,1519,0.04532584932167084,0.06428486108779907,0.58203125,1,2
10,1520,0.062435128842480495,0.09657639265060425,0.55859375,2,4
10,1521,0.001961372327059512,0.16737043857574463,0.3046875,1,2
10,1522,0.044984731124714024,0.05106914043426514,0.65234375,1,2
10,1523,0.05723815807141364,0.08853757381439209,0.55859375,2,5
10,1524,0.05669623753055931,0.0752032995223999,0.6015625,2,5
10,1525,0.04782724706456066,0.0634392499923706,0.6015625,2,2
10,1526,0.04728031402919442,0.0603678822517395,0.61328125,1,3
10,1527,0.05582875257823617,0.08904772996902466,0.55078125,1,3
10,1528,0.0,0.1717931032180786,0.2109375,1,1
10,1529,0.013955230358988052,0.11713242530822754,0.34765625,2,7
10,1530,0.047934045549482114,0.07891392707824707,0.54296875,3,7
10,1531,0.03793464391492308,0.1073068380355835,0.44140625,1,2
10,1532,0.048769851448014385,0.06075465679168701,0.62109375,1,3
10,1533,0.0036469697952270508,0.0036469697952270508,0.90234375,2,3
10,1534,0.021486730780452493,0.15494656562805176,0.35546875,1,3
10,1535,0.03565941564738751,0.14490175247192383,0.3984375,1,2
10,1536,0.02207203349098564,0.10661208629608154,0.3828125,1,1
10,1537,0.048464278690516956,0.06512784957885742,0.59765625,2,5
10,1538,0.001736760139465332,0.001736760139465332,0.9453125,1,2
10,1539,0.048779051634483046,0.08582431077957153,0.52734375,2,7
10,1540,0.04733717162162066,0.0627892017364502,0.6015625,2,7
10,1541,9.059906005859375e-06,9.059906005859375e-06,1.0,1,1
10,1542,0.05259338463656605,0.0826006531715393,0.5546875,2,7
10,1543,0.03095468739047647,0.0829780101776123,0.44921875,2,7
10,1544,0.045515764504671104,0.08760929107666016,0.5078125,1,2
10,1545,0.04774499707855285,0.06589066982269287,0.58984375,2,4
10,1546,0.050256039015948786,0.0985865592956543,0.50390625,2,5
10,1547,0.024426057352684445,0.10335654020309448,0.39453125,3,8
10,1548,0.051751771825365736,0.09777456521987915,0.51171875,2,7
10,1549,0.006968662142753607,0.22299718856811523,0.3125,2,8
10,1550,0.05154351610690356,0.06194901466369629,0.6328125,2,7
10,1551,0.047283158171921975,0.06271755695343018,0.6015625,1,3
10,1552,0.030122313648462302,0.11340165138244629,0.40625,2,5
10,1553,0.04718888155184687,0.06512320041656494,0.58984375,1,3
10,1150,0.10707759764045478,0.25381356477737427,0.46875,1,2
10,1442,0.06686886947136374,0.09754091501235962,0.57421875,1,4
10,1554,0.016425623791292313,0.11844956874847412,0.35546875,2,7
10,1555,0.038184033706784255,0.05733203887939453,0.56640625,1,2
10,1556,0.051066343206912286,0.05996781587600708,0.640625,2,5
10,1557,0.00960153341293335,0.00960153341293335,0.828125,1,4
10,1558,0.020525263971649114,0.1297399401664734,0.36328125,2,8
10,1559,0.029378890991210938,0.029378890991210938,0.703125,1,4
10,1560,0.0503685255534947,0.05718111991882324,0.65234375,2,2
10,1561,0.04545471398159862,0.04739880561828613,0.68359375,1,4
10,1562,0.05031802295707167,0.10264074802398682,0.49609375,1,3
10,1563,0.018414641730487354,0.1036076545715332,0.37109375,2,4
10,1564,0.02149200439453125,0.02149200439453125,0.74609375,2,3
10,1565,0.0010395050048828125,0.0010395050048828125,0.9453125,2,2
10,1566,0.020143333356827504,0.16907191276550293,0.34765625,1,1
10,1567,0.03802780620753766,0.09013998508453369,0.46875,2,2
10,1568,0.021058707730844624,0.10171753168106079,0.3828125,2,3
10,1569,0.0,0.33522433042526245,0.22265625,2,2
10,1570,0.049191406462341554,0.059824228286743164,0.62890625,2,8
10,1571,0.0006809234619140625,0.0006809234619140625,0.96484375,2,4
10,1572,0.030288378708064563,0.15354108810424805,0.37890625,1,2
10,1573,0.05170562863349915,0.060718536376953125,0.640625,1,1
10,1574,0.03686489560641349,0.06069076061248779,0.54296875,2,8
10,1575,0.04210315179079772,0.10724782943725586,0.45703125,2,8
10,1576,0.0002048015594482422,0.0002048015594482422,0.9609375,3,4
10,1577,0.04120955104008318,0.07377374172210693,0.5234375,2,9
10,1578,0.02638375759124756,0.02638375759124756,0.73046875,1,2
10,1579,0.05183917051181198,0.06087535619735718,0.640625,4,7
10,1580,0.0001430511474609375,0.0001430511474609375,0.97265625,1,4
10,1581,0.05901529570110143,0.06699740886688232,0.65234375,1,3
10,1582,6.735324859619141e-06,6.735324859619141e-06,1.0,1,2
10,1583,0.03749183844774962,0.06485074758529663,0.53125,1,3
10,1584,0.03673121589235962,0.04264485836029053,0.64453125,2,9
10,1585,0.045461959904059775,0.11580359935760498,0.45703125,1,4
10,1586,0.04958966095000506,0.05567961931228638,0.65625,1,2
10,1587,0.0,0.15514755249023438,0.25,1,4
10,1588,0.0008218288421630859,0.0008218288421630859,0.97265625,2,2
10,1589,0.031321492977440364,0.03516799211502075,0.65625,1,1
10,1590,0.01840972900390625,0.01840972900390625,0.7578125,1,4
10,1591,0.03359808796085418,0.08152711391448975,0.46484375,1,3
10,1592,0.03763812780380249,0.03763812780380249,0.703125,1,4
10,1593,0.03472615499049426,0.03548860549926758,0.69140625,1,3
10,1594,0.04098830022849143,0.0746833086013794,0.51953125,2,6
10,1595,0.053869906580075635,0.2730830907821655,0.37890625,1,3
10,1596,0.012673020362854004,0.012673020362854004,0.85546875,1,2
10,1597,0.04354062769562007,0.048357486724853516,0.66015625,1,1
10,1598,0.0417549170088023,0.08037036657333374,0.5078125,2,2
10,1599,0.05118760187178851,0.06011021137237549,0.640625,3,6
10,1600,0.000325433560647075,0.16662198305130005,0.30078125,2,9
10,1601,0.0,0.3247053027153015,0.2578125,2,4
10,1602,0.040246589109301574,0.06961572170257568,0.53125,1,2
10,1603,0.04093345813453198,0.06632256507873535,0.546875,2,2
10,1604,0.05211961478926242,0.06051075458526611,0.64453125,1,2
10,1605,0.039394665509462364,0.11143684387207031,0.44140625,1,2
10,1606,0.040841264650225646,0.09910297393798828,0.46484375,2,8
10,1607,0.0452049938030541,0.11235415935516357,0.4609375,1,1
10,1608,0.014010190963745117,0.014010190963745117,0.80078125,1,4
10,1609,0.029863548930734403,0.09801369905471802,0.421875,1,3
10,1610,0.0058242082595825195,0.0058242082595825195,0.8671875,1,1
11,1498,0.056723789311945445,0.0815802812576294,0.578125,2,7
11,1520,0.0639877561479807,0.09750515222549438,0.5625,2,4
11,1611,0.0035961284302175097,0.16738343238830566,0.30859375,2,6
11,1612,0.05457228503655643,0.08193844556808472,0.56640625,2,5
11,1613,0.03621593490242959,0.14154624938964844,0.40234375,2,5
11,1614,0.052471772767603404,0.058915674686431885,0.65625,3,7
11,1615,0.009091686923056844,0.12930399179458618,0.328125,3,9
11,1616,0.056003615260124213,0.06892752647399902,0.625,2,4
11,1617,0.043965403223410256,0.09150522947311401,0.4921875,2,4
11,1618,0.05215619783848525,0.07397222518920898,0.58203125,2,5
11,1619,0.032072127098217613,0.11247211694717407,0.4140625,1,2
11,1620,0.05417351180221886,0.07280009984970093,0.59765625,2,4
11,1621,0.043572158319875605,0.09871214628219604,0.4765625,2,4
11,1622,0.05054179020226003,0.0954885482788086,0.51171875,3,9
11,1623,0.03449709154665471,0.09495973587036133,0.4453125,3,5
11,1624,0.05025709420442582,0.0684351921081543,0.59375,2,6
11,1625,0.0364575325511396,0.041852593421936035,0.6484375,1,1
11,1626,5.960464477539062e-07,5.960464477539062e-07,1.0,2,3
11,1627,0.048055448802188046,0.09079110622406006,0.51171875,3,9
11,1628,0.029152393806725747,0.10223305225372314,0.4140625,3,8
11,1629,0.03672651387751103,0.11327695846557617,0.4296875,2,7
11,1630,0.04317592713050545,0.08469760417938232,0.50390625,2,5
11,1631,0.05833393929060549,0.07839101552963257,0.59765625,3,7
11,1632,0.050510986475273974,0.08056581020355225,0.55078125,3,7
11,1633,0.003660261631011963,0.003660261631011963,0.94140625,1,1
11,1634,0.05114450631663204,0.07568204402923584,0.5703125,2,3
11,1635,0.049328987952321775,0.06145119667053223,0.62109375,3,8
11,1636,0.04437377769500018,0.09626853466033936,0.484375,3,7
11,1637,0.04796469490975142,0.09982895851135254,0.4921875,2,4
11,1638,0.03941858559846879,0.08374404907226562,0.48828125,3,9
11,1639,0.03680401481688023,0.09147405624389648,0.4609375,2,5
11,1640,0.04607112193480135,0.08247697353363037,0.5234375,2,7
11,1641,0.029152393806725747,0.10223305225372314,0.4140625,3,5
11,1642,0.024061323143541816,0.16209733486175537,0.359375,1,2
11,1643,0.044452887959778316,0.07689148187637329,0.53125,1,2
11,1644,0.04605037951841951,0.09990590810775757,0.484375,4,8
11,1645,0.05610096151940525,0.07346212863922119,0.60546875,2,7
11,1646,0.04256824566982687,0.10580068826675415,0.4609375,4,11
11,1647,0.06150303035974504,0.10821151733398438,0.52734375,4,9
11,1648,0.029011797625571496,0.10174000263214111,0.4140625,2,4
11,1649,0.04982950212433935,0.06696248054504395,0.59765625,3,6
11,1650,0.03918715054169298,0.08501619100570679,0.484375,2,7
11,1651,0.015783607959747314,0.015783607959747314,0.84765625,2,5
11,1652,0.04394823126494885,0.044469356536865234,0.6953125,2,5
11,1653,0.05030419491231442,0.0755300521850586,0.56640625,1,2
11,1654,0.04727061744779349,0.06352376937866211,0.59765625,2,5
11,1655,0.05115816113539041,0.0757022500038147,0.5703125,2,5
11,1656,0.003148972988128662,0.003148972988128662,0.91015625,2,4
11,1657,0.05700576119124891,0.09860455989837646,0.53125,1,3
11,1658,0.054579280316829695,0.10505485534667969,0.5078125,2,5
11,1659,0.027353354729712016,0.09932565689086914,0.41015625,1,2
11,1660,0.05167825450189412,0.08242762088775635,0.55078125,1,1
11,1661,0.010603189468383789,0.010603189468383789,0.8359375,2,4
11,1662,0.0469806615728885,0.09216129779815674,0.50390625,3,6
11,1663,0.041428467957302935,0.08801400661468506,0.48828125,2,4
11,1664,0.038200165377929814,0.09730589389801025,0.45703125,1,2
11,1665,0.04943621344864369,0.0721120834350586,0.57421875,2,4
11,1666,0.04312157433014364,0.09557682275772095,0.48046875,1,3
11,1667,0.04715850530192257,0.08592581748962402,0.51953125,1,2
11,1668,0.00016075372695922852,0.00016075372695922852,0.98828125,4,8
11,1669,0.05129535158630461,0.0707903504371643,0.58984375,1,3
11,1670,0.0006302595138549805,0.0006302595138549805,0.96875,2,3
11,1671,0.05041300610173494,0.07569342851638794,0.56640625,2,5
11,1672,0.053499669418670244,0.10913079977035522,0.49609375,2,6
11,1673,0.0409341473132372,0.09702908992767334,0.46875,2,5
11,1674,0.051643314189277596,0.08237189054489136,0.55078125,2,3
11,1675,0.04946981626562775,0.07016217708587646,0.58203125,1,1
11,1676,0.0007104873657226562,0.0007104873657226562,0.96875,3,6
11,1677,0.02915252977982164,0.10223352909088135,0.4140625,1,2
11,1678,0.022933091968297962,0.1653766632080078,0.35546875,1,3
11,1679,0.028825259534642107,0.1010858416557312,0.4140625,2,6
11,1680,0.05267697793897242,0.08960336446762085,0.53515625,2,5
11,1681,0.056387678487226374,0.07781803607940674,0.58984375,1,2
11,1682,0.0404038904234767,0.11429166793823242,0.44140625,2,5
11,1683,0.05014680279418827,0.08977329730987549,0.5234375,3,6
11,1684,0.0,0.25514185428619385,0.1484375,2,5
11,1685,0.045591245521791286,0.07505697011947632,0.54296875,2,6
11,1686,0.060741410125046975,0.06399095058441162,0.6796875,3,6
11,1687,0.04605101339984686,0.10668832063674927,0.47265625,2,7
11,1688,0.042061388492584235,0.08412277698516846,0.5,1,0
11,1150,0.0869361908407882,0.2330436110496521,0.44921875,1,2
11,1442,0.05223861895501615,0.09690642356872559,0.515625,1,4
11,1689,0.021195312030613433,0.23591303825378418,0.3359375,1,2
11,1690,0.05385329131968321,0.09812414646148682,0.51953125,1,2
11,1691,0.0008056163787841797,0.0008056163787841797,0.96484375,1,1
11,1692,0.0006027817726135254,0.0006027817726135254,0.984375,1,2
11,1693,0.05269116698764265,0.05981791019439697,0.65234375,1,2
11,1694,0.052065432537347085,0.05910754203796387,0.65234375,2,4
11,1695,0.05378335341811181,0.05666065216064453,0.6796875,2,2
11,1696,0.046233852859586484,0.07735860347747803,0.5390625,1,3
11,1697,0.053405597805976875,0.05996417999267578,0.65625,2,4
11,1698,0.013303515501320369,0.14807391166687012,0.3359375,1,4
11,1699,2.4437904357910156e-06,2.4437904357910156e-06,1.0,1,1
11,1700,0.05135887116193772,0.059627532958984375,0.64453125,1,3
11,1701,0.03931030351668597,0.1536402702331543,0.40234375,1,1
11,1702,0.04752743605058641,0.06223541498184204,0.60546875,3,6
11,1703,0.01009058952331543,0.01009058952331543,0.86328125,1,2
11,1704,0.03365528583526612,0.10076904296875,0.43359375,1,2
11,1705,0.05210874776821584,0.059156715869903564,0.65234375,1,3
11,1706,0.03429583506658674,0.1125606894493103,0.421875,1,2
11,1707,0.04424137389287353,0.18720316886901855,0.39453125,1,3
11,1708,0.05395168624818326,0.059920310974121094,0.66015625,1,4
11,1709,0.007429599761962891,0.007429599761962891,0.9140625,3,7
11,1710,0.047715693712234504,0.05357551574707031,0.65625,2,3
11,1711,0.058810330927371986,0.06325817108154297,0.671875,1,3
11,1712,0.044559694360941655,0.09667187929153442,0.484375,4,7
11,1713,0.0,0.2137681245803833,0.2421875,3,5
11,1714,0.0318637804593891,0.11570394039154053,0.41015625,4,5
11,1715,0.012632310390472412,0.012632310390472412,0.859375,2,4
11,1716,0.056955942884087576,0.10021114349365234,0.52734375,5,7
11,1717,0.034407134749926634,0.248119056224823,0.35546875,1,2
11,1718,0.05059306183829904,0.06010127067565918,0.63671875,3,6
11,1719,1.1920928955078125e-07,1.1920928955078125e-07,1.0,1,1
11,1720,0.054330471204593785,0.0603410005569458,0.66015625,4,8
11,1721,0.015309810638427734,0.015309810638427734,0.80078125,1,3
11,1722,0.049690167419612415,0.07352995872497559,0.5703125,1,2
11,1723,0.05262088961899281,0.05908310413360596,0.65625,2,4
11,1724,0.035569813102483756,0.08431363105773926,0.46875,1,3
11,1725,0.0526864416897297,0.05981254577636719,0.65234375,1,1
11,1726,0.046868021134287126,0.106178879737854,0.4765625,1,4
11,1727,0.003481018124148255,0.1620255708694458,0.30859375,1,1
11,1728,0.05342449620366097,0.05998539924621582,0.65625,2,5
11,1729,0.047521421103738255,0.14228636026382446,0.43359375,1,3
11,1730,0.050750172114931054,0.05761438608169556,0.65234375,4,7
11,1731,1.0251998901367188e-05,1.0251998901367188e-05,0.99609375,1,1
11,1732,0.017931461334228516,0.017931461334228516,0.7734375,1,1
11,1733,0.05351848248392344,0.05943918228149414,0.66015625,2,4
11,1734,0.036969208274967975,0.041969478130340576,0.65234375,1,3
11,1735,0.038063012296333916,0.08436477184295654,0.48046875,1,2
11,1736,0.05273141339421273,0.05920720100402832,0.65625,2,2
11,1737,0.0396153423935175,0.04089325666427612,0.6875,1,3
11,1738,0.01863539218902588,0.01863539218902588,0.8203125,1,2
11,1739,0.05195560806896538,0.07368773221969604,0.58203125,1,3
11,1740,0.051140800584107644,0.0756765604019165,0.5703125,4,8
11,1741,0.0006462335586547852,0.0006462335586547852,0.984375,1,1
11,1742,0.005243504419922833,0.16779214143753052,0.3125,1,3
11,1743,0.05159122264012695,0.05856919288635254,0.65234375,4,7
11,1744,1.1920928955078125e-07,1.1920928955078125e-07,1.0,1,2
11,1745,0.02291560173034668,0.02291560173034668,0.76953125,1,1
11,1746,0.050758305704221136,0.058930277824401855,0.64453125,2,3
11,1747,0.0524362474679947,0.07140254974365234,0.59375,3,5
11,1748,0.05075590743217618,0.07004588842391968,0.58984375,1,3
11,1749,0.0003731250762939453,0.0003731250762939453,0.9765625,3,4
11,1750,0.029472143854945905,0.1151888370513916,0.40234375,1,3
11,1751,0.029637665487825877,0.1115770936012268,0.40625,2,4
11,1752,0.048704221844673164,0.050275325775146484,0.6875,2,4
11,1753,0.024723172187805176,0.024723172187805176,0.77734375,4,8
11,1754,0.06115050474181772,0.08111155033111572,0.6015625,1,3
11,1755,0.05741455731913448,0.08375000953674316,0.57421875,3,1
11,1756,0.00017958879470825195,0.00017958879470825195,0.98046875,1,1
12,1520,0.05204786360263825,0.09157562255859375,0.52734375,2,4
12,1647,0.05165945133194329,0.0994347333908081,0.5078125,4,9
12,1757,0.03844698891043664,0.06329536437988281,0.54296875,1,2
12,1758,0.024187529110349718,0.15288907289505005,0.36328125,2,3
12,1759,0.046856670640409,0.06738936901092529,0.578125,5,6
12,1760,0.04674149188213051,0.06916660070419312,0.5703125,1,3
12,1761,0.04582335450686515,0.08820134401321411,0.5078125,4,8
12,1762,0.05666565522551537,0.05969715118408203,0.6796875,2,6
12,1763,0.05822287360206247,0.06916499137878418,0.63671875,1,2
12,1764,0.05245100799947978,0.08776116371154785,0.5390625,5,7
12,1765,0.046618264750577516,0.05412369966506958,0.64453125,5,7
12,1766,0.040909261908382184,0.08691096305847168,0.48828125,1,1
12,1767,0.03830679506063462,0.09520912170410156,0.4609375,1,3
12,1768,0.049994238885119564,0.07397991418838501,0.5703125,2,3
12,1769,0.050006198929622776,0.05059915781021118,0.6953125,3,6
12,1770,0.0377208972349763,0.09153127670288086,0.46484375,2,3
12,1771,0.052616365486755974,0.05377161502838135,0.69140625,3,6
12,1772,0.018300533294677734,0.018300533294677734,0.80078125,3,4
12,1773,0.049163314164616174,0.054602205753326416,0.66015625,4,9
12,1774,0.03328720293939114,0.10925030708312988,0.421875,5,7
12,1775,0.03603507764637471,0.10193347930908203,0.44140625,1,2
12,1776,0.038572027813643224,0.07424390316009521,0.5078125,2,5
12,1777,0.0478473014663905,0.0763171911239624,0.55078125,1,3
12,1778,0.05961766233667732,0.15186190605163574,0.45703125,2,5
12,1779,0.02729939110577107,0.13186120986938477,0.3828125,3,5
12,1780,0.052333831787109375,0.052333831787109375,0.71484375,5,7
12,1781,0.03781165368855,0.08962762355804443,0.46875,2,4
12,1782,0.04123619524762035,0.08411526679992676,0.49609375,3,7
12,1783,0.02623273339122534,0.1658167839050293,0.36328125,3,6
12,1784,0.05553920008242131,0.05733078718185425,0.6875,3,4
12,1785,0.0577171458862722,0.057830095291137695,0.69921875,2,4
12,1786,0.042952010873705156,0.05102419853210449,0.63671875,2,1
12,1787,0.057487449375912554,0.06526291370391846,0.65234375,4,7
12,1788,0.057498884852975614,0.05818068981170654,0.6953125,4,8
12,1789,0.01774662733078003,0.01774662733078003,0.8203125,5,9
12,1790,0.037728364579379566,0.09154939651489258,0.46484375,1,1
12,1791,0.06458481587469579,0.06600284576416016,0.69140625,4,7
12,1792,0.04132051358465106,0.09158486127853394,0.48046875,4,7
12,1793,0.04457438364624978,0.06321907043457031,0.58203125,3,3
12,1794,0.0408763699233532,0.05566143989562988,0.59375,1,1
12,1795,0.04544953850563616,0.07482367753982544,0.54296875,1,2
12,1796,0.010415725642815237,0.17202746868133545,0.32421875,3,4
12,1797,0.011985575780272487,0.1006002426147461,0.34765625,4,9
12,1798,0.018567442893981934,0.018567442893981934,0.78515625,1,2
12,1799,0.027927063871175058,0.11348140239715576,0.3984375,1,1
12,1800,0.04468612559139729,0.07999753952026367,0.5234375,4,8
12,1801,0.054495001211762435,0.08829569816589355,0.546875,2,5
12,1802,0.06054203305393459,0.1083829402923584,0.5234375,2,7
12,1803,0.05364644527435303,0.05364644527435303,0.73046875,2,4
12,1804,0.03772949450649322,0.09155213832855225,0.46484375,3,8
12,1805,0.05290565313771368,0.0667184591293335,0.6171875,1,2
12,1806,0.027847892604768283,0.10112142562866211,0.41015625,4,8
12,1807,0.06215798296034337,0.06685900688171387,0.671875,2,6
12,1808,0.054596760892309255,0.08708268404006958,0.55078125,3,7
12,1809,0.03763703699223698,0.09132778644561768,0.46484375,2,4
12,1810,0.0005411505699157715,0.0005411505699157715,0.9765625,1,1
12,1811,0.04694164171814919,0.06946277618408203,0.5703125,2,3
12,1812,0.04682656261138619,0.06929248571395874,0.5703125,1,2
12,1813,0.05111444136127831,0.09838569164276123,0.5078125,4,9
12,1814,0.00457310676574707,0.00457310676574707,0.90625,3,6
12,1815,0.037729076924733825,0.09155112504959106,0.46484375,1,2
12,1816,0.03263245197013021,0.10710138082504272,0.421875,1,1
12,1817,0.05167775740846992,0.06767010688781738,0.60546875,3,6
12,1818,0.043920527212321765,0.08615827560424805,0.50390625,6,7
12,1819,0.0657058411743492,0.098655104637146,0.56640625,2,5
12,1820,0.04481232166290284,0.08962464332580566,0.5,2,3
12,1821,0.056360700167715556,0.057029008865356445,0.6953125,3,5
12,1822,0.05599854514002801,0.056662559509277344,0.6953125,2,4
12,1823,0.04383626393973828,0.10390818119049072,0.46875,2,6
12,1824,0.051748874131590135,0.07239186763763428,0.5859375,4,10
12,1825,0.04141178354620934,0.07413578033447266,0.5234375,1,2
12,1826,0.0,0.17385601997375488,0.296875,1,1
12,1827,0.05167370918206872,0.09415280818939209,0.51953125,2,6
12,1828,0.057678060838952674,0.10509312152862549,0.51953125,4,8
12,1829,0.04845110513269902,0.08106851577758789,0.5390625,3,7
12,1830,0.04802070814184845,0.07210147380828857,0.56640625,3,5
12,1831,0.04416007082909346,0.07043600082397461,0.55078125,1,2
12,1832,0.0005950927734375,0.0005950927734375,0.95703125,2,2
12,1833,0.008351564407348633,0.008351564407348633,0.8671875,2,3
12,1834,0.049024389591068036,0.06338506937026978,0.609375,2,6
12,1835,0.01905733346939087,0.01905733346939087,0.78125,3,5
12,1836,0.0481328433379531,0.07559514045715332,0.5546875,1,2
12,1837,0.0,0.17057490348815918,0.2734375,5,10
12,1838,0.03772561345249415,0.09154272079467773,0.46484375,5,7
12,1839,0.003601534990593796,0.16763508319854736,0.30859375,2,4
12,1840,0.05666035786271096,0.06578254699707031,0.64453125,1,2
12,1150,0.075002683326602,0.24616265296936035,0.421875,1,2
12,1754,0.06731136445887388,0.07395583391189575,0.6640625,1,3
12,1841,0.0026760101318359375,0.0026760101318359375,0.9296875,1,0
12,1842,0.011533870594576008,0.19049489498138428,0.32421875,2,3
12,1843,0.057910025119781494,0.057910025119781494,0.703125,1,3
12,1844,0.05648984236177058,0.057730138301849365,0.69140625,1,2
12,1845,0.03291678428649902,0.03291678428649902,0.7421875,1,3
12,1846,0.06919422699138524,0.14401400089263916,0.4921875,2,1
12,1847,0.044577518012374646,0.07980310916900635,0.5234375,3,1
12,1848,0.0570229827426374,0.05827498435974121,0.69140625,2,4
12,1849,0.057482387986965484,0.15408891439437866,0.44921875,2,4
12,1850,0.026562646729871638,0.1494513750076294,0.37109375,1,3
12,1851,0.00016427040100097656,0.00016427040100097656,0.98046875,1,2
12,1852,1.1920928955078125e-07,1.1920928955078125e-07,1.0,1,3
12,1853,0.037729076924733825,0.09155112504959106,0.46484375,3,2
12,1854,2.6226043701171875e-06,2.6226043701171875e-06,1.0,2,4
12,1855,0.04541235056240112,0.046409428119659424,0.69140625,3,1
12,1856,0.055802827700972564,0.06265580654144287,0.65625,1,3
12,1857,0.05305570363998413,0.05305570363998413,0.7109375,2,4
12,1858,4.76837158203125e-06,4.76837158203125e-06,1.0,1,1
12,1859,0.05158990691415966,0.06755506992340088,0.60546875,2,3
12,1860,0.051003472879529006,0.15731191635131836,0.4296875,2,4
12,1861,0.05699333047959954,0.16121870279312134,0.44140625,3,2
12,1862,0.05369572481140495,0.05836987495422363,0.66796875,1,3
12,1863,0.0030648112297058105,0.0030648112297058105,0.921875,2,0
12,1864,0.05588403157889844,0.056546688079833984,0.6953125,1,3
12,1865,0.010708034038543701,0.010708034038543701,0.859375,1,2
12,1866,0.040261806454509504,0.07749640941619873,0.5078125,3,2
12,1867,0.05789765494409949,0.15520209074020386,0.44921875,1,1
12,1868,0.037729076924733825,0.09155112504959106,0.46484375,1,0
12,1869,2.7418136596679688e-06,2.7418136596679688e-06,1.0,3,0
12,1870,4.315376281738281e-05,4.315376281738281e-05,1.0,3,1
12,1871,0.0,0.19388681650161743,0.234375,3,1
12,1872,8.344650268554688e-07,8.344650268554688e-07,1.0,1,0
12,1873,0.0,0.17145508527755737,0.234375,1,1
12,1874,0.057172250235453255,0.057850182056427,0.6953125,1,2
12,1875,0.05423186346888543,0.14928340911865234,0.4453125,1,2
12,1876,0.05729882465675474,0.05741095542907715,0.69921875,2,3
12,1877,0.05580235505476595,0.061975717544555664,0.66015625,4,4
12,1878,0.0570725582074374,0.05832564830780029,0.69140625,2,5
12,1879,0.05705762724392117,0.05831038951873779,0.69140625,2,2
12,1880,0.05698495544493199,0.058236122131347656,0.69140625,2,4
12,1881,0.057463658973574645,0.05814504623413086,0.6953125,2,4
12,1882,0.0013893842697143555,0.0013893842697143555,0.9453125,2,3
12,1883,0.05754436040297151,0.058226704597473145,0.6953125,2,5
12,1884,0.04214097862131894,0.05249679088592529,0.62109375,1,1
12,1885,0.037729076924733825,0.09155112504959106,0.46484375,1,0
12,1886,8.344650268554688e-07,8.344650268554688e-07,1.0,1,2
12,1887,0.014808893203735352,0.014808893203735352,0.80078125,1,1
12,1888,0.0,0.19627046585083008,0.23828125,1,2
12,1889,0.030073280446231372,0.14525961875915527,0.3828125,3,4
12,1890,0.04936426877975464,0.04936426877975464,0.7109375,2,2
12,1891,0.055505352094769485,0.16147011518478394,0.4375,1,1
12,1892,0.04004936059936882,0.12352573871612549,0.4296875,1,2
12,1893,0.057632389012724175,0.11093151569366455,0.5078125,2,4
12,1894,0.056070587364956744,0.056735455989837646,0.6953125,2,4
12,1895,1.7285346984863281e-06,1.7285346984863281e-06,1.0,1,1
12,1896,0.05677492823451758,0.05744814872741699,0.6953125,2,3
12,1897,0.04351973533630371,0.04351973533630371,0.76171875,2,4
12,1898,0.01629042625427246,0.01629042625427246,0.80078125,1,3
12,1899,0.05547459796071053,0.16138064861297607,0.4375,1,2
12,1900,0.0073583126068115234,0.0073583126068115234,0.87109375,1,1
12,1901,2.562999725341797e-06,2.562999725341797e-06,1.0,2,3
12,1902,0.036323568318039186,0.14760053157806396,0.3984375,1,3
13,1819,0.04672384646255524,0.10824710130691528,0.47265625,2,5
13,1807,0.05768991122022272,0.07186675071716309,0.62109375,2,6
13,1903,0.03892138204537333,0.07635152339935303,0.50390625,3,7
13,1904,2.980232238769531e-07,2.980232238769531e-07,1.0,1,2
13,1905,0.03919978067278863,0.1140357255935669,0.4375,2,4
13,1906,0.01280510425567627,0.01280510425567627,0.83984375,2,6
13,1907,0.04123351711314172,0.16115695238113403,0.40234375,2,6
13,1908,0.034092562738806016,0.10515296459197998,0.4296875,2,5
13,1909,0.0,0.2565883994102478,0.265625,3,4
13,1910,0.038912692107260234,0.07633447647094727,0.50390625,2,3
13,1911,0.0569706428796053,0.08430337905883789,0.5703125,2,4
13,1912,0.022945187753066427,0.11631619930267334,0.37890625,4,7
13,1913,0.05888516223058106,0.10360550880432129,0.52734375,4,7
13,1914,0.03815995948389173,0.07942235469818115,0.4921875,2,5
13,1915,0.04872700525447727,0.050811052322387695,0.68359375,5,7
13,1916,0.04772336315363646,0.11312204599380493,0.46875,5,5
13,1917,0.0,0.2096492052078247,0.19140625,2,3
13,1918,0.027783651603385813,0.11289864778518677,0.3984375,2,6
13,1919,0.006129801273345947,0.006129801273345947,0.90234375,2,5
13,1920,0.043594417627900846,0.06269758939743042,0.578125,1,1
13,1921,0.05320797953754664,0.08759641647338867,0.54296875,2,6
13,1922,0.0,0.18350762128829956,0.23828125,3,7
13,1923,0.030471564037725336,0.11909496784210205,0.40234375,3,5
13,1924,0.04734416096471251,0.07551467418670654,0.55078125,2,3
13,1925,0.04798188828863205,0.09412539005279541,0.50390625,2,6
13,1926,0.04107453092001379,0.07484042644500732,0.51953125,1,1
13,1927,0.03634982253424824,0.09744036197662354,0.44921875,4,8
13,1928,0.05601126095280052,0.08288371562957764,0.5703125,1,1
13,1929,0.03605006262660027,0.09923458099365234,0.4453125,1,2
13,1930,0.0,0.2096492052078247,0.19140625,1,1
13,1931,0.023635167628526695,0.11981391906738281,0.37890625,2,5
13,1932,0.05413121497258545,0.09207701683044434,0.53515625,2,6
13,1933,0.00044161011464894447,0.22610437870025635,0.30078125,2,4
13,1934,0.03973489999771119,0.08620452880859375,0.484375,1,1
13,1935,0.052437704056501395,0.07873344421386719,0.56640625,1,2
13,1936,0.02779607474803925,0.1872577667236328,0.359375,2,7
13,1937,0.05601203255355359,0.08055663108825684,0.578125,2,6
13,1938,0.0,0.20964759588241577,0.19140625,2,3
13,1939,0.04767069150693715,0.11567485332489014,0.46484375,2,6
13,1940,0.04193839151412249,0.09940952062606812,0.46875,2,5
13,1941,0.0341486930847168,0.0341486930847168,0.734375,1,2
13,1942,0.021096811629831798,0.12559962272644043,0.3671875,3,6
13,1943,0.0471651228144765,0.11444807052612305,0.46484375,2,5
13,1944,0.04554573842324317,0.052878499031066895,0.64453125,1,2
13,1945,0.027779870666563514,0.09117496013641357,0.421875,1,1
13,1946,0.027320504188537598,0.027320504188537598,0.77734375,2,4
13,1947,0.04782688384875656,0.06183677911758423,0.609375,1,2
13,1948,0.051389445085078485,0.06249737739562988,0.62890625,2,4
13,1949,0.051786468713544316,0.11001938581466675,0.48828125,3,7
13,1950,0.02436165092512966,0.11767137050628662,0.3828125,2,5
13,1951,0.03892311395611615,0.07635492086410522,0.50390625,1,1
13,1952,0.014814371126703923,0.12434357404708862,0.34765625,2,5
13,1953,0.06669208966195585,0.08733081817626953,0.60546875,4,9
13,1954,0.0524530588882044,0.12727946043014526,0.46484375,1,1
13,1955,0.05097052082419396,0.1482778787612915,0.4375,2,5
13,1956,0.049153208732604994,0.09830641746520996,0.5,4,9
13,1957,0.04188994551077486,0.10942679643630981,0.453125,4,9
13,1958,0.0494194831699133,0.05315709114074707,0.671875,3,6
13,1959,0.05129129765555263,0.06803405284881592,0.6015625,2,4
13,1960,0.053230255842208876,0.10646051168441772,0.5,2,3
13,1961,0.03447153861634434,0.1590038537979126,0.38671875,3,4
13,1962,0.005214639008045201,0.1668684482574463,0.3125,4,7
13,1963,0.036222141818143434,0.14157050848007202,0.40234375,3,6
13,1964,0.033278814051300294,0.12084221839904785,0.41015625,2,4
13,1965,0.05825038999319078,0.09438037872314453,0.546875,3,7
13,1966,0.05609323270618916,0.06229877471923828,0.66015625,2,5
13,1967,0.03892423817887903,0.07635712623596191,0.50390625,2,5
13,1968,0.058594714617356665,0.06802833080291748,0.64453125,2,5
13,1969,0.0033961138688027906,0.15807366371154785,0.30859375,2,4
13,1970,0.05797727499157191,0.06808340549468994,0.640625,1,3
13,1971,0.043585702311247594,0.09660553932189941,0.48046875,2,4
13,1972,0.0,0.23150640726089478,0.26171875,3,5
13,1973,0.029152829432860027,0.1640247106552124,0.37109375,2,6
13,1974,0.02423538779839874,0.11706149578094482,0.3828125,5,8
13,1975,0.040975995361804976,0.21853864192962646,0.375,4,8
13,1976,0.0483180528972298,0.05609714984893799,0.64453125,2,4
13,1977,0.025097733363509185,0.12122678756713867,0.3828125,1,2
13,1978,0.04707757243886591,0.08733230829238892,0.515625,2,4
13,1979,0.04240423673763872,0.0786629319190979,0.515625,4,8
13,1980,0.0,0.1826493740081787,0.23828125,2,4
13,1981,0.05061672604642809,0.10753428936004639,0.48828125,1,2
13,1150,0.09809293539728971,0.24986857175827026,0.45703125,1,2
13,1846,0.05385871953330935,0.1523517370223999,0.44140625,2,1
13,1982,0.011207401752471924,0.011207401752471924,0.82421875,4,6
13,1983,0.04881539102643729,0.07786130905151367,0.55078125,1,2
13,1984,0.04689978156238795,0.052088260650634766,0.66015625,1,1
13,1985,0.056502280756831176,0.06344115734100342,0.65625,1,3
13,1986,0.05782165518030525,0.063529372215271,0.6640625,5,9
13,1987,1.1920928955078125e-07,1.1920928955078125e-07,1.0,1,2
13,1988,0.00998147111386061,0.12464666366577148,0.33203125,1,0
13,1989,0.05178378615528346,0.16995704174041748,0.421875,1,1
13,1990,0.06214490532875062,0.06684494018554688,0.671875,2,5
13,1991,0.02049871254712344,0.20579099655151367,0.33984375,1,1
13,1992,0.04958561318926514,0.05067431926727295,0.69140625,1,1
13,1993,0.05237155559007079,0.05574685335159302,0.67578125,3,5
13,1994,0.020200535422191027,0.12768733501434326,0.36328125,1,1
13,1995,0.0001315474510192871,0.0001315474510192871,0.99609375,2,3
13,1996,0.02343955985270441,0.1818341612815857,0.3515625,2,3
13,1997,0.05681739561259747,0.06379497051239014,0.65625,1,1
13,1998,0.050158240017481155,0.17007297277450562,0.41796875,2,1
13,1999,0.057755253743380315,0.06345641613006592,0.6640625,4,6
13,2000,0.04989626212045551,0.07491755485534668,0.56640625,1,3
13,2001,0.04190072300843895,0.07634580135345459,0.51953125,4,8
13,2002,0.0,0.0,1.0,2,2
13,2003,0.056154130958020694,0.1466883420944214,0.453125,1,1
13,2004,0.0038399696350097656,0.0038399696350097656,0.953125,1,1
13,2005,0.04476953018456698,0.07490849494934082,0.5390625,3,5
13,2006,0.03113502776250244,0.1265169382095337,0.3984375,1,2
13,2007,0.018391013145446777,0.018391013145446777,0.83984375,2,2
13,2008,0.059662714600563056,0.07006263732910156,0.640625,5,7
13,2009,0.06445863854605706,0.08662158250808716,0.59765625,3,5
13,2010,0.008816838264465332,0.008816838264465332,0.92578125,4,6
13,2011,0.005649268627166748,0.005649268627166748,0.9375,1,0
13,2012,0.02125108242034912,0.02125108242034912,0.81640625,1,3
13,2013,0.057029739953577525,0.13518160581588745,0.46875,2,1
13,2014,0.04958086018450559,0.05170142650604248,0.68359375,4,7
13,2015,0.056743235327303417,0.06371170282363892,0.65625,2,4
13,2016,0.05291516100987793,0.06285977363586426,0.63671875,4,7
13,2017,0.053579949773848064,0.12700432538986206,0.46875,2,5
13,2018,0.04280758078675718,0.04463845491409302,0.68359375,1,2
13,2019,0.06220880150794984,0.12441760301589966,0.5,2,3
13,2020,0.017216503620147705,0.017216503620147705,0.80859375,1,2
13,2021,0.0,0.17092657089233398,0.2421875,3,5
13,2022,0.025738894939422607,0.025738894939422607,0.80859375,1,1
13,2023,0.043214250355958946,0.04960918426513672,0.6484375,1,3
13,2024,0.04846992157399655,0.16997671127319336,0.4140625,1,2
13,2025,0.05237106420099736,0.07980352640151978,0.5625,1,1
13,2026,0.04756083455868066,0.0656365156173706,0.58984375,4,7
13,2027,0.04620166355744005,0.05552875995635986,0.6328125,1,1
13,2028,0.0,0.23913371562957764,0.2734375,4,7
13,2029,9.5367431640625e-06,9.5367431640625e-06,0.99609375,2,0
13,2030,0.0021615028381347656,0.0021615028381347656,0.95703125,1,1
13,2031,0.00029397010803222656,0.00029397010803222656,0.9921875,1,1
13,2032,0.06368425022810699,0.10655665397644043,0.5390625,1,2
13,2033,0.03633757447823883,0.10002601146697998,0.4453125,3,4
13,2034,0.052075213752686984,0.06567120552062988,0.6171875,1,2
13,2035,5.370378494262695e-05,5.370378494262695e-05,0.99609375,2,1
13,2036,0.056611477397382266,0.0635637640953064,0.65625,2,3
13,2037,0.05515532405115665,0.08281385898590088,0.56640625,1,2
13,2038,0.04246820136904717,0.06376457214355469,0.56640625,1,3
13,2039,0.05060061067342759,0.16607379913330078,0.421875,2,3
13,2040,0.0,0.33759820461273193,0.26171875,1,2
13,2041,0.051984265213832266,0.0520859956741333,0.69921875,1,1
13,2042,0.05160455591976643,0.1591658592224121,0.4296875,2,1
13,2043,0.055207736324518926,0.14799141883850098,0.44921875,1,1
13,2044,0.05288288625888527,0.168174147605896,0.42578125,2,3
13,2045,0.000904381275177002,0.000904381275177002,0.953125,4,7
13,2046,0.0001646876335144043,0.0001646876335144043,0.99609375,1,1
13,2047,8.702278137207031e-06,8.702278137207031e-06,0.99609375,2,0
13,2048,1.1324882507324219e-06,1.1324882507324219e-06,1.0,1,1
14,1953,0.05602970393374563,0.08412671089172363,0.56640625,4,9
14,1913,0.05887044174596669,0.10013842582702637,0.53515625,4,7
14,2049,0.0,0.20915460586547852,0.18359375,2,6
14,2050,0.05928895436227322,0.08073389530181885,0.59375,4,6
14,2051,0.017801653011702008,0.10015875101089478,0.37109375,2,3
14,2052,0.04696842329576612,0.058510541915893555,0.62109375,1,3
14,2053,0.04601184558123351,0.10423922538757324,0.4765625,4,7
14,2054,0.03623310988768936,0.09005510807037354,0.4609375,3,5
14,2055,0.053891557734459646,0.07750695943832397,0.578125,4,9
14,2056,0.04862819449044765,0.08705466985702515,0.5234375,1,1
14,2057,0.04395129950717092,0.07121223211288452,0.546875,3,4
14,2058,0.023873949423432354,0.16083502769470215,0.359375,2,5
14,2059,0.02583075652364642,0.09379678964614868,0.41015625,2,4
14,2060,0.01644420623779297,0.01644420623779297,0.8046875,2,5
14,2061,0.04539464972913266,0.07721614837646484,0.53515625,2,6
14,2062,0.02936441497877241,0.11476778984069824,0.40234375,5,8
14,2063,0.031347957905381925,0.15891242027282715,0.37890625,3,7
14,2064,0.0390847958624363,0.1137012243270874,0.4375,2,3
14,2065,0.032148580998182304,0.09352314472198486,0.4375,4,6
14,2066,0.047816976206377156,0.09203869104385376,0.5078125,3,6
14,2067,0.04476921912282706,0.09511137008666992,0.48828125,2,4
14,2068,0.0329310279339552,0.12397563457489014,0.40625,2,6
14,2069,0.013644709251821046,0.12475162744522095,0.34375,2,3
14,2070,0.03163062548264862,0.12362504005432129,0.40234375,3,8
14,2071,0.0,0.15596389770507812,0.2890625,1,2
14,2072,0.030717654619365937,0.09474360942840576,0.4296875,4,6
14,2073,0.04775495419744403,0.08402246236801147,0.52734375,2,6
14,2074,0.05785976839251817,0.11802470684051514,0.49609375,2,4
14,2075,0.0,0.1798841953277588,0.18359375,2,5
14,2076,0.05919965205248446,0.059315502643585205,0.69921875,2,4
14,2077,0.050724013242870576,0.0739905834197998,0.57421875,3,5
14,2078,0.015662312507629395,0.015662312507629395,0.8125,2,3
14,2079,0.03340455109719188,0.14134818315505981,0.39453125,2,6
14,2080,2.849102020263672e-05,2.849102020263672e-05,0.9921875,2,1
14,2081,0.03527780645526946,0.06920397281646729,0.50390625,1,3
14,2082,0.053171269129961736,0.0662376880645752,0.62109375,1,3
14,2083,0.05730529292486609,0.08359062671661377,0.57421875,2,5
14,2084,0.0,0.1756567358970642,0.22265625,5,8
14,2085,0.05317522014956923,0.10431307554244995,0.50390625,1,2
14,2086,0.04178638570010663,0.09904921054840088,0.46875,2,6
14,2087,0.05288636172190309,0.06925272941589355,0.60546875,3,8
14,2088,0.0,0.1777130365371704,0.234375,3,6
14,2089,0.05240321927703918,0.08358395099639893,0.55078125,4,8
14,2090,0.05303443782031537,0.09173524379730225,0.53125,4,7
14,2091,0.05792885669507087,0.08572131395339966,0.5703125,2,5
14,2092,0.0,0.13963532447814941,0.296875,2,4
14,2093,0.047603647457435734,0.08522051572799683,0.5234375,2,2
14,2094,0.041155518149025745,0.0839506983757019,0.49609375,3,7
14,2095,0.02631916850805283,0.1773080825805664,0.359375,2,4
14,2096,0.0,0.14654695987701416,0.2578125,1,3
14,2097,0.026031818473711617,0.09452688694000244,0.41015625,2,5
14,2098,0.04364566365256906,0.05643075704574585,0.609375,2,5
14,2099,0.008748891064897185,0.17228585481643677,0.3203125,2,6
14,2100,0.05840378068387509,0.06028777360916138,0.6875,2,2
14,2101,0.04327465756796301,0.15713918209075928,0.41015625,2,4
14,2102,0.06111408211290837,0.1271967887878418,0.4921875,2,2
14,2103,0.03822139010298998,0.17630046606063843,0.38671875,1,3
14,2104,0.04213963635265828,0.11007905006408691,0.453125,3,7
14,2105,0.047499667853116996,0.08503437042236328,0.5234375,3,5
14,2106,0.04623569804243744,0.08277159929275513,0.5234375,1,1
14,2107,0.05334277253132314,0.06487292051315308,0.62890625,4,8
14,2108,0.04602608957793564,0.08386248350143433,0.51953125,2,3
14,2109,0.04769510822370649,0.08538424968719482,0.5234375,2,4
14,2110,0.026916464441455908,0.12415522336959839,0.38671875,2,4
14,2111,0.03814682713709772,0.07342547178268433,0.5078125,1,1
14,2112,0.0,0.17781871557235718,0.23046875,2,4
14,2113,0.014033257961273193,0.014033257961273193,0.8125,2,5
14,2114,0.043509555049240596,0.09439361095428467,0.484375,2,5
14,2115,0.06363612937275322,0.07739120721817017,0.62890625,2,6
14,2116,0.06725588045082988,0.08806908130645752,0.60546875,2,5
14,2117,0.05023759207688273,0.06109654903411865,0.62890625,2,5
14,2118,0.02620781539008022,0.09516596794128418,0.41015625,1,1
14,2119,0.0,0.18645846843719482,0.234375,4,5
14,2120,0.03258827701210976,0.09480226039886475,0.4375,1,1
14,2121,0.0305174645036459,0.08632564544677734,0.44140625,1,1
14,2122,0.0,0.18137478828430176,0.296875,1,2
14,2123,0.013642018893733626,0.11450350284576416,0.34765625,2,4
14,2124,0.04253028286620975,0.10570633411407471,0.4609375,2,5
14,2125,0.05195250641554595,0.06802988052368164,0.60546875,1,2
14,2126,0.05072519159875811,0.06816613674163818,0.59765625,1,1
14,2127,0.035269055748358376,0.06918680667877197,0.50390625,1,2
14,1150,0.09184342855587603,0.2598001956939697,0.44140625,1,2
14,2009,0.06245491921436042,0.08178240060806274,0.60546875,3,5
14,2128,0.038285637274384506,0.14413416385650635,0.40625,2,3
14,2129,0.05933690071105957,0.05933690071105957,0.703125,1,2
14,2130,0.022010675864294175,0.1707494854927063,0.3515625,1,3
14,2131,0.04515556991100312,0.05557608604431152,0.625,2,3
14,2132,0.04235716606490315,0.049176573753356934,0.64453125,3,4
14,2133,0.059408808592706926,0.06598114967346191,0.66015625,2,3
14,2134,0.05948442220687867,0.1637420654296875,0.4453125,1,1
14,2135,0.0,0.19819223880767822,0.2578125,4,7
14,2136,0.0,0.1926966905593872,0.23046875,1,2
14,2137,0.03396819159388543,0.14992856979370117,0.390625,1,2
14,2138,0.03431099595036358,0.1739329695701599,0.37890625,1,2
14,2139,0.030019487254321582,0.13846826553344727,0.38671875,1,2
14,2140,0.0570065975189209,0.0570065975189209,0.703125,6,10
14,2141,0.018564581871032715,0.018564581871032715,0.7890625,1,1
14,2142,0.039071254665032036,0.04536163806915283,0.64453125,2,4
14,2143,0.00784224271774292,0.00784224271774292,0.8828125,1,1
14,2144,0.035266655380837626,0.06918209791183472,0.50390625,4,3
14,2145,0.00029671192169189453,0.00029671192169189453,0.9765625,1,1
14,2146,0.058664798736572266,0.058664798736572266,0.703125,4,6
14,2147,0.059224236756563194,0.1630258560180664,0.4453125,3,5
14,2148,0.05071723461151123,0.05071723461151123,0.7265625,3,5
14,2149,0.0,0.16410309076309204,0.20703125,4,6
14,2150,0.053708726307377226,0.059010446071624756,0.6640625,1,3
14,2151,0.0602204017341137,0.06216299533843994,0.6875,1,3
14,2152,0.04518672986887396,0.054953932762145996,0.62890625,2,3
14,2153,0.05692768096923828,0.05692768096923828,0.70703125,2,6
14,2154,0.015913486480712898,0.1771240234375,0.3359375,3,5
14,2155,0.016441997722722593,0.11856764554977417,0.35546875,1,1
14,2156,0.03526662499643863,0.06918203830718994,0.50390625,6,7
14,2157,0.026206157519482083,0.09515994787216187,0.41015625,1,1
14,2158,0.059282158501446254,0.07664763927459717,0.609375,3,5
14,2159,0.058532718569040305,0.060420870780944824,0.6875,1,2
14,2160,0.05926612671464682,0.060567378997802734,0.69140625,5,8
14,2161,1.1920928955078125e-07,1.1920928955078125e-07,1.0,3,4
14,2162,0.047604918479919434,0.047604918479919434,0.71484375,3,4
14,2163,0.027121743187308322,0.1614689826965332,0.3671875,2,2
14,2164,0.058804567903280265,0.06070148944854736,0.6875,2,5
14,2165,0.0,0.16267836093902588,0.27734375,1,1
14,2166,0.0,0.20031118392944336,0.18359375,3,5
14,2167,0.05871079489588738,0.06060469150543213,0.6875,2,4
14,2168,0.05397742881905288,0.13097840547561646,0.46484375,5,6
14,2169,0.032186562428250916,0.03823554515838623,0.63671875,4,6
14,2170,0.006605863571166992,0.006605863571166992,0.87109375,1,1
14,2171,0.05780434398911894,0.06027662754058838,0.68359375,2,4
14,2172,0.059215416433289654,0.059331297874450684,0.69921875,1,2
14,2173,0.058703057467937476,0.06059670448303223,0.6875,2,4
14,2174,0.05859225033782423,0.05987870693206787,0.69140625,4,5
14,2175,0.035266381921246655,0.06918156147003174,0.50390625,2,3
14,2176,1.1920928955078125e-07,1.1920928955078125e-07,0.99609375,2,4
14,2177,0.058237730525434024,0.06072854995727539,0.68359375,2,5
14,2178,0.03526662499643863,0.06918203830718994,0.50390625,3,3
14,2179,3.814697265625e-06,3.814697265625e-06,1.0,2,2
14,2180,0.057969629764556885,0.057969629764556885,0.703125,2,3
14,2181,0.060845155967399485,0.060964226722717285,0.69921875,3,5
14,2182,0.0653449941892177,0.09669548273086548,0.5703125,1,2
14,2183,1.1920928955078125e-07,1.1920928955078125e-07,1.0,1,2
14,2184,0.0004240870475769043,0.0004240870475769043,0.96875,5,7
14,2185,0.042828750796616084,0.10152000188827515,0.46875,3,4
14,2186,6.556510925292969e-06,6.556510925292969e-06,0.98828125,2,3
14,2187,0.0004930496215820312,0.0004930496215820312,0.96875,4,6
14,2188,0.02620781539008022,0.09516596794128418,0.41015625,2,3
14,2189,0.001896603964269166,0.16184353828430176,0.3046875,1,3
14,2190,0.05978059279732407,0.07270228862762451,0.62890625,2,4
14,2191,0.05351357534527779,0.06508064270019531,0.62890625,1,2
14,2192,0.05880768597126008,0.060704708099365234,0.6875,4,5
14,2193,0.05632077797781677,0.07016116380691528,0.62109375,4,6
14,2194,0.04118441604077817,0.05923151969909668,0.578125,2,3
15,2116,0.05153280263766647,0.0762566328048706,0.5703125,2,5
15,2182,0.06369244935922326,0.08132302761077881,0.61328125,1,2
15,2195,0.04859448387287558,0.07516729831695557,0.55859375,3,6
15,2196,0.038663028739392764,0.08387911319732666,0.484375,3,6
15,2197,0.052114579826593406,0.053795695304870605,0.6875,2,3
15,2198,0.00105208158493042,0.00105208158493042,0.9375,1,1
15,2199,0.02393183112144471,0.12763643264770508,0.375,1,2
15,2200,0.021153016248717908,0.08267438411712646,0.40234375,1,1
15,2201,0.05172447161749006,0.05393671989440918,0.68359375,1,1
15,2202,0.03908032178878784,0.03908032178878784,0.7265625,2,4
15,2203,0.0014514923095703125,0.0014514923095703125,0.953125,2,4
15,2204,0.0011193156242370605,0.0011193156242370605,0.96875,1,1
15,2205,0.042573494603857405,0.05116814374923706,0.6328125,1,2
15,2206,0.0,0.17583441734313965,0.18359375,2,4
15,2207,0.05646051093935967,0.14381980895996094,0.45703125,1,1
15,2208,0.050069559132680304,0.06237375736236572,0.62109375,3,6
15,2209,0.009010830312035983,0.1488240361213684,0.32421875,1,2
15,2210,0.053550813114270575,0.08283388614654541,0.55859375,2,5
15,2211,0.05279703461565078,0.05739295482635498,0.66796875,1,3
15,2212,0.051694062538445,0.05390501022338867,0.68359375,1,2
15,2213,0.0006145834922790527,0.0006145834922790527,0.9609375,2,4
15,2214,0.04863492283038796,0.13757503032684326,0.44140625,1,2
15,2215,0.0,0.18088483810424805,0.27734375,3,5
15,2216,0.03832513093948364,0.03832513093948364,0.75,1,2
15,2217,0.03825647034682334,0.06848710775375366,0.5234375,1,1
15,2218,0.048639081884175546,0.0870741605758667,0.5234375,2,5
15,2219,0.052141372114419944,0.05382335186004639,0.6875,2,5
15,2220,0.060369038023054614,0.11405515670776367,0.51171875,2,2
15,2221,0.05256125296000392,0.072537362575531,0.58984375,2,3
15,2222,0.03041967668104917,0.07381457090377808,0.46484375,1,2
15,2223,0.05952335475012661,0.06539905071258545,0.6640625,3,5
15,2224,0.0,0.195235013961792,0.26171875,3,5
15,2225,0.007646918296813965,0.007646918296813965,0.859375,1,2
15,2226,0.05172367137856782,0.053935885429382324,0.68359375,2,2
15,2227,0.012314438819885254,0.012314438819885254,0.8125,2,3
15,2228,0.057241804897785194,0.07692337036132812,0.59765625,3,7
15,2229,0.05168884666636587,0.05178999900817871,0.69921875,2,2
15,2230,0.04034709837287665,0.054219722747802734,0.59765625,2,4
15,2231,0.01904475688934326,0.01904475688934326,0.84375,1,2
15,2232,0.044165132334455855,0.04425156116485596,0.69921875,3,5
15,2233,0.0492919315584004,0.14758753776550293,0.43359375,1,1
15,2234,0.012011691927909853,0.09318161010742188,0.3515625,3,6
15,2235,0.0,0.16894257068634033,0.2734375,4,5
15,2236,0.051786288386210806,0.0518876314163208,0.69921875,2,3
15,2237,0.05169177800416947,0.1503760814666748,0.4375,1,3
15,2238,0.04393891687504948,0.1242913007736206,0.44140625,2,4
15,2239,0.0,0.21479976177215576,0.296875,2,4
15,2240,0.05413446377497167,0.06430822610855103,0.63671875,2,3
15,2241,0.0,0.1715083122253418,0.265625,1,3
15,2242,0.05221378058195115,0.05389809608459473,0.6875,1,2
15,2243,0.05252649460453541,0.14858323335647583,0.44140625,1,1
15,2244,0.041496348101645715,0.04510855674743652,0.66796875,2,1
15,2245,0.0,0.18472599983215332,0.28515625,2,4
15,2246,0.00010162591934204102,0.00010162591934204102,0.984375,3,5
15,2247,0.05252649460453541,0.14858323335647583,0.44140625,1,1
15,2248,0.004798769950866699,0.004798769950866699,0.875,1,1
15,2249,0.0413469874765724,0.04225480556488037,0.69140625,3,4
15,2250,0.03647774714045227,0.07155787944793701,0.50390625,2,5
15,2251,0.051133484113961465,0.05500072240829468,0.671875,2,4
15,2252,0.05165016371756793,0.05385923385620117,0.68359375,1,2
15,2253,0.05479731480591,0.071755051612854,0.60546875,1,2
15,2254,0.00029647350311279297,0.00029647350311279297,0.96484375,1,2
15,2255,0.03393710497766734,0.14979135990142822,0.390625,4,6
15,2256,0.040496306028217084,0.05442023277282715,0.59765625,2,4
15,2257,4.410743713378906e-06,4.410743713378906e-06,0.99609375,4,6
15,2258,0.03680696384981275,0.12080234289169312,0.421875,2,2
15,2259,8.463859558105469e-06,8.463859558105469e-06,1.0,2,3
15,2260,0.050188310910016305,0.05514252185821533,0.6640625,1,2
15,1150,0.11035475810058416,0.2251061201095581,0.49609375,1,2
15,2115,0.06003458867780865,0.06526052951812744,0.66796875,2,6
15,2261,0.042442579753696925,0.05487525463104248,0.609375,1,1
15,2262,0.03914128500036896,0.06147342920303345,0.5546875,2,4
15,2263,0.038419844582676894,0.061280250549316406,0.55078125,1,3
15,2264,0.04050453775562347,0.08430212736129761,0.4921875,2,2
15,2265,0.023858817992731936,0.10095632076263428,0.39453125,3,5
15,2266,0.020815094467252496,0.08458197116851807,0.3984375,2,2
15,2267,0.027965347864665095,0.07496470212936401,0.44921875,1,1
15,2268,1.1920928955078125e-07,1.1920928955078125e-07,1.0,2,4
15,2269,0.03840317786671222,0.06125366687774658,0.55078125,1,1
15,2270,0.02240160293877125,0.08433544635772705,0.40625,2,5
15,2271,0.05006204545497895,0.06816959381103516,0.59375,3,7
15,2272,0.018883246695622805,0.08710110187530518,0.38671875,5,10
15,2273,0.037600048235617585,0.10079175233840942,0.44921875,3,5
15,2274,0.04060355806723238,0.06476330757141113,0.55078125,1,1
15,2275,0.026696674991399053,0.08234155178070068,0.4296875,4,7
15,2276,0.04186836443841458,0.07242095470428467,0.53125,4,7
15,2277,0.03209673869423569,0.08175885677337646,0.45703125,4,7
15,2278,0.04036309383809567,0.08400774002075195,0.4921875,2,5
15,2279,0.03707041079178453,0.042556166648864746,0.6484375,2,4
15,2280,0.04354350571520627,0.09062713384628296,0.4921875,3,3
15,2281,0.035813577007502324,0.07453882694244385,0.4921875,2,3
15,2282,0.038136114366352565,0.0589900016784668,0.55859375,4,7
15,2283,0.08994507277384402,0.22911381721496582,0.45703125,1,3
15,2284,0.040601913817226894,0.06476068496704102,0.55078125,2,5
15,2285,0.04209963907487691,0.052445292472839355,0.62109375,2,3
15,2286,0.054524592938832946,0.05803865194320679,0.67578125,3,8
15,2287,0.05225338926538826,0.06280219554901123,0.6328125,4,6
15,2288,0.05021302495151759,0.05764365196228027,0.6484375,2,3
15,2289,0.020815094467252496,0.08458197116851807,0.3984375,1,1
15,2290,0.020807569613680247,0.08455139398574829,0.3984375,5,8
15,2291,0.035652792546898134,0.06496167182922363,0.51953125,2,6
15,2292,0.040482331998646266,0.06456995010375977,0.55078125,5,8
15,2293,0.01821436360478402,0.16653132438659668,0.34375,1,1
15,2294,0.004065275192260742,0.004065275192260742,0.94140625,1,2
15,2295,0.04349571245256812,0.15794187784194946,0.41015625,1,3
15,2296,0.015176892280578613,0.015176892280578613,0.79296875,4,7
15,2297,0.03416821779683233,0.06455397605895996,0.51171875,1,2
15,2298,0.04621868114918471,0.07488596439361572,0.546875,3,6
15,2299,0.038110802765004344,0.09707826375961304,0.45703125,1,2
15,2300,0.05627159588038922,0.08837747573852539,0.5546875,2,3
15,2301,0.03396807424724103,0.09881621599197388,0.4375,4,8
15,2302,0.05886434856802226,0.06757521629333496,0.6484375,2,6
15,2303,0.03677409840747715,0.04941821098327637,0.59765625,2,2
15,2304,0.04792197700589896,0.06043362617492676,0.6171875,4,9
15,2305,0.01921844482421875,0.01921844482421875,0.734375,4,8
15,2306,0.0,0.16206371784210205,0.21875,2,3
15,2307,0.033329632133245475,0.07900357246398926,0.46875,1,2
15,2308,0.042806072859093554,0.08909231424331665,0.4921875,1,2
15,2309,0.036058027297258384,0.05936241149902344,0.54296875,4,6
15,2310,0.050504419952631004,0.0845041275024414,0.5390625,1,2
15,2311,0.032696741633117206,0.08126568794250488,0.4609375,4,7
15,2312,0.03589760209433735,0.07626378536224365,0.48828125,1,1
15,2313,0.036313045187853284,0.06389099359512329,0.52734375,4,9
15,2314,0.03756669536232949,0.08510684967041016,0.4765625,1,1
15,2315,0.039728734642267234,0.052697181701660156,0.6015625,2,3
15,2316,0.051715897629037506,0.05392777919769287,0.68359375,2,4
15,2317,0.05265618243720383,0.06723183393478394,0.61328125,3,4
15,2318,0.007757306098937988,0.007757306098937988,0.87109375,4,6
15,2319,0.03703453717753292,0.09927582740783691,0.44921875,1,2
15,2320,0.0,0.18983471393585205,0.17578125,1,0
15,2321,0.04418983834329993,0.06835407018661499,0.55859375,4,6
15,2322,3.5762786865234375e-07,3.5762786865234375e-07,1.0,1,0
15,2323,0.06432186346501113,0.18194913864135742,0.44140625,1,2
15,2324,0.05006296816281975,0.058122992515563965,0.64453125,2,4
15,2325,0.03599664568901063,0.07199329137802124,0.5,4,6
15,2326,0.0481937334407121,0.05471217632293701,0.65234375,2,4
15,2327,0.04646278358995915,0.06777477264404297,0.57421875,5,8
15,2328,0.04668444639537484,0.07009512186050415,0.56640625,2,5
15,2329,0.020815094467252496,0.08458197116851807,0.3984375,2,2
15,2330,5.424022674560547e-05,5.424022674560547e-05,1.0,1,0
15,2331,0.03179700113832951,0.10435938835144043,0.421875,1,2
15,2332,0.042016181163489826,0.059590816497802734,0.58203125,2,4
15,2333,0.0,0.1897760033607483,0.17578125,1,0
15,2334,0.0,0.1513655185699463,0.2890625,1,3
15,2335,0.041984298033639796,0.06494247913360596,0.55859375,4,8
15,2336,0.0445996338967234,0.06239074468612671,0.5859375,4,7
15,2337,0.03757624491117895,0.09339338541030884,0.4609375,4,8
15,2338,0.02742182416841388,0.08457815647125244,0.4296875,2,3
15,2339,0.0387991686584428,0.09883171319961548,0.45703125,4,8
15,2340,0.030193763086572296,0.10963976383209229,0.41015625,1,1
16,2228,0.05864487867802382,0.0809330940246582,0.58984375,3,7
16,2256,0.050836050417274244,0.055854201316833496,0.6640625,2,4
16,2341,0.05892481026239694,0.08357203006744385,0.58203125,3,8
16,2342,0.06057608383707703,0.0803496241569519,0.6015625,3,8
16,2343,0.004511535167694092,0.004511535167694092,0.87890625,4,10
16,2344,0.043527671601623304,0.054224252700805664,0.62109375,3,7
16,2345,2.2411346435546875e-05,2.2411346435546875e-05,0.99609375,2,5
16,2346,0.005259394645690918,0.005259394645690918,0.8828125,3,6
16,2347,0.06349777174182238,0.07722294330596924,0.62890625,4,7
16,2348,0.06382840324658902,0.07951372861862183,0.62109375,3,8
16,2349,0.03784435987472534,0.03784435987472534,0.74609375,2,4
16,2350,0.03368020057678223,0.03368020057678223,0.71875,3,7
16,2351,0.04067939519882202,0.04067939519882202,0.71875,3,7
16,2352,0.049291674513369806,0.054157376289367676,0.6640625,4,8
16,2353,0.039955800399184234,0.06473851203918457,0.546875,3,6
16,2354,0.05696042999625207,0.0796823501586914,0.5859375,3,7
16,2355,0.06556620821356775,0.08810997009277344,0.59765625,4,8
16,2356,0.033562421798706055,0.033562421798706055,0.72265625,2,4
16,2357,0.05301778670400382,0.0576329231262207,0.66796875,3,7
16,2358,0.01839712250512094,0.18469268083572388,0.33984375,2,4
16,2359,0.00015354156494140625,0.00015354156494140625,0.98828125,2,5
16,2360,0.05837608594447375,0.07949084043502808,0.59375,2,5
16,2361,0.046761134290136404,0.09173065423965454,0.50390625,3,7
16,2362,0.04930894100107253,0.08387434482574463,0.53515625,3,7
16,2363,0.03558994887862355,0.11318045854568481,0.42578125,3,7
16,2323,0.03840566589497031,0.19469010829925537,0.37890625,1,2
16,2115,0.05705618171487004,0.07107728719711304,0.62109375,2,6
16,2364,0.04544252180494369,0.0602760910987854,0.6015625,3,5
16,2365,0.05588862113654614,0.06563067436218262,0.640625,1,2
16,2366,0.016378700733184814,0.016378700733184814,0.83203125,3,4
16,2367,0.04984449280891568,0.06364184617996216,0.61328125,2,4
16,2368,0.04235164856072516,0.1135290265083313,0.44921875,1,2
16,2369,0.03576065262313933,0.0910918116569519,0.45703125,4,7
16,2370,0.05870150215923787,0.0659104585647583,0.65625,3,8
16,2371,0.03576065262313933,0.0910918116569519,0.45703125,2,4
16,2372,0.04545191884972156,0.07138460874557495,0.5546875,1,1
16,2373,0.05307969194836915,0.07133018970489502,0.59765625,2,6
16,2374,0.05652749002911151,0.07907670736312866,0.5859375,3,4
16,2375,0.05664907721802593,0.06503212451934814,0.6484375,3,4
16,2376,0.04609567683655769,0.10679179430007935,0.47265625,2,3
16,2377,0.04362688539549709,0.06958556175231934,0.55078125,3,4
16,2378,0.06064831512048841,0.08722454309463501,0.578125,3,5
16,2379,0.05716812331229449,0.07889509201049805,0.58984375,3,5
16,2380,0.03576065262313933,0.0910918116569519,0.45703125,2,2
16,2381,0.055657360702753074,0.05631732940673828,0.6953125,3,6
16,2382,0.05226180516183377,0.058043479919433594,0.66015625,2,3
16,2383,0.04635919129941613,0.057751595973968506,0.62109375,2,3
16,2384,0.04012642055749894,0.11673140525817871,0.4375,2,2
16,2385,0.052349042147398,0.07976996898651123,0.5625,1,2
16,2386,0.0001957416534423828,0.0001957416534423828,0.98046875,1,0
16,2387,0.008384963963180786,0.16511929035186768,0.3203125,3,6
16,2388,0.04214302264153958,0.0682823657989502,0.546875,2,4
16,2389,0.07340672216378154,0.1337517499923706,0.51953125,1,1
16,2390,0.055347439018078155,0.057714641094207764,0.68359375,2,3
16,2391,0.05687325005419553,0.07261621952056885,0.61328125,3,7
16,2392,0.00025784969329833984,0.00025784969329833984,0.9765625,1,0
16,2393,0.03723275661468506,0.03723275661468506,0.73046875,2,4
16,2394,0.03576065262313933,0.0910918116569519,0.45703125,2,3
16,2395,0.05659674084745348,0.062857985496521,0.66015625,2,6
16,2396,0.03718009404838086,0.08813059329986572,0.46875,2,2
16,2397,0.03920913406182081,0.09514254331588745,0.46484375,3,7
16,2398,0.003789186477661133,0.003789186477661133,0.921875,5,6
16,2399,0.008860111236572266,0.008860111236572266,0.85546875,2,2
16,2400,0.047364468802697964,0.04745715856552124,0.69921875,2,3
16,2401,0.045750786084681756,0.07185399532318115,0.5546875,1,1
16,2402,0.03576065262313933,0.0910918116569519,0.45703125,3,2
16,2403,0.04028815124183894,0.05794250965118408,0.578125,1,1
16,2404,0.03576065262313933,0.0910918116569519,0.45703125,4,6
16,2405,0.019620805163867775,0.1414908766746521,0.35546875,2,3
16,2406,0.03680380003061146,0.11019617319107056,0.43359375,2,4
16,2407,0.008270106045529252,0.16285747289657593,0.3203125,1,2
16,2408,0.04473353177309037,0.09503555297851562,0.48828125,2,3
16,2409,0.0,0.17257153987884521,0.29296875,2,4
16,2410,0.03604031866416336,0.09920775890350342,0.4453125,3,4
16,2411,0.0,0.16840863227844238,0.265625,3,7
16,2412,0.04108268860727549,0.06452250480651855,0.5546875,2,5
16,2413,0.05067417374812067,0.05508530139923096,0.66796875,3,5
16,2414,0.04215223377104849,0.061487019062042236,0.57421875,1,1
16,2415,0.04718662728555501,0.04822266101837158,0.69140625,2,4
16,2416,0.049917973112314946,0.13740861415863037,0.4453125,2,3
16,2417,0.00597227923572064,0.1911129355430603,0.3125,1,1
16,2418,0.007792472839355469,0.007792472839355469,0.8515625,1,1
16,2419,0.03645903884898872,0.08846932649612427,0.46484375,1,1
16,2420,0.00033342838287353516,0.00033342838287353516,0.9765625,3,4
16,2421,0.038313174620270736,0.08312010765075684,0.484375,1,1
16,2422,0.060830190312117345,0.0698319673538208,0.6484375,2,4
16,2423,0.04246648959815503,0.09838390350341797,0.47265625,3,5
16,2424,0.04257453931495549,0.20564305782318115,0.3828125,1,3
16,2425,0.034265802823938436,0.10896950960159302,0.42578125,3,4
16,2426,0.05127341952174903,0.11878728866577148,0.47265625,3,8
16,2427,0.03832799510564656,0.08879607915878296,0.47265625,3,6
16,1150,0.06856575259007515,0.24897634983062744,0.41015625,1,2
16,2283,0.06710773985832931,0.25264090299606323,0.40625,1,3
16,2428,0.05749682569876314,0.07433933019638062,0.609375,2,3
16,2429,0.054756223107688136,0.05952268838882446,0.66796875,1,2
16,2430,0.05630367016419769,0.07876360416412354,0.5859375,1,1
16,2431,0.06789625505916776,0.275895893573761,0.3984375,1,2
16,2432,0.04040654748678208,0.11754631996154785,0.4375,1,1
16,2433,0.05065171816386283,0.09067720174789429,0.5234375,2,6
16,2434,0.00026094913482666016,0.00026094913482666016,0.9765625,2,3
16,2435,0.06323643866926433,0.16107988357543945,0.45703125,2,2
16,2436,0.03808720875531436,0.12500417232513428,0.421875,2,1
16,2437,0.02515454101376236,0.18139612674713135,0.35546875,4,7
16,2438,0.035761261009611196,0.09109336137771606,0.45703125,1,1
16,2439,0.023228122154250748,0.10714232921600342,0.38671875,1,2
16,2440,0.0,0.12056541442871094,0.29296875,1,2
16,2441,0.0633408003486693,0.1613457202911377,0.45703125,2,3
16,2442,0.016957830637693412,0.24117803573608398,0.328125,1,3
16,2443,0.06334627582691611,0.16135966777801514,0.45703125,2,1
16,2444,0.0001842975616455078,0.0001842975616455078,0.9921875,2,2
16,2445,0.039735744707286365,0.1681380271911621,0.39453125,1,3
16,2446,0.01903998851776123,0.01903998851776123,0.72265625,1,2
16,2447,0.055020211031660445,0.12464755773544312,0.4765625,2,2
16,2448,0.0,0.22201865911483765,0.26953125,2,3
16,2449,7.081031799316406e-05,7.081031799316406e-05,0.99609375,1,1
16,2450,0.00034797191619873047,0.00034797191619873047,0.96875,1,2
16,2451,0.00011801719665527344,0.00011801719665527344,0.98046875,2,1
16,2452,0.041700416011735804,0.04178202152252197,0.69921875,1,2
16,2453,0.037284985417500145,0.11499947309494019,0.4296875,1,1
16,2454,0.06176093732938171,0.16133469343185425,0.453125,1,2
16,2455,0.0413138559088111,0.17481565475463867,0.39453125,1,1
16,2456,0.0,0.19201672077178955,0.27734375,1,2
16,2457,2.9802322387695312e-06,2.9802322387695312e-06,0.99609375,1,1
16,2458,0.053165466641075916,0.12317067384719849,0.47265625,3,4
16,2459,0.0,0.21889805793762207,0.2109375,2,5
16,2460,0.05129804485477508,0.05697309970855713,0.66015625,2,3
16,2461,0.00044548511505126953,0.00044548511505126953,0.96484375,1,1
16,2462,0.07079839927610011,0.15040987730026245,0.48828125,1,2
16,2463,0.027214259258471436,0.19624930620193481,0.35546875,1,2
16,2464,0.05495760822668672,0.05849957466125488,0.67578125,2,2
16,2465,0.0,0.2045818567276001,0.26171875,1,2
16,2466,0.05941242328844965,0.07225453853607178,0.62890625,3,5
16,2467,0.04806969221681357,0.07549595832824707,0.5546875,1,2
16,2468,0.03309523849748076,0.09110087156295776,0.4453125,2,5
16,2469,0.019757727510295812,0.020602762699127197,0.68359375,2,3
16,2470,0.05484304088167847,0.058377623558044434,0.67578125,1,1
16,2471,0.054336965200491257,0.054443299770355225,0.69921875,2,2
16,2472,0.03552129934541882,0.09048211574554443,0.45703125,3,4
16,2473,0.039985973853617914,0.1100689172744751,0.4453125,1,1
16,2474,0.05551250372081996,0.06232982873916626,0.65625,1,2
16,2475,0.03576189279556275,0.091094970703125,0.45703125,1,1
16,2476,0.024283354636281732,0.02457129955291748,0.6953125,1,1
16,2477,0.035756136523559696,0.09108030796051025,0.45703125,1,0
16,2478,0.056129094213247306,0.06908196210861206,0.625,3,5
16,2479,0.0632765687769279,0.16118210554122925,0.45703125,1,2
16,2480,0.06334627582691611,0.16135966777801514,0.45703125,1,2
16,2481,2.2411346435546875e-05,2.2411346435546875e-05,0.99609375,2,1
16,2482,0.04488060565199704,0.12030822038650513,0.44921875,1,1
16,2483,0.0549540244974196,0.05849575996398926,0.67578125,4,4
16,2484,0.05508298985660077,0.061847567558288574,0.65625,1,3
17,2355,0.051584238419309265,0.09234660863876343,0.5234375,4,8
17,2348,0.05767746199853719,0.08413350582122803,0.57421875,3,8
17,2485,0.04084916971623898,0.1537851095199585,0.40625,2,1
17,2486,0.03265391953755171,0.11072057485580444,0.41796875,3,8
17,2487,0.03558400995098055,0.09064185619354248,0.45703125,3,8
17,2488,0.017325260676443584,0.15840238332748413,0.34375,5,7
17,2489,0.033800811041146524,0.10749077796936035,0.42578125,2,5
17,2490,2.4557113647460938e-05,2.4557113647460938e-05,0.99609375,3,2
17,2491,0.05742649245075883,0.10103905200958252,0.52734375,3,7
17,2492,0.059137851931154735,0.08751034736633301,0.5703125,4,8
17,2493,0.00775456428527832,0.00775456428527832,0.84375,3,6
17,2494,0.03714367398060859,0.03953754901885986,0.67578125,4,7
17,2495,0.05673482688143851,0.09492886066436768,0.5390625,5,9
17,2496,0.061097241472452886,0.08546936511993408,0.5859375,3,8
17,2497,0.038038819096982486,0.08252489566802979,0.484375,3,7
17,2498,0.06361033476423474,0.0812181830406189,0.61328125,3,5
17,2499,0.05779637675732375,0.0855252742767334,0.5703125,4,7
17,2500,0.05052206316031516,0.08317458629608154,0.54296875,3,7
17,2501,0.06086287810467184,0.08632075786590576,0.58203125,3,8
17,2502,0.05742121953517199,0.09018301963806152,0.5546875,4,8
17,2503,0.04742946464102716,0.08641952276229858,0.51953125,5,10
17,2504,0.06956121278926732,0.12674498558044434,0.51953125,3,6
17,2505,0.06357407663017513,0.08773565292358398,0.58984375,4,7
17,2506,0.04084916971623898,0.1537851095199585,0.40625,3,2
17,2507,0.030199157306924473,0.16991174221038818,0.37109375,4,9
17,2508,0.06322394032031299,0.08609217405319214,0.59375,5,9
17,2509,0.038072827854193754,0.08438652753829956,0.48046875,4,8
17,2510,0.04419207619503141,0.08349204063415527,0.51171875,3,8
17,2511,0.04084916971623898,0.1537851095199585,0.40625,2,1
17,2512,0.025570782716386024,0.09285277128219604,0.41015625,2,1
17,2513,0.05897923046723009,0.08727562427520752,0.5703125,3,9
17,2514,0.06808397709392013,0.08585959672927856,0.6171875,3,7
17,2515,0.055935312062501914,0.08523476123809814,0.5625,3,8
17,2516,0.048404330620542176,0.09873712062835693,0.49609375,5,9
17,2517,0.06424343655817212,0.08865940570831299,0.58984375,3,8
17,2518,0.05943500879220665,0.08669722080230713,0.57421875,3,8
17,2519,0.048500735661946244,0.05386632680892944,0.66015625,3,8
17,2520,0.043454169295728214,0.08061063289642334,0.515625,3,6
17,2521,0.06054661818780006,0.08469909429550171,0.5859375,4,9
17,2522,0.0412324694916606,0.06788110733032227,0.54296875,4,8
17,2523,0.025570782716386024,0.09285277128219604,0.41015625,2,2
17,2524,0.00650256872177124,0.00650256872177124,0.8515625,3,7
17,2525,0.050955994985997684,0.08256161212921143,0.546875,3,9
17,2462,0.05496552679687739,0.14358341693878174,0.453125,1,2
17,1150,0.10107599571347238,0.23958754539489746,0.46875,1,2
17,2526,0.054691069526597864,0.05589187145233154,0.69140625,1,2
17,2527,0.04084916971623898,0.1537851095199585,0.40625,2,3
17,2528,0.05630600452423096,0.05630600452423096,0.703125,1,1
17,2529,0.037698002066463246,0.1911027431488037,0.37890625,1,3
17,2530,2.47955322265625e-05,2.47955322265625e-05,0.99609375,2,1
17,2531,0.048165020067244775,0.05291950702667236,0.6640625,2,3
17,2532,2.8312206268310547e-05,2.8312206268310547e-05,0.9921875,1,1
17,2533,0.04084916971623898,0.1537851095199585,0.40625,3,4
17,2534,2.4557113647460938e-05,2.4557113647460938e-05,0.99609375,1,2
17,2535,2.485513687133789e-05,2.485513687133789e-05,0.99609375,2,0
17,2536,0.03696630522608758,0.05632960796356201,0.5625,3,4
17,2537,0.0001016855239868164,0.0001016855239868164,0.984375,1,2
17,2538,0.0406154990196228,0.0406154990196228,0.75,2,2
17,2539,0.014953970909118652,0.014953970909118652,0.796875,1,1
17,2540,0.04229273856617511,0.1535736322402954,0.41015625,2,2
17,2541,0.00810772180557251,0.00810772180557251,0.87109375,1,1
17,2542,0.02621889929287136,0.027908682823181152,0.67578125,2,5
17,2543,0.04124025360215456,0.06789392232894897,0.54296875,1,1
17,2544,0.0031920671463012695,0.0031920671463012695,0.9296875,3,4
17,2545,0.0,0.199995756149292,0.16796875,1,1
17,2546,0.039911061525344856,0.05905914306640625,0.5703125,1,3
17,2547,0.023235703818500045,0.15653526782989502,0.359375,1,2
17,2548,2.4557113647460938e-05,2.4557113647460938e-05,0.9921875,1,1
17,2549,0.1052751853130758,0.2750045657157898,0.453125,1,2
17,2550,0.04124141216743738,0.06789582967758179,0.54296875,2,3
17,2551,8.237361907958984e-05,8.237361907958984e-05,0.984375,1,1
17,2552,0.0,0.1997271180152893,0.16796875,4,6
17,2553,0.005776047706604004,0.005776047706604004,0.87109375,2,4
17,2554,0.025753066409379247,0.16278481483459473,0.36328125,1,1
17,2555,0.04086606297641993,0.15384870767593384,0.40625,1,2
17,2556,0.005254864692687988,0.005254864692687988,0.87890625,1,1
17,2557,0.026534228119999174,0.03115946054458618,0.640625,1,2
17,2558,0.03990084421820939,0.06266635656356812,0.5546875,2,2
17,2559,0.0011875629425048828,0.0011875629425048828,0.94140625,2,2
17,2560,0.013917684555053711,0.013917684555053711,0.78125,1,2
17,2561,0.04235150269232691,0.1537870168685913,0.41015625,2,2
17,2562,0.026106392499059442,0.09155118465423584,0.4140625,1,1
17,2563,0.019021034240722656,0.019021034240722656,0.8203125,3,4
17,2564,0.025570782716386024,0.09285277128219604,0.41015625,1,1
17,2565,0.05614035087637604,0.05625021457672119,0.69921875,1,2
17,2566,0.027662486070767055,0.16468828916549683,0.3671875,1,2
17,2567,0.026115165092051036,0.15547633171081543,0.3671875,1,1
17,2568,0.025570963276550177,0.09285342693328857,0.41015625,2,1
17,2569,0.04412181524094195,0.14960509538650513,0.41796875,1,2
17,2570,0.020098626613616943,0.020098626613616943,0.7734375,2,1
17,2571,0.05516921170055867,0.07317781448364258,0.6015625,4,7
17,2572,0.0003481729654595305,0.1782645583152771,0.30078125,2,3
17,2573,0.012793660163879395,0.012793660163879395,0.828125,1,2
17,2574,0.01868404587730766,0.2657286524772644,0.328125,1,2
17,2575,0.044659435749053955,0.044659435749053955,0.703125,1,1
17,2576,0.059091159957461066,0.06289952993392944,0.67578125,2,3
17,2577,0.06559559330344202,0.1393566131591797,0.48828125,2,4
17,2578,3.5643577575683594e-05,3.5643577575683594e-05,0.9921875,2,1
17,2579,0.03586513921618462,0.06420612335205078,0.5234375,1,1
17,2389,0.0628288172883913,0.1281607747077942,0.49609375,1,1
17,2422,0.06342085218057038,0.07280600070953369,0.6484375,2,4
17,2580,0.0,0.17447161674499512,0.17578125,3,5
17,2581,0.049594094976782806,0.08725833892822266,0.52734375,2,4
17,2582,0.04124108632095159,0.06789529323577881,0.54296875,3,4
17,2583,0.014382370747625833,0.14438772201538086,0.33984375,3,7
17,2584,0.060418976005166776,0.07714343070983887,0.61328125,1,2
17,2585,0.0,0.3116442561149597,0.234375,2,2
17,2586,0.0,0.15934598445892334,0.29296875,3,8
17,2587,0.050134663004428155,0.05955672264099121,0.63671875,2,4
17,2588,0.0,0.16896295547485352,0.23046875,1,2
17,2589,0.055810598656535156,0.1623581051826477,0.4375,4,9
17,2590,0.04890620335936547,0.05552101135253906,0.65234375,2,3
17,2591,0.04697655863128603,0.07860130071640015,0.5390625,1,1
17,2592,0.0,0.19136857986450195,0.16796875,1,0
17,2593,0.0,0.16996288299560547,0.21484375,1,1
17,2594,0.05384771351236851,0.0832931399345398,0.55859375,1,2
17,2595,0.029746651649475098,0.029746651649475098,0.7265625,2,5
17,2596,0.04616900312248618,0.09056907892227173,0.50390625,3,6
17,2597,0.06264072563499214,0.13037419319152832,0.4921875,1,1
17,2598,0.04775981046259404,0.07277685403823853,0.5625,1,1
17,2599,0.05173746077343822,0.06524527072906494,0.6171875,2,5
17,2600,0.041693262755870826,0.08025169372558594,0.5078125,2,4
17,2601,0.0,0.3502095341682434,0.0390625,3,5
17,2602,0.04124057944864035,0.06789445877075195,0.54296875,2,4
17,2603,0.012872836436145013,0.12923318147659302,0.33984375,2,4
17,2604,0.03998368582688273,0.28833305835723877,0.35546875,1,2
17,2605,0.05523573607206345,0.16068577766418457,0.4375,3,8
17,2606,0.006306050345301633,0.2017936110496521,0.3125,3,4
17,2607,0.048322970047593124,0.06093931198120117,0.6171875,3,5
17,2608,3.1888484954833984e-05,3.1888484954833984e-05,0.99609375,1,1
17,2609,0.04217819357290865,0.06624305248260498,0.5546875,1,2
17,2610,0.0003192652948200748,0.16346383094787598,0.30078125,2,2
17,2611,0.039433300495147705,0.039433300495147705,0.703125,3,8
17,2612,0.04765511909499765,0.0838468074798584,0.52734375,1,1
17,2613,0.03544393181800843,0.07088786363601685,0.5,1,1
17,2614,0.011930852197110658,0.1327955722808838,0.3359375,3,7
17,2615,0.057574008358642466,0.1723853349685669,0.43359375,1,2
17,2616,0.04329056385904551,0.07014167308807373,0.546875,3,6
17,2617,0.05530509003438056,0.06646996736526489,0.6328125,3,7
17,2618,0.041892832610756166,0.06787699460983276,0.546875,1,1
17,2619,0.05721838143654168,0.060906052589416504,0.67578125,3,7
17,2620,0.02437808364629746,0.1642313003540039,0.359375,2,4
17,2621,0.05718037451151759,0.06350618600845337,0.66015625,2,4
17,2622,0.04107805446255953,0.06762689352035522,0.54296875,3,6
17,2623,0.04639842733740807,0.08607244491577148,0.515625,2,5
17,2624,0.041893713176250465,0.04703855514526367,0.65625,1,1
17,2625,0.044129371643066406,0.044129371643066406,0.734375,2,3
17,2626,0.05503438320010901,0.07395696640014648,0.59765625,2,4
17,2627,0.0,0.14995378255844116,0.296875,1,1
17,2628,0.04827315837610514,0.06163555383682251,0.61328125,2,6
18,2514,0.057982522062957294,0.08339059352874756,0.578125,3,7
18,2517,0.05747969937510789,0.08630383014678955,0.56640625,3,8
18,2629,0.0,0.1950974464416504,0.203125,2,2
18,2630,0.04482406121678651,0.0816723108291626,0.51953125,3,8
18,2631,0.02769605861976743,0.09089988470077515,0.421875,2,5
18,2632,0.04792387667112053,0.08579379320144653,0.5234375,3,8
18,2633,0.03421876067295671,0.0658646821975708,0.5078125,6,9
18,2634,0.05810130015015603,0.08356142044067383,0.578125,3,7
18,2635,0.04554947186261416,0.08449757099151611,0.515625,3,5
18,2636,0.007322967052459717,0.007322967052459717,0.85546875,5,9
18,2637,0.046829964616335935,0.07965761423110962,0.53515625,3,6
18,2638,0.04599677445366979,0.05053722858428955,0.6640625,1,1
18,2639,0.043645025230944164,0.08096468448638916,0.515625,4,6
18,2640,0.05688200448639692,0.09675610065460205,0.53515625,4,7
18,2641,0.05267418420407922,0.08401614427566528,0.55078125,3,5
18,2642,0.05515026301145554,0.08403849601745605,0.5625,3,7
18,2643,0.04935325868427754,0.08536779880523682,0.53125,4,10
18,2644,0.052850231062620885,0.08429694175720215,0.55078125,2,3
18,2645,0.05306151718832553,0.08463394641876221,0.55078125,3,6
18,2646,0.004789708182215695,0.1532706618309021,0.3125,1,1
18,2647,0.044423800311051316,0.08392983675003052,0.51171875,3,5
18,2648,0.029938923893496398,0.08964169025421143,0.43359375,5,10
18,2649,0.0,0.2645456790924072,0.25390625,5,8
18,2650,0.03544040489941836,0.06574451923370361,0.515625,2,3
18,2651,0.05139912175945938,0.09043419361114502,0.52734375,3,8
18,2652,0.02386552095413208,0.02386552095413208,0.76171875,2,4
18,2653,0.01800382137298584,0.01800382137298584,0.796875,4,8
18,2654,0.05117653403431178,0.08162736892700195,0.55078125,3,6
18,2655,0.04563199379481376,0.17834794521331787,0.40234375,4,9
18,2656,0.05533934419509024,0.08560043573379517,0.55859375,3,8
18,2657,0.0002536773681640625,0.0002536773681640625,0.9765625,3,4
18,2658,0.031087051145732406,0.08557295799255371,0.4453125,5,8
18,2659,0.05246271193027497,0.07994318008422852,0.5625,3,5
18,2660,0.02850380237214268,0.1314769983291626,0.38671875,3,8
18,2661,0.05704175517894328,0.08564627170562744,0.56640625,3,7
18,2662,0.04534724354743958,0.09069448709487915,0.5,3,5
18,2663,0.045180452987551696,0.107094407081604,0.46875,4,7
18,2664,0.03885731950867922,0.08612531423568726,0.48046875,3,4
18,2665,0.055021980777382865,0.09680843353271484,0.52734375,3,8
18,2666,0.03485531173646451,0.07109928131103516,0.49609375,2,6
18,2667,0.04118382185697556,0.11980748176574707,0.4375,5,8
18,2668,0.027689793147146705,0.09087932109832764,0.421875,3,4
18,2669,0.05662512360140682,0.08379209041595459,0.5703125,3,9
18,2670,0.0,0.21104878187179565,0.23828125,1,1
18,2671,0.030192017555236816,0.030192017555236816,0.7578125,2,3
18,2672,0.026699530193582184,0.12896376848220825,0.3828125,2,4
18,2673,0.05963845271617175,0.08577215671539307,0.578125,2,4
18,2674,0.05303589091636241,0.07736289501190186,0.57421875,3,4
18,2675,0.043675689492374666,0.08251643180847168,0.51171875,3,5
18,2676,0.0368784461170435,0.13883650302886963,0.40625,3,6
18,2677,0.03880457661580295,0.0899001955986023,0.47265625,3,5
18,1150,0.09950221679173411,0.2414461374282837,0.46484375,1,2
18,2504,0.06229224591515959,0.1270662546157837,0.49609375,3,6
18,2678,0.038804192561656244,0.16419625282287598,0.39453125,1,1
18,2679,0.0,0.194244384765625,0.203125,4,5
18,2680,0.037611474748700864,0.08520829677581787,0.4765625,1,3
18,2681,0.0,0.16547024250030518,0.265625,3,6
18,2682,0.052781472913920886,0.0550389289855957,0.68359375,2,5
18,2683,0.05868441471830011,0.07400596141815186,0.6171875,4,7
18,2684,0.05042732215952129,0.05854600667953491,0.64453125,1,2
18,2685,0.0,0.19840925931930542,0.2265625,3,5
18,2686,0.008847503457218414,0.14612650871276855,0.32421875,2,5
18,2687,0.03715827502310277,0.05059850215911865,0.59375,3,7
18,2688,0.02769021433778108,0.11251896619796753,0.3984375,2,4
18,2689,0.03925007965881378,0.15340489149093628,0.40234375,2,3
18,2690,0.016296803951263428,0.016296803951263428,0.77734375,1,2
18,2691,0.04294256237335504,0.04875075817108154,0.65234375,4,8
18,2692,0.05112982727587224,0.057408928871154785,0.65625,1,2
18,2693,0.03925007965881378,0.15340489149093628,0.40234375,1,2
18,2694,0.001988198608160024,0.16965961456298828,0.3046875,2,3
18,2695,0.050078640226274736,0.0601884126663208,0.6328125,3,7
18,2696,0.02930096886120737,0.07463729381561279,0.45703125,1,2
18,2697,0.051143576391041286,0.05742436647415161,0.65625,3,6
18,2698,0.03188201785087586,0.09274768829345703,0.4375,1,2
18,2699,0.039223437197506435,0.15330076217651367,0.40234375,1,2
18,2700,0.046162817277945585,0.06733721494674683,0.57421875,3,6
18,2701,0.033218845725059516,0.10902595520019531,0.421875,3,7
18,2702,0.0,0.15330719947814941,0.24609375,3,6
18,2703,0.00024139881134033203,0.00024139881134033203,0.96875,3,6
18,2704,0.03901938674971462,0.15250325202941895,0.40234375,2,4
18,2705,0.04005732201039792,0.05603647232055664,0.5859375,1,1
18,2706,0.05113120749592782,0.057410478591918945,0.65625,1,1
18,2707,0.05467446031980218,0.09787875413894653,0.5234375,3,7
18,2708,0.0,0.21084380149841309,0.26171875,2,4
18,2709,0.0481902682222426,0.08627068996429443,0.5234375,3,6
18,2710,1.1920928955078125e-07,1.1920928955078125e-07,1.0,1,0
18,2711,0.042940026149153716,0.04821336269378662,0.65625,1,3
18,2712,0.05112181138247252,0.0573999285697937,0.65625,1,2
18,2713,5.364418029785156e-07,5.364418029785156e-07,1.0,1,2
18,2714,0.016361961141228683,0.23270344734191895,0.328125,1,3
18,2715,0.00022870302200317383,0.00022870302200317383,0.984375,1,1
18,2716,0.05103767104446889,0.05730545520782471,0.65625,1,2
18,2717,0.0,0.17222654819488525,0.2265625,1,1
18,2718,0.02769536850973964,0.09089761972427368,0.421875,1,0
18,2719,0.009698811802081769,0.16018682718276978,0.32421875,4,7
18,2720,0.0,0.17020165920257568,0.29296875,3,6
18,2549,0.09073636820539834,0.27986156940460205,0.4296875,1,2
18,2422,0.05713999597355724,0.07205832004547119,0.6171875,2,4
18,2721,0.04746281355619431,0.06295585632324219,0.6015625,4,8
18,2722,0.017889632843434818,0.1635623574256897,0.34375,1,2
18,2723,0.05740604922175408,0.09301233291625977,0.546875,4,8
18,2724,0.0054982644505798895,0.2559192180633545,0.30859375,4,10
18,2725,0.020977137610316283,0.2983415126800537,0.328125,1,2
18,2726,0.026180684566497803,0.026180684566497803,0.734375,1,1
18,2727,0.04942471976391972,0.08269757032394409,0.5390625,1,2
18,2728,0.03535153158009053,0.06557965278625488,0.515625,2,3
18,2729,0.05777244293130935,0.09214794635772705,0.55078125,3,6
18,2730,0.06212021701503546,0.07379478216171265,0.63671875,3,6
18,2731,0.041144667658954866,0.06088459491729736,0.5703125,2,4
18,2732,0.03454454499296845,0.09771716594696045,0.44140625,2,4
18,2733,0.02137601375579834,0.02137601375579834,0.75390625,4,8
18,2734,0.05185145093128086,0.06159615516662598,0.63671875,2,4
18,2735,0.02973704680334777,0.08903723955154419,0.43359375,2,3
18,2736,0.027227094396948825,0.24893343448638916,0.34375,1,2
18,2737,0.0,0.16583764553070068,0.265625,2,1
18,2738,0.03763339295983315,0.0935354232788086,0.4609375,2,4
18,2739,0.019024023553356535,0.1909862756729126,0.33984375,1,2
18,2740,0.040110846748575575,0.18501579761505127,0.38671875,2,4
18,2741,0.044351742602884776,0.08700418472290039,0.50390625,1,1
18,2742,0.046104292152449496,0.06362640857696533,0.58984375,3,6
18,2743,0.049669271800667054,0.15795445442199707,0.42578125,2,1
18,2744,0.054568871157243855,0.06797873973846436,0.62109375,1,2
18,2745,0.08015144895762207,0.26306116580963135,0.421875,1,2
18,2746,0.022707507479935888,0.1761552095413208,0.3515625,1,2
18,2747,0.028913046699017293,0.1396554708480835,0.3828125,1,1
18,2748,0.012487203581258663,0.3044499158859253,0.31640625,1,2
18,2749,0.04217721743043513,0.06727331876754761,0.55078125,2,4
18,2750,0.04784479341469706,0.16222870349884033,0.41796875,2,4
18,2751,0.0206947922706604,0.0206947922706604,0.79296875,1,1
18,2752,0.014958787942305214,0.15017449855804443,0.33984375,2,4
18,2753,0.0,0.2647418975830078,0.25,1,1
18,2754,0.038562483619898565,0.06248098611831665,0.546875,1,2
18,2755,0.04024390177801252,0.05269789695739746,0.60546875,2,2
18,2756,0.04177782428450883,0.06182152032852173,0.5703125,2,3
18,2757,0.0560023463331163,0.07834208011627197,0.5859375,2,4
18,2758,0.03535047126933933,0.0655776858329773,0.515625,1,1
18,2759,0.042124714469537146,0.10221731662750244,0.46484375,2,4
18,2760,0.06277043116278948,0.06971466541290283,0.66015625,2,4
18,2761,0.0,0.2434828281402588,0.14453125,2,3
18,2762,0.032735621323809035,0.13302093744277954,0.3984375,5,10
18,2763,0.0003009409410879059,0.15408176183700562,0.30078125,1,1
18,2764,0.05541864084079862,0.07256865501403809,0.60546875,2,5
18,2765,0.04195232363417746,0.19350981712341309,0.38671875,1,2
18,2766,0.040246865712106235,0.0442197322845459,0.6640625,1,3
18,2767,0.03535259189084173,0.06558161973953247,0.515625,2,4
18,2768,0.038297384977340705,0.06407928466796875,0.5390625,2,3
18,2769,0.0019470453262329102,0.0019470453262329102,0.9453125,2,1
18,2770,0.010571062564849854,0.010571062564849854,0.85546875,1,2
18,2771,0.04248039587400854,0.1030803918838501,0.46484375,3,7
18,2772,0.0,0.18468141555786133,0.203125,1,1
19,2673,0.04901337856426836,0.09092336893081665,0.515625,2,4
19,2634,0.04484800342470408,0.08632397651672363,0.5078125,3,7
19,2773,0.02366432058624924,0.1091543436050415,0.38671875,4,9
19,2774,0.04333756922278554,0.08840173482894897,0.49609375,1,2
19,2775,0.053648492088541395,0.06683218479156494,0.62109375,5,8
19,2776,0.035708790528588004,0.10101050138473511,0.44140625,3,7
19,2777,0.04393315315246583,0.08786630630493164,0.5,3,6
19,2778,0.04785208008252085,0.08718955516815186,0.51953125,3,6
19,2779,0.03282048041000963,0.09034454822540283,0.4453125,2,4
19,2780,0.043420851230621345,0.08684170246124268,0.5,4,8
19,2781,0.043609172338619835,0.0695573091506958,0.55078125,4,8
19,2782,0.04940119944512845,0.08843851089477539,0.5234375,3,6
19,2783,0.039450516458600766,0.08558756113052368,0.484375,4,7
19,2784,0.042344445129856474,0.06754004955291748,0.55078125,2,4
19,2785,0.028719340218231085,0.0859900712966919,0.43359375,4,9
19,2786,0.039273848757147796,0.08704853057861328,0.48046875,3,8
19,2787,0.027064740657806396,0.027064740657806396,0.73828125,3,7
19,2788,0.043339468538761146,0.08840560913085938,0.49609375,2,5
19,2789,0.04286277294158936,0.0795135498046875,0.515625,3,7
19,2790,0.04932113783434034,0.08119750022888184,0.54296875,4,8
19,2791,0.05350425094366074,0.09254789352416992,0.53125,4,7
19,2792,0.0506329257041216,0.08758127689361572,0.53125,3,7
19,2793,0.04148287256248296,0.0846184492111206,0.49609375,3,7
19,2794,0.03669613972306252,0.08698344230651855,0.46875,3,7
19,2795,0.04929840692784638,0.0898248553276062,0.51953125,4,8
19,2796,0.04371586441993714,0.08743172883987427,0.5,3,6
19,2797,0.04254990816116334,0.08509981632232666,0.5,3,7
19,2798,0.005577802658081055,0.005577802658081055,0.83203125,3,6
19,2799,0.008275628089904785,0.008275628089904785,0.82421875,3,7
19,2800,0.047867716755718,0.08721804618835449,0.51953125,2,3
19,2801,0.04393011145293713,0.07598721981048584,0.53125,2,4
19,2802,0.015287346206605441,0.17015480995178223,0.3359375,3,7
19,2803,0.04521768121048809,0.08703553676605225,0.5078125,3,5
19,2804,0.028325997642241425,0.04818242788314819,0.53515625,3,6
19,2805,0.041010994813404984,0.08365589380264282,0.49609375,3,7
19,2806,0.04186513158492745,0.07628095149993896,0.51953125,3,7
19,2807,0.03519177110865713,0.09687197208404541,0.4453125,3,7
19,2808,0.042946616071276374,0.08424776792526245,0.50390625,3,7
19,2809,0.03793658688664437,0.11036098003387451,0.4375,3,6
19,2810,0.04352540848776699,0.08538317680358887,0.50390625,4,8
19,2811,0.03820785298012198,0.08117187023162842,0.48828125,3,8
19,2812,0.04726024181582034,0.08611118793487549,0.51953125,4,8
19,2813,0.007188141345977783,0.007188141345977783,0.8125,4,9
19,2814,0.02063232660293579,0.02063232660293579,0.7734375,2,5
19,2815,0.04020951129496098,0.06955158710479736,0.53125,3,8
19,2816,0.028309881687164307,0.028309881687164307,0.75390625,3,6
19,2817,0.039465434849262244,0.08561992645263672,0.484375,4,8
19,2818,0.0044106245040893555,0.0044106245040893555,0.84375,3,8
19,2819,0.0,0.14844673871994019,0.26171875,2,4
19,2820,0.03118787042330951,0.09338122606277466,0.43359375,3,8
19,2821,0.04559451900422574,0.08458113670349121,0.515625,2,4
19,2822,0.04556588851846755,0.06742697954177856,0.5703125,3,6
19,2549,0.056931506842374816,0.3036347031593323,0.375,1,2
19,2745,0.05155219975858928,0.2900519371032715,0.37109375,1,2
19,2823,0.05286778032314033,0.06137937307357788,0.64453125,2,4
19,2824,0.008090165909379726,0.15931403636932373,0.3203125,1,1
19,2825,0.060623266967013485,0.08041220903396606,0.6015625,3,6
19,2826,0.046945934183895595,0.055129170417785645,0.640625,3,5
19,2827,0.012124836444854736,0.012124836444854736,0.80078125,2,3
19,2828,0.041380548616871245,0.05488818883895874,0.6015625,1,1
19,2829,0.0327584557235241,0.05666327476501465,0.53125,1,1
19,2830,0.033614807180129,0.11397868394851685,0.41796875,1,1
19,2831,0.0442517101764679,0.08850342035293579,0.5,3,5
19,2832,0.06683854735456408,0.08128583431243896,0.62890625,2,4
19,2833,0.0,0.3369826078414917,0.265625,1,2
19,2834,0.04454517737030984,0.0678783655166626,0.5625,2,4
19,2835,0.04666380677372218,0.07560718059539795,0.546875,3,6
19,2836,0.032561640255153186,0.13231396675109863,0.3984375,4,8
19,2837,0.04643672332167626,0.0803229808807373,0.53125,2,4
19,2838,0.058842729544267065,0.07330286502838135,0.62109375,1,3
19,2839,0.0440175379626453,0.07487368583679199,0.53515625,2,2
19,2840,0.03354432282503695,0.13110452890396118,0.40234375,4,8
19,2841,0.04253399372100831,0.0850679874420166,0.5,3,4
19,2842,0.03598916181363166,0.16600406169891357,0.38671875,1,2
19,2843,0.03535749297589064,0.05085122585296631,0.578125,3,6
19,2844,0.03651956794783474,0.09302496910095215,0.45703125,1,2
19,2845,0.0,0.16350674629211426,0.26171875,1,0
19,2846,0.04483307991176844,0.06634259223937988,0.5703125,4,7
19,2847,0.04524030396714807,0.08874726295471191,0.50390625,4,7
19,2848,0.0,0.24561750888824463,0.1953125,3,5
19,2849,0.05480460450053216,0.07085847854614258,0.609375,1,2
19,2850,0.05677341856062413,0.06666970252990723,0.640625,3,7
19,2851,0.025088577065616853,0.12118256092071533,0.3828125,1,1
19,2852,0.044545060023665435,0.06787818670272827,0.5625,1,1
19,2853,0.049935764400288477,0.09611696004867554,0.5078125,3,5
19,2854,0.03754503373056651,0.08899563550949097,0.46875,1,1
19,2855,0.0,0.1517782211303711,0.26171875,1,0
19,2856,0.040851346682757146,0.0683525800704956,0.5390625,2,4
19,2857,0.0,0.19955384731292725,0.17578125,1,2
19,2858,0.03268933156505228,0.10728806257247925,0.421875,3,5
19,2859,0.0,0.2907193899154663,0.203125,1,1
19,2860,0.040065714623779065,0.08692222833633423,0.484375,4,7
19,2861,0.04685847088694573,0.052613019943237305,0.65625,1,1
19,2862,0.0,0.1853182315826416,0.203125,2,5
19,2863,0.0002542005386203564,0.1301506757736206,0.30078125,3,6
19,2864,0.042555897263810046,0.18007123470306396,0.39453125,1,1
19,2865,0.004030700889416045,0.18761080503463745,0.30859375,3,6
19,2866,0.008430719375610352,0.008430719375610352,0.82421875,1,0
19,2867,0.05312895879615099,0.07977133989334106,0.56640625,2,4
19,2868,0.0,0.3077181577682495,0.2265625,1,2
19,2869,0.05800782947335393,0.08461540937423706,0.57421875,3,6
19,2870,0.05202401673886926,0.06991153955459595,0.59765625,2,4
19,2871,0.050900238566100604,0.06931096315383911,0.59375,1,2
19,2872,0.045382257434539504,0.05653458833694458,0.62109375,2,3
19,2873,0.033619342604652054,0.06471091508865356,0.5078125,4,8
19,2874,0.04693220555782319,0.062252044677734375,0.6015625,3,5
19,2875,0.05435294285416604,0.07401251792907715,0.59375,2,4
19,2876,0.05206764279864729,0.08304870128631592,0.55078125,1,2
19,2877,0.05099849263206125,0.06764566898345947,0.6015625,1,3
19,1150,0.06030339002609254,0.26616668701171875,0.390625,1,2
19,2504,0.03761590202338994,0.1365910768508911,0.41015625,3,6
19,2878,0.02015281363856048,0.16915148496627808,0.34765625,1,1
19,2879,0.05247247871011496,0.07546603679656982,0.578125,3,4
19,2880,0.052882576710544534,0.05873292684555054,0.66015625,3,5
19,2881,0.04335310985334218,0.051500678062438965,0.63671875,2,4
19,2882,0.003714196849614387,0.17287898063659668,0.30859375,3,7
19,2883,0.0558629067381844,0.1186797022819519,0.48828125,2,3
19,2884,0.05818663944955916,0.06462377309799194,0.66015625,1,1
19,2885,0.052394713507965214,0.06689798831939697,0.61328125,3,7
19,2886,0.03293768491130323,0.185319721698761,0.37109375,1,2
19,2887,0.03185069095343352,0.037836551666259766,0.63671875,5,9
19,2888,0.008543719537556177,0.16824555397033691,0.3203125,3,6
19,2889,0.05919729010201992,0.10597556829452515,0.5234375,3,6
19,2890,5.602836608886719e-06,5.602836608886719e-06,0.99609375,1,0
19,2891,0.05817395169287921,0.06391644477844238,0.6640625,2,4
19,2892,0.04983786388766021,0.06363338232040405,0.61328125,1,3
19,2893,0.058410003432072706,0.06487184762954712,0.66015625,2,5
19,2894,0.0007406473159790039,0.0007406473159790039,0.93359375,1,2
19,2895,0.058219195809215314,0.06396615505218506,0.6640625,2,5
19,2896,0.0,0.17062592506408691,0.27734375,3,6
19,2897,0.02826883574016393,0.13654381036758423,0.3828125,1,2
19,2898,0.03422891953960062,0.04482150077819824,0.60546875,3,5
19,2899,0.0562373516149819,0.06178867816925049,0.6640625,3,5
19,2900,0.05241152294911445,0.07645213603973389,0.57421875,4,6
19,2901,0.058422776288352914,0.06488603353500366,0.66015625,2,4
19,2902,0.0,0.36709660291671753,0.0703125,1,2
19,2903,0.03336823964491487,0.11701738834381104,0.4140625,3,6
19,2904,0.05502829514443875,0.06855106353759766,0.62109375,4,7
19,2905,0.05718644324224443,0.07301610708236694,0.61328125,3,6
19,2906,0.034783530514687314,0.2070833444595337,0.3671875,2,2
19,2907,0.013515114784240723,0.013515114784240723,0.73828125,1,2
19,2908,0.03277079784311355,0.06684720516204834,0.49609375,2,3
19,2909,0.03889290324877948,0.046202242374420166,0.63671875,1,2
19,2910,0.001875245478004222,0.16002094745635986,0.3046875,2,3
19,2911,3.2782554626464844e-06,3.2782554626464844e-06,0.99609375,1,0
19,2912,0.0,0.21954387426376343,0.14453125,4,6
19,2913,0.017515590414404876,0.16014254093170166,0.34375,3,6
19,2914,0.044464594917371876,0.06676208972930908,0.56640625,3,7
19,2915,0.01781364367343486,0.19827359914779663,0.3359375,1,2
19,2916,0.018937529297545556,0.11970388889312744,0.36328125,1,1
20,2893,0.0526897069066763,0.0618741512298584,0.640625,2,5
20,2895,0.05199880152940751,0.06106281280517578,0.640625,2,5
20,2917,0.0008295178413391113,0.0008295178413391113,0.94921875,2,6
20,2918,0.052906283177435405,0.060735464096069336,0.6484375,2,5
20,2919,0.03630330692976714,0.16023528575897217,0.390625,2,4
20,2920,0.05268925009295345,0.06187361478805542,0.640625,2,6
20,2921,1.1920928955078125e-07,1.1920928955078125e-07,0.99609375,3,6
20,2922,0.052003268152475364,0.061068058013916016,0.640625,1,2
20,2923,0.05197555478662253,0.06103551387786865,0.640625,2,6
20,2924,0.052688894793391235,0.06187319755554199,0.640625,3,6
20,2925,0.006525278091430664,0.006525278091430664,0.89453125,2,5
20,2926,0.05200240528210998,0.061067044734954834,0.640625,2,5
20,2927,0.05269864015281201,0.06188464164733887,0.640625,1,1
20,2928,0.051968905609101064,0.061027705669403076,0.640625,3,8
20,2929,0.0011620521545410156,0.0011620521545410156,0.953125,2,4
20,2930,0.05270046740770341,0.06188678741455078,0.640625,2,4
20,2931,0.03622428048402072,0.0710606575012207,0.50390625,2,4
20,2932,0.05200169468298555,0.06106621026992798,0.640625,2,5
20,2933,0.05269950302317739,0.06188565492630005,0.640625,2,5
20,2934,0.030844967812299732,0.06691789627075195,0.484375,2,4
20,2935,0.04816369386389852,0.055291056632995605,0.6484375,2,4
20,2936,0.05195240955799819,0.061008334159851074,0.640625,2,6
20,2937,0.050556953530758626,0.05869650840759277,0.64453125,2,5
20,2938,0.05309382663108409,0.061641812324523926,0.64453125,2,5
20,2939,0.050403672270476825,0.06057906150817871,0.6328125,1,2
20,2940,0.05245236679911614,0.06159543991088867,0.640625,2,6
20,2941,0.0519966189749539,0.06106024980545044,0.640625,2,5
20,2942,0.05154895747546107,0.05852121114730835,0.65234375,1,2
20,2943,0.04097209870815278,0.05042719841003418,0.625,3,6
20,2944,0.052936728810891516,0.06145942211151123,0.64453125,3,6
20,2945,0.05266574956476689,0.061846017837524414,0.640625,2,5
20,2946,0.05200240528210998,0.061067044734954834,0.640625,3,6
20,2947,0.05349499266594649,0.0607304573059082,0.65234375,1,2
20,2901,0.05270031513646246,0.061886608600616455,0.640625,2,4
20,2883,0.061348949791863575,0.11178171634674072,0.51953125,2,3
20,2948,0.04663655254989863,0.04863119125366211,0.68359375,5,9
20,2949,0.033883960219100125,0.07198584079742432,0.48828125,3,5
20,2950,0.018158974125981334,0.09205341339111328,0.37890625,2,5
20,2951,0.044367643073201186,0.0823051929473877,0.515625,5,7
20,2952,0.010547637939453125,0.010547637939453125,0.8125,1,2
20,2953,0.05162751162424684,0.07322239875793457,0.58203125,2,3
20,2954,0.023331165313720703,0.023331165313720703,0.765625,3,6
20,2955,0.0,0.0,1.0,2,2
20,2956,0.04555080668069423,0.08299648761749268,0.51953125,3,4
20,2957,0.04697118792682887,0.0871349573135376,0.515625,4,7
20,2958,0.007704794406890869,0.007704794406890869,0.8671875,3,7
20,2959,0.0192094729281962,0.10807967185974121,0.37109375,4,8
20,2960,0.028893573209643367,0.08911752700805664,0.4296875,5,8
20,2961,0.024972307495772846,0.14867234230041504,0.3671875,1,1
20,2962,0.04742175294086338,0.11786377429962158,0.4609375,4,7
20,2963,0.041226175846531994,0.04130685329437256,0.69921875,5,8
20,2964,0.0471574841067195,0.11178070306777954,0.46875,2,3
20,2965,5.960464477539063e-08,5.960464477539063e-08,0.99609375,2,3
20,2966,0.0002785325050354004,0.0002785325050354004,0.97265625,3,5
20,2967,0.052445565350353725,0.06158745288848877,0.640625,2,4
20,2968,5.310773849487305e-05,5.310773849487305e-05,0.984375,4,8
20,2969,0.011013388633728027,0.011013388633728027,0.8359375,5,8
20,2970,0.018182325409725312,0.09217178821563721,0.37890625,3,6
20,2971,0.04520446923561395,0.08540475368499756,0.51171875,4,6
20,2972,0.03111067484132946,0.08563798666000366,0.4453125,3,4
20,2973,0.03560256073251367,0.07723945379257202,0.484375,3,6
20,2974,0.0347440242767334,0.0347440242767334,0.71484375,4,8
20,2975,0.058186926646158106,0.0848766565322876,0.57421875,3,6
20,2976,0.018182325409725312,0.09217178821563721,0.37890625,1,1
20,2977,7.128715515136719e-05,7.128715515136719e-05,0.98046875,2,2
20,2978,0.03622428048402072,0.0710606575012207,0.50390625,2,4
20,2979,0.0207676871214062,0.02122366428375244,0.69140625,3,6
20,2980,0.03475078102201224,0.0956580638885498,0.4453125,3,7
20,2981,0.04973865672945977,0.06772923469543457,0.59375,5,8
20,2982,0.03941869782283903,0.08374428749084473,0.48828125,2,4
20,2983,0.05462520197033883,0.08201789855957031,0.56640625,2,4
20,2984,0.03614515950903297,0.07090544700622559,0.50390625,2,4
20,2985,0.04995896690525115,0.07968533039093018,0.55078125,5,8
20,2986,0.040857255458831794,0.08171451091766357,0.5,1,1
20,2987,0.04653389123268426,0.09886038303375244,0.48828125,5,8
20,2988,0.041454951278865344,0.04758954048156738,0.6484375,2,3
20,2989,0.036185388453304775,0.0709843635559082,0.50390625,2,4
20,2990,0.03181761817540974,0.08529120683670044,0.44921875,4,7
20,2991,0.0520015424117446,0.06106603145599365,0.640625,2,3
20,2992,0.039627074380405254,0.08783143758773804,0.48046875,3,4
20,2993,0.03646481130272151,0.08848333358764648,0.46484375,3,5
20,2832,0.05514840211253614,0.07821601629257202,0.58203125,2,4
20,2825,0.053425775840878494,0.08141070604324341,0.5625,3,6
20,2994,0.03425416350364686,0.1089324951171875,0.42578125,2,4
20,2995,0.03940520097967238,0.09561830759048462,0.46484375,3,8
20,2996,0.04251730581745506,0.05110061168670654,0.6328125,4,6
20,2997,0.0,0.2079877257347107,0.16015625,4,6
20,2998,0.044448328204453,0.06577324867248535,0.5703125,4,6
20,2999,0.05208550207316876,0.06908750534057617,0.6015625,3,3
20,3000,0.046739878132939346,0.0619969367980957,0.6015625,3,6
20,3001,0.04719784809276462,0.047757506370544434,0.6953125,3,6
20,3002,0.03632161370478571,0.08414781093597412,0.47265625,3,6
20,3003,0.00792020559310913,0.00792020559310913,0.84765625,2,5
20,3004,0.0,0.3495452404022217,0.2578125,1,3
20,3005,0.016789415618404753,0.1409209966659546,0.34765625,1,1
20,3006,0.042522257193923,0.07355201244354248,0.53125,1,3
20,3007,0.012156128883361816,0.012156128883361816,0.859375,1,2
20,3008,0.013866310007870199,0.09341514110565186,0.359375,1,2
20,3009,0.03954565164167435,0.08401399850845337,0.48828125,3,6
20,3010,0.03507319907657803,0.04840290546417236,0.58984375,3,5
20,3011,0.05030587688088418,0.07235002517700195,0.578125,3,7
20,3012,0.031430115457624204,0.043375253677368164,0.58984375,1,1
20,3013,0.0,0.19221752882003784,0.1796875,2,2
20,3014,0.022843242622911934,0.17720818519592285,0.3515625,3,6
20,3015,0.0,0.38484036922454834,0.21875,1,2
20,3016,0.013469679048284895,0.1499233841896057,0.3359375,1,1
20,3017,0.0,0.20984768867492676,0.15234375,2,5
20,3018,0.050621956586837775,0.05811309814453125,0.6484375,1,1
20,3019,0.04546202439814807,0.05218958854675293,0.6484375,2,4
20,3020,0.024869707063771788,0.1572011113166809,0.36328125,3,5
20,3021,0.0,0.2654206156730652,0.2734375,1,2
20,3022,0.04265726264566184,0.14000332355499268,0.421875,2,3
20,3023,0.056711074896156795,0.07240915298461914,0.61328125,3,5
20,3024,0.0477784734684974,0.06420624256134033,0.59765625,3,4
20,3025,0.052621489390730865,0.06179404258728027,0.640625,2,4
20,3026,0.04005693597719074,0.12354910373687744,0.4296875,4,6
20,3027,0.04256521188654006,0.06298667192459106,0.5703125,1,1
20,3028,0.05401326622813941,0.06064647436141968,0.65625,3,7
20,3029,0.045970315346494324,0.07332336902618408,0.55078125,3,7
20,3030,0.044628581963479526,0.08431673049926758,0.51171875,3,5
20,3031,0.018182325409725312,0.09217178821563721,0.37890625,1,1
20,3032,0.04309586738236249,0.06873857975006104,0.55078125,4,7
20,3033,0.041262647602707155,0.0895189642906189,0.484375,3,6
20,3034,0.052529416047036655,0.061685919761657715,0.640625,4,6
20,3035,0.04446242609992624,0.06579411029815674,0.5703125,4,7
20,3036,0.0380059089511633,0.08804988861083984,0.47265625,2,3
20,3037,0.025330991018563516,0.14252161979675293,0.37109375,2,4
20,3038,5.1975250244140625e-05,5.1975250244140625e-05,0.984375,3,6
20,3039,0.04834797780495138,0.05041581392288208,0.68359375,2,4
20,3040,0.029961228370666504,0.029961228370666504,0.71484375,1,1
20,3041,0.018182537052780393,0.09217286109924316,0.37890625,2,5
20,3042,0.023460678057745103,0.169181227684021,0.35546875,4,7
20,3043,0.05075499741360546,0.12614834308624268,0.4609375,3,7
20,3044,0.05016199802048505,0.07531654834747314,0.56640625,4,7
20,3045,0.02451517246663571,0.1459507942199707,0.3671875,3,5
20,3046,0.03778670250903816,0.05214768648147583,0.58984375,3,5
20,3047,0.0208370964974165,0.15026187896728516,0.35546875,3,4
20,3048,0.024402552517130978,0.1893046498298645,0.3515625,1,2
20,3049,0.03996452665887774,0.06276637315750122,0.5546875,4,6
20,3050,0.03784239082597197,0.08387577533721924,0.48046875,3,6
20,3051,0.03991158050484956,0.05293971300125122,0.6015625,2,4
20,3052,0.040334003744646914,0.07620298862457275,0.51171875,4,6
20,3053,1.7881393432617188e-07,1.7881393432617188e-07,0.99609375,4,8
20,3054,0.04833540553227068,0.06670546531677246,0.58984375,4,7
20,3055,0.0465962109155953,0.0779649019241333,0.5390625,3,5
20,3056,0.05000686179846526,0.06901216506958008,0.58984375,3,7
20,3057,0.018182325409725312,0.09217178821563721,0.37890625,1,0
20,3058,0.037644768133759506,0.04993295669555664,0.6015625,2,3
20,3059,0.05124295526184142,0.13736331462860107,0.44921875,1,1
20,3060,0.05270016286522151,0.06188642978668213,0.640625,3,5
21,2947,0.05696054152213038,0.05763596296310425,0.6953125,1,2
21,2938,0.05613681755494327,0.05853778123855591,0.68359375,2,5
21,3061,0.056366543285548694,0.0587773323059082,0.68359375,2,5
21,3062,0.05674713850021362,0.05674713850021362,0.70703125,1,2
21,3063,0.059664130210876465,0.059664130210876465,0.70703125,3,5
21,3064,0.057945937616750605,0.05805933475494385,0.69921875,3,6
21,3065,0.05616328259930015,0.058565378189086914,0.68359375,2,5
21,3066,0.05633762036450208,0.058747172355651855,0.68359375,2,5
21,3067,0.05620889621786774,0.058612942695617676,0.68359375,1,2
21,3068,0.0,0.17347759008407593,0.2734375,2,3
21,3069,0.056359226815402515,0.05876970291137695,0.68359375,2,3
21,3070,6.264448165893555e-05,6.264448165893555e-05,0.984375,1,1
21,3071,0.06273275357671083,0.15591830015182495,0.4609375,3,6
21,3072,0.05486714839935303,0.05486714839935303,0.72265625,1,2
21,3073,0.05636642896570266,0.05877721309661865,0.68359375,2,4
21,3074,0.05633853492327035,0.05874812602996826,0.68359375,3,6
21,3075,0.044285910436883576,0.15530401468276978,0.4140625,2,4
21,3076,0.05648277653381229,0.062058329582214355,0.6640625,3,6
21,3077,0.08787953853607179,0.1263885498046875,0.578125,1,3
21,3078,2.1457672119140625e-06,2.1457672119140625e-06,0.99609375,2,4
21,3079,0.05636665760539473,0.058777451515197754,0.68359375,2,2
21,3080,0.0563618561718613,0.05877244472503662,0.68359375,3,7
21,3081,0.05636860104277731,0.05877947807312012,0.68359375,2,4
21,3082,0.06273354496806861,0.15592026710510254,0.4609375,2,4
21,3083,0.06273354496806861,0.15592026710510254,0.4609375,1,3
21,3084,0.056243763770908124,0.058649301528930664,0.68359375,4,8
21,3085,0.05665211938321591,0.05847960710525513,0.6875,2,5
21,3086,0.05636585736647249,0.0587766170501709,0.68359375,3,5
21,3087,6.377696990966797e-06,6.377696990966797e-06,1.0,1,1
21,3088,1.1920928955078125e-07,1.1920928955078125e-07,0.99609375,2,4
21,3089,0.0553677307907492,0.05773580074310303,0.68359375,2,5
21,3090,0.05616876110434533,0.05798065662384033,0.6875,1,2
21,3091,0.05636505712755025,0.05877578258514404,0.68359375,2,2
21,3092,3.3974647521972656e-06,3.3974647521972656e-06,0.99609375,1,1
21,3093,3.039836883544922e-06,3.039836883544922e-06,0.99609375,3,5
21,3094,0.0551207798998803,0.05867326259613037,0.67578125,2,6
21,3095,0.0,0.28052204847335815,0.14453125,1,2
21,3096,1.0013580322265625e-05,1.0013580322265625e-05,0.9921875,1,1
21,3097,0.05636585736647249,0.0587766170501709,0.68359375,3,5
21,3098,2.9206275939941406e-05,2.9206275939941406e-05,0.98828125,2,2
21,3099,0.05749181611463428,0.058173537254333496,0.6953125,3,5
21,3100,1.1920928955078125e-07,1.1920928955078125e-07,1.0,2,3
21,3101,1.1920928955078125e-07,1.1920928955078125e-07,1.0,2,1
21,3102,0.056183081120252616,0.05799543857574463,0.6875,1,1
21,3103,0.05611494556069375,0.05792510509490967,0.6875,2,5
21,3104,0.056364028248935945,0.058774709701538086,0.68359375,2,5
21,3105,1.1920928955078125e-07,1.1920928955078125e-07,1.0,1,1
21,3023,0.07493990566581489,0.07658529281616211,0.69140625,3,5
21,2832,0.07009832188487054,0.07539987564086914,0.671875,2,4
21,3106,0.0,0.2006700038909912,0.19140625,2,2
21,3107,0.06267215218394996,0.15576767921447754,0.4609375,2,2
21,3108,0.0,0.19627761840820312,0.2109375,2,5
21,3109,0.05689258687198163,0.07355809211730957,0.609375,4,6
21,3110,0.07417555293068291,0.08063244819641113,0.66796875,3,4
21,3111,0.07292031962424518,0.07843530178070068,0.671875,2,4
21,3112,2.7954578399658203e-05,2.7954578399658203e-05,0.98828125,4,6
21,3113,0.0664417799562216,0.06928348541259766,0.68359375,3,7
21,3114,0.06803288124501707,0.09264051914215088,0.59375,3,6
21,3115,0.06104671675711871,0.06566369533538818,0.671875,4,6
21,3116,0.06975626945495605,0.06975626945495605,0.71875,4,6
21,3117,0.0763881210004911,0.0796552300453186,0.68359375,3,4
21,3118,0.055420726537704475,0.06821012496948242,0.625,2,4
21,3119,0.0,0.16463136672973633,0.296875,3,4
21,3120,0.029948830604553223,0.029948830604553223,0.8046875,3,6
21,3121,0.0,0.17985635995864868,0.2421875,3,6
21,3122,0.05393988126888872,0.07757645845413208,0.578125,2,3
21,3123,0.05616602627560497,0.05856823921203613,0.68359375,4,5
21,3124,0.056362313451245434,0.058772921562194824,0.68359375,1,1
21,3125,0.030939381336793314,0.18419724702835083,0.3671875,3,7
21,3126,0.05335497856140137,0.05335497856140137,0.71484375,4,6
21,3127,0.06736022233963013,0.06736022233963013,0.71875,3,3
21,3128,0.05162920849397779,0.05439126491546631,0.6796875,3,7
21,3129,0.0,0.0,1.0,3,4
21,3130,0.0,0.27332502603530884,0.23828125,3,5
21,3131,0.06767010129988195,0.06985300779342651,0.6875,3,3
21,3132,0.05646295659244061,0.05828434228897095,0.6875,2,4
21,3133,0.05536647676490248,0.07250034809112549,0.60546875,3,6
21,3134,0.06633662059903146,0.07061195373535156,0.67578125,3,7
21,3135,0.06951174221467228,0.07103794813156128,0.69140625,3,7
21,3136,0.05601125769317151,0.06977558135986328,0.62109375,4,6
21,3137,0.04872272955253721,0.07209837436676025,0.5703125,4,7
21,3138,0.05120935756713153,0.09674978256225586,0.51171875,2,3
21,3139,0.00027942657470703125,0.00027942657470703125,0.98046875,3,6
21,3140,0.04781883955001831,0.04781883955001831,0.74609375,1,1
21,3141,0.05389383272267879,0.05985605716705322,0.66015625,3,6
21,3142,0.0772384508745745,0.16409164667129517,0.48828125,3,7
21,3143,0.012562870979309082,0.012562870979309082,0.87109375,1,1
21,3144,0.058034539222717285,0.058034539222717285,0.72265625,2,4
21,3145,0.07191067934036255,0.07191067934036255,0.703125,4,6
21,3146,0.05809986591339111,0.05809986591339111,0.703125,4,6
21,3147,0.0566362941171974,0.05787980556488037,0.69140625,1,1
21,3148,0.05617488338612021,0.07355892658233643,0.60546875,2,5
21,3149,0.050513374269939966,0.05162245035171509,0.69140625,2,3
21,3150,0.034088401589542634,0.10840535163879395,0.42578125,2,4
21,3151,0.0713615706190467,0.08012527227401733,0.65625,2,3
21,3152,0.07670364715158941,0.07685375213623047,0.69921875,4,7
21,3153,0.051263557979837074,0.09685218334197998,0.51171875,3,4
21,3154,0.05425828066654504,0.06927740573883057,0.61328125,2,4
21,3155,0.06630058330483736,0.06708675622940063,0.6953125,4,8
21,3156,0.05190145713277162,0.05702477693557739,0.6640625,3,4
21,3157,0.05633447656873614,0.05874389410018921,0.68359375,4,5
21,3158,0.056221242761239416,0.05862581729888916,0.68359375,4,6
21,2883,0.07164381933398546,0.11082065105438232,0.55859375,2,3
21,2975,0.06232769193593413,0.088398277759552,0.58203125,3,6
21,3159,0.08162825624458493,0.10422360897064209,0.61328125,2,3
21,3160,0.061999094672501094,0.08916723728179932,0.578125,2,4
21,3161,0.056083715986460454,0.05848240852355957,0.68359375,2,4
21,3162,0.0480521220015362,0.0845453143119812,0.52734375,2,3
21,3163,0.05689286347478629,0.07355844974517822,0.609375,3,4
21,3164,0.05634779483079911,0.058757781982421875,0.68359375,2,3
21,3165,0.0655882232822478,0.06702828407287598,0.69140625,3,5
21,3166,0.061229586601257324,0.061229586601257324,0.734375,2,3
21,3167,0.05636585736647249,0.0587766170501709,0.68359375,2,3
21,3168,0.02093605534173549,0.17572557926177979,0.34765625,2,4
21,3169,0.051263557979837074,0.09685218334197998,0.51171875,3,5
21,3170,0.01645517349243164,0.01645517349243164,0.8046875,2,4
21,3171,0.05636585736647249,0.0587766170501709,0.68359375,2,4
21,3172,0.06501978891901673,0.15777313709259033,0.46484375,2,3
21,3173,0.0177762508392334,0.0177762508392334,0.8046875,2,3
21,3174,2.6464462280273438e-05,2.6464462280273438e-05,0.98828125,1,1
21,3175,0.04676458379253746,0.09733116626739502,0.4921875,3,5
21,3176,0.018822014331817627,0.018822014331817627,0.8359375,3,6
21,3177,1.1920928955078125e-07,1.1920928955078125e-07,0.99609375,1,0
21,3178,0.030451234197244055,0.1237383484840393,0.3984375,2,4
21,3179,0.05677638738416136,0.08917027711868286,0.5546875,2,5
21,3180,0.058722294867038734,0.08948159217834473,0.5625,2,3
21,3181,0.05272516887634993,0.05612325668334961,0.67578125,2,5
21,3182,0.05057554133236409,0.08194518089294434,0.546875,1,2
21,3183,1.1920928955078125e-07,1.1920928955078125e-07,1.0,3,5
21,3184,0.05415749223902823,0.09695327281951904,0.5234375,2,4
21,3185,0.01884925365447998,0.01884925365447998,0.8203125,2,3
21,3186,0.056349795428104706,0.058759868144989014,0.68359375,2,4
21,3187,0.056183081120252616,0.05799543857574463,0.6875,2,4
21,3188,0.06182604236528279,0.09861350059509277,0.55078125,4,8
21,3189,2.6226043701171875e-05,2.6226043701171875e-05,0.9921875,1,0
21,3190,0.051263557979837074,0.09685218334197998,0.51171875,2,4
21,3191,0.05643763463012875,0.061350464820861816,0.66796875,2,4
21,3192,0.0518316524103284,0.09615147113800049,0.515625,3,5
21,3193,0.0021134018898010254,0.0021134018898010254,0.95703125,2,3
21,3194,0.0,0.2817039489746094,0.15234375,3,4
21,3195,0.03542952053248883,0.13338172435760498,0.40625,3,4
21,3196,0.059809806989505894,0.07450759410858154,0.62109375,3,5
21,3197,0.06171562720555813,0.090023934841156,0.57421875,2,4
21,3198,0.0651446378324181,0.07157522439956665,0.6640625,2,4
21,3199,0.06083653843961657,0.08175408840179443,0.59765625,4,7
21,3200,0.05520912888459862,0.15617167949676514,0.44140625,2,3
21,3201,0.05551544157788158,0.07088255882263184,0.61328125,4,6
21,3202,0.0562846331158653,0.05869191884994507,0.68359375,2,4
21,3203,0.05994476261548699,0.10546982288360596,0.52734375,1,2
21,3204,0.04759401082992554,0.04759401082992554,0.73046875,1,2
22,3083,0.045932123903185136,0.15574336051940918,0.41796875,1,3
22,3082,0.045932123903185136,0.15574336051940918,0.41796875,2,4
22,3205,0.051960865966975696,0.055890679359436035,0.671875,3,6
22,3206,0.05220933887176216,0.07615721225738525,0.57421875,4,5
22,3207,0.051959646865725524,0.05588936805725098,0.671875,2,4
22,3208,0.05223928857594729,0.06134521961212158,0.640625,2,3
22,3209,0.045931315282359726,0.1557406187057495,0.41796875,4,7
22,3210,0.051924569997936494,0.055851638317108154,0.671875,1,2
22,3211,0.0,0.0,1.0,2,4
22,3212,0.038987321080639965,0.05105245113372803,0.60546875,3,6
22,3213,0.04828348476439715,0.05669987201690674,0.640625,1,3
22,3214,0.051405188860371716,0.055879950523376465,0.66796875,2,4
22,3215,0.045932123903185136,0.15574336051940918,0.41796875,3,7
22,3216,0.051630378700792796,0.055535197257995605,0.671875,3,4
22,3217,0.05169454775750638,0.05560421943664551,0.671875,2,2
22,3218,0.04586043790914119,0.15550029277801514,0.41796875,2,3
22,3219,0.04593113949522377,0.15574002265930176,0.41796875,4,8
22,3220,0.049363411031663425,0.05542558431625366,0.65625,1,2
22,3221,0.051863005384802825,0.055785417556762695,0.671875,3,6
22,3222,0.0,0.19351726770401,0.23046875,1,3
22,3223,0.046951388823799796,0.0599479079246521,0.61328125,2,3
22,3224,0.0,0.16933315992355347,0.2734375,2,4
22,3225,0.052715567522682256,0.05497020483016968,0.68359375,1,2
22,3226,0.035829048603773124,0.06528282165527344,0.51953125,1,2
22,3227,0.05193687183782459,0.05586487054824829,0.671875,1,3
22,3228,0.04605821636505426,0.06915485858917236,0.56640625,3,6
22,3229,6.258487701416016e-06,6.258487701416016e-06,0.99609375,1,1
22,3230,0.04593129770364613,0.15574055910110474,0.41796875,2,4
22,3231,5.960464477539063e-08,5.960464477539063e-08,1.0,1,1
22,3232,0.03400808572769165,0.03400808572769165,0.7421875,3,4
22,3233,0.048065186128951616,0.05845457315444946,0.62890625,2,4
22,3234,0.05229790206067265,0.05509573221206665,0.6796875,1,2
22,3235,0.02276545763015747,0.02276545763015747,0.78515625,1,3
22,3236,0.04735638527199627,0.05691659450531006,0.6328125,3,6
22,3237,0.047201976180076606,0.05809473991394043,0.625,3,4
22,3238,0.044214461231604225,0.06839215755462646,0.55859375,2,2
22,3239,0.052307124249637134,0.05510544776916504,0.6796875,3,5
22,3240,0.047380541451275356,0.060495853424072266,0.61328125,4,7
22,3241,0.051959536038339145,0.055889248847961426,0.671875,2,4
22,3242,0.045932510634884245,0.15574467182159424,0.41796875,3,5
22,3243,0.04947501223068685,0.05877310037612915,0.63671875,3,5
22,3244,1.1920928955078125e-07,1.1920928955078125e-07,1.0,2,4
22,3245,0.028525471687316895,0.028525471687316895,0.7421875,3,5
22,3246,0.0,0.1785508394241333,0.296875,3,8
22,3247,0.04945401451550425,0.07013976573944092,0.58203125,3,7
22,3248,0.0,0.1693035364151001,0.2734375,4,7
22,3159,0.07693227310664953,0.10204488039016724,0.6015625,2,3
22,2883,0.07985616778023542,0.10731327533721924,0.59765625,2,3
22,3249,0.048879722133278854,0.08178567886352539,0.5390625,3,5
22,3250,0.08156630792655052,0.09919703006744385,0.62890625,2,3
22,3251,2.205371856689453e-05,2.205371856689453e-05,0.9921875,2,3
22,3252,0.04263500683009625,0.07374703884124756,0.53125,3,6
22,3253,0.0522996154613793,0.13322091102600098,0.45703125,1,2
22,3254,0.06970339827239515,0.10621470212936401,0.5625,2,3
22,3255,0.04008573107421399,0.07715749740600586,0.5078125,2,2
22,3256,0.06004610192030669,0.0839989185333252,0.5859375,2,2
22,3257,0.038456205511465676,0.08169949054718018,0.48828125,1,2
22,3258,0.058312066365033395,0.06619906425476074,0.65234375,3,6
22,3259,0.04584738006815315,0.08353686332702637,0.51953125,3,5
22,3260,0.04126022185664625,0.09145122766494751,0.48046875,3,6
22,3261,0.04313491831999273,0.06880086660385132,0.55078125,2,4
22,3262,0.050526969134807594,0.07935523986816406,0.5546875,3,6
22,3263,0.03501312108710409,0.041593313217163086,0.63671875,2,4
22,3264,1.1920928955078125e-07,1.1920928955078125e-07,1.0,2,2
22,3265,0.049463021568954,0.08014261722564697,0.546875,4,7
22,3266,0.06384827790316196,0.0724840760231018,0.65234375,2,3
22,3267,0.05933431489393116,0.07769608497619629,0.60546875,3,5
22,3268,0.049806313123554,0.08472037315368652,0.53515625,1,2
22,3269,0.054182133637368686,0.055371761322021484,0.69140625,2,3
22,3270,0.05381687358021737,0.05977058410644531,0.66015625,3,7
22,3271,0.03219114942476154,0.08629250526428223,0.44921875,1,1
22,3272,0.02985647949390114,0.1047021746635437,0.4140625,2,3
22,3273,0.06096475222148002,0.06627166271209717,0.66796875,2,3
22,3274,0.05318405909929425,0.0798540711402893,0.56640625,3,6
22,3275,5.829334259033203e-05,5.829334259033203e-05,0.98828125,2,1
22,3276,0.006317734718322754,0.006317734718322754,0.8671875,3,6
22,3277,0.05029263754840941,0.08021754026412964,0.55078125,2,4
22,3278,0.043723773211240775,0.08918952941894531,0.49609375,2,3
22,3279,0.04574955510906876,0.09719407558441162,0.48828125,3,7
22,3280,0.0032378435134887695,0.0032378435134887695,0.92578125,2,2
22,3281,0.03750065760686994,0.08495724201202393,0.4765625,2,4
22,3282,0.004747867584228516,0.004747867584228516,0.890625,2,3
22,3283,0.03219034895300866,0.08629035949707031,0.44921875,2,3
22,3284,0.05951958056539298,0.07505917549133301,0.6171875,2,3
22,3285,0.03219057130627335,0.08629095554351807,0.44921875,3,4
22,3286,0.0651134935906157,0.12773221731185913,0.50390625,2,4
22,3287,0.03953307145275176,0.06508338451385498,0.54296875,2,4
22,3288,2.199411392211914e-05,2.199411392211914e-05,0.9921875,2,2
22,3077,0.06062376499176027,0.12124752998352051,0.5,1,3
22,3142,0.0560746027622372,0.15031516551971436,0.44921875,3,7
22,3289,0.05228918581269682,0.05565917491912842,0.67578125,5,8
22,3290,0.04323053476400674,0.13747847080230713,0.42578125,1,3
22,3291,0.0,0.18996983766555786,0.21484375,3,2
22,3292,0.021998168434947733,0.1481981873512268,0.359375,3,7
22,3293,0.060199582949280746,0.14269530773162842,0.46875,1,3
22,3294,0.05143757374025882,0.06255590915679932,0.62890625,3,6
22,3295,0.035829244880005724,0.06528317928314209,0.51953125,4,6
22,3296,0.03577723167836667,0.06518840789794922,0.51953125,3,6
22,3297,0.0,0.22842103242874146,0.08203125,1,3
22,3298,0.04021454241592438,0.052659451961517334,0.60546875,1,1
22,3299,0.04556498490273953,0.05746126174926758,0.6171875,3,4
22,3300,0.0398496799170971,0.09669685363769531,0.46484375,1,1
22,3301,0.03436545049771667,0.08977097272872925,0.453125,3,8
22,3302,0.0,0.17341744899749756,0.25390625,2,4
22,3303,0.035798462224192924,0.06522709131240845,0.51953125,3,4
22,3304,0.057113979943096645,0.06556582450866699,0.6484375,3,3
22,3305,0.016865860205143694,0.12162423133850098,0.35546875,1,2
22,3306,0.012676160549744969,0.15829741954803467,0.33203125,2,3
22,3307,0.05833169678226114,0.07010757923126221,0.6328125,4,7
22,3308,0.0496147086378187,0.050203025341033936,0.6953125,2,3
22,3309,0.04017494141589851,0.05544358491897583,0.58984375,1,2
22,3310,0.0005053281784057617,0.0005053281784057617,0.9765625,2,4
22,3311,0.0,0.17266422510147095,0.2578125,2,3
22,3312,0.0,0.16695702075958252,0.28515625,1,3
22,3313,0.050316600361838944,0.06761705875396729,0.59765625,2,4
22,3314,0.007093594875186687,0.17294859886169434,0.31640625,3,6
22,3315,0.04942942934576423,0.14799922704696655,0.43359375,4,6
22,3316,0.05174533079843969,0.061470091342926025,0.63671875,4,6
22,3317,0.05744434578809888,0.0752212405204773,0.60546875,5,8
22,3318,0.048667587805539377,0.05405163764953613,0.66015625,1,2
22,3319,0.03582881961483509,0.06528240442276001,0.51953125,1,1
22,3320,0.041167616844177246,0.041167616844177246,0.73046875,5,8
22,3321,0.054481455241329975,0.06786984205245972,0.62109375,4,6
22,3322,0.05062898993492127,0.06231260299682617,0.625,4,4
22,3323,0.052794080227613456,0.17901039123535156,0.41796875,3,6
22,3324,0.03582221164833755,0.06527036428451538,0.51953125,1,2
22,3325,0.04598220437765122,0.0700681209564209,0.5625,3,5
22,3326,0.04557764134369791,0.17813551425933838,0.40234375,3,6
22,3327,0.038437085226178176,0.05098390579223633,0.6015625,5,8
22,3328,0.0543722826987505,0.061049580574035645,0.65625,4,6
22,3329,0.05408621253445745,0.06279397010803223,0.64453125,3,5
22,3330,0.029706217115744955,0.18777263164520264,0.36328125,5,9
22,3331,0.0,0.18815797567367554,0.18359375,4,5
22,3332,0.017432413063943393,0.1463179588317871,0.34765625,2,3
22,3333,0.053069567307829864,0.05958688259124756,0.65625,1,2
22,3334,0.04432834731414915,0.08223229646682739,0.515625,3,5
22,3335,0.06610271753743292,0.08655905723571777,0.60546875,4,4
22,3336,0.038081624079495675,0.16113877296447754,0.39453125,3,7
22,3337,0.047053787508048124,0.06673556566238403,0.58203125,4,8
22,3338,0.07675980404019357,0.11696732044219971,0.5625,2,3
22,3339,0.05603874335065485,0.06506085395812988,0.64453125,3,7
22,3340,0.03643649246077985,0.06410819292068481,0.52734375,1,3
22,3341,0.03997189644724131,0.08319354057312012,0.4921875,3,5
22,3342,0.045099613722413785,0.07546079158782959,0.5390625,3,4
22,3343,0.0,0.16657310724258423,0.27734375,1,2
22,3344,0.0,0.1697089672088623,0.2734375,4,8
22,3345,0.044073312543332584,0.07374358177185059,0.5390625,4,6
22,3346,0.05372537719085813,0.06099200248718262,0.65234375,3,4
22,3347,0.001546605722978715,0.13197702169418335,0.3046875,1,3
22,3348,0.051959425210952766,0.055889129638671875,0.671875,5,8
23,3242,0.05648863012902439,0.15549558401107788,0.4453125,3,5
23,3238,0.0462336934870109,0.06557244062423706,0.58203125,2,2
23,3349,2.3365020751953125e-05,2.3365020751953125e-05,1.0,3,5
23,3350,0.05648932303301991,0.1554974913597107,0.4453125,3,4
23,3351,0.05648921476677061,0.15549719333648682,0.4453125,4,5
23,3352,0.014933229191228754,0.16621333360671997,0.3359375,3,5
23,3353,0.0,0.19614362716674805,0.21484375,3,6
23,3354,0.05468650558032096,0.05761212110519409,0.6796875,3,6
23,3355,0.042937725782394416,0.052846431732177734,0.625,2,2
23,3356,5.924701690673828e-05,5.924701690673828e-05,0.98828125,3,5
23,3357,0.05458975746296347,0.057510197162628174,0.6796875,2,4
23,3225,0.054401156492531307,0.05672788619995117,0.68359375,1,2
23,3239,0.053933624178171165,0.05681896209716797,0.6796875,3,5
23,3358,0.0487369962502271,0.0638192892074585,0.60546875,1,1
23,3359,0.053980973898433156,0.056289732456207275,0.68359375,3,5
23,3360,0.05415866058319808,0.05764913558959961,0.67578125,3,4
23,3361,0.04514265060424805,0.04514265060424805,0.71875,1,2
23,3362,0.05416045244783164,0.05765104293823242,0.67578125,4,7
23,3363,1.1920928955078125e-07,1.1920928955078125e-07,1.0,3,4
23,3364,0.054158716578967876,0.057649195194244385,0.67578125,1,2
23,3365,1.1920928955078125e-07,1.1920928955078125e-07,1.0,4,4
23,3366,2.2292137145996094e-05,2.2292137145996094e-05,0.99609375,3,3
23,3367,5.960464477539063e-08,5.960464477539063e-08,1.0,1,1
23,3368,0.05415434890892357,0.057644546031951904,0.67578125,2,4
23,3369,0.05257739871740342,0.05655384063720703,0.671875,1,3
23,3370,0.054016543319448836,0.05749785900115967,0.67578125,3,5
23,3371,0.0547226588241756,0.057650208473205566,0.6796875,4,6
23,3372,2.2351741790771484e-05,2.2351741790771484e-05,0.99609375,4,5
23,3373,0.0018097162246704102,0.0018097162246704102,0.95703125,4,5
23,3374,1.1920928955078125e-07,1.1920928955078125e-07,1.0,4,5
23,3375,0.046640992164611816,0.046640992164611816,0.734375,1,2
23,3376,0.0432889461517334,0.0432889461517334,0.73046875,4,5
23,3377,0.054158716578967876,0.057649195194244385,0.67578125,3,6
23,3378,0.055016425903886564,0.05736947059631348,0.68359375,1,2
23,3379,0.05416039645206184,0.057650983333587646,0.67578125,4,7
23,3380,0.05415821261703969,0.057648658752441406,0.67578125,4,7
23,3381,0.020916223526000977,0.020916223526000977,0.74609375,5,7
23,3382,0.053930908441543586,0.05681610107421875,0.6796875,1,1
23,3383,0.04834167705848814,0.1537325382232666,0.42578125,1,1
23,3384,0.0,0.15862780809402466,0.25390625,1,1
23,3385,0.05238632636610419,0.05462688207626343,0.68359375,1,2
23,3386,2.2411346435546875e-05,2.2411346435546875e-05,0.99609375,3,3
23,3387,0.05391506664454938,0.05679941177368164,0.6796875,3,6
23,3388,0.02579367160797119,0.02579367160797119,0.75,4,5
23,3389,0.0539331715553999,0.056818485260009766,0.6796875,1,2
23,3390,0.04664536588825286,0.050705790519714355,0.66796875,4,6
23,3258,0.06118455762043596,0.06795334815979004,0.66015625,3,6
23,3270,0.05805283784866333,0.05805283784866333,0.71875,3,7
23,3391,0.05587822198867798,0.05587822198867798,0.72265625,4,8
23,3392,0.017704881727695472,0.10540580749511719,0.3671875,4,8
23,3393,0.04349913471378387,0.08372765779495239,0.5078125,3,3
23,3394,0.03558891825377942,0.12480497360229492,0.4140625,3,6
23,3395,0.05190494656562806,0.07464981079101562,0.578125,3,6
23,3396,0.04259127378463746,0.0851825475692749,0.5,3,6
23,3397,2.2411346435546875e-05,2.2411346435546875e-05,0.99609375,3,6
23,3398,2.2351741790771484e-05,2.2351741790771484e-05,0.99609375,2,3
23,3399,0.04259127378463746,0.0851825475692749,0.5,3,6
23,3400,2.2351741790771484e-05,2.2351741790771484e-05,0.99609375,3,5
23,3401,0.05639784713275731,0.14366018772125244,0.45703125,2,3
23,3402,0.007780909538269043,0.007780909538269043,0.859375,3,6
23,3403,3.790855407714844e-05,3.790855407714844e-05,1.0,3,6
23,3404,0.04333465523086489,0.08500897884368896,0.50390625,3,7
23,3405,0.05536925792694092,0.05536925792694092,0.71875,2,5
23,3406,0.03722975682467223,0.08824831247329712,0.46875,2,3
23,3407,0.00042307376861572266,0.00042307376861572266,0.95703125,3,7
23,3408,0.05350824270863087,0.15136033296585083,0.44140625,2,2
23,3409,0.050251830602064736,0.18247473239898682,0.41015625,3,7
23,3410,2.2351741790771484e-05,2.2351741790771484e-05,0.99609375,3,6
23,3411,0.05480708554387093,0.07994651794433594,0.57421875,3,7
23,3412,0.05482565448619426,0.08480584621429443,0.55859375,3,7
23,3254,0.07199901156127454,0.10071992874145508,0.5859375,2,3
23,3286,0.0676602120511234,0.12328124046325684,0.51953125,2,4
23,3413,0.08010220387950541,0.10227513313293457,0.61328125,3,4
23,3414,0.04151495313271881,0.055066466331481934,0.6015625,2,3
23,3415,0.003204345703125,0.003204345703125,0.91015625,3,5
23,3416,2.2351741790771484e-05,2.2351741790771484e-05,0.99609375,2,3
23,3417,0.03216677904129028,0.03216677904129028,0.76953125,1,2
23,3418,2.2351741790771484e-05,2.2351741790771484e-05,0.99609375,2,4
23,3419,0.0001221299171447754,0.0001221299171447754,0.98046875,1,2
23,3420,0.057047227863222374,0.10777926445007324,0.51171875,2,3
23,3421,0.00708383321762085,0.00708383321762085,0.8984375,2,3
23,3422,0.006699681282043457,0.006699681282043457,0.859375,2,2
23,3423,0.04916776856407524,0.05460715293884277,0.66015625,2,3
23,3424,0.06385910697281362,0.07499051094055176,0.640625,3,5
23,3425,3.0219554901123047e-05,3.0219554901123047e-05,1.0,1,1
23,3426,0.025116145610809326,0.025116145610809326,0.80859375,2,3
23,3427,0.06525150756351651,0.08128654956817627,0.62109375,2,3
23,3428,0.008612751960754395,0.008612751960754395,0.83203125,2,2
23,3429,0.0,0.18208515644073486,0.26171875,2,3
23,3430,0.007210731506347656,0.007210731506347656,0.8515625,2,4
23,3431,0.0,0.17804986238479614,0.22265625,2,3
23,3432,0.041791677474975586,0.041791677474975586,0.73046875,2,3
23,3433,2.2351741790771484e-05,2.2351741790771484e-05,0.99609375,3,3
23,3434,0.061228411272168166,0.08337485790252686,0.59375,2,3
23,3435,0.05164693202823401,0.057989537715911865,0.65625,2,3
23,3436,0.05919695226475597,0.07465231418609619,0.6171875,2,3
23,3437,0.010441422462463379,0.010441422462463379,0.87109375,2,2
23,3250,0.07540914253331722,0.09509724378585815,0.6171875,2,3
23,2883,0.07952754758298398,0.10282349586486816,0.609375,2,3
23,3438,0.0011421442031860352,0.0011421442031860352,0.9609375,2,1
23,3439,0.052090081386268146,0.059798479080200195,0.6484375,1,2
23,3440,0.06037690909579397,0.07256567478179932,0.6328125,5,9
23,3441,0.06317774672061206,0.1023639440536499,0.546875,2,3
23,3442,0.05721568770240993,0.06354540586471558,0.66015625,4,6
23,3443,0.0172516911989078,0.1448010802268982,0.34765625,1,3
23,3444,0.0574932279996574,0.07626044750213623,0.6015625,3,4
23,3445,0.051247483468614526,0.05817896127700806,0.65234375,3,4
23,3446,0.0657652474474162,0.13415062427520752,0.49609375,2,3
23,3447,0.02629709639586509,0.1333080530166626,0.37890625,2,3
23,3448,0.0481105255894363,0.06381499767303467,0.6015625,4,4
23,3449,0.0026885271072387695,0.0026885271072387695,0.92578125,5,4
23,3450,4.57763671875e-05,4.57763671875e-05,0.98828125,3,4
23,3451,0.00848931074142456,0.00848931074142456,0.87109375,1,2
23,3452,2.2351741790771484e-05,2.2351741790771484e-05,0.99609375,1,1
23,3453,0.0513058431679383,0.06550770998001099,0.61328125,2,3
23,3454,2.2351741790771484e-05,2.2351741790771484e-05,0.99609375,2,2
23,3455,0.049428697675466544,0.06914615631103516,0.5859375,5,8
23,3456,0.0,0.16004812717437744,0.22265625,2,4
23,3457,0.047225697198882706,0.08604824542999268,0.51953125,5,7
23,3458,0.04855232976842672,0.04864734411239624,0.69921875,3,4
23,3459,0.005169898271560673,0.1654367446899414,0.3125,2,2
23,3460,0.005870819091796875,0.005870819091796875,0.85546875,2,2
23,3461,0.012784063816070557,0.012784063816070557,0.83984375,2,4
23,3462,0.008672595024108887,0.008672595024108887,0.875,1,2
23,3463,0.0777741454076022,0.09930264949798584,0.61328125,2,3
23,3464,0.04515808820724487,0.04515808820724487,0.75,1,2
23,3465,1.1920928955078125e-07,1.1920928955078125e-07,1.0,1,1
23,3466,0.01215888361912221,0.1518377661705017,0.33203125,3,4
23,3467,0.0487369962502271,0.0638192892074585,0.60546875,3,2
23,3468,0.0606082258746028,0.06385064125061035,0.6796875,5,6
23,3469,0.0,0.19356215000152588,0.22265625,3,7
23,3470,2.2351741790771484e-05,2.2351741790771484e-05,0.99609375,2,3
23,3471,0.018385773058980707,0.14262902736663818,0.3515625,1,2
23,3472,0.00912165641784668,0.00912165641784668,0.87890625,4,6
23,3473,0.036758513888344176,0.14366686344146729,0.40234375,1,3
23,3474,2.2351741790771484e-05,2.2351741790771484e-05,0.99609375,2,2
23,3475,0.0,0.19560110569000244,0.2734375,4,7
23,3476,0.04259127378463746,0.0851825475692749,0.5,1,1
23,3477,0.0,0.17039775848388672,0.2890625,3,6
23,3478,0.010158538818359375,0.010158538818359375,0.8359375,2,2
23,3479,2.7298927307128906e-05,2.7298927307128906e-05,1.0,2,3
23,3480,0.050986595451831825,0.16214370727539062,0.42578125,2,3
23,3481,0.03208553243894131,0.03279000520706177,0.69140625,1,2
23,3482,0.06023217702750117,0.06992942094802856,0.64453125,5,8
23,3483,0.06044467468746007,0.06641131639480591,0.6640625,3,2
23,3484,0.0,0.19566106796264648,0.23046875,2,4
23,3485,0.0,0.17777854204177856,0.28515625,3,4
23,3486,0.05656170961447061,0.06214505434036255,0.6640625,2,4
23,3487,0.06110084056854249,0.07520103454589844,0.625,3,4
23,3488,0.0323677386622876,0.0804479718208313,0.4609375,3,6
24,3378,0.05239325459115208,0.056954026222229004,0.66796875,1,2
24,3371,0.05265129217877985,0.05723452568054199,0.66796875,4,6
24,3489,0.05265068903099746,0.05723387002944946,0.66796875,4,7
24,3490,0.042329789139330394,0.06547689437866211,0.55859375,3,6
24,3491,2.9802322387695312e-06,2.9802322387695312e-06,0.99609375,2,2
24,3492,0.052651072852313525,0.05723428726196289,0.66796875,4,6
24,3493,0.05245848093181849,0.05642592906951904,0.671875,3,6
24,3494,0.05264701531268657,0.05722987651824951,0.66796875,2,3
24,3495,7.152557373046875e-07,7.152557373046875e-07,0.99609375,1,1
24,3496,0.05264964723028243,0.05723273754119873,0.66796875,1,2
24,3497,3.7550926208496094e-06,3.7550926208496094e-06,0.99609375,2,3
24,3498,0.052649866556748755,0.05723297595977783,0.66796875,4,6
24,3499,0.051688636187464006,0.056790947914123535,0.6640625,4,4
24,3500,0.05250423378311098,0.057074666023254395,0.66796875,1,2
24,3501,0.05265052453614772,0.05723369121551514,0.66796875,4,6
24,3502,0.0363021690864116,0.184026837348938,0.37890625,3,5
24,3503,0.05246291402727366,0.056430697441101074,0.671875,1,1
24,3504,1.3113021850585938e-06,1.3113021850585938e-06,1.0,1,1
24,3505,0.0533020414877683,0.15959441661834717,0.43359375,3,7
24,3506,9.179115295410156e-06,9.179115295410156e-06,0.99609375,3,5
24,3507,0.04948144732043148,0.07653927803039551,0.55859375,2,2
24,3508,5.960464477539063e-08,5.960464477539063e-08,1.0,2,3
24,3509,0.05280570313334466,0.05679941177368164,0.671875,1,2
24,3510,0.03844741266220809,0.09113460779190063,0.46875,3,4
24,3511,0.05264498654287309,0.05722767114639282,0.66796875,5,9
24,3512,0.0526505793677643,0.05723375082015991,0.66796875,1,1
24,3513,1.430511474609375e-06,1.430511474609375e-06,1.0,4,6
24,3514,0.05265041487291456,0.057233572006225586,0.66796875,4,5
24,3515,0.052648769924417145,0.057231783866882324,0.66796875,5,8
24,3516,0.05251026526093484,0.05708122253417969,0.66796875,4,6
24,3517,0.03074889397248626,0.031113505363464355,0.6953125,4,7
24,3350,0.053303255815990276,0.15959805250167847,0.43359375,3,4
24,3351,0.053302837768569596,0.15959680080413818,0.43359375,4,5
24,3518,0.05330367386341096,0.15959930419921875,0.43359375,3,3
24,3519,0.053302917396649725,0.15959703922271729,0.43359375,4,4
24,3520,0.0,0.17343080043792725,0.28125,3,3
24,3521,0.05330255907028914,0.15959596633911133,0.43359375,3,3
24,3522,0.0533020414877683,0.15959441661834717,0.43359375,2,2
24,3523,0.053301165578886874,0.15959179401397705,0.43359375,3,3
24,3524,0.0,0.1723165512084961,0.27734375,3,3
24,3525,2.4199485778808594e-05,2.4199485778808594e-05,0.99609375,3,3
24,3526,0.0,0.18800175189971924,0.2890625,4,6
24,3527,3.910064697265625e-05,3.910064697265625e-05,0.9921875,4,6
24,3528,0.010397390462458137,0.14787399768829346,0.328125,3,5
24,3529,2.4318695068359375e-05,2.4318695068359375e-05,1.0,3,4
24,3530,0.05330261879134924,0.15959614515304565,0.43359375,3,3
24,3531,0.05265052453614772,0.05723369121551514,0.66796875,2,2
24,3532,0.05330228037200869,0.15959513187408447,0.43359375,3,3
24,3533,0.05330245953518898,0.15959566831588745,0.43359375,4,5
24,3534,0.05330261879134924,0.15959614515304565,0.43359375,3,4
24,3258,0.05852242908440531,0.06794440746307373,0.64453125,3,6
24,3270,0.0583646297454834,0.0583646297454834,0.73046875,3,7
24,3535,0.05910433712415398,0.08268147706985474,0.5859375,3,6
24,3536,0.05157262273132802,0.08356070518493652,0.546875,3,7
24,3537,0.05039255507290364,0.11944901943206787,0.46875,2,3
24,3538,0.029097084188833836,0.08974522352218628,0.4296875,3,7
24,3539,0.05791177810169757,0.08569604158401489,0.5703125,4,10
24,3540,0.0,0.0,1.0,4,9
24,3541,2.4557113647460938e-05,2.4557113647460938e-05,0.99609375,4,8
24,3542,1.1920928955078125e-07,1.1920928955078125e-07,1.0,3,7
24,3543,0.05223229201510549,0.08331131935119629,0.55078125,3,7
24,3544,0.008472561836242676,0.008472561836242676,0.828125,3,6
24,3545,0.06400149792898448,0.07430559396743774,0.64453125,3,6
24,3546,0.03844155371189118,0.09112071990966797,0.46875,3,5
24,3547,3.5762786865234375e-07,3.5762786865234375e-07,1.0,3,5
24,3548,0.05576657899655403,0.09485876560211182,0.53515625,2,5
24,3549,0.06319727376103403,0.07778126001358032,0.625,3,7
24,3550,0.00016123056411743164,0.00016123056411743164,0.9765625,3,6
24,3551,2.4199485778808594e-05,2.4199485778808594e-05,0.99609375,4,8
24,3552,0.050066403113305576,0.09122419357299805,0.51953125,4,8
24,3553,0.04069664748385549,0.09020209312438965,0.48046875,5,8
24,3554,0.045498013496398926,0.045498013496398926,0.765625,3,7
24,3555,0.03970072232186795,0.08613038063049316,0.484375,4,7
24,3556,0.04325292212888599,0.10495495796203613,0.46484375,3,6
24,3557,0.0,0.17972302436828613,0.28125,3,5
24,3558,0.006493105203844611,0.15830808877944946,0.31640625,3,5
24,3559,0.06273463822435589,0.12306565046310425,0.50390625,3,6
24,3446,0.05302022490650416,0.14212751388549805,0.44921875,2,3
24,3487,0.05435137730091811,0.07816827297210693,0.578125,3,4
24,3560,0.04070111014880241,0.15907609462738037,0.40234375,1,1
24,3561,0.05763939395546914,0.06543540954589844,0.65234375,5,8
24,3562,0.04385003587231041,0.1352483034133911,0.4296875,4,6
24,3563,0.03032602858729661,0.030385375022888184,0.69921875,1,2
24,3564,0.044983349740505225,0.06854605674743652,0.5625,2,3
24,3565,0.04922680568415672,0.06793564558029175,0.58984375,3,3
24,3566,0.04779255390167236,0.04779255390167236,0.73828125,5,5
24,3567,0.059264944866299636,0.0776052474975586,0.60546875,3,4
24,3568,0.0,0.16381609439849854,0.296875,3,2
24,3569,0.03742041031364352,0.0908021330833435,0.46484375,5,5
24,3570,0.041029643034562475,0.06544291973114014,0.55078125,4,3
24,3571,0.04472026554867626,0.057820141315460205,0.609375,2,2
24,3572,0.02858967776410282,0.034361302852630615,0.6328125,6,7
24,3573,0.05587831418961287,0.07046723365783691,0.6171875,5,8
24,3574,0.03883415611926467,0.17912691831588745,0.38671875,5,6
24,3575,0.0553973182104528,0.07162481546401978,0.609375,3,2
24,3576,0.05594278511125595,0.07325500249862671,0.60546875,2,2
24,3577,0.042329635005444295,0.06547665596008301,0.55859375,2,1
24,3578,0.05626603541895748,0.07274800539016724,0.609375,3,2
24,3579,0.044973899843171246,0.07173407077789307,0.55078125,1,1
24,3580,0.042331022210419185,0.06547880172729492,0.55859375,4,3
24,3581,0.04465273022651673,0.08930546045303345,0.5,5,7
24,3582,0.0,0.0,1.0,4,3
24,3583,0.05434855516068638,0.08042329549789429,0.5703125,2,3
24,3584,0.03286307025700808,0.0472637414932251,0.578125,4,3
24,3585,0.04137634858489037,0.06304967403411865,0.5625,3,2
24,3586,0.0443792436271906,0.07425546646118164,0.5390625,4,6
24,3587,0.060796912992373116,0.06404942274093628,0.6796875,5,8
24,3588,0.05705801350995899,0.06700390577316284,0.640625,3,3
24,3589,0.0,0.19457179307937622,0.18359375,3,3
24,3590,0.058590825647115714,0.07211178541183472,0.625,3,2
24,3591,0.05750087276101113,0.08762037754058838,0.5625,3,4
24,3592,0.021528438432142142,0.15524733066558838,0.35546875,6,10
24,3593,0.052233261289075024,0.07842648029327393,0.56640625,5,9
24,3594,0.034014025703072555,0.03697490692138672,0.66796875,6,7
24,3595,0.049706355901435025,0.06508862972259521,0.60546875,1,2
24,3596,0.042072191135957844,0.08756488561630249,0.4921875,2,3
24,3413,0.07543700910173358,0.10552936792373657,0.5859375,3,4
24,2883,0.0705798212438822,0.10755020380020142,0.5625,2,3
24,3597,0.007917995564639574,0.15592360496520996,0.3203125,3,3
24,3598,0.048759855329990394,0.07012653350830078,0.578125,3,4
24,3599,0.0007225275039672852,0.0007225275039672852,0.96875,2,3
24,3600,0.018134355545043945,0.018134355545043945,0.734375,3,5
24,3601,0.04030915535986424,0.15175211429595947,0.40625,3,5
24,3602,2.4199485778808594e-05,2.4199485778808594e-05,0.99609375,2,2
24,3603,0.05317264585755766,0.15920698642730713,0.43359375,2,4
24,3604,0.07898340525571258,0.1221737265586853,0.55859375,2,3
24,3605,2.4199485778808594e-05,2.4199485778808594e-05,0.99609375,2,3
24,3606,0.045784711837768555,0.045784711837768555,0.71484375,2,3
24,3607,1.1920928955078125e-07,1.1920928955078125e-07,0.99609375,2,4
24,3608,0.05479088542051614,0.1508222222328186,0.4453125,1,1
24,3609,0.054605752229690566,0.1092115044593811,0.5,2,2
24,3610,2.4199485778808594e-05,2.4199485778808594e-05,0.99609375,2,4
24,3611,0.05722881620749832,0.07493901252746582,0.60546875,2,3
24,3612,0.040253400802612305,0.040253400802612305,0.7578125,2,3
24,3613,0.05272290646098555,0.1578603982925415,0.43359375,2,3
24,3614,0.0690027247183025,0.09522747993469238,0.58984375,2,2
24,3615,0.037971349898725755,0.15429627895355225,0.3984375,2,4
24,3616,0.0005447864532470703,0.0005447864532470703,0.98046875,2,2
24,3617,0.06966599437873812,0.08895009756088257,0.61328125,1,2
24,3618,0.05811107601039112,0.14443141222000122,0.4609375,2,3
24,3619,0.007241964340209961,0.007241964340209961,0.8125,2,3
24,3620,0.0,0.18160277605056763,0.25390625,1,2
24,3621,0.07656077353749426,0.10565799474716187,0.58984375,2,4
24,3622,0.0002911090850830078,0.0002911090850830078,0.96875,1,1
24,3623,0.051520363194867975,0.1542598009109497,0.43359375,3,3
24,3624,0.05833277758210898,0.06850087642669678,0.640625,3,5
24,3625,0.008368310518562799,0.16479134559631348,0.3203125,3,5
24,3626,0.0,0.24730443954467773,0.2421875,2,3
24,3627,0.05006028793286533,0.06908589601516724,0.58984375,1,2
24,3628,0.04550814628601074,0.04550814628601074,0.7578125,3,5
25,3518,0.05270696093793959,0.15781265497207642,0.43359375,3,3
25,3350,0.05270706047303975,0.1578129529953003,0.43359375,3,4
25,3629,0.052706901216879494,0.1578124761581421,0.43359375,3,2
25,3630,0.05270793638192118,0.1578155755996704,0.43359375,3,2
25,3631,0.052707816939800985,0.15781521797180176,0.43359375,2,2
25,3632,0.05270743870642037,0.15781408548355103,0.43359375,3,4
25,3633,0.052706821588799364,0.157812237739563,0.43359375,3,4
25,3634,0.052707816939800985,0.15781521797180176,0.43359375,2,2
25,3635,0.052705348469316966,0.1578078269958496,0.43359375,3,3
25,3636,0.05270686140283943,0.15781235694885254,0.43359375,4,5
25,3637,2.294778823852539e-05,2.294778823852539e-05,0.98828125,4,4
25,3638,2.288818359375e-05,2.288818359375e-05,0.98828125,4,5
25,3639,2.288818359375e-05,2.288818359375e-05,0.98828125,3,2
25,3640,0.05270702065899969,0.15781283378601074,0.43359375,5,5
25,3641,0.04741918807849289,0.1305302381515503,0.4453125,4,4
25,3642,2.294778823852539e-05,2.294778823852539e-05,0.98828125,4,5
25,3643,0.0527046915376559,0.15780586004257202,0.43359375,3,2
25,3644,0.05134546174667776,0.07597941160202026,0.5703125,4,4
25,3645,0.041818122030235834,0.09268778562545776,0.48046875,3,3
25,3646,0.05270725954324008,0.15781354904174805,0.43359375,4,4
25,3647,0.052706901216879494,0.1578124761581421,0.43359375,3,2
25,3648,0.04181836405768991,0.09268832206726074,0.48046875,3,1
25,3649,0.05270733917132021,0.15781378746032715,0.43359375,2,2
25,3650,0.052706901216879494,0.1578124761581421,0.43359375,3,2
25,3651,0.054638205445371575,0.15455669164657593,0.44140625,2,2
25,3652,0.05270644335541875,0.15781110525131226,0.43359375,4,6
25,3576,0.05584401020314545,0.07312566041946411,0.60546875,2,2
25,3521,0.05270755814854056,0.15781444311141968,0.43359375,3,3
25,3653,1.0371208190917969e-05,1.0371208190917969e-05,0.984375,1,1
25,3654,2.294778823852539e-05,2.294778823852539e-05,0.98828125,3,3
25,3655,0.06790724699385466,0.14426767826080322,0.48828125,3,3
25,3656,7.969141006469727e-05,7.969141006469727e-05,0.9921875,1,2
25,3657,0.057850280543789274,0.05796349048614502,0.69921875,2,2
25,3658,0.05784950719680638,0.05796271562576294,0.69921875,2,2
25,3659,0.05849250359460712,0.0756266713142395,0.609375,2,2
25,3660,0.05784873384982348,0.05796194076538086,0.69921875,2,2
25,3661,0.0,0.18888306617736816,0.25,2,2
25,3662,0.05784284451510758,0.057956039905548096,0.69921875,3,2
25,3663,0.05784992361441255,0.05796313285827637,0.69921875,2,1
25,3664,0.052706901216879494,0.1578124761581421,0.43359375,3,4
25,3665,0.057846473297104246,0.057959675788879395,0.69921875,3,2
25,3666,0.004644453525543213,0.004644453525543213,0.90625,3,2
25,3667,0.05270719982217998,0.15781337022781372,0.43359375,3,2
25,3668,0.05514943599700928,0.05514943599700928,0.71875,4,5
25,3669,0.05270696093793959,0.15781265497207642,0.43359375,1,1
25,3670,0.021120263845659796,0.15230387449264526,0.35546875,2,2
25,3671,0.0,0.0,1.0,3,2
25,3672,0.05783963215071709,0.057952821254730225,0.69921875,1,2
25,3673,5.960464477539063e-08,5.960464477539063e-08,0.99609375,3,3
25,3674,0.0,0.18870949745178223,0.2890625,4,4
25,3675,0.047452330589294434,0.047452330589294434,0.75390625,3,2
25,3676,0.05713808536529541,0.05713808536529541,0.703125,3,2
25,3677,0.052706901216879494,0.1578124761581421,0.43359375,2,2
25,3678,0.052707498427480466,0.15781426429748535,0.43359375,2,1
25,3679,0.05270686140283943,0.15781235694885254,0.43359375,2,2
25,3587,0.06342607957776637,0.06613880395889282,0.68359375,5,8
25,3567,0.0658036107197404,0.07727396488189697,0.640625,3,4
25,3680,0.06332746613770725,0.07352304458618164,0.64453125,4,6
25,3681,0.007882118225097656,0.007882118225097656,0.89453125,5,7
25,3682,0.05834555625915527,0.05834555625915527,0.70703125,3,4
25,3683,0.06691575923468919,0.08335977792739868,0.62109375,3,5
25,3684,0.06436509173363449,0.07388997077941895,0.6484375,3,3
25,3685,0.060712195700034506,0.07563173770904541,0.62109375,3,2
25,3686,0.05492355523165316,0.06235224008560181,0.65234375,2,2
25,3687,0.06560833961702885,0.06983673572540283,0.67578125,5,8
25,3688,0.05534827709197998,0.05534827709197998,0.71484375,3,2
25,3689,0.06501395744271578,0.07067334651947021,0.66796875,5,9
25,3690,0.00621408224105835,0.00621408224105835,0.890625,3,2
25,3691,0.048103066626936204,0.07118141651153564,0.5703125,4,5
25,3692,0.06461015902459623,0.06877422332763672,0.67578125,5,8
25,3693,0.05850037746131421,0.06869769096374512,0.640625,6,7
25,3694,0.06438246171455832,0.06998687982559204,0.66796875,3,4
25,3695,0.050591461360454566,0.05222344398498535,0.6875,6,8
25,3696,0.043832693248987205,0.10389971733093262,0.46875,5,9
25,3697,0.05010344542097301,0.07308536767959595,0.57421875,3,2
25,3698,0.051166753750294454,0.0803600549697876,0.5546875,5,9
25,3699,0.06084226584061981,0.07399344444274902,0.62890625,3,2
25,3700,0.058188915951177485,0.06067764759063721,0.68359375,3,4
25,3701,0.06714050285518171,0.07001209259033203,0.68359375,5,8
25,3702,0.009010910987854004,0.009010910987854004,0.90625,5,9
25,3703,0.058238840661942966,0.08147072792053223,0.5859375,3,3
25,3704,0.06838400289416315,0.07850360870361328,0.6484375,4,4
25,3705,0.06114098802208901,0.0686495304107666,0.65625,3,3
25,3706,0.06507670879364014,0.06507670879364014,0.73046875,5,7
25,3707,0.06135884020477534,0.07462167739868164,0.62890625,3,2
25,3708,0.06195147056132556,0.07910013198852539,0.61328125,5,8
25,3709,0.06246894598007202,0.06246894598007202,0.7109375,3,3
25,3710,0.06313267769291998,0.06583285331726074,0.68359375,4,7
25,3711,0.020904898643493652,0.020904898643493652,0.7734375,6,8
25,3712,0.06429407978430392,0.0746452808380127,0.64453125,3,4
25,3713,0.06455178745090963,0.09283852577209473,0.578125,3,4
25,3545,0.05932474287692458,0.0721479058265686,0.62890625,3,6
25,3549,0.05747916735708714,0.07526683807373047,0.60546875,3,7
25,3714,0.06498378515243532,0.0746002197265625,0.6484375,3,6
25,3715,0.04266428947448731,0.092559814453125,0.484375,2,3
25,3716,0.05948768998496235,0.08209621906280518,0.58984375,4,8
25,3717,0.0,0.17645597457885742,0.27734375,3,5
25,3718,0.052302097901701934,0.08342266082763672,0.55078125,3,6
25,3719,0.06532145850360395,0.08894836902618408,0.59375,2,4
25,3720,0.0681629963219166,0.09041309356689453,0.6015625,3,5
25,3721,0.01792079210281372,0.01792079210281372,0.8515625,3,6
25,3722,2.294778823852539e-05,2.294778823852539e-05,0.98828125,2,2
25,3723,0.0,0.30541980266571045,0.203125,2,2
25,3724,0.03438984556123615,0.16610944271087646,0.3828125,3,3
25,3725,0.052056260406970985,0.05373549461364746,0.6875,3,8
25,3726,0.010371625423431396,0.010371625423431396,0.8046875,2,3
25,3727,0.06056535756215454,0.0763779878616333,0.6171875,3,7
25,3728,0.00016117095947265625,0.00016117095947265625,0.96875,3,6
25,3729,2.294778823852539e-05,2.294778823852539e-05,0.98828125,3,5
25,3730,1.1920928955078125e-07,1.1920928955078125e-07,1.0,3,5
25,3731,0.0,0.19212031364440918,0.1953125,3,6
25,3732,0.04521090583875776,0.09409749507904053,0.4921875,4,7
25,3733,0.06080835964530707,0.0806577205657959,0.6015625,3,6
25,3734,0.0337144136428833,0.0337144136428833,0.78515625,3,5
25,3735,0.06387978640850635,0.08156222105026245,0.61328125,3,6
25,3736,0.036813805811107166,0.04323089122772217,0.640625,3,6
25,3737,0.06135787465609611,0.08583396673202515,0.5859375,3,6
25,3738,0.06207933789119126,0.1217801570892334,0.50390625,3,6
25,3739,0.05914850137196482,0.09289580583572388,0.5546875,3,2
25,3740,0.05434135836549104,0.0555344820022583,0.69140625,3,6
25,3604,0.06352307298220695,0.12001407146453857,0.51171875,2,3
25,3621,0.06522491993382575,0.10568088293075562,0.546875,2,4
25,3741,9.500980377197266e-05,9.500980377197266e-05,0.984375,2,3
25,3742,0.00036537647247314453,0.00036537647247314453,0.9765625,3,4
25,3743,0.06353886914439501,0.11577188968658447,0.51953125,2,3
25,3744,0.06797227310016753,0.10514140129089355,0.55859375,2,3
25,3745,2.294778823852539e-05,2.294778823852539e-05,0.98828125,1,1
25,3746,0.06917208980303259,0.10699731111526489,0.55859375,2,3
25,3747,0.010151761700399225,0.16766780614852905,0.32421875,4,7
25,3748,0.052706901216879494,0.1578124761581421,0.43359375,2,1
25,3749,0.06551715242676438,0.08161747455596924,0.62109375,2,3
25,3750,0.0695584083441645,0.09599435329437256,0.58984375,3,4
25,3751,0.05371488770470024,0.15194487571716309,0.44140625,2,2
25,3752,0.05675670830532909,0.06443333625793457,0.65234375,2,2
25,3753,0.022382924566045414,0.2247070074081421,0.33984375,4,5
25,3754,0.0592643371783197,0.128573477268219,0.484375,1,2
25,3755,0.053868019487708814,0.05397343635559082,0.69921875,2,3
25,3756,0.05404999107122422,0.15723633766174316,0.4375,2,4
25,3757,0.06517595832701774,0.13846510648727417,0.48828125,2,3
25,3758,0.045311808586120605,0.045311808586120605,0.7578125,2,3
25,3759,0.06649420130997898,0.11501699686050415,0.53125,1,2
25,3760,0.060081008356064565,0.08073878288269043,0.59765625,3,4
25,3761,0.05352545203641058,0.1398215889930725,0.453125,2,2
25,3762,0.0039923787117004395,0.0039923787117004395,0.85546875,2,3
25,3763,2.294778823852539e-05,2.294778823852539e-05,0.98828125,2,2
25,3764,0.03908254299312831,0.14191675186157227,0.41015625,2,3
25,3765,0.06945663294754924,0.11078441143035889,0.55078125,2,2
25,3766,0.06818887963891031,0.09044742584228516,0.6015625,2,3
25,3767,0.0648411549627781,0.07614374160766602,0.640625,2,3
25,3768,0.06241279968526216,0.1137201189994812,0.51953125,2,3
26,3676,0.04905428178608418,0.05760502815246582,0.640625,3,2
26,3651,0.0511399400420487,0.153120756149292,0.43359375,2,2
26,3769,2.1696090698242188e-05,2.1696090698242188e-05,0.99609375,1,0
26,3770,2.1696090698242188e-05,2.1696090698242188e-05,0.99609375,3,3
26,3771,0.04905428178608418,0.05760502815246582,0.640625,3,2
26,3772,0.04905428178608418,0.05760502815246582,0.640625,2,2
26,3773,0.0067713260650634766,0.0067713260650634766,0.8359375,1,2
26,3774,0.04771457053720952,0.1566016674041748,0.421875,2,2
26,3775,0.0558753339573741,0.0722428560256958,0.609375,4,3
26,3776,0.0477159507572651,0.15660619735717773,0.421875,2,3
26,3777,2.1696090698242188e-05,2.1696090698242188e-05,0.99609375,2,0
26,3778,0.0,0.0,1.0,3,2
26,3779,0.05992170749232174,0.148931622505188,0.4609375,1,1
26,3780,0.04905428178608418,0.05760502815246582,0.640625,2,2
26,3781,0.0477152243256569,0.15660381317138672,0.421875,3,3
26,3782,0.04771460685878993,0.15660178661346436,0.421875,4,3
26,3783,0.04905428178608418,0.05760502815246582,0.640625,3,2
26,3784,0.04771493375301362,0.1566028594970703,0.421875,4,4
26,3785,0.04977076873183251,0.058446407318115234,0.640625,3,2
26,3786,0.05474326992407442,0.15069115161895752,0.4453125,3,2
26,3787,0.0073892204090952925,0.18015623092651367,0.31640625,3,4
26,3788,0.04771580547094346,0.15660572052001953,0.421875,2,2
26,3789,2.1696090698242188e-05,2.1696090698242188e-05,0.99609375,3,1
26,3790,0.049057022668421275,0.05760824680328369,0.640625,3,3
26,3791,0.04771506087854505,0.15660327672958374,0.421875,4,4
26,3792,2.1636486053466797e-05,2.1636486053466797e-05,0.99609375,2,2
26,3793,0.04771578731015325,0.15660566091537476,0.421875,1,1
26,3794,0.04771555121988059,0.15660488605499268,0.421875,2,2
26,3795,0.04771580547094346,0.15660572052001953,0.421875,2,2
26,3796,0.04895165096968413,0.05748450756072998,0.640625,3,2
26,3655,0.06840421445667745,0.14236974716186523,0.4921875,3,3
26,3658,0.04977076873183251,0.058446407318115234,0.640625,2,2
26,3797,0.041765172500163324,0.11814236640930176,0.44140625,2,2
26,3798,0.04830608563497663,0.15854305028915405,0.421875,3,3
26,3799,5.7816505432128906e-05,5.7816505432128906e-05,0.99609375,3,2
26,3800,0.05397551704663784,0.1526821255683899,0.44140625,3,3
26,3801,0.0,0.0,1.0,2,2
26,3802,0.0,0.0,1.0,1,0
26,3803,0.04977076873183251,0.058446407318115234,0.640625,2,2
26,3804,0.0,0.0,1.0,2,1
26,3805,0.07493750192224981,0.12962162494659424,0.53125,3,3
26,3806,0.04814301431179047,0.07561111450195312,0.5546875,2,2
26,3807,0.04771533329039813,0.15660417079925537,0.421875,3,3
26,3808,1.1920928955078125e-07,1.1920928955078125e-07,1.0,4,2
26,3809,0.0,0.0,1.0,3,3
26,3810,2.1696090698242188e-05,2.1696090698242188e-05,0.99609375,3,3
26,3811,0.049769550561904914,0.058444976806640625,0.640625,3,3
26,3812,0.049771580845117576,0.05844736099243164,0.640625,2,1
26,3813,0.00017529726028442383,0.00017529726028442383,0.984375,3,3
26,3814,0.049769246019423015,0.05844461917877197,0.640625,3,2
26,3815,0.04844796261750162,0.05561739206314087,0.6484375,4,4
26,3720,0.04986226418986917,0.08773016929626465,0.52734375,3,5
26,3719,0.052261290606111295,0.08335757255554199,0.55078125,2,4
26,3816,0.050455681979656226,0.06285476684570312,0.62109375,3,5
26,3817,0.0020249392837286048,0.17279481887817383,0.3046875,4,6
26,3818,0.03962707519531251,0.079254150390625,0.5,4,6
26,3819,0.03868286241777242,0.06472426652908325,0.5390625,3,5
26,3820,0.04716130206361414,0.15478581190109253,0.421875,3,6
26,3821,0.034011494717560715,0.0866362452507019,0.45703125,3,5
26,3822,0.037552715744823224,0.07815849781036377,0.4921875,3,4
26,3823,0.0,0.2085699439048767,0.125,3,7
26,3824,0.053140723379328854,0.07141220569610596,0.59765625,3,5
26,3825,0.02349837985821069,0.11350160837173462,0.3828125,2,4
26,3826,0.004857480525970459,0.004857480525970459,0.89453125,2,3
26,3827,0.04736562445759774,0.07797813415527344,0.54296875,3,4
26,3828,7.152557373046875e-07,7.152557373046875e-07,0.99609375,1,1
26,3829,0.03884367633145303,0.1643633246421814,0.39453125,3,6
26,3830,0.029866833239793784,0.12136363983154297,0.3984375,3,6
26,3831,0.030486106872558594,0.030486106872558594,0.734375,2,4
26,3832,0.0109377169283107,0.18064874410629272,0.32421875,2,4
26,3833,0.04601081274449826,0.08383464813232422,0.51953125,3,5
26,3834,0.04815288120880724,0.15804022550582886,0.421875,3,5
26,3835,0.013107336591929204,0.14589035511016846,0.3359375,2,4
26,3836,0.05635499965865166,0.07379478216171265,0.60546875,3,4
26,3837,0.039195799268782146,0.0655825138092041,0.5390625,3,5
26,3838,0.04885442764498294,0.08595693111419678,0.52734375,2,2
26,3839,0.05300615401938558,0.0731513500213623,0.58984375,2,4
26,3840,0.049729806371033206,0.09572052955627441,0.5078125,3,6
26,3704,0.05949990777298809,0.07151162624359131,0.6328125,4,4
26,3701,0.054573993198573596,0.06264996528625488,0.6484375,5,8
26,3841,0.047020349651575095,0.04853713512420654,0.6875,6,9
26,3842,0.051184860989451415,0.06010699272155762,0.640625,4,4
26,3843,0.046555210836231715,0.075431227684021,0.546875,2,3
26,3844,0.05270700110122562,0.05729508399963379,0.66796875,5,6
26,3845,0.050993535434827215,0.06201589107513428,0.62890625,3,4
26,3846,0.05206662230193616,0.06257772445678711,0.6328125,6,11
26,3847,0.05372379021719099,0.07126057147979736,0.6015625,3,4
26,3848,0.0378427510149777,0.06437039375305176,0.53515625,5,8
26,3849,0.058003716636449106,0.06372940540313721,0.6640625,6,10
26,3850,0.0506297154352069,0.0760188102722168,0.56640625,3,6
26,3851,0.05466768657788635,0.06980013847351074,0.61328125,5,7
26,3852,0.039951050654053695,0.09469878673553467,0.46875,5,8
26,3853,0.04319117451086641,0.05191051959991455,0.6328125,5,7
26,3854,0.008373856544494629,0.008373856544494629,0.8359375,4,5
26,3855,0.05381183850113303,0.06392496824264526,0.63671875,4,7
26,3856,0.0,0.16253435611724854,0.2734375,3,4
26,3857,0.047079623560421176,0.09235543012619019,0.50390625,4,6
26,3858,0.04156693909317256,0.0662999153137207,0.55078125,4,6
26,3859,0.040490875020623214,0.0878446102142334,0.484375,4,6
26,3860,0.05479789222590626,0.06910473108291626,0.6171875,5,6
26,3861,0.05574112047906966,0.06190770864486694,0.66015625,5,8
26,3862,0.03784352191723884,0.06437170505523682,0.53515625,4,6
26,3863,0.03784383728634567,0.0643722414970398,0.53515625,6,8
26,3864,0.06080028368160129,0.06979763507843018,0.6484375,5,8
26,3865,0.04821190796792508,0.07346576452255249,0.5625,2,2
26,3866,0.03954896796494723,0.06727266311645508,0.53515625,3,3
26,3867,0.038499504327774055,0.07410430908203125,0.5078125,5,7
26,3868,0.05332054197788239,0.06724166870117188,0.6171875,4,5
26,3869,0.053298963466659195,0.061186254024505615,0.6484375,5,8
26,3870,0.041590177686885006,0.06433284282684326,0.55859375,5,6
26,3871,0.042852431070059545,0.1502770185470581,0.4140625,6,10
26,3872,0.04742250812705607,0.08066552877426147,0.53515625,3,4
26,3873,0.04780076444149018,0.07283926010131836,0.5625,5,6
26,3874,0.049078285926952965,0.08635079860687256,0.52734375,5,8
26,3875,0.0,0.17178839445114136,0.28125,4,7
26,3876,0.0516489373985678,0.05996429920196533,0.64453125,6,10
26,3877,0.05391227267682553,0.06479597091674805,0.6328125,4,4
26,3878,0.05962434224784375,0.07001757621765137,0.640625,4,4
26,3750,0.06854401342570783,0.0958867073059082,0.5859375,3,4
26,3765,0.058493571239523603,0.11051183938980103,0.51171875,2,2
26,3879,0.011782050132751465,0.011782050132751465,0.78125,2,3
26,3880,0.04829003801569343,0.07584202289581299,0.5546875,3,4
26,3881,0.04058084543794394,0.15860605239868164,0.40234375,2,2
26,3882,0.06708805344533177,0.1070064902305603,0.55078125,3,4
26,3883,0.06932703289203347,0.10723698139190674,0.55859375,3,4
26,3884,0.0,0.16262197494506836,0.2734375,2,2
26,3885,0.05973775684833527,0.1416006088256836,0.46875,2,3
26,3886,0.025584603194147352,0.029370665550231934,0.6484375,1,1
26,3887,0.04771533329039813,0.15660417079925537,0.421875,3,3
26,3888,0.0,0.16406971216201782,0.2734375,2,2
26,3889,0.06136262649670244,0.07933753728866577,0.609375,1,2
26,3890,0.03420245787128807,0.08712267875671387,0.45703125,2,1
26,3891,0.04395918245427311,0.13979566097259521,0.42578125,2,3
26,3892,0.0005448460578918457,0.0005448460578918457,0.96875,3,5
26,3893,2.1696090698242188e-05,2.1696090698242188e-05,0.99609375,3,3
26,3894,0.06795882456935944,0.10056334733963013,0.5703125,2,3
26,3895,2.1696090698242188e-05,2.1696090698242188e-05,0.99609375,2,1
26,3896,2.1696090698242188e-05,2.1696090698242188e-05,0.99609375,3,3
26,3897,2.1696090698242188e-05,2.1696090698242188e-05,0.99609375,2,2
26,3898,2.1696090698242188e-05,2.1696090698242188e-05,0.99609375,4,4
26,3899,0.04803122021257878,0.15274524688720703,0.42578125,1,2
26,3900,0.042239566333591945,0.14812779426574707,0.4140625,2,3
26,3901,0.03900116309523583,0.13677120208740234,0.4140625,1,2
26,3902,2.1696090698242188e-05,2.1696090698242188e-05,0.99609375,2,3
26,3903,0.06379606213886292,0.0757855772972107,0.63671875,1,2
26,3904,0.07795520254876466,0.11056250333786011,0.58203125,3,6
26,3905,0.010039865970611572,0.010039865970611572,0.83203125,1,2
26,3906,0.048086844384670265,0.13988900184631348,0.4375,2,3
26,3907,0.00041365623474121094,0.00041365623474121094,0.97265625,2,1
26,3908,0.06692124344408514,0.09112679958343506,0.59375,2,4
27,3651,0.04641577601432801,0.16277313232421875,0.4140625,2,2
27,3812,0.058286514598876245,0.06473469734191895,0.66015625,2,1
27,3909,1.2993812561035156e-05,1.2993812561035156e-05,0.9921875,2,1
27,3910,0.05828683660365642,0.0647350549697876,0.66015625,2,1
27,3911,0.04617566079832614,0.07142579555511475,0.55859375,3,3
27,3912,0.04386031813919545,0.1651211977005005,0.40625,2,2
27,3913,0.05053457617759705,0.06372833251953125,0.6171875,1,2
27,3914,0.05828683660365642,0.0647350549697876,0.66015625,2,1
27,3915,0.044029108248651035,0.16575664281845093,0.40625,1,1
27,3916,0.05828683660365642,0.0647350549697876,0.66015625,2,2
27,3917,0.03599831275641919,0.13071727752685547,0.41015625,2,2
27,3918,0.05828683660365642,0.0647350549697876,0.66015625,3,2
27,3919,0.046432316303253174,0.046432316303253174,0.703125,2,0
27,3920,0.05828683660365642,0.0647350549697876,0.66015625,3,3
27,3921,0.03894470445811749,0.09679460525512695,0.4609375,3,4
27,3922,0.05828683660365642,0.0647350549697876,0.66015625,3,2
27,3923,0.04602648317813874,0.08538246154785156,0.515625,3,3
27,3924,0.044180324301123626,0.16632592678070068,0.40625,2,2
27,3925,0.058286514598876245,0.06473469734191895,0.66015625,1,1
27,3926,0.05828683660365642,0.0647350549697876,0.66015625,2,1
27,3927,0.05828694393858314,0.06473517417907715,0.66015625,3,1
27,3836,0.056702702306211,0.08390688896179199,0.5703125,3,4
27,3824,0.06349028134718539,0.08006656169891357,0.6171875,3,5
27,3928,0.05804068548604847,0.06975781917572021,0.6328125,3,6
27,3929,0.02670267596840859,0.14241427183151245,0.375,3,5
27,3930,2.5510787963867188e-05,2.5510787963867188e-05,0.9921875,3,5
27,3931,0.06057670817244799,0.0997275710105896,0.54296875,2,4
27,3932,0.04147321695927531,0.09608274698257446,0.47265625,2,3
27,3933,0.05211027734912933,0.10222399234771729,0.50390625,2,4
27,3934,0.024947047233581543,0.024947047233581543,0.765625,3,4
27,3935,0.04638573643751443,0.05922567844390869,0.61328125,2,3
27,3936,0.03150842338800431,0.16804492473602295,0.375,3,4
27,3937,0.05476123653352261,0.09162664413452148,0.5390625,3,6
27,3938,0.05292328936047853,0.06286942958831787,0.63671875,3,4
27,3939,2.5510787963867188e-05,2.5510787963867188e-05,0.9921875,2,2
27,3940,0.04189610248431564,0.18492072820663452,0.390625,3,5
27,3941,0.010194718837738037,0.010194718837738037,0.8359375,3,7
27,3942,0.045293875038623824,0.19991779327392578,0.390625,3,5
27,3943,0.050016304012388,0.0927838683128357,0.515625,3,4
27,3944,0.04583703551907093,0.179149329662323,0.40234375,4,5
27,3945,0.0,0.3007717728614807,0.21484375,3,5
27,3946,0.03544437885284424,0.03544437885284424,0.7265625,1,2
27,3947,0.048746377229690566,0.0974927544593811,0.5,3,6
27,3948,0.03893137071281672,0.09676146507263184,0.4609375,2,3
27,3949,0.05596085730940104,0.06725811958312988,0.6328125,2,3
27,3950,0.0444345121504739,0.11318641901016235,0.45703125,3,4
27,3951,0.04976242734119297,0.10357058048248291,0.4921875,1,2
27,3952,0.0,0.3308020830154419,0.05078125,4,5
27,3779,0.04520680522546173,0.15853345394134521,0.4140625,1,1
27,3775,0.06170404655858875,0.07977896928787231,0.609375,4,3
27,3953,0.0,0.17690128087997437,0.26171875,4,2
27,3954,0.04410581663250924,0.1660454273223877,0.40625,4,3
27,3955,0.0,0.19520199298858643,0.20703125,1,1
27,3956,0.04472265020012856,0.16836762428283691,0.40625,1,1
27,3957,0.05586332478560508,0.05885189771652222,0.6796875,3,3
27,3958,0.0,0.0,1.0,1,0
27,3959,0.0,0.0,1.0,1,0
27,3960,0.04417212307453156,0.16629505157470703,0.40625,1,1
27,3961,0.0,0.1710594892501831,0.26953125,2,1
27,3962,0.049715561792254455,0.1298692226409912,0.453125,3,3
27,3963,0.01582545042037964,0.01582545042037964,0.8359375,1,0
27,3964,0.04802835267037154,0.157631516456604,0.421875,4,3
27,3965,2.5510787963867188e-05,2.5510787963867188e-05,0.9921875,1,0
27,3966,0.0,0.0,1.0,5,3
27,3967,0.04465963691473008,0.16813039779663086,0.40625,1,1
27,3968,3.3974647521972656e-05,3.3974647521972656e-05,0.98828125,1,0
27,3969,0.0,0.17504525184631348,0.265625,3,2
27,3864,0.05571012070868165,0.07901269197463989,0.58203125,5,8
27,3878,0.06343420152552427,0.08099329471588135,0.61328125,4,4
27,3970,0.056137382984161384,0.08554267883300781,0.5625,5,8
27,3971,0.06247223645914347,0.07782429456710815,0.62109375,5,7
27,3972,0.021275087259709842,0.17857122421264648,0.34765625,6,9
27,3973,0.061623509041965015,0.07967483997344971,0.609375,5,7
27,3974,0.051999577553942807,0.06987869739532471,0.59765625,7,9
27,3975,0.05673084408044816,0.07623672485351562,0.59765625,6,8
27,3976,0.0031495094299316406,0.0031495094299316406,0.9296875,6,8
27,3977,0.05323701538145543,0.07249295711517334,0.59375,5,7
27,3978,0.05184867791831494,0.05352121591567993,0.6875,5,9
27,3979,0.06272563291713597,0.08109980821609497,0.609375,5,7
27,3980,0.05412449943833054,0.08372128009796143,0.55859375,5,9
27,3981,0.0575301074422896,0.07731080055236816,0.59765625,4,4
27,3982,0.039620518684387214,0.07924103736877441,0.5,5,6
27,3983,0.0,0.18918448686599731,0.28515625,5,7
27,3984,0.04501033248379827,0.0629652738571167,0.5859375,6,9
27,3985,0.05965252965688706,0.07712650299072266,0.609375,5,7
27,3986,0.05575488763861359,0.08756595849990845,0.5546875,5,7
27,3987,0.05900539830327035,0.08034777641296387,0.59375,3,4
27,3988,0.05560802202671767,0.07572156190872192,0.59375,5,8
27,3989,0.0003405598690733362,0.17436665296554565,0.30078125,5,7
27,3990,0.047569994116202004,0.05400407314300537,0.65234375,4,8
27,3991,0.056667930912226445,0.08266091346740723,0.57421875,6,9
27,3992,0.05986162973567844,0.08261227607727051,0.58984375,4,4
27,3993,0.0566572966054082,0.07234048843383789,0.61328125,5,8
27,3994,0.05694876587949694,0.07094347476959229,0.62109375,5,8
27,3995,0.0494516920298338,0.051046907901763916,0.6875,5,9
27,3996,0.053086204454302795,0.07970714569091797,0.56640625,6,9
27,3997,0.0,0.20110809803009033,0.203125,5,6
27,3805,0.06133686704561115,0.13895785808563232,0.4765625,3,3
27,3655,0.050760532147251076,0.15198475122451782,0.43359375,3,3
27,3998,0.06133686704561115,0.13895785808563232,0.4765625,3,4
27,3999,0.04617566079832614,0.07142579555511475,0.55859375,3,3
27,4000,0.03810375230386854,0.1489245891571045,0.40234375,3,4
27,4001,0.056336159002967186,0.13051635026931763,0.47265625,2,1
27,4002,0.044180324301123626,0.16632592678070068,0.40625,4,5
27,4003,4.0531158447265625e-06,4.0531158447265625e-06,0.98828125,3,3
27,4004,0.046516294125467546,0.1631256341934204,0.4140625,3,2
27,4005,0.050760532147251076,0.15198475122451782,0.43359375,3,3
27,4006,0.015099000418558724,0.15158212184906006,0.33984375,3,4
27,4007,0.0,0.0,1.0,2,0
27,4008,0.04530405532568694,0.16450834274291992,0.41015625,3,3
27,4009,0.0186537504196167,0.0186537504196167,0.81640625,2,1
27,4010,0.04617566079832614,0.07142579555511475,0.55859375,3,3
27,4011,0.02951071108691395,0.14254230260849,0.3828125,4,4
27,4012,0.05828511924482883,0.06473314762115479,0.66015625,3,1
27,4013,0.05549702653661371,0.05787062644958496,0.68359375,3,4
27,4014,0.05034547811374069,0.12824320793151855,0.45703125,3,2
27,4015,0.044180324301123626,0.16632592678070068,0.40625,3,3
27,4016,0.04508567601442338,0.16371536254882812,0.41015625,3,3
27,3904,0.058836373966187246,0.12245619297027588,0.4921875,3,6
27,3883,0.06881345994770528,0.11902868747711182,0.53125,3,4
27,4017,2.5510787963867188e-05,2.5510787963867188e-05,0.9921875,1,1
27,4018,0.034954607486724854,0.034954607486724854,0.72265625,2,4
27,4019,0.01630699634552002,0.01630699634552002,0.78125,2,5
27,4020,0.0,0.173578679561615,0.26953125,1,2
27,4021,0.045187313808128245,0.15321791172027588,0.41796875,3,4
27,4022,2.5510787963867188e-05,2.5510787963867188e-05,0.9921875,2,2
27,4023,0.0669778184965253,0.11206746101379395,0.5390625,3,6
27,4024,0.012059404514729982,0.17151153087615967,0.328125,3,5
27,4025,0.05408380925655366,0.11733436584472656,0.484375,2,2
27,4026,0.05406350921839476,0.141227126121521,0.453125,2,2
27,4027,0.0,0.18237721920013428,0.29296875,3,4
27,4028,0.0418716254644096,0.05413705110549927,0.609375,3,4
27,4029,2.6106834411621094e-05,2.6106834411621094e-05,0.9921875,1,3
27,4030,0.05793265951797367,0.08104240894317627,0.5859375,3,6
27,4031,0.00957798957824707,0.00957798957824707,0.8359375,3,4
27,4032,0.04630772210657597,0.08748912811279297,0.51171875,2,4
27,4033,0.0,0.0,1.0,2,3
27,4034,2.5510787963867188e-05,2.5510787963867188e-05,0.9921875,4,6
27,4035,0.044752080808393664,0.057139813899993896,0.61328125,4,6
27,4036,0.0537850734544918,0.061059772968292236,0.65234375,3,6
27,4037,0.0,0.19381344318389893,0.2734375,3,6
27,4038,0.06474979431368412,0.11591571569442749,0.5234375,3,6
27,4039,0.0651271906681359,0.11659133434295654,0.5234375,1,2
27,4040,0.07185814809054138,0.124295175075531,0.53125,2,4
27,4041,0.0005197525024414062,0.0005197525024414062,0.97265625,1,1
27,4042,0.044180324301123626,0.16632592678070068,0.40625,2,2
27,4043,0.0018084049224853516,0.0018084049224853516,0.953125,2,3
27,4044,0.010785341262817383,0.010785341262817383,0.86328125,3,6
27,4045,2.5510787963867188e-05,2.5510787963867188e-05,0.9921875,2,2
27,4046,0.06525702215731145,0.1128770112991333,0.53125,3,6
28,3926,0.057788703124970205,0.058473944664001465,0.6953125,2,1
28,3920,0.057788703124970205,0.058473944664001465,0.6953125,3,3
28,4047,0.029295288026332862,0.1562415361404419,0.375,2,2
28,4048,0.0,0.0,1.0,2,2
28,4049,0.0576724223792553,0.058356285095214844,0.6953125,3,3
28,4050,0.050842250697314746,0.05970466136932373,0.640625,2,2
28,4051,0.057788703124970205,0.058473944664001465,0.6953125,2,2
28,4052,0.05778899765573443,0.05847424268722534,0.6953125,3,3
28,4053,0.05778905656188727,0.05847430229187012,0.6953125,2,2
28,4054,0.057788703124970205,0.058473944664001465,0.6953125,2,3
28,4055,0.0,0.0,1.0,2,1
28,4056,0.0,0.16706597805023193,0.27734375,1,1
28,4057,0.02108969539403916,0.11247837543487549,0.375,2,2
28,4058,0.0,0.0,1.0,2,1
28,4059,0.05778717156499625,0.058472394943237305,0.6953125,4,4
28,4060,0.05778746609576047,0.05847269296646118,0.6953125,1,1
28,4061,0.0,0.0,1.0,2,1
28,4062,0.057788703124970205,0.058473944664001465,0.6953125,2,1
28,4063,0.057788703124970205,0.058473944664001465,0.6953125,3,2
28,4064,0.057788703124970205,0.058473944664001465,0.6953125,1,1
28,4065,0.057788703124970205,0.058473944664001465,0.6953125,3,4
28,4066,0.0,0.0,1.0,3,2
28,4067,0.043853978160768754,0.058169007301330566,0.6015625,3,3
28,3998,0.051894265227019794,0.12897992134094238,0.4609375,3,4
28,3805,0.051894265227019794,0.12897992134094238,0.4609375,3,3
28,4068,0.053005330148153014,0.11748367547988892,0.48046875,3,4
28,4069,0.03967561852186919,0.14936703443527222,0.40625,2,1
28,4070,0.04620778560638428,0.04620778560638428,0.7265625,2,2
28,4071,0.02933134138584138,0.1564338207244873,0.375,2,2
28,4072,0.004660364240407948,0.1491316556930542,0.3125,4,6
28,4073,0.05778799625113607,0.05847322940826416,0.6953125,4,2
28,4074,0.057787525001913316,0.05847275257110596,0.6953125,3,3
28,4075,0.025028411066159613,0.14081919193267822,0.37109375,3,2
28,4076,0.057788703124970205,0.058473944664001465,0.6953125,3,2
28,4077,0.040076510980725295,0.0659780502319336,0.54296875,3,1
28,4078,0.03534936555661262,0.08785861730575562,0.4609375,2,1
28,4079,0.057787642814219005,0.05847287178039551,0.6953125,3,1
28,4080,0.02933134138584138,0.1564338207244873,0.375,3,4
28,4081,0.053286580368876464,0.059830546379089355,0.65625,4,3
28,4082,0.057788703124970205,0.058473944664001465,0.6953125,3,2
28,4083,0.0,0.1670764684677124,0.27734375,3,4
28,4084,0.057788703124970205,0.058473944664001465,0.6953125,4,3
28,4085,0.0404587866505608,0.0558353066444397,0.58984375,3,2
28,4086,0.02005080180242658,0.13507908582687378,0.359375,3,2
28,4087,0.02933134138584138,0.1564338207244873,0.375,2,1
28,4088,0.0,0.16551697254180908,0.28515625,3,5
28,4089,0.02933134138584138,0.1564338207244873,0.375,4,5
28,4090,0.0,0.0,1.0,3,1
28,4091,0.02816737350076438,0.15848016738891602,0.37109375,3,2
28,4092,0.0,0.0,1.0,3,0
28,4093,0.0,0.0,1.0,4,2
28,4094,0.02933134138584138,0.1564338207244873,0.375,2,1
28,4095,0.05779047030955554,0.05847573280334473,0.6953125,3,1
28,4096,0.046246474259532995,0.1178019642829895,0.45703125,3,3
28,3775,0.05951568915043027,0.07238012552261353,0.62890625,4,3
28,3957,0.05299961566925049,0.05299961566925049,0.71484375,3,3
28,4097,0.028170466888695966,0.15849757194519043,0.37109375,3,3
28,4098,0.02816483099013568,0.15846586227416992,0.37109375,4,3
28,4099,0.028167331125587235,0.15847992897033691,0.37109375,4,4
28,4100,0.0,0.0,1.0,3,2
28,4101,0.007527471985667949,0.1482332944869995,0.3203125,2,2
28,4102,0.0,0.0,1.0,3,2
28,4103,2.288818359375e-05,2.288818359375e-05,0.99609375,4,3
28,4104,8.511543273925781e-05,8.511543273925781e-05,0.9921875,3,3
28,4105,0.0,0.1683710217475891,0.27734375,4,4
28,4106,0.028139522415585826,0.1583234667778015,0.37109375,4,3
28,4107,0.02964424341917039,0.1581026315689087,0.375,4,3
28,4108,0.008954524993896484,0.008954524993896484,0.8828125,4,3
28,4109,0.02946719527244569,0.15715837478637695,0.375,4,4
28,3878,0.05489984806627036,0.07098162174224854,0.609375,4,4
28,3979,0.05669140070676804,0.06977403163909912,0.625,5,7
28,4110,0.05932455207221211,0.06887567043304443,0.64453125,4,5
28,4111,0.05302268266677857,0.064483642578125,0.62890625,4,4
28,4112,0.03572743199765683,0.06395959854125977,0.5234375,5,4
28,4113,0.051877999678254134,0.06092095375061035,0.640625,5,7
28,4114,0.05341858277097345,0.07085573673248291,0.6015625,5,5
28,4115,0.054422518471255905,0.06465041637420654,0.63671875,4,4
28,4116,0.03201181627810002,0.09312528371810913,0.4375,4,4
28,4117,0.05539736920036376,0.060219645500183105,0.66796875,5,7
28,4118,0.04432723345234991,0.0448528528213501,0.6953125,4,5
28,4119,0.05593479308299721,0.06644690036773682,0.63671875,4,5
28,4120,0.05537944205570967,0.06898850202560425,0.62109375,5,7
28,4121,0.04831342608667911,0.058756470680236816,0.62890625,4,4
28,4122,0.04007824882864953,0.06598091125488281,0.54296875,6,8
28,4123,0.05977949686348439,0.14857816696166992,0.4609375,4,3
28,4124,0.009131908416748047,0.009131908416748047,0.86328125,4,5
28,4125,0.0479095985647291,0.05562293529510498,0.64453125,3,1
28,4126,0.05676603340543807,0.06903612613677979,0.62890625,5,6
28,4127,0.05190752469934524,0.07681113481521606,0.5703125,4,5
28,4128,0.05427067331038416,0.07489645481109619,0.58984375,5,7
28,4129,0.04733542306348682,0.05969393253326416,0.6171875,4,5
28,4130,0.05715991614852101,0.06790226697921753,0.63671875,4,4
28,4131,0.040206882869824774,0.08201563358306885,0.49609375,5,7
28,4132,0.053896884899586446,0.07149016857147217,0.6015625,6,8
28,4133,0.05536048114299775,0.06813597679138184,0.625,3,3
28,4134,0.04885516921058298,0.07229435443878174,0.5703125,4,6
28,4135,0.04007759713567794,0.06597983837127686,0.54296875,4,5
28,4136,0.0,0.1863100528717041,0.16796875,4,4
28,4137,0.013636742020025855,0.17029297351837158,0.33203125,5,7
28,4138,0.040076510980725295,0.0659780502319336,0.54296875,3,3
28,4139,0.05145511962473393,0.0625772476196289,0.62890625,5,6
28,4140,0.049054945237003274,0.055689871311187744,0.65234375,4,4
28,3824,0.057839616085402674,0.07034176588058472,0.62890625,3,5
28,3931,0.05318328551948071,0.09046459197998047,0.53515625,2,4
28,4141,2.4557113647460938e-05,2.4557113647460938e-05,0.99609375,3,5
28,4142,0.05499763879925013,0.0702214241027832,0.61328125,3,4
28,4143,0.036981821060180664,0.036981821060180664,0.76171875,3,6
28,4144,0.050980347557924695,0.05918806791305542,0.64453125,3,5
28,4145,0.019630789756774902,0.019630789756774902,0.8203125,3,4
28,4146,0.03151095379143954,0.034621477127075195,0.6640625,3,5
28,4147,0.05552219517994673,0.0727042555809021,0.60546875,3,4
28,4148,0.031017036642879255,0.09566700458526611,0.4296875,2,3
28,4149,0.05065352329984308,0.05281996726989746,0.68359375,3,6
28,4150,0.0506114757154137,0.16095077991485596,0.42578125,3,7
28,4151,0.05869262502528728,0.09361565113067627,0.55078125,2,3
28,4152,0.0459653357975185,0.08847463130950928,0.5078125,2,3
28,4153,0.056822020676918335,0.08288568258285522,0.57421875,2,3
28,4154,0.04758655023761094,0.06749117374420166,0.58203125,3,4
28,4155,0.03641641139984131,0.03641641139984131,0.7578125,4,7
28,4156,0.053283188492059715,0.0745382308959961,0.5859375,3,6
28,4157,0.05351409071590752,0.08277708292007446,0.55859375,3,5
28,4158,0.04776741680689157,0.08125221729278564,0.53515625,2,4
28,4159,0.038290964439511306,0.05356550216674805,0.5859375,3,6
28,4160,0.025599681772291667,0.1083226203918457,0.39453125,2,4
28,4161,0.04784733476117254,0.047940969467163086,0.69921875,3,6
28,4040,0.060966125922277584,0.11518323421478271,0.51171875,2,4
28,3883,0.05896921455860139,0.10939216613769531,0.515625,3,4
28,4162,0.0435205854009837,0.11979860067367554,0.4453125,3,7
28,4163,8.207559585571289e-05,8.207559585571289e-05,0.99609375,2,4
28,4164,0.06664966139942409,0.09323668479919434,0.5859375,3,4
28,4165,0.070321430452168,0.10405945777893066,0.5703125,3,4
28,4166,0.05509437527507544,0.13059407472610474,0.46875,3,3
28,4167,0.05915840889792891,0.10779041051864624,0.51953125,3,6
28,4168,0.0583847814705223,0.11237972974777222,0.5078125,3,4
28,4169,0.050040897214785225,0.11091315746307373,0.48046875,2,4
28,4170,0.0418770726537332,0.1520642638206482,0.41015625,3,5
28,4171,0.06003412802238019,0.10938602685928345,0.51953125,4,4
28,4172,2.276897430419922e-05,2.276897430419922e-05,0.99609375,2,2
28,4173,0.003878474235534668,0.003878474235534668,0.92578125,2,2
28,4174,9.816884994506836e-05,9.816884994506836e-05,0.99609375,1,1
28,4175,7.56382942199707e-05,7.56382942199707e-05,0.9921875,4,6
28,4176,0.005055487155914307,0.005055487155914307,0.90625,2,3
28,4177,0.020080089569091797,0.020080089569091797,0.765625,1,2
28,4178,6.705522537231445e-05,6.705522537231445e-05,0.98828125,3,5
28,4179,0.00012314319610595703,0.00012314319610595703,0.984375,1,2
28,4180,0.0,0.15895593166351318,0.29296875,2,3
28,4181,2.9981136322021484e-05,2.9981136322021484e-05,0.99609375,3,5
28,4182,2.276897430419922e-05,2.276897430419922e-05,0.99609375,3,3
28,4183,0.06207454903051258,0.12919580936431885,0.4921875,3,6
28,4184,0.0578681598417461,0.1229398250579834,0.48828125,3,6
29,4073,0.048922820948064334,0.05745065212249756,0.640625,4,2
29,4060,0.04892434366047383,0.05745244026184082,0.640625,1,1
29,4185,0.048921196721494205,0.057448744773864746,0.640625,1,2
29,4186,0.04271366260945798,0.05816328525543213,0.59375,1,1
29,4187,1.1920928955078125e-07,1.1920928955078125e-07,1.0,4,1
29,4188,0.048922820948064334,0.05745065212249756,0.640625,4,2
29,4189,0.047887106309644885,0.15228694677352905,0.42578125,1,1
29,4190,0.023153389804065234,0.11183524131774902,0.3828125,3,4
29,4191,0.05294089019298554,0.11485481262207031,0.484375,3,4
29,4192,1.1920928955078125e-07,1.1920928955078125e-07,1.0,3,2
29,4193,0.0489227194339037,0.05745053291320801,0.640625,3,1
29,4194,0.04877331643365324,0.15043336153030396,0.4296875,3,4
29,4195,0.058604304678738124,0.14565730094909668,0.4609375,3,5
29,4196,0.010754227638244629,0.010754227638244629,0.8046875,3,4
29,4197,0.04402081388980151,0.04410696029663086,0.69921875,4,2
29,4198,0.0,0.12374746799468994,0.28125,1,0
29,4199,0.006472410634160046,0.15780353546142578,0.31640625,2,2
29,4200,0.0489233285188675,0.05745124816894531,0.640625,4,2
29,4201,0.0006433725357055664,0.0006433725357055664,0.96875,1,0
29,4202,0.03483754431363196,0.08453470468521118,0.46484375,1,0
29,4203,0.03483754431363196,0.08453470468521118,0.46484375,3,3
29,4204,4.398822784423828e-05,4.398822784423828e-05,0.99609375,1,0
29,4205,0.04892408987507225,0.05745214223861694,0.640625,3,3
29,4206,0.03483754431363196,0.08453470468521118,0.46484375,4,2
29,4095,0.048923531547188766,0.057451486587524414,0.640625,3,1
29,4053,0.04892358230426908,0.05745154619216919,0.640625,2,2
29,4207,0.04892408987507225,0.05745214223861694,0.640625,3,1
29,4208,0.0,0.0,1.0,2,1
29,4209,0.04892408987507225,0.05745214223861694,0.640625,2,1
29,4210,0.048924445174634464,0.05745255947113037,0.640625,3,3
29,4211,1.1920928955078125e-07,1.1920928955078125e-07,1.0,3,3
29,4212,0.04965941584669054,0.056376099586486816,0.65234375,3,2
29,4213,1.1920928955078125e-07,1.1920928955078125e-07,1.0,4,4
29,4214,0.0,0.0,1.0,3,0
29,4215,0.04892408987507225,0.05745214223861694,0.640625,2,1
29,4216,0.04892408987507225,0.05745214223861694,0.640625,3,3
29,4217,0.04352245526388288,0.05230867862701416,0.6328125,2,3
29,4218,0.04892358230426908,0.05745154619216919,0.640625,2,2
29,4219,0.04892408987507225,0.05745214223861694,0.640625,4,3
29,4220,0.047887106309644885,0.15228694677352905,0.42578125,3,2
29,4221,0.04936010017991067,0.09156656265258789,0.515625,3,4
29,4222,0.04946255672257394,0.05742591619491577,0.64453125,3,1
29,4223,0.0,0.0,1.0,3,1
29,4224,0.0,0.0,1.0,3,0
29,4225,1.1920928955078125e-07,1.1920928955078125e-07,1.0,2,3
29,4226,0.048922516405582435,0.057450294494628906,0.640625,2,3
29,4227,0.0489239376038313,0.05745196342468262,0.640625,2,3
29,4228,0.0012479424476623535,0.0012479424476623535,0.9609375,4,1
29,4229,0.03483754431363196,0.08453470468521118,0.46484375,2,2
29,4230,0.04892408987507225,0.05745214223861694,0.640625,3,2
29,4231,0.04686706687789411,0.056997478008270264,0.62890625,2,3
29,4232,0.04892408987507225,0.05745214223861694,0.640625,2,1
29,4151,0.04199889628216625,0.09111624956130981,0.484375,2,3
29,3824,0.0626591080799699,0.07358133792877197,0.640625,3,5
29,4233,2.1219253540039062e-05,2.1219253540039062e-05,0.99609375,3,3
29,4234,0.052617696113884456,0.07786202430725098,0.5703125,3,4
29,4235,0.058706328272819526,0.07225394248962402,0.625,4,7
29,4236,0.048982955049723394,0.07812857627868652,0.55078125,3,5
29,4237,0.0,0.3657262325286865,0.21875,3,5
29,4238,0.03278398513793945,0.03278398513793945,0.80078125,2,3
29,4239,0.04177630017511547,0.06990021467208862,0.5390625,3,5
29,4240,0.03473556041717529,0.03473556041717529,0.75390625,3,4
29,4241,0.04788501444272698,0.08145225048065186,0.53515625,2,4
29,4242,0.06453109299764039,0.06869006156921387,0.67578125,2,3
29,4243,0.04322537651751191,0.0918315052986145,0.48828125,2,3
29,4244,0.04542432888410986,0.09650313854217529,0.48828125,4,7
29,4245,2.1219253540039062e-05,2.1219253540039062e-05,0.99609375,3,3
29,4246,0.02763161971233786,0.09689992666244507,0.4140625,1,2
29,4247,0.03810259397141636,0.08827388286590576,0.47265625,2,3
29,4248,0.054968445561826236,0.062403202056884766,0.65234375,2,4
29,4249,0.03535453462973238,0.12398302555084229,0.4140625,3,5
29,4250,0.06138682540040464,0.07465571165084839,0.62890625,3,5
29,4251,0.05572364735417069,0.07795220613479614,0.5859375,3,5
29,4252,0.03456500312313438,0.07830655574798584,0.4765625,3,3
29,4253,0.057342475629411645,0.07508784532546997,0.60546875,3,5
29,4254,0.02581584872677923,0.12469542026519775,0.3828125,1,2
29,4255,0.04053832276258618,0.18698757886886597,0.38671875,3,4
29,4256,2.1219253540039062e-05,2.1219253540039062e-05,0.99609375,3,3
29,3775,0.0532375043258071,0.07154226303100586,0.59765625,4,3
29,3957,0.04517178470268846,0.051856398582458496,0.6484375,3,3
29,4257,0.048502153484150774,0.1542428731918335,0.42578125,4,3
29,4258,2.384185791015625e-07,2.384185791015625e-07,1.0,5,5
29,4259,0.048086249269545085,0.15292024612426758,0.42578125,3,3
29,4260,0.048496080795302994,0.15422356128692627,0.42578125,3,4
29,4261,0.020474869757890705,0.14764976501464844,0.35546875,4,3
29,4262,0.04673837474547327,0.14863383769989014,0.42578125,3,2
29,4263,5.960464477539063e-08,5.960464477539063e-08,1.0,4,4
29,4264,2.1219253540039062e-05,2.1219253540039062e-05,0.99609375,3,2
29,4265,1.9073486328125e-05,1.9073486328125e-05,0.9921875,4,3
29,4266,0.04735512752085925,0.15059518814086914,0.42578125,3,3
29,4267,0.0,0.0,1.0,3,2
29,4268,0.0,0.0,1.0,3,3
29,4269,5.960464477539063e-08,5.960464477539063e-08,1.0,5,5
29,4123,0.05087172240018845,0.14799046516418457,0.4375,4,3
29,4110,0.05414357967674733,0.07089900970458984,0.60546875,4,5
29,4270,0.03845480270683766,0.0816965103149414,0.48828125,3,4
29,4271,0.05339939973782749,0.07369405031204224,0.58984375,3,3
29,4272,0.053960694465786226,0.07157480716705322,0.6015625,5,6
29,4273,0.03844293381553144,0.04566770792007446,0.63671875,4,3
29,4274,0.050713615724816925,0.07192623615264893,0.58203125,5,7
29,4275,0.054740325780585415,0.07168042659759521,0.60546875,6,7
29,4276,0.03819508012384177,0.08653044700622559,0.4765625,4,4
29,4277,0.04176433989778162,0.06006556749343872,0.578125,4,4
29,4278,0.059881985187530525,0.0737009048461914,0.625,5,7
29,4279,0.05323126888833941,0.06631243228912354,0.62109375,5,6
29,4280,0.04043364385142923,0.06350314617156982,0.5546875,4,5
29,4281,0.055590864620171494,0.07671838998794556,0.58984375,6,7
29,4282,0.05242176062893123,0.06375283002853394,0.62890625,4,3
29,4283,0.048688944661989815,0.055274367332458496,0.65234375,3,3
29,4284,0.05520035047084094,0.06961226463317871,0.6171875,4,5
29,4285,0.04342646850273014,0.07266128063201904,0.5390625,4,6
29,4286,0.046265639131888754,0.06217324733734131,0.59765625,5,6
29,4287,0.001833173912018542,0.15643084049224854,0.3046875,5,7
29,4288,0.05270893103443087,0.06902039051055908,0.60546875,5,6
29,4289,0.041329643921926625,0.06592142581939697,0.55078125,4,4
29,4290,0.051420754753053195,0.06910085678100586,0.59765625,4,5
29,4291,0.05161808070261032,0.06277543306350708,0.62890625,5,7
29,4292,0.04629193339496852,0.05314230918884277,0.6484375,5,5
29,4293,0.035569511703215546,0.04225426912307739,0.63671875,5,7
29,4294,0.05066686577629299,0.06808775663375854,0.59765625,5,7
29,4295,0.05802722065709532,0.13443410396575928,0.47265625,5,8
29,4296,0.007178306579589844,0.007178306579589844,0.875,4,5
29,4297,0.047692116815596826,0.05414271354675293,0.65234375,5,8
29,4298,0.04043364385142923,0.06350314617156982,0.5546875,5,5
29,4299,0.050536207621917136,0.07069545984268188,0.5859375,5,5
29,4165,0.0771347248228267,0.1036561131477356,0.59765625,3,4
29,4164,0.0717426077462733,0.09275811910629272,0.609375,3,4
29,4300,0.05068126064725221,0.1290985345840454,0.45703125,3,6
29,4301,0.04170334339141846,0.04170334339141846,0.7421875,3,4
29,4302,0.07283434364944698,0.11439013481140137,0.5546875,3,7
29,4303,0.06775550823658706,0.13291501998901367,0.50390625,1,1
29,4304,0.0006715655326843262,0.0006715655326843262,0.96875,4,4
29,4305,0.004903523251414303,0.15691274404525757,0.3125,3,4
29,4306,0.0019336342811584473,0.0019336342811584473,0.9296875,3,3
29,4307,2.1338462829589844e-05,2.1338462829589844e-05,0.99609375,3,3
29,4308,0.0387121462263167,0.0425335168838501,0.6640625,2,4
29,4309,0.022380590438842773,0.022380590438842773,0.74609375,3,4
29,4310,0.07167193037457766,0.11256450414657593,0.5546875,3,3
29,4311,0.006809312850236899,0.21789801120758057,0.3125,3,6
29,4312,0.0695480009308085,0.11093014478683472,0.55078125,2,5
29,4313,0.0003208314301446126,0.1642656922340393,0.30078125,2,3
29,4314,0.07412095624022187,0.09463822841644287,0.61328125,3,4
29,4315,0.06745640072040261,0.11474311351776123,0.53515625,4,4
29,4316,0.0011484622955322266,0.0011484622955322266,0.95703125,3,4
29,4317,0.047744996845722205,0.14295578002929688,0.43359375,3,3
29,4318,2.1219253540039062e-05,2.1219253540039062e-05,0.99609375,3,2
29,4319,0.0698864981532097,0.10649371147155762,0.5625,3,5
29,4320,0.07544581219553949,0.11327934265136719,0.56640625,2,4
29,4321,0.07123286207206549,0.10695374011993408,0.56640625,4,6
29,4322,0.07155705150216819,0.11238408088684082,0.5546875,2,4
30,4279,0.055247709620744,0.06414246559143066,0.64453125,5,6
30,4212,0.05259046610444785,0.055403947830200195,0.6796875,3,2
30,4323,3.5762786865234375e-07,3.5762786865234375e-07,1.0,3,4
30,4324,0.05282596126198769,0.05623054504394531,0.67578125,3,2
30,4325,0.05230121687054635,0.056256771087646484,0.671875,3,2
30,4326,0.04949165135622025,0.07541584968566895,0.5625,5,6
30,4327,0.019849002361297607,0.019849002361297607,0.7734375,5,6
30,4328,0.0,0.18342351913452148,0.2109375,5,6
30,4329,0.020500733982771642,0.10392451286315918,0.37890625,3,2
30,4330,0.052289801649749286,0.056244492530822754,0.671875,2,2
30,4331,0.03973237797617913,0.062401771545410156,0.5546875,2,2
30,4332,1.1920928955078125e-07,1.1920928955078125e-07,1.0,3,2
30,4333,0.03670588973909617,0.07963311672210693,0.484375,3,3
30,4334,0.0,0.0,1.0,2,0
30,4335,0.0005268612876534537,0.26975297927856445,0.30078125,3,1
30,4336,1.1920928955078125e-07,1.1920928955078125e-07,1.0,3,0
30,4337,0.0023387670516967773,0.0023387670516967773,0.9375,3,2
30,4338,0.04503240948542953,0.05749773979187012,0.61328125,4,6
30,4339,0.05230088438838721,0.05625641345977783,0.671875,2,2
30,4340,0.04935866408050061,0.06381726264953613,0.609375,5,6
30,4341,1.3709068298339844e-06,1.3709068298339844e-06,1.0,4,2
30,4342,0.0,0.0,1.0,3,5
30,4343,0.05549505515955389,0.06163442134857178,0.66015625,5,5
30,4344,1.1920928955078125e-07,1.1920928955078125e-07,1.0,3,0
30,4345,0.05227600364014507,0.05622965097427368,0.671875,3,4
30,4346,0.056892872904427357,0.06605249643325806,0.64453125,5,6
30,4347,1.1920928955078125e-07,1.1920928955078125e-07,1.0,3,0
30,4348,0.03487267484888435,0.05931830406188965,0.53515625,3,4
30,4349,2.086162567138672e-06,2.086162567138672e-06,1.0,3,1
30,4350,0.033577032154425986,0.05527794361114502,0.54296875,3,4
30,3775,0.05983549170196057,0.07026553153991699,0.640625,4,3
30,4257,0.050488733686506755,0.15572428703308105,0.4296875,4,3
30,4351,0.05044687585905195,0.15559518337249756,0.4296875,4,2
30,4352,0.03268860094249249,0.09787464141845703,0.43359375,3,1
30,4353,0.05025099823251367,0.1549910306930542,0.4296875,4,4
30,4354,0.05068020732142032,0.15174424648284912,0.43359375,4,3
30,4355,0.047307837521657355,0.11479437351226807,0.46484375,4,2
30,4356,0.05048815393820406,0.1557224988937378,0.4296875,4,2
30,4357,0.05048888828605414,0.15572476387023926,0.4296875,3,4
30,4358,0.05048892693594099,0.1557248830795288,0.4296875,5,5
30,4359,3.5762786865234375e-07,3.5762786865234375e-07,1.0,3,3
30,4360,0.0,0.0,1.0,4,3
30,4361,0.0,0.15903079509735107,0.296875,4,3
30,4362,2.2649765014648438e-05,2.2649765014648438e-05,0.99609375,3,2
30,4363,0.05046051926910878,0.15563726425170898,0.4296875,4,4
30,4364,0.05773023609071971,0.12264680862426758,0.48828125,4,3
30,4278,0.0544006209820509,0.0721583366394043,0.6015625,5,7
30,4295,0.06358220288529993,0.12969756126403809,0.49609375,5,8
30,4365,0.04883997677825392,0.06478255987167358,0.6015625,5,6
30,4366,0.04373980779200793,0.0603632926940918,0.58984375,4,5
30,4367,0.04269227664917708,0.07143282890319824,0.5390625,4,6
30,4368,0.02100810944102705,0.151495099067688,0.35546875,5,7
30,4369,0.013114690780639648,0.013114690780639648,0.828125,5,7
30,4370,0.04422563314437867,0.08845126628875732,0.5,5,7
30,4371,0.056931017781607814,0.0676303505897522,0.63671875,5,6
30,4372,0.05104860221035779,0.06684625148773193,0.60546875,6,6
30,4373,0.020190287381410606,0.1694660186767578,0.34765625,6,9
30,4374,2.2649765014648438e-05,2.2649765014648438e-05,0.99609375,6,9
30,4375,0.03973237797617913,0.062401771545410156,0.5546875,6,7
30,4376,0.0597857628017664,0.06499004364013672,0.66796875,4,4
30,4377,0.05067221680656076,0.055674195289611816,0.6640625,4,4
30,4378,0.0,0.38523173332214355,0.2109375,5,7
30,4379,0.05516727128997446,0.06630432605743408,0.6328125,6,8
30,4380,0.04018185636959971,0.062154412269592285,0.55859375,6,8
30,4381,0.05447539687156678,0.0670466423034668,0.625,4,6
30,4382,0.03973237797617913,0.062401771545410156,0.5546875,5,6
30,4383,0.044343923218548305,0.06561875343322754,0.5703125,4,4
30,4384,0.05618858942762018,0.06107974052429199,0.66796875,5,8
30,4385,0.03973063221201301,0.06239902973175049,0.5546875,7,8
30,4386,0.004163920879364014,0.004163920879364014,0.91015625,4,6
30,4387,0.050847565638832755,0.15224534273147583,0.43359375,7,8
30,4388,6.139278411865234e-06,6.139278411865234e-06,1.0,6,6
30,4389,0.05180776084307582,0.07347804307937622,0.58203125,5,6
30,4390,0.05038206721656025,0.06770503520965576,0.59765625,5,8
30,4391,0.04644437693059445,0.061604976654052734,0.6015625,5,8
30,4392,0.052822231547907,0.08296006917953491,0.5546875,5,8
30,4393,0.06097744964063168,0.06558918952941895,0.671875,6,5
30,4394,0.05076002748683096,0.07100856304168701,0.5859375,4,6
30,4242,0.05753060709685088,0.06531190872192383,0.65234375,2,3
30,3824,0.05547263368498535,0.0708279013633728,0.61328125,3,5
30,4395,0.05147038958966733,0.07843106985092163,0.5625,4,6
30,4396,0.008325815200805664,0.008325815200805664,0.81640625,2,2
30,4397,0.008986175060272217,0.008986175060272217,0.8046875,4,6
30,4398,0.03508913214318455,0.03515779972076416,0.69921875,3,5
30,4399,0.05707242025528104,0.062040507793426514,0.66796875,4,6
30,4400,0.048978827893733985,0.06028163433074951,0.625,2,3
30,4401,0.030915993032976992,0.14933007955551147,0.3828125,3,5
30,4402,0.05523526354227216,0.07422691583633423,0.59765625,3,5
30,4403,0.06069496320560575,0.07749581336975098,0.61328125,3,6
30,4404,0.03199699916876853,0.05442678928375244,0.53515625,1,2
30,4405,0.05111687548924238,0.06367844343185425,0.62109375,4,6
30,4406,0.05494072102010251,0.08371919393539429,0.5625,4,5
30,4407,0.057642851257696755,0.08175384998321533,0.58203125,4,5
30,4408,2.2649765014648438e-05,2.2649765014648438e-05,0.99609375,3,6
30,4409,0.056254493305459626,0.07094162702560425,0.6171875,3,5
30,4410,0.04554074490442873,0.08933663368225098,0.50390625,2,3
30,4411,0.03992211632430554,0.07024097442626953,0.52734375,3,4
30,4412,0.0536006335169077,0.060183167457580566,0.65625,3,5
30,4413,0.05120504123624415,0.0900927186012268,0.52734375,3,5
30,4414,0.04779203468933702,0.0774351954460144,0.546875,4,6
30,4415,0.04343503853306176,0.19171327352523804,0.390625,2,4
30,4416,0.03356634825468064,0.09239768981933594,0.4453125,4,6
30,4417,0.05421958584338427,0.07797873020172119,0.578125,5,7
30,4418,0.02911471948027611,0.08469736576080322,0.4375,3,4
30,4303,0.06418269057758154,0.13358348608016968,0.4921875,1,1
30,4195,0.05474159494042397,0.1467418670654297,0.44921875,3,5
30,4419,0.059757774462923414,0.13844335079193115,0.47265625,3,4
30,4420,0.02275279560126365,0.10990029573440552,0.3828125,1,2
30,4421,0.04065276205074043,0.11499565839767456,0.44140625,1,1
30,4422,0.06418269057758154,0.13358348608016968,0.4921875,1,1
30,4423,2.384185791015625e-07,2.384185791015625e-07,1.0,3,1
30,4424,0.01165429339744151,0.14553654193878174,0.33203125,1,1
30,4425,0.05230221431702376,0.05625784397125244,0.671875,3,2
30,4426,0.05696310836356134,0.14510005712509155,0.45703125,3,4
30,4427,0.03973237797617913,0.062401771545410156,0.5546875,4,5
30,4428,0.023878365755081184,0.1273512840270996,0.375,1,1
30,4429,0.003377363784238701,0.15720093250274658,0.30859375,3,5
30,4430,0.051333595532923944,0.153700590133667,0.43359375,3,3
30,4431,0.004400560283102098,0.10728985071182251,0.31640625,1,0
30,4432,0.051333595532923944,0.153700590133667,0.43359375,1,1
30,4433,2.2649765014648438e-05,2.2649765014648438e-05,0.99609375,1,0
30,4434,0.0538837310159579,0.1524224877357483,0.44140625,1,1
30,4435,0.05474159494042397,0.1467418670654297,0.44921875,3,4
30,4436,0.0,0.15922552347183228,0.29296875,1,1
30,4165,0.0663165394216776,0.10105377435684204,0.5625,3,4
30,4320,0.06501523358747364,0.11059069633483887,0.53515625,2,4
30,4437,2.2649765014648438e-05,2.2649765014648438e-05,1.0,1,2
30,4438,0.06641309324186297,0.10272961854934692,0.55859375,2,3
30,4439,0.04910706728696824,0.0748298168182373,0.5625,2,5
30,4440,0.005673885345458984,0.005673885345458984,0.8984375,2,2
30,4441,0.0,0.18489140272140503,0.23046875,2,5
30,4442,0.05362472031265498,0.08294820785522461,0.55859375,1,2
30,4443,0.056498477119021125,0.08241373300552368,0.57421875,3,4
30,4444,2.384185791015625e-07,2.384185791015625e-07,1.0,2,3
30,4445,0.06709154136478902,0.10870528221130371,0.546875,3,8
30,4446,2.2530555725097656e-05,2.2530555725097656e-05,1.0,2,4
30,4447,2.2649765014648438e-05,2.2649765014648438e-05,0.99609375,3,3
30,4448,0.015616865130141384,0.15678107738494873,0.33984375,2,4
30,4449,0.0,0.1681385040283203,0.203125,4,5
30,4450,0.05947363935410978,0.09636235237121582,0.546875,1,2
30,4451,0.04879044322296978,0.13078904151916504,0.44921875,3,7
30,4452,0.0031059980392456055,0.0031059980392456055,0.88671875,2,3
30,4453,0.05434729589615018,0.14568489789962769,0.44921875,1,1
30,4454,0.01321321725845337,0.01321321725845337,0.7890625,2,5
30,4455,2.2649765014648438e-05,2.2649765014648438e-05,1.0,2,4
30,4456,0.057195603847503676,0.10610198974609375,0.515625,2,4
30,4457,0.06646133260801436,0.10600686073303223,0.55078125,2,4
30,4458,0.05518583022058011,0.13081085681915283,0.46875,3,4
30,4459,2.276897430419922e-05,2.276897430419922e-05,0.99609375,3,4
30,4460,0.03555464744567871,0.03555464744567871,0.70703125,3,4
31,4324,0.04931776179000736,0.05791443586349487,0.640625,3,2
31,4212,0.05221870844252408,0.05737334489822388,0.6640625,3,2
31,4461,0.059099828591570265,0.06493371725082397,0.6640625,3,2
31,4462,0.04773306846618652,0.04773306846618652,0.70703125,3,2
31,4463,0.04165028641000391,0.059901535511016846,0.578125,4,2
31,4464,0.04930893005803228,0.057904064655303955,0.640625,4,2
31,4465,0.05044548679143191,0.053144216537475586,0.6796875,1,3
31,4466,0.042199395596981056,0.15886831283569336,0.40625,3,2
31,4467,0.00029540061950683594,0.00029540061950683594,0.984375,3,1
31,4468,3.635883331298828e-06,3.635883331298828e-06,1.0,3,1
31,4469,0.04933821689337493,0.057938456535339355,0.640625,4,4
31,4470,0.0,0.0,1.0,4,2
31,4471,0.04414102679584176,0.08659082651138306,0.50390625,3,2
31,4472,0.050237479852512486,0.05767172574996948,0.6484375,3,2
31,4473,0.049215461360290653,0.057139039039611816,0.64453125,3,2
31,4474,3.5762786865234375e-07,3.5762786865234375e-07,1.0,2,1
31,4475,0.0,0.0,1.0,3,1
31,4476,0.04866558406502009,0.05714857578277588,0.640625,3,3
31,4477,0.04933821689337493,0.057938456535339355,0.640625,3,1
31,3775,0.0492891927715391,0.07189762592315674,0.57421875,4,3
31,4364,0.05601031612604857,0.12414407730102539,0.48046875,4,3
31,4478,0.0,0.0,1.0,3,3
31,4479,0.04933821689337493,0.057938456535339355,0.640625,3,2
31,4480,0.04866527952253819,0.05714821815490723,0.640625,2,2
31,4481,0.040284408023580916,0.1574474573135376,0.40234375,4,2
31,4482,0.04933821689337493,0.057938456535339355,0.640625,4,3
31,4483,0.0388529165647924,0.15787851810455322,0.3984375,4,3
31,4484,1.1920928955078125e-07,1.1920928955078125e-07,1.0,4,3
31,4485,0.04933821689337493,0.057938456535339355,0.640625,3,2
31,4486,0.04933821689337493,0.057938456535339355,0.640625,4,4
31,4487,0.03885576222091914,0.15789008140563965,0.3984375,4,3
31,4488,0.0,0.0,1.0,5,6
31,4489,0.04766953480429948,0.05074179172515869,0.67578125,4,3
31,4490,0.04933821689337493,0.057938456535339355,0.640625,3,2
31,4491,0.049337201751768596,0.05793726444244385,0.640625,2,1
31,4492,0.04933821689337493,0.057938456535339355,0.640625,4,4
31,4493,0.03885501413606108,0.1578870415687561,0.3984375,4,3
31,4494,0.0,0.0,1.0,4,3
31,4495,0.031058907508850098,0.031058907508850098,0.76953125,4,4
31,4496,0.04128529131412507,0.06689262390136719,0.546875,3,3
31,4497,0.031154757365584377,0.09063202142715454,0.4375,3,1
31,4498,0.04933821689337493,0.057938456535339355,0.640625,4,3
31,4403,0.05850043054670096,0.07759642601013184,0.6015625,3,6
31,4407,0.05777993984520436,0.08194828033447266,0.58203125,4,5
31,4499,0.05444299243390561,0.061806678771972656,0.65234375,3,4
31,4500,0.011493617203086622,0.18983006477355957,0.32421875,5,6
31,4501,0.046699804253876216,0.09719634056091309,0.4921875,4,5
31,4502,0.054909821599721916,0.06448125839233398,0.640625,3,5
31,4503,0.04878405225463212,0.057952284812927246,0.63671875,3,3
31,4504,0.022919684764929123,0.11618691682815552,0.37890625,4,6
31,4505,0.06206218653824181,0.14378207921981812,0.47265625,3,5
31,4506,0.0035074353218078613,0.0035074353218078613,0.87890625,4,6
31,4507,0.008475661277770996,0.008475661277770996,0.83203125,2,3
31,4508,0.017542945221066482,0.1603926420211792,0.34375,3,4
31,4509,0.022789359092712402,0.022789359092712402,0.80078125,3,6
31,4510,0.046705533983185894,0.07944595813751221,0.53515625,4,6
31,4511,2.288818359375e-05,2.288818359375e-05,0.99609375,2,1
31,4512,0.05715093424078078,0.07483702898025513,0.60546875,3,3
31,4513,0.05859818262979389,0.0696108341217041,0.63671875,3,5
31,4514,0.05848610820248724,0.12688511610031128,0.484375,3,2
31,4515,0.0,0.1857086420059204,0.23828125,5,7
31,4516,0.04971727123484016,0.08747506141662598,0.52734375,2,2
31,4517,2.288818359375e-05,2.288818359375e-05,0.99609375,3,5
31,4518,0.04952368384692819,0.09714990854263306,0.50390625,2,4
31,4519,0.054735168814659126,0.06736636161804199,0.625,3,6
31,4520,0.004439413547515869,0.004439413547515869,0.90625,5,9
31,4521,0.05237726820632816,0.08763778209686279,0.5390625,4,8
31,4522,0.05446314811706544,0.0592041015625,0.66796875,3,6
31,4523,2.8252601623535156e-05,2.8252601623535156e-05,1.0,3,4
31,4524,0.005501389503479004,0.005501389503479004,0.87109375,5,6
31,4525,0.02163398871198297,0.15600848197937012,0.35546875,3,4
31,4295,0.046937808394432075,0.13277435302734375,0.44140625,5,8
31,4393,0.05970758385956288,0.07011532783508301,0.640625,6,5
31,4526,0.05237653898075224,0.06771916151046753,0.609375,5,7
31,4527,0.05557100183796138,0.06758278608322144,0.62890625,5,7
31,4528,0.0,0.21610033512115479,0.12890625,6,10
31,4529,0.051110552623867996,0.060019731521606445,0.640625,5,8
31,4530,0.061235473491251476,0.07190954685211182,0.640625,3,3
31,4531,0.04032966913655401,0.06534427404403687,0.546875,4,5
31,4532,0.013293623924255371,0.013293623924255371,0.8359375,6,8
31,4533,0.05970541620627046,0.06559908390045166,0.6640625,5,9
31,4534,0.049342825077474124,0.05664467811584473,0.6484375,6,5
31,4535,0.0,0.19251251220703125,0.2265625,5,8
31,4536,0.050089297699742026,0.05223160982131958,0.68359375,5,8
31,4537,0.06186658702790738,0.07265067100524902,0.640625,5,6
31,4538,0.04128529131412507,0.06689262390136719,0.546875,5,6
31,4539,0.002168893814086914,0.002168893814086914,0.91796875,6,10
31,4540,0.0028151869773864746,0.0028151869773864746,0.8984375,5,6
31,4541,0.05003867344930769,0.05744349956512451,0.6484375,4,3
31,4542,0.05664652911946178,0.06808221340179443,0.6328125,5,6
31,4543,0.05887073487974704,0.06758254766464233,0.6484375,5,6
31,4544,0.04128529131412507,0.06689262390136719,0.546875,3,2
31,4545,0.06054664845578373,0.06950646638870239,0.6484375,4,6
31,4546,0.022298097610473633,0.022298097610473633,0.7578125,6,9
31,4547,0.05450348556041718,0.06708121299743652,0.625,4,4
31,4548,0.054118059575557716,0.06741714477539062,0.62109375,5,6
31,4549,0.05713665485382081,0.07032203674316406,0.625,4,4
31,4550,0.0,0.30032432079315186,0.2578125,6,5
31,4551,0.04073490062728525,0.07292401790618896,0.5234375,6,7
31,4552,0.044214832130819566,0.06358987092971802,0.578125,6,9
31,4553,0.05825574626214803,0.07257163524627686,0.62109375,4,4
31,4554,0.05495179910212756,0.0578916072845459,0.6796875,5,8
31,4555,0.055066141067072756,0.06696879863739014,0.62890625,6,6
31,4556,0.06418862915597857,0.07452285289764404,0.64453125,6,6
31,4557,0.04013936500996352,0.07726073265075684,0.5078125,4,3
31,4422,0.0513921098317951,0.1377631425857544,0.44921875,1,1
31,4303,0.0513921098317951,0.1377631425857544,0.44921875,1,1
31,4558,0.03331816382706166,0.1609330177307129,0.3828125,1,2
31,4559,0.03232034016400576,0.16384172439575195,0.37890625,1,2
31,4560,0.03208063356578351,0.12077414989471436,0.40625,1,1
31,4561,0.06117901206016542,0.12235802412033081,0.5,2,3
31,4562,0.03208063356578351,0.12077414989471436,0.40625,1,1
31,4563,0.029140421189367778,0.12861979007720947,0.390625,3,4
31,4564,0.047433769330382354,0.1463017463684082,0.4296875,3,4
31,4565,0.0,0.1786341667175293,0.2421875,2,3
31,4566,0.047945100581273443,0.12852299213409424,0.44921875,1,1
31,4567,0.04871178232133389,0.14170700311660767,0.4375,1,2
31,4568,0.04887545574456454,0.13453888893127441,0.4453125,2,2
31,4569,0.011002048384398227,0.11045193672180176,0.33984375,1,0
31,4570,0.04758418409619481,0.1513236165046692,0.42578125,1,1
31,4571,0.00017684698104858398,0.00017684698104858398,0.984375,3,5
31,4572,0.020963563118129972,0.13251042366027832,0.36328125,1,1
31,4573,0.044477527728304274,0.10304296016693115,0.47265625,1,2
31,4574,0.005239367485046387,0.005239367485046387,0.890625,1,1
31,4575,0.0513921098317951,0.1377631425857544,0.44921875,1,1
31,4576,0.0007517337799072266,0.0007517337799072266,0.9765625,1,0
31,4445,0.07097173458896579,0.11320102214813232,0.55078125,3,8
31,4457,0.07538863189984114,0.10996860265731812,0.57421875,2,4
31,4577,0.016434311866760254,0.016434311866760254,0.77734375,3,8
31,4578,0.07004747539758684,0.08621227741241455,0.625,3,4
31,4579,0.04383794241584838,0.07713067531585693,0.52734375,3,8
31,4580,0.04041165160015226,0.1055651307106018,0.453125,2,5
31,4581,0.06945431232452394,0.1125335693359375,0.546875,2,3
31,4582,2.288818359375e-05,2.288818359375e-05,0.99609375,2,3
31,4583,0.0288240909576416,0.0288240909576416,0.73828125,3,7
31,4584,0.06726022344082595,0.11634200811386108,0.53125,3,7
31,4585,0.0,0.19804233312606812,0.15625,3,8
31,4586,0.07516001584008337,0.1065981388092041,0.58203125,1,2
31,4587,0.0319051193073392,0.04125106334686279,0.609375,3,3
31,4588,2.276897430419922e-05,2.276897430419922e-05,0.99609375,2,5
31,4589,0.03469813102856279,0.03618216514587402,0.68359375,3,8
31,4590,0.05776798352599145,0.08673667907714844,0.56640625,2,4
31,4591,0.04949020594358445,0.0510866641998291,0.6875,3,4
31,4592,0.036849361844360835,0.13872700929641724,0.40625,2,4
31,4593,2.276897430419922e-05,2.276897430419922e-05,0.99609375,2,3
31,4594,0.07267983909696342,0.10452830791473389,0.578125,4,8
31,4595,2.658367156982422e-05,2.658367156982422e-05,0.99609375,4,10
31,4596,6.4849853515625e-05,6.4849853515625e-05,1.0,2,4
31,4597,0.002706170082092285,0.002706170082092285,0.93359375,2,3
31,4598,2.288818359375e-05,2.288818359375e-05,0.99609375,3,8
32,4575,0.08281971188262106,0.14087605476379395,0.53515625,1,1
32,4422,0.08281971188262106,0.14087605476379395,0.53515625,1,1
32,4599,0.051141384290531285,0.1370910406112671,0.44921875,1,2
32,4600,0.0732731386087835,0.12463736534118652,0.53515625,2,2
32,4601,0.03927042963914574,0.06570738554000854,0.5390625,1,1
32,4602,0.04393925401382149,0.12429225444793701,0.44140625,1,1
32,4603,0.07131000212393702,0.1514967679977417,0.48828125,1,2
32,4604,5.137920379638672e-05,5.137920379638672e-05,0.9921875,2,1
32,4605,0.0658112291712314,0.15969359874725342,0.46484375,1,1
32,4606,0.06547998858150096,0.15888983011245728,0.46484375,1,1
32,4607,0.0,0.16166114807128906,0.20703125,1,0
32,4608,0.0760556752793491,0.14919734001159668,0.50390625,1,1
32,4609,0.06461993418633939,0.16060876846313477,0.4609375,1,2
32,4610,0.02506434917449951,0.02506434917449951,0.70703125,1,1
32,4611,0.056919991970062256,0.056919991970062256,0.703125,1,1
32,4612,0.0006507039070129395,0.0006507039070129395,0.96875,1,1
32,4613,0.04654223821125925,0.11293661594390869,0.46484375,1,1
32,4614,0.06235929974354805,0.12232935428619385,0.50390625,1,1
32,4615,0.07146271143574269,0.15182119607925415,0.48828125,1,1
32,4616,0.08281971188262106,0.14087605476379395,0.53515625,2,2
32,4617,0.02358077722601593,0.02362692356109619,0.69921875,1,1
32,4618,0.012525320053100586,0.012525320053100586,0.85546875,1,1
32,4526,0.051469964440912015,0.06827104091644287,0.6015625,5,7
32,4212,0.055017429869622,0.05917841196060181,0.671875,3,2
32,4619,0.0585279188817367,0.059812963008880615,0.69140625,3,1
32,4620,0.05353069887496532,0.07100445032119751,0.6015625,4,6
32,4621,0.059111676411703236,0.05981260538101196,0.6953125,3,2
32,4622,0.0,0.0,1.0,3,2
32,4623,0.03618354653008283,0.04619944095611572,0.61328125,5,7
32,4624,0.055254711303859956,0.05943363904953003,0.671875,3,3
32,4625,0.05644545424729586,0.05946516990661621,0.6796875,3,2
32,4626,0.054056815803051,0.06734085083007812,0.62109375,5,7
32,4627,0.03237339016050101,0.08678102493286133,0.44921875,3,1
32,4628,0.05852412781678141,0.059809088706970215,0.69140625,3,1
32,4629,0.05852546927053482,0.05981045961380005,0.69140625,2,1
32,4630,0.0,0.0,1.0,4,3
32,4631,0.00435541849583388,0.20272493362426758,0.30859375,4,4
32,4632,0.021690964698791504,0.021690964698791504,0.72265625,3,2
32,4633,0.0021978020668029785,0.0021978020668029785,0.88671875,4,2
32,4634,0.043105190037749715,0.05242246389389038,0.62890625,4,3
32,4635,0.03665177710354329,0.0812368392944336,0.48046875,3,3
32,4636,0.006426393985748291,0.006426393985748291,0.86328125,6,9
32,4637,0.0585279188817367,0.059812963008880615,0.69140625,2,1
32,4364,0.07291614403948189,0.12829232215881348,0.52734375,4,3
32,4492,0.0585279188817367,0.059812963008880615,0.69140625,4,4
32,4638,2.5212764739990234e-05,2.5212764739990234e-05,0.99609375,4,4
32,4639,0.0585279188817367,0.059812963008880615,0.69140625,4,3
32,4640,0.05770735745318235,0.058974385261535645,0.69140625,3,2
32,4641,0.0585279188817367,0.059812963008880615,0.69140625,4,3
32,4642,0.008315086364746094,0.008315086364746094,0.87109375,4,3
32,4643,0.04533545102458448,0.12824171781539917,0.44140625,4,3
32,4644,0.0559697151184082,0.0559697151184082,0.7109375,4,3
32,4645,0.0585279188817367,0.059812963008880615,0.69140625,3,2
32,4646,0.06461993418633939,0.16060876846313477,0.4609375,2,2
32,4647,0.0585279188817367,0.059812963008880615,0.69140625,4,4
32,4648,0.0585279188817367,0.059812963008880615,0.69140625,4,4
32,4649,0.05852821050211788,0.05981326103210449,0.69140625,4,4
32,4650,0.0585279188817367,0.059812963008880615,0.69140625,3,2
32,4651,0.059558093082159765,0.08565658330917358,0.578125,5,5
32,4652,0.062291419133543975,0.1627204418182373,0.453125,5,4
32,4653,0.04017956648021937,0.06722855567932129,0.5390625,3,1
32,4654,0.0585279188817367,0.059812963008880615,0.69140625,4,5
32,4655,0.056376099586486816,0.056376099586486816,0.70703125,3,2
32,4656,0.0,0.0,1.0,4,4
32,4657,0.0585279188817367,0.059812963008880615,0.69140625,3,2
32,4658,0.062290483620017774,0.1627179980278015,0.453125,4,4
32,4505,0.060976165230385966,0.14126604795455933,0.47265625,3,5
32,4513,0.05031117540784181,0.07135546207427979,0.58203125,3,5
32,4659,0.05276621039956809,0.11447584629058838,0.484375,3,4
32,4660,2.5212764739990234e-05,2.5212764739990234e-05,0.99609375,3,4
32,4661,0.03384047420695425,0.03390669822692871,0.69921875,2,1
32,4662,0.03073441982269287,0.03073441982269287,0.76953125,3,4
32,4663,0.040070839691907174,0.07301163673400879,0.51953125,2,1
32,4664,0.0015298724174499512,0.0015298724174499512,0.92578125,4,5
32,4665,0.044722589198499925,0.0860825777053833,0.5078125,2,3
32,4666,0.04827669449150563,0.08077669143676758,0.5390625,2,4
32,4667,0.00022530555725097656,0.00022530555725097656,0.984375,4,5
32,4668,0.03985071927309037,0.04198265075683594,0.6796875,3,5
32,4669,0.006456255912780762,0.006456255912780762,0.87109375,4,5
32,4670,0.0,0.15024542808532715,0.22265625,4,5
32,4671,0.0,0.3309635519981384,0.26171875,3,4
32,4672,0.015072882175445557,0.015072882175445557,0.76953125,5,8
32,4673,0.06164485611952842,0.1428152322769165,0.47265625,3,4
32,4674,0.03480467735789717,0.07714283466339111,0.48046875,2,3
32,4675,0.02059941412881017,0.024757981300354004,0.6328125,3,3
32,4676,0.040276301326230175,0.18577897548675537,0.38671875,3,5
32,4677,0.02359155635349453,0.09220516681671143,0.40234375,3,5
32,4678,0.004529714584350586,0.004529714584350586,0.88671875,3,4
32,4679,0.033279275521636016,0.07219910621643066,0.484375,2,2
32,4680,0.060976165230385966,0.14126604795455933,0.47265625,3,5
32,4681,0.0009251832962036133,0.0009251832962036133,0.93359375,3,2
32,4556,0.049438667600043125,0.07423049211502075,0.56640625,6,6
32,4537,0.048977420898154385,0.07353794574737549,0.56640625,5,6
32,4682,0.04379411647096277,0.0744936466217041,0.53515625,6,6
32,4683,0.0423845797777176,0.06760406494140625,0.55078125,6,7
32,4684,0.05827380123082549,0.0692254900932312,0.63671875,6,6
32,4685,0.03688782313838602,0.07100212574005127,0.5078125,6,11
32,4686,0.04742992529645563,0.07336592674255371,0.55859375,6,6
32,4687,0.031139340950176123,0.031823039054870605,0.69140625,1,0
32,4688,0.00020074844360351562,0.00020074844360351562,0.98046875,4,3
32,4689,0.04072946123778821,0.09654390811920166,0.46875,2,3
32,4690,0.04131896502804012,0.049084246158599854,0.63671875,2,2
32,4691,0.04986304789781571,0.07378578186035156,0.5703125,4,6
32,4692,0.046668598428368575,0.07443714141845703,0.55078125,3,3
32,4693,0.058674349449574954,0.06446623802185059,0.6640625,6,5
32,4694,0.01683445135131479,0.21022534370422363,0.33203125,6,5
32,4695,0.06461312342435123,0.16059184074401855,0.4609375,3,2
32,4696,0.057438695337623365,0.06593859195709229,0.6484375,3,3
32,4697,0.05138876230921597,0.07288378477096558,0.58203125,5,6
32,4698,0.04931284941267223,0.06993955373764038,0.58203125,6,5
32,4699,0.0,0.17455428838729858,0.28125,5,6
32,4700,0.03449543984606863,0.07814896106719971,0.4765625,6,10
32,4701,0.05148941441439093,0.07302653789520264,0.58203125,4,6
32,4702,0.05540087074041367,0.06818568706512451,0.625,6,6
32,4703,0.04498279746621848,0.07780808210372925,0.53125,7,9
32,4704,0.03843225724995137,0.06647741794586182,0.53125,6,6
32,4705,0.05832640081644059,0.06548929214477539,0.65625,4,7
32,4706,0.03918503201566637,0.06665360927581787,0.53515625,5,9
32,4707,0.05185053264722229,0.06703907251358032,0.609375,4,6
32,4708,0.058838844299316406,0.058838844299316406,0.70703125,2,4
32,4709,0.052270256215706475,0.0741339921951294,0.58203125,7,8
32,4710,0.04103182372637094,0.16673249006271362,0.3984375,1,2
32,4711,0.05694699287414551,0.05694699287414551,0.703125,6,6
32,4712,0.046099287457764156,0.07130765914916992,0.55859375,7,7
32,4713,0.05394582066219301,0.05742257833480835,0.67578125,6,6
32,4714,0.03948119864799083,0.06715738773345947,0.53515625,1,1
32,4457,0.06493353657424451,0.11424732208251953,0.52734375,2,4
32,4586,0.06096483720466496,0.11108183860778809,0.51953125,1,2
32,4715,0.037203402491286404,0.15742266178131104,0.39453125,5,9
32,4716,0.06211184873245658,0.11119323968887329,0.5234375,2,4
32,4717,0.0014595985412597656,0.0014595985412597656,0.92578125,3,5
32,4718,0.050922822207212455,0.1481391191482544,0.4375,2,2
32,4719,0.04101097583770752,0.04101097583770752,0.73046875,1,2
32,4720,0.04824143811129034,0.14444220066070557,0.43359375,4,8
32,4721,0.06425345735624434,0.100913405418396,0.5546875,3,4
32,4722,0.0001672506332397461,0.0001672506332397461,0.97265625,4,7
32,4723,0.06897438317537309,0.11930704116821289,0.53125,1,2
32,4724,0.062440326670184745,0.11796844005584717,0.51171875,2,4
32,4725,0.05472348839975894,0.07258659601211548,0.6015625,2,3
32,4726,0.04401909280568362,0.08472847938537598,0.5078125,1,2
32,4727,0.04679946368560196,0.06207597255706787,0.6015625,3,6
32,4728,0.05458368547260762,0.1390390396118164,0.45703125,4,8
32,4729,0.05482482165098191,0.0835425853729248,0.5625,4,8
32,4730,0.06498225184623153,0.11840182542800903,0.51953125,4,7
32,4731,0.06214314047247173,0.10749083757400513,0.53125,3,3
32,4732,0.052123263711109764,0.05666053295135498,0.66796875,4,9
32,4733,0.06711434386670591,0.09652400016784668,0.578125,1,2
32,4734,0.06207631062716247,0.11515605449676514,0.515625,2,4
32,4735,2.5212764739990234e-05,2.5212764739990234e-05,0.99609375,1,1
32,4736,2.5212764739990234e-05,2.5212764739990234e-05,0.99609375,4,8
33,4621,0.05617670039646328,0.05741012096405029,0.69140625,3,2
33,4629,0.05617436743341387,0.05740773677825928,0.69140625,2,1
33,4737,0.056147888302803046,0.05738067626953125,0.69140625,3,2
33,4738,1.1920928955078125e-07,1.1920928955078125e-07,1.0,4,2
33,4739,0.05217600381001831,0.06920754909515381,0.6015625,2,1
33,4740,0.05217515002004803,0.06920641660690308,0.6015625,2,1
33,4741,1.1920928955078125e-07,1.1920928955078125e-07,1.0,3,0
33,4742,0.056176058831624694,0.057409465312957764,0.69140625,3,1
33,4743,0.05222165584564209,0.05222165584564209,0.734375,3,2
33,4744,0.056009077001363046,0.05723881721496582,0.69140625,2,2
33,4745,0.056174192461185164,0.05740755796432495,0.69140625,3,1
33,4746,1.1920928955078125e-07,1.1920928955078125e-07,1.0,3,1
33,4747,0.04990851692855359,0.08350706100463867,0.5390625,4,3
33,4748,0.0,0.0,1.0,3,2
33,4749,0.04066763538867236,0.10107684135437012,0.4609375,2,2
33,4750,1.1920928955078125e-07,1.1920928955078125e-07,1.0,2,2
33,4751,0.05617273435927928,0.057406067848205566,0.69140625,3,1
33,4752,0.05617792520206422,0.057411372661590576,0.69140625,3,2
33,4753,0.05617880006320775,0.05741226673126221,0.69140625,3,3
33,4505,0.07218253938481213,0.14724087715148926,0.49609375,3,5
33,4513,0.05025260872207583,0.07029873132705688,0.5859375,3,5
33,4754,0.014026105403900152,0.12823867797851562,0.34375,3,6
33,4755,0.03589010448195041,0.1458391547203064,0.3984375,2,5
33,4756,0.04616541299037636,0.08411633968353271,0.51953125,3,5
33,4757,0.03680293401703239,0.09865498542785645,0.44921875,3,5
33,4758,0.03850862011313439,0.15050697326660156,0.40234375,4,7
33,4759,0.046487113344483084,0.05277472734451294,0.65234375,2,5
33,4760,0.04613554663956166,0.05417752265930176,0.640625,3,5
33,4761,0.03639513673260809,0.1276322603225708,0.4140625,3,4
33,4762,0.04892516881227494,0.06021559238433838,0.625,3,5
33,4763,0.07374882698059083,0.14749765396118164,0.5,3,5
33,4764,0.037240944802761085,0.05848884582519531,0.5546875,3,3
33,4765,0.0,0.30220335721969604,0.25,3,6
33,4766,0.07687712460756303,0.14797401428222656,0.5078125,3,3
33,4767,0.011335492134094238,0.011335492134094238,0.88671875,3,5
33,4768,0.041938517242670066,0.09940981864929199,0.46875,3,4
33,4769,0.01432180404663086,0.01432180404663086,0.8203125,4,8
33,4723,0.08647781191393734,0.1162116527557373,0.59765625,1,2
33,4733,0.07769441464915873,0.08919179439544678,0.6484375,1,2
33,4770,2.777576446533203e-05,2.777576446533203e-05,0.98828125,1,1
33,4771,0.011176824569702148,0.011176824569702148,0.86328125,2,3
33,4772,0.0530668217688799,0.15437620878219604,0.4375,1,2
33,4773,0.00017261505126953125,0.00017261505126953125,0.9921875,1,1
33,4774,0.00031638145446777344,0.00031638145446777344,0.98046875,1,1
33,4775,0.017524430528283126,0.1602233648300171,0.34375,1,2
33,4776,0.010158744873479014,0.16778314113616943,0.32421875,1,2
33,4777,7.915496826171875e-05,7.915496826171875e-05,0.99609375,1,1
33,4778,0.0256614163517952,0.027602195739746094,0.671875,2,2
33,4779,0.07882048119790853,0.1340733766555786,0.53515625,2,4
33,4780,0.06131335359532387,0.1420472264289856,0.47265625,4,7
33,4781,0.060942891985178,0.06166553497314453,0.6953125,4,7
33,4782,0.00019037723541259766,0.00019037723541259766,0.984375,1,1
33,4783,0.03903412353247405,0.045838236808776855,0.640625,1,2
33,4784,1.1920928955078125e-07,1.1920928955078125e-07,1.0,1,1
33,4785,0.0,0.0,1.0,2,3
33,4786,0.0011348724365234375,0.0011348724365234375,0.96875,1,2
33,4787,2.2590160369873047e-05,2.2590160369873047e-05,0.98828125,1,2
33,4788,1.1920928955078125e-07,1.1920928955078125e-07,1.0,1,1
33,4789,0.03978227311745287,0.15548491477966309,0.40234375,1,1
33,4790,0.09483773563988508,0.12108957767486572,0.61328125,5,9
33,4791,0.0778914447873831,0.09361600875854492,0.6328125,1,2
33,4792,0.0765414945781231,0.11008214950561523,0.578125,1,2
33,4364,0.05558605724945665,0.12592947483062744,0.4765625,4,3
33,4646,0.035776562988758094,0.15791034698486328,0.390625,2,2
33,4793,0.04235220409464092,0.08639174699783325,0.49609375,6,6
33,4794,0.0,0.19940131902694702,0.20703125,2,1
33,4795,0.034668471431359656,0.15991222858428955,0.38671875,2,3
33,4796,0.010251462459564209,0.010251462459564209,0.83984375,4,2
33,4797,0.05617880006320775,0.05741226673126221,0.69140625,2,1
33,4798,0.0,0.18786293268203735,0.20703125,4,4
33,4799,0.055908065289258964,0.056571006774902344,0.6953125,4,3
33,4800,0.0,0.0,1.0,4,4
33,4801,0.0,0.18861591815948486,0.20703125,5,4
33,4802,0.0,0.19024592638015747,0.09765625,5,6
33,4803,0.05398465739563108,0.05687272548675537,0.6796875,4,4
33,4804,0.0,0.0,1.0,4,1
33,4805,0.07162165571935476,0.12182819843292236,0.53515625,5,4
33,4806,0.05208432674407959,0.05208432674407959,0.734375,4,4
33,4807,0.03466834221035243,0.1599116325378418,0.38671875,5,4
33,4808,0.035776562988758094,0.15791034698486328,0.390625,5,5
33,4809,0.04438340407796205,0.15049207210540771,0.41796875,2,2
33,4810,2.2590160369873047e-05,2.2590160369873047e-05,0.98828125,3,4
33,4811,0.035776562988758094,0.15791034698486328,0.390625,3,3
33,4812,0.05338859558105469,0.05338859558105469,0.73046875,5,4
33,4813,0.05617880006320775,0.05741226673126221,0.69140625,4,3
33,4814,0.05617880006320775,0.05741226673126221,0.69140625,4,3
33,4815,0.03857282479293645,0.15674036741256714,0.3984375,2,2
33,4816,0.035776562988758094,0.15791034698486328,0.390625,3,3
33,4817,0.035776562988758094,0.15791034698486328,0.390625,1,1
33,4818,0.043160002212971456,0.15135562419891357,0.4140625,4,3
33,4575,0.07078182476107032,0.13885170221328735,0.50390625,1,1
33,4608,0.05766212102025748,0.1468806266784668,0.45703125,1,1
33,4819,0.04662774608004839,0.13189727067947388,0.44140625,1,1
33,4820,0.05980563908815385,0.11094379425048828,0.515625,1,2
33,4821,0.05064720148220659,0.15164542198181152,0.43359375,1,1
33,4822,0.035776562988758094,0.15791034698486328,0.390625,1,1
33,4823,0.0,0.16803395748138428,0.24609375,1,2
33,4824,0.0,0.18242764472961426,0.2109375,1,1
33,4825,0.035776562988758094,0.15791034698486328,0.390625,1,1
33,4826,0.037325248587876565,0.15793824195861816,0.39453125,1,2
33,4827,0.04388212133198977,0.15388798713684082,0.4140625,1,1
33,4828,0.043946831487119205,0.09534227848052979,0.484375,1,1
33,4829,0.023165272548794753,0.13791418075561523,0.3671875,1,1
33,4830,2.5093555450439453e-05,2.5093555450439453e-05,0.9921875,1,0
33,4831,0.00185264647006989,0.15809249877929688,0.3046875,2,2
33,4832,0.05766212102025748,0.1468806266784668,0.45703125,1,1
33,4833,0.0,0.2008792757987976,0.20703125,1,0
33,4834,0.0,0.16709518432617188,0.27734375,1,1
33,4835,0.035697923507541425,0.16466069221496582,0.38671875,1,2
33,4836,0.05766212102025748,0.1468806266784668,0.45703125,1,1
33,4837,0.05766212102025748,0.1468806266784668,0.45703125,1,1
33,4838,0.03064707992598415,0.09452593326568604,0.4296875,1,0
33,4616,0.07078182476107032,0.13885170221328735,0.50390625,2,2
33,4422,0.07078182476107032,0.13885170221328735,0.50390625,1,1
33,4839,0.035776562988758094,0.15791034698486328,0.390625,1,1
33,4840,0.035776562988758094,0.15791034698486328,0.390625,1,1
33,4841,2.2590160369873047e-05,2.2590160369873047e-05,0.98828125,2,2
33,4842,0.05737240612506867,0.07061219215393066,0.625,1,2
33,4843,0.013854444026947021,0.013854444026947021,0.82421875,1,1
33,4844,0.05640137195587158,0.05640137195587158,0.71875,1,2
33,4845,0.035776562988758094,0.15791034698486328,0.390625,2,3
33,4846,0.00015407800674438477,0.00015407800674438477,0.984375,1,0
33,4847,0.033908963203430176,0.033908963203430176,0.765625,1,0
33,4848,0.0,0.17279529571533203,0.28515625,2,2
33,4849,0.0003161595668643758,0.1618736982345581,0.30078125,1,1
33,4850,0.07041863258928062,0.135542631149292,0.5078125,1,2
33,4851,0.020694851875305176,0.020694851875305176,0.84375,1,0
33,4852,0.048953015590086586,0.05683434009552002,0.64453125,3,4
33,4853,0.035776562988758094,0.15791034698486328,0.390625,2,3
33,4854,0.0,0.20092475414276123,0.20703125,2,3
33,4855,0.025084614753723145,0.025084614753723145,0.8125,2,3
33,4856,0.05313587188720703,0.05313587188720703,0.734375,1,3
33,4857,0.045218529179692275,0.04715251922607422,0.68359375,2,2
33,4858,0.050179538317024715,0.11368107795715332,0.4765625,2,3
33,4859,0.0006507635116577148,0.0006507635116577148,0.97265625,1,0
33,4860,0.0010639429092407227,0.0010639429092407227,0.9609375,1,1
33,4861,0.05089626833796502,0.1480618715286255,0.4375,1,2
33,4862,0.05967624112963677,0.06160128116607666,0.6875,2,2
33,4863,0.017344355583190918,0.017344355583190918,0.86328125,1,0
33,4864,2.2590160369873047e-05,2.2590160369873047e-05,0.98828125,2,1
33,4865,0.07314759644214065,0.14920943975448608,0.49609375,4,5
33,4866,0.05117552354931832,0.16274452209472656,0.42578125,1,1
33,4867,0.039880549069494016,0.047931551933288574,0.6328125,1,1
33,4868,0.056945275515317924,0.058782219886779785,0.6875,2,2
33,4869,0.04801896354183555,0.06906098127365112,0.578125,1,1
33,4870,0.07199857011437417,0.13356256484985352,0.515625,3,3
33,4871,0.06228506634943188,0.14429843425750732,0.47265625,1,1
33,4872,7.659196853637695e-05,7.659196853637695e-05,0.984375,1,0
33,4873,0.03375786542892456,0.03375786542892456,0.78515625,1,1
33,4874,0.033111247117631144,0.14010709524154663,0.39453125,1,1
34,4753,0.06474282476119698,0.06486952304840088,0.69921875,3,3
34,4752,0.06486928462982178,0.06486928462982178,0.70703125,3,2
34,4875,0.06474252732004972,0.064869225025177,0.69921875,3,3
34,4876,0.06395792961120605,0.06395792961120605,0.71875,3,3
34,4877,0.04832443036139012,0.16946649551391602,0.4140625,3,2
34,4878,0.06474264629650862,0.06486934423446655,0.69921875,3,2
34,4879,0.06366348266601562,0.06366348266601562,0.7109375,3,1
34,4880,0.0,0.0,1.0,2,2
34,4881,0.06486797332763672,0.06486797332763672,0.703125,2,1
34,4882,0.06474341964349152,0.06487011909484863,0.69921875,3,3
34,4883,0.0641215443611145,0.0641215443611145,0.7109375,3,2
34,4884,0.0647447283845395,0.06487143039703369,0.69921875,3,2
34,4885,0.0,0.18547868728637695,0.2734375,3,3
34,4886,1.1920928955078125e-07,1.1920928955078125e-07,0.99609375,3,4
34,4887,0.06168943643569946,0.06168943643569946,0.71484375,3,4
34,4888,0.048324770294129855,0.16946768760681152,0.4140625,3,3
34,4889,0.0,0.0,1.0,3,3
34,4890,2.384185791015625e-07,2.384185791015625e-07,1.0,4,2
34,4891,0.0,0.0,1.0,4,3
34,4892,0.06474282476119698,0.06486952304840088,0.69921875,3,3
34,4893,0.06474282476119698,0.06486952304840088,0.69921875,4,4
34,4616,0.07316346303559841,0.14924180507659912,0.49609375,2,2
34,4575,0.07316346303559841,0.14924180507659912,0.49609375,1,1
34,4894,0.0,0.1999894380569458,0.17578125,1,0
34,4895,0.07769583631306888,0.13439279794692993,0.53125,1,1
34,4896,0.0,0.2222205400466919,0.16796875,4,7
34,4897,0.0,0.18547868728637695,0.2734375,1,1
34,4898,0.06458476709667595,0.07172971963882446,0.66015625,3,4
34,4899,0.0003268718719482422,0.0003268718719482422,0.99609375,1,1
34,4900,0.0,0.21194487810134888,0.25,1,2
34,4901,0.052362509304657585,0.16651928424835205,0.42578125,2,2
34,4902,0.04832443036139012,0.16946649551391602,0.4140625,1,1
34,4903,0.03195925650652499,0.12490946054458618,0.40234375,2,2
34,4904,0.0,0.15988069772720337,0.19921875,1,0
34,4905,1.1920928955078125e-07,1.1920928955078125e-07,1.0,3,3
34,4906,0.06655851798132063,0.07011926174163818,0.6796875,4,6
34,4907,0.009324729442596436,0.009324729442596436,0.890625,1,0
34,4908,0.04529959149658681,0.0962381362915039,0.48828125,3,5
34,4909,0.00036209821701049805,0.00036209821701049805,0.96875,1,1
34,4910,0.0,0.18547868728637695,0.2734375,2,2
34,4911,0.0,0.42975807189941406,0.08984375,2,3
34,4912,0.0,0.18547868728637695,0.2734375,2,3
34,4913,2.6226043701171875e-06,2.6226043701171875e-06,1.0,3,5
34,4914,0.0,0.20264673233032227,0.17578125,1,0
34,4915,0.0,0.2130584716796875,0.17578125,2,1
34,4916,0.0,0.21032285690307617,0.17578125,1,1
34,4917,0.06093538086861373,0.15917813777923584,0.453125,1,1
34,4918,0.0573536774609238,0.15787678956985474,0.4453125,2,2
34,4919,0.04832443036139012,0.16946649551391602,0.4140625,1,1
34,4920,0.0,0.16663622856140137,0.234375,1,2
34,4921,0.06392422795761378,0.07099610567092896,0.66015625,4,7
34,4922,0.05842189211398364,0.1323540210723877,0.4765625,1,1
34,4923,0.0013664960861206055,0.0013664960861206055,0.9921875,1,0
34,4924,0.02405846118927002,0.02405846118927002,0.7890625,1,1
34,4925,0.06660774804186077,0.0724058747291565,0.66796875,4,7
34,4926,0.038381869671866305,0.177040696144104,0.38671875,2,3
34,4927,0.0004341602325439453,0.0004341602325439453,0.9765625,3,3
34,4928,0.05461493600159884,0.061322033405303955,0.65625,1,0
34,4929,7.319450378417969e-05,7.319450378417969e-05,1.0,2,1
34,4930,0.00022745132446289062,0.00022745132446289062,0.99609375,3,2
34,4805,0.06526394491083921,0.13312804698944092,0.49609375,5,4
34,4814,0.06474282476119698,0.06486952304840088,0.69921875,4,3
34,4931,0.052610039710998535,0.052610039710998535,0.73828125,2,1
34,4932,0.0020122483838349633,0.17171186208724976,0.3046875,5,3
34,4933,0.06474282476119698,0.06486952304840088,0.69921875,4,3
34,4934,0.0,0.0,1.0,5,4
34,4935,0.06474330066703261,0.06486999988555908,0.69921875,2,2
34,4936,0.06474282476119698,0.06486952304840088,0.69921875,3,4
34,4937,7.319450378417969e-05,7.319450378417969e-05,1.0,2,0
34,4938,0.06402707099914551,0.06402707099914551,0.7109375,3,3
34,4939,0.053346861153841026,0.07672357559204102,0.578125,4,2
34,4940,0.06474282476119698,0.06486952304840088,0.69921875,4,3
34,4941,0.07021188084036113,0.15232408046722412,0.484375,6,6
34,4942,0.003594587906263774,0.16731172800064087,0.30859375,6,5
34,4943,0.06402605772018433,0.06402605772018433,0.7109375,4,4
34,4944,0.06402397155761719,0.06402397155761719,0.7109375,4,3
34,4945,0.04726891103200615,0.17164313793182373,0.41015625,4,2
34,4946,7.319450378417969e-05,7.319450378417969e-05,1.0,4,3
34,4947,0.06474282476119698,0.06486952304840088,0.69921875,4,3
34,4948,0.06474282476119698,0.06486952304840088,0.69921875,6,5
34,4949,0.06474282476119698,0.06486952304840088,0.69921875,2,1
34,4950,0.06474282476119698,0.06486952304840088,0.69921875,4,2
34,4951,0.06387507915496826,0.06387507915496826,0.7109375,6,6
34,4952,7.092952728271484e-06,7.092952728271484e-06,1.0,4,3
34,4953,0.06474282476119698,0.06486952304840088,0.69921875,5,4
34,4763,0.07249986170791091,0.16069233417510986,0.48046875,3,5
34,4865,0.06856822595000268,0.16253209114074707,0.46875,4,5
34,4954,0.07012449193280192,0.14897817373275757,0.48828125,3,5
34,4955,8.869171142578125e-05,8.869171142578125e-05,0.99609375,3,1
34,4956,0.0650250428589061,0.10371595621109009,0.55078125,2,3
34,4957,0.07123669353313745,0.15789258480072021,0.48046875,2,3
34,4958,0.07416989747434856,0.160910964012146,0.484375,2,2
34,4959,0.04438811540603638,0.04438811540603638,0.734375,3,4
34,4960,0.06950547115411611,0.1540554165840149,0.48046875,4,5
34,4961,0.0627341524232179,0.1332775354385376,0.48828125,4,5
34,4962,0.058272439171560116,0.12915796041488647,0.48046875,3,4
34,4963,0.07193767372518779,0.14674139022827148,0.49609375,3,3
34,4964,0.0,0.2960905432701111,0.25,4,7
34,4965,0.0,0.32363808155059814,0.234375,2,2
34,4966,0.06709410413168372,0.15543973445892334,0.47265625,3,4
34,4967,0.07657660765107722,0.1626855731010437,0.48828125,4,6
34,4968,0.0,0.30606353282928467,0.234375,2,3
34,4969,0.07118284003809096,0.1544305682182312,0.484375,3,3
34,4970,0.07187709794379772,0.16283661127090454,0.4765625,4,5
34,4971,0.0003104209899902344,0.0003104209899902344,0.99609375,3,5
34,4972,0.06690044899005444,0.1482815146446228,0.48046875,4,6
34,4973,0.05636800406500698,0.06696152687072754,0.63671875,3,4
34,4766,0.07116223266348244,0.1612170934677124,0.4765625,3,3
34,4513,0.05993608199059964,0.08161509037017822,0.59375,3,5
34,4974,7.319450378417969e-05,7.319450378417969e-05,1.0,3,2
34,4975,0.062395812361501164,0.09101611375808716,0.57421875,4,6
34,4976,0.05559699516743422,0.07011246681213379,0.6171875,3,6
34,4977,0.042016865452751524,0.04616445302963257,0.6640625,3,3
34,4978,0.03260970115661621,0.03260970115661621,0.76953125,3,5
34,4979,0.07037336775101723,0.16303694248199463,0.47265625,3,3
34,4980,0.06815968360751869,0.1615636944770813,0.46875,3,3
34,4981,0.01222604513168335,0.01222604513168335,0.87109375,4,5
34,4982,0.0758902153465897,0.16122734546661377,0.48828125,3,4
34,4983,0.047945140744559474,0.10185855627059937,0.48828125,3,6
34,4984,0.07230918481945993,0.16381549835205078,0.4765625,3,3
34,4985,0.011410415172576904,0.011410415172576904,0.83984375,3,4
34,4986,0.0,0.20499932765960693,0.17578125,3,3
34,4987,0.04171099653467537,0.0463254451751709,0.66015625,2,2
34,4988,0.07014829013496639,0.09813094139099121,0.5859375,3,5
34,4989,0.04893243801780046,0.15092414617538452,0.4296875,4,6
34,4990,0.054827159503474845,0.1990886926651001,0.41015625,2,3
34,4790,0.09140106663107873,0.13927781581878662,0.5625,5,9
34,4723,0.08464975142851473,0.13294684886932373,0.5546875,1,2
34,4991,0.05240162566769869,0.1666436791419983,0.42578125,5,7
34,4992,0.0807838048785925,0.139734148979187,0.53125,5,8
34,4993,0.08804913377389313,0.13828575611114502,0.5546875,1,2
34,4994,0.00867462158203125,0.00867462158203125,0.83984375,3,5
34,4995,7.319450378417969e-05,7.319450378417969e-05,1.0,2,3
34,4996,0.050207649124786265,0.07766258716583252,0.55859375,5,9
34,4997,0.038670765236020095,0.042037010192871094,0.66796875,2,3
34,4998,0.08701131818816067,0.1306445598602295,0.56640625,5,10
34,4999,0.03309616702608765,0.034511685371398926,0.68359375,5,9
34,5000,7.319450378417969e-05,7.319450378417969e-05,1.0,3,4
34,5001,5.960464477539063e-08,5.960464477539063e-08,1.0,2,2
34,5002,0.0,0.0,1.0,1,1
34,5003,0.0,0.19407814741134644,0.29296875,1,2
34,5004,0.022982656955718994,0.022982656955718994,0.7109375,3,7
34,5005,0.08324620907660575,0.12876754999160767,0.55859375,1,2
34,5006,0.048289451282471425,0.16934382915496826,0.4140625,1,1
34,5007,0.05221859179437161,0.17138409614562988,0.421875,6,10
34,5008,0.07441203121561558,0.14597302675247192,0.50390625,6,11
34,5009,0.036747958976775415,0.16219788789749146,0.390625,2,4
34,5010,0.0008946657180786133,0.0008946657180786133,0.94921875,1,2
34,5011,0.0,0.24266928434371948,0.17578125,5,10
34,5012,9.691715240478516e-05,9.691715240478516e-05,0.9921875,5,8
35,4752,0.05243686842732132,0.05823791027069092,0.66015625,3,2
35,4881,0.052436224417760975,0.05823719501495361,0.66015625,2,1
35,5013,0.05243804911151529,0.05823922157287598,0.66015625,3,1
35,5014,5.662441253662109e-06,5.662441253662109e-06,0.9921875,3,2
35,5015,1.1920928955078125e-07,1.1920928955078125e-07,1.0,2,1
35,5016,0.05261186603456736,0.056590914726257324,0.671875,1,1
35,5017,0.05243343370966614,0.05823409557342529,0.66015625,3,2
35,5018,0.0313647985458374,0.0313647985458374,0.74609375,2,1
35,5019,0.051393358269706375,0.05707895755767822,0.66015625,1,1
35,5020,0.04157249839045108,0.04826557636260986,0.64453125,3,2
35,5021,0.052437673439271755,0.05823880434036255,0.66015625,3,2
35,5022,0.05243370204698295,0.05823439359664917,0.66015625,3,1
35,5023,3.5762786865234375e-07,3.5762786865234375e-07,1.0,1,1
35,5024,0.05237021343782545,0.05816388130187988,0.66015625,2,1
35,5025,1.1920928955078125e-07,1.1920928955078125e-07,1.0,4,2
35,5026,0.05242785229347647,0.05822789669036865,0.66015625,3,3
35,5027,0.05141425877809525,0.05772829055786133,0.65625,1,1
35,5028,0.036697708186693496,0.0934787392616272,0.45703125,3,1
35,5029,0.051701769232749946,0.058051109313964844,0.65625,4,3
35,5030,1.1920928955078125e-07,1.1920928955078125e-07,1.0,3,1
35,5031,0.05160664021968842,0.057944297790527344,0.65625,4,3
35,5032,0.00012421607971191406,0.00012421607971191406,0.97265625,2,2
35,4941,0.05813298141583801,0.14106202125549316,0.46484375,6,6
35,4805,0.06201595067977907,0.1240319013595581,0.5,5,4
35,5033,0.04790163040161133,0.04790163040161133,0.703125,6,5
35,5034,0.03432918200269342,0.16581642627716064,0.3828125,6,6
35,5035,0.045421008020639426,0.05590277910232544,0.625,5,4
35,5036,0.06218248547520489,0.1321055293083191,0.48828125,6,7
35,5037,0.03750831354409457,0.15871286392211914,0.39453125,6,7
35,5038,0.05214062903542072,0.05550104379653931,0.67578125,6,7
35,5039,0.049182593822479255,0.0688018798828125,0.5859375,7,8
35,5040,0.051761570735834546,0.05748790502548218,0.66015625,5,3
35,5041,0.0016570091247558594,0.0016570091247558594,0.921875,6,5
35,5042,0.05243804911151529,0.05823922157287598,0.66015625,4,2
35,5043,0.05243804911151529,0.05823922157287598,0.66015625,5,4
35,5044,0.05243804911151529,0.05823922157287598,0.66015625,5,4
35,5045,0.0052394270896911664,0.1676616668701172,0.3125,7,7
35,5046,0.05243804911151529,0.05823922157287598,0.66015625,4,4
35,5047,0.05237488250713796,0.05816906690597534,0.66015625,6,6
35,5048,0.05140609084628523,0.053604722023010254,0.68359375,5,4
35,5049,0.021106776315718893,0.16373741626739502,0.3515625,4,4
35,5050,0.03703907225281001,0.15672731399536133,0.39453125,5,4
35,5051,0.043996015796437866,0.1542873978614807,0.4140625,6,6
35,5052,0.03739377250894905,0.09525179862976074,0.45703125,5,5
35,5053,0.06098893331363798,0.12693631649017334,0.4921875,7,7
35,5054,0.04425650625489653,0.15520089864730835,0.4140625,6,6
35,4979,0.06304610241204502,0.1494426131248474,0.46875,3,3
35,4988,0.05755727528594435,0.0903967022895813,0.5546875,3,5
35,5055,0.03420613519847394,0.15097880363464355,0.390625,4,4
35,5056,0.04208442976232619,0.08584553003311157,0.49609375,3,4
35,5057,0.0,0.1762356162071228,0.2265625,3,3
35,5058,0.06023479637224228,0.08786386251449585,0.57421875,3,5
35,5059,0.04285627056378872,0.09104734659194946,0.48828125,3,3
35,5060,0.053913875482976444,0.08339548110961914,0.55859375,2,3
35,5061,0.060472665354609496,0.14334261417388916,0.46875,4,5
35,5062,0.05537200928665698,0.1176367998123169,0.48828125,3,3
35,5063,0.03941927896812559,0.061910033226013184,0.5546875,3,2
35,5064,0.005664646625518799,0.005664646625518799,0.87890625,3,3
35,5065,2.300739288330078e-05,2.300739288330078e-05,0.99609375,3,2
35,5066,0.053240786306560046,0.1506037712097168,0.44140625,3,2
35,5067,0.034434672212228186,0.10620814561843872,0.4296875,2,3
35,5068,0.056706245522946126,0.09187847375869751,0.546875,3,4
35,5069,0.044034878956153996,0.09355127811431885,0.48828125,4,6
35,5070,2.3126602172851562e-05,2.3126602172851562e-05,0.99609375,3,4
35,4967,0.07563570211641492,0.14837348461151123,0.50390625,4,6
35,4958,0.06502919318154456,0.14732277393341064,0.4765625,2,2
35,5071,0.0,0.15176594257354736,0.24609375,2,2
35,5072,0.06777629419229926,0.13045662641525269,0.5078125,2,2
35,5073,0.061025545699521906,0.1480809450149536,0.46484375,3,5
35,5074,0.061422764207236476,0.14904481172561646,0.46484375,3,3
35,5075,0.009234607219696045,0.009234607219696045,0.83984375,3,2
35,5076,0.07207443425431849,0.1361701488494873,0.51171875,4,5
35,5077,0.07226596865803005,0.1390984058380127,0.5078125,3,5
35,5078,0.06129412446171046,0.14873266220092773,0.46484375,3,4
35,5079,0.07499857479706408,0.13912779092788696,0.515625,4,6
35,5080,0.04144865274429321,0.04144865274429321,0.703125,2,3
35,5081,0.0,0.15953385829925537,0.2265625,3,1
35,5082,0.04434322658926249,0.09229159355163574,0.4921875,4,4
35,5083,0.06404721387661995,0.14838087558746338,0.47265625,2,2
35,5084,0.03331025526858867,0.1536473035812378,0.38671875,2,1
35,5085,0.07411915063858034,0.14823830127716064,0.5,4,6
35,5086,0.048836469883099205,0.059392571449279785,0.62890625,3,4
35,5087,0.0002875328063964844,0.0002875328063964844,0.96484375,3,2
35,5088,0.063237888738513,0.14989721775054932,0.46875,3,3
35,5089,6.705522537231445e-05,6.705522537231445e-05,0.99609375,2,1
35,5090,2.300739288330078e-05,2.300739288330078e-05,0.99609375,5,8
35,5091,0.04061370505951346,0.06795495748519897,0.5390625,1,1
35,5092,0.009862840175628662,0.009862840175628662,0.80859375,3,3
35,5093,0.005859851837158203,0.005859851837158203,0.87109375,4,6
35,5094,0.04641247913241387,0.1813983917236328,0.40234375,4,6
35,5095,0.044351320713758476,0.0822749137878418,0.515625,2,3
35,5096,0.009234607219696045,0.009234607219696045,0.83984375,2,2
35,5097,0.06488525052554907,0.13235557079315186,0.49609375,3,3
35,5098,0.041750592528842397,0.06458097696304321,0.55859375,3,4
35,5099,0.07178229093551637,0.14356458187103271,0.5,4,5
35,4895,0.0576741136610508,0.1251235008239746,0.484375,1,1
35,4982,0.06797283096238972,0.1474664807319641,0.484375,3,4
35,5100,0.061829936690628536,0.06793332099914551,0.6640625,4,7
35,5101,0.058208635309711106,0.06682246923446655,0.6484375,4,7
35,5102,0.00022900104522705078,0.00022900104522705078,0.9765625,3,3
35,5103,0.0,0.19735264778137207,0.2265625,1,0
35,5104,0.05863440223038197,0.06583511829376221,0.65625,3,6
35,5105,0.005336642265319824,0.005336642265319824,0.8671875,1,0
35,5106,0.013519585132598877,0.013519585132598877,0.80859375,1,0
35,5107,3.874301910400391e-06,3.874301910400391e-06,0.99609375,2,3
35,5108,0.052134794183075435,0.07498037815093994,0.578125,3,4
35,5109,0.047197543550282724,0.05418193340301514,0.6484375,1,0
35,5110,0.02156621217727661,0.02156621217727661,0.78125,3,3
35,5111,0.008949637413024902,0.008949637413024902,0.83984375,1,0
35,5112,0.0499982787296176,0.0927504301071167,0.515625,3,4
35,5113,0.04113232647068799,0.13946855068206787,0.41796875,4,5
35,5114,6.747245788574219e-05,6.747245788574219e-05,0.9921875,1,1
35,5115,0.03890744352247567,0.0944104790687561,0.46484375,1,1
35,5116,0.05738711555022747,0.06514900922775269,0.65234375,4,5
35,5117,2.4199485778808594e-05,2.4199485778808594e-05,0.99609375,1,0
35,5118,0.011863231658935547,0.011863231658935547,0.80078125,3,4
35,5119,0.0377061648759991,0.12785136699676514,0.41796875,1,2
35,5120,0.0,0.26273202896118164,0.26953125,2,2
35,5121,0.011758863925933838,0.011758863925933838,0.8359375,3,4
35,5122,0.0004481673240661621,0.0004481673240661621,0.953125,1,0
35,5123,0.0,0.19634556770324707,0.2265625,2,3
35,5124,3.272294998168945e-05,3.272294998168945e-05,0.99609375,2,2
35,5125,0.058315414935350425,0.1382291316986084,0.46875,2,2
35,4790,0.07146561518311502,0.11957645416259766,0.5390625,5,9
35,4993,0.07247767178341748,0.11932015419006348,0.54296875,1,2
35,5126,0.006260037422180176,0.006260037422180176,0.875,1,2
35,5127,1.1920928955078125e-07,1.1920928955078125e-07,1.0,2,3
35,5128,0.06574696814641358,0.126550555229187,0.5078125,1,2
35,5129,0.07656164746731521,0.10710263252258301,0.5859375,1,3
35,5130,0.04637447814457119,0.13885223865509033,0.43359375,4,8
35,5131,0.07169004529714586,0.09762048721313477,0.59375,5,10
35,5132,2.282857894897461e-05,2.282857894897461e-05,0.99609375,1,1
35,5133,0.054071478545665755,0.10030651092529297,0.515625,1,1
35,5134,0.012002969160676008,0.17070889472961426,0.328125,1,3
35,5135,0.004391014575958252,0.004391014575958252,0.859375,1,2
35,5136,0.040637546451762326,0.15882766246795654,0.40234375,4,7
35,5137,0.0,0.1904558539390564,0.25,1,2
35,5138,0.02290644403547049,0.16518449783325195,0.35546875,6,11
35,5139,0.03850677330046893,0.15647196769714355,0.3984375,1,2
35,5140,0.037229870562441654,0.157534658908844,0.39453125,4,6
35,5141,0.05246484791859985,0.11382204294204712,0.484375,2,3
35,5142,0.06052707578055562,0.11028420925140381,0.51953125,5,8
35,5143,1.6450881958007812e-05,1.6450881958007812e-05,0.9921875,4,6
35,5144,0.038116683717817075,0.05560040473937988,0.57421875,2,3
35,5145,0.07456766208633782,0.11534333229064941,0.55859375,6,9
35,5146,0.06241537909954787,0.1326003074645996,0.48828125,1,2
35,5147,0.06737352814525367,0.08710920810699463,0.609375,4,8
35,5148,0.06553022260777654,0.13921773433685303,0.48828125,5,9
35,5149,0.06540238112211229,0.09540176391601562,0.57421875,5,10
35,5150,0.06708864681422712,0.11803913116455078,0.52734375,5,9
36,5046,0.0557417729869485,0.05933427810668945,0.67578125,4,4
36,5044,0.0557417729869485,0.05933427810668945,0.67578125,5,4
36,5151,0.055741437012329705,0.0593339204788208,0.67578125,4,3
36,5152,0.0557417729869485,0.05933427810668945,0.67578125,5,5
36,5153,0.055741437012329705,0.0593339204788208,0.67578125,6,6
36,5154,2.467632293701172e-05,2.467632293701172e-05,1.0,4,2
36,5155,1.1920928955078125e-07,1.1920928955078125e-07,1.0,5,3
36,5156,0.0,0.0,1.0,4,4
36,5157,0.055162835400551564,0.05933481454849243,0.671875,5,4
36,5158,0.0557417729869485,0.05933427810668945,0.67578125,4,5
36,5159,0.056051217252388603,0.15855371952056885,0.44140625,4,5
36,5160,0.0557417729869485,0.05933427810668945,0.67578125,5,5
36,5161,0.0557417729869485,0.05933427810668945,0.67578125,4,4
36,5162,1.1920928955078125e-07,1.1920928955078125e-07,1.0,5,6
36,5163,0.0,0.0,1.0,5,4
36,5164,0.0557417729869485,0.05933427810668945,0.67578125,5,4
36,5165,0.0,0.0,1.0,4,4
36,5166,0.0557417729869485,0.05933427810668945,0.67578125,4,4
36,5167,0.0557417729869485,0.05933427810668945,0.67578125,6,7
36,5168,0.055741437012329705,0.0593339204788208,0.67578125,6,6
36,4979,0.052503000246360905,0.14851677417755127,0.44140625,3,3
36,5058,0.04975539853330702,0.08463376760482788,0.53515625,3,5
36,5169,0.05231711035594345,0.14799094200134277,0.44140625,3,3
36,5170,0.015470623970031738,0.015470623970031738,0.78515625,3,3
36,5171,0.055788628756999976,0.08501124382019043,0.5625,3,5
36,5172,0.03857097169384361,0.06786370277404785,0.52734375,2,3
36,5173,0.06160517025273294,0.08501845598220825,0.58984375,2,3
36,5174,0.049217858584597714,0.08659636974334717,0.52734375,3,5
36,5175,0.045904973288998015,0.08672821521759033,0.51171875,3,4
36,5176,0.05250400630757213,0.08643746376037598,0.54296875,3,4
36,5177,0.052033861633390195,0.08706319332122803,0.5390625,3,5
36,5178,0.053239817032590515,0.15060102939605713,0.44140625,3,2
36,5179,0.04899733886122704,0.14253771305084229,0.4375,3,3
36,5180,0.03304725489579142,0.0909687876701355,0.4453125,4,6
36,5181,0.058655155822634704,0.08435797691345215,0.578125,3,5
36,5182,0.03785884380340577,0.153839111328125,0.3984375,2,3
36,5183,0.03995711077004672,0.09471315145492554,0.46875,3,4
36,5184,0.0330467785242945,0.09096747636795044,0.4453125,3,5
36,5185,0.050821484997868545,0.08790743350982666,0.53125,3,6
36,5186,0.05476092430762947,0.08734452724456787,0.55078125,3,5
36,5187,0.04659452056512237,0.0864362120628357,0.515625,3,4
36,5188,0.04632917512208224,0.08752965927124023,0.51171875,3,4
36,5076,0.05926706839818508,0.13730651140213013,0.47265625,4,5
36,5088,0.0526931886561215,0.14905476570129395,0.44140625,3,3
36,5189,0.06125983782112599,0.06589293479919434,0.671875,5,8
36,5190,0.0,0.1974712610244751,0.16015625,4,6
36,5191,0.03473691083490849,0.12181711196899414,0.4140625,4,1
36,5192,0.056992030120454736,0.14517372846603394,0.45703125,3,3
36,5193,0.03128404659219087,0.15110784769058228,0.3828125,3,2
36,5194,0.013202130794525146,0.013202130794525146,0.82421875,4,5
36,5195,0.040929384529590614,0.050374627113342285,0.625,6,7
36,5196,0.05786250089295209,0.15510785579681396,0.44921875,3,3
36,5197,0.04379309946671129,0.06298333406448364,0.578125,3,3
36,5198,0.03692470025271178,0.12118875980377197,0.421875,6,7
36,5199,0.0,0.15348219871520996,0.29296875,4,4
36,5200,0.0,0.15880608558654785,0.296875,4,6
36,5201,0.002795696258544922,0.002795696258544922,0.921875,4,5
36,5202,0.0,0.19698268175125122,0.16015625,4,0
36,5203,0.0,0.42332881689071655,0.015625,5,8
36,5204,0.0485938061028719,0.15453433990478516,0.42578125,3,2
36,5205,0.046776878647506244,0.14005708694458008,0.43359375,3,3
36,5206,0.05734505807049573,0.14607298374176025,0.45703125,4,5
36,5207,0.026167978998273615,0.030380964279174805,0.64453125,4,4
36,5208,0.056518114171922214,0.14763915538787842,0.453125,3,5
36,5209,0.05201339721679688,0.123291015625,0.46875,5,7
36,5210,0.05868109432049096,0.14239203929901123,0.46484375,4,4
36,5211,0.02768786251544953,0.14766860008239746,0.375,4,5
36,5212,2.473592758178711e-05,2.473592758178711e-05,1.0,7,7
36,5213,0.05557825695723296,0.1415724754333496,0.45703125,5,8
36,5214,0.0,0.17843669652938843,0.16015625,4,3
36,5215,0.03277385514229537,0.041330575942993164,0.6171875,4,4
36,5216,0.05874678050167859,0.14964354038238525,0.45703125,6,8
36,5217,0.04077432956546546,0.15350335836410522,0.40625,4,5
36,5218,0.0019943215884268336,0.17018210887908936,0.3046875,3,6
36,5219,0.010264396667480469,0.010264396667480469,0.84375,6,5
36,5220,0.037948188604787,0.1542021632194519,0.3984375,5,6
36,5221,0.016518890857696533,0.016518890857696533,0.8046875,5,5
36,5222,0.045689787715673454,0.14995622634887695,0.421875,5,7
36,5223,0.0583953857421875,0.0583953857421875,0.703125,7,7
36,5224,0.04394745617173613,0.09336555004119873,0.48828125,3,3
36,5225,0.0658288272097707,0.15603870153427124,0.46875,4,5
36,5226,0.054173839627765126,0.13145500421524048,0.46484375,4,6
36,5227,0.012030436657369142,0.17109954357147217,0.328125,4,6
36,5228,0.058327662292867906,0.16055786609649658,0.4453125,6,7
36,5229,0.06198169919662178,0.15405160188674927,0.4609375,4,4
36,4967,0.06436829664744438,0.14912474155426025,0.47265625,4,6
36,5079,0.06040125212166459,0.13993412256240845,0.47265625,4,6
36,5230,0.05320467660203577,0.14645588397979736,0.4453125,5,6
36,5231,0.04856471717357636,0.15444183349609375,0.42578125,4,6
36,5232,0.05943718750495464,0.14422672986984253,0.46484375,4,6
36,5233,0.05540269066113979,0.14112526178359985,0.45703125,4,6
36,5234,0.04364931536838413,0.09469681978225708,0.484375,2,1
36,5235,0.028064556419849403,0.14967763423919678,0.375,3,4
36,5236,0.05280748754739762,0.12813949584960938,0.46484375,4,6
36,5237,0.05305026075802744,0.15006482601165771,0.44140625,4,7
36,5238,0.056408166303299374,0.1436864733695984,0.45703125,3,4
36,5239,0.04066057899035514,0.05393320322036743,0.6015625,4,6
36,5240,0.05084136524237693,0.12336862087249756,0.46484375,3,3
36,5241,0.0644345849286765,0.15635311603546143,0.46484375,3,2
36,5242,0.061984505038708455,0.154058575630188,0.4609375,4,6
36,5243,0.01842200756072998,0.01842200756072998,0.80078125,2,3
36,5244,0.054497657110914595,0.15001505613327026,0.4453125,2,4
36,5245,0.053078661090694375,0.12296956777572632,0.47265625,5,9
36,5246,0.04819387197494508,0.09638774394989014,0.5,3,6
36,5247,0.06474387086927892,0.1499948501586914,0.47265625,4,6
36,5248,0.0011816620826721191,0.0011816620826721191,0.95703125,3,3
36,5249,0.06353629287332298,0.1541733741760254,0.46484375,3,4
36,5250,0.008689284324645996,0.008689284324645996,0.8671875,4,6
36,5251,0.039539671968668706,0.0895766019821167,0.4765625,5,7
36,5252,0.010992646217346191,0.010992646217346191,0.8359375,2,1
36,5253,0.059506093617528684,0.15157771110534668,0.45703125,5,8
36,5254,0.0581806842237711,0.13790977001190186,0.46875,4,6
36,5255,0.04270277731120587,0.06918931007385254,0.546875,3,4
36,5256,0.04075711965560914,0.15343856811523438,0.40625,4,6
36,5257,0.04425128246657551,0.15004408359527588,0.41796875,5,7
36,5258,0.05256553576327861,0.12755239009857178,0.46484375,3,4
36,5259,0.03393368842080236,0.14977627992630005,0.390625,3,4
36,5260,0.05814462457783521,0.1410902738571167,0.46484375,3,5
36,5129,0.06856979487929495,0.11288660764694214,0.54296875,1,3
36,5145,0.07253569713793696,0.12136691808700562,0.5390625,6,9
36,5261,0.06694159260950984,0.10513526201248169,0.5546875,5,10
36,5262,0.053181089460849776,0.09520530700683594,0.5234375,1,2
36,5263,0.05415917350910605,0.14908331632614136,0.4453125,1,2
36,5264,0.017575158504769213,0.2194751501083374,0.33203125,7,10
36,5265,2.5451183319091797e-05,2.5451183319091797e-05,1.0,6,9
36,5266,0.009386897087097168,0.009386897087097168,0.83203125,1,1
36,5267,0.035132653079926975,0.03860068321228027,0.6640625,1,2
36,5268,0.0,0.20605045557022095,0.15234375,4,7
36,5269,0.04828786849975586,0.04828786849975586,0.7109375,1,2
36,5270,0.062836502911523,0.14235526323318481,0.4765625,1,2
36,5271,0.06746294361073525,0.08834022283554077,0.60546875,7,9
36,5272,0.06530613894574346,0.13321411609649658,0.49609375,1,2
36,5273,0.0,0.1641133427619934,0.25390625,1,1
36,5274,0.04147486900910736,0.07556986808776855,0.51953125,6,9
36,5275,0.06264489423483612,0.11621081829071045,0.515625,6,8
36,5276,0.0650879666209221,0.11258459091186523,0.53125,6,9
36,5277,0.0,0.0,1.0,1,2
36,5278,0.0662346532335505,0.09944909811019897,0.56640625,5,7
36,5279,0.047724849311634905,0.1517709493637085,0.42578125,6,9
36,5280,0.0,0.17307567596435547,0.2890625,5,10
36,5281,0.06524869799613954,0.13049739599227905,0.5,5,5
36,5282,0.059498875401914134,0.09640324115753174,0.546875,6,10
36,5283,0.02099478244781494,0.02099478244781494,0.7578125,6,11
36,5284,0.056747858179733164,0.08777916431427002,0.55859375,1,3
36,5285,0.0553768496029079,0.17610526084899902,0.42578125,5,9
36,5286,0.0602213926613331,0.11813545227050781,0.50390625,6,9
36,5287,1.1920928955078125e-07,1.1920928955078125e-07,1.0,1,3
36,5288,0.06894230912439527,0.10351455211639404,0.56640625,1,2
36,5289,2.473592758178711e-05,2.473592758178711e-05,1.0,1,1
36,5290,0.034679874312132604,0.09059232473373413,0.453125,1,2
37,5167,0.05718750692903996,0.05786561965942383,0.6953125,6,7
37,5164,0.05718750692903996,0.05786561965942383,0.6953125,5,4
37,5291,0.05718668224290014,0.05786478519439697,0.6953125,5,5
37,5292,0.05718750692903996,0.05786561965942383,0.6953125,5,4
37,5293,0.0,0.0,1.0,5,3
37,5294,0.0482792854309082,0.0482792854309082,0.72265625,4,1
37,5295,0.05718750692903996,0.05786561965942383,0.6953125,5,5
37,5296,1.1920928955078125e-07,1.1920928955078125e-07,1.0,5,4
37,5297,0.0,0.0,1.0,5,4
37,5298,0.05718750692903996,0.05786561965942383,0.6953125,6,5
37,5299,0.05718750692903996,0.05786561965942383,0.6953125,4,3
37,5300,0.05718750692903996,0.05786561965942383,0.6953125,5,5
37,5301,0.05718685896135867,0.0578649640083313,0.6953125,5,5
37,5302,0.06885043345391752,0.14937043190002441,0.484375,5,5
37,5303,0.05718750692903996,0.05786561965942383,0.6953125,5,4
37,5304,0.05718750692903996,0.05786561965942383,0.6953125,5,5
37,5305,0.05718750692903996,0.05786561965942383,0.6953125,6,7
37,5306,0.05718868505209685,0.057866811752319336,0.6953125,5,5
37,5173,0.06638382142409684,0.08371555805206299,0.6171875,2,3
37,5181,0.06557649443857373,0.08269745111465454,0.6171875,3,5
37,5307,0.02916776668280364,0.1641087532043457,0.37109375,3,3
37,5308,0.045147170545533306,0.10459434986114502,0.47265625,2,3
37,5309,0.04730673856101931,0.08937656879425049,0.51171875,3,5
37,5310,0.03668834839481861,0.09345489740371704,0.45703125,3,5
37,5311,0.060904249548912055,0.07874488830566406,0.609375,2,2
37,5312,0.047029781620949514,0.06860184669494629,0.57421875,2,2
37,5313,0.00010693073272705078,0.00010693073272705078,0.9921875,3,2
37,5314,0.06385377561673523,0.08812165260314941,0.58984375,2,3
37,5315,0.052486253669485464,0.09916222095489502,0.51171875,2,3
37,5316,0.04979830980300903,0.04979830980300903,0.7421875,3,3
37,5317,2.276897430419922e-05,2.276897430419922e-05,0.99609375,2,3
37,5318,0.050095021724700935,0.08665084838867188,0.53125,3,4
37,5319,0.038753354223445065,0.11603343486785889,0.43359375,4,7
37,5320,0.03664821828715504,0.09335267543792725,0.45703125,3,4
37,5321,0.06843501003459097,0.08036404848098755,0.640625,2,2
37,5322,0.0586905071977526,0.08561122417449951,0.57421875,1,1
37,5323,0.06099528074264527,0.08305740356445312,0.59375,2,3
37,5324,0.04642762080766261,0.12780076265335083,0.4453125,4,6
37,5325,0.05656051542609931,0.08021879196166992,0.58203125,2,3
37,5326,0.05338531639426947,0.08384442329406738,0.5546875,3,4
37,5327,0.04309767636004836,0.07330900430679321,0.53515625,3,4
37,5328,0.06140631367452443,0.1304565668106079,0.48828125,3,2
37,5329,0.0004202127456665039,0.0004202127456665039,0.953125,2,2
37,5330,0.06227983557619155,0.07951939105987549,0.61328125,2,2
37,5331,0.0611230037175119,0.08107507228851318,0.6015625,3,3
37,5332,0.054198532365262515,0.07794845104217529,0.578125,3,7
37,5333,0.049776928382925696,0.09069675207138062,0.51953125,3,5
37,5241,0.06312626693397762,0.15689635276794434,0.4609375,3,2
37,5249,0.0622640100773424,0.15475326776504517,0.4609375,3,4
37,5334,0.05792290822137148,0.14754492044448853,0.45703125,3,4
37,5335,0.06685414072126152,0.09103542566299438,0.59375,3,2
37,5336,0.05832828953862191,0.1382596492767334,0.46875,2,1
37,5337,0.05853184126317502,0.15289950370788574,0.453125,5,7
37,5338,0.05770897725597025,0.15074998140335083,0.453125,4,6
37,5339,0.061204010155051954,0.13565564155578613,0.48046875,3,2
37,5340,0.03592358180321754,0.15200722217559814,0.39453125,5,6
37,5341,0.05689882580190898,0.1261134147644043,0.48046875,3,5
37,5342,3.635883331298828e-05,3.635883331298828e-05,0.99609375,3,3
37,5343,0.0577181016560644,0.14005529880523682,0.46484375,3,2
37,5344,0.06124255154281855,0.1451675295829773,0.46875,4,5
37,5345,0.0407193610444665,0.1336430311203003,0.421875,5,6
37,5346,0.051771649508737035,0.15501219034194946,0.43359375,3,5
37,5347,0.05591460107825697,0.14242923259735107,0.45703125,3,4
37,5348,0.017781745642423637,0.16257596015930176,0.34375,4,5
37,5349,0.06610147398896517,0.09122359752655029,0.58984375,3,5
37,5350,0.0567002019379288,0.12567317485809326,0.48046875,3,2
37,5351,0.062165235634893186,0.1377861499786377,0.48046875,5,7
37,5352,0.04351060721091927,0.18411099910736084,0.39453125,3,5
37,5353,0.05852171033620835,0.1387181282043457,0.46875,4,5
37,5354,0.060447829077020294,0.15397655963897705,0.45703125,4,5
37,5355,0.04600491735618562,0.15599018335342407,0.41796875,4,4
37,5356,0.060385060962289586,0.11622989177703857,0.5078125,4,5
37,5357,0.061098539968952544,0.13542187213897705,0.48046875,3,2
37,5358,0.06011317810043693,0.1392667293548584,0.47265625,4,5
37,5359,0.005152225494384766,0.005152225494384766,0.8984375,6,10
37,5360,2.765655517578125e-05,2.765655517578125e-05,0.99609375,5,7
37,5361,0.059734888840466745,0.1560421586036682,0.453125,2,1
37,5225,0.06451304117217661,0.15654349327087402,0.46484375,4,5
37,5247,0.05911466712132097,0.15058064460754395,0.45703125,4,6
37,5362,0.06086232676170767,0.16753500699996948,0.4453125,5,8
37,5363,0.0571951293386519,0.14940768480300903,0.453125,4,3
37,5364,0.057287327013909824,0.08997273445129395,0.5546875,4,3
37,5365,0.05458147393073887,0.0606197714805603,0.66015625,5,9
37,5366,0.05012202262878418,0.05012202262878418,0.734375,4,6
37,5367,0.06080763507634402,0.131921648979187,0.484375,4,5
37,5368,0.055251520127058036,0.14433050155639648,0.453125,4,6
37,5369,0.04906809271778912,0.04916411638259888,0.69921875,5,7
37,5370,0.04359139874577523,0.044997572898864746,0.6875,4,2
37,5371,2.282857894897461e-05,2.282857894897461e-05,0.99609375,4,6
37,5372,0.04550525918602944,0.1323789358139038,0.4375,5,5
37,5373,0.061009369790554054,0.15540695190429688,0.45703125,5,6
37,5374,0.06104424130171538,0.13243496417999268,0.484375,4,6
37,5375,0.048510216176509864,0.08251571655273438,0.53515625,5,8
37,5376,0.057551592588424696,0.11510318517684937,0.5,3,4
37,5377,0.04757440171670169,0.05926543474197388,0.62109375,4,6
37,5378,0.06665307842195035,0.15799248218536377,0.46875,6,8
37,5379,0.058309145271778114,0.12135887145996094,0.4921875,3,2
37,5380,0.05647331499494613,0.13703477382659912,0.46484375,4,5
37,5381,0.00017720460891723633,0.00017720460891723633,0.98828125,3,3
37,5382,0.0,0.1968175768852234,0.1640625,6,8
37,5383,0.04637029662262649,0.05383580923080444,0.64453125,4,3
37,5384,0.061977022793143995,0.15403997898101807,0.4609375,4,5
37,5385,0.03655784949660302,0.09312248229980469,0.45703125,4,3
37,5386,0.05783432873431594,0.15503233671188354,0.44921875,4,6
37,5387,0.059946758206933744,0.13286900520324707,0.48046875,4,5
37,5388,0.04598380881361664,0.05052298307418823,0.6640625,4,5
37,5389,0.06451304117217661,0.15654349327087402,0.46484375,3,4
37,5390,0.013336896896362305,0.013336896896362305,0.85546875,4,4
37,5391,0.0600782223045826,0.15693902969360352,0.453125,4,5
37,5392,0.0,0.18950170278549194,0.1640625,6,5
37,5393,0.04690865497104824,0.05153912305831909,0.6640625,3,2
37,5394,0.05854607291985304,0.13563615083694458,0.47265625,4,4
37,5395,1.341104507446289e-05,1.341104507446289e-05,0.99609375,6,7
37,5396,1.430511474609375e-06,1.430511474609375e-06,1.0,5,6
37,5397,0.052399123087525375,0.15243381261825562,0.4375,4,4
37,5145,0.08696596790105106,0.11535382270812988,0.6015625,6,9
37,5288,0.06595303444191815,0.09620499610900879,0.57421875,1,2
37,5398,0.06515829591080548,0.09115040302276611,0.5859375,1,3
37,5399,3.039836883544922e-05,3.039836883544922e-05,0.99609375,1,1
37,5400,2.2649765014648438e-05,2.2649765014648438e-05,0.99609375,1,1
37,5401,0.07383486768230797,0.10925853252410889,0.5703125,6,8
37,5402,0.07005161955021323,0.10518014430999756,0.56640625,1,3
37,5403,0.04178315959870816,0.15730130672454834,0.40625,1,2
37,5404,0.002763986587524414,0.002763986587524414,0.8984375,5,7
37,5405,0.03395014582201839,0.16398561000823975,0.3828125,6,9
37,5406,3.9458274841308594e-05,3.9458274841308594e-05,0.99609375,7,10
37,5407,0.0509586250409484,0.0838932991027832,0.54296875,5,11
37,5408,0.06665198551490904,0.15099918842315674,0.4765625,6,8
37,5409,0.0472743867430836,0.05615890026092529,0.63671875,1,3
37,5410,2.2649765014648438e-05,2.2649765014648438e-05,0.99609375,6,8
37,5411,0.0033243894577026367,0.0033243894577026367,0.92578125,1,1
37,5412,2.2649765014648438e-05,2.2649765014648438e-05,0.99609375,7,9
37,5413,0.06083402363583446,0.06683909893035889,0.6640625,6,8
37,5414,0.0665489323437214,0.1541767120361328,0.47265625,1,2
37,5415,0.0015205144882202148,0.0015205144882202148,0.94921875,2,4
37,5416,0.06201902590692044,0.09046649932861328,0.57421875,6,9
37,5417,2.276897430419922e-05,2.276897430419922e-05,0.99609375,1,1
37,5418,0.060023490572348244,0.07299768924713135,0.62890625,5,10
37,5419,0.08410969481337817,0.11302930116653442,0.59765625,1,2
37,5420,0.07956370478495957,0.11442869901657104,0.578125,5,8
37,5421,0.08335060032550247,0.11502832174301147,0.58984375,1,2
37,5422,0.044329629745334394,0.05327880382537842,0.6328125,5,9
37,5423,0.05120703298598529,0.0949927568435669,0.515625,6,9
37,5424,0.04289215919561685,0.09506833553314209,0.48046875,1,2
37,5425,0.05904323002323509,0.08865141868591309,0.56640625,1,2
37,5426,0.05179683188907803,0.15508759021759033,0.43359375,1,3
37,5427,0.021882462780922655,0.16975486278533936,0.3515625,2,3
37,5428,0.0,0.20675796270370483,0.19140625,6,9
37,5429,0.05368302902206779,0.14023321866989136,0.453125,5,9
37,5430,0.0690280676353723,0.13541138172149658,0.50390625,1,2
38,5335,0.05015784432180227,0.09476315975189209,0.51171875,3,2
38,5349,0.053733745473437025,0.09454184770584106,0.52734375,3,5
38,5431,0.060720149427652366,0.14392924308776855,0.46875,2,1
38,5432,0.0603252622531727,0.1337079405784607,0.48046875,3,3
38,5433,0.0002187490463256836,0.0002187490463256836,0.9765625,5,6
38,5434,0.04994495469145478,0.09436094760894775,0.51171875,2,2
38,5435,0.07584738917648794,0.15786123275756836,0.4921875,3,4
38,5436,0.04195459373295308,0.15794670581817627,0.40625,3,3
38,5437,0.0,0.1555439829826355,0.27734375,3,3
38,5438,0.07071278477087618,0.15673136711120605,0.48046875,3,4
38,5439,2.47955322265625e-05,2.47955322265625e-05,0.9921875,2,1
38,5440,0.07297224295325579,0.13786637783050537,0.51171875,3,4
38,5441,0.05376426852308215,0.09459555149078369,0.52734375,3,5
38,5442,0.041248763911426074,0.06478333473205566,0.5546875,5,6
38,5443,0.05881485622376204,0.13324427604675293,0.4765625,3,2
38,5444,0.07005013595335187,0.14579540491104126,0.4921875,3,3
38,5445,0.050238770199939616,0.12190639972686768,0.46484375,4,5
38,5446,0.0794612194877118,0.155877947807312,0.50390625,4,5
38,5447,0.00012761354446411133,0.00012761354446411133,0.9765625,3,2
38,5448,0.08039237977936865,0.15770459175109863,0.50390625,4,5
38,5449,0.05693466542288662,0.15672338008880615,0.4453125,4,6
38,5450,0.048809205880388624,0.1213122010231018,0.4609375,3,4
38,5451,0.06724335101898761,0.15578550100326538,0.47265625,3,5
38,5452,0.04663061955943704,0.08975517749786377,0.5078125,3,2
38,5453,0.04585925186984242,0.050386130809783936,0.6640625,3,4
38,5454,2.4139881134033203e-05,2.4139881134033203e-05,0.9921875,3,1
38,5455,0.07165774097666146,0.13538289070129395,0.51171875,5,7
38,5456,0.03655273607000709,0.09084951877593994,0.4609375,3,4
38,5457,0.06788527965545656,0.13577055931091309,0.5,3,3
38,5458,0.07173009496182205,0.1556178331375122,0.484375,2,3
38,5459,2.4199485778808594e-05,2.4199485778808594e-05,0.9921875,3,1
38,5460,0.05703181051649154,0.12920480966567993,0.4765625,3,4
38,5461,2.4139881134033203e-05,2.4139881134033203e-05,0.9921875,3,3
38,5462,0.07330482779070736,0.13849472999572754,0.51171875,3,2
38,5463,0.07010801369324328,0.14591586589813232,0.4921875,3,3
38,5464,0.07016798993572594,0.13506019115447998,0.5078125,2,1
38,5465,0.0536721486132592,0.14774268865585327,0.4453125,4,4
38,5466,0.07085859286598863,0.15705454349517822,0.48046875,3,4
38,5467,5.2094459533691406e-05,5.2094459533691406e-05,0.98828125,4,2
38,5468,2.5272369384765625e-05,2.5272369384765625e-05,0.9921875,4,3
38,5469,0.05012822686694563,0.15461236238479614,0.4296875,3,3
38,5470,0.06059688515961171,0.1436370611190796,0.46875,3,2
38,5471,4.982948303222656e-05,4.982948303222656e-05,0.99609375,3,2
38,5321,0.0524923773482442,0.08505094051361084,0.546875,2,2
38,5173,0.06210726872086526,0.08457159996032715,0.59375,2,3
38,5472,0.03269785770680756,0.09790235757827759,0.43359375,2,4
38,5473,0.048997100675478585,0.08771508932113647,0.5234375,3,4
38,5474,0.04144050320610405,0.08453202247619629,0.49609375,2,3
38,5475,0.05946382088586689,0.08318436145782471,0.5859375,2,2
38,5476,0.04987895709928126,0.0670289397239685,0.59765625,3,3
38,5477,0.0328431559028104,0.088040292263031,0.44921875,3,5
38,5478,0.047955762129277,0.07531702518463135,0.5546875,2,2
38,5479,0.041996240615844734,0.08399248123168945,0.5,2,2
38,5480,0.033423371845856316,0.09200412034988403,0.4453125,2,3
38,5481,0.060077315079979605,0.0876341462135315,0.57421875,3,6
38,5482,0.04085761192254723,0.09256237745285034,0.4765625,2,3
38,5483,0.04156431590672583,0.09212523698806763,0.48046875,2,2
38,5484,0.03340418171137572,0.05778020620346069,0.53125,1,1
38,5485,0.0,0.1925952434539795,0.2734375,2,3
38,5486,0.03478867677040399,0.08646506071090698,0.4609375,2,4
38,5487,0.032303662970662124,0.0939742922782898,0.4375,1,2
38,5488,0.06313359842170031,0.08267110586166382,0.60546875,2,3
38,5489,0.0450548529624939,0.08358001708984375,0.515625,3,5
38,5490,0.04758885595947505,0.08373022079467773,0.52734375,3,5
38,5491,0.05044847470708192,0.08581268787384033,0.53515625,2,2
38,5492,0.03955804056022317,0.09164577722549438,0.47265625,2,4
38,5493,0.04569419333711267,0.08795273303985596,0.5078125,2,3
38,5494,0.045943200588226325,0.09188640117645264,0.5,2,2
38,5495,0.05515178851783276,0.0840408205986023,0.5625,2,3
38,5496,0.05251436983235181,0.08247655630111694,0.5546875,3,5
38,5497,0.06232331413775683,0.08057963848114014,0.609375,2,2
38,5498,0.05710302712395788,0.08329558372497559,0.57421875,2,3
38,5499,0.020777642726898193,0.020777642726898193,0.7890625,3,3
38,5302,0.057015290483832366,0.15283679962158203,0.44921875,5,5
38,5306,0.06035760347731412,0.061682820320129395,0.69140625,5,5
38,5500,0.06035696191247553,0.061682164669036865,0.69140625,7,9
38,5501,0.04825996630825103,0.0703963041305542,0.57421875,4,4
38,5502,0.06035696191247553,0.061682164669036865,0.69140625,5,5
38,5503,0.0010347366333007812,0.0010347366333007812,0.9609375,6,6
38,5504,0.0,0.17209088802337646,0.2578125,5,4
38,5505,0.060354220680892474,0.06167936325073242,0.69140625,5,6
38,5506,0.04825996630825103,0.0703963041305542,0.57421875,6,7
38,5507,0.0,0.20840930938720703,0.2265625,5,6
38,5508,2.7418136596679688e-05,2.7418136596679688e-05,0.9921875,5,5
38,5509,0.06035696191247553,0.061682164669036865,0.69140625,5,5
38,5510,0.06035696191247553,0.061682164669036865,0.69140625,5,6
38,5511,3.4332275390625e-05,3.4332275390625e-05,0.9921875,6,6
38,5512,0.06035328749567271,0.061678409576416016,0.69140625,5,6
38,5513,0.060343197430484004,0.06166809797286987,0.69140625,6,7
38,5514,0.06035696191247553,0.061682164669036865,0.69140625,5,5
38,5515,0.05975430831313134,0.06168186664581299,0.6875,4,3
38,5516,0.0,0.15933263301849365,0.26953125,5,4
38,5517,0.014006733894348145,0.014006733894348145,0.83203125,5,5
38,5518,0.06033602356910706,0.0616607666015625,0.69140625,6,7
38,5519,0.026679396629333496,0.026679396629333496,0.7734375,4,4
38,5520,0.03260414279066027,0.09222829341888428,0.44140625,5,4
38,5521,0.06035696191247553,0.061682164669036865,0.69140625,5,5
38,5522,0.03260414279066027,0.09222829341888428,0.44140625,4,4
38,5419,0.08257049031089993,0.1171082854270935,0.58203125,1,2
38,5421,0.08187531656585635,0.11943066120147705,0.57421875,1,2
38,5523,0.03260414279066027,0.09222829341888428,0.44140625,1,1
38,5524,0.05481165274977685,0.15945208072662354,0.4375,1,2
38,5525,0.06468186154961587,0.09856283664703369,0.5625,1,3
38,5526,0.04825996630825103,0.0703963041305542,0.57421875,1,1
38,5527,2.4139881134033203e-05,2.4139881134033203e-05,0.9921875,2,3
38,5528,2.4139881134033203e-05,2.4139881134033203e-05,0.9921875,5,5
38,5529,0.06451004068367185,0.09978592395782471,0.55859375,1,2
38,5530,0.05233013024553657,0.16140377521514893,0.4296875,6,8
38,5531,2.4199485778808594e-05,2.4199485778808594e-05,0.9921875,1,1
38,5532,0.05483671091496945,0.15952497720718384,0.4375,2,2
38,5533,0.0523401985410601,0.1614348292350769,0.4296875,5,7
38,5534,0.07745651481673123,0.10408854484558105,0.59765625,1,2
38,5535,0.05379249074030668,0.16106289625167847,0.43359375,1,2
38,5536,0.03024190559517593,0.1911587119102478,0.36328125,1,3
38,5537,2.4199485778808594e-05,2.4199485778808594e-05,0.9921875,1,3
38,5538,0.055464064236730344,0.1284959316253662,0.47265625,1,1
38,5539,2.4199485778808594e-05,2.4199485778808594e-05,0.9921875,2,3
38,5540,0.05348607106134296,0.1649690866470337,0.4296875,1,2
38,5541,2.4139881134033203e-05,2.4139881134033203e-05,0.9921875,1,1
38,5542,0.08603704441338779,0.11412167549133301,0.6015625,1,2
38,5543,0.054813599213957793,0.1594577431678772,0.4375,6,8
38,5544,0.03347789472900332,0.09215420484542847,0.4453125,7,9
38,5545,0.028000418096780784,0.18863439559936523,0.359375,1,2
38,5546,0.05719459056854248,0.05719459056854248,0.7109375,1,2
38,5547,0.026925823185592897,0.15149474143981934,0.37109375,1,2
38,5548,0.04967242199927569,0.12345767021179199,0.4609375,1,1
38,5549,0.05278831347823144,0.15356600284576416,0.4375,1,2
38,5145,0.08286698721349241,0.11917948722839355,0.578125,6,9
38,5420,0.07508778362534942,0.11792927980422974,0.5546875,5,8
38,5550,0.04131503798998893,0.045885682106018066,0.66015625,6,9
38,5551,0.07572413049638273,0.13098227977752686,0.53125,6,8
38,5552,0.05074082023929805,0.16136211156845093,0.42578125,6,9
38,5553,0.05701259151101113,0.165854811668396,0.4375,5,8
38,5554,0.044124030042439706,0.0918353796005249,0.4921875,5,8
38,5555,0.022186164627783004,0.1599903702735901,0.35546875,5,6
38,5556,0.05623199790716172,0.16358399391174316,0.4375,5,8
38,5557,0.06243873992934824,0.13546031713485718,0.484375,5,7
38,5558,0.08230804279446603,0.12006187438964844,0.57421875,6,7
38,5559,0.0,0.16263866424560547,0.29296875,6,9
38,5560,0.06321095558814706,0.14010393619537354,0.48046875,7,9
38,5561,0.06296154367737473,0.09184134006500244,0.57421875,6,9
38,5562,0.08512327144853772,0.12072885036468506,0.58203125,6,9
38,5563,0.0003386815078556586,0.17340493202209473,0.30078125,6,8
38,5564,0.08397283987142147,0.11588704586029053,0.58984375,6,9
38,5565,0.054696729406714446,0.15911775827407837,0.4375,7,9
38,5566,2.4139881134033203e-05,2.4139881134033203e-05,0.9921875,6,9
38,5567,5.328655242919922e-05,5.328655242919922e-05,0.98828125,6,10
38,5568,2.4139881134033203e-05,2.4139881134033203e-05,0.9921875,6,9
38,5569,0.03584757237695158,0.15168559551239014,0.39453125,6,9
38,5570,0.05213774368166924,0.15167343616485596,0.4375,5,5
39,5306,0.05605650786310435,0.058454036712646484,0.68359375,5,5
39,5521,0.056055250344797976,0.058452725410461426,0.68359375,5,5
39,5571,0.056055250344797976,0.058452725410461426,0.68359375,4,4
39,5572,0.05605056323111058,0.058447837829589844,0.68359375,6,7
39,5573,0.056055250344797976,0.058452725410461426,0.68359375,6,5
39,5574,0.056055250344797976,0.058452725410461426,0.68359375,5,4
39,5575,0.0,0.0,1.0,4,2
39,5576,0.056055250344797976,0.058452725410461426,0.68359375,5,5
39,5577,0.056055478984490044,0.05845296382904053,0.68359375,5,4
39,5578,0.0,0.0,1.0,6,4
39,5579,0.056055250344797976,0.058452725410461426,0.68359375,5,5
39,5580,0.056055250344797976,0.058452725410461426,0.68359375,5,5
39,5581,0.056055250344797976,0.058452725410461426,0.68359375,5,5
39,5582,0.05605753674171866,0.05845510959625244,0.68359375,4,4
39,5583,0.0,0.0,1.0,5,5
39,5584,0.056055250344797976,0.058452725410461426,0.68359375,5,5
39,5585,0.05605422146618367,0.05845165252685547,0.68359375,6,7
39,5586,0.056056050583720214,0.05845355987548828,0.68359375,5,6
39,5587,0.0,0.0,1.0,5,5
39,5588,0.05605747958179564,0.058455049991607666,0.68359375,6,6
39,5589,0.03148606419563294,0.0890655517578125,0.44140625,5,6
39,5590,0.0,0.0,1.0,6,6
39,5591,0.05605587910395116,0.058453381061553955,0.68359375,6,7
39,5592,0.056055250344797976,0.058452725410461426,0.68359375,5,5
39,5593,0.056055250344797976,0.058452725410461426,0.68359375,4,7
39,5594,0.03148606419563294,0.0890655517578125,0.44140625,5,5
39,5458,0.06802231119945647,0.15759015083312988,0.47265625,2,3
39,5457,0.06684657186269762,0.13635635375976562,0.49609375,3,3
39,5595,0.00019890069961547852,0.00019890069961547852,0.9765625,2,3
39,5596,0.06826950376853348,0.15816283226013184,0.47265625,2,3
39,5597,0.05614245880860836,0.08684271574020386,0.55859375,2,2
39,5598,0.052488402463495745,0.09736979007720947,0.515625,3,3
39,5599,0.06899708509445192,0.1379941701889038,0.5,3,4
39,5600,0.06292807846330108,0.1283632516860962,0.49609375,2,3
39,5601,0.04034977988339961,0.05885779857635498,0.57421875,3,6
39,5602,0.03919970989227295,0.03919970989227295,0.703125,1,2
39,5603,0.059034737758338465,0.10211414098739624,0.53125,2,1
39,5604,0.03415461769327522,0.09155583381652832,0.44921875,2,2
39,5605,0.054479700978845365,0.07946896553039551,0.57421875,2,2
39,5606,0.05520244967192413,0.10625433921813965,0.5078125,2,3
39,5607,0.04062385112047196,0.06011390686035156,0.5703125,3,4
39,5608,0.06111803418025375,0.15965527296066284,0.453125,2,2
39,5609,0.06204338849056513,0.07921749353408813,0.61328125,2,3
39,5610,0.061083700507879264,0.08317780494689941,0.59375,2,3
39,5611,0.0595102783991024,0.0821273922920227,0.58984375,2,2
39,5612,0.06400182098150255,0.07877147197723389,0.625,3,5
39,5613,0.0171378345694393,0.214013934135437,0.33203125,4,4
39,5614,0.0511068660998717,0.08991998434066772,0.52734375,4,7
39,5615,0.04143530200235546,0.08452141284942627,0.49609375,2,2
39,5616,0.057307274546474225,0.15774905681610107,0.4453125,1,1
39,5617,0.013496756553649902,0.013496756553649902,0.78515625,3,5
39,5618,0.051272519049234695,0.11878520250320435,0.47265625,2,3
39,5619,0.07482535019516946,0.15573406219482422,0.4921875,3,4
39,5620,0.06308694207109512,0.08261001110076904,0.60546875,3,5
39,5621,0.060550770722329623,0.15817344188690186,0.453125,2,3
39,5622,0.029650968848727647,0.0887795090675354,0.43359375,3,4
39,5623,0.06721373833715917,0.1557168960571289,0.47265625,2,3
39,5624,0.044999165460467346,0.07783639430999756,0.53125,3,4
39,5625,0.045451306272298105,0.0813673734664917,0.5234375,1,2
39,5626,0.04834474902600051,0.09133768081665039,0.51171875,2,3
39,5448,0.07489520602393897,0.15911346673965454,0.48828125,4,5
39,5446,0.07241007685661317,0.15709304809570312,0.484375,4,5
39,5627,0.06881755590438844,0.13763511180877686,0.5,3,3
39,5628,0.07093213638290764,0.1391465663909912,0.50390625,3,2
39,5629,0.06177960522472859,0.1369314193725586,0.48046875,5,6
39,5630,0.05436199705582113,0.13191157579421997,0.46484375,5,6
39,5631,0.05845056613907219,0.1608961820602417,0.4453125,4,5
39,5632,0.0710002596024424,0.15736854076385498,0.48046875,4,5
39,5633,0.0496581158367917,0.0904802680015564,0.51953125,3,5
39,5634,0.07249425724148752,0.15727567672729492,0.484375,3,4
39,5635,0.058188670082017786,0.16017526388168335,0.4453125,4,5
39,5636,0.056756556965410716,0.1345340609550476,0.46875,5,8
39,5637,0.0,0.19724524021148682,0.1796875,5,7
39,5638,0.06760459486395122,0.15662240982055664,0.47265625,5,5
39,5639,0.0406724694184959,0.09214293956756592,0.4765625,4,5
39,5640,0.05763004347682,0.13660454750061035,0.46875,4,4
39,5641,0.07252318738028408,0.1573384404182434,0.484375,3,4
39,5642,0.044801337062381215,0.0508609414100647,0.65234375,4,5
39,5643,0.0,0.35288161039352417,0.2421875,3,2
39,5644,0.0,0.24016618728637695,0.25390625,3,3
39,5645,2.9325485229492188e-05,2.9325485229492188e-05,1.0,4,6
39,5646,0.07010041922330858,0.1588115692138672,0.4765625,2,1
39,5647,2.2172927856445312e-05,2.2172927856445312e-05,1.0,2,0
39,5648,0.07099342904984952,0.15735340118408203,0.48046875,3,3
39,5649,0.053583249449729926,0.15587854385375977,0.4375,4,4
39,5650,0.07617933419533075,0.1585521101951599,0.4921875,4,4
39,5651,0.06877779960632326,0.13755559921264648,0.5,5,8
39,5652,0.044554488267749555,0.0576058030128479,0.609375,4,4
39,5653,0.07089741248637439,0.15381133556365967,0.484375,4,4
39,5654,0.07766875741072,0.15843188762664795,0.49609375,3,4
39,5655,0.06776513950899245,0.1382300853729248,0.49609375,3,2
39,5656,0.06118258461356164,0.12733936309814453,0.4921875,4,6
39,5657,0.07097148522734643,0.1573047637939453,0.48046875,3,4
39,5562,0.08435850357636811,0.12483108043670654,0.5703125,6,9
39,5564,0.07660623686388136,0.11849665641784668,0.55859375,6,9
39,5658,2.205371856689453e-05,2.205371856689453e-05,1.0,6,7
39,5659,0.05386881262529642,0.15238028764724731,0.44140625,7,11
39,5660,0.08476689155213536,0.11391246318817139,0.59765625,5,8
39,5661,0.04410374164581299,0.04410374164581299,0.7421875,6,8
39,5662,0.06695932149887086,0.1339186429977417,0.5,5,8
39,5663,0.03523218631744385,0.03523218631744385,0.765625,6,7
39,5664,0.08458559238351883,0.10537183284759521,0.62109375,6,10
39,5665,0.05492110550403596,0.15977048873901367,0.4375,6,8
39,5666,0.07134147477336229,0.10711681842803955,0.56640625,6,9
39,5667,1.1920928955078125e-07,1.1920928955078125e-07,1.0,6,9
39,5668,0.0660639605484903,0.13749897480010986,0.4921875,6,8
39,5669,0.07572711026296021,0.1332380771636963,0.52734375,6,8
39,5670,0.0464903183747083,0.15763604640960693,0.41796875,6,9
39,5671,0.07723541441373528,0.08768188953399658,0.65234375,7,9
39,5672,0.07554126181639732,0.1329110860824585,0.52734375,6,9
39,5673,0.06820965185761453,0.08395034074783325,0.625,6,7
39,5674,2.199411392211914e-05,2.199411392211914e-05,1.0,7,11
39,5675,2.199411392211914e-05,2.199411392211914e-05,1.0,6,7
39,5676,0.06193954218178988,0.14349794387817383,0.47265625,6,9
39,5677,0.06954126432538034,0.15413475036621094,0.48046875,5,7
39,5678,0.03207912668585778,0.15494823455810547,0.3828125,5,7
39,5679,0.07904909551143648,0.11211395263671875,0.58203125,7,12
39,5680,0.04438723647035659,0.16117918491363525,0.41015625,6,9
39,5681,0.07292873307596894,0.10343354940414429,0.58203125,6,9
39,5682,2.2530555725097656e-05,2.2530555725097656e-05,1.0,6,9
39,5683,0.04055806598626078,0.16480737924575806,0.3984375,5,6
39,5684,0.051691563567146666,0.15477240085601807,0.43359375,6,6
39,5685,0.07714605610817672,0.11253213882446289,0.57421875,6,8
39,5542,0.07872240664437415,0.11649096012115479,0.5703125,1,2
39,5419,0.0849753401707858,0.12051904201507568,0.58203125,1,2
39,5686,0.0704982769675553,0.15971291065216064,0.4765625,2,2
39,5687,2.199411392211914e-05,2.199411392211914e-05,1.0,1,2
39,5688,0.07928754016757013,0.11565589904785156,0.57421875,1,2
39,5689,0.07775501918513329,0.11342042684555054,0.57421875,1,2
39,5690,0.0635473297443241,0.08889681100845337,0.5859375,2,3
39,5691,0.03050762414932251,0.03050762414932251,0.76171875,1,2
39,5692,0.030434512998908765,0.13433164358139038,0.390625,1,2
39,5693,0.04285619547590614,0.06078219413757324,0.58203125,2,3
39,5694,2.396106719970703e-05,2.396106719970703e-05,1.0,1,1
39,5695,0.08059746958315374,0.12281519174575806,0.5625,1,3
39,5696,2.205371856689453e-05,2.205371856689453e-05,1.0,1,2
39,5697,0.056557598756626255,0.14057034254074097,0.4609375,1,2
39,5698,0.05867270007729531,0.17068421840667725,0.4375,1,2
39,5699,0.08317692461423577,0.12488734722137451,0.56640625,1,2
39,5700,2.384185791015625e-07,2.384185791015625e-07,1.0,2,2
39,5701,2.199411392211914e-05,2.199411392211914e-05,1.0,1,0
39,5702,2.199411392211914e-05,2.199411392211914e-05,1.0,1,1
39,5703,0.031486443476751454,0.08906662464141846,0.44140625,2,3
39,5704,0.051772182807326324,0.052908897399902344,0.69140625,1,3
39,5705,2.199411392211914e-05,2.199411392211914e-05,1.0,1,2
39,5706,0.0012736320495605469,0.0012736320495605469,0.96875,1,2
39,5707,0.06988343736156823,0.154893159866333,0.48046875,1,1
39,5708,0.006803547963500029,0.21771353483200073,0.3125,1,2
39,5709,2.2232532501220703e-05,2.2232532501220703e-05,1.0,2,3
39,5710,0.04125847946852446,0.06479859352111816,0.5546875,1,2
