generation,genome_id,fitness,diversity,agreement,num_nodes,num_connections
0,1,0.004074752330780029,0.004074752330780029,0.953125,1,4
0,2,0.008990883827209473,0.008990883827209473,0.90234375,1,4
0,3,0.045589566230773926,0.045589566230773926,0.7890625,1,4
0,4,0.009956955909729004,0.009956955909729004,0.91015625,1,4
0,5,0.012766718864440918,0.012766718864440918,0.89453125,1,4
0,6,0.023398220539093018,0.023398220539093018,0.8203125,1,4
0,7,0.04270064830780029,0.04270064830780029,0.8046875,1,4
0,8,0.0038434267044067383,0.0038434267044067383,0.94921875,1,4
0,9,0.00833052396774292,0.00833052396774292,0.91796875,1,4
0,10,0.04161691665649414,0.04161691665649414,0.8203125,1,4
0,11,0.002897977828979492,0.002897977828979492,0.94921875,1,4
0,12,0.0006623268127441406,0.0006623268127441406,0.98828125,1,4
0,13,0.03400540351867676,0.03400540351867676,0.8046875,1,4
0,14,0.014349937438964844,0.014349937438964844,0.87890625,1,4
0,15,0.027471959590911865,0.027471959590911865,0.81640625,1,4
0,16,0.00516432523727417,0.00516432523727417,0.953125,1,4
0,17,0.0067070722579956055,0.0067070722579956055,0.92578125,1,4
0,18,0.00227510929107666,0.00227510929107666,0.95703125,1,4
0,19,0.02908456325531006,0.02908456325531006,0.87109375,1,4
0,20,0.01490926742553711,0.01490926742553711,0.86328125,1,4
0,21,0.00027632713317871094,0.00027632713317871094,0.98828125,1,4
0,22,0.02409052848815918,0.02409052848815918,0.81640625,1,4
0,23,0.04769718647003174,0.04769718647003174,0.7265625,1,4
0,24,0.03628993034362793,0.03628993034362793,0.7890625,1,4
0,25,0.005041003227233887,0.005041003227233887,0.9765625,1,4
0,26,0.009040236473083496,0.009040236473083496,0.89453125,1,4
0,27,0.010021090507507324,0.010021090507507324,0.93359375,1,4
0,28,0.0,0.3347722291946411,0.1015625,1,4
0,29,0.006804764270782471,0.006804764270782471,0.93359375,1,4
0,30,0.035653531551361084,0.035653531551361084,0.84765625,1,4
0,31,0.015191733837127686,0.015191733837127686,0.875,1,4
0,32,0.008950293064117432,0.008950293064117432,0.9296875,1,4
0,33,0.008018970489501953,0.008018970489501953,0.921875,1,4
0,34,0.0178450345993042,0.0178450345993042,0.87109375,1,4
0,35,0.0015873908996582031,0.0015873908996582031,0.96875,1,4
0,36,0.008731186389923096,0.008731186389923096,0.8984375,1,4
0,37,0.0016486644744873047,0.0016486644744873047,0.9765625,1,4
0,38,0.0029577016830444336,0.0029577016830444336,0.97265625,1,4
0,39,0.0042601823806762695,0.0042601823806762695,0.921875,1,4
0,40,0.08699361328035594,0.16137945652008057,0.515625,1,4
0,41,0.0054035186767578125,0.0054035186767578125,0.93359375,1,4
0,42,0.003560304641723633,0.003560304641723633,0.94921875,1,4
0,43,0.04653996229171753,0.04653996229171753,0.765625,1,4
0,44,0.04109370708465576,0.04109370708465576,0.7421875,1,4
0,45,0.0003393888473510742,0.0003393888473510742,0.98828125,1,4
0,46,0.04464221000671387,0.04464221000671387,0.7109375,1,4
0,47,0.0080031156539917,0.0080031156539917,0.91015625,1,4
0,48,0.005987763404846191,0.005987763404846191,0.91796875,1,4
0,49,0.008307814598083496,0.008307814598083496,0.90625,1,4
0,50,0.008989036083221436,0.008989036083221436,0.90234375,1,4
0,51,0.005658149719238281,0.005658149719238281,0.91796875,1,4
0,52,0.017689943313598633,0.017689943313598633,0.86328125,1,4
0,53,0.04234623908996582,0.04234623908996582,0.8046875,1,4
0,54,0.04328811168670654,0.04328811168670654,0.796875,1,4
0,55,0.04464221000671387,0.04464221000671387,0.7109375,1,4
0,56,0.005451083183288574,0.005451083183288574,0.9375,1,4
0,57,0.0014187097549438477,0.0014187097549438477,0.97265625,1,4
0,58,0.01750922203063965,0.01750922203063965,0.9140625,1,4
0,59,0.011722207069396973,0.011722207069396973,0.89453125,1,4
0,60,0.02461683750152588,0.02461683750152588,0.86328125,1,4
0,61,0.013386368751525879,0.013386368751525879,0.88671875,1,4
0,62,0.010252833366394043,0.010252833366394043,0.88671875,1,4
0,63,0.0049779415130615234,0.0049779415130615234,0.93359375,1,4
0,64,0.0014477968215942383,0.0014477968215942383,0.97265625,1,4
0,65,0.002546846866607666,0.002546846866607666,0.94921875,1,4
0,66,0.012830793857574463,0.012830793857574463,0.8984375,1,4
0,67,0.04277300834655762,0.04277300834655762,0.78125,1,4
0,68,0.0014348030090332031,0.0014348030090332031,0.97265625,1,4
0,69,0.003653407096862793,0.003653407096862793,0.953125,1,4
0,70,0.03566288948059082,0.03566288948059082,0.76953125,1,4
0,71,0.044350266456604004,0.044350266456604004,0.734375,1,4
0,72,0.012376368045806885,0.012376368045806885,0.87890625,1,4
0,73,0.000697016716003418,0.000697016716003418,0.984375,1,4
0,74,0.02603369951248169,0.02603369951248169,0.859375,1,4
0,75,0.00258636474609375,0.00258636474609375,0.96484375,1,4
0,76,0.0049648284912109375,0.0049648284912109375,0.94921875,1,4
0,77,0.0065402984619140625,0.0065402984619140625,0.921875,1,4
0,78,0.004533171653747559,0.004533171653747559,0.9375,1,4
0,79,0.008297085762023926,0.008297085762023926,0.9296875,1,4
0,80,0.003691554069519043,0.003691554069519043,0.9453125,1,4
0,81,0.029901087284088135,0.029901087284088135,0.828125,1,4
0,82,0.008686661720275879,0.008686661720275879,0.91796875,1,4
0,83,0.03817617893218994,0.03817617893218994,0.7734375,1,4
0,84,0.005450010299682617,0.005450010299682617,0.9296875,1,4
0,85,0.021192729473114014,0.021192729473114014,0.8828125,1,4
0,86,0.008981525897979736,0.008981525897979736,0.90234375,1,4
0,87,0.009957551956176758,0.009957551956176758,0.90234375,1,4
0,88,0.009986698627471924,0.009986698627471924,0.91015625,1,4
0,89,0.008855104446411133,0.008855104446411133,0.90625,1,4
0,90,0.001034080982208252,0.001034080982208252,0.98046875,1,4
0,91,0.055275559425354004,0.055275559425354004,0.7890625,1,4
0,92,0.01031649112701416,0.01031649112701416,0.90625,1,4
0,93,0.008737325668334961,0.008737325668334961,0.90625,1,4
0,94,0.005882322788238525,0.005882322788238525,0.9296875,1,4
0,95,0.010395050048828125,0.010395050048828125,0.88671875,1,4
0,96,0.01512289047241211,0.01512289047241211,0.87109375,1,4
0,97,0.009176969528198242,0.009176969528198242,0.90625,1,4
0,98,0.030034303665161133,0.030034303665161133,0.82421875,1,4
0,99,0.007806956768035889,0.007806956768035889,0.92578125,1,4
0,100,0.029528021812438965,0.029528021812438965,0.8359375,1,4
0,101,0.007051229476928711,0.007051229476928711,0.921875,1,4
0,102,0.008718788623809814,0.008718788623809814,0.91796875,1,4
0,103,0.04150497913360596,0.04150497913360596,0.7578125,1,4
0,104,0.0006613731384277344,0.0006613731384277344,0.98046875,1,4
0,105,0.0012918710708618164,0.0012918710708618164,0.97265625,1,4
0,106,0.04133903980255127,0.04133903980255127,0.7421875,1,4
0,107,0.0057784318923950195,0.0057784318923950195,0.92578125,1,4
0,108,0.044484615325927734,0.044484615325927734,0.7109375,1,4
0,109,0.008901238441467285,0.008901238441467285,0.921875,1,4
0,110,0.03782764449715615,0.10700416564941406,0.44140625,1,4
0,111,0.003184020519256592,0.003184020519256592,0.953125,1,4
0,112,0.005113124847412109,0.005113124847412109,0.953125,1,4
0,113,0.005976557731628418,0.005976557731628418,0.92578125,1,4
0,114,0.04004096984863281,0.04004096984863281,0.73828125,1,4
0,115,0.020317554473876953,0.020317554473876953,0.875,1,4
0,116,0.019414067268371582,0.019414067268371582,0.86328125,1,4
0,117,0.007691860198974609,0.007691860198974609,0.91796875,1,4
0,118,0.05765050649642944,0.05765050649642944,0.76953125,1,4
0,119,0.008465409278869629,0.008465409278869629,0.90625,1,4
0,120,0.008249640464782715,0.008249640464782715,0.91015625,1,4
0,121,0.006426572799682617,0.006426572799682617,0.95703125,1,4
0,122,0.013905882835388184,0.013905882835388184,0.91015625,1,4
0,123,0.008991003036499023,0.008991003036499023,0.90234375,1,4
0,124,0.008419215679168701,0.008419215679168701,0.91015625,1,4
0,125,0.02207237482070923,0.02207237482070923,0.83203125,1,4
0,126,0.0172884464263916,0.0172884464263916,0.89453125,1,4
0,127,0.009342193603515625,0.009342193603515625,0.91796875,1,4
0,128,0.0017322301864624023,0.0017322301864624023,0.97265625,1,4
0,129,0.0008875131607055664,0.0008875131607055664,0.98046875,1,4
0,130,0.020279884338378906,0.020279884338378906,0.8828125,1,4
0,131,0.0016449689865112305,0.0016449689865112305,0.96484375,1,4
0,132,0.00041240453720092773,0.00041240453720092773,0.98828125,1,4
0,133,0.008306145668029785,0.008306145668029785,0.9140625,1,4
0,134,0.015820562839508057,0.015820562839508057,0.890625,1,4
0,135,0.012134671211242676,0.012134671211242676,0.890625,1,4
0,136,0.0027812719345092773,0.0027812719345092773,0.953125,1,4
0,137,0.008668184280395508,0.008668184280395508,0.8984375,1,4
0,138,0.00933527946472168,0.00933527946472168,0.89453125,1,4
0,139,0.004675388336181641,0.004675388336181641,0.9375,1,4
0,140,0.000496983528137207,0.000496983528137207,0.9921875,1,4
0,141,0.008688807487487793,0.008688807487487793,0.90234375,1,4
0,142,0.04276949167251587,0.04276949167251587,0.72265625,1,4
0,143,0.008990883827209473,0.008990883827209473,0.90234375,1,4
0,144,0.002228975296020508,0.002228975296020508,0.97265625,1,4
0,145,0.008880794048309326,0.008880794048309326,0.9140625,1,4
0,146,0.009036064147949219,0.009036064147949219,0.90234375,1,4
0,147,0.06299837259575726,0.09744763374328613,0.55859375,1,4
0,148,0.016602754592895508,0.016602754592895508,0.8828125,1,4
0,149,0.0637584924697876,0.0637584924697876,0.77734375,1,4
0,150,0.001418769359588623,0.001418769359588623,0.97265625,1,4
1,147,0.0744664827361703,0.09877419471740723,0.6015625,1,4
1,55,0.04620492458343506,0.04620492458343506,0.77734375,1,4
1,151,0.045442938804626465,0.045442938804626465,0.78125,1,3
1,152,0.039321303367614746,0.039321303367614746,0.83203125,1,3
1,153,0.03885972499847412,0.03885972499847412,0.8046875,1,4
1,154,0.003916263580322266,0.003916263580322266,0.9609375,1,3
1,155,0.03270447254180908,0.03270447254180908,0.87109375,1,4
1,156,0.04620492458343506,0.04620492458343506,0.77734375,1,3
1,157,0.04336434602737427,0.04336434602737427,0.8125,1,3
1,158,0.044033169746398926,0.044033169746398926,0.796875,2,5
1,159,0.04620552062988281,0.04620552062988281,0.77734375,1,3
1,160,0.04608637094497681,0.04608637094497681,0.78125,2,5
1,161,0.01042485237121582,0.01042485237121582,0.94140625,1,3
1,162,0.042453646659851074,0.042453646659851074,0.8203125,1,3
1,163,0.0,0.20799797773361206,0.296875,2,3
1,164,0.03721439838409424,0.03721439838409424,0.8203125,1,2
1,165,0.04620492458343506,0.04620492458343506,0.77734375,2,5
1,166,0.046161770820617676,0.046161770820617676,0.77734375,1,3
1,167,0.04620492458343506,0.04620492458343506,0.77734375,1,4
1,168,0.04562157392501831,0.04562157392501831,0.78515625,1,3
1,169,0.01042485237121582,0.01042485237121582,0.94140625,2,6
1,170,0.04620492458343506,0.04620492458343506,0.77734375,1,3
1,171,0.019878625869750977,0.019878625869750977,0.92578125,2,5
1,172,0.04297375679016113,0.04297375679016113,0.8125,1,4
1,173,0.05562027264386416,0.13184064626693726,0.46875,1,3
1,174,0.00799560546875,0.00799560546875,0.9453125,1,3
1,175,0.07532280252780767,0.11651140451431274,0.55859375,1,4
1,176,0.046300530433654785,0.046300530433654785,0.7578125,1,3
1,177,0.02914130687713623,0.02914130687713623,0.875,1,3
1,178,0.053120970726013184,0.053120970726013184,0.7890625,1,3
1,179,0.0,0.2226407527923584,0.23046875,1,4
1,180,0.04376065731048584,0.04376065731048584,0.8046875,1,3
1,181,0.03166276216506958,0.03166276216506958,0.859375,1,3
1,182,0.046164751052856445,0.046164751052856445,0.77734375,1,4
1,183,0.04620492458343506,0.04620492458343506,0.77734375,1,4
1,184,0.04072165489196777,0.04072165489196777,0.8203125,1,3
1,185,0.04620492458343506,0.04620492458343506,0.77734375,1,4
1,186,0.046001315116882324,0.046001315116882324,0.77734375,1,3
1,187,0.002076864242553711,0.002076864242553711,0.98046875,1,4
1,188,0.0,0.24640309810638428,0.24609375,1,3
1,189,0.0,0.21602600812911987,0.23046875,1,4
1,190,0.04620492458343506,0.04620492458343506,0.77734375,1,4
1,191,0.04620492458343506,0.04620492458343506,0.77734375,1,3
1,192,0.044887542724609375,0.044887542724609375,0.80859375,1,4
1,193,0.046201229095458984,0.046201229095458984,0.77734375,1,4
1,194,0.046317458152770996,0.046317458152770996,0.78125,1,3
1,195,0.0,0.2631242275238037,0.21484375,1,3
1,196,0.04620492458343506,0.04620492458343506,0.77734375,1,4
1,197,0.04620492458343506,0.04620492458343506,0.77734375,1,4
1,198,0.046195268630981445,0.046195268630981445,0.77734375,1,2
1,199,0.0468980073928833,0.0468980073928833,0.80078125,1,3
1,200,0.04620492458343506,0.04620492458343506,0.77734375,1,4
1,201,0.04620492458343506,0.04620492458343506,0.77734375,1,3
1,202,0.008975505828857422,0.008975505828857422,0.9453125,1,3
1,203,0.04677152633666992,0.04677152633666992,0.78125,1,4
1,40,0.07114498224109413,0.16863995790481567,0.46875,1,4
1,149,0.06356620788574219,0.06356620788574219,0.81640625,1,4
1,204,0.021236538887023926,0.021236538887023926,0.89453125,1,3
1,205,0.06568396091461182,0.06568396091461182,0.734375,2,5
1,206,0.08811916632112117,0.09188801050186157,0.68359375,1,4
1,207,0.04127967357635498,0.04127967357635498,0.83203125,1,4
1,208,0.06494927406311035,0.06494927406311035,0.78515625,1,4
1,209,0.03523045778274536,0.03523045778274536,0.87109375,2,5
1,210,0.06883865594863892,0.06883865594863892,0.7421875,1,3
1,211,0.007410407066345215,0.007410407066345215,0.9609375,1,3
1,212,0.00497889518737793,0.00497889518737793,0.9609375,1,3
1,213,0.04607999324798584,0.04607999324798584,0.78125,1,3
1,214,0.0066912174224853516,0.0066912174224853516,0.9609375,1,3
1,215,0.03846430778503418,0.03846430778503418,0.8125,1,4
1,216,0.019107520580291748,0.019107520580291748,0.93359375,2,5
1,217,0.033865153789520264,0.033865153789520264,0.859375,1,3
1,218,0.0696718692779541,0.0696718692779541,0.765625,1,4
1,219,0.056191325187683105,0.056191325187683105,0.765625,1,4
1,220,0.04215449094772339,0.04215449094772339,0.8046875,2,5
1,221,0.020648956298828125,0.020648956298828125,0.8984375,2,4
1,222,0.03930258750915527,0.03930258750915527,0.83203125,1,4
1,223,0.0037069320678710938,0.0037069320678710938,0.9609375,1,3
1,224,0.048045992851257324,0.048045992851257324,0.765625,1,3
1,225,0.045264601707458496,0.045264601707458496,0.76953125,1,3
1,226,0.03828573226928711,0.03828573226928711,0.82421875,1,4
1,227,0.0017085075378417969,0.0017085075378417969,0.9765625,1,3
1,228,0.03327536582946777,0.03327536582946777,0.82421875,1,3
1,229,0.026308178901672363,0.026308178901672363,0.87890625,1,3
1,230,0.03569149971008301,0.03569149971008301,0.82421875,2,5
1,231,0.02632594108581543,0.02632594108581543,0.90625,1,4
1,232,0.008072972297668457,0.008072972297668457,0.93359375,1,4
1,233,0.05171576933935285,0.1813594102859497,0.4140625,1,4
1,234,0.04651141166687012,0.04651141166687012,0.7734375,1,4
1,235,0.03314077854156494,0.03314077854156494,0.828125,1,4
1,236,0.0718221664428711,0.0718221664428711,0.73046875,1,4
1,237,0.03047358989715576,0.03047358989715576,0.8671875,1,3
1,238,0.01042485237121582,0.01042485237121582,0.94140625,1,4
1,239,0.049086689949035645,0.049086689949035645,0.7734375,1,2
1,240,0.0640648603439331,0.0640648603439331,0.79296875,1,3
1,241,0.022141456604003906,0.022141456604003906,0.90625,1,3
1,242,0.005611300468444824,0.005611300468444824,0.9609375,1,3
1,243,0.0016469359397888184,0.0016469359397888184,0.9765625,1,3
1,244,0.02165079116821289,0.02165079116821289,0.90625,1,4
1,245,0.06784510612487793,0.06784510612487793,0.8046875,2,4
1,246,0.050765395164489746,0.050765395164489746,0.75,2,6
1,247,0.03053182363510132,0.03053182363510132,0.87890625,1,3
1,248,0.006372928619384766,0.006372928619384766,0.94921875,1,3
1,249,0.04648071527481079,0.04648071527481079,0.77734375,1,3
1,250,0.01042485237121582,0.01042485237121582,0.94140625,1,4
1,251,0.02736043930053711,0.02736043930053711,0.8671875,1,4
1,252,0.03214007616043091,0.03214007616043091,0.84765625,1,3
1,253,0.049840331077575684,0.049840331077575684,0.75,1,4
1,254,0.030657649040222168,0.030657649040222168,0.89453125,2,5
1,255,0.02281290292739868,0.02281290292739868,0.90234375,1,3
1,256,0.03653228282928467,0.03653228282928467,0.84375,1,4
1,257,0.0624811053276062,0.0624811053276062,0.765625,1,3
1,258,0.03416740894317627,0.03416740894317627,0.84765625,1,3
1,259,0.047483205795288086,0.047483205795288086,0.77734375,1,4
1,260,0.060519397258758545,0.060519397258758545,0.73046875,1,4
1,261,0.027925074100494385,0.027925074100494385,0.8828125,1,3
1,262,0.0063130855560302734,0.0063130855560302734,0.953125,1,4
1,263,0.04415023326873779,0.04415023326873779,0.87890625,1,4
1,264,0.010393023490905762,0.010393023490905762,0.94140625,2,4
1,265,0.02576613426208496,0.02576613426208496,0.88671875,1,3
1,266,0.008371055126190186,0.008371055126190186,0.9453125,1,4
1,267,0.02803361415863037,0.02803361415863037,0.87109375,1,3
1,268,0.04069197177886963,0.04069197177886963,0.8515625,2,5
1,269,0.04141414165496826,0.04141414165496826,0.81640625,2,4
1,270,0.06882882118225098,0.06882882118225098,0.734375,2,5
1,271,0.027770161628723145,0.027770161628723145,0.90625,1,3
1,272,0.025394678115844727,0.025394678115844727,0.8828125,1,3
1,273,0.07623528339900078,0.07790911197662354,0.69140625,1,4
1,274,0.02809375524520874,0.02809375524520874,0.85546875,1,4
1,275,0.03878837823867798,0.03878837823867798,0.82421875,1,3
1,276,0.06558459997177124,0.06558459997177124,0.80078125,1,3
1,277,0.02463507652282715,0.02463507652282715,0.84765625,2,5
1,278,0.04410761594772339,0.04410761594772339,0.7734375,1,3
1,279,0.04273092746734619,0.04273092746734619,0.7734375,1,3
1,280,0.07295008655637504,0.07381510734558105,0.6953125,1,3
1,281,0.015091657638549805,0.015091657638549805,0.9296875,1,3
1,282,0.07934699254110457,0.09007906913757324,0.65234375,1,4
1,283,0.007830560207366943,0.007830560207366943,0.9453125,1,3
1,284,0.03471773862838745,0.03471773862838745,0.83203125,2,5
1,285,0.04411947727203369,0.04411947727203369,0.79296875,1,3
1,286,0.04614990949630737,0.04614990949630737,0.77734375,2,5
1,287,0.047673583030700684,0.047673583030700684,0.75,1,4
1,288,0.032251179218292236,0.032251179218292236,0.859375,1,3
1,289,0.037390708923339844,0.037390708923339844,0.85546875,1,4
1,290,0.05307602882385254,0.05307602882385254,0.796875,1,3
1,291,0.0661192536354065,0.0661192536354065,0.78515625,1,4
1,292,0.03669220209121704,0.03669220209121704,0.85546875,1,3
1,293,0.02129530906677246,0.02129530906677246,0.90625,1,3
1,294,0.07541893934831025,0.07556653022766113,0.69921875,1,3
1,295,0.034459710121154785,0.034459710121154785,0.86328125,1,3
1,296,0.04032456874847412,0.04032456874847412,0.78515625,1,2
2,175,0.058560490608215346,0.11712098121643066,0.5,1,4
2,147,0.06587090389803053,0.09890294075012207,0.56640625,1,4
2,297,0.008759379386901855,0.008759379386901855,0.92578125,1,3
2,298,0.04498857259750366,0.04498857259750366,0.76953125,1,3
2,299,0.045083463191986084,0.045083463191986084,0.76953125,1,3
2,300,0.030045509338378906,0.030045509338378906,0.81640625,1,4
2,301,0.047078289091587074,0.13695502281188965,0.4375,1,2
2,302,0.010187387466430664,0.010187387466430664,0.90625,1,2
2,303,0.027464866638183594,0.027464866638183594,0.83984375,1,3
2,304,0.04508316516876221,0.04508316516876221,0.76953125,2,5
2,305,0.022998571395874023,0.022998571395874023,0.85546875,1,3
2,306,0.046714842319488525,0.046714842319488525,0.78125,1,2
2,307,0.04508316516876221,0.04508316516876221,0.76953125,1,3
2,308,0.00791013240814209,0.00791013240814209,0.92578125,1,4
2,309,0.03945958614349365,0.03945958614349365,0.80859375,1,4
2,310,0.0018520355224609375,0.0018520355224609375,0.9609375,2,5
2,311,0.042557597160339355,0.042557597160339355,0.76953125,1,4
2,312,0.0451350212097168,0.0451350212097168,0.76953125,1,4
2,313,0.04554462432861328,0.04554462432861328,0.796875,2,4
2,314,0.03721630573272705,0.03721630573272705,0.796875,1,4
2,315,0.0,0.26522934436798096,0.22265625,1,4
2,316,0.05842602252960205,0.05842602252960205,0.76171875,1,2
2,317,0.03690308332443237,0.03690308332443237,0.80078125,1,2
2,318,0.04508316516876221,0.04508316516876221,0.76953125,2,4
2,319,0.010791236301884062,0.1782294511795044,0.32421875,1,3
2,320,0.0,0.2570064663887024,0.24609375,1,4
2,321,0.030076026916503906,0.030076026916503906,0.84765625,1,3
2,322,0.028739452362060547,0.028739452362060547,0.89453125,1,3
2,323,0.023405134677886963,0.023405134677886963,0.88671875,1,2
2,324,0.04508417844772339,0.04508417844772339,0.76953125,1,3
2,325,0.058628082275390625,0.058628082275390625,0.75,1,3
2,326,0.04508316516876221,0.04508316516876221,0.76953125,1,3
2,327,0.05551305133849383,0.131586492061615,0.46875,1,3
2,328,0.026288866996765137,0.026288866996765137,0.8203125,1,4
2,329,0.00945138931274414,0.00945138931274414,0.921875,1,3
2,330,0.045082807540893555,0.045082807540893555,0.76953125,1,1
2,331,0.0314251184463501,0.0314251184463501,0.81640625,1,4
2,332,0.0010322332382202148,0.0010322332382202148,0.9609375,1,3
2,333,0.0,0.3633405566215515,0.1171875,2,4
2,334,0.028298377990722656,0.028298377990722656,0.828125,1,3
2,335,0.04182171821594238,0.04182171821594238,0.765625,1,2
2,336,0.04866548907011748,0.12396383285522461,0.45703125,1,2
2,337,0.04775381088256836,0.04775381088256836,0.79296875,2,6
2,338,0.009319484233856201,0.009319484233856201,0.921875,1,4
2,339,0.0007636547088623047,0.0007636547088623047,0.97265625,1,3
2,340,0.03405934479087592,0.15033090114593506,0.390625,2,3
2,341,0.04508316516876221,0.04508316516876221,0.76953125,1,4
2,342,0.0,0.24278372526168823,0.1640625,1,4
2,343,0.0,0.35901981592178345,0.1171875,1,3
2,344,0.018487095832824707,0.018487095832824707,0.84765625,2,4
2,345,0.04508316516876221,0.04508316516876221,0.76953125,2,5
2,346,0.018527626991271973,0.018527626991271973,0.9140625,1,3
2,347,0.0,0.331038236618042,0.1171875,1,4
2,348,0.02610945701599121,0.02610945701599121,0.8203125,1,4
2,349,0.04358285665512085,0.04358285665512085,0.765625,1,3
2,350,0.04690760374069214,0.04690760374069214,0.7890625,1,4
2,351,0.05257031554356218,0.13732653856277466,0.453125,1,3
2,352,0.0018183588981628418,0.0018183588981628418,0.9609375,1,3
2,353,0.04504436254501343,0.04504436254501343,0.76953125,1,3
2,354,0.0421755313873291,0.0421755313873291,0.76953125,1,3
2,355,0.04620563983917236,0.04620563983917236,0.7578125,2,4
2,356,0.04501098394393921,0.04501098394393921,0.76953125,1,3
2,357,0.03310602903366089,0.03310602903366089,0.859375,1,2
2,358,0.04508316516876221,0.04508316516876221,0.76953125,1,4
2,359,0.07453749980777503,0.08556771278381348,0.6484375,2,5
2,360,0.045011043548583984,0.045011043548583984,0.76953125,1,2
2,361,0.04508316516876221,0.04508316516876221,0.76953125,1,2
2,362,0.08539563091471793,0.10903382301330566,0.61328125,1,4
2,363,0.0,0.24989354610443115,0.265625,1,3
2,206,0.07271676952950658,0.08255207538604736,0.65234375,1,4
2,282,0.06861657602712513,0.07789731025695801,0.65234375,1,4
2,364,0.09564281231723727,0.11631619930267334,0.62890625,1,3
2,365,0.03261691331863403,0.03261691331863403,0.82421875,2,4
2,366,0.0060127973556518555,0.0060127973556518555,0.9375,1,2
2,367,0.004873454570770264,0.004873454570770264,0.95703125,1,3
2,368,0.05126810073852539,0.05126810073852539,0.79296875,1,4
2,369,0.0323486328125,0.0323486328125,0.8359375,1,4
2,370,0.06896090507507324,0.06896090507507324,0.76953125,3,7
2,371,0.06137049198150635,0.06137049198150635,0.7734375,1,4
2,372,0.03361070156097412,0.03361070156097412,0.8046875,2,2
2,373,0.034595370292663574,0.034595370292663574,0.828125,1,3
2,374,0.0037418603897094727,0.0037418603897094727,0.94921875,1,1
2,375,0.018710017204284668,0.018710017204284668,0.87109375,1,4
2,376,0.0257951021194458,0.0257951021194458,0.8359375,1,3
2,377,0.00531160831451416,0.00531160831451416,0.94921875,1,3
2,378,0.06892889738082886,0.06892889738082886,0.7578125,1,3
2,379,0.05142641067504883,0.05142641067504883,0.7421875,1,4
2,380,0.013141453266143799,0.013141453266143799,0.88671875,1,4
2,381,0.0549792058300227,0.06383073329925537,0.64453125,1,3
2,382,0.016652345657348633,0.016652345657348633,0.8671875,3,6
2,383,0.059767961502075195,0.059767961502075195,0.76953125,2,5
2,384,0.04033708572387695,0.04033708572387695,0.81640625,1,3
2,385,0.05826693773269653,0.05826693773269653,0.76953125,1,3
2,386,0.002068042755126953,0.002068042755126953,0.95703125,1,2
2,387,0.07170500850770624,0.07477182149887085,0.68359375,2,5
2,388,0.047033488750457764,0.047033488750457764,0.77734375,1,3
2,389,0.06213665008544922,0.06213665008544922,0.71484375,2,6
2,390,0.07380974292755127,0.07380974292755127,0.7421875,2,4
2,391,0.020305514335632324,0.020305514335632324,0.85546875,3,6
2,392,0.06217249517794699,0.06617945432662964,0.67578125,1,3
2,393,0.021104812622070312,0.021104812622070312,0.88671875,1,2
2,394,0.0030921101570129395,0.0030921101570129395,0.94921875,1,2
2,395,0.07690083980560303,0.07690083980560303,0.70703125,2,3
2,396,0.008635878562927246,0.008635878562927246,0.92578125,1,4
2,397,0.0018478035926818848,0.0018478035926818848,0.95703125,1,2
2,398,0.01970088481903076,0.01970088481903076,0.87890625,1,2
2,399,0.07055294513702393,0.07055294513702393,0.76953125,1,4
2,400,0.03810054063796997,0.03810054063796997,0.83203125,1,4
2,401,0.04821598529815674,0.04821598529815674,0.83203125,1,3
2,402,0.009455204010009766,0.009455204010009766,0.921875,1,3
2,403,0.029039978981018066,0.029039978981018066,0.82421875,2,4
2,404,0.044125914573669434,0.044125914573669434,0.75,1,4
2,405,0.00914698839187622,0.00914698839187622,0.91796875,1,3
2,406,0.03331100940704346,0.03331100940704346,0.8046875,2,4
2,407,0.028122901916503906,0.028122901916503906,0.90234375,1,2
2,408,0.04257333278656006,0.04257333278656006,0.8203125,1,4
2,409,0.056406449759379036,0.06779366731643677,0.6328125,1,4
2,410,0.08234070602338762,0.0841485857963562,0.69140625,2,6
2,411,0.05761086940765381,0.05761086940765381,0.76953125,1,4
2,412,0.06050318479537964,0.06050318479537964,0.71484375,1,4
2,413,0.02596181631088257,0.02596181631088257,0.8515625,1,1
2,414,0.05653572082519531,0.05653572082519531,0.77734375,2,4
2,415,0.012353003025054932,0.012353003025054932,0.90625,2,5
2,416,0.040956199169158936,0.040956199169158936,0.80078125,1,3
2,417,0.017613530158996582,0.017613530158996582,0.90234375,1,2
2,418,0.03498584032058716,0.03498584032058716,0.8125,2,4
2,419,0.012034118175506592,0.012034118175506592,0.90625,1,3
2,420,0.03908878564834595,0.03908878564834595,0.8125,1,2
2,421,0.030804097652435303,0.030804097652435303,0.82421875,1,3
2,422,0.025653362274169922,0.025653362274169922,0.88671875,1,2
2,423,0.028546512126922607,0.028546512126922607,0.83984375,1,4
2,424,0.06558076944202186,0.10299801826477051,0.5546875,1,4
2,425,0.0019570589065551758,0.0019570589065551758,0.9609375,2,5
2,426,0.06292412616312505,0.07065165042877197,0.65625,2,4
2,427,0.03231096267700195,0.03231096267700195,0.80859375,2,4
2,428,0.033402860164642334,0.033402860164642334,0.85546875,1,2
2,429,0.043545305728912354,0.043545305728912354,0.8203125,1,3
2,430,0.045152366161346436,0.045152366161346436,0.74609375,1,4
2,431,0.03513050079345703,0.03513050079345703,0.828125,2,4
2,432,0.004229187965393066,0.004229187965393066,0.93359375,1,4
2,433,0.027475357055664062,0.027475357055664062,0.90625,2,5
2,434,0.00406336784362793,0.00406336784362793,0.94921875,1,2
2,435,0.051123082637786865,0.051123082637786865,0.76953125,1,4
2,436,0.0015315413475036621,0.0015315413475036621,0.9609375,1,4
2,437,0.03539931774139404,0.03539931774139404,0.828125,2,4
2,438,0.005307316780090332,0.005307316780090332,0.95703125,1,3
2,439,0.010081171989440918,0.010081171989440918,0.9375,1,2
2,440,0.04772210121154785,0.04772210121154785,0.7421875,1,2
2,441,0.07287240028381348,0.07287240028381348,0.75390625,1,4
2,442,0.009481191635131836,0.009481191635131836,0.921875,1,4
3,362,0.08560125203803183,0.11354362964630127,0.6015625,1,4
3,359,0.07486448530107738,0.0967944860458374,0.609375,2,5
3,443,0.052585348952561624,0.15744853019714355,0.43359375,1,2
3,444,0.026299655437469482,0.026299655437469482,0.8671875,1,2
3,445,0.026237666606903076,0.026237666606903076,0.81640625,2,5
3,446,0.01064753532409668,0.01064753532409668,0.91015625,1,3
3,447,0.032752275466918945,0.032752275466918945,0.85546875,1,3
3,448,0.0742984414100647,0.0742984414100647,0.70703125,1,4
3,449,0.008882343769073486,0.008882343769073486,0.94921875,1,3
3,450,0.0025786161422729492,0.0025786161422729492,0.98046875,2,5
3,451,0.00848686695098877,0.00848686695098877,0.9296875,1,3
3,452,0.06398838292807342,0.07601404190063477,0.63671875,1,1
3,453,0.0,0.24450325965881348,0.1953125,2,5
3,454,0.014089822769165039,0.014089822769165039,0.90234375,2,2
3,455,0.0658422486158088,0.07474774122238159,0.65234375,1,2
3,456,0.027619004249572754,0.027619004249572754,0.8359375,2,4
3,457,0.02772623300552368,0.02772623300552368,0.88671875,1,2
3,458,0.08101119892671706,0.1450270414352417,0.5234375,1,3
3,459,0.03241574764251709,0.03241574764251709,0.90625,1,2
3,460,0.01682901382446289,0.01682901382446289,0.92578125,1,2
3,461,0.0,0.27608728408813477,0.16015625,1,2
3,462,0.05033552646636963,0.05033552646636963,0.77734375,3,5
3,463,0.033899903297424316,0.033899903297424316,0.8671875,1,3
3,464,0.022580981254577637,0.022580981254577637,0.8671875,1,4
3,465,0.0,0.2798844575881958,0.23828125,1,3
3,466,0.035134196281433105,0.035134196281433105,0.87890625,1,3
3,467,0.02392798662185669,0.02392798662185669,0.86328125,1,4
3,468,0.00966823869384826,0.19038993120193481,0.3203125,2,4
3,469,0.03346288204193115,0.03346288204193115,0.8828125,1,3
3,470,0.02897357940673828,0.02897357940673828,0.84375,1,3
3,471,0.0451047420501709,0.0451047420501709,0.78515625,1,4
3,472,0.051246869144961245,0.08048588037490845,0.5546875,2,4
3,473,0.010459184646606445,0.010459184646606445,0.92578125,1,4
3,474,0.020980238914489746,0.020980238914489746,0.8671875,1,3
3,475,0.0047686100006103516,0.0047686100006103516,0.9375,1,2
3,476,0.06390781700611116,0.08059310913085938,0.6171875,2,4
3,477,0.035688042640686035,0.035688042640686035,0.87890625,1,3
3,478,0.031631410121917725,0.031631410121917725,0.84375,1,4
3,479,0.03180606476962567,0.14038538932800293,0.390625,1,2
3,480,0.05772801861166955,0.1434793472290039,0.4609375,1,2
3,481,0.02712431643158198,0.2104189395904541,0.3515625,1,3
3,482,0.03786871116608382,0.13279986381530762,0.4140625,1,1
3,483,0.06986810755915941,0.12292945384979248,0.52734375,1,2
3,484,0.02613389492034912,0.02613389492034912,0.90234375,2,4
3,485,0.04998534917831421,0.04998534917831421,0.8046875,1,3
3,486,0.026736615691334013,0.16900181770324707,0.36328125,1,1
3,487,0.05029034614562988,0.05029034614562988,0.75390625,2,3
3,488,0.0024797916412353516,0.0024797916412353516,0.9765625,2,5
3,489,0.031767427921295166,0.031767427921295166,0.84375,1,2
3,490,0.014524102210998535,0.014524102210998535,0.921875,2,4
3,491,0.044512391090393066,0.044512391090393066,0.79296875,1,2
3,492,0.024422764778137207,0.024422764778137207,0.8984375,1,2
3,493,0.00043010711669921875,0.00043010711669921875,0.9765625,2,4
3,494,0.061999499797821045,0.061999499797821045,0.7109375,1,4
3,495,0.05724513530731201,0.05724513530731201,0.7890625,1,3
3,496,0.025705337524414062,0.025705337524414062,0.87109375,1,4
3,497,0.024921953678131104,0.024921953678131104,0.87109375,1,4
3,498,0.0,0.2120037078857422,0.27734375,2,3
3,499,0.029234647750854492,0.029234647750854492,0.88671875,1,2
3,500,0.05096936225891113,0.05096936225891113,0.75,1,3
3,501,0.010704994201660156,0.010704994201660156,0.91015625,1,3
3,502,0.027650078525766737,0.1555696725845337,0.37109375,2,4
3,503,0.01041412353515625,0.01041412353515625,0.90234375,2,4
3,504,0.051222383975982666,0.051222383975982666,0.75390625,1,0
3,505,0.005659520626068115,0.005659520626068115,0.953125,1,2
3,506,0.0541912317276001,0.0541912317276001,0.73828125,1,3
3,507,0.025286788819357756,0.1823498010635376,0.35546875,2,4
3,508,0.06677085161209106,0.06677085161209106,0.78125,1,3
3,509,0.06631620647385718,0.07787591218948364,0.640625,1,1
3,510,0.020021796226501465,0.020021796226501465,0.88671875,1,1
3,511,0.0032476186752319336,0.0032476186752319336,0.9765625,1,3
3,364,0.09532513027079405,0.12021297216415405,0.6171875,1,3
3,410,0.07878780364990234,0.07878780364990234,0.72265625,2,6
3,512,0.03037935495376587,0.03037935495376587,0.84375,1,3
3,513,0.05986034870147705,0.05986034870147705,0.734375,3,5
3,514,0.002423882484436035,0.002423882484436035,0.96875,1,4
3,515,0.012024164199829102,0.012024164199829102,0.91015625,1,3
3,516,0.012590289115905762,0.012590289115905762,0.9140625,1,2
3,517,0.05217421054840088,0.05217421054840088,0.73046875,1,3
3,518,0.05492115020751953,0.05492115020751953,0.8203125,1,3
3,519,0.054786860942840576,0.054786860942840576,0.76953125,1,4
3,520,0.032811760902404785,0.032811760902404785,0.84375,1,2
3,521,0.0016263127326965332,0.0016263127326965332,0.97265625,1,3
3,522,0.02550804615020752,0.02550804615020752,0.87890625,2,4
3,523,0.009731411933898926,0.009731411933898926,0.9296875,3,7
3,524,0.02378898859024048,0.02378898859024048,0.88671875,1,2
3,525,0.001624464988708496,0.001624464988708496,0.97265625,2,2
3,526,0.06035172939300537,0.06035172939300537,0.77734375,1,2
3,527,0.035729825496673584,0.035729825496673584,0.83203125,1,3
3,528,0.021871209144592285,0.021871209144592285,0.89453125,2,4
3,529,0.07560914754867554,0.07560914754867554,0.75,1,3
3,530,0.055720627307891846,0.055720627307891846,0.71875,1,2
3,531,0.05584895610809326,0.05584895610809326,0.78125,3,3
3,532,0.0614163875579834,0.0614163875579834,0.7421875,1,2
3,533,0.020876646041870117,0.020876646041870117,0.8671875,2,4
3,534,0.051564931869506836,0.051564931869506836,0.79296875,1,4
3,535,0.015424847602844238,0.015424847602844238,0.8984375,2,3
3,536,0.030964910984039307,0.030964910984039307,0.87890625,1,3
3,537,0.03468477725982666,0.03468477725982666,0.84375,1,4
3,538,0.020747125148773193,0.020747125148773193,0.88671875,1,4
3,539,0.0552140474319458,0.0552140474319458,0.7578125,2,3
3,540,0.002323448657989502,0.002323448657989502,0.9609375,1,3
3,541,0.027762651443481445,0.027762651443481445,0.8828125,2,5
3,542,0.0009802579879760742,0.0009802579879760742,0.984375,1,3
3,543,0.06527280807495117,0.06527280807495117,0.7109375,2,5
3,544,0.0016293525695800781,0.0016293525695800781,0.97265625,1,2
3,545,0.0017451643943786621,0.0017451643943786621,0.97265625,1,0
3,546,0.0195925235748291,0.0195925235748291,0.890625,1,2
3,547,0.0016241073608398438,0.0016241073608398438,0.97265625,1,3
3,548,0.017133116722106934,0.017133116722106934,0.91015625,1,2
3,549,0.03864741325378418,0.03864741325378418,0.84375,3,5
3,550,0.03677213191986084,0.03677213191986084,0.8671875,2,5
3,551,0.03066307306289673,0.03066307306289673,0.84375,1,3
3,552,0.05666452646255493,0.05666452646255493,0.8046875,1,2
3,553,0.05523782968521118,0.05523782968521118,0.75,1,3
3,554,0.0484468936920166,0.0484468936920166,0.7890625,1,3
3,555,0.08737917221151294,0.11156642436981201,0.61328125,1,2
3,556,0.03660619258880615,0.03660619258880615,0.8828125,1,3
3,557,0.0016040802001953125,0.0016040802001953125,0.98046875,2,6
3,558,0.014925956726074219,0.014925956726074219,0.8984375,1,1
3,559,0.0005333423614501953,0.0005333423614501953,0.984375,1,1
3,560,0.046996355056762695,0.046996355056762695,0.78125,1,3
3,561,0.012940764427185059,0.012940764427185059,0.9140625,3,5
3,562,0.031687378883361816,0.031687378883361816,0.83984375,1,2
3,563,0.07825349224731327,0.16624808311462402,0.48828125,1,2
3,564,0.03981781005859375,0.03981781005859375,0.8515625,1,3
3,565,0.02815157175064087,0.02815157175064087,0.84375,2,6
3,566,0.0036553144454956055,0.0036553144454956055,0.96484375,1,4
3,567,0.031311869621276855,0.031311869621276855,0.83984375,1,3
3,568,0.03616064786911011,0.03616064786911011,0.8359375,1,3
3,569,0.018272697925567627,0.018272697925567627,0.88671875,2,3
3,570,0.06199207738973201,0.06738841533660889,0.66796875,1,2
3,571,0.03699696063995361,0.03699696063995361,0.83984375,4,9
3,572,0.016504883766174316,0.016504883766174316,0.91796875,1,4
3,573,0.0463409423828125,0.0463409423828125,0.81640625,3,6
3,574,0.020749330520629883,0.020749330520629883,0.87109375,3,6
3,575,0.027829885482788086,0.027829885482788086,0.87890625,2,4
3,576,0.04818403720855713,0.04818403720855713,0.79296875,1,3
3,577,0.001461625099182129,0.001461625099182129,0.97265625,1,1
3,578,0.02629554271697998,0.02629554271697998,0.875,1,1
3,579,0.0008958578109741211,0.0008958578109741211,0.98046875,2,3
3,580,0.04963409900665283,0.04963409900665283,0.71875,1,4
3,581,0.0050182342529296875,0.0050182342529296875,0.95703125,2,5
3,582,0.061742544174194336,0.061742544174194336,0.71875,2,3
3,583,0.0016243457794189453,0.0016243457794189453,0.97265625,1,4
3,584,0.0005150437355041504,0.0005150437355041504,0.984375,2,4
3,585,0.030502378940582275,0.030502378940582275,0.82421875,1,4
3,586,0.028883039951324463,0.028883039951324463,0.83984375,2,3
3,587,0.04556083679199219,0.04556083679199219,0.76171875,2,3
3,588,0.05554659105837346,0.0573384165763855,0.6875,1,3
4,362,0.10108333965763451,0.10759806632995605,0.67578125,1,4
4,458,0.0779337133280933,0.13712048530578613,0.52734375,1,3
4,589,0.056304097175598145,0.056304097175598145,0.83984375,1,3
4,590,0.0006937980651855469,0.0006937980651855469,0.98828125,3,6
4,591,0.04921865463256836,0.04921865463256836,0.796875,3,4
4,592,0.0663493275642395,0.0663493275642395,0.79296875,1,3
4,593,0.03473639488220215,0.03473639488220215,0.78515625,1,2
4,594,0.030678510665893555,0.030678510665893555,0.859375,1,1
4,595,0.009960055351257324,0.009960055351257324,0.90234375,1,0
4,596,0.022159627173095952,0.22246527671813965,0.33984375,2,5
4,597,0.10507905913982542,0.17873913049697876,0.53515625,2,4
4,598,0.047568678855895996,0.047568678855895996,0.8125,1,2
4,599,0.09167023818008603,0.09965002536773682,0.66796875,1,3
4,600,0.024874866008758545,0.024874866008758545,0.87109375,1,1
4,601,0.04270881414413452,0.04270881414413452,0.8046875,1,2
4,602,0.03786987066268921,0.03786987066268921,0.7890625,2,4
4,603,0.057667672634124756,0.057667672634124756,0.77734375,2,5
4,604,0.017600655555725098,0.017600655555725098,0.86328125,1,1
4,605,0.07121574878692628,0.07351303100585938,0.6875,1,3
4,606,0.0768357515335083,0.0768357515335083,0.71484375,1,1
4,607,0.04599320888519287,0.04599320888519287,0.79296875,1,3
4,608,0.01791214942932129,0.01791214942932129,0.90234375,1,1
4,609,0.0036857128143310547,0.0036857128143310547,0.94140625,2,4
4,610,0.04632389545440674,0.04632389545440674,0.78125,1,2
4,611,0.0024901628494262695,0.0024901628494262695,0.953125,1,0
4,612,0.009960055351257324,0.009960055351257324,0.90234375,1,2
4,613,0.05138152837753296,0.05138152837753296,0.7734375,2,4
4,614,0.07355630397796631,0.07355630397796631,0.72265625,2,3
4,615,0.020403319853357978,0.20483332872390747,0.33984375,1,3
4,616,0.0,0.26575642824172974,0.2890625,1,2
4,617,0.05712595186196268,0.05723774433135986,0.69921875,1,1
4,618,0.05537680105771871,0.20108455419540405,0.41015625,1,1
4,619,0.059690126217901714,0.0812801718711853,0.59375,1,3
4,620,0.0,0.22726702690124512,0.2265625,2,4
4,621,0.009959936141967773,0.009959936141967773,0.90234375,1,2
4,622,0.051938414573669434,0.051938414573669434,0.7890625,1,2
4,623,0.022774577140808105,0.022774577140808105,0.83984375,2,4
4,624,0.05249464849475772,0.14071863889694214,0.44921875,1,2
4,625,0.07815802097320557,0.07815802097320557,0.765625,2,5
4,626,0.07058102067094298,0.14994806051254272,0.48828125,1,2
4,627,0.071516000200063,0.07774138450622559,0.66796875,1,2
4,628,0.010205626487731934,0.010205626487731934,0.88671875,1,2
4,629,0.0,0.24222499132156372,0.2734375,1,3
4,630,0.0022428254596889075,0.19138777256011963,0.3046875,2,5
4,631,0.0,0.2951886057853699,0.140625,1,3
4,632,0.047155678272247314,0.047155678272247314,0.78125,2,3
4,633,0.028796076774597168,0.028796076774597168,0.828125,1,3
4,634,0.05240893363952637,0.05240893363952637,0.8046875,1,2
4,635,0.0375789999961853,0.0375789999961853,0.84375,1,1
4,636,0.042962610721588135,0.042962610721588135,0.7734375,1,3
4,637,0.05636751651763916,0.05636751651763916,0.74609375,1,1
4,638,0.05480899254325778,0.057153165340423584,0.68359375,1,1
4,639,0.04690968990325928,0.04690968990325928,0.78125,1,2
4,640,0.013518035411834717,0.013518035411834717,0.890625,1,4
4,641,0.020752429962158203,0.020752429962158203,0.87890625,1,1
4,642,0.04466676712036133,0.04466676712036133,0.78515625,2,4
4,643,0.00012218952178955078,0.00012218952178955078,0.99609375,1,0
4,644,0.009959220886230469,0.009959220886230469,0.90234375,1,2
4,645,0.01865971088409424,0.01865971088409424,0.87890625,2,4
4,646,0.0003414154052734375,0.0003414154052734375,0.97265625,2,5
4,647,0.009960055351257324,0.009960055351257324,0.90234375,1,1
4,648,0.0,0.2786462903022766,0.125,2,5
4,649,0.03669869899749756,0.03669869899749756,0.8515625,2,5
4,650,0.009957075119018555,0.009957075119018555,0.90234375,1,1
4,651,0.06531270348932595,0.081362783908844,0.62109375,1,4
4,652,0.007074713706970215,0.007074713706970215,0.92578125,1,3
4,653,0.021036088466644287,0.021036088466644287,0.84765625,2,3
4,654,0.03647279739379883,0.03647279739379883,0.86328125,1,1
4,364,0.10949211195111276,0.11302411556243896,0.6875,1,3
4,555,0.09767665795516224,0.10617929697036743,0.66796875,1,2
4,655,0.035871267318725586,0.035871267318725586,0.8125,2,4
4,656,0.012171149253845215,0.012171149253845215,0.88671875,1,2
4,657,0.04635295749176294,0.09847599267959595,0.48828125,2,5
4,658,0.027536749839782715,0.027536749839782715,0.83203125,1,1
4,659,0.004399538040161133,0.004399538040161133,0.94921875,2,4
4,660,0.0014330744743347168,0.0014330744743347168,0.97265625,3,3
4,661,0.022554993629455566,0.022554993629455566,0.87109375,1,4
4,662,0.005586147308349609,0.005586147308349609,0.9609375,1,2
4,663,0.016996145248413086,0.016996145248413086,0.8671875,2,5
4,664,0.01112377643585205,0.01112377643585205,0.8828125,1,3
4,665,0.049730214639566846,0.09061163663864136,0.51953125,1,1
4,666,0.08377057174220683,0.16124260425567627,0.5078125,1,3
4,667,0.057585998089052744,0.06537479162216187,0.65234375,1,1
4,668,0.06737899780273438,0.06737899780273438,0.76953125,1,3
4,669,0.032896220684051514,0.032896220684051514,0.8359375,1,2
4,670,0.024354934692382812,0.024354934692382812,0.87109375,4,7
4,671,0.001925349235534668,0.001925349235534668,0.98828125,1,2
4,672,0.018187403678894043,0.018187403678894043,0.87109375,2,2
4,673,0.04477137327194214,0.04477137327194214,0.8046875,2,5
4,674,0.09849387407302856,0.09849387407302856,0.734375,1,2
4,675,0.061029255390167236,0.061029255390167236,0.75390625,2,6
4,676,0.0408937931060791,0.0408937931060791,0.80078125,2,6
4,677,0.015827298164367676,0.015827298164367676,0.890625,1,2
4,678,0.0060923099517822266,0.0060923099517822266,0.91796875,1,3
4,679,0.03319847583770752,0.03319847583770752,0.87109375,1,3
4,680,0.014075517654418945,0.014075517654418945,0.86328125,1,4
4,681,0.0672045350074768,0.0672045350074768,0.78125,1,2
4,682,0.07413251965772362,0.07891029119491577,0.67578125,1,2
4,683,0.04814136028289795,0.04814136028289795,0.8203125,3,6
4,684,0.011873960494995117,0.011873960494995117,0.89453125,1,3
4,685,0.038381993770599365,0.038381993770599365,0.8125,3,3
4,686,0.016723990440368652,0.016723990440368652,0.8984375,3,4
4,687,0.046947360038757324,0.046947360038757324,0.80859375,3,5
4,688,0.033825814723968506,0.033825814723968506,0.796875,2,5
4,689,0.05079001188278198,0.05079001188278198,0.7421875,3,4
4,690,0.07768762111663818,0.07768762111663818,0.73046875,1,3
4,691,0.054527878761291504,0.054527878761291504,0.796875,2,5
4,692,0.004999876022338867,0.004999876022338867,0.95703125,1,3
4,693,0.0002028942108154297,0.0002028942108154297,0.99609375,1,1
4,694,0.03826451301574707,0.03826451301574707,0.81640625,3,4
4,695,0.06580281257629395,0.06580281257629395,0.7578125,1,2
4,696,0.046637892723083496,0.046637892723083496,0.7578125,1,3
4,697,0.004046082496643066,0.004046082496643066,0.93359375,1,1
4,698,0.0008236169815063477,0.0008236169815063477,0.98828125,1,1
4,699,0.025282859802246094,0.025282859802246094,0.87890625,2,3
4,700,0.031053483486175537,0.031053483486175537,0.80078125,2,5
4,701,0.04302471876144409,0.04302471876144409,0.765625,1,2
4,702,0.03588825464248657,0.03588825464248657,0.83203125,3,6
4,703,0.03245401382446289,0.03245401382446289,0.83203125,2,6
4,704,0.0014442205429077148,0.0014442205429077148,0.96875,1,1
4,705,0.03266501426696777,0.03266501426696777,0.8515625,1,2
4,706,0.002241671085357666,0.002241671085357666,0.96875,1,1
4,707,0.0026465654373168945,0.0026465654373168945,0.97265625,2,3
4,708,0.03373235464096069,0.03373235464096069,0.79296875,1,2
4,709,0.0015081167221069336,0.0015081167221069336,0.96875,3,3
4,710,0.07154384185560049,0.09022277593612671,0.6171875,1,2
4,711,0.010675430297851562,0.010675430297851562,0.92578125,2,4
4,712,0.05751991271972656,0.05751991271972656,0.8046875,1,2
4,713,0.05353120167274029,0.05945330858230591,0.66015625,2,2
4,714,0.06356000900268555,0.06356000900268555,0.76953125,1,2
4,715,0.03693246841430664,0.03693246841430664,0.8359375,1,2
4,716,0.05594348907470703,0.05594348907470703,0.765625,1,1
4,717,0.014980494976043701,0.014980494976043701,0.89453125,1,1
4,718,0.0021309852600097656,0.0021309852600097656,0.9609375,1,1
4,719,0.07772243022918701,0.07772243022918701,0.75,1,2
4,720,0.01047062873840332,0.01047062873840332,0.90625,2,5
4,721,0.005893826484680176,0.005893826484680176,0.94140625,1,3
4,722,0.00619661808013916,0.00619661808013916,0.9375,2,2
4,723,0.04158240556716919,0.04158240556716919,0.7890625,4,4
4,724,0.02427572011947632,0.02427572011947632,0.83984375,2,4
4,725,0.02393805980682373,0.02393805980682373,0.88671875,1,3
4,726,0.03044891357421875,0.03044891357421875,0.8828125,1,2
4,727,4.756450653076172e-05,4.756450653076172e-05,1.0,2,4
4,728,0.03501206636428833,0.03501206636428833,0.828125,2,6
4,729,0.04362940788269043,0.04362940788269043,0.828125,2,3
4,730,0.02076345682144165,0.02076345682144165,0.8984375,1,3
4,731,0.03182351589202881,0.03182351589202881,0.828125,2,3
4,732,0.0682530403137207,0.0682530403137207,0.7578125,1,1
4,733,0.010605692863464355,0.010605692863464355,0.91796875,1,3
4,734,0.009074389934539795,0.009074389934539795,0.91015625,1,3
5,555,0.08759514964185657,0.10912096500396729,0.62109375,1,2
5,719,0.07781863212585449,0.07781863212585449,0.7421875,1,2
5,735,0.025546550750732422,0.025546550750732422,0.8828125,1,3
5,736,0.011459946632385254,0.011459946632385254,0.87890625,1,4
5,737,0.01327526569366455,0.01327526569366455,0.8828125,1,1
5,738,0.0004029273986816406,0.0004029273986816406,0.9765625,1,2
5,739,0.035173773765563965,0.035173773765563965,0.85546875,1,1
5,740,0.04458409547805786,0.04458409547805786,0.79296875,1,3
5,741,0.05484282970428467,0.05484282970428467,0.7265625,1,2
5,742,0.018666386604309082,0.018666386604309082,0.88671875,2,2
5,743,0.016916394233703613,0.016916394233703613,0.859375,2,1
5,744,0.07057160558179022,0.11083638668060303,0.5546875,1,1
5,745,0.03857910633087158,0.03857910633087158,0.875,1,1
5,746,0.05583930015563965,0.05583930015563965,0.73046875,1,1
5,747,0.0664135217666626,0.0664135217666626,0.734375,2,3
5,748,0.07847419800236823,0.10146158933639526,0.609375,1,2
5,749,0.04787874221801758,0.04787874221801758,0.8046875,1,3
5,750,0.05123317241668701,0.05123317241668701,0.84765625,1,1
5,751,0.006112158298492432,0.006112158298492432,0.92578125,2,2
5,752,0.06419652770273389,0.06978476047515869,0.66796875,1,2
5,753,0.040701448917388916,0.040701448917388916,0.8125,2,3
5,754,0.0018280744552612305,0.0018280744552612305,0.95703125,2,6
5,755,0.007774412631988525,0.007774412631988525,0.91796875,1,1
5,756,0.09050179854966701,0.12489736080169678,0.58984375,1,2
5,757,0.0009711980819702148,0.0009711980819702148,0.97265625,1,1
5,758,0.06304800510406494,0.06304800510406494,0.78125,1,1
5,759,0.03155195713043213,0.03155195713043213,0.8203125,2,3
5,760,0.0535733699798584,0.0535733699798584,0.71875,2,6
5,761,0.0017725825309753418,0.0017725825309753418,0.95703125,1,1
5,762,0.01131296157836914,0.01131296157836914,0.90625,1,2
5,763,0.03746265172958374,0.03746265172958374,0.8515625,1,1
5,764,0.01094210147857666,0.01094210147857666,0.90234375,2,2
5,765,0.011860251426696777,0.011860251426696777,0.8984375,1,1
5,766,0.054495113901793964,0.11342072486877441,0.4921875,2,3
5,767,0.04114842414855957,0.04114842414855957,0.765625,1,3
5,768,0.007518947124481201,0.007518947124481201,0.90234375,1,2
5,769,0.011659622192382812,0.011659622192382812,0.890625,1,1
5,770,0.008115172386169434,0.008115172386169434,0.91015625,1,2
5,771,0.003100156784057617,0.003100156784057617,0.9375,1,1
5,772,0.07553377933800222,0.09525442123413086,0.6171875,1,2
5,773,0.004735469818115234,0.004735469818115234,0.9453125,1,2
5,774,0.07222785789053889,0.09967833757400513,0.58984375,3,3
5,775,0.08038952131755651,0.08134275674819946,0.6953125,1,2
5,776,0.0014721155166625977,0.0014721155166625977,0.9609375,1,1
5,777,0.006387293338775635,0.006387293338775635,0.92578125,1,0
5,778,0.052658677101135254,0.052658677101135254,0.75,1,2
5,779,0.008043766021728516,0.008043766021728516,0.94921875,1,2
5,780,0.06233519688248635,0.06999039649963379,0.65625,1,2
5,781,0.012826681137084961,0.012826681137084961,0.8984375,1,2
5,782,0.00027573108673095703,0.00027573108673095703,0.98046875,1,0
5,783,0.011623144149780273,0.011623144149780273,0.890625,1,2
5,784,0.047964394092559814,0.047964394092559814,0.7578125,1,2
5,785,0.029378533363342285,0.029378533363342285,0.8515625,1,2
5,786,0.04938038159161807,0.17931032180786133,0.41015625,1,2
5,787,0.00024759769439697266,0.00024759769439697266,0.99609375,1,3
5,788,0.0229681134223938,0.0229681134223938,0.8984375,1,3
5,789,0.00627511739730835,0.00627511739730835,0.92578125,1,1
5,790,0.011569797992706299,0.011569797992706299,0.91015625,1,1
5,791,0.017730236053466797,0.017730236053466797,0.85546875,1,0
5,792,0.024681806564331055,0.024681806564331055,0.83203125,1,1
5,793,0.06318810954689981,0.06522643566131592,0.6875,2,6
5,794,0.010331034660339355,0.010331034660339355,0.890625,2,3
5,795,0.0163576602935791,0.0163576602935791,0.859375,1,1
5,796,0.0127485990524292,0.0127485990524292,0.91796875,1,3
5,797,0.06445576041005553,0.06522005796432495,0.6953125,1,1
5,798,0.0008511543273925781,0.0008511543273925781,0.9765625,2,3
5,799,0.003559589385986328,0.003559589385986328,0.9296875,1,0
5,800,0.014700531959533691,0.014700531959533691,0.87109375,1,2
5,801,0.006911754608154297,0.006911754608154297,0.92578125,1,2
5,364,0.09584196889773013,0.12086474895477295,0.6171875,1,3
5,597,0.06008699629455806,0.20373868942260742,0.41796875,2,4
5,802,0.0,0.22976380586624146,0.27734375,1,1
5,803,0.0849155690521002,0.09038829803466797,0.67578125,1,1
5,804,0.05856369249522687,0.07038640975952148,0.6328125,1,2
5,805,0.09316058014519514,0.12856662273406982,0.58984375,1,2
5,806,0.04118144232779742,0.10757601261138916,0.453125,1,1
5,807,0.0,0.243455171585083,0.24609375,1,2
5,808,0.017840445041656494,0.017840445041656494,0.8671875,2,3
5,809,0.06812097085639836,0.14778786897659302,0.484375,1,2
5,810,0.09159226273186506,0.11410033702850342,0.62109375,1,3
5,811,0.04419153928756714,0.04419153928756714,0.78125,2,6
5,812,0.0018925666809082031,0.0018925666809082031,0.94921875,2,2
5,813,0.05659760674461723,0.060878098011016846,0.671875,2,2
5,814,0.050302780698984875,0.20440495014190674,0.3984375,2,4
5,815,0.012442469596862793,0.012442469596862793,0.87109375,1,2
5,816,0.037891387939453125,0.037891387939453125,0.77734375,1,2
5,817,0.04583919048309326,0.04583919048309326,0.75,2,3
5,818,0.0060623884201049805,0.0060623884201049805,0.96875,1,3
5,819,0.07342785596847534,0.07342785596847534,0.703125,1,2
5,820,0.058443443267606206,0.1566651463508606,0.44921875,1,3
5,821,0.027489055413752798,0.18518942594528198,0.359375,1,3
5,822,0.017299950122833252,0.017299950122833252,0.88671875,1,2
5,823,0.05103105306625366,0.05103105306625366,0.8203125,1,1
5,824,0.01396787166595459,0.01396787166595459,0.890625,1,2
5,825,0.023585634306073196,0.19796466827392578,0.34765625,2,5
5,826,0.027351677417755127,0.027351677417755127,0.8203125,1,2
5,827,0.07440924644470215,0.07440924644470215,0.73046875,1,1
5,828,0.004086852073669434,0.004086852073669434,0.98046875,1,3
5,829,0.007797360420227051,0.007797360420227051,0.93359375,1,3
5,830,0.006591081619262695,0.006591081619262695,0.9140625,1,1
5,831,0.03984730783849956,0.20199823379516602,0.37890625,2,4
5,832,0.060205817222595215,0.060205817222595215,0.765625,1,2
5,833,0.025937676429748535,0.025937676429748535,0.83203125,2,5
5,834,0.041923463344573975,0.041923463344573975,0.77734375,2,2
5,835,0.08061635494232178,0.08061635494232178,0.703125,1,3
5,836,0.006349325180053711,0.006349325180053711,0.92578125,1,2
5,837,0.036778390407562256,0.036778390407562256,0.7890625,1,0
5,838,0.07704443391412498,0.17454314231872559,0.4765625,1,3
5,839,0.012787818908691406,0.012787818908691406,0.87890625,1,3
5,840,0.02807021141052246,0.02807021141052246,0.84375,1,2
5,841,0.013345122337341309,0.013345122337341309,0.94140625,2,5
5,842,0.014879763126373291,0.014879763126373291,0.87890625,1,2
5,843,0.08771298115607352,0.10419732332229614,0.63671875,1,4
5,844,0.009604871273040771,0.009604871273040771,0.8984375,1,2
5,845,0.04710674285888672,0.04710674285888672,0.74609375,1,2
5,846,0.08266663237009199,0.10824888944625854,0.60546875,1,1
5,847,0.0,0.2428591251373291,0.2421875,1,3
5,848,0.016581177711486816,0.016581177711486816,0.86328125,1,2
5,849,0.04769421205855907,0.1672564148902893,0.4140625,1,4
5,850,0.022455573081970215,0.022455573081970215,0.8671875,1,3
5,851,0.007694602012634277,0.007694602012634277,0.92578125,1,3
5,852,0.06096541881561279,0.06096541881561279,0.75,1,1
5,853,0.04464709758758545,0.04464709758758545,0.76171875,2,2
5,854,0.0,0.3196318745613098,0.1171875,1,3
5,855,0.0006324052810668945,0.0006324052810668945,0.96484375,1,1
5,856,0.05892413854598999,0.05892413854598999,0.8125,1,3
5,857,0.00858771800994873,0.00858771800994873,0.90234375,1,1
5,858,0.04771161079406738,0.04771161079406738,0.78125,1,1
5,859,0.005913138389587402,0.005913138389587402,0.9375,2,3
5,860,0.004544391995295889,0.21152079105377197,0.30859375,2,2
5,861,0.013324081897735596,0.013324081897735596,0.890625,1,2
5,862,0.0,0.3368642330169678,0.1015625,1,2
5,863,0.07080399990081787,0.07080399990081787,0.7265625,1,2
5,864,0.05662455328274519,0.1374017596244812,0.46484375,2,3
5,865,0.09973710635676981,0.14975190162658691,0.56640625,1,3
5,866,0.008329331874847412,0.008329331874847412,0.9296875,1,2
5,867,0.057904064655303955,0.057904064655303955,0.796875,1,3
5,868,0.005532264709472656,0.005532264709472656,0.93359375,1,3
5,869,0.0,0.3117184638977051,0.234375,3,6
5,870,0.009628891944885254,0.009628891944885254,0.90234375,2,3
5,871,0.09146392205730082,0.17280268669128418,0.51171875,2,5
5,872,0.0298252901993692,0.20092827081680298,0.359375,2,4
5,873,0.0028612613677978516,0.0028612613677978516,0.94921875,1,1
5,874,0.0,0.24698543548583984,0.29296875,1,2
5,875,0.0,0.293424129486084,0.25390625,2,4
5,876,0.0658477544784546,0.075592041015625,0.6484375,3,3
5,877,0.0254286649869755,0.21343404054641724,0.34765625,2,2
5,878,0.06395193352364005,0.10043984651565552,0.5546875,2,3
5,879,0.08354294300079346,0.08354294300079346,0.703125,1,3
5,880,0.021160220727324493,0.19346487522125244,0.34375,1,3
6,364,0.10363839380443098,0.10918283462524414,0.6796875,1,3
6,805,0.0982046094723046,0.11943173408508301,0.62890625,1,2
6,881,0.06399678625166418,0.06742048263549805,0.6796875,1,1
6,882,0.08874383405782284,0.13937681913375854,0.5546875,1,2
6,883,0.017834186553955078,0.017834186553955078,0.8671875,2,2
6,884,0.03904449939727783,0.03904449939727783,0.796875,3,3
6,885,0.06578683853149414,0.06578683853149414,0.76953125,1,2
6,886,0.07121368683874608,0.20716708898544312,0.4375,1,2
6,887,0.06415090430527927,0.06758284568786621,0.6796875,1,1
6,888,0.08326888084411621,0.08326888084411621,0.71484375,1,2
6,889,0.024804234504699707,0.024804234504699707,0.8671875,1,2
6,890,0.0540008544921875,0.0540008544921875,0.7265625,1,2
6,891,0.058887600898742676,0.058887600898742676,0.8046875,1,2
6,892,0.027222604141570638,0.22849136590957642,0.34765625,1,3
6,893,0.009118795394897461,0.009118795394897461,0.921875,2,4
6,894,0.03258216474205256,0.21950089931488037,0.359375,1,3
6,895,0.0921928882598877,0.0921928882598877,0.703125,1,2
6,896,0.02675628662109375,0.02675628662109375,0.89453125,1,1
6,897,0.05470311641693115,0.05470311641693115,0.7265625,1,3
6,898,0.007954835891723633,0.007954835891723633,0.9296875,1,2
6,899,0.04449647665023804,0.04449647665023804,0.76171875,1,2
6,900,0.0332714319229126,0.0332714319229126,0.82421875,1,3
6,901,0.05383663042448462,0.05447500944137573,0.6953125,1,1
6,902,0.025792598724365234,0.025792598724365234,0.8515625,2,3
6,903,0.02699357271194458,0.02699357271194458,0.87109375,2,4
6,904,0.05536293983459473,0.05536293983459473,0.74609375,1,1
6,905,0.035729944705963135,0.035729944705963135,0.828125,1,1
6,906,0.02784109115600586,0.02784109115600586,0.8828125,1,3
6,907,0.08364611910656096,0.14228177070617676,0.53515625,1,1
6,908,0.09916096017695965,0.11779677867889404,0.63671875,2,3
6,909,0.07174348831176758,0.07174348831176758,0.765625,3,3
6,910,0.045504868030548096,0.045504868030548096,0.74609375,1,1
6,911,0.022318124771118164,0.022318124771118164,0.828125,2,2
6,912,0.10938457888551058,0.11890637874603271,0.66796875,1,4
6,913,0.06690859794616699,0.06690859794616699,0.83203125,3,4
6,914,0.04091150220483542,0.13427364826202393,0.421875,2,2
6,915,0.007676601409912109,0.007676601409912109,0.94140625,1,1
6,916,0.05081892013549805,0.05081892013549805,0.82421875,3,6
6,917,0.08840415463782848,0.11726146936416626,0.6015625,1,2
6,918,0.01779407262802124,0.01779407262802124,0.88671875,1,2
6,919,0.034758150577545166,0.034758150577545166,0.83984375,2,5
6,920,0.0007132291793823242,0.0007132291793823242,0.97265625,1,0
6,921,0.014447808265686035,0.014447808265686035,0.9140625,1,2
6,922,0.011104464530944824,0.011104464530944824,0.90234375,1,2
6,923,0.0632092938758433,0.07687211036682129,0.62890625,1,0
6,924,0.009293913841247559,0.009293913841247559,0.9140625,1,1
6,925,0.05644434958230705,0.05768364667892456,0.69140625,1,3
6,926,0.02670949697494507,0.02670949697494507,0.875,2,4
6,927,0.05061328411102295,0.05061328411102295,0.8515625,1,1
6,928,0.03853248688392342,0.15657645463943481,0.3984375,1,1
6,929,0.04472041130065918,0.04472041130065918,0.76953125,1,2
6,930,0.017640352249145508,0.017640352249145508,0.890625,1,1
6,931,0.10986969724763186,0.1438702940940857,0.60546875,1,3
6,932,0.10061043826863171,0.1580139398574829,0.5546875,1,3
6,933,0.09898512065410615,0.11237335205078125,0.65234375,1,2
6,934,0.0639243352925405,0.0709962248802185,0.66015625,1,0
6,935,0.019886016845703125,0.019886016845703125,0.8984375,2,4
6,936,0.01957714557647705,0.01957714557647705,0.91015625,3,2
6,937,0.05438335170038045,0.05557739734649658,0.69140625,2,3
6,938,0.06293102120980622,0.1941004991531372,0.4296875,1,4
6,939,0.06266367435455322,0.06266367435455322,0.75390625,1,1
6,940,0.05409038066864014,0.05409038066864014,0.796875,1,1
6,941,0.00826263427734375,0.00826263427734375,0.94140625,1,3
6,942,0.008869290351867676,0.008869290351867676,0.94140625,1,4
6,943,0.0588836669921875,0.0588836669921875,0.734375,1,2
6,944,0.007610321044921875,0.007610321044921875,0.94140625,1,2
6,945,0.0834508901461959,0.154807448387146,0.515625,2,3
6,946,0.04224509000778198,0.04224509000778198,0.859375,1,3
6,947,0.0779772400856018,0.0779772400856018,0.7578125,1,2
6,948,0.012485265731811523,0.012485265731811523,0.9140625,1,2
6,949,0.00559389591217041,0.00559389591217041,0.9453125,2,3
6,950,0.009354033507406719,0.22806024551391602,0.31640625,3,5
6,951,0.01817554235458374,0.01817554235458374,0.890625,1,0
6,952,0.0008480548858642578,0.0008480548858642578,0.9765625,2,5
6,953,0.010000228881835938,0.010000228881835938,0.92578125,3,5
6,954,0.04341435432434082,0.04341435432434082,0.79296875,3,3
6,955,0.008449673652648926,0.008449673652648926,0.92578125,1,2
6,956,0.009619474411010742,0.009619474411010742,0.91015625,1,2
6,865,0.11048231762833895,0.1343632936477661,0.62890625,1,3
6,810,0.10351772862486543,0.10372030735015869,0.69921875,1,3
6,957,0.0549619197845459,0.0549619197845459,0.76953125,1,2
6,958,0.010210871696472168,0.010210871696472168,0.91015625,1,1
6,959,0.03880965709686279,0.03880965709686279,0.84765625,1,2
6,960,0.025749921798706055,0.025749921798706055,0.875,1,2
6,961,0.011072874069213867,0.011072874069213867,0.9140625,1,2
6,962,0.0030977725982666016,0.0030977725982666016,0.953125,1,3
6,963,0.011754870414733887,0.011754870414733887,0.89453125,1,3
6,964,0.08376493700779976,0.14738023281097412,0.52734375,1,3
6,965,0.010614454746246338,0.010614454746246338,0.9140625,1,2
6,966,0.0015364289283752441,0.0015364289283752441,0.96484375,1,0
6,967,0.023376822471618652,0.023376822471618652,0.890625,1,3
6,968,0.014577865600585938,0.014577865600585938,0.89453125,1,2
6,969,0.0061647891998291016,0.0061647891998291016,0.94140625,1,3
6,970,0.03512930870056152,0.03512930870056152,0.87109375,1,3
6,971,0.09686671709641816,0.10996842384338379,0.65234375,1,2
6,972,0.09243659279309215,0.10493910312652588,0.65234375,1,3
6,973,0.0753483772277832,0.0753483772277832,0.76171875,1,1
6,974,0.09458809159696104,0.15325665473937988,0.546875,1,3
6,975,0.1089749587699771,0.14089691638946533,0.609375,1,3
6,976,0.006099998950958252,0.006099998950958252,0.9375,1,1
6,977,0.047043800354003906,0.047043800354003906,0.8515625,1,1
6,978,0.04302668571472168,0.04302668571472168,0.88671875,1,1
6,979,0.08980539301410319,0.12915831804275513,0.578125,1,3
6,980,0.0439234576188028,0.19386905431747437,0.390625,2,4
6,981,0.016204655170440674,0.016204655170440674,0.8984375,1,2
6,982,0.003523707389831543,0.003523707389831543,0.9453125,2,2
6,983,0.03972125053405762,0.03972125053405762,0.85546875,1,2
6,984,0.028454899787902832,0.028454899787902832,0.88671875,1,1
6,985,0.01026296615600586,0.01026296615600586,0.9140625,1,1
6,986,0.004569888114929199,0.004569888114929199,0.953125,2,2
6,987,8.58306884765625e-06,8.58306884765625e-06,0.99609375,2,3
6,988,0.017451167106628418,0.017451167106628418,0.90625,2,5
6,989,0.04627120494842529,0.04627120494842529,0.765625,1,2
6,990,0.03994327783584595,0.03994327783584595,0.85546875,1,1
6,991,0.021697044372558594,0.021697044372558594,0.890625,1,3
6,992,0.0010180473327636719,0.0010180473327636719,0.9765625,1,1
6,993,0.019740939140319824,0.019740939140319824,0.90625,1,3
6,994,0.0991533030755818,0.14260250329971313,0.578125,1,2
6,995,0.05195854674093426,0.06472694873809814,0.62109375,1,3
6,996,0.11468532658182086,0.1195904016494751,0.68359375,1,3
6,997,0.07879996299743652,0.07879996299743652,0.7421875,1,2
6,998,0.07921577431261541,0.1553964614868164,0.50390625,2,2
6,999,0.08287490764632822,0.14836347103118896,0.5234375,1,2
6,1000,0.040717124938964844,0.040717124938964844,0.84375,1,2
6,1001,0.02552211284637451,0.02552211284637451,0.87890625,1,3
6,1002,0.009712696075439453,0.009712696075439453,0.921875,1,1
6,1003,0.003910958766937256,0.003910958766937256,0.94140625,1,2
6,1004,0.011382222175598145,0.011382222175598145,0.90234375,1,3
6,1005,0.09827966929879041,0.10915225744247437,0.66015625,1,1
6,1006,0.0433269739151001,0.0433269739151001,0.765625,1,2
6,1007,0.09141025715507568,0.1413959264755249,0.55859375,1,3
6,1008,0.044306397438049316,0.044306397438049316,0.77734375,1,3
6,1009,0.004198312759399414,0.004198312759399414,0.9453125,1,1
6,1010,0.06582571985200049,0.07310795783996582,0.66015625,1,2
6,1011,0.008430719375610352,0.008430719375610352,0.9453125,1,3
6,1012,0.06912386417388916,0.06912386417388916,0.82421875,2,3
6,1013,0.058703064918518066,0.058703064918518066,0.78125,1,2
6,1014,0.04154372215270996,0.04154372215270996,0.859375,1,3
6,1015,0.0008832216262817383,0.0008832216262817383,0.97265625,1,0
6,1016,0.0049433112144470215,0.0049433112144470215,0.9609375,1,3
6,1017,0.017793118953704834,0.017793118953704834,0.88671875,1,2
6,1018,0.012464046478271484,0.012464046478271484,0.88671875,1,2
6,1019,0.056183695793151855,0.056183695793151855,0.8359375,1,3
6,1020,0.0015560388565063477,0.0015560388565063477,0.96484375,1,0
6,1021,0.058660924434661865,0.058660924434661865,0.71484375,1,1
6,1022,0.09207230806350708,0.09207230806350708,0.734375,1,3
6,1023,0.055187344551086426,0.055187344551086426,0.79296875,2,4
6,1024,0.018362104892730713,0.018362104892730713,0.8984375,1,2
6,1025,0.006505489349365234,0.006505489349365234,0.953125,1,3
6,1026,0.0014809370040893555,0.0014809370040893555,0.96484375,2,2
7,931,0.10101243155077101,0.16366571187973022,0.546875,1,3
7,908,0.09770404687151314,0.13129782676696777,0.59765625,2,3
7,1027,0.03687286376953125,0.03687286376953125,0.8828125,2,3
7,1028,0.0,0.2551977038383484,0.19140625,2,3
7,1029,0.0036777853965759277,0.0036777853965759277,0.97265625,1,1
7,1030,0.09996688342653216,0.17588675022125244,0.52734375,1,1
7,1031,0.037117600440979004,0.037117600440979004,0.80078125,1,3
7,1032,0.04028916358947754,0.04028916358947754,0.875,1,1
7,1033,0.07385892549064012,0.11780613660812378,0.55078125,1,1
7,1034,0.020486116409301758,0.020486116409301758,0.92578125,1,1
7,1035,0.09721396258100869,0.12110352516174316,0.62109375,1,2
7,1036,0.09779518563300373,0.1110224723815918,0.65234375,2,2
7,1037,0.09209445724263789,0.10572278499603271,0.6484375,1,3
7,1038,0.09217030240688474,0.13839060068130493,0.56640625,1,2
7,1039,0.05766499042510986,0.05766499042510986,0.765625,1,1
7,1040,0.009872794151306152,0.009872794151306152,0.91796875,2,2
7,1041,0.09726214036345483,0.14820897579193115,0.5625,1,2
7,1042,0.0403134822845459,0.0403134822845459,0.83984375,1,3
7,1043,0.07303594355471434,0.08111584186553955,0.66015625,1,0
7,1044,0.07655453681945801,0.07655453681945801,0.703125,1,1
7,1045,0.025178074836730957,0.025178074836730957,0.8359375,2,2
7,1046,0.04480713605880737,0.04480713605880737,0.78125,1,0
7,1047,0.028647422790527344,0.028647422790527344,0.83203125,1,1
7,1048,0.08536889497190715,0.09182536602020264,0.671875,1,1
7,1049,0.05836908367928119,0.24698323011398315,0.39453125,2,5
7,1050,0.09265486779622735,0.11006796360015869,0.63671875,1,3
7,1051,0.10428621596656741,0.15658223628997803,0.56640625,1,3
7,1052,0.09707092004828156,0.18339598178863525,0.51171875,1,2
7,1053,0.06973857618868352,0.0750129222869873,0.671875,1,1
7,1054,0.032148122787475586,0.032148122787475586,0.875,2,2
7,1055,0.0994948148727417,0.0994948148727417,0.71875,2,3
7,1056,0.0,0.3142990469932556,0.16015625,3,3
7,1057,0.036112308502197266,0.036112308502197266,0.80859375,2,3
7,1058,0.05490434169769287,0.05490434169769287,0.83203125,2,2
7,1059,0.09448665380477905,0.09448665380477905,0.7265625,1,2
7,1060,0.03697514533996582,0.03697514533996582,0.796875,1,3
7,1061,0.06940149306319655,0.07387435436248779,0.67578125,1,1
7,1062,0.05755186080932617,0.05755186080932617,0.76953125,1,1
7,1063,0.09741576807573439,0.2027515172958374,0.4921875,2,3
7,1064,0.0375133752822876,0.0375133752822876,0.84765625,2,3
7,1065,0.04678380489349365,0.04678380489349365,0.7734375,1,0
7,1066,0.061647653579711914,0.061647653579711914,0.7734375,1,2
7,1067,0.08385330438613892,0.08385330438613892,0.70703125,1,1
7,1068,0.08689481019973755,0.08689481019973755,0.71875,1,3
7,1069,0.04313671588897705,0.04313671588897705,0.78515625,1,1
7,1070,0.05044960975646973,0.05044960975646973,0.7890625,1,2
7,1071,0.01647794246673584,0.01647794246673584,0.88671875,1,1
7,1072,0.07284797332249583,0.11619365215301514,0.55078125,1,0
7,1073,0.021714985370635986,0.021714985370635986,0.8828125,2,2
7,1074,0.07665519195143135,0.1303902268409729,0.53515625,1,1
7,1075,0.055523412302136435,0.20902931690216064,0.40625,1,2
7,1076,0.04480713605880737,0.04480713605880737,0.78125,2,3
7,1077,0.008867442607879639,0.008867442607879639,0.9296875,1,2
7,1078,0.0,0.2532186508178711,0.23828125,1,2
7,1079,0.04567110538482666,0.04567110538482666,0.78515625,1,2
7,1080,0.059435077942907824,0.24151396751403809,0.3984375,1,2
7,1081,0.06168622244149447,0.15331721305847168,0.4609375,1,1
7,1082,0.09965483169071378,0.10949200391769409,0.6640625,1,2
7,1083,0.03422308154404164,0.2654881477355957,0.3515625,2,3
7,1084,0.08304083347320557,0.08304083347320557,0.74609375,2,3
7,1085,0.06633925437927246,0.06633925437927246,0.76953125,1,1
7,1086,0.03214919567108154,0.03214919567108154,0.8359375,1,1
7,996,0.11303485278040172,0.1425464153289795,0.6171875,1,3
7,865,0.11707869078963996,0.15529608726501465,0.6015625,1,3
7,1087,0.10992939234711231,0.1146310567855835,0.68359375,1,3
7,1088,0.05449071130715312,0.21297132968902588,0.40234375,1,3
7,1089,0.06352639198303223,0.06352639198303223,0.78125,1,2
7,1090,0.026299476623535156,0.026299476623535156,0.828125,2,4
7,1091,0.058143019676208496,0.058143019676208496,0.81640625,1,3
7,1092,0.08729461301118137,0.2069205641746521,0.46875,1,3
7,1093,0.11164483800530435,0.11761760711669922,0.6796875,1,3
7,1094,0.10707236418966205,0.1561853289604187,0.57421875,2,3
7,1095,0.10224147303961219,0.1739124059677124,0.53515625,1,2
7,1096,0.08666222542524339,0.11800813674926758,0.59375,1,3
7,1097,0.044437642674893155,0.19613856077194214,0.390625,1,2
7,1098,0.01600337028503418,0.01600337028503418,0.91796875,1,1
7,1099,0.00958317518234253,0.00958317518234253,0.92578125,1,1
7,1100,0.015462934970855713,0.015462934970855713,0.890625,2,3
7,1101,0.002407550811767578,0.002407550811767578,0.97265625,2,4
7,1102,0.009658634662628174,0.009658634662628174,0.94921875,1,3
7,1103,0.006987929344177246,0.006987929344177246,0.96484375,1,2
7,1104,0.05862557888031006,0.05862557888031006,0.73828125,1,3
7,1105,0.07514689955860378,0.1564033031463623,0.4921875,1,3
7,1106,0.0,0.2434443235397339,0.234375,2,4
7,1107,0.02297413127962501,0.23064225912094116,0.33984375,1,3
7,1108,0.00301969051361084,0.00301969051361084,0.984375,1,2
7,1109,0.024763047695159912,0.024763047695159912,0.875,1,3
7,1110,0.10954285785555841,0.1669224500656128,0.5625,1,2
7,1111,0.09447209537029268,0.13586997985839844,0.578125,1,2
7,1112,0.051109822466969504,0.19241344928741455,0.40625,2,4
7,1113,0.05975973606109619,0.05975973606109619,0.79296875,1,2
7,1114,0.10914151975885035,0.18261587619781494,0.5390625,1,3
7,1115,0.09165823133662344,0.10179829597473145,0.66015625,2,3
7,1116,0.0030063986778259277,0.0030063986778259277,0.98046875,1,1
7,1117,0.08723664283752441,0.08723664283752441,0.7265625,1,2
7,1118,0.06425184453837575,0.1213909387588501,0.51171875,2,3
7,1119,0.03030216693878174,0.03030216693878174,0.8671875,1,3
7,1120,0.0,0.26610833406448364,0.2734375,1,4
7,1121,0.002230525016784668,0.002230525016784668,0.98046875,1,1
7,1122,0.03523083636537195,0.22269368171691895,0.36328125,1,3
7,1123,0.03031998325604946,0.21864551305770874,0.35546875,1,2
7,1124,0.0050768256187438965,0.0050768256187438965,0.96875,1,3
7,1125,0.06797838304191829,0.1775761842727661,0.453125,1,2
7,1126,0.08318173885345459,0.08318173885345459,0.7734375,1,3
7,1127,0.044540368951857104,0.19659197330474854,0.390625,1,3
7,1128,0.09192866086959839,0.09192866086959839,0.74609375,1,2
7,1129,0.10315652424469592,0.1109582781791687,0.671875,1,3
7,1130,0.05748850107192993,0.05748850107192993,0.8046875,1,1
7,1131,0.10160181764513256,0.10703730583190918,0.6796875,1,4
7,1132,0.0818777084350586,0.0818777084350586,0.74609375,1,3
7,1133,0.09262380748987199,0.13136672973632812,0.58203125,1,1
7,1134,0.003198862075805664,0.003198862075805664,0.9765625,1,2
7,1135,0.0,0.26182931661605835,0.21484375,1,2
7,1136,0.03993499279022217,0.03993499279022217,0.8515625,1,2
7,1137,0.0933046954451129,0.10362690687179565,0.66015625,1,4
7,1138,0.009199321269989014,0.009199321269989014,0.9375,1,2
7,1139,0.008488118648529053,0.008488118648529053,0.9453125,2,3
7,1140,0.040660321712493896,0.040660321712493896,0.84375,2,3
7,1141,0.0932081937789917,0.0932081937789917,0.71484375,1,2
7,1142,0.018449902534484863,0.018449902534484863,0.92578125,1,2
7,1143,0.10123991977889092,0.12926393747329712,0.61328125,1,2
7,1144,0.02706301212310791,0.02706301212310791,0.86328125,1,2
7,1145,0.00047775509301573716,0.24461060762405396,0.30078125,1,2
7,1146,0.0924100271658972,0.15213483572006226,0.54296875,1,2
7,1147,0.105717730242759,0.1366855502128601,0.609375,1,2
7,1148,0.006203174591064453,0.006203174591064453,0.94921875,1,3
7,1149,0.09366631973534824,0.14710783958435059,0.5546875,1,3
7,1150,0.09234283212572338,0.1193927526473999,0.609375,1,3
7,1151,0.09467871498782189,0.17251068353652954,0.51953125,1,3
7,1152,0.02752751111984253,0.02752751111984253,0.87890625,1,2
7,1153,0.027941346168518066,0.027941346168518066,0.875,1,1
7,1154,0.11756375059485437,0.12135612964630127,0.6875,1,4
7,1155,0.010482184588909156,0.2555656433105469,0.31640625,1,4
7,1156,0.005963385105133057,0.005963385105133057,0.9765625,1,3
7,1157,0.11302519659511746,0.13745582103729248,0.62890625,1,2
7,1158,0.02207815647125244,0.02207815647125244,0.92578125,1,4
7,1159,0.009289979934692383,0.009289979934692383,0.9375,1,3
7,1160,0.07572951959446074,0.1715642213821411,0.4765625,1,3
7,1161,0.11608000681735578,0.19422537088394165,0.5390625,2,4
7,1162,0.056650519371032715,0.056650519371032715,0.78125,1,3
7,1163,0.06472581624984741,0.06472581624984741,0.8203125,1,3
7,1164,0.010091185569763184,0.010091185569763184,0.91796875,1,3
7,1165,0.03372790664434434,0.2272195816040039,0.359375,1,2
7,1166,0.009260714054107666,0.009260714054107666,0.93359375,1,1
7,1167,0.028624717611819513,0.22205841541290283,0.3515625,1,2
7,1168,0.028534233570098877,0.028534233570098877,0.8984375,1,3
7,1169,0.11115776258520783,0.11832177639007568,0.67578125,1,3
7,1170,0.0946036158129573,0.1532818078994751,0.546875,1,3
7,1171,0.017324507236480713,0.017324507236480713,0.890625,1,1
7,1172,0.032708168029785156,0.032708168029785156,0.85546875,1,2
8,1055,0.08693182468414307,0.08693182468414307,0.734375,2,3
8,1036,0.07724123261868955,0.11108851432800293,0.578125,2,2
8,1173,0.04858291149139404,0.04858291149139404,0.78515625,1,0
8,1174,0.05337876081466675,0.05337876081466675,0.74609375,1,1
8,1175,0.04754757881164551,0.04754757881164551,0.7890625,2,3
8,1176,0.06090254336595536,0.07680320739746094,0.6171875,2,3
8,1177,0.00919276475906372,0.00919276475906372,0.9375,2,2
8,1178,0.05291371583007277,0.10793554782867432,0.49609375,1,0
8,1179,0.0,0.3214142918586731,0.0625,2,3
8,1180,0.041878199437633164,0.13317787647247314,0.42578125,1,1
8,1181,0.0547869633883238,0.09808015823364258,0.5234375,2,3
8,1182,0.08191320067271592,0.10590797662734985,0.609375,2,2
8,1183,0.017593979835510254,0.017593979835510254,0.90234375,2,2
8,1184,0.04628610610961914,0.04628610610961914,0.8046875,2,2
8,1185,0.012971162796020508,0.012971162796020508,0.9140625,2,2
8,1186,0.009730875492095947,0.009730875492095947,0.92578125,2,1
8,1187,0.006947517395019531,0.006947517395019531,0.94921875,3,4
8,1188,0.02328355656936765,0.14717507362365723,0.36328125,1,0
8,1189,0.02974379062652588,0.02974379062652588,0.8515625,2,2
8,1190,0.028516500024124987,0.13774007558822632,0.3828125,3,2
8,1191,0.009730279445648193,0.009730279445648193,0.92578125,1,1
8,1192,0.005234837532043457,0.005234837532043457,0.9609375,2,2
8,1193,0.04255068302154541,0.04255068302154541,0.84765625,2,3
8,1194,0.0505213737487793,0.0505213737487793,0.79296875,2,3
8,1195,0.0,0.255786657333374,0.21875,2,4
8,1196,0.04485917091369629,0.04485917091369629,0.8125,2,2
8,1197,0.05355666903778911,0.08677536249160767,0.546875,1,0
8,1198,0.04087377036921681,0.1223822832107544,0.43359375,1,0
8,1199,0.012279689311981201,0.012279689311981201,0.91015625,2,3
8,1200,0.030204832553863525,0.030204832553863525,0.8515625,1,0
8,1201,0.05355666903778911,0.08677536249160767,0.546875,1,0
8,1202,0.05678141117095947,0.05678141117095947,0.7265625,3,3
8,1203,0.04026742326095701,0.124198317527771,0.4296875,1,1
8,1204,0.07234300998970868,0.12305521965026855,0.53515625,3,3
8,1205,0.08122721244581045,0.16905826330184937,0.4921875,1,1
8,1206,0.00958406925201416,0.00958406925201416,0.92578125,2,2
8,1207,0.0004068613052368164,0.0004068613052368164,0.9921875,2,1
8,1208,0.009730875492095947,0.009730875492095947,0.92578125,2,2
8,1209,0.0,0.3776761293411255,0.06640625,3,3
8,1210,0.013351082801818848,0.013351082801818848,0.91796875,2,3
8,1211,0.009728848934173584,0.009728848934173584,0.92578125,1,0
8,1212,0.04085583169944586,0.1884521245956421,0.38671875,2,2
8,1213,0.0,0.1946951150894165,0.27734375,1,1
8,1214,0.05398785928264261,0.09033262729644775,0.5390625,2,2
8,1215,0.08071625232696533,0.08071625232696533,0.75,2,3
8,1216,0.06382145208772273,0.1548653244972229,0.46484375,1,1
8,1154,0.10669577121734619,0.10669577121734619,0.73828125,1,4
8,865,0.10911066038534047,0.1375976800918579,0.6171875,1,3
8,1217,0.01358671055641026,0.2243998646736145,0.32421875,1,2
8,1218,0.014329910278320312,0.014329910278320312,0.91015625,1,1
8,1219,0.084445035783574,0.15386426448822021,0.51953125,1,3
8,1220,0.06724103819578887,0.07467985153198242,0.66015625,2,1
8,1221,0.10136973857879639,0.10136973857879639,0.71484375,1,2
8,1222,0.034145236015319824,0.034145236015319824,0.84765625,1,2
8,1223,0.005232572555541992,0.005232572555541992,0.9609375,1,2
8,1224,0.051616274518892176,0.1874293088912964,0.41015625,1,3
8,1225,0.0907843161839992,0.16252297163009644,0.5234375,1,2
8,1226,0.07805919647216797,0.07805919647216797,0.75,1,2
8,1227,0.031262874603271484,0.031262874603271484,0.8828125,1,1
8,1228,0.05141335725784302,0.05141335725784302,0.8203125,1,2
8,1229,0.10080881882458927,0.12712836265563965,0.6171875,1,2
8,1230,0.0037633180618286133,0.0037633180618286133,0.9765625,2,4
8,1231,0.01821011921856553,0.2274044156074524,0.33203125,1,2
8,1232,0.0869423057883978,0.15038669109344482,0.53125,1,3
8,1233,0.02251911163330078,0.02251911163330078,0.88671875,2,3
8,1234,0.0746927543077618,0.1730438470840454,0.47265625,1,3
8,1235,0.00793089007493109,0.19336265325546265,0.31640625,1,3
8,1236,0.0727718365378678,0.07363474369049072,0.6953125,2,3
8,1237,0.002888500690460205,0.002888500690460205,0.98046875,2,5
8,1238,0.08894908428192139,0.08894908428192139,0.7734375,2,3
8,1239,0.08612602204084398,0.15977001190185547,0.515625,1,3
8,1240,0.04600218753330411,0.21219027042388916,0.38671875,1,3
8,1241,0.1148740164935589,0.128981351852417,0.65625,1,2
8,1242,0.049582600593566895,0.049582600593566895,0.82421875,1,4
8,1243,0.04379737377166748,0.04379737377166748,0.8203125,2,3
8,1244,0.09058465785346927,0.134044349193573,0.5703125,1,2
8,1245,0.07468628883361816,0.07468628883361816,0.77734375,1,3
8,1246,0.08329846989363433,0.08686113357543945,0.68359375,1,2
8,1247,0.05644106864929199,0.05644106864929199,0.78125,1,1
8,1248,0.005639433860778809,0.005639433860778809,0.94921875,2,3
8,1249,0.10428410768508911,0.10428410768508911,0.703125,1,2
8,1250,0.05103445053100586,0.05103445053100586,0.8515625,1,2
8,1251,0.019429922103881836,0.019429922103881836,0.89453125,1,3
8,1252,0.09820428187958898,0.15423494577407837,0.5546875,1,3
8,1253,0.09198255836963655,0.14016389846801758,0.5625,1,3
8,1254,0.016130387783050537,0.016130387783050537,0.90625,1,2
8,1255,0.006525754928588867,0.006525754928588867,0.94140625,1,2
8,1256,0.012794971466064453,0.012794971466064453,0.90625,2,4
8,1257,0.045163512229919434,0.045163512229919434,0.8203125,1,3
8,1258,0.0,0.23504406213760376,0.20703125,1,2
8,1259,0.06862139701843262,0.06862139701843262,0.77734375,1,3
8,1260,0.029710776172578342,0.2001568078994751,0.359375,1,2
8,1261,0.11050567869096996,0.11523199081420898,0.68359375,1,2
8,1262,0.034514546394348145,0.034514546394348145,0.8671875,2,4
8,1263,0.09521162509918213,0.09521162509918213,0.73828125,1,3
8,1264,0.09840598725713791,0.13956749439239502,0.58203125,2,3
8,1265,0.02207869291305542,0.02207869291305542,0.8828125,3,4
8,1266,0.08615422248840332,0.08615422248840332,0.73828125,1,3
8,1267,0.03900343179702759,0.03900343179702759,0.8515625,1,3
8,1268,0.04890245199203491,0.04890245199203491,0.80078125,2,4
8,1269,0.02424585074186326,0.22167634963989258,0.34375,1,4
8,1270,0.0,0.26032841205596924,0.1171875,2,4
8,1271,0.0646318793296814,0.0646318793296814,0.78125,2,3
8,1272,0.0394434928894043,0.0394434928894043,0.83203125,1,3
8,1273,0.06932538747787476,0.06932538747787476,0.81640625,2,4
8,1274,0.001558840274810791,0.001558840274810791,0.97265625,2,5
8,1275,0.0029666041955351903,0.25315022468566895,0.3046875,1,3
8,1276,0.09159592341165991,0.10172909498214722,0.66015625,2,3
8,1277,0.10034998878836633,0.1463794708251953,0.57421875,1,3
8,1278,0.006629586219787598,0.006629586219787598,0.9453125,2,4
8,1279,0.09313464164733887,0.09313464164733887,0.765625,2,4
8,1280,0.06272967613767834,0.15978902578353882,0.45703125,2,3
8,1281,0.08870093501172961,0.14147937297821045,0.55078125,2,5
8,1282,0.00046468561049551433,0.23791903257369995,0.30078125,1,3
8,1283,0.10232227109372617,0.1100609302520752,0.671875,2,4
8,1284,0.0027617644518613885,0.2356705665588379,0.3046875,1,2
8,1285,0.05185335874557495,0.05185335874557495,0.8125,1,1
8,1286,0.10581329895649107,0.12868505716323853,0.62890625,1,2
8,1287,0.06157594919204712,0.06157594919204712,0.74609375,2,2
8,1288,0.06891608051955701,0.15274906158447266,0.48046875,1,2
8,1289,0.08673828304745258,0.08864271640777588,0.69140625,1,1
8,1290,0.025073647499084473,0.025073647499084473,0.8828125,2,5
8,1291,0.045767784118652344,0.045767784118652344,0.859375,2,4
8,1292,0.0076367855072021484,0.0076367855072021484,0.953125,2,3
8,1293,0.04256856441497803,0.04256856441497803,0.80859375,1,2
8,1294,0.004563689231872559,0.004563689231872559,0.96875,1,3
8,1295,0.042102932929992676,0.042102932929992676,0.86328125,1,2
8,1296,0.043822387699037804,0.22214913368225098,0.37890625,1,3
8,1297,0.11742918007075788,0.11882162094116211,0.6953125,1,3
8,1298,0.013758828630670914,0.2272425889968872,0.32421875,1,3
8,1299,0.02956569194793701,0.02956569194793701,0.859375,1,1
8,1300,0.03902995586395264,0.03902995586395264,0.83984375,1,2
8,1301,0.05663657188415527,0.05663657188415527,0.8046875,1,2
8,1302,0.09119814727455379,0.14776408672332764,0.546875,1,2
8,1303,0.06133705226238818,0.18365246057510376,0.43359375,1,3
8,1304,0.037216901779174805,0.037216901779174805,0.875,1,3
8,1305,0.023726536193862568,0.26408666372299194,0.3359375,2,3
8,1306,0.050169289112091064,0.050169289112091064,0.84765625,1,2
8,1307,0.08144670724868774,0.08144670724868774,0.76171875,1,3
8,1308,0.0850039680954069,0.1276305913925171,0.56640625,1,2
8,1309,0.05539320688694716,0.18180334568023682,0.421875,2,3
8,1310,0.10103897284716369,0.13758498430252075,0.59375,2,3
8,1311,0.09521111694630237,0.12794774770736694,0.59765625,1,3
8,1312,0.036773502826690674,0.036773502826690674,0.84375,1,2
8,1313,0.05565154552459717,0.05565154552459717,0.828125,3,6
8,1314,0.0480425951536745,0.18776953220367432,0.40234375,2,4
8,1315,0.09277385473251343,0.09277385473251343,0.75390625,1,1
8,1316,0.0013265609741210938,0.0013265609741210938,0.984375,2,3
8,1317,0.019359886646270752,0.019359886646270752,0.90234375,1,3
8,1318,0.025332868099212646,0.025332868099212646,0.8828125,2,3
9,1283,0.09758230356965215,0.09972482919692993,0.69140625,2,4
9,1055,0.08011424541473389,0.08011424541473389,0.76953125,2,3
9,1319,0.040009633172303445,0.2695385813713074,0.359375,1,1
9,1320,0.005077958106994629,0.005077958106994629,0.96875,2,2
9,1321,0.06797673273831607,0.07803606986999512,0.6484375,2,3
9,1322,0.0038605928421020508,0.0038605928421020508,0.953125,2,3
9,1323,0.08260589838027954,0.08260589838027954,0.703125,1,1
9,1324,0.036164283752441406,0.036164283752441406,0.85546875,2,3
9,1325,0.006846249103546143,0.006846249103546143,0.953125,3,4
9,1326,0.05373454606160522,0.05437171459197998,0.6953125,1,0
9,1327,0.0389857292175293,0.0389857292175293,0.78515625,1,2
9,1328,0.020956456661224365,0.020956456661224365,0.88671875,2,2
9,1329,0.08955662499647589,0.16317790746688843,0.51953125,2,4
9,1330,0.0646028406918049,0.14015531539916992,0.484375,3,3
9,1331,0.05506097688339651,0.12203991413116455,0.48046875,1,0
9,1332,0.018279194831848145,0.018279194831848145,0.91796875,2,2
9,1333,0.07602936867624523,0.22764348983764648,0.43359375,1,1
9,1334,0.033554255962371826,0.033554255962371826,0.83984375,2,3
9,1335,0.044538021087646484,0.044538021087646484,0.75,2,2
9,1336,0.05914129409939052,0.20739960670471191,0.4140625,1,2
9,1337,0.060605250298976905,0.06804800033569336,0.65625,2,2
9,1338,0.0530971884727478,0.0530971884727478,0.76171875,2,3
9,1339,0.008314669132232666,0.008314669132232666,0.9453125,2,2
9,1340,0.015433192253112793,0.015433192253112793,0.92578125,2,2
9,1341,0.04611837863922119,0.04611837863922119,0.83984375,1,3
9,1342,0.007837831974029541,0.007837831974029541,0.9375,2,1
9,1343,6.091594696044922e-05,6.091594696044922e-05,0.99609375,2,2
9,1344,0.09399675647728147,0.09418070316314697,0.69921875,2,3
9,1345,0.039162397384643555,0.039162397384643555,0.80078125,3,4
9,1346,0.0014322996139526367,0.0014322996139526367,0.97265625,1,1
9,1347,0.05216383934020996,0.05216383934020996,0.77734375,2,2
9,1348,0.008034229278564453,0.008034229278564453,0.9375,3,3
9,1349,0.05023956298828125,0.05023956298828125,0.7734375,2,2
9,1350,0.07218309771269561,0.09332764148712158,0.609375,2,2
9,1351,0.008034229278564453,0.008034229278564453,0.9375,1,1
9,1352,0.050455570220947266,0.050455570220947266,0.75,2,3
9,1353,0.001101374626159668,0.001101374626159668,0.9765625,2,2
9,1354,0.0351872444152832,0.0351872444152832,0.8984375,3,4
9,1355,0.04420624277554453,0.18705451488494873,0.39453125,1,1
9,1356,0.025923192501068115,0.025923192501068115,0.84765625,1,0
9,1357,0.05513052712194623,0.10415804386138916,0.51171875,2,2
9,1358,0.056973159313201904,0.056973159313201904,0.85546875,3,4
9,1359,0.006831049919128418,0.006831049919128418,0.94921875,2,3
9,1360,0.001957833766937256,0.001957833766937256,0.9765625,2,2
9,1361,0.0205419659614563,0.0205419659614563,0.875,2,2
9,1362,0.0173308844678104,0.21642470359802246,0.33203125,3,4
9,1363,0.06001687049865723,0.06001687049865723,0.76171875,2,2
9,1364,0.03934597969055176,0.03934597969055176,0.765625,3,3
9,1365,0.009041905403137207,0.009041905403137207,0.93359375,3,4
9,1366,0.05698785488493742,0.10026729106903076,0.52734375,1,0
9,1367,0.025346100330352783,0.025346100330352783,0.88671875,2,2
9,1368,0.10989991622045638,0.1305539608001709,0.63671875,1,1
9,1369,0.06001659296453,0.07047820091247559,0.640625,1,0
9,1370,0.0,0.29616594314575195,0.23046875,2,3
9,1371,0.11965617793612184,0.1438121199607849,0.6328125,1,2
9,1372,0.007435798645019531,0.007435798645019531,0.953125,2,2
9,1297,0.11579608917236328,0.11579608917236328,0.72265625,1,3
9,1241,0.11797675024718048,0.1268993616104126,0.671875,1,2
9,1373,0.011604726314544678,0.011604726314544678,0.9375,1,1
9,1374,0.037651121616363525,0.037651121616363525,0.87890625,1,2
9,1375,0.07858083152677865,0.15415090322494507,0.50390625,1,2
9,1376,0.041997671127319336,0.041997671127319336,0.87109375,3,4
9,1377,0.04067671298980713,0.04067671298980713,0.8828125,1,2
9,1378,0.0742178378859535,0.18905240297317505,0.45703125,1,1
9,1379,0.0401912033557892,0.21435308456420898,0.375,1,3
9,1380,0.11946453945711256,0.13125717639923096,0.6640625,1,3
9,1381,0.007846057415008545,0.007846057415008545,0.9375,1,1
9,1382,0.0939416001783684,0.10664767026901245,0.65234375,1,1
9,1383,0.07405561208724976,0.07405561208724976,0.7734375,1,2
9,1384,0.06006342172622681,0.06006342172622681,0.83984375,1,1
9,1385,0.0324659962207079,0.2187182903289795,0.359375,1,3
9,1386,0.048481181613169624,0.18948370218276978,0.40234375,1,1
9,1387,0.00954347848892212,0.00954347848892212,0.93359375,1,1
9,1388,0.06551587581634521,0.06551587581634521,0.80078125,1,3
9,1389,0.0555453896522522,0.0555453896522522,0.84375,2,2
9,1390,0.006746530532836914,0.006746530532836914,0.94140625,2,1
9,1391,0.028182506561279297,0.028182506561279297,0.87890625,1,2
9,1392,0.008225321769714355,0.008225321769714355,0.94140625,1,3
9,1393,0.007210254669189453,0.007210254669189453,0.94921875,1,3
9,1394,0.0,0.27618372440338135,0.1171875,2,2
9,1395,0.05884134769439697,0.05884134769439697,0.80078125,1,2
9,1396,0.006711721420288086,0.006711721420288086,0.9609375,2,5
9,1397,0.12497494556009771,0.13442683219909668,0.671875,1,2
9,1398,0.11554699460975827,0.1616395115852356,0.5859375,1,3
9,1399,0.03771662712097168,0.03771662712097168,0.86328125,1,2
9,1400,0.06258249282836914,0.06258249282836914,0.7890625,2,2
9,1401,0.12129210098646583,0.12910926342010498,0.67578125,1,2
9,1402,0.09385021962225439,0.16233551502227783,0.53125,1,3
9,1403,0.006643235683441162,0.006643235683441162,0.94921875,1,2
9,1404,0.039957284927368164,0.039957284927368164,0.85546875,1,3
9,1405,0.047222018241882324,0.047222018241882324,0.8671875,1,1
9,1406,0.009622812271118164,0.009622812271118164,0.9140625,1,2
9,1407,0.007753729820251465,0.007753729820251465,0.93359375,1,3
9,1408,0.009585380554199219,0.009585380554199219,0.9296875,1,2
9,1409,0.08104211557656528,0.1559908390045166,0.5078125,1,2
9,1410,0.0032979249954223633,0.0032979249954223633,0.96875,2,3
9,1411,0.02213132381439209,0.02213132381439209,0.875,1,2
9,1412,0.016340553760528564,0.016340553760528564,0.92578125,1,2
9,1413,0.08780539035797119,0.08780539035797119,0.7734375,2,4
9,1414,0.08994513750076294,0.08994513750076294,0.71875,1,1
9,1415,0.11633770808111878,0.1485409140586853,0.61328125,2,4
9,1416,0.024734914302825928,0.024734914302825928,0.89453125,3,4
9,1417,0.011304974555969238,0.011304974555969238,0.9375,1,3
9,1418,0.08397293090820312,0.08397293090820312,0.7734375,1,2
9,1419,0.02881002426147461,0.02881002426147461,0.90234375,1,1
9,1420,0.056093037128448486,0.056093037128448486,0.8515625,1,1
9,1421,0.09729550243355335,0.17727863788604736,0.51953125,1,2
9,1422,0.03782761096954346,0.03782761096954346,0.8671875,1,2
9,1423,0.07237100601196289,0.07237100601196289,0.7734375,1,3
9,1424,0.00604403018951416,0.00604403018951416,0.94921875,2,4
9,1425,0.007816847413778312,0.25013911724090576,0.3125,1,3
9,1426,0.030059397220611572,0.030059397220611572,0.859375,1,1
9,1427,0.0036371350288391113,0.0036371350288391113,0.96875,2,3
9,1428,0.08773505687713623,0.08773505687713623,0.73046875,1,2
9,1429,0.09433013200759888,0.09433013200759888,0.75,1,2
9,1430,0.007201790809631348,0.007201790809631348,0.9609375,2,4
9,1431,0.08209108037408443,0.1610369086265564,0.50390625,1,3
9,1432,0.05270570516586304,0.05270570516586304,0.80859375,1,1
9,1433,0.11095678806304932,0.11095678806304932,0.7109375,1,3
9,1434,0.06702340627089144,0.1750815510749817,0.453125,1,1
9,1435,0.08785885572433472,0.08785885572433472,0.76953125,1,3
9,1436,0.10729796974919738,0.12181055545806885,0.65234375,1,2
9,1437,0.014715969562530518,0.014715969562530518,0.9296875,1,1
9,1438,0.09383268654346467,0.11548638343811035,0.625,1,1
9,1439,0.09343362296931447,0.10156691074371338,0.66796875,1,1
9,1440,0.03131723403930664,0.03131723403930664,0.90234375,1,3
9,1441,0.07352924346923828,0.07352924346923828,0.78515625,1,2
9,1442,0.032871365547180176,0.032871365547180176,0.859375,3,4
9,1443,0.06678879261016846,0.06678879261016846,0.78125,1,2
9,1444,0.08782865526154639,0.11649811267852783,0.6015625,1,2
9,1445,0.021972477436065674,0.021972477436065674,0.89453125,1,3
9,1446,0.02093714475631714,0.02093714475631714,0.90234375,1,3
9,1447,0.008478879928588867,0.008478879928588867,0.9453125,1,2
9,1448,0.11204615607857706,0.11566054821014404,0.6875,2,3
9,1449,0.08031497756019236,0.21529459953308105,0.44921875,1,1
9,1450,0.02305316925048828,0.02305316925048828,0.90234375,1,2
9,1451,0.01775228977203369,0.01775228977203369,0.8984375,2,3
9,1452,0.0010865330696105957,0.0010865330696105957,0.98046875,1,2
9,1453,0.0020494461059570312,0.0020494461059570312,0.96875,2,4
9,1454,0.02753537893295288,0.02753537893295288,0.8359375,1,1
9,1455,0.08379780594259502,0.09013545513153076,0.671875,1,1
9,1456,0.11019300227053465,0.1250971555709839,0.65234375,1,2
9,1457,0.024338722229003906,0.024338722229003906,0.90234375,1,3
9,1458,0.10674755834043027,0.16765260696411133,0.5546875,1,2
9,1459,0.0022318363189697266,0.0022318363189697266,0.97265625,1,1
9,1460,0.03198641538619995,0.03198641538619995,0.8984375,3,3
9,1461,0.058666110038757324,0.058666110038757324,0.8125,1,2
9,1462,0.002409696578979492,0.002409696578979492,0.98046875,2,3
9,1463,0.09306735650170596,0.11055797338485718,0.63671875,1,2
9,1464,0.09511476731859149,0.10919004678726196,0.6484375,1,1
10,1371,0.10019463300704957,0.1526775360107422,0.5625,1,2
10,1415,0.10961535444948824,0.15127509832382202,0.58984375,2,4
10,1465,0.045059849973768,0.18310034275054932,0.3984375,1,2
10,1466,0.04382491111755371,0.04382491111755371,0.79296875,1,2
10,1467,0.0,0.24672627449035645,0.21875,1,2
10,1468,0.0,0.21809840202331543,0.2734375,1,1
10,1469,0.011013150215148926,0.011013150215148926,0.93359375,1,1
10,1470,0.0880588337313384,0.1497877836227417,0.53515625,1,1
10,1471,0.05717623233795166,0.05717623233795166,0.828125,2,3
10,1472,0.04067647457122803,0.04067647457122803,0.87109375,1,2
10,1473,0.06830286979675293,0.06830286979675293,0.83203125,1,2
10,1474,0.07406015950255097,0.1715782880783081,0.47265625,1,2
10,1475,0.0,0.2350965142250061,0.23828125,2,3
10,1476,0.10777575708925725,0.12656235694885254,0.640625,2,3
10,1477,0.009040236473083496,0.009040236473083496,0.93359375,3,5
10,1478,0.09620436094701292,0.11297392845153809,0.640625,2,3
10,1479,0.04367262125015259,0.04367262125015259,0.80859375,1,2
10,1480,0.028667747974395752,0.028667747974395752,0.8671875,2,3
10,1481,0.07865214347839355,0.07865214347839355,0.73828125,1,1
10,1482,0.02018892765045166,0.02018892765045166,0.890625,1,0
10,1483,0.03436696529388428,0.03436696529388428,0.86328125,2,3
10,1484,0.061930272262543454,0.21718013286590576,0.4140625,1,1
10,1485,0.05016547441482544,0.05016547441482544,0.75390625,1,1
10,1486,0.0035501718521118164,0.0035501718521118164,0.96484375,1,2
10,1487,0.08398747444152832,0.08398747444152832,0.71875,2,3
10,1488,0.08574104309082031,0.08574104309082031,0.7578125,1,2
10,1489,0.0034355521202087402,0.0034355521202087402,0.96875,1,1
10,1490,0.03154730796813965,0.03154730796813965,0.8828125,2,3
10,1491,0.08283686637878418,0.08283686637878418,0.73046875,1,1
10,1492,0.037297964096069336,0.037297964096069336,0.86328125,1,1
10,1493,0.06076227896846832,0.10690820217132568,0.52734375,1,0
10,1494,0.004844307899475098,0.004844307899475098,0.96484375,3,3
10,1495,0.0678940173238516,0.19205379486083984,0.44140625,1,3
10,1496,0.004010319709777832,0.004010319709777832,0.96875,1,1
10,1497,0.05909838248044253,0.18227934837341309,0.4296875,2,2
10,1498,0.09231877326965332,0.09231877326965332,0.71875,2,3
10,1499,0.06961584091186523,0.06961584091186523,0.78125,1,2
10,1500,0.07644307613372803,0.07644307613372803,0.765625,1,1
10,1501,0.003478527069091797,0.003478527069091797,0.96484375,2,3
10,1502,0.024273395538330078,0.024273395538330078,0.87109375,1,0
10,1503,0.004290223121643066,0.004290223121643066,0.9609375,2,3
10,1504,0.043990254402160645,0.043990254402160645,0.85546875,2,4
10,1505,0.029764950275421143,0.029764950275421143,0.85546875,1,0
10,1506,0.06853199005126953,0.06853199005126953,0.75390625,1,1
10,1507,0.10029043490067126,0.10147964954376221,0.6953125,2,2
10,1508,0.04229499399662019,0.22557330131530762,0.375,1,2
10,1509,0.007691502571105957,0.007691502571105957,0.94921875,1,1
10,1510,0.00530695915222168,0.00530695915222168,0.95703125,1,0
10,1511,0.0,0.24277961254119873,0.25390625,1,1
10,1512,0.01724696159362793,0.01724696159362793,0.90625,2,2
10,1513,0.0645556546514854,0.09155815839767456,0.58203125,1,1
10,1514,0.0025186538696289062,0.0025186538696289062,0.96875,2,2
10,1515,0.07780885696411133,0.07780885696411133,0.74609375,1,2
10,1516,0.04335683584213257,0.04335683584213257,0.8046875,2,2
10,1517,0.08650091034360231,0.14713776111602783,0.53515625,1,1
10,1518,0.0428505539894104,0.0428505539894104,0.85546875,1,2
10,1519,0.0031516551971435547,0.0031516551971435547,0.953125,2,3
10,1520,0.06394779682159424,0.06394779682159424,0.79296875,1,2
10,1521,0.09786275774240495,0.10101962089538574,0.6875,1,1
10,1522,0.027552485466003418,0.027552485466003418,0.86328125,2,1
10,1523,0.07641006610356273,0.15586435794830322,0.49609375,2,3
10,1524,0.004008650779724121,0.004008650779724121,0.9609375,1,1
10,1525,0.04016865044832231,0.21423280239105225,0.375,1,1
10,1526,0.03690218925476074,0.03690218925476074,0.8671875,2,4
10,1527,0.04700672626495361,0.04700672626495361,0.7734375,2,3
10,1528,0.05076687410473824,0.12033629417419434,0.46875,1,0
10,1529,9.34600830078125e-05,9.34600830078125e-05,0.984375,1,1
10,1530,0.0014197826385498047,0.0014197826385498047,0.98046875,2,2
10,1531,0.06144055980257691,0.10451018810272217,0.53515625,1,0
10,1532,0.022440433502197266,0.022440433502197266,0.8984375,2,2
10,1533,0.02983285719528795,0.23143064975738525,0.3515625,1,2
10,1534,0.06673216819763184,0.06673216819763184,0.82421875,2,5
10,1535,0.022693514823913574,0.022693514823913574,0.88671875,2,2
10,1536,0.08199380384758116,0.15491080284118652,0.51171875,1,1
10,1537,0.09008991718292236,0.09008991718292236,0.7265625,2,4
10,1538,0.013531418982893235,0.22348666191101074,0.32421875,1,2
10,1539,0.03415703773498535,0.03415703773498535,0.88671875,2,3
10,1397,0.11731310526374729,0.13620024919509888,0.64453125,1,2
10,1401,0.11016354616731407,0.13240313529968262,0.6328125,1,2
10,1540,0.008090734481811523,0.008090734481811523,0.95703125,1,2
10,1541,0.08825933933258057,0.08825933933258057,0.72265625,1,1
10,1542,0.06419926369562746,0.19222235679626465,0.43359375,1,2
10,1543,0.04708266258239746,0.04708266258239746,0.8203125,1,3
10,1544,0.11570877756457777,0.16410773992538452,0.58203125,1,2
10,1545,0.09114384651184082,0.09114384651184082,0.75,1,3
10,1546,0.10640227189287545,0.15520787239074707,0.57421875,1,3
10,1547,0.06975317001342773,0.06975317001342773,0.78515625,2,3
10,1548,0.027046711184084426,0.22701501846313477,0.34765625,2,5
10,1549,0.07433700561523438,0.07433700561523438,0.765625,1,2
10,1550,0.0015884637832641602,0.0015884637832641602,0.9765625,1,1
10,1551,0.07537286495789887,0.20204663276672363,0.44921875,2,4
10,1552,0.04145620658528061,0.2101542353630066,0.37890625,1,2
10,1553,0.11779891513288022,0.13226544857025146,0.65625,1,3
10,1554,0.014042913913726807,0.014042913913726807,0.9296875,2,3
10,1555,0.008663475513458252,0.008663475513458252,0.953125,1,3
10,1556,0.08988618850708008,0.08988618850708008,0.78125,2,3
10,1557,0.06891924142837524,0.06891924142837524,0.8203125,1,1
10,1558,0.02680075168609619,0.02680075168609619,0.90234375,1,2
10,1559,0.04203188419342041,0.04203188419342041,0.8671875,1,2
10,1560,0.08731526136398315,0.08731526136398315,0.7578125,1,2
10,1561,0.0016243457794189453,0.0016243457794189453,0.96484375,1,2
10,1562,0.0050694942474365234,0.0050694942474365234,0.953125,1,2
10,1563,0.0017312169075012207,0.0017312169075012207,0.9765625,1,1
10,1564,0.0917021632194519,0.0917021632194519,0.76171875,1,3
10,1565,0.0005488991737365723,0.0005488991737365723,0.984375,1,1
10,1566,0.10652215313166381,0.18119382858276367,0.53515625,1,3
10,1567,0.01812744140625,0.01812744140625,0.92578125,2,2
10,1568,0.029716014862060547,0.029716014862060547,0.8671875,1,1
10,1569,0.04984152317047119,0.04984152317047119,0.8515625,1,2
10,1570,0.003152191638946533,0.003152191638946533,0.96484375,2,3
10,1571,0.0048787593841552734,0.0048787593841552734,0.95703125,1,2
10,1572,0.021783411502838135,0.021783411502838135,0.90625,1,1
10,1573,0.0025976896286010742,0.0025976896286010742,0.97265625,1,1
10,1574,0.08192138746380807,0.1897907257080078,0.47265625,1,4
10,1575,0.034621238708496094,0.034621238708496094,0.859375,1,2
10,1576,0.007305026054382324,0.007305026054382324,0.94921875,2,6
10,1577,0.09249997138977051,0.09249997138977051,0.78125,2,5
10,1578,0.030371785163879395,0.030371785163879395,0.890625,1,2
10,1579,0.11665197229012848,0.1180351972579956,0.6953125,2,4
10,1580,0.08266669511795044,0.08266669511795044,0.74609375,1,2
10,1581,0.08310353755950928,0.08310353755950928,0.78125,1,2
10,1582,0.07055935077369214,0.18431830406188965,0.453125,1,2
10,1583,0.0879431962966919,0.0879431962966919,0.75390625,2,3
10,1584,0.007399916648864746,0.007399916648864746,0.95703125,1,1
10,1585,0.06319105625152588,0.06319105625152588,0.83984375,1,1
10,1586,0.010579824447631836,0.010579824447631836,0.93359375,1,1
10,1587,0.0053092241287231445,0.0053092241287231445,0.9453125,2,3
10,1588,0.007434070110321045,0.007434070110321045,0.953125,1,1
10,1589,0.07233536243438721,0.07233536243438721,0.7734375,1,3
10,1590,0.04723668098449707,0.04723668098449707,0.875,2,3
10,1591,0.05368036567233504,0.20980417728424072,0.40234375,1,3
10,1592,0.014601349830627441,0.014601349830627441,0.9296875,1,2
10,1593,0.030423521995544434,0.030423521995544434,0.890625,1,2
10,1594,0.06333918822929265,0.1791694164276123,0.44140625,1,1
10,1595,0.07232272624969482,0.07232272624969482,0.78515625,1,2
10,1596,0.09669391484931113,0.18268370628356934,0.51171875,1,2
10,1597,0.0815698504447937,0.0815698504447937,0.76171875,2,5
10,1598,0.010841846466064453,0.010841846466064453,0.9296875,1,2
10,1599,0.1006082738749683,0.1556236743927002,0.55859375,1,2
10,1600,0.027732491493225098,0.027732491493225098,0.91796875,2,5
10,1601,0.05538463592529297,0.05538463592529297,0.82421875,2,4
10,1602,0.04509150935336949,0.21780049800872803,0.3828125,1,2
10,1603,0.06884413957595825,0.06884413957595825,0.796875,1,1
10,1604,0.05109274387359619,0.05109274387359619,0.84765625,2,3
10,1605,0.06858660397119822,0.18879753351211548,0.4453125,1,2
10,1606,0.12014151946641506,0.13200098276138306,0.6640625,1,3
10,1607,0.029023587703704834,0.029023587703704834,0.875,2,3
10,1608,0.0014877915382385254,0.0014877915382385254,0.9765625,1,2
10,1609,0.0011371374130249023,0.0011371374130249023,0.98046875,1,0
10,1610,0.038699984550476074,0.038699984550476074,0.8671875,2,2
11,1544,0.09717060439288618,0.18025851249694824,0.515625,1,2
11,1415,0.10068626515567304,0.15813302993774414,0.5546875,2,4
11,1611,0.06427146773785354,0.16789281368255615,0.453125,3,4
11,1612,0.070078938966617,0.16235482692718506,0.47265625,2,2
11,1613,0.0689899332355708,0.15983188152313232,0.47265625,1,2
11,1614,0.11065597087144853,0.1361919641494751,0.625,2,4
11,1615,0.0,0.18445491790771484,0.29296875,2,3
11,1616,0.0028293728828430176,0.0028293728828430176,0.98046875,2,2
11,1617,0.03666257858276367,0.03666257858276367,0.8125,1,1
11,1618,0.029887735843658447,0.029887735843658447,0.8671875,1,2
11,1619,0.036519859917461886,0.2054743766784668,0.37109375,1,1
11,1620,0.01608884334564209,0.01608884334564209,0.93359375,1,2
11,1621,0.0029896907508373334,0.25512027740478516,0.3046875,2,3
11,1622,0.10650396347045898,0.10650396347045898,0.72265625,2,5
11,1623,0.06826992239803077,0.1618250012397766,0.46875,2,2
11,1624,0.09994133876170964,0.18209952116012573,0.51953125,1,2
11,1625,0.015178561210632324,0.015178561210632324,0.921875,1,2
11,1626,0.09285622835159302,0.09285622835159302,0.72265625,1,2
11,1627,0.07601833948865534,0.15506529808044434,0.49609375,2,3
11,1628,0.11035095783881844,0.1116594672203064,0.6953125,2,4
11,1629,0.03268676996231079,0.03268676996231079,0.8203125,2,1
11,1630,0.09665989386849107,0.1370910406112671,0.58203125,1,1
11,1631,0.016878783702850342,0.016878783702850342,0.921875,2,4
11,1632,0.027946531772613525,0.027946531772613525,0.875,2,3
11,1633,0.08425386250019075,0.19087600708007812,0.4765625,1,2
11,1634,0.06861019134521484,0.06861019134521484,0.76953125,1,3
11,1635,0.02431577444076538,0.02431577444076538,0.890625,2,3
11,1636,0.007188260555267334,0.007188260555267334,0.94140625,2,1
11,1637,0.004045546054840088,0.004045546054840088,0.98046875,3,4
11,1638,0.06924539990723134,0.07294988632202148,0.6796875,1,2
11,1639,0.0035064220428466797,0.0035064220428466797,0.96484375,1,3
11,1640,0.0,0.273451030254364,0.265625,1,2
11,1641,0.03728715074248613,0.22198861837387085,0.3671875,2,3
11,1642,0.0027713775634765625,0.0027713775634765625,0.9921875,1,2
11,1643,0.05498373508453369,0.05498373508453369,0.8359375,1,2
11,1644,0.0017466545104980469,0.0017466545104980469,0.98046875,1,0
11,1645,0.04663645592518152,0.21511590480804443,0.38671875,2,4
11,1646,0.05568283516913653,0.18275392055511475,0.421875,1,1
11,1647,0.06416794494725765,0.06492882966995239,0.6953125,2,1
11,1648,0.011971712112426758,0.011971712112426758,0.9296875,1,0
11,1649,0.04010009765625,0.04010009765625,0.79296875,2,3
11,1650,0.0990258367964998,0.13666099309921265,0.58984375,1,1
11,1651,0.08693825721275063,0.14788168668746948,0.53515625,1,2
11,1652,0.005674958229064941,0.005674958229064941,0.95703125,1,1
11,1653,0.06572664692066611,0.07899540662765503,0.6328125,1,0
11,1654,0.05822122329846025,0.1795738935470581,0.4296875,1,1
11,1655,0.0237576961517334,0.0237576961517334,0.8828125,3,4
11,1656,0.061624932568520314,0.07236689329147339,0.640625,2,2
11,1657,0.03310364484786987,0.03310364484786987,0.8203125,2,2
11,1658,0.011114835739135742,0.011114835739135742,0.9140625,1,1
11,1659,0.0,0.19174951314926147,0.2890625,1,3
11,1660,0.07781928777694702,0.07781928777694702,0.77734375,1,2
11,1661,0.07636720000300558,0.15577691793441772,0.49609375,1,1
11,1662,0.08013947843573989,0.19918161630630493,0.4609375,1,2
11,1663,0.00490725040435791,0.00490725040435791,0.9765625,1,1
11,1664,0.07292010774835946,0.1904851794242859,0.453125,2,2
11,1665,0.05609101057052612,0.05609101057052612,0.734375,2,2
11,1666,0.017180144786834717,0.017180144786834717,0.90234375,3,4
11,1667,0.0988194935489446,0.1310766339302063,0.6015625,1,1
11,1668,0.10235116444528104,0.10255146026611328,0.69921875,1,1
11,1669,0.048038482666015625,0.048038482666015625,0.8203125,2,3
11,1670,0.05899681057780982,0.18196606636047363,0.4296875,2,2
11,1671,0.01030588150024414,0.01030588150024414,0.8984375,1,2
11,1672,0.06321722269058228,0.06321722269058228,0.79296875,1,1
11,1673,0.012205660343170166,0.012205660343170166,0.9296875,1,0
11,1674,0.09540101792663337,0.13720595836639404,0.578125,1,2
11,1675,0.007340908050537109,0.007340908050537109,0.94921875,2,5
11,1676,0.10132904793135823,0.15914255380630493,0.5546875,1,2
11,1677,0.052802126388996846,0.18516910076141357,0.4140625,1,2
11,1678,0.007976174354553223,0.007976174354553223,0.9375,3,3
11,1679,0.0860290750861168,0.14880704879760742,0.53125,2,2
11,1680,0.00367814302444458,0.00367814302444458,0.95703125,1,0
11,1681,0.09954559803009033,0.09954559803009033,0.703125,2,4
11,1682,0.06615262012928726,0.19807100296020508,0.43359375,3,4
11,1683,0.031475841999053955,0.031475841999053955,0.87109375,2,2
11,1684,0.002607167232781655,0.22247827053070068,0.3046875,2,4
11,1685,0.09102914691902698,0.09895312786102295,0.66796875,1,2
11,1686,0.02098393440246582,0.02098393440246582,0.89453125,1,1
11,1606,0.12233741185627879,0.14203345775604248,0.64453125,1,3
11,1553,0.11991675361059607,0.14245331287384033,0.63671875,1,3
11,1687,0.07498800754547119,0.07498800754547119,0.77734375,1,2
11,1688,0.05053633451461792,0.05053633451461792,0.86328125,1,1
11,1689,0.03487801551818848,0.03487801551818848,0.89453125,1,2
11,1690,0.11726474459283055,0.11749422550201416,0.69921875,1,2
11,1691,0.01987743377685547,0.01987743377685547,0.8984375,1,3
11,1692,0.023144662380218506,0.023144662380218506,0.890625,1,3
11,1693,0.11244550603441895,0.15947949886322021,0.58203125,1,3
11,1694,0.06205558776855469,0.06205558776855469,0.77734375,1,1
11,1695,0.011066317558288574,0.011066317558288574,0.90234375,1,2
11,1696,0.004709064960479736,0.004709064960479736,0.95703125,1,0
11,1697,0.013512015342712402,0.013512015342712402,0.93359375,1,1
11,1698,0.048058936372399344,0.21212220191955566,0.390625,1,2
11,1699,0.03194880485534668,0.03194880485534668,0.8203125,1,2
11,1700,0.08979705011006446,0.17615360021591187,0.50390625,1,3
11,1701,0.036659836769104004,0.036659836769104004,0.8984375,1,2
11,1702,0.07572102546691895,0.07572102546691895,0.7578125,3,5
11,1703,0.0,0.23055988550186157,0.296875,1,1
11,1704,0.08278703689575195,0.08278703689575195,0.71484375,1,1
11,1705,0.036966235144063844,0.22007805109024048,0.3671875,1,3
11,1706,0.008495688438415527,0.008495688438415527,0.9296875,1,2
11,1707,0.007215142250061035,0.007215142250061035,0.94921875,1,2
11,1708,0.015972051769495017,0.2271580696105957,0.328125,2,3
11,1709,0.037433692254126086,0.22286105155944824,0.3671875,1,2
11,1710,0.0664437672821805,0.1612284779548645,0.46484375,1,2
11,1711,0.0012532472610473633,0.0012532472610473633,0.984375,1,1
11,1712,0.0242006778717041,0.0242006778717041,0.8671875,2,3
11,1713,0.06429409980773926,0.06429409980773926,0.8203125,1,1
11,1714,0.07423331285826863,0.18013012409210205,0.46484375,1,2
11,1715,0.0005263090133666992,0.0005263090133666992,0.99609375,2,2
11,1716,0.0395469069480896,0.0395469069480896,0.8359375,1,3
11,1717,0.004804134368896484,0.004804134368896484,0.94140625,1,1
11,1718,0.006845712661743164,0.006845712661743164,0.97265625,1,2
11,1719,0.010722458362579346,0.010722458362579346,0.9140625,1,1
11,1720,0.0035396218299865723,0.0035396218299865723,0.984375,1,2
11,1721,0.009756326675415039,0.009756326675415039,0.91796875,3,5
11,1722,0.005426764488220215,0.005426764488220215,0.93359375,2,5
11,1723,0.0626751184463501,0.0626751184463501,0.82421875,2,4
11,1724,0.06463540391996504,0.19935739040374756,0.4296875,1,2
11,1725,0.0009999871253967285,0.0009999871253967285,0.984375,1,0
11,1726,0.009973287582397461,0.009973287582397461,0.93359375,1,3
11,1727,0.07786428928375244,0.07786428928375244,0.7578125,1,3
11,1728,0.05669224262237549,0.05669224262237549,0.8046875,1,3
11,1729,0.037685930728912354,0.037685930728912354,0.8515625,1,2
11,1730,0.039354681968688965,0.039354681968688965,0.8515625,1,2
11,1731,0.07571662729606034,0.15758907794952393,0.4921875,2,3
11,1732,0.0074672698974609375,0.0074672698974609375,0.94921875,1,1
11,1733,0.07310368632897736,0.12862229347229004,0.52734375,1,2
11,1734,0.025021791458129883,0.025021791458129883,0.921875,1,2
11,1735,0.05376327037811279,0.05376327037811279,0.859375,1,1
11,1736,0.02246570587158203,0.02246570587158203,0.9296875,1,1
11,1737,0.009530186653137207,0.009530186653137207,0.93359375,2,3
11,1738,0.0377841591835022,0.0377841591835022,0.85546875,1,2
11,1739,0.11277961730957031,0.11277961730957031,0.71484375,1,3
11,1740,0.103309846483171,0.10453486442565918,0.6953125,1,3
11,1741,0.016204774379730225,0.016204774379730225,0.89453125,2,4
11,1742,0.0554158091545105,0.0554158091545105,0.8359375,2,4
11,1743,0.0026169419288635254,0.0026169419288635254,0.97265625,2,4
11,1744,0.11560920719057323,0.1662694215774536,0.578125,1,2
11,1745,0.032448530197143555,0.032448530197143555,0.8828125,2,3
11,1746,0.08689385117031635,0.17045843601226807,0.50390625,1,2
11,1747,0.01268911361694336,0.01268911361694336,0.9296875,1,3
11,1748,0.03438478708267212,0.03438478708267212,0.84375,1,2
11,1749,0.01384890079498291,0.01384890079498291,0.953125,2,3
11,1750,0.0952779551735148,0.13513106107711792,0.58203125,1,2
11,1751,0.023954104632139216,0.2404804229736328,0.33984375,1,2
11,1752,0.09541212441399695,0.17080771923065186,0.5234375,1,2
11,1753,0.08548267604783179,0.09005582332611084,0.6796875,1,1
11,1754,0.05476534366607666,0.05476534366607666,0.796875,1,2
11,1755,0.1154750114073977,0.13717681169509888,0.63671875,1,3
11,1756,0.051672428729943945,0.187633216381073,0.41015625,1,1
12,1553,0.1146502308547497,0.141107976436615,0.625,1,3
12,1690,0.11541152000427246,0.11541152000427246,0.70703125,1,2
12,1757,0.0567699670791626,0.0567699670791626,0.796875,1,2
12,1758,0.11142314120661469,0.1580294966697693,0.58203125,1,3
12,1759,0.022335290908813477,0.022335290908813477,0.890625,2,3
12,1760,0.015133917331695557,0.015133917331695557,0.8984375,2,4
12,1761,0.08067595958709717,0.08067595958709717,0.75390625,2,5
12,1762,0.03718441724777222,0.03718441724777222,0.86328125,1,1
12,1763,0.11976837110705675,0.1301940679550171,0.66796875,1,2
12,1764,0.007972955703735352,0.007972955703735352,0.96484375,1,3
12,1765,0.07160264253616333,0.07160264253616333,0.7890625,1,3
12,1766,0.015463113784790039,0.015463113784790039,0.8984375,1,2
12,1767,0.004120588302612305,0.004120588302612305,0.9609375,3,5
12,1768,0.11693936458323152,0.11950689554214478,0.69140625,1,3
12,1769,0.10229635238647461,0.10229635238647461,0.73046875,1,3
12,1770,0.0,0.25870978832244873,0.25390625,2,4
12,1771,0.031376510974951095,0.22626441717147827,0.35546875,1,2
12,1772,0.01834559440612793,0.01834559440612793,0.9140625,2,3
12,1773,0.11139346647541971,0.14222806692123413,0.61328125,1,3
12,1774,0.04125797748565674,0.04125797748565674,0.84375,1,1
12,1775,0.11352713883388789,0.14495235681533813,0.61328125,1,3
12,1776,0.024042367935180664,0.024042367935180664,0.90625,1,2
12,1777,0.038174986839294434,0.038174986839294434,0.84375,1,2
12,1778,0.10048663709312679,0.1080864667892456,0.671875,1,1
12,1779,0.01636749505996704,0.01636749505996704,0.90625,3,5
12,1780,0.10646475688554348,0.14893430471420288,0.5859375,1,2
12,1781,0.05318605899810791,0.05318605899810791,0.82421875,2,4
12,1782,0.10092753171920776,0.10092753171920776,0.71875,1,2
12,1783,0.10483920574188232,0.10483920574188232,0.7265625,1,3
12,1784,0.09444791078567505,0.09444791078567505,0.76171875,1,2
12,1785,0.07896202802658081,0.07896202802658081,0.73828125,1,3
12,1786,0.08892539935186507,0.16800665855407715,0.51171875,1,3
12,1787,0.050037503242492676,0.050037503242492676,0.8125,1,2
12,1788,0.05730020999908447,0.05730020999908447,0.8125,1,2
12,1789,0.10281135188415648,0.11671710014343262,0.65234375,1,3
12,1790,0.10457473993301392,0.10457473993301392,0.73046875,1,3
12,1791,0.03963834047317505,0.03963834047317505,0.85546875,1,2
12,1792,0.07710635662078857,0.07710635662078857,0.796875,1,3
12,1793,0.11578254401683809,0.1425015926361084,0.625,1,1
12,1794,0.009638369083404541,0.009638369083404541,0.9609375,2,5
12,1795,0.008829832077026367,0.008829832077026367,0.9375,1,2
12,1796,0.027210712432861328,0.027210712432861328,0.87890625,1,2
12,1797,0.0296705961227417,0.0296705961227417,0.890625,1,2
12,1798,0.036106954794377095,0.24324685335159302,0.359375,2,3
12,1799,0.10781656671315433,0.14681404829025269,0.59375,1,3
12,1800,0.11688129510730506,0.12981176376342773,0.66015625,1,2
12,1801,0.057980126468464746,0.22660934925079346,0.40234375,1,1
12,1802,0.007203161716461182,0.007203161716461182,0.9375,1,1
12,1803,0.0906730543356389,0.18871790170669556,0.4921875,2,5
12,1804,0.027244091033935547,0.027244091033935547,0.8671875,1,3
12,1805,0.0074547529220581055,0.0074547529220581055,0.94921875,1,2
12,1806,0.045258939266204834,0.045258939266204834,0.84765625,1,2
12,1807,0.020448082126677047,0.22759604454040527,0.3359375,2,4
12,1808,0.06751370429992676,0.06751370429992676,0.828125,1,3
12,1809,0.07048094272613525,0.07048094272613525,0.77734375,1,2
12,1810,0.04543606191873551,0.17105340957641602,0.40625,2,4
12,1606,0.11670703534036876,0.14026761054992676,0.6328125,1,3
12,1744,0.11405398510396482,0.1640326976776123,0.578125,1,2
12,1811,0.013454020023345947,0.013454020023345947,0.8984375,1,2
12,1812,0.11064406111836435,0.12027549743652344,0.66796875,1,3
12,1813,0.05957746505737305,0.05957746505737305,0.78515625,2,3
12,1814,0.022211074829101562,0.022211074829101562,0.89453125,1,2
12,1815,0.03049248456954956,0.03049248456954956,0.87109375,1,1
12,1816,0.08307254314422607,0.08307254314422607,0.765625,1,4
12,1817,0.027574241161346436,0.027574241161346436,0.84375,2,4
12,1818,0.028851747512817383,0.028851747512817383,0.859375,2,4
12,1819,0.11417704960331322,0.1388566493988037,0.62890625,1,1
12,1820,0.021321439649909745,0.2140505313873291,0.33984375,1,1
12,1821,0.003958344459533691,0.003958344459533691,0.953125,1,1
12,1822,0.10474297287873925,0.11386072635650635,0.66796875,1,1
12,1823,0.0913844108581543,0.0913844108581543,0.76171875,1,2
12,1824,0.029838204383850098,0.029838204383850098,0.85546875,1,1
12,1825,0.10867800982668997,0.17608588933944702,0.546875,2,4
12,1826,0.009747445583343506,0.009747445583343506,0.9375,2,3
12,1827,0.10038065910339355,0.10038065910339355,0.71875,1,2
12,1828,0.02090895175933838,0.02090895175933838,0.90625,2,4
12,1829,0.01112276315689087,0.01112276315689087,0.9375,1,2
12,1830,0.0010069608688354492,0.0010069608688354492,0.9921875,2,3
12,1831,0.004292607307434082,0.004292607307434082,0.9609375,1,3
12,1832,0.11113306414335967,0.17725896835327148,0.55078125,1,2
12,1833,0.037344187498092665,0.22232818603515625,0.3671875,1,3
12,1834,0.05649971961975098,0.05649971961975098,0.83984375,1,2
12,1835,0.01877415180206299,0.01877415180206299,0.8828125,1,0
12,1836,0.002194046974182129,0.002194046974182129,0.96875,2,1
12,1837,0.07448112964630127,0.07448112964630127,0.796875,1,2
12,1838,0.03442704677581787,0.03442704677581787,0.84375,2,4
12,1839,0.07693725824356079,0.07693725824356079,0.76953125,1,1
12,1840,0.1013145623728633,0.1379602551460266,0.59375,1,2
12,1841,0.09298694133758545,0.09298694133758545,0.72265625,1,1
12,1842,0.10304528474807739,0.10304528474807739,0.703125,1,1
12,1843,0.06967793439980598,0.20862632989883423,0.43359375,1,2
12,1844,0.10455870628356934,0.10455870628356934,0.703125,1,2
12,1845,0.11134924087673427,0.174879789352417,0.5546875,1,3
12,1846,0.023796796798706055,0.023796796798706055,0.89453125,1,1
12,1847,0.10203122370876373,0.12866991758346558,0.6171875,1,1
12,1848,0.05299289664253593,0.18583810329437256,0.4140625,1,2
12,1849,0.10448908805847168,0.10448908805847168,0.703125,1,2
12,1850,0.07940736948512496,0.1973620057106018,0.4609375,1,3
12,1851,0.002891063690185547,0.002891063690185547,0.96484375,1,0
12,1852,0.034807682037353516,0.034807682037353516,0.890625,2,3
12,1853,0.05671560764312744,0.05671560764312744,0.80859375,2,5
12,1854,0.10949199646711351,0.11302399635314941,0.6875,1,1
12,1855,0.06191347679123283,0.06522572040557861,0.6796875,1,2
12,1856,0.0047332048416137695,0.0047332048416137695,0.9375,2,4
12,1857,0.010399699211120605,0.010399699211120605,0.921875,1,1
12,1858,0.10216103307902814,0.10762643814086914,0.6796875,1,1
12,1859,0.05419753817841411,0.16716349124908447,0.4296875,1,2
12,1860,0.013554501347243793,0.22386789321899414,0.32421875,2,2
12,1861,0.09475514292716983,0.1895102858543396,0.5,1,2
12,1862,0.004968762397766113,0.004968762397766113,0.96875,2,5
12,1863,0.029897511936724196,0.1779944896697998,0.3671875,1,2
12,1864,0.04552380740642548,0.17792510986328125,0.40234375,2,4
12,1865,0.06763549149036409,0.19675779342651367,0.4375,3,5
12,1866,0.05219431594014169,0.19649624824523926,0.40625,1,2
12,1867,0.09536828449927272,0.1316133737564087,0.58984375,1,2
12,1868,0.013701319694519043,0.013701319694519043,0.9296875,1,2
12,1869,0.020452499389648438,0.020452499389648438,0.8671875,1,1
12,1870,0.09349393844604492,0.09349393844604492,0.76171875,1,3
12,1871,0.009860634803771973,0.009860634803771973,0.92578125,1,1
12,1872,0.01939633232541383,0.1947239637374878,0.33984375,1,4
12,1873,0.04690958140417934,0.18334126472473145,0.40234375,1,2
12,1874,0.05328714847564697,0.05328714847564697,0.796875,2,4
12,1875,0.025804758071899414,0.025804758071899414,0.84765625,1,1
12,1876,0.05183243751525879,0.05183243751525879,0.8125,2,4
12,1877,0.0,0.26808667182922363,0.25,2,4
12,1878,0.04304981231689453,0.04304981231689453,0.83203125,1,1
12,1879,0.009352505207061768,0.009352505207061768,0.921875,2,3
12,1880,0.009394645690917969,0.009394645690917969,0.94140625,1,1
12,1881,0.07387387752532959,0.07387387752532959,0.78515625,1,1
12,1882,0.05137944221496582,0.05137944221496582,0.8359375,1,2
12,1883,0.07809756952337922,0.1809319257736206,0.47265625,3,7
12,1884,0.01861630391795189,0.23247677087783813,0.33203125,1,2
12,1885,0.0056743621826171875,0.0056743621826171875,0.9296875,2,5
12,1886,0.04925107955932617,0.04925107955932617,0.83203125,1,3
12,1887,0.005363166332244873,0.005363166332244873,0.9375,1,1
12,1888,0.021680235862731934,0.021680235862731934,0.86328125,2,1
12,1889,0.0026634931564331055,0.0026634931564331055,0.9609375,1,1
12,1890,0.014706969261169434,0.014706969261169434,0.91015625,3,5
12,1891,0.021528959274291992,0.021528959274291992,0.91015625,1,1
12,1892,0.08865899406373502,0.21015465259552002,0.46875,2,5
12,1893,0.0656323244329542,0.17593586444854736,0.44921875,1,1
12,1894,0.030246734619140625,0.030246734619140625,0.82421875,1,1
12,1895,0.01839599525555969,0.22972559928894043,0.33203125,2,5
12,1896,0.009813904762268066,0.009813904762268066,0.92578125,2,1
12,1897,0.11210626363754272,0.11210626363754272,0.71484375,1,2
12,1898,0.07221996784210205,0.07221996784210205,0.796875,3,5
12,1899,0.0033135414123535156,0.0033135414123535156,0.953125,1,0
12,1900,0.06477940082550049,0.06477940082550049,0.8046875,1,2
12,1901,0.0051844120025634766,0.0051844120025634766,0.9375,1,0
12,1902,0.04042042046785356,0.21557557582855225,0.375,2,4
13,1768,0.1213812679052353,0.12404632568359375,0.69140625,1,3
13,1800,0.11629341437947006,0.1320226788520813,0.65234375,1,2
13,1903,0.05962944030761719,0.05962944030761719,0.875,1,3
13,1904,0.01349341869354248,0.01349341869354248,0.9140625,1,2
13,1905,0.06151672138366849,0.174014151096344,0.44140625,1,1
13,1906,0.00936061143875122,0.00936061143875122,0.92578125,1,2
13,1907,0.09750180831179024,0.12146210670471191,0.62109375,1,2
13,1908,0.08854484558105469,0.08854484558105469,0.75390625,1,1
13,1909,0.07663536071777344,0.07663536071777344,0.73046875,1,3
13,1910,0.008275628089904785,0.008275628089904785,0.953125,1,2
13,1911,0.06884646415710449,0.06884646415710449,0.78125,2,4
13,1912,0.02651524543762207,0.02651524543762207,0.91015625,1,2
13,1913,0.06179451942443848,0.06179451942443848,0.828125,1,3
13,1914,0.01797807216644287,0.01797807216644287,0.87890625,1,2
13,1915,0.05776107311248779,0.05776107311248779,0.8046875,1,3
13,1916,0.08691573794931175,0.09251737594604492,0.67578125,1,2
13,1917,0.005222320556640625,0.005222320556640625,0.984375,1,1
13,1918,0.12106606783345343,0.12754285335540771,0.6796875,1,2
13,1919,0.013783931732177734,0.013783931732177734,0.9140625,1,2
13,1920,0.02521061897277832,0.02521061897277832,0.8828125,2,4
13,1921,0.10794079303741455,0.10794079303741455,0.70703125,1,2
13,1922,0.09445297718048096,0.09445297718048096,0.75390625,1,3
13,1923,0.007397770881652832,0.007397770881652832,0.94921875,1,1
13,1924,0.018902361392974854,0.018902361392974854,0.890625,1,3
13,1925,0.07988512166775764,0.20348846912384033,0.45703125,1,1
13,1926,0.034860074520111084,0.034860074520111084,0.8515625,2,3
13,1927,0.11270691733807327,0.11873650550842285,0.6796875,1,2
13,1928,0.00963139533996582,0.00963139533996582,0.921875,1,0
13,1929,0.036920785903930664,0.036920785903930664,0.88671875,2,3
13,1930,0.020577430725097656,0.020577430725097656,0.875,1,1
13,1931,0.0756385326385498,0.0756385326385498,0.78125,2,2
13,1932,0.06006824970245361,0.06006824970245361,0.78125,1,2
13,1933,0.05180460214614868,0.05180460214614868,0.8046875,1,2
13,1934,0.058631956577301025,0.058631956577301025,0.859375,1,1
13,1935,0.006577134132385254,0.006577134132385254,0.984375,1,3
13,1936,0.02350783348083496,0.02350783348083496,0.9375,2,4
13,1937,0.029177308082580566,0.029177308082580566,0.91015625,1,1
13,1938,0.02899634838104248,0.02899634838104248,0.86328125,1,3
13,1939,0.10385388764552773,0.12481969594955444,0.6328125,2,3
13,1940,0.1141429530689493,0.12149935960769653,0.67578125,1,3
13,1941,0.0948400259949267,0.11398613452911377,0.6328125,1,1
13,1942,0.02348196506500244,0.02348196506500244,0.88671875,1,2
13,1943,0.038947884459048523,0.23187577724456787,0.3671875,1,2
13,1944,0.007011607289314276,0.22437143325805664,0.3125,1,1
13,1945,0.10772883519530298,0.16415822505950928,0.5625,1,3
13,1946,0.04013341665267944,0.04013341665267944,0.84765625,1,1
13,1947,0.03753930330276489,0.03753930330276489,0.8359375,1,3
13,1948,0.03852033615112305,0.03852033615112305,0.87109375,1,1
13,1949,0.004145145416259766,0.004145145416259766,0.9609375,1,0
13,1950,0.05957603454589844,0.05957603454589844,0.796875,1,3
13,1951,0.0331263542175293,0.0331263542175293,0.89453125,1,1
13,1952,0.08194994926452637,0.08194994926452637,0.76953125,1,1
13,1953,0.014956176280975342,0.014956176280975342,0.90234375,1,1
13,1954,0.017592549324035645,0.017592549324035645,0.93359375,1,1
13,1955,0.009381413459777832,0.009381413459777832,0.9375,2,4
13,1956,0.04703831672668457,0.04703831672668457,0.8359375,1,3
13,1957,0.05676305294036865,0.05676305294036865,0.8125,1,3
13,1958,0.029309868812561035,0.029309868812561035,0.8359375,1,2
13,1959,0.0074694156646728516,0.0074694156646728516,0.93359375,1,1
13,1960,0.07760781049728394,0.07760781049728394,0.7578125,1,2
13,1961,0.008162420243024833,0.26119744777679443,0.3125,1,3
13,1962,0.011637330055236816,0.011637330055236816,0.8984375,1,2
13,1963,0.07783487252891065,0.18449747562408447,0.46875,1,3
13,1964,0.013970911502838135,0.013970911502838135,0.90625,1,1
13,1965,0.06363534927368164,0.06363534927368164,0.7890625,2,4
13,1966,0.033065736293792725,0.033065736293792725,0.84375,1,3
13,1967,0.05143284797668457,0.05143284797668457,0.8515625,1,2
13,1968,0.0615755212493241,0.20209401845932007,0.421875,2,3
13,1969,0.048065364360809326,0.048065364360809326,0.85546875,1,1
13,1970,0.05024278163909912,0.05024278163909912,0.83203125,1,1
13,1971,0.009863615036010742,0.009863615036010742,0.921875,1,3
13,1972,0.11072921752929688,0.11072921752929688,0.71484375,1,2
13,1973,0.04625535011291504,0.04625535011291504,0.74609375,1,0
13,1974,0.09059653361327948,0.16218680143356323,0.5234375,1,1
13,1975,0.003696918487548828,0.003696918487548828,0.96484375,1,0
13,1976,0.05438065528869629,0.05438065528869629,0.8046875,1,3
13,1977,0.09829390048980713,0.09829390048980713,0.74609375,1,2
13,1978,0.0030028650071472003,0.2562444806098938,0.3046875,2,5
13,1979,0.04166156053543091,0.04166156053543091,0.80078125,1,2
13,1980,0.05658268928527832,0.05658268928527832,0.8125,1,3
13,1981,0.07559674978256226,0.07559674978256226,0.84765625,1,1
13,1982,0.10506521048955621,0.15547221899032593,0.5703125,1,2
13,1983,0.02267080545425415,0.02267080545425415,0.859375,2,1
13,1763,0.12401754723396154,0.134813129901886,0.66796875,1,2
13,1744,0.1215622932650149,0.16776251792907715,0.58984375,1,2
13,1984,0.037844010046683266,0.2129245400428772,0.37109375,1,2
13,1985,0.1248958120122552,0.1656649112701416,0.6015625,1,2
13,1986,0.034291625022888184,0.034291625022888184,0.8984375,2,3
13,1987,0.0068666934967041016,0.0068666934967041016,0.96484375,1,2
13,1988,0.050430893898010254,0.050430893898010254,0.8125,1,2
13,1989,0.039035677909851074,0.039035677909851074,0.8515625,1,1
13,1990,0.07385802268981934,0.07385802268981934,0.7734375,1,3
13,1991,0.10838073911145331,0.17286896705627441,0.55078125,1,2
13,1992,0.005163788795471191,0.005163788795471191,0.97265625,1,1
13,1993,0.012445509433746338,0.012445509433746338,0.94140625,2,4
13,1994,0.01041102409362793,0.01041102409362793,0.93359375,1,2
13,1995,0.027794480323791504,0.027794480323791504,0.84375,1,1
13,1996,0.12442113645374776,0.14283323287963867,0.6484375,1,2
13,1997,0.0916695713531226,0.16702783107757568,0.51953125,1,1
13,1998,0.1286102184094489,0.14600539207458496,0.65234375,1,2
13,1999,0.0013692378997802734,0.0013692378997802734,0.97265625,1,1
13,2000,0.06956365099176766,0.21455776691436768,0.4296875,2,4
13,2001,0.11161963758058847,0.1675931215286255,0.56640625,1,3
13,2002,0.11089168209582569,0.18554425239562988,0.5390625,1,2
13,2003,0.09621901833452286,0.09735995531082153,0.6953125,1,2
13,2004,0.06215672381222249,0.18610668182373047,0.43359375,1,2
13,2005,0.059819698333740234,0.059819698333740234,0.85546875,1,1
13,2006,0.05032908916473389,0.05032908916473389,0.828125,2,3
13,2007,0.0515170693397522,0.0515170693397522,0.82421875,1,1
13,2008,0.09563153795897962,0.17424678802490234,0.51953125,1,2
13,2009,0.1249145418405533,0.17009639739990234,0.59375,1,3
13,2010,0.11859448230825366,0.151422381401062,0.61328125,1,2
13,2011,0.09352492913603784,0.11941337585449219,0.61328125,1,1
13,2012,0.0042035579681396484,0.0042035579681396484,0.9609375,1,0
13,2013,0.119353408459574,0.15628886222839355,0.60546875,2,4
13,2014,0.09854004322551192,0.10070359706878662,0.69140625,1,1
13,2015,0.11130203725770117,0.14036118984222412,0.6171875,1,2
13,2016,0.005625545978546143,0.005625545978546143,0.94140625,1,0
13,2017,0.11440759897232056,0.11440759897232056,0.71484375,2,5
13,2018,0.039106130599975586,0.039106130599975586,0.8515625,1,3
13,2019,0.018676400184631348,0.018676400184631348,0.91015625,3,5
13,2020,0.0006032586097717285,0.0006032586097717285,0.98046875,1,0
13,2021,0.11266911029815674,0.11266911029815674,0.73046875,1,1
13,2022,0.07626396417617798,0.07626396417617798,0.796875,1,2
13,2023,0.09742993116378784,0.09742993116378784,0.75,2,3
13,2024,0.09717301884666087,0.17396008968353271,0.5234375,2,4
13,2025,0.012210184591822333,0.2016649842262268,0.32421875,2,3
13,2026,0.053464412689208984,0.053464412689208984,0.81640625,2,4
13,2027,0.00466609001159668,0.00466609001159668,0.984375,1,2
13,2028,0.11734542320482434,0.1332169771194458,0.65234375,1,2
13,2029,0.12247013300657274,0.15834522247314453,0.609375,1,3
13,2030,0.058589041233062744,0.058589041233062744,0.80078125,2,4
13,2031,0.03824847936630249,0.03824847936630249,0.87890625,1,2
13,2032,0.07837438583374023,0.07837438583374023,0.8046875,1,2
13,2033,0.07942163944244385,0.07942163944244385,0.71875,1,2
13,2034,0.0006921291351318359,0.0006921291351318359,0.984375,2,2
13,2035,0.10079636843875052,0.10300946235656738,0.69140625,1,1
13,2036,0.0660405158996582,0.0660405158996582,0.8515625,1,1
13,2037,0.0704529881477356,0.0704529881477356,0.82421875,1,1
13,2038,0.07602393627166748,0.07602393627166748,0.78515625,1,2
13,2039,0.07026296854019165,0.07026296854019165,0.8515625,1,1
13,2040,0.020628093974664818,0.22959965467453003,0.3359375,2,3
13,2041,0.08217883110046387,0.08217883110046387,0.7265625,1,2
13,2042,0.015356063842773438,0.015356063842773438,0.90625,1,1
13,2043,0.0024785399436950684,0.0024785399436950684,0.96875,2,3
13,2044,0.07864957675337793,0.16369342803955078,0.4921875,1,1
13,2045,0.007432222366333008,0.007432222366333008,0.9296875,2,3
13,2046,0.098427414894104,0.098427414894104,0.73828125,1,4
13,2047,0.03476762771606445,0.03476762771606445,0.8515625,1,1
13,2048,0.01133430004119873,0.01133430004119873,0.9453125,2,4
14,2009,0.13055994256865236,0.15157979726791382,0.64453125,1,3
14,1985,0.12978167226538065,0.14733529090881348,0.65234375,1,2
14,2049,0.03270810842514038,0.03270810842514038,0.85546875,1,2
14,2050,0.07099288702011108,0.07099288702011108,0.78125,2,3
14,2051,0.10397652676329018,0.16846829652786255,0.546875,1,2
14,2052,0.1044832728803158,0.1502680778503418,0.578125,2,4
14,2053,0.010801911354064941,0.010801911354064941,0.921875,2,2
14,2054,0.08878271095454694,0.13528794050216675,0.5625,1,1
14,2055,0.07689344882965088,0.07689344882965088,0.75,1,2
14,2056,0.08404439687728882,0.08404439687728882,0.74609375,2,3
14,2057,0.0030713677406311035,0.0030713677406311035,0.95703125,1,1
14,2058,0.06233811099082233,0.2045968770980835,0.421875,1,3
14,2059,0.12808428611606362,0.16152501106262207,0.6171875,1,3
14,2060,0.004744887351989746,0.004744887351989746,0.94921875,1,1
14,2061,0.00901186466217041,0.00901186466217041,0.921875,1,1
14,2062,0.013634085655212402,0.013634085655212402,0.9140625,1,2
14,2063,0.00980675220489502,0.00980675220489502,0.921875,1,3
14,2064,0.0014739036560058594,0.0014739036560058594,0.9765625,2,3
14,2065,0.008695006370544434,0.008695006370544434,0.93359375,2,4
14,2066,0.0026175975799560547,0.0026175975799560547,0.96875,2,3
14,2067,0.01109766960144043,0.01109766960144043,0.9375,1,2
14,2068,0.031208336353302002,0.031208336353302002,0.85546875,2,3
14,2069,0.07066822052001953,0.07066822052001953,0.7734375,1,2
14,2070,0.09379420639015736,0.15954363346099854,0.53515625,1,3
14,2071,0.00030982494354248047,0.00030982494354248047,0.98828125,1,0
14,2072,0.0012045502662658691,0.0012045502662658691,0.97265625,2,2
14,2073,0.0014322996139526367,0.0014322996139526367,0.9765625,1,0
14,2074,0.00021821260452270508,0.00021821260452270508,0.98828125,1,1
14,2075,0.03077983856201172,0.03077983856201172,0.84375,1,0
14,2076,0.0905045415274799,0.17420423030853271,0.5078125,1,3
14,2077,0.001431584358215332,0.001431584358215332,0.9765625,1,1
14,2078,0.009241342544555664,0.009241342544555664,0.92578125,1,0
14,2079,0.0031325221061706543,0.0031325221061706543,0.9453125,1,1
14,2080,0.0061910152435302734,0.0061910152435302734,0.95703125,1,2
14,2081,0.09378316625952722,0.12439632415771484,0.6015625,1,2
14,2082,0.034120798110961914,0.034120798110961914,0.88671875,1,1
14,2083,0.04628715896978976,0.22357571125030518,0.3828125,1,2
14,2084,0.06306320428848267,0.06306320428848267,0.79296875,2,3
14,2085,0.009955763816833496,0.009955763816833496,0.9453125,1,2
14,2086,0.008946418762207031,0.008946418762207031,0.94140625,1,3
14,2087,0.05133068561553955,0.05133068561553955,0.8203125,1,4
14,2088,0.11022436618804932,0.11022436618804932,0.7109375,1,3
14,2089,0.09086358547210693,0.09086358547210693,0.7109375,1,1
14,2090,0.09694188833236694,0.09694188833236694,0.71875,1,1
14,2091,0.08042919635772705,0.08042919635772705,0.77734375,1,3
14,2092,0.07260602712631226,0.07260602712631226,0.78125,2,3
14,2093,0.12621114403009417,0.14171075820922852,0.65625,1,2
14,2094,0.00840616226196289,0.00840616226196289,0.9453125,1,1
14,2095,0.09853142336942257,0.10943186283111572,0.66015625,1,1
14,2096,0.042356252670288086,0.042356252670288086,0.8515625,1,2
14,2097,0.07035458087921143,0.07035458087921143,0.77734375,1,1
14,2098,0.09726778347976507,0.10142791271209717,0.68359375,1,2
14,2099,0.11473002796992661,0.12086784839630127,0.6796875,1,1
14,2100,0.006340622901916504,0.006340622901916504,0.9375,1,1
14,2101,0.12243268755264582,0.1645289659500122,0.59765625,1,3
14,2102,0.11444660462439062,0.15584218502044678,0.59375,2,2
14,2103,0.027631282806396484,0.027631282806396484,0.875,1,1
14,2104,0.031680879299528904,0.22845929861068726,0.35546875,1,3
14,2105,0.030951223801821477,0.240106463432312,0.3515625,1,2
14,2106,0.11815268034115435,0.12074685096740723,0.69140625,1,3
14,2107,0.09922084771096708,0.1776261329650879,0.5234375,1,3
14,2108,2.300739288330078e-05,2.300739288330078e-05,0.9921875,2,3
14,2109,0.11645821062847973,0.1416308879852295,0.62890625,1,2
14,2110,0.05789579718839378,0.18411582708358765,0.42578125,1,1
14,1998,0.1221453007310629,0.13138318061828613,0.671875,1,2
14,1996,0.12071485165506603,0.1298445463180542,0.671875,1,2
14,2111,0.032740116119384766,0.032740116119384766,0.86328125,1,2
14,2112,0.07081758975982666,0.07081758975982666,0.78515625,2,3
14,2113,0.0959513222333044,0.11015039682388306,0.6484375,2,3
14,2114,0.09265948366373779,0.19285225868225098,0.4921875,2,4
14,2115,0.05339016322977842,0.1938706636428833,0.41015625,1,2
14,2116,0.005188465118408203,0.005188465118408203,0.94921875,1,1
14,2117,0.00830298662185669,0.00830298662185669,0.93359375,1,1
14,2118,0.03450101613998413,0.03450101613998413,0.859375,1,3
14,2119,0.011589288711547852,0.011589288711547852,0.91796875,1,1
14,2120,0.05972123146057129,0.05972123146057129,0.796875,2,3
14,2121,0.034220218658447266,0.034220218658447266,0.859375,1,1
14,2122,0.12114082300104202,0.14390742778778076,0.63671875,1,2
14,2123,0.0527114411816001,0.13769519329071045,0.453125,2,4
14,2124,0.003451108932495117,0.003451108932495117,0.95703125,2,3
14,2125,0.09560711681842805,0.11767029762268066,0.625,1,1
14,2126,0.10927798855118455,0.18588149547576904,0.53515625,1,3
14,2127,0.09701347351074219,0.09701347351074219,0.703125,1,1
14,2128,0.1232693415367976,0.1656532883644104,0.59765625,1,2
14,2129,0.10970264673233032,0.10970264673233032,0.7265625,1,2
14,2130,0.013426661491394043,0.013426661491394043,0.9140625,1,3
14,2131,0.052124738693237305,0.052124738693237305,0.81640625,1,1
14,2132,0.12263560749124737,0.13053935766220093,0.67578125,1,2
14,2133,0.06497836112976074,0.06497836112976074,0.8046875,1,2
14,2134,0.1295239655300975,0.16746532917022705,0.609375,1,2
14,2135,0.0,0.35616952180862427,0.1328125,2,2
14,2136,0.07213655300438405,0.17099034786224365,0.46875,1,2
14,2137,0.08291876083239914,0.14589142799377441,0.52734375,1,1
14,2138,0.045069873332977295,0.045069873332977295,0.8671875,1,2
14,2139,0.02163112163543701,0.02163112163543701,0.91015625,1,1
14,2140,0.1206304553197697,0.14670497179031372,0.62890625,1,2
14,2141,0.030400574207305908,0.030400574207305908,0.86328125,2,3
14,2142,0.12714473111554983,0.18285983800888062,0.578125,1,3
14,2143,0.03084045648574829,0.03084045648574829,0.875,1,1
14,2144,0.03281813859939575,0.03281813859939575,0.890625,1,1
14,2145,0.1102294921875,0.1102294921875,0.70703125,2,5
14,2146,0.025455832481384277,0.025455832481384277,0.875,2,3
14,2147,0.03872478008270264,0.03872478008270264,0.83984375,1,2
14,2148,0.003129124641418457,0.003129124641418457,0.95703125,1,1
14,2149,0.10357362031936646,0.10357362031936646,0.71875,1,2
14,2150,0.08465605974197388,0.08465605974197388,0.76953125,1,2
14,2151,0.03269398212432861,0.03269398212432861,0.875,1,1
14,2152,0.02740579843521118,0.02740579843521118,0.890625,1,1
14,2153,0.10741345630958678,0.1827099323272705,0.53515625,1,2
14,2154,0.04622936248779297,0.04622936248779297,0.87890625,1,3
14,2155,0.12915441370569172,0.15522783994674683,0.6328125,2,5
14,2156,0.1187158264219761,0.14611178636550903,0.625,1,2
14,2157,0.05604219436645508,0.05604219436645508,0.83984375,1,2
14,2158,0.028177320957183838,0.028177320957183838,0.88671875,1,1
14,2159,0.04881522548384966,0.2251657247543335,0.38671875,2,4
14,2160,0.11476582288742065,0.11476582288742065,0.7109375,1,2
14,2161,0.0670585036277771,0.0670585036277771,0.7734375,1,2
14,2162,0.09350019693374634,0.09350019693374634,0.75,1,2
14,2163,0.05229604756459595,0.23082393407821655,0.390625,1,2
14,2164,0.12293035699985923,0.1569584608078003,0.61328125,2,4
14,2165,0.006232082843780518,0.006232082843780518,0.9375,1,3
14,2166,0.017162084579467773,0.017162084579467773,0.90234375,1,2
14,2167,0.12447908264584841,0.1569785475730896,0.6171875,1,3
14,2168,0.03389914240688086,0.22837316989898682,0.359375,1,2
14,2169,0.04926776885986328,0.04926776885986328,0.82421875,2,3
14,2170,0.123626746237278,0.15215599536895752,0.625,1,2
14,2171,0.09677659301087262,0.10301375389099121,0.67578125,1,1
14,2172,0.021361835650168366,0.2667624354362488,0.33203125,2,3
14,2173,0.029576897621154785,0.029576897621154785,0.84765625,1,0
14,2174,0.12249120126944037,0.1489679217338562,0.62890625,1,2
14,2175,0.044562339782714844,0.044562339782714844,0.8515625,1,1
14,2176,0.024456501007080078,0.024456501007080078,0.89453125,1,1
14,2177,0.008205831050872803,0.008205831050872803,0.9453125,1,2
14,2178,0.049419283866882324,0.049419283866882324,0.83984375,1,1
14,2179,0.06378638744354248,0.06378638744354248,0.8046875,1,2
14,2180,0.11634671688079834,0.11634671688079834,0.703125,1,2
14,2181,0.05376935005187988,0.05376935005187988,0.86328125,3,5
14,2182,0.01378101110458374,0.01378101110458374,0.92578125,3,6
14,2183,0.014392733573913574,0.014392733573913574,0.91015625,1,2
14,2184,0.0984455798752606,0.18262368440628052,0.515625,1,3
14,2185,0.0009949207305908203,0.0009949207305908203,0.98046875,2,2
14,2186,0.12172493431717159,0.13818883895874023,0.65234375,1,2
14,2187,0.0411374568939209,0.0411374568939209,0.8671875,1,2
14,2188,0.009029030799865723,0.009029030799865723,0.94140625,1,2
14,2189,0.11708133015781642,0.17325329780578613,0.5703125,1,2
14,2190,0.008835792541503906,0.008835792541503906,0.93359375,2,4
14,2191,0.12699294288177046,0.1410420536994934,0.66015625,1,2
14,2192,0.12678122660145166,0.14719271659851074,0.64453125,1,3
14,2193,0.12445846665650608,0.14129209518432617,0.65234375,1,2
14,2194,0.12884012714494023,0.15305370092391968,0.63671875,1,3
15,2084,0.06466847658157349,0.06466847658157349,0.80078125,2,3
15,2078,0.009787321090698242,0.009787321090698242,0.92578125,1,0
15,2195,0.0098114013671875,0.0098114013671875,0.92578125,2,3
15,2196,0.012144386768341064,0.012144386768341064,0.890625,3,6
15,2197,0.009787321090698242,0.009787321090698242,0.92578125,1,0
15,2198,0.046286702156066895,0.046286702156066895,0.84765625,1,2
15,2199,0.009787321090698242,0.009787321090698242,0.92578125,2,1
15,2200,0.00978708267211914,0.00978708267211914,0.92578125,3,4
15,2201,0.004307389259338379,0.004307389259338379,0.953125,2,2
15,2202,0.009481310844421387,0.009481310844421387,0.92578125,2,3
15,2203,0.02573305368423462,0.02573305368423462,0.88671875,2,3
15,2204,0.022583305835723877,0.022583305835723877,0.875,2,3
15,2205,0.009507358074188232,0.009507358074188232,0.9140625,3,5
15,2099,0.09842965146526696,0.12261795997619629,0.62109375,1,1
15,2102,0.09161105460952969,0.16118508577346802,0.52734375,2,2
15,2206,0.01717078685760498,0.01717078685760498,0.89453125,1,0
15,2207,0.025392889976501465,0.025392889976501465,0.8671875,1,1
15,2208,0.01942622661590576,0.01942622661590576,0.890625,1,0
15,2209,0.10245538456365468,0.13246756792068481,0.609375,1,1
15,2210,0.05951189994812012,0.05951189994812012,0.82421875,1,2
15,2211,0.013210535049438477,0.013210535049438477,0.91015625,1,2
15,2212,0.002942323684692383,0.002942323684692383,0.94921875,2,1
15,2213,0.0,0.3875439763069153,0.078125,2,1
15,2214,0.0528938553761691,0.22381532192230225,0.39453125,1,2
15,2215,0.09644765406847002,0.1082921028137207,0.65625,1,1
15,2216,0.02455925941467285,0.02455925941467285,0.88671875,1,2
15,2217,0.0033943653106689453,0.0033943653106689453,0.94140625,1,2
15,2218,0.007976889610290527,0.007976889610290527,0.92578125,1,1
15,2219,0.09818354435265066,0.14528894424438477,0.5703125,1,1
15,2220,0.02132812491618098,0.2141176462173462,0.33984375,1,2
15,2221,0.06012816354632378,0.1749182939529419,0.4375,1,2
15,2222,0.0032396912574768066,0.0032396912574768066,0.94921875,1,1
15,2223,0.003267824649810791,0.003267824649810791,0.94921875,1,0
15,2224,0.0042427778244018555,0.0042427778244018555,0.953125,1,1
15,2225,0.012208998203277588,0.012208998203277588,0.90625,1,2
15,2226,0.0020712614059448242,0.0020712614059448242,0.97265625,1,1
15,2227,0.06864537857472898,0.1996956467628479,0.4375,2,2
15,2228,0.037291526794433594,0.037291526794433594,0.82421875,1,1
15,2229,0.08029271895065905,0.15750908851623535,0.50390625,2,2
15,2230,0.0834928380791098,0.14690148830413818,0.52734375,1,1
15,2231,0.03524848236702383,0.14323192834854126,0.3984375,1,1
15,2232,0.04565024375915527,0.04565024375915527,0.7890625,1,0
15,2233,0.011684596538543701,0.011684596538543701,0.9140625,1,1
15,2234,0.023861169815063477,0.023861169815063477,0.8671875,1,2
15,2235,0.01890552043914795,0.01890552043914795,0.89453125,1,1
15,2236,0.0014910697937011719,0.0014910697937011719,0.96484375,1,1
15,2237,0.0010776519775390625,0.0010776519775390625,0.96875,1,0
15,2238,0.08535088389180602,0.16428440809249878,0.5078125,2,2
15,2239,0.0004990100860595703,0.0004990100860595703,0.98046875,1,1
15,2240,0.09617554955184461,0.1402902603149414,0.57421875,1,1
15,2241,0.0746504708658904,0.19015443325042725,0.45703125,1,2
15,2242,0.020170927047729492,0.020170927047729492,0.90234375,1,3
15,2243,0.09538623201660813,0.10048919916152954,0.6796875,1,1
15,2244,0.0,0.2286626100540161,0.2109375,2,0
15,2245,0.01819479465484619,0.01819479465484619,0.90625,2,3
15,2246,2.1457672119140625e-06,2.1457672119140625e-06,1.0,3,3
15,2247,0.040978074073791504,0.040978074073791504,0.8125,1,1
15,2248,0.08717513084411621,0.08717513084411621,0.72265625,1,1
15,2249,0.01737302541732788,0.01737302541732788,0.890625,1,3
15,2250,0.05859375,0.05859375,0.796875,1,1
15,2009,0.10618118941783906,0.16179990768432617,0.5625,1,3
15,1985,0.10586697794497014,0.15665864944458008,0.5703125,1,2
15,2251,0.09545325161889197,0.19866693019866943,0.4921875,2,4
15,2252,0.09811917564366014,0.17877942323684692,0.51953125,1,3
15,2253,0.09909662557765843,0.16056162118911743,0.546875,2,6
15,2254,0.009690642356872559,0.009690642356872559,0.90625,1,1
15,2255,0.0972223710268736,0.16816842555999756,0.53125,1,3
15,2256,0.0979397725313902,0.13336479663848877,0.59375,1,2
15,2257,0.0009508132934570312,0.0009508132934570312,0.9765625,2,2
15,2258,0.09823787584900857,0.16992497444152832,0.53125,1,2
15,2259,0.013623595237731934,0.013623595237731934,0.9140625,1,1
15,2260,0.032623350620269775,0.032623350620269775,0.8671875,2,4
15,2261,0.09848416736349465,0.1763073205947876,0.5234375,2,3
15,2262,0.0922268331050873,0.18445366621017456,0.5,2,5
15,2263,0.024337947368621826,0.024337947368621826,0.8828125,1,2
15,2264,0.009590387344360352,0.009590387344360352,0.9140625,1,1
15,2265,0.013566672801971436,0.013566672801971436,0.921875,1,2
15,2266,0.05370187759399414,0.05370187759399414,0.8046875,1,4
15,2267,0.10090791014954449,0.15608716011047363,0.55859375,1,2
15,2268,0.07325981638859959,0.15563911199569702,0.48828125,1,1
15,2269,0.044205665588378906,0.044205665588378906,0.81640625,1,3
15,2270,0.021216511726379395,0.021216511726379395,0.91796875,1,2
15,2271,0.04978001117706299,0.04978001117706299,0.83984375,1,1
15,2272,0.009971857070922852,0.009971857070922852,0.953125,2,3
15,2273,0.09515614435076715,0.16459441184997559,0.53125,1,2
15,2274,0.03592156479135157,0.20210814476013184,0.37109375,1,2
15,2275,0.09471285343170166,0.09471285343170166,0.72265625,2,3
15,2276,0.05177474021911621,0.05177474021911621,0.83984375,1,2
15,2277,0.09858095995150508,0.18624889850616455,0.51171875,1,2
15,2278,0.0586259262636304,0.18082213401794434,0.4296875,1,3
15,2279,0.00922459363937378,0.00922459363937378,0.9453125,1,1
15,2280,0.013431906700134277,0.013431906700134277,0.89453125,1,2
15,2281,0.10952455701772125,0.1301080584526062,0.63671875,1,2
15,2282,0.08776711975224318,0.08969414234161377,0.69140625,1,1
15,2283,0.10208871820941569,0.170815110206604,0.5390625,2,3
15,2284,0.04420149326324463,0.04420149326324463,0.85546875,1,1
15,2285,0.10720513458363713,0.10955893993377686,0.69140625,2,5
15,2286,0.10536855692043902,0.1397634744644165,0.6015625,1,2
15,2287,0.1029112458927557,0.15011554956436157,0.57421875,1,2
15,2288,0.047602176666259766,0.047602176666259766,0.83984375,1,1
15,2289,0.09559098770841958,0.12517285346984863,0.60546875,1,1
15,2290,0.026994049549102783,0.026994049549102783,0.89453125,1,2
15,2291,0.08261227607727051,0.08261227607727051,0.75390625,2,3
15,2292,0.03994929790496826,0.03994929790496826,0.8046875,2,3
15,2293,0.03640413284301758,0.03640413284301758,0.84375,1,1
15,2294,0.01400291919708252,0.01400291919708252,0.91796875,2,4
15,2295,0.10476925503462554,0.12163686752319336,0.64453125,1,2
15,2296,0.09831300331279637,0.14548051357269287,0.5703125,1,3
15,2297,0.010788321495056152,0.010788321495056152,0.91015625,1,3
15,2298,0.019379615783691406,0.019379615783691406,0.91015625,2,4
15,2299,0.11230465769767763,0.1529254913330078,0.59375,1,3
15,2300,0.09886541776359083,0.1601870059967041,0.546875,1,2
15,2301,0.0898557440377772,0.14558905363082886,0.546875,1,1
15,2302,0.09467161633074285,0.17249774932861328,0.51953125,1,2
15,2303,0.09775436634663494,0.1662798523902893,0.53515625,1,3
15,2304,0.06246650218963623,0.06246650218963623,0.796875,1,2
15,2305,0.10078134341165425,0.1491330862045288,0.5703125,1,2
15,2306,0.0560127632925287,0.23701268434524536,0.39453125,2,4
15,2307,0.03973066806793213,0.03973066806793213,0.85546875,1,2
15,2308,0.08091887691989542,0.18332064151763916,0.4765625,1,1
15,2309,0.00012737512588500977,0.00012737512588500977,0.984375,2,3
15,2310,0.009311497211456299,0.009311497211456299,0.90625,1,2
15,2311,0.08887326717376709,0.08887326717376709,0.734375,1,1
15,2312,0.08306055329740049,0.19688427448272705,0.46875,2,5
15,2313,0.10135330725461246,0.12781500816345215,0.6171875,1,1
15,2314,0.10514771845191719,0.10639452934265137,0.6953125,1,2
15,2315,0.023720860481262207,0.023720860481262207,0.875,1,2
15,2316,0.10324462526477875,0.16467678546905518,0.55078125,2,3
15,2317,0.09827726590447129,0.1475600004196167,0.56640625,1,2
15,2318,0.11521012044977398,0.12263530492782593,0.67578125,1,2
15,2319,0.0933081686962396,0.15361344814300537,0.54296875,1,1
15,2320,0.10675799986347558,0.12831008434295654,0.6328125,1,2
15,2321,0.046224236488342285,0.046224236488342285,0.75,2,3
15,2322,0.09180867671966553,0.09180867671966553,0.703125,1,2
15,2323,0.0939998645335436,0.19564199447631836,0.4921875,1,2
15,2324,0.04578310251235962,0.04578310251235962,0.84375,1,1
15,2325,0.06697452068328857,0.06697452068328857,0.8046875,1,3
15,2326,0.08708018064498901,0.08708018064498901,0.7421875,1,2
15,2327,0.09931414271704854,0.16617268323898315,0.5390625,1,2
15,2328,0.10103954374790193,0.1637096405029297,0.546875,1,2
15,2329,0.001362144947052002,0.001362144947052002,0.96484375,1,2
15,2330,0.09709824644960464,0.1457897424697876,0.56640625,1,2
15,2331,0.06636756658554077,0.06636756658554077,0.76953125,2,3
15,2332,0.08644155063666405,0.18364346027374268,0.48828125,1,2
15,2333,0.050363361835479736,0.050363361835479736,0.8359375,1,1
15,2334,0.08310947567224504,0.11626243591308594,0.5859375,3,5
15,2335,0.09730866970494391,0.162817120552063,0.5390625,1,2
15,2336,0.004769861698150635,0.004769861698150635,0.94140625,2,4
15,2337,0.09137588739395142,0.09137588739395142,0.71484375,1,2
15,2338,0.09707853198051454,0.14792919158935547,0.5625,1,2
16,2247,0.044225096702575684,0.044225096702575684,0.81640625,1,1
16,2339,0.043537676334381104,0.043537676334381104,0.8203125,1,1
16,2340,0.04536843299865723,0.04536843299865723,0.8125,1,2
16,2341,0.03962963819503784,0.03962963819503784,0.84375,1,2
16,2342,0.0480198860168457,0.0480198860168457,0.8046875,1,0
16,2343,0.010816037654876709,0.010816037654876709,0.921875,1,1
16,2344,0.0480198860168457,0.0480198860168457,0.8046875,1,1
16,2345,0.044225096702575684,0.044225096702575684,0.81640625,1,1
16,2346,0.04645669460296631,0.04645669460296631,0.80078125,1,1
16,2347,0.045365095138549805,0.045365095138549805,0.8046875,1,2
16,2348,0.0480198860168457,0.0480198860168457,0.8046875,1,0
16,2349,0.0480198860168457,0.0480198860168457,0.8046875,1,0
16,2350,0.0480198860168457,0.0480198860168457,0.8046875,1,0
16,2351,0.0480198860168457,0.0480198860168457,0.8046875,1,0
16,2352,0.0480198860168457,0.0480198860168457,0.8046875,1,0
16,2353,0.0480198860168457,0.0480198860168457,0.8046875,1,0
16,2354,0.0035681724548339844,0.0035681724548339844,0.953125,1,1
16,2355,0.0480198860168457,0.0480198860168457,0.8046875,1,0
16,2356,0.04261589050292969,0.04261589050292969,0.828125,1,2
16,2084,0.07108020782470703,0.07108020782470703,0.765625,2,3
16,2198,0.04981529712677002,0.04981529712677002,0.828125,1,2
16,2357,0.05307579040527344,0.05307579040527344,0.81640625,2,2
16,2358,4.38690185546875e-05,4.38690185546875e-05,0.9921875,2,2
16,2359,0.045340895652770996,0.045340895652770996,0.8359375,2,3
16,2360,0.110571401193738,0.1283731460571289,0.64453125,2,4
16,2361,0.03274279832839966,0.03274279832839966,0.85546875,1,2
16,2362,0.01408088207244873,0.01408088207244873,0.90625,2,3
16,2363,0.07212579250335693,0.07212579250335693,0.78125,1,2
16,2364,4.8220157623291016e-05,4.8220157623291016e-05,0.9921875,2,2
16,2365,0.043812692165374756,0.043812692165374756,0.8359375,2,2
16,2366,0.007955431938171387,0.007955431938171387,0.92578125,2,4
16,2367,0.05381762981414795,0.05381762981414795,0.8046875,2,3
16,2368,0.10033614607527853,0.10152590274810791,0.6953125,3,4
16,2369,0.021285176277160645,0.021285176277160645,0.8984375,2,3
16,2370,0.07893979549407959,0.07893979549407959,0.77734375,3,6
16,2099,0.1143626137636602,0.12301188707351685,0.671875,1,1
16,2215,0.10694454261101784,0.10929262638092041,0.69140625,1,1
16,2371,0.057027006521821036,0.2228841781616211,0.40234375,1,1
16,2372,0.04722583293914795,0.04722583293914795,0.84765625,1,1
16,2373,0.06484274193644525,0.08600902557373047,0.6015625,2,3
16,2374,0.07790029048919678,0.07790029048919678,0.77734375,1,1
16,2375,0.1193953473120928,0.15056753158569336,0.6171875,1,1
16,2376,0.07388997077941895,0.07388997077941895,0.78515625,3,3
16,2377,0.0872642614413053,0.09691822528839111,0.66015625,1,1
16,2378,0.05930227041244507,0.05930227041244507,0.74609375,1,0
16,2379,0.05380523204803467,0.05380523204803467,0.8515625,1,1
16,2380,0.09151863493025304,0.16675281524658203,0.51953125,2,2
16,2381,0.03309166431427002,0.03309166431427002,0.87890625,1,1
16,2382,0.07862940221093596,0.1603914499282837,0.49609375,1,2
16,2383,0.06196331977844238,0.06196331977844238,0.703125,1,1
16,2384,0.053265154361724854,0.053265154361724854,0.8515625,1,1
16,2385,0.07208793610334398,0.20971035957336426,0.4375,2,2
16,2386,0.06007866561412812,0.09154844284057617,0.5625,1,1
16,2387,0.01356351375579834,0.01356351375579834,0.9140625,2,3
16,2388,0.05356854200363159,0.05356854200363159,0.75390625,1,1
16,2389,0.009782671928405762,0.009782671928405762,0.9296875,1,1
16,2390,0.11526956455782057,0.16348481178283691,0.58203125,1,1
16,2391,0.08339595794677734,0.08339595794677734,0.75390625,2,2
16,2392,0.053666669526137425,0.2270854115486145,0.39453125,1,1
16,2393,0.027660608291625977,0.027660608291625977,0.859375,1,1
16,2394,0.020383179187774658,0.020383179187774658,0.875,1,0
16,2395,0.054132699966430664,0.054132699966430664,0.83984375,1,2
16,2396,0.01609039306640625,0.01609039306640625,0.88671875,2,2
16,2397,0.014860868453979492,0.014860868453979492,0.90234375,1,0
16,2398,0.11600363580510022,0.12745463848114014,0.6640625,1,1
16,2399,0.045660972595214844,0.045660972595214844,0.8125,2,1
16,2400,0.04809683561325073,0.04809683561325073,0.8046875,1,0
16,2401,0.0958390422165394,0.21712207794189453,0.4765625,1,2
16,2402,0.12105766125023366,0.12496274709701538,0.6875,2,2
16,2403,0.028128385543823242,0.028128385543823242,0.859375,1,0
16,2318,0.11417324328795077,0.12411189079284668,0.66796875,1,2
16,2299,0.13028774037957194,0.1529984474182129,0.640625,1,3
16,2404,0.015129804611206055,0.015129804611206055,0.8984375,1,1
16,2405,0.12494343600701542,0.1484246850013733,0.63671875,1,2
16,2406,0.008864164352416992,0.008864164352416992,0.921875,2,4
16,2407,0.0027322769165039062,0.0027322769165039062,0.953125,1,1
16,2408,0.06508159637451172,0.06508159637451172,0.80859375,1,2
16,2409,0.01398766040802002,0.01398766040802002,0.94140625,2,3
16,2410,0.018890380859375,0.018890380859375,0.9296875,2,4
16,2411,0.12975341256242248,0.15413862466812134,0.63671875,2,3
16,2412,0.004791378974914551,0.004791378974914551,0.94921875,1,1
16,2413,0.047867417335510254,0.047867417335510254,0.82421875,2,5
16,2414,0.010538320289924748,0.2569342851638794,0.31640625,2,4
16,2415,0.10561223654076458,0.12402170896530151,0.640625,2,2
16,2416,0.08091968297958374,0.08091968297958374,0.78515625,1,2
16,2417,0.07239866256713867,0.07239866256713867,0.7734375,1,1
16,2418,0.029176831245422363,0.029176831245422363,0.890625,2,3
16,2419,0.11521408148109914,0.14352703094482422,0.62109375,1,3
16,2420,0.0017724037170410156,0.0017724037170410156,0.953125,1,1
16,2421,0.09810995112638922,0.0983019471168518,0.69921875,1,1
16,2422,0.13037736341357234,0.19867026805877686,0.5625,1,3
16,2423,0.06991684436798096,0.06991684436798096,0.80859375,1,2
16,2424,0.03834700584411621,0.03834700584411621,0.859375,2,5
16,2425,0.14039397542364898,0.16677892208099365,0.63671875,3,7
16,2426,0.12569340527988973,0.15850991010665894,0.6171875,1,2
16,2427,0.11030361161101611,0.11990541219711304,0.66796875,1,2
16,2428,0.1263554650358856,0.1698005199432373,0.59765625,1,3
16,2429,0.016980230808258057,0.016980230808258057,0.8984375,1,2
16,2430,0.12629314523655924,0.1466260552406311,0.64453125,1,2
16,2431,0.10450184345245361,0.10450184345245361,0.73046875,1,3
16,2432,0.09737073350697757,0.1258934736251831,0.609375,1,2
16,2433,0.0231400728225708,0.0231400728225708,0.890625,1,1
16,2434,0.005293667316436768,0.005293667316436768,0.9609375,2,3
16,2435,0.13298236182890835,0.18602997064590454,0.5859375,2,6
16,2436,0.059760093688964844,0.059760093688964844,0.83203125,1,1
16,2437,0.04171842336654663,0.04171842336654663,0.8125,2,4
16,2438,0.1017654538154602,0.1017654538154602,0.7578125,3,6
16,2439,0.0970356222242117,0.14786380529403687,0.5625,1,1
16,2440,0.02999776601791382,0.02999776601791382,0.875,2,2
16,2441,0.0,0.3154447078704834,0.2265625,1,2
16,2442,0.010994672775268555,0.010994672775268555,0.92578125,1,1
16,2443,0.047662556171417236,0.047662556171417236,0.828125,2,5
16,2444,0.1168669629842043,0.1284031867980957,0.6640625,1,2
16,2445,0.052141785621643066,0.052141785621643066,0.84375,2,5
16,2446,0.11280892789363862,0.14226150512695312,0.6171875,1,2
16,2447,0.11140180309303108,0.21442753076553345,0.5078125,1,3
16,2448,0.019616348203271634,0.2789880633354187,0.328125,1,2
16,2449,0.02009272575378418,0.02009272575378418,0.9140625,1,1
16,2450,0.00879216194152832,0.00879216194152832,0.9296875,1,2
16,2451,0.13161778484936806,0.17687219381332397,0.59765625,3,6
16,2452,0.0017681121826171875,0.0017681121826171875,0.953125,1,2
16,2453,0.0926828384399414,0.0926828384399414,0.75,1,1
16,2454,0.11270022392272949,0.11270022392272949,0.73046875,2,2
16,2455,0.0007570981979370117,0.0007570981979370117,0.984375,1,2
16,2456,0.010454776813276119,0.25489741563796997,0.31640625,1,2
16,2457,0.10566214949358256,0.12850123643875122,0.62890625,3,3
16,2458,0.006536543369293213,0.006536543369293213,0.953125,2,3
16,2459,0.1272392710670829,0.17799592018127441,0.5859375,1,2
16,2460,0.06864798069000244,0.06864798069000244,0.7734375,1,1
16,2461,0.12395377806387843,0.1347438097000122,0.66796875,1,2
16,2462,0.07696894404944034,0.16351908445358276,0.48828125,1,1
16,2463,0.07331711053848267,0.07331711053848267,0.78515625,2,2
16,2464,0.011829137802124023,0.011829137802124023,0.92578125,1,2
16,2465,0.06259266764391215,0.18741196393966675,0.43359375,2,4
16,2466,0.11113049718551339,0.22668850421905518,0.49609375,3,6
16,2467,0.12776594422757628,0.17632389068603516,0.58984375,2,3
16,2468,0.06401944789104165,0.2035897970199585,0.42578125,2,4
16,2469,0.015901684761047363,0.015901684761047363,0.8984375,1,2
16,2470,0.09167724265716971,0.2335261106491089,0.45703125,3,5
16,2471,0.12622597720474008,0.20780611038208008,0.54296875,2,4
16,2472,0.10233912756666542,0.21299850940704346,0.4921875,1,2
16,2473,0.06264078617095947,0.06264078617095947,0.8203125,1,3
16,2474,0.011597990989685059,0.011597990989685059,0.94921875,2,3
16,2475,0.09882956743240356,0.09882956743240356,0.7265625,1,2
16,2476,0.06374931335449219,0.06374931335449219,0.82421875,2,3
16,2477,0.011350393295288086,0.011350393295288086,0.92578125,1,3
16,2478,0.010245680809020996,0.010245680809020996,0.90625,1,3
16,2479,0.11365687847137451,0.11365687847137451,0.71484375,1,2
16,2480,0.0759870088659227,0.1843855381011963,0.46484375,2,4
16,2481,0.008418917655944824,0.008418917655944824,0.92578125,1,1
17,2355,0.04837590456008911,0.04837590456008911,0.75390625,1,0
17,2353,0.04837590456008911,0.04837590456008911,0.75390625,1,0
17,2482,0.04837590456008911,0.04837590456008911,0.75390625,1,0
17,2483,0.04837590456008911,0.04837590456008911,0.75390625,1,1
17,2484,0.04837590456008911,0.04837590456008911,0.75390625,1,0
17,2485,0.0016393661499023438,0.0016393661499023438,0.96484375,1,0
17,2486,0.010686635971069336,0.010686635971069336,0.9140625,1,0
17,2487,0.04837590456008911,0.04837590456008911,0.75390625,1,0
17,2488,0.04837590456008911,0.04837590456008911,0.75390625,1,1
17,2489,0.04837590456008911,0.04837590456008911,0.75390625,1,0
17,2490,0.04837590456008911,0.04837590456008911,0.75390625,1,1
17,2491,0.04837590456008911,0.04837590456008911,0.75390625,1,0
17,2492,0.04837590456008911,0.04837590456008911,0.75390625,1,0
17,2493,0.04837590456008911,0.04837590456008911,0.75390625,1,0
17,2494,0.04837590456008911,0.04837590456008911,0.75390625,1,0
17,2495,0.04837590456008911,0.04837590456008911,0.75390625,1,0
17,2496,0.0,0.40791118144989014,0.0859375,1,0
17,2497,0.04837590456008911,0.04837590456008911,0.75390625,1,0
17,2498,0.04837590456008911,0.04837590456008911,0.75390625,1,0
17,2499,0.04837590456008911,0.04837590456008911,0.75390625,1,1
17,2500,0.0,0.33270561695098877,0.140625,1,0
17,2501,0.009356796741485596,0.009356796741485596,0.92578125,1,0
17,2502,0.04837590456008911,0.04837590456008911,0.75390625,1,0
17,2402,0.11714281328022481,0.1360025405883789,0.64453125,2,2
17,2375,0.11372450646013023,0.16355884075164795,0.578125,1,1
17,2503,0.09916008356958629,0.22464585304260254,0.4765625,1,2
17,2504,0.11681581661105157,0.15906834602355957,0.59375,1,1
17,2505,0.08020625961944462,0.24014973640441895,0.43359375,1,2
17,2506,0.10970127582550049,0.10970127582550049,0.71484375,2,2
17,2507,0.032758474349975586,0.032758474349975586,0.8125,1,0
17,2508,0.0003873611567542012,0.1983289122581482,0.30078125,1,2
17,2509,0.0003961324691772461,0.0003961324691772461,0.9765625,2,1
17,2510,0.11397758591920139,0.15520352125167847,0.59375,1,1
17,2511,0.10285277059301735,0.16405177116394043,0.55078125,1,1
17,2512,0.030559659004211426,0.030559659004211426,0.83984375,1,2
17,2513,0.010307669639587402,0.010307669639587402,0.921875,2,2
17,2514,0.05997849907726051,0.22580140829086304,0.40625,2,3
17,2515,0.009841680526733398,0.009841680526733398,0.921875,1,2
17,2516,0.038763582706451416,0.038763582706451416,0.78515625,1,0
17,2517,0.10173535346984863,0.10173535346984863,0.7421875,1,1
17,2518,0.09727540030144156,0.17414337396621704,0.5234375,2,2
17,2519,0.07377633405849339,0.22755110263824463,0.4296875,1,1
17,2520,0.006735563278198242,0.006735563278198242,0.9296875,2,1
17,2521,0.028123140335083008,0.028123140335083008,0.84375,1,0
17,2522,0.05277824401855469,0.05277824401855469,0.8515625,2,2
17,2523,0.11797535000368954,0.1564854383468628,0.6015625,1,1
17,2524,0.11069602658972146,0.14682996273040771,0.6015625,1,1
17,2525,0.0,0.307364284992218,0.296875,2,3
17,2526,0.038567185401916504,0.038567185401916504,0.8828125,2,3
17,2527,0.023969534784555446,0.26679134368896484,0.3359375,1,1
17,2528,0.07587075233459473,0.07587075233459473,0.7890625,2,2
17,2529,0.11547785194125028,0.12553006410598755,0.66796875,1,2
17,2530,0.03795182704925537,0.03795182704925537,0.88671875,1,1
17,2531,0.07627229508943857,0.2157536745071411,0.44140625,1,1
17,2532,0.11458683386445047,0.14450359344482422,0.6171875,1,1
17,2533,0.04849058389663696,0.04849058389663696,0.734375,1,1
17,2534,0.09882540267426522,0.17387837171554565,0.52734375,2,3
17,2535,0.1063764556311071,0.17798936367034912,0.5390625,2,2
17,2536,0.017355740070343018,0.017355740070343018,0.87109375,2,2
17,2537,0.10652966669294985,0.13270848989486694,0.62109375,1,2
17,2538,0.06825312227010728,0.08502578735351562,0.62109375,2,2
17,2539,0.04304468631744385,0.04304468631744385,0.8359375,2,2
17,2540,0.028552591800689697,0.028552591800689697,0.83984375,1,1
17,2451,0.1139988796785474,0.18470704555511475,0.546875,3,6
17,2419,0.09900931385345758,0.14442384243011475,0.57421875,1,3
17,2541,0.11634751851670445,0.1292189359664917,0.66015625,1,3
17,2542,0.07452023029327393,0.07452023029327393,0.765625,2,4
17,2543,0.09956947714090349,0.13038253784179688,0.60546875,2,3
17,2544,0.10772004746831956,0.2113128900527954,0.50390625,2,4
17,2545,0.02622973918914795,0.02622973918914795,0.875,1,3
17,2546,0.0791877501178533,0.15242153406143188,0.5078125,3,5
17,2547,0.00670093297958374,0.00670093297958374,0.953125,1,2
17,2548,0.1299627320840955,0.1397918462753296,0.671875,3,5
17,2549,0.10252780746668579,0.2224332094192505,0.484375,3,7
17,2550,0.0,0.2719157338142395,0.26171875,3,5
17,2551,0.006972908973693848,0.006972908973693848,0.9375,1,3
17,2552,0.019417285919189453,0.019417285919189453,0.87890625,1,2
17,2553,0.0016393661499023438,0.0016393661499023438,0.96484375,4,5
17,2554,0.002638876438140869,0.002638876438140869,0.94140625,1,0
17,2555,0.0009410381317138672,0.0009410381317138672,0.97265625,2,3
17,2556,0.031836748123168945,0.031836748123168945,0.8359375,2,4
17,2557,0.03794896602630615,0.03794896602630615,0.84765625,3,5
17,2558,0.041354358196258545,0.041354358196258545,0.875,1,2
17,2559,0.0015895366668701172,0.0015895366668701172,0.95703125,2,4
17,2560,0.00556027889251709,0.00556027889251709,0.93359375,2,2
17,2561,0.10178082296624781,0.10834050178527832,0.67578125,1,2
17,2562,0.007520496845245361,0.007520496845245361,0.93359375,1,2
17,2563,0.04950380325317383,0.04950380325317383,0.8125,1,2
17,2564,0.0806946116499603,0.18281257152557373,0.4765625,1,4
17,2565,0.0787231520516798,0.154430091381073,0.50390625,2,4
17,2566,0.10833839280530812,0.11903274059295654,0.6640625,2,2
17,2567,0.08733298885636033,0.22246015071868896,0.45703125,4,6
17,2568,0.09817509166896345,0.13368523120880127,0.59375,3,6
17,2569,0.09918833384290339,0.11921226978302002,0.6328125,1,3
17,2570,0.09947980684228243,0.11293494701385498,0.65234375,1,2
17,2571,0.02671360969543457,0.02671360969543457,0.8671875,2,2
17,2425,0.13331294304225597,0.17456835508346558,0.60546875,3,7
17,2435,0.13334926601964983,0.1945151686668396,0.57421875,2,6
17,2572,0.10171536961570384,0.12083125114440918,0.63671875,2,3
17,2573,0.014162540435791016,0.014162540435791016,0.953125,1,2
17,2574,0.04352925717830659,0.23215603828430176,0.375,1,2
17,2575,0.11531755514442922,0.1868436336517334,0.546875,1,2
17,2576,0.042378800222650184,0.23843896389007568,0.37109375,1,3
17,2577,0.0,0.26251792907714844,0.2890625,3,7
17,2578,0.010569512844085693,0.010569512844085693,0.921875,2,5
17,2579,0.056121110916137695,0.056121110916137695,0.8671875,2,5
17,2580,0.08573986415285619,0.1326248049736023,0.55859375,1,2
17,2581,0.0018478631973266602,0.0018478631973266602,0.9609375,2,2
17,2582,0.11060725525021556,0.19132065773010254,0.53125,1,2
17,2583,0.07516169548034668,0.07516169548034668,0.74609375,1,2
17,2584,0.011111795902252197,0.011111795902252197,0.92578125,2,6
17,2585,0.13291727937757972,0.14296984672546387,0.671875,3,7
17,2586,0.08918987028300764,0.21141302585601807,0.46875,1,3
17,2587,0.06915032863616943,0.06915032863616943,0.8203125,1,2
17,2588,0.11437973403371872,0.17173731327056885,0.56640625,1,3
17,2589,0.035340729868039496,0.25485146045684814,0.35546875,2,3
17,2590,0.11366206139791758,0.1657976508140564,0.57421875,3,5
17,2591,0.012981772422790527,0.012981772422790527,0.90625,1,2
17,2592,0.06113994121551514,0.06113994121551514,0.77734375,1,1
17,2593,0.11059679416939618,0.1850508451461792,0.5390625,1,2
17,2594,0.1304798859637231,0.13746029138565063,0.6796875,3,8
17,2595,0.06333321752026679,0.22997593879699707,0.41015625,2,4
17,2596,0.0,0.23350059986114502,0.26953125,2,2
17,2597,0.03003900311887265,0.20236802101135254,0.359375,2,5
17,2598,0.11706358799710873,0.20956838130950928,0.5234375,1,2
17,2599,0.032321393489837646,0.032321393489837646,0.8359375,2,2
17,2600,0.12269065342843534,0.16706812381744385,0.59375,2,3
17,2601,0.005385160446166992,0.005385160446166992,0.93359375,1,1
17,2602,0.028592228889465332,0.028592228889465332,0.8984375,1,2
17,2603,0.07869899272918701,0.07869899272918701,0.7734375,2,4
17,2604,0.08663392066955566,0.08663392066955566,0.74609375,1,2
17,2605,0.1274021825520322,0.19129008054733276,0.56640625,1,2
17,2606,0.06324481964111328,0.06324481964111328,0.82421875,1,2
17,2607,0.11604026751592757,0.1623295545578003,0.5859375,2,7
17,2608,0.03888905048370361,0.03888905048370361,0.83984375,1,1
17,2609,0.0015624761581420898,0.0015624761581420898,0.984375,3,4
17,2610,0.10817283391952515,0.10817283391952515,0.71875,2,5
17,2611,0.031040549278259277,0.031040549278259277,0.90625,3,7
17,2612,0.07779932906851174,0.13017404079437256,0.5390625,3,7
17,2613,0.007817268371582031,0.007817268371582031,0.94921875,3,8
17,2614,0.04247868061065674,0.04247868061065674,0.8828125,2,4
17,2615,0.06424212455749512,0.06424212455749512,0.79296875,1,2
17,2616,0.007176578044891357,0.007176578044891357,0.9453125,2,3
17,2617,0.022069215774536133,0.022069215774536133,0.92578125,1,1
17,2618,0.0,0.27363061904907227,0.265625,3,6
17,2619,0.11611341289244594,0.12232524156570435,0.6796875,2,4
17,2620,0.09379322198219599,0.20788800716400146,0.48046875,2,2
17,2621,0.0016193389892578125,0.0016193389892578125,0.9609375,1,1
17,2622,0.00043451786041259766,0.00043451786041259766,0.984375,1,2
17,2623,0.03445714712142944,0.03445714712142944,0.890625,4,8
18,2502,0.04603320360183716,0.04603320360183716,0.78125,1,0
18,2499,0.04603320360183716,0.04603320360183716,0.78125,1,1
18,2624,0.04603320360183716,0.04603320360183716,0.78125,1,0
18,2625,3.993511199951172e-05,3.993511199951172e-05,0.98828125,1,1
18,2626,0.04603320360183716,0.04603320360183716,0.78125,1,1
18,2627,0.0,0.3797610402107239,0.078125,1,0
18,2628,0.04603320360183716,0.04603320360183716,0.78125,1,0
18,2629,0.04603320360183716,0.04603320360183716,0.78125,1,0
18,2630,0.04603320360183716,0.04603320360183716,0.78125,1,0
18,2631,0.04603320360183716,0.04603320360183716,0.78125,1,0
18,2632,0.0,0.3672606348991394,0.10546875,2,3
18,2633,0.04603320360183716,0.04603320360183716,0.78125,1,0
18,2634,0.04603320360183716,0.04603320360183716,0.78125,1,0
18,2635,0.04603320360183716,0.04603320360183716,0.78125,1,0
18,2636,0.0,0.21470677852630615,0.29296875,1,0
18,2637,0.04603320360183716,0.04603320360183716,0.78125,1,1
18,2638,0.04603320360183716,0.04603320360183716,0.78125,1,0
18,2639,0.04603320360183716,0.04603320360183716,0.78125,1,0
18,2640,0.04603320360183716,0.04603320360183716,0.78125,1,0
18,2641,0.04603320360183716,0.04603320360183716,0.78125,1,1
18,2642,0.011324286460876465,0.011324286460876465,0.91796875,1,1
18,2643,0.009306848049163818,0.009306848049163818,0.92578125,1,0
18,2644,0.04603320360183716,0.04603320360183716,0.78125,1,0
18,2645,0.00011456012725830078,0.00011456012725830078,0.98046875,1,0
18,2646,0.022196054458618164,0.022196054458618164,0.87109375,1,0
18,2647,0.04603320360183716,0.04603320360183716,0.78125,1,1
18,2451,0.13149762060493234,0.18912017345428467,0.578125,3,6
18,2561,0.10221263207495214,0.1076807975769043,0.6796875,1,2
18,2648,0.07950830459594727,0.07950830459594727,0.73046875,1,1
18,2649,0.12636139208916577,0.1536746621131897,0.62890625,3,6
18,2650,0.08810406923294067,0.08810406923294067,0.703125,1,2
18,2651,0.08260745473671706,0.15607017278671265,0.51171875,2,3
18,2652,0.06488549709320068,0.06488549709320068,0.78515625,3,5
18,2653,0.0021344423294067383,0.0021344423294067383,0.94921875,1,2
18,2654,0.10099112614989282,0.11339354515075684,0.65625,1,2
18,2655,0.03591873357072473,0.27864229679107666,0.3515625,4,7
18,2656,0.010545909404754639,0.010545909404754639,0.92578125,1,2
18,2657,0.09992479172069581,0.23149996995925903,0.47265625,3,5
18,2658,0.040090084075927734,0.040090084075927734,0.796875,1,1
18,2659,0.042777643771842136,0.2066240906715393,0.3828125,1,3
18,2660,0.023044951260089885,0.21069669723510742,0.34375,1,3
18,2661,0.0019989013671875,0.0019989013671875,0.94921875,1,2
18,2662,0.009297430515289307,0.009297430515289307,0.921875,2,2
18,2663,0.007434725761413574,0.007434725761413574,0.94140625,1,2
18,2664,0.021758675575256348,0.021758675575256348,0.8984375,3,4
18,2665,0.07528436183929443,0.07528436183929443,0.77734375,1,3
18,2666,0.007239341735839844,0.007239341735839844,0.93359375,1,1
18,2667,0.10462135041598232,0.1090959906578064,0.68359375,1,2
18,2668,0.0629253184888512,0.17321377992630005,0.4453125,4,6
18,2669,0.10207512974739076,0.11461067199707031,0.65625,2,3
18,2670,0.09855256509035827,0.12742149829864502,0.609375,4,6
18,2671,0.005348324775695801,0.005348324775695801,0.94921875,2,3
18,2672,0.055088043212890625,0.055088043212890625,0.8125,2,4
18,2673,0.09334333345759661,0.1323872208595276,0.58203125,2,3
18,2674,0.06250864011235537,0.18716037273406982,0.43359375,1,2
18,2675,0.10067691281437875,0.12243843078613281,0.62890625,2,3
18,2676,0.0053803324699401855,0.0053803324699401855,0.94140625,3,6
18,2677,0.006539106369018555,0.006539106369018555,0.92578125,1,2
18,2402,0.1205915736500174,0.1324954628944397,0.6640625,2,2
18,2504,0.12905066646635535,0.15694522857666016,0.62890625,1,1
18,2678,0.07101677637547256,0.24904513359069824,0.4140625,1,2
18,2679,0.10414832830429077,0.10414832830429077,0.7421875,1,1
18,2680,0.004400014877319336,0.004400014877319336,0.9375,2,2
18,2681,0.07126462459564209,0.07126462459564209,0.80859375,1,2
18,2682,0.03809309005737305,0.03809309005737305,0.80078125,1,0
18,2683,0.0525713588576764,0.2665003538131714,0.37890625,1,3
18,2684,0.013566911220550537,0.013566911220550537,0.8984375,2,2
18,2685,0.11791486432775858,0.1941235065460205,0.54296875,1,1
18,2686,0.0004163980484008789,0.0004163980484008789,0.9765625,2,1
18,2687,0.10227546701207758,0.10452103614807129,0.69140625,2,4
18,2688,0.02954995632171631,0.02954995632171631,0.83203125,1,3
18,2689,0.09072598360944541,0.23110300302505493,0.45703125,1,2
18,2690,0.074180006980896,0.074180006980896,0.80859375,2,3
18,2691,0.08849489688873291,0.08849489688873291,0.7421875,2,5
18,2692,0.11123675107955933,0.11123675107955933,0.71484375,1,2
18,2693,0.0694125033915043,0.0762643814086914,0.6640625,2,1
18,2694,0.10901244776323439,0.18542981147766113,0.53515625,3,3
18,2695,0.04406827688217163,0.04406827688217163,0.82421875,1,1
18,2696,0.059622883796691895,0.059622883796691895,0.83984375,3,3
18,2697,0.09603607654571533,0.09603607654571533,0.75390625,1,1
18,2698,0.006417036056518555,0.006417036056518555,0.9375,1,2
18,2699,0.12300843931734563,0.16750085353851318,0.59375,1,3
18,2700,0.056575894355773926,0.056575894355773926,0.80078125,2,3
18,2701,0.011736810207366943,0.011736810207366943,0.8984375,1,1
18,2702,0.0,0.3896104097366333,0.07421875,2,3
18,2703,0.038188040256500244,0.038188040256500244,0.80078125,1,0
18,2704,0.12649850570596757,0.12927591800689697,0.69140625,1,3
18,2705,0.0,0.3269503116607666,0.2109375,3,4
18,2706,0.06457650661468506,0.06457650661468506,0.828125,1,2
18,2707,0.038884639739990234,0.038884639739990234,0.80078125,2,2
18,2708,0.10073953308165075,0.14907121658325195,0.5703125,2,3
18,2709,0.01556253433227539,0.01556253433227539,0.890625,1,1
18,2710,0.12318070884793998,0.14301252365112305,0.64453125,1,2
18,2711,0.03443121910095215,0.03443121910095215,0.8359375,1,3
18,2712,0.033805150771513595,0.2837415933609009,0.34765625,1,1
18,2713,0.015869438648223877,0.015869438648223877,0.890625,1,1
18,2714,0.06257067515980454,0.26476186513900757,0.39453125,2,2
18,2715,0.05110663175582886,0.05110663175582886,0.8046875,1,3
18,2716,0.09554818994365634,0.21177780628204346,0.48046875,1,1
18,2435,0.130427235737443,0.19874626398086548,0.5625,2,6
18,2425,0.13317191298119727,0.1789606809616089,0.59765625,3,7
18,2717,0.0013793706893920898,0.0013793706893920898,0.953125,2,5
18,2718,0.12641614326275888,0.13182294368743896,0.68359375,3,7
18,2719,0.0988925078418106,0.21009528636932373,0.48828125,3,6
18,2720,0.1130145788192749,0.1130145788192749,0.72265625,3,7
18,2721,0.005153238773345947,0.005153238773345947,0.96875,3,8
18,2722,0.007219374179840088,0.007219374179840088,0.921875,2,3
18,2723,0.027438819408416748,0.027438819408416748,0.8984375,3,7
18,2724,0.114061217289418,0.15129363536834717,0.6015625,2,2
18,2725,0.09852048405446114,0.20930492877960205,0.48828125,3,4
18,2726,0.010929286479949951,0.010929286479949951,0.9453125,1,2
18,2727,0.02358640916645528,0.2625269889831543,0.3359375,3,7
18,2728,0.09573007444851102,0.1396404504776001,0.57421875,1,1
18,2729,0.11851732246577741,0.17045187950134277,0.578125,2,7
18,2730,0.0704910159111023,0.0704910159111023,0.81640625,2,8
18,2731,0.1261963702272624,0.16524946689605713,0.60546875,3,8
18,2732,0.04596424102783203,0.04596424102783203,0.84375,1,2
18,2733,0.009894490242004395,0.009894490242004395,0.91796875,2,3
18,2734,0.12954318150877955,0.20989274978637695,0.546875,3,6
18,2735,0.11504992120899261,0.13357269763946533,0.64453125,3,6
18,2736,0.12690766702871772,0.1543390154838562,0.62890625,2,4
18,2737,0.06311100721359253,0.06311100721359253,0.7890625,2,5
18,2738,0.0,0.3046117424964905,0.22265625,2,3
18,2739,4.982948303222656e-05,4.982948303222656e-05,0.9921875,4,8
18,2740,0.11346160015091303,0.2183922529220581,0.5078125,3,7
18,2741,0.11647152900695801,0.11647152900695801,0.7109375,2,5
18,2742,0.11369744874536994,0.21480846405029297,0.51171875,1,2
18,2743,0.07402972353156657,0.17150777578353882,0.47265625,3,4
18,2744,0.12808968685567382,0.17441999912261963,0.59375,2,4
18,2745,0.1023570839315653,0.1393798589706421,0.59375,2,5
18,2746,0.13029383495450023,0.18479347229003906,0.58203125,3,5
18,2747,0.12168728944379838,0.13814610242843628,0.65234375,3,7
18,2748,0.042370498180389404,0.042370498180389404,0.82421875,3,8
18,2749,0.12176007265225056,0.2037292718887329,0.5390625,2,4
18,2750,0.0,0.28558963537216187,0.296875,3,6
18,2751,0.06776899099349976,0.06776899099349976,0.81640625,3,7
18,2752,0.11843973747454586,0.1889132261276245,0.55078125,1,2
18,2753,0.08683263137936593,0.22682809829711914,0.453125,2,7
18,2754,0.02236773190088571,0.24896258115768433,0.3359375,3,8
18,2755,0.12029198324307802,0.21534788608551025,0.5234375,2,6
18,2756,0.1322265530470759,0.14373672008514404,0.66796875,3,5
18,2757,0.12331088702194394,0.1701756715774536,0.58984375,2,4
18,2758,0.05515551567077637,0.05515551567077637,0.82421875,4,8
18,2759,0.008026838302612305,0.008026838302612305,0.953125,2,3
18,2760,0.11861845105886461,0.1862964630126953,0.5546875,1,2
18,2761,0.10055577754974365,0.10055577754974365,0.76171875,3,8
18,2762,0.009796857833862305,0.009796857833862305,0.91796875,3,7
18,2763,0.014157533645629883,0.014157533645629883,0.9140625,3,7
18,2764,0.0,0.3922315835952759,0.07421875,2,2
18,2765,0.1265792548656464,0.15578985214233398,0.625,2,4
19,2647,0.045809805393218994,0.045809805393218994,0.73828125,1,1
19,2644,0.045809805393218994,0.045809805393218994,0.73828125,1,0
19,2766,0.045809805393218994,0.045809805393218994,0.73828125,1,0
19,2767,0.045809805393218994,0.045809805393218994,0.73828125,1,0
19,2768,0.00874018669128418,0.00874018669128418,0.9296875,1,2
19,2769,0.045809805393218994,0.045809805393218994,0.73828125,1,0
19,2770,0.045809805393218994,0.045809805393218994,0.73828125,1,1
19,2771,0.045809805393218994,0.045809805393218994,0.73828125,1,0
19,2772,0.045809805393218994,0.045809805393218994,0.73828125,1,1
19,2773,0.0,0.3256039619445801,0.08984375,1,1
19,2774,0.045809805393218994,0.045809805393218994,0.73828125,1,0
19,2775,0.045809805393218994,0.045809805393218994,0.73828125,1,2
19,2776,0.045809805393218994,0.045809805393218994,0.73828125,1,0
19,2777,0.017428815364837646,0.017428815364837646,0.859375,1,0
19,2778,0.045809805393218994,0.045809805393218994,0.73828125,1,1
19,2779,0.045809805393218994,0.045809805393218994,0.73828125,1,1
19,2780,0.045809805393218994,0.045809805393218994,0.73828125,1,0
19,2781,0.006107807159423828,0.006107807159423828,0.9375,1,0
19,2782,0.011270701885223389,0.011270701885223389,0.90625,1,1
19,2783,0.045809805393218994,0.045809805393218994,0.73828125,1,1
19,2784,0.045809805393218994,0.045809805393218994,0.73828125,1,1
19,2785,0.045809805393218994,0.045809805393218994,0.73828125,1,0
19,2786,0.045809805393218994,0.045809805393218994,0.73828125,1,0
19,2787,0.045809805393218994,0.045809805393218994,0.73828125,2,2
19,2504,0.09982860228046776,0.13965094089508057,0.5859375,1,1
19,2710,0.10736979148350657,0.12754833698272705,0.63671875,1,2
19,2788,0.09925390733405949,0.12516748905181885,0.6171875,2,4
19,2789,0.007705092430114746,0.007705092430114746,0.921875,2,2
19,2790,0.006114959716796875,0.006114959716796875,0.94921875,2,2
19,2791,0.001190781593322754,0.001190781593322754,0.984375,2,3
19,2792,0.04355597496032715,0.04355597496032715,0.75,1,0
19,2793,0.08308601379394531,0.08308601379394531,0.76953125,1,1
19,2794,0.09068324905820192,0.1745482087135315,0.5078125,2,1
19,2795,0.0955146523192525,0.1266930103302002,0.6015625,1,2
19,2796,0.022250771522521973,0.022250771522521973,0.87109375,2,1
19,2797,0.052658677101135254,0.052658677101135254,0.71875,1,0
19,2798,0.000949859619140625,0.000949859619140625,0.9765625,3,3
19,2799,0.07255313545465471,0.18952655792236328,0.453125,2,1
19,2800,0.04399983363691718,0.12446361780166626,0.44140625,1,1
19,2801,0.0016595125198364258,0.0016595125198364258,0.96875,1,0
19,2802,0.09143926505930723,0.160882830619812,0.52734375,1,1
19,2803,0.10405114106833936,0.10740762948989868,0.6875,1,1
19,2804,0.024313747882843018,0.024313747882843018,0.87109375,1,1
19,2805,0.017725706100463867,0.017725706100463867,0.86328125,2,1
19,2806,0.024437665939331055,0.024437665939331055,0.90234375,2,2
19,2807,0.07270616292953491,0.07270616292953491,0.78515625,1,2
19,2808,0.09171158075332642,0.09171158075332642,0.75390625,1,1
19,2809,0.04425692558288574,0.04425692558288574,0.78125,2,2
19,2810,0.011409759521484375,0.011409759521484375,0.90625,2,4
19,2811,0.03386044502258301,0.03386044502258301,0.85546875,1,1
19,2812,0.02506500482559204,0.02506500482559204,0.83984375,3,2
19,2813,0.02959918975830078,0.02959918975830078,0.84375,1,1
19,2814,0.016605257987976074,0.016605257987976074,0.97265625,1,2
19,2815,0.061640262603759766,0.061640262603759766,0.82421875,1,1
19,2816,0.08575254678726196,0.08575254678726196,0.765625,2,2
19,2817,0.10374787473119797,0.13083475828170776,0.6171875,1,1
19,2818,0.039661288261413574,0.039661288261413574,0.83984375,1,1
19,2819,0.070231442572549,0.19866573810577393,0.44140625,1,2
19,2820,0.08610204420983793,0.13120311498641968,0.5625,2,2
19,2821,0.017444491386413574,0.017444491386413574,0.859375,1,0
19,2822,0.030139386653900146,0.030139386653900146,0.80859375,2,3
19,2823,0.004047393798828125,0.004047393798828125,0.984375,2,3
19,2746,0.11141725908964874,0.16728925704956055,0.56640625,3,5
19,2718,0.11753727286122741,0.11893099546432495,0.6953125,3,7
19,2824,0.10684195626527072,0.11141157150268555,0.68359375,3,8
19,2825,0.08053775655571373,0.20515090227127075,0.45703125,3,6
19,2826,0.10299121541902424,0.12988054752349854,0.6171875,2,4
19,2827,0.09547133825253697,0.1476777195930481,0.55859375,3,4
19,2828,0.10571536247152837,0.12001389265060425,0.65234375,1,3
19,2829,0.10245134658180179,0.16090518236160278,0.5546875,3,8
19,2830,0.09892574208788575,0.10421806573867798,0.6796875,4,6
19,2831,0.06256907549686731,0.21215474605560303,0.41796875,3,6
19,2832,0.07669936772435905,0.18180590867996216,0.46875,2,6
19,2833,0.010872721672058105,0.010872721672058105,0.91015625,4,5
19,2834,0.10338877700269224,0.16751599311828613,0.546875,3,6
19,2835,0.037451207637786865,0.037451207637786865,0.8046875,3,6
19,2836,0.015264689922332764,0.015264689922332764,0.90625,4,5
19,2837,0.11289350246079267,0.16011488437652588,0.58203125,3,6
19,2838,0.1029704916290939,0.13837504386901855,0.59765625,1,1
19,2839,0.04608440515585245,0.23361599445343018,0.37890625,2,3
19,2840,0.06393313407897949,0.06393313407897949,0.80078125,1,3
19,2841,0.10186358261853458,0.10307145118713379,0.6953125,3,5
19,2842,0.05937778949737549,0.05937778949737549,0.78125,4,10
19,2843,0.0007134079933166504,0.0007134079933166504,0.97265625,1,1
19,2844,0.012696027755737305,0.012696027755737305,0.90625,2,3
19,2845,0.1151147047057748,0.1367487907409668,0.63671875,3,6
19,2846,0.07875216007232666,0.07875216007232666,0.7421875,3,7
19,2847,0.07346525182947518,0.19693303108215332,0.44921875,3,5
19,2848,0.032434303313493736,0.23389244079589844,0.35546875,4,7
19,2849,0.0,0.28409647941589355,0.171875,3,7
19,2850,0.056676268577575684,0.056676268577575684,0.78515625,2,5
19,2851,0.05191270553041251,0.21966367959976196,0.39453125,3,7
19,2852,0.03497457504272461,0.03497457504272461,0.84375,2,4
19,2853,0.12395483255386353,0.12395483255386353,0.703125,3,7
19,2854,0.009589195251464844,0.009589195251464844,0.9375,4,7
19,2855,0.10962110036052765,0.16459238529205322,0.56640625,3,5
19,2856,0.03501969575881958,0.03501969575881958,0.84375,3,5
19,2857,0.09786013048142196,0.14074265956878662,0.578125,1,2
19,2858,0.11260453448630871,0.13073360919952393,0.64453125,3,8
19,2859,0.09395384788513184,0.09395384788513184,0.72265625,4,8
19,2860,0.07410880643874408,0.16425848007202148,0.48046875,3,6
19,2425,0.12248960719443859,0.16247326135635376,0.6015625,3,7
19,2756,0.12104351026937367,0.13019806146621704,0.671875,3,5
19,2861,0.10802587866783143,0.1646108627319336,0.5625,3,6
19,2862,0.08864612109027804,0.15078675746917725,0.53515625,2,3
19,2863,0.11461017723195256,0.16718065738677979,0.57421875,3,5
19,2864,0.042043983936309814,0.042043983936309814,0.84375,3,5
19,2865,0.09218102693557739,0.09218102693557739,0.7265625,3,4
19,2866,0.028838753700256348,0.028838753700256348,0.8984375,1,1
19,2867,0.05218470096588135,0.05218470096588135,0.83984375,1,1
19,2868,0.1209919636603445,0.1287897825241089,0.67578125,2,4
19,2869,0.1036359714344144,0.1339939832687378,0.609375,1,3
19,2870,0.06428682804107666,0.06428682804107666,0.83203125,3,5
19,2871,0.06822038115933539,0.16553950309753418,0.46484375,3,7
19,2872,0.0890655517578125,0.0890655517578125,0.73828125,3,3
19,2873,0.00808870792388916,0.00808870792388916,0.9609375,3,6
19,2874,0.04382694978266956,0.22217226028442383,0.37890625,2,4
19,2875,0.06967025029007347,0.20860332250595093,0.43359375,3,6
19,2876,0.006401538848876953,0.006401538848876953,0.94140625,4,7
19,2877,0.04926955699920654,0.04926955699920654,0.80078125,3,6
19,2878,0.11365021532401444,0.1568434238433838,0.58984375,3,5
19,2879,0.08074331004172565,0.2006824016571045,0.4609375,3,6
19,2880,0.000316619873046875,0.000316619873046875,0.97265625,2,3
19,2881,0.00646519660949707,0.00646519660949707,0.94140625,4,8
19,2882,0.032246779301203794,0.2038314938545227,0.36328125,3,5
19,2883,0.03855085372924805,0.03855085372924805,0.8671875,3,7
19,2884,0.08821336179971696,0.20909833908081055,0.46875,2,5
19,2885,0.0786729760002345,0.22254455089569092,0.44140625,3,7
19,2886,0.018950869794935,0.2109314203262329,0.3359375,3,5
19,2887,0.07427735952660443,0.20446240901947021,0.4453125,3,6
19,2888,0.06476998329162598,0.06476998329162598,0.77734375,3,6
19,2889,0.010514259338378906,0.010514259338378906,0.91015625,2,5
19,2890,0.04712188243865967,0.04712188243865967,0.84375,3,4
19,2891,0.0964665412902832,0.0964665412902832,0.75,3,4
19,2892,0.09257281292229892,0.14999139308929443,0.546875,3,7
19,2893,0.014831066131591797,0.014831066131591797,0.9375,3,5
19,2894,0.04151749610900879,0.04151749610900879,0.87890625,2,3
19,2895,0.060504327528178706,0.2277809977531433,0.40625,3,5
19,2896,0.03401148319244385,0.03401148319244385,0.86328125,3,5
19,2897,0.0478055477142334,0.0478055477142334,0.86328125,2,4
19,2898,0.11364037066232414,0.12621229887008667,0.66015625,2,5
19,2899,0.09217792749404909,0.18435585498809814,0.5,3,3
19,2900,0.059529569000005736,0.22411131858825684,0.40625,4,7
19,2901,0.09172342438250781,0.11567091941833496,0.6171875,3,7
19,2902,0.05002284049987793,0.05002284049987793,0.796875,2,4
19,2903,0.07508933544158936,0.07508933544158936,0.82421875,4,8
19,2904,0.04566657543182373,0.04566657543182373,0.79296875,3,5
19,2905,0.06342185405083002,0.21504628658294678,0.41796875,2,3
19,2906,0.1196769983507693,0.15874254703521729,0.6015625,2,4
19,2907,0.09767981059849264,0.15580081939697266,0.55078125,1,3
20,2787,0.04512679576873779,0.04512679576873779,0.77734375,2,2
20,2786,0.04512679576873779,0.04512679576873779,0.77734375,1,0
20,2908,0.04512679576873779,0.04512679576873779,0.77734375,2,2
20,2909,0.0018745660781860352,0.0018745660781860352,0.98046875,1,0
20,2910,0.04512679576873779,0.04512679576873779,0.77734375,1,0
20,2911,0.04512679576873779,0.04512679576873779,0.77734375,2,1
20,2912,0.04512679576873779,0.04512679576873779,0.77734375,1,0
20,2913,0.010444462299346924,0.010444462299346924,0.95703125,1,0
20,2914,0.04512679576873779,0.04512679576873779,0.77734375,1,1
20,2915,0.04512679576873779,0.04512679576873779,0.77734375,2,1
20,2916,0.004194021224975586,0.004194021224975586,0.97265625,1,0
20,2917,0.04512679576873779,0.04512679576873779,0.77734375,1,1
20,2918,0.04512679576873779,0.04512679576873779,0.77734375,1,1
20,2919,0.04512679576873779,0.04512679576873779,0.77734375,1,2
20,2920,0.04512679576873779,0.04512679576873779,0.77734375,1,1
20,2921,0.0006247758865356445,0.0006247758865356445,0.98828125,1,1
20,2922,0.04512679576873779,0.04512679576873779,0.77734375,1,1
20,2923,0.0016290545463562012,0.0016290545463562012,0.98046875,2,2
20,2924,0.02311873435974121,0.02311873435974121,0.91796875,2,2
20,2925,0.00021255016326904297,0.00021255016326904297,0.99609375,1,2
20,2926,0.04512679576873779,0.04512679576873779,0.77734375,1,0
20,2927,0.04512679576873779,0.04512679576873779,0.77734375,1,1
20,2928,0.010444462299346924,0.010444462299346924,0.95703125,1,0
20,2929,0.045100629329681396,0.045100629329681396,0.77734375,1,1
20,2930,0.045050978660583496,0.045050978660583496,0.77734375,1,2
20,2710,0.12230966368224473,0.13885265588760376,0.65234375,1,2
20,2803,0.1164851188659668,0.1164851188659668,0.7265625,1,1
20,2931,0.04412508010864258,0.04412508010864258,0.8125,2,3
20,2932,0.1041402816772461,0.1041402816772461,0.75,2,3
20,2933,0.12555224052630368,0.14413172006607056,0.6484375,3,6
20,2934,0.057211995124816895,0.057211995124816895,0.7890625,3,6
20,2935,0.006160013610497126,0.2867206335067749,0.30859375,2,3
20,2936,0.012451767921447754,0.012451767921447754,0.94140625,1,1
20,2937,0.01485985517501831,0.01485985517501831,0.9375,1,1
20,2938,0.10663926089182497,0.17278259992599487,0.546875,1,1
20,2939,0.010068118572235107,0.010068118572235107,0.9375,2,2
20,2940,0.11696261167526245,0.11696261167526245,0.74609375,1,2
20,2941,0.010632157325744629,0.010632157325744629,0.95703125,1,1
20,2942,0.011094510555267334,0.011094510555267334,0.94921875,3,7
20,2943,0.12567251920700073,0.12567251920700073,0.71484375,1,2
20,2944,0.0,0.3492811918258667,0.06640625,4,7
20,2945,0.07340788841247559,0.07340788841247559,0.83984375,1,2
20,2946,0.10427737236022949,0.10427737236022949,0.76953125,1,3
20,2947,0.09442171454429629,0.18884342908859253,0.5,1,2
20,2948,0.11550118168815972,0.11687076091766357,0.6953125,3,7
20,2949,0.0945439338684082,0.0945439338684082,0.7890625,1,2
20,2950,0.04254186153411865,0.04254186153411865,0.8125,1,1
20,2951,0.12531913002021614,0.19988596439361572,0.55078125,3,6
20,2952,0.03460264205932617,0.03460264205932617,0.8359375,1,0
20,2953,0.0032902956008911133,0.0032902956008911133,0.98046875,1,0
20,2954,0.018251657485961914,0.018251657485961914,0.92578125,1,3
20,2955,0.04954516887664795,0.04954516887664795,0.81640625,1,1
20,2956,0.10403430461883545,0.10403430461883545,0.76171875,2,4
20,2957,0.1134264199063182,0.14665234088897705,0.609375,1,1
20,2958,0.09207542799413206,0.19975686073303223,0.484375,2,3
20,2959,0.08904898166656494,0.08904898166656494,0.796875,1,1
20,2960,0.06057750829495491,0.21996939182281494,0.41015625,2,3
20,2961,0.10151511523872617,0.1883178949356079,0.515625,2,4
20,2962,0.035012006759643555,0.035012006759643555,0.8359375,1,1
20,2963,0.09204666293226184,0.22335493564605713,0.46484375,1,3
20,2898,0.1335468012839556,0.14069128036499023,0.6796875,2,5
20,2828,0.12642534775659445,0.13318884372711182,0.6796875,1,3
20,2964,0.11028361693024637,0.12382721900939941,0.65625,2,4
20,2965,0.04197877645492554,0.04197877645492554,0.875,2,4
20,2966,0.01450415514409543,0.23955249786376953,0.32421875,2,5
20,2967,0.0007809996604919434,0.0007809996604919434,0.98828125,2,4
20,2968,0.008973002433776855,0.008973002433776855,0.96484375,1,1
20,2969,0.00991213321685791,0.00991213321685791,0.953125,1,2
20,2970,0.02906978130340576,0.02906978130340576,0.94140625,2,4
20,2971,0.060639381408691406,0.060639381408691406,0.82421875,2,6
20,2972,0.11530259693972768,0.16353166103363037,0.58203125,1,3
20,2973,0.03679490089416504,0.03679490089416504,0.90234375,2,3
20,2974,0.04532051086425781,0.04532051086425781,0.86328125,2,4
20,2975,3.135204315185547e-05,3.135204315185547e-05,0.99609375,2,4
20,2976,0.09940475225448608,0.09940475225448608,0.78125,1,2
20,2977,0.01147228479385376,0.01147228479385376,0.9296875,2,4
20,2978,0.10746818780899048,0.10746818780899048,0.74609375,2,4
20,2979,0.08223128318786621,0.08223128318786621,0.796875,3,7
20,2980,0.12211544509045781,0.17082816362380981,0.5859375,1,2
20,2981,0.1144388655666262,0.13917505741119385,0.62890625,2,5
20,2982,0.024126946926116943,0.024126946926116943,0.9453125,2,3
20,2983,0.1211726786568761,0.16500109434127808,0.59375,1,2
20,2984,0.08928137691691519,0.15708613395690918,0.52734375,3,6
20,2985,0.007803440093994141,0.007803440093994141,0.95703125,2,4
20,2986,0.1220746636390686,0.1220746636390686,0.73828125,1,3
20,2987,0.11046314239501953,0.11046314239501953,0.74609375,2,5
20,2988,0.02927977405488492,0.26770079135894775,0.34375,3,4
20,2989,0.10349831474013628,0.21541112661361694,0.4921875,3,6
20,2990,0.013891637325286865,0.013891637325286865,0.92578125,1,3
20,2853,0.12984219705685976,0.1367884874343872,0.6796875,3,7
20,2425,0.14038115716539326,0.17487871646881104,0.62109375,3,7
20,2991,0.008092403411865234,0.008092403411865234,0.94921875,3,3
20,2992,0.126190033974126,0.14990556240081787,0.63671875,4,6
20,2993,0.11932157655246557,0.18740075826644897,0.5546875,3,7
20,2994,0.12793234433047476,0.1920861005783081,0.56640625,3,4
20,2995,0.11675847368314865,0.19860577583312988,0.53515625,2,4
20,2996,0.11352601903490724,0.17829853296279907,0.5546875,1,2
20,2997,0.14774125884287062,0.17152726650238037,0.64453125,2,4
20,2998,0.06549549102783203,0.06549549102783203,0.86328125,3,6
20,2999,0.011089622974395752,0.011089622974395752,0.94921875,2,3
20,3000,0.00690990686416626,0.00690990686416626,0.9453125,3,6
20,3001,0.016069889068603516,0.016069889068603516,0.9375,2,3
20,3002,0.00012683868408203125,0.00012683868408203125,0.9921875,3,5
20,3003,0.030356168746948242,0.030356168746948242,0.90234375,3,7
20,3004,0.1248940033838153,0.16147911548614502,0.609375,3,6
20,3005,0.01452028751373291,0.01452028751373291,0.9453125,3,4
20,3006,0.04236494377255441,0.25221920013427734,0.3671875,3,4
20,3007,0.07321369647979736,0.07321369647979736,0.80859375,2,4
20,3008,0.0005062642740085793,0.2592073082923889,0.30078125,2,4
20,3009,0.12085609138011934,0.18416166305541992,0.5625,2,3
20,3010,0.11545215279329571,0.19006913900375366,0.54296875,3,5
20,3011,0.1103210431756452,0.21641522645950317,0.50390625,4,6
20,3012,0.04822679911740125,0.17512142658233643,0.41015625,3,5
20,3013,0.11109530925750732,0.11109530925750732,0.7421875,3,8
20,3014,0.012766003608703613,0.012766003608703613,0.94921875,2,4
20,3015,0.11310173640958966,0.129838764667511,0.6484375,3,6
20,3016,0.011760592460632324,0.011760592460632324,0.953125,3,4
20,3017,0.1291180942207575,0.1516249179840088,0.640625,3,5
20,3018,0.10673415660858154,0.10673415660858154,0.76953125,3,4
20,3019,0.0,0.30352044105529785,0.0859375,4,7
20,3020,0.11884348699823023,0.15174031257629395,0.61328125,2,3
20,3021,0.043021559715270996,0.043021559715270996,0.8359375,2,4
20,3022,0.0108833909034729,0.0108833909034729,0.95703125,3,5
20,3023,0.12373566627502441,0.12373566627502441,0.7265625,3,4
20,3024,0.1382214352488518,0.17011868953704834,0.625,2,4
20,3025,0.0809447169303894,0.0809447169303894,0.7578125,3,5
20,3026,0.0029491202440112903,0.25165826082229614,0.3046875,3,7
20,3027,0.046207308769226074,0.046207308769226074,0.84375,2,3
20,3028,0.11992883682250977,0.11992883682250977,0.73828125,3,5
20,3029,0.10137970838695766,0.1458045244216919,0.578125,3,5
20,3030,0.12048139423131946,0.20840024948120117,0.53125,3,5
20,3031,0.1198862500023097,0.17487680912017822,0.57421875,4,7
20,3032,0.0002523660659790039,0.0002523660659790039,0.984375,3,3
20,3033,0.12977936211973432,0.16779553890228271,0.609375,3,5
20,3034,0.013667244696989664,0.2691395878791809,0.3203125,4,9
20,3035,0.13105154037475586,0.13105154037475586,0.71484375,3,6
20,3036,0.13161134626716378,0.19475436210632324,0.5703125,2,3
20,3037,0.12337368726730347,0.12337368726730347,0.74609375,2,3
20,3038,0.07008051872253418,0.07008051872253418,0.828125,3,7
20,3039,0.03034108877182007,0.03034108877182007,0.87890625,3,6
20,3040,0.0014919638633728027,0.0014919638633728027,0.98046875,3,3
20,3041,0.049757957458496094,0.049757957458496094,0.83203125,2,3
20,3042,0.015346527099609375,0.015346527099609375,0.93359375,4,6
20,3043,0.12015230325050653,0.12038743495941162,0.69921875,3,7
20,3044,0.11607080698013306,0.11607080698013306,0.73828125,2,4
20,3045,0.08011403691489251,0.21475595235824585,0.44921875,3,5
20,3046,0.0452878698706627,0.19163131713867188,0.39453125,3,4
20,3047,0.11581856897100809,0.19378793239593506,0.5390625,3,6
20,3048,0.1435183854773641,0.16853535175323486,0.640625,3,8
20,3049,0.08259953046217562,0.20529592037200928,0.4609375,3,5
21,2923,0.0014238953590393066,0.0014238953590393066,0.95703125,2,2
21,3050,0.0014238953590393066,0.0014238953590393066,0.95703125,2,1
21,2927,0.04435884952545166,0.04435884952545166,0.7734375,1,1
21,2926,0.04435884952545166,0.04435884952545166,0.7734375,1,0
21,3051,0.04435884952545166,0.04435884952545166,0.7734375,1,1
21,3052,0.038863956928253174,0.038863956928253174,0.80078125,1,2
21,3053,0.04435884952545166,0.04435884952545166,0.7734375,1,1
21,3054,0.04435884952545166,0.04435884952545166,0.7734375,1,0
21,3055,0.04435884952545166,0.04435884952545166,0.7734375,1,0
21,3056,0.04435884952545166,0.04435884952545166,0.7734375,1,0
21,3057,0.0042220354080200195,0.0042220354080200195,0.9375,1,1
21,3058,0.04435884952545166,0.04435884952545166,0.7734375,1,2
21,3059,0.04435884952545166,0.04435884952545166,0.7734375,1,1
21,3060,0.04435884952545166,0.04435884952545166,0.7734375,1,1
21,3061,0.0014238953590393066,0.0014238953590393066,0.95703125,2,2
21,3062,0.04435884952545166,0.04435884952545166,0.7734375,1,1
21,3063,0.04435884952545166,0.04435884952545166,0.7734375,1,1
21,3064,0.009052157402038574,0.009052157402038574,0.91015625,1,0
21,3065,0.04435884952545166,0.04435884952545166,0.7734375,1,1
21,3066,0.04435884952545166,0.04435884952545166,0.7734375,1,0
21,3067,0.04435884952545166,0.04435884952545166,0.7734375,1,1
21,3068,0.04435884952545166,0.04435884952545166,0.7734375,1,2
21,3069,0.0229109525680542,0.0229109525680542,0.8671875,1,1
21,3070,0.0014238953590393066,0.0014238953590393066,0.95703125,1,0
21,2943,0.12128841876983643,0.12128841876983643,0.71484375,1,2
21,2933,0.12494923220947386,0.13877224922180176,0.66015625,3,6
21,3071,0.08864424191415311,0.23156046867370605,0.453125,3,4
21,3072,0.09198731184005737,0.09198731184005737,0.79296875,4,6
21,3073,0.10173986898735168,0.18873482942581177,0.515625,1,2
21,3074,0.015648603439331055,0.015648603439331055,0.8828125,1,1
21,3075,0.04905867576599121,0.04905867576599121,0.734375,1,2
21,3076,0.10034897364676,0.16259074211120605,0.546875,3,6
21,3077,0.04621577262878418,0.04621577262878418,0.8828125,4,6
21,3078,0.10000938852317633,0.2040032148361206,0.49609375,3,5
21,3079,0.05722934007644653,0.05722934007644653,0.87890625,1,2
21,3080,0.12638434057589623,0.14347845315933228,0.65234375,1,2
21,3081,0.1286773765459657,0.13150262832641602,0.69140625,1,2
21,3082,0.05150496959686279,0.05150496959686279,0.87890625,1,2
21,3083,0.05168426036834717,0.05168426036834717,0.7265625,1,2
21,3084,0.030303657054901123,0.030303657054901123,0.91015625,4,6
21,3085,0.10366179444827142,0.1995294690132141,0.5078125,3,6
21,3086,0.11948188883252443,0.1506766676902771,0.6171875,2,3
21,3087,0.027535220608115207,0.2517505884170532,0.34375,4,5
21,3088,0.0003399848937988281,0.0003399848937988281,0.98046875,5,9
21,3089,0.11702200281433763,0.15725791454315186,0.59765625,1,2
21,3090,0.031018376350402832,0.031018376350402832,0.90625,1,2
21,3091,0.0,0.3751676082611084,0.12109375,5,7
21,3092,0.11802938638720663,0.12830370664596558,0.66796875,1,2
21,3093,0.10513033089227976,0.1626185178756714,0.55859375,1,3
21,3094,0.0441402792930603,0.0441402792930603,0.890625,2,3
21,3095,0.004783987998962402,0.004783987998962402,0.921875,1,1
21,3096,0.03128015995025635,0.03128015995025635,0.8671875,2,3
21,3097,0.13486971752718094,0.1766068935394287,0.60546875,4,7
21,3098,0.08314085006713867,0.08314085006713867,0.80078125,2,5
21,3099,0.1072959180455655,0.16851383447647095,0.5546875,1,3
21,3100,0.08711564540863037,0.08711564540863037,0.8125,4,6
21,3101,0.007737159729003906,0.007737159729003906,0.93359375,1,1
21,3102,0.09823391656391325,0.19270408153533936,0.50390625,3,5
21,3103,0.011834263801574707,0.011834263801574707,0.90234375,1,0
21,3104,0.05913400650024414,0.05913400650024414,0.85546875,1,1
21,3105,0.0952880911063403,0.21120131015777588,0.48046875,3,7
21,3106,0.054393768310546875,0.054393768310546875,0.70703125,3,4
21,2425,0.14917851495556536,0.1621643304824829,0.66796875,3,7
21,3024,0.14782496856059882,0.15735214948654175,0.67578125,2,4
21,3107,0.12062680721282959,0.12062680721282959,0.734375,3,6
21,3108,0.032752037048339844,0.032752037048339844,0.8515625,2,4
21,3109,0.10291581787168982,0.1909162998199463,0.515625,2,3
21,3110,0.140431160107255,0.19122540950775146,0.59375,2,5
21,3111,0.03852200508117676,0.03852200508117676,0.828125,2,5
21,3112,0.0802069902420044,0.0802069902420044,0.77734375,2,3
21,3113,0.07569855451583862,0.07569855451583862,0.80859375,2,4
21,3114,0.04709017276763916,0.04709017276763916,0.84375,2,5
21,3115,1.800060272216797e-05,1.800060272216797e-05,1.0,3,6
21,3116,0.13951181899756196,0.18748044967651367,0.59765625,3,7
21,3117,0.009400010108947754,0.009400010108947754,0.953125,2,3
21,3118,0.13611960411071777,0.13611960411071777,0.703125,2,4
21,3119,0.12582744564861062,0.21053481101989746,0.5390625,2,3
21,3120,0.011959075927734375,0.011959075927734375,0.9296875,2,4
21,3121,0.10496531054377557,0.14887046813964844,0.58203125,3,5
21,3122,0.14643673086538914,0.18242239952087402,0.62109375,2,5
21,3123,0.01019144058227539,0.01019144058227539,0.90234375,3,4
21,3124,0.14237999496981504,0.15813136100769043,0.66015625,2,4
21,3125,0.00980597734451294,0.00980597734451294,0.90234375,4,6
21,3126,0.13287005387246612,0.13313007354736328,0.69921875,4,6
21,3127,0.0021237730979919434,0.0021237730979919434,0.9765625,2,4
21,3128,0.03926122188568115,0.03926122188568115,0.85546875,2,5
21,3129,0.02571570873260498,0.02571570873260498,0.89453125,2,4
21,3130,0.05983514338731767,0.21727371215820312,0.41015625,4,7
21,3131,0.11927233426831665,0.1995667815208435,0.5390625,2,3
21,3132,0.12066273065283897,0.21230006217956543,0.52734375,3,7
21,3133,0.12277841567993164,0.12277841567993164,0.7265625,3,5
21,3134,0.006760299205780029,0.006760299205780029,0.94921875,3,5
21,3135,0.1347848220029846,0.19660919904708862,0.57421875,3,6
21,3136,0.004887580871582031,0.004887580871582031,0.94921875,3,5
21,3137,0.1433415933279321,0.17432516813278198,0.62890625,2,4
21,3138,0.05040794610977173,0.05040794610977173,0.8828125,4,8
21,3139,0.03710055351257324,0.03710055351257324,0.85546875,3,6
21,3140,0.1235882523469627,0.1485379934310913,0.6328125,2,3
21,3141,0.14090560888871553,0.16175711154937744,0.6484375,3,6
21,3142,0.01612269878387451,0.01612269878387451,0.94921875,3,5
21,3143,0.1130797266960144,0.1130797266960144,0.70703125,2,3
21,3144,0.034591734409332275,0.034591734409332275,0.89453125,2,3
21,3145,0.10076642036437988,0.10076642036437988,0.7734375,2,4
21,3146,0.011322200298309326,0.011322200298309326,0.890625,3,6
21,2997,0.14324801252223554,0.1590954065322876,0.66015625,2,4
21,3048,0.14971062610857191,0.15935933589935303,0.67578125,3,8
21,3147,0.046573758125305176,0.046573758125305176,0.890625,2,5
21,3148,0.13140396401286128,0.1657114028930664,0.6171875,2,5
21,3149,0.07688510417938232,0.07688510417938232,0.828125,3,4
21,3150,0.04607045650482178,0.04607045650482178,0.87109375,2,4
21,3151,0.0850716233253479,0.0850716233253479,0.8046875,2,3
21,3152,0.09846085973549636,0.10703176259994507,0.66796875,3,5
21,3153,0.02146756649017334,0.02146756649017334,0.8984375,4,7
21,3154,0.014196276664733887,0.014196276664733887,0.9140625,3,5
21,3155,0.027479891665279876,0.2512447237968445,0.34375,2,2
21,3156,0.11824005912058058,0.19465887546539307,0.54296875,4,6
21,3157,0.09563952684402466,0.09563952684402466,0.78515625,1,3
21,3158,0.0448918342590332,0.0448918342590332,0.8984375,2,4
21,3159,0.0484921932220459,0.0484921932220459,0.828125,3,5
21,3160,0.10290265083312988,0.10290265083312988,0.78125,4,6
21,3161,0.0578078031539917,0.0578078031539917,0.83203125,4,6
21,3162,0.1285437159240246,0.14432978630065918,0.65625,1,3
21,3163,0.1308658125344664,0.13373911380767822,0.69140625,1,3
21,3164,0.03182339668273926,0.03182339668273926,0.90234375,3,4
21,3165,0.05004763603210449,0.05004763603210449,0.8125,3,6
21,3166,0.010607481002807617,0.010607481002807617,0.90234375,4,9
21,3167,0.0023452043533325195,0.0023452043533325195,0.953125,3,4
21,3168,0.07182329893112183,0.07182329893112183,0.83203125,3,6
21,3169,0.060420453548431396,0.060420453548431396,0.8671875,4,7
21,3170,0.009305715560913086,0.009305715560913086,0.93359375,3,5
21,3171,0.01162099838256836,0.01162099838256836,0.9140625,1,2
21,3172,0.06546914577484131,0.06546914577484131,0.828125,2,4
21,3173,0.13403797405771914,0.16903311014175415,0.6171875,4,7
21,3174,0.05973315238952637,0.05973315238952637,0.87109375,1,2
21,3175,0.008905768394470215,0.008905768394470215,0.96875,3,8
21,3176,0.10857236897572876,0.17317461967468262,0.55078125,3,3
21,3177,0.10871053440496327,0.18491625785827637,0.53515625,2,4
21,3178,0.00011515617370605469,0.00011515617370605469,1.0,4,6
21,3179,0.10078601352870466,0.21411800384521484,0.48828125,3,3
21,3180,0.11292569455690683,0.12819945812225342,0.65234375,3,6
21,3181,0.10018667485564949,0.23210668563842773,0.47265625,4,9
21,3182,0.0709083080291748,0.0709083080291748,0.84375,2,5
21,3183,0.04460233449935913,0.04460233449935913,0.84375,3,5
21,3184,0.0005708932876586914,0.0005708932876586914,0.97265625,2,4
21,3185,0.09688891447149219,0.21474945545196533,0.48046875,4,7
21,3186,0.09529924392700195,0.09529924392700195,0.765625,2,5
21,3187,0.08579448517411949,0.22411620616912842,0.453125,3,5
21,3188,0.08815944194793701,0.08815944194793701,0.80078125,3,5
21,3189,0.12831377983093262,0.12831377983093262,0.70703125,2,4
21,3190,0.04578010737895967,0.22112655639648438,0.3828125,2,5
22,3128,0.03905153274536133,0.03905153274536133,0.84765625,2,5
22,3127,0.0026317834854125977,0.0026317834854125977,0.98828125,2,4
22,3191,0.00016367435455322266,0.00016367435455322266,0.9921875,1,1
22,3192,0.002801060676574707,0.002801060676574707,0.98828125,1,2
22,3193,0.00036466121673583984,0.00036466121673583984,0.99609375,2,5
22,3165,0.0505216121673584,0.0505216121673584,0.81640625,3,6
22,3068,0.043917298316955566,0.043917298316955566,0.77734375,1,2
22,3194,1.7881393432617188e-07,1.7881393432617188e-07,1.0,1,1
22,3195,0.04958510398864746,0.04958510398864746,0.78125,4,7
22,3196,0.043917298316955566,0.043917298316955566,0.77734375,1,0
22,3197,0.03723841905593872,0.03723841905593872,0.875,3,6
22,3198,0.0031963586807250977,0.0031963586807250977,0.953125,1,0
22,3199,0.003566145896911621,0.003566145896911621,0.94921875,1,0
22,3200,0.036973655223846436,0.036973655223846436,0.80078125,2,3
22,3201,0.043917298316955566,0.043917298316955566,0.77734375,2,1
22,3202,0.043917298316955566,0.043917298316955566,0.77734375,1,2
22,3203,0.050620079040527344,0.050620079040527344,0.82421875,3,6
22,3204,0.007826566696166992,0.007826566696166992,0.9375,1,0
22,3205,0.043917298316955566,0.043917298316955566,0.77734375,1,0
22,3206,0.043917298316955566,0.043917298316955566,0.77734375,1,1
22,3207,0.022285640239715576,0.022285640239715576,0.88671875,2,3
22,3208,0.043917298316955566,0.043917298316955566,0.77734375,1,0
22,3209,0.04419755935668945,0.04419755935668945,0.84375,3,5
22,3210,0.0510174036026001,0.0510174036026001,0.80078125,3,6
22,3211,0.04041910171508789,0.04041910171508789,0.8671875,3,6
22,3212,0.043917298316955566,0.043917298316955566,0.77734375,2,3
22,3126,0.1299400344723836,0.13279300928115845,0.69140625,4,6
22,3081,0.11485438235104085,0.12756061553955078,0.66015625,1,2
22,3213,0.011266946792602539,0.011266946792602539,0.92578125,1,2
22,3214,0.07408571243286133,0.07408571243286133,0.77734375,1,2
22,3215,0.0994960479438305,0.10270559787750244,0.6875,3,5
22,3216,0.07760972459800543,0.2195369005203247,0.44140625,2,4
22,3217,0.10408492921851577,0.17415517568588257,0.5390625,1,2
22,3218,0.11199323320761324,0.13951468467712402,0.62109375,2,3
22,3219,0.11649686924647541,0.18581432104110718,0.55078125,4,6
22,3220,0.03178931493312121,0.24660801887512207,0.3515625,4,6
22,3221,0.1033657288644463,0.17582476139068604,0.53515625,1,2
22,3222,0.028917789459228516,0.028917789459228516,0.8359375,1,1
22,3223,0.009013056755065918,0.009013056755065918,0.93359375,2,5
22,3224,0.11445527011528613,0.16232991218566895,0.58203125,2,4
22,3225,0.07470037043094636,0.23755645751953125,0.42578125,5,7
22,3226,0.09911583410575987,0.18725943565368652,0.51171875,2,3
22,3227,0.09960063127800824,0.2072988748550415,0.4921875,3,5
22,3228,0.015538215637207031,0.015538215637207031,0.90625,3,4
22,3229,0.046344220638275146,0.046344220638275146,0.8203125,2,5
22,3230,0.08626725769136102,0.2093309760093689,0.46484375,1,2
22,3231,0.03524982929229736,0.03524982929229736,0.81640625,1,1
22,3232,0.09999635815620425,0.19999271631240845,0.5,1,2
22,3233,0.0005789995193481445,0.0005789995193481445,0.98828125,4,4
22,3234,0.004953920841217041,0.004953920841217041,0.9453125,1,1
22,3235,0.00344240665435791,0.00344240665435791,0.96875,2,4
22,3236,0.023627281188964844,0.023627281188964844,0.90234375,1,1
22,3237,0.11413528164848687,0.1664879322052002,0.57421875,4,6
22,3238,0.1050553587265313,0.1880711317062378,0.5234375,1,2
22,3239,0.10669074510224165,0.16756337881088257,0.5546875,1,1
22,3240,0.10799689311534168,0.15317010879516602,0.58203125,1,1
22,3241,0.07498170679900797,0.2121029496192932,0.44140625,3,4
22,3242,0.022103488445281982,0.022103488445281982,0.8828125,1,1
22,3243,0.11787080252543093,0.13684773445129395,0.64453125,1,2
22,3244,0.10865760780870916,0.11687541007995605,0.671875,1,2
22,3245,0.04620958957821132,0.22320103645324707,0.3828125,4,7
22,3246,0.06809884309768677,0.06809884309768677,0.74609375,1,2
22,3247,0.08499115705490112,0.08499115705490112,0.75390625,1,1
22,3248,0.09455370903015137,0.09455370903015137,0.73828125,1,3
22,3249,0.010222911834716797,0.010222911834716797,0.9296875,1,1
22,3250,0.055737972259521484,0.055737972259521484,0.83984375,1,1
22,3251,0.057929525617510094,0.2264115810394287,0.40234375,3,4
22,3252,0.06550560728646816,0.20831596851348877,0.42578125,4,6
22,2997,0.14028466399759057,0.1575126051902771,0.65625,2,4
22,3135,0.1169278391171247,0.1924985647201538,0.54296875,3,6
22,3253,0.07036882638931274,0.07036882638931274,0.79296875,1,2
22,3254,0.046736372867599144,0.22574549913406372,0.3828125,1,2
22,3255,0.10241906531155111,0.20891857147216797,0.49609375,2,3
22,3256,0.040068864822387695,0.040068864822387695,0.859375,1,2
22,3257,0.03151782043278218,0.21233057975769043,0.359375,3,4
22,3258,0.08031884534284474,0.22720026969909668,0.44140625,3,5
22,3259,0.09506404399871826,0.09506404399871826,0.7265625,3,5
22,3260,0.01517951488494873,0.01517951488494873,0.90234375,2,2
22,3261,0.04103088821284474,0.23085510730743408,0.37109375,1,2
22,3262,0.1107469468843192,0.1549246907234192,0.5859375,3,4
22,3263,0.04400700330734253,0.04400700330734253,0.84375,4,6
22,3264,0.1081827385351062,0.16008543968200684,0.5703125,2,3
22,3265,0.11444924818351866,0.1313856840133667,0.6484375,1,3
22,3266,0.05833160877227783,0.05833160877227783,0.81640625,4,6
22,3267,8.416175842285156e-05,8.416175842285156e-05,0.9921875,3,3
22,3268,0.054755536955781295,0.2316928505897522,0.39453125,2,4
22,3269,0.0014345049858093262,0.0014345049858093262,0.9765625,1,1
22,3270,0.09320533275604248,0.09320533275604248,0.73046875,1,3
22,3271,0.10906351462472232,0.11145812273025513,0.69140625,1,2
22,3272,0.047435641288757324,0.047435641288757324,0.76171875,3,4
22,3273,0.10734641575254501,0.15224754810333252,0.58203125,2,3
22,3274,0.05551199696492405,0.23489373922348022,0.39453125,2,4
22,3275,0.009394645690917969,0.009394645690917969,0.94140625,3,4
22,3276,0.0,0.3510160446166992,0.1015625,2,3
22,3277,0.061584783717989935,0.2318485975265503,0.40625,2,3
22,3278,0.03640649956651033,0.2824261784553528,0.3515625,3,4
22,3279,0.08806263841688634,0.20874106884002686,0.46875,1,3
22,3280,0.113728407304734,0.11395096778869629,0.69921875,4,8
22,3048,0.13993088027928027,0.15541130304336548,0.66015625,3,8
22,2425,0.1386482727248222,0.16097033023834229,0.64453125,3,7
22,3281,0.10091832373291255,0.12885332107543945,0.61328125,2,3
22,3282,0.006916522979736328,0.006916522979736328,0.94921875,4,8
22,3283,0.06796987261623146,0.17313718795776367,0.45703125,3,7
22,3284,0.0065985918045043945,0.0065985918045043945,0.953125,2,3
22,3285,0.035143136978149414,0.035143136978149414,0.87109375,3,5
22,3286,0.058860859600827105,0.18154674768447876,0.4296875,3,5
22,3287,0.0,0.27072781324386597,0.2734375,2,4
22,3288,0.0001824498176574707,0.0001824498176574707,0.9921875,3,6
22,3289,0.07647311687469482,0.07647311687469482,0.7578125,1,1
22,3290,0.10002881288528442,0.10002881288528442,0.703125,1,2
22,3291,0.02097797393798828,0.02097797393798828,0.921875,3,5
22,3292,0.07714200019836426,0.07714200019836426,0.78515625,4,8
22,3293,0.12452953029423953,0.1339477300643921,0.671875,3,6
22,3294,0.12168455868959428,0.1854240894317627,0.5625,2,4
22,3295,0.12832069210708144,0.12984228134155273,0.6953125,2,4
22,3296,0.008363485336303711,0.008363485336303711,0.96484375,2,3
22,3297,0.12100760079920293,0.17403340339660645,0.578125,2,4
22,3298,0.12551389751024547,0.18308579921722412,0.57421875,3,8
22,3299,0.12384289596229793,0.1806483268737793,0.57421875,1,2
22,3300,0.019413791131228215,0.2761072516441345,0.328125,4,8
22,3301,0.0652080774307251,0.0652080774307251,0.76171875,3,7
22,3302,0.0056449174880981445,0.0056449174880981445,0.95703125,2,2
22,3303,0.13476759195327762,0.16586780548095703,0.625,2,4
22,3304,0.009686708450317383,0.009686708450317383,0.9296875,2,5
22,3305,0.0439419150352478,0.0439419150352478,0.8125,2,3
22,3306,0.12263605976477267,0.14401298761367798,0.640625,4,9
22,3307,0.11837482452392578,0.11837482452392578,0.7265625,1,2
22,3308,0.12995251803658905,0.1475292444229126,0.65234375,2,3
22,3309,0.05303776264190674,0.05303776264190674,0.82421875,2,4
22,3310,0.13156726537272337,0.1768043041229248,0.59765625,1,3
22,3311,0.023801326751708984,0.023801326751708984,0.890625,4,7
22,3312,0.03201496601104736,0.03201496601104736,0.859375,2,3
22,3313,0.12207177362870428,0.19470638036727905,0.55078125,1,3
22,3314,0.01031351089477539,0.01031351089477539,0.921875,4,8
22,3315,0.062163039925508215,0.22572678327560425,0.41015625,3,6
22,3316,0.12086794013157488,0.18696188926696777,0.55859375,3,4
22,3317,0.07766008377075195,0.07766008377075195,0.75390625,3,7
22,3318,0.12599320616573098,0.13273358345031738,0.6796875,3,5
22,3319,0.13188356161117556,0.16231822967529297,0.625,2,5
22,3320,0.0092698335647583,0.0092698335647583,0.921875,2,4
22,3321,0.07703852653503418,0.07703852653503418,0.75390625,3,8
22,3322,0.04511880874633789,0.04511880874633789,0.8125,4,9
22,3323,0.0781086483038962,0.19413411617279053,0.4609375,3,5
22,3324,0.0681145191192627,0.0681145191192627,0.78125,2,4
22,3325,0.12420475482940674,0.12420475482940674,0.703125,3,4
22,3326,0.073383629322052,0.073383629322052,0.8046875,4,7
22,3327,0.07407714799046518,0.17559027671813965,0.46875,2,1
22,3328,0.12054127594456078,0.17837321758270264,0.5703125,2,4
22,3329,0.06794478744268419,0.25579214096069336,0.40625,4,6
22,3330,0.0103873610496521,0.0103873610496521,0.9453125,2,6
23,3210,0.05382359027862549,0.05382359027862549,0.77734375,3,6
23,3203,0.050962746143341064,0.050962746143341064,0.83203125,3,6
23,3331,0.04079926013946533,0.04079926013946533,0.81640625,3,6
23,3332,0.05307430028915405,0.05307430028915405,0.82421875,3,5
23,3333,0.010077476501464844,0.010077476501464844,0.9375,4,8
23,3334,0.047453999519348145,0.047453999519348145,0.79296875,2,3
23,3335,0.048637568950653076,0.048637568950653076,0.828125,3,6
23,3336,0.007536768913269043,0.007536768913269043,0.953125,3,5
23,3337,0.048429012298583984,0.048429012298583984,0.8984375,3,5
23,3338,0.0596584677696228,0.0596584677696228,0.7890625,3,6
23,3339,0.033930838108062744,0.033930838108062744,0.85546875,3,6
23,3340,0.0379205868812278,0.12059217691421509,0.42578125,3,4
23,3341,0.046352386474609375,0.046352386474609375,0.8203125,2,3
23,3342,0.0,0.3266960382461548,0.1171875,3,5
23,3343,0.03833574056625366,0.03833574056625366,0.8515625,3,6
23,3344,0.054126739501953125,0.054126739501953125,0.79296875,3,5
23,3345,0.05250728130340576,0.05250728130340576,0.78125,4,8
23,3346,0.0565190315246582,0.0565190315246582,0.77734375,3,6
23,3347,0.04118192195892334,0.04118192195892334,0.8828125,3,5
23,3348,0.036237478256225586,0.036237478256225586,0.87109375,3,5
23,3243,0.11034244112670423,0.1295764446258545,0.640625,1,2
23,3081,0.11534861032851042,0.12028205394744873,0.68359375,1,2
23,3349,0.10733023378998043,0.13052988052368164,0.62890625,1,1
23,3350,0.0341532826423645,0.0341532826423645,0.890625,1,1
23,3351,0.04264664649963379,0.04264664649963379,0.75390625,1,1
23,3352,0.07915854454040527,0.07915854454040527,0.796875,1,2
23,3353,0.09911444224417211,0.1714411973953247,0.53125,2,4
23,3354,0.08992579870391638,0.13502055406570435,0.56640625,1,1
23,3355,0.10771748842671515,0.1358407735824585,0.6171875,3,4
23,3356,0.02406442165374756,0.02406442165374756,0.91015625,3,5
23,3357,0.09246772527694702,0.09246772527694702,0.78125,1,1
23,3358,0.020264148712158203,0.020264148712158203,0.875,1,1
23,3359,0.10566494520753623,0.12552309036254883,0.63671875,2,3
23,3360,0.00870668888092041,0.00870668888092041,0.94921875,2,4
23,3361,0.10828621464315803,0.13489669561386108,0.62109375,1,1
23,3362,0.04586315155029297,0.04586315155029297,0.8671875,1,2
23,3363,0.0994266635971144,0.16912442445755005,0.53515625,1,1
23,3364,0.015628337860107422,0.015628337860107422,0.9140625,1,0
23,3365,0.07742351293563843,0.07742351293563843,0.796875,1,1
23,3366,0.016804099082946777,0.016804099082946777,0.9140625,1,3
23,3367,0.020341455936431885,0.020341455936431885,0.8984375,1,1
23,3368,0.03406941890716553,0.03406941890716553,0.828125,1,1
23,3369,0.11484766623470934,0.16288644075393677,0.58203125,2,4
23,3370,0.04345285892486574,0.2317485809326172,0.375,1,1
23,3371,0.06370967626571655,0.06370967626571655,0.80859375,2,5
23,3372,0.013872742652893066,0.013872742652893066,0.9296875,1,0
23,3373,0.04846471548080444,0.04846471548080444,0.8046875,1,2
23,3374,0.11037909076549114,0.14640957117080688,0.6015625,2,3
23,3375,0.018809080123901367,0.018809080123901367,0.88671875,1,0
23,3376,0.10902875661849976,0.10902875661849976,0.7265625,1,1
23,3377,0.00664830207824707,0.00664830207824707,0.953125,2,3
23,3378,0.10423854691907765,0.14991611242294312,0.578125,2,3
23,3379,0.10970058850944044,0.11210918426513672,0.69140625,2,4
23,3380,0.07654082775115967,0.07654082775115967,0.8125,1,2
23,3318,0.1254837128799409,0.12697166204452515,0.6953125,3,5
23,3298,0.12471707444638015,0.17936837673187256,0.578125,3,8
23,3381,0.03285789489746094,0.03285789489746094,0.8671875,3,8
23,3382,0.1183681196998805,0.18309509754180908,0.55859375,3,8
23,3383,0.03493710956536234,0.25194084644317627,0.35546875,3,8
23,3384,0.11025166511535645,0.11025166511535645,0.72265625,3,5
23,3385,0.06252602138556541,0.21926933526992798,0.4140625,1,2
23,3386,0.12289925944060089,0.1321941614151001,0.671875,1,3
23,3387,0.09915968263521792,0.14673340320587158,0.5703125,1,3
23,3388,0.07467007637023926,0.07467007637023926,0.7890625,3,4
23,3389,0.0688280643662438,0.23337727785110474,0.41796875,1,3
23,3390,0.132869896478951,0.1344454288482666,0.6953125,1,3
23,3391,0.12604984629433605,0.17877429723739624,0.58203125,1,3
23,3392,0.0977931917877868,0.16634589433670044,0.53515625,2,2
23,3393,0.12753484304994347,0.16283750534057617,0.61328125,1,2
23,3394,0.10971049801446499,0.11926066875457764,0.66796875,1,1
23,3395,0.02945709228515625,0.02945709228515625,0.87109375,1,1
23,3396,0.10951889550779016,0.18629127740859985,0.53515625,3,8
23,3397,0.12451255321502686,0.12451255321502686,0.703125,3,5
23,3398,0.13127811416052285,0.15070492029190063,0.6484375,3,7
23,3399,0.010236501693725586,0.010236501693725586,0.93359375,1,2
23,3400,0.08494749269448222,0.21113163232803345,0.4609375,1,3
23,3401,0.0713391900062561,0.0713391900062561,0.8125,1,2
23,3402,0.12326333671808244,0.151708722114563,0.625,3,4
23,3403,0.06401318311691284,0.06401318311691284,0.82421875,3,5
23,3048,0.14448803663253787,0.14914894104003906,0.6875,3,8
23,3303,0.13400757755152884,0.16106075048446655,0.6328125,2,4
23,3404,0.08859431743621826,0.08859431743621826,0.7890625,2,2
23,3405,0.0008037090301513672,0.0008037090301513672,0.9765625,2,3
23,3406,0.0004673004150390625,0.0004673004150390625,0.9765625,2,3
23,3407,0.04189258813858032,0.04189258813858032,0.8828125,1,1
23,3408,0.10211302875541152,0.12418496608734131,0.62890625,2,5
23,3409,0.06385034322738647,0.06385034322738647,0.80859375,1,2
23,3410,0.07153037819080056,0.19174635410308838,0.44921875,3,7
23,3411,0.009853899478912354,0.009853899478912354,0.92578125,3,7
23,3412,0.13059449195861816,0.13059449195861816,0.7109375,2,4
23,3413,0.042827849974855794,0.24096548557281494,0.37109375,3,6
23,3414,0.056772589683532715,0.056772589683532715,0.828125,2,3
23,3415,0.04435610771179199,0.04435610771179199,0.85546875,3,7
23,3416,0.012434005737304688,0.012434005737304688,0.92578125,4,9
23,3417,0.001599431037902832,0.001599431037902832,0.96875,4,7
23,3418,0.02693706750869751,0.02693706750869751,0.84765625,5,11
23,3419,0.1205635666847229,0.1205635666847229,0.703125,2,4
23,3420,0.09793142101261766,0.14285153150558472,0.57421875,4,9
23,3421,0.1289297559997067,0.13723915815353394,0.67578125,2,4
23,3422,0.06601122394204141,0.20360088348388672,0.4296875,2,5
23,3423,0.020468473434448242,0.020468473434448242,0.91015625,2,4
23,3424,0.1075168251991272,0.1075168251991272,0.7109375,2,3
23,3425,0.011720418930053711,0.011720418930053711,0.9453125,2,3
23,3426,0.13271477259695533,0.14581537246704102,0.6640625,1,2
23,3427,0.011443495750427246,0.011443495750427246,0.9296875,2,4
23,3428,0.13212836021557453,0.14999938011169434,0.65234375,1,3
23,3429,0.11637500161305073,0.19471895694732666,0.5390625,3,7
23,3430,0.008446455001831055,0.008446455001831055,0.9609375,1,1
23,3431,0.014549612998962402,0.014549612998962402,0.93359375,2,5
23,3432,0.0015728473663330078,0.0015728473663330078,0.97265625,1,2
23,2997,0.14036164584103974,0.15257996320724487,0.66796875,2,4
23,2425,0.13447676086798313,0.1561272144317627,0.64453125,3,7
23,3433,0.08821210451424123,0.20909535884857178,0.46875,2,3
23,3434,0.1191396391950548,0.19303637742996216,0.546875,3,5
23,3435,0.09303271770477295,0.09303271770477295,0.75390625,3,7
23,3436,0.04215407371520996,0.04215407371520996,0.8359375,4,7
23,3437,0.10264149727299811,0.1038585901260376,0.6953125,2,3
23,3438,0.009960174560546875,0.009960174560546875,0.94140625,3,5
23,3439,0.12886151787824932,0.15487581491470337,0.6328125,3,4
23,3440,0.012675762176513672,0.012675762176513672,0.92578125,3,5
23,3441,0.12978143268264833,0.14898675680160522,0.6484375,3,6
23,3442,0.007984161376953125,0.007984161376953125,0.96484375,3,6
23,3443,0.1186359846033156,0.18632400035858154,0.5546875,2,5
23,3444,0.09167124435771258,0.14179962873458862,0.55859375,2,4
23,3445,0.13741132989525798,0.14780378341674805,0.671875,2,4
23,3446,0.09873215388506652,0.14610075950622559,0.5703125,4,8
23,3447,0.06430264655500652,0.18189477920532227,0.44140625,2,5
23,3448,0.039621710777282715,0.039621710777282715,0.85546875,4,7
23,3449,0.12991111830342564,0.15082651376724243,0.64453125,3,5
23,3450,0.07740712724626066,0.20220637321472168,0.453125,4,8
23,3451,0.1174879362806678,0.1481621265411377,0.6171875,5,7
23,3452,0.08292448357678951,0.14845222234725952,0.5234375,3,6
23,3453,0.11230317782610656,0.11831116676330566,0.6796875,2,4
23,3454,0.0,0.32929015159606934,0.1171875,2,4
23,3455,0.12451828457415105,0.16099333763122559,0.609375,3,7
23,3456,0.03500932455062866,0.03500932455062866,0.90625,3,4
23,3457,0.039241254329681396,0.039241254329681396,0.83203125,2,4
23,3458,0.0,0.30323904752731323,0.15625,4,7
23,3459,0.07445406913757324,0.07445406913757324,0.79296875,2,5
23,3460,0.096148987300694,0.20011496543884277,0.4921875,2,4
23,3461,0.0412473148899153,0.209095299243927,0.37890625,2,4
23,3462,0.054353205487132086,0.19736766815185547,0.41015625,1,1
23,3463,0.12105424830224366,0.16706138849258423,0.58984375,3,7
23,3464,0.09415060118772091,0.10234630107879639,0.66796875,1,2
23,3465,0.10776272439397874,0.20359599590301514,0.51171875,2,5
23,3466,0.03921538591384888,0.03921538591384888,0.8515625,2,1
23,3467,0.04442274570465088,0.04442274570465088,0.83984375,3,6
23,3468,0.09427058696746826,0.09427058696746826,0.7578125,3,4
23,3469,0.11093914275988938,0.18263936042785645,0.54296875,4,6
23,3470,0.01871389150619507,0.01871389150619507,0.93359375,3,3
24,3338,0.05576890707015991,0.05576890707015991,0.765625,3,6
24,3346,0.05143773555755615,0.05143773555755615,0.76171875,3,6
24,3471,0.04887199401855469,0.04887199401855469,0.7890625,3,5
24,3472,0.056655824184417725,0.056655824184417725,0.74609375,3,5
24,3473,0.04776597023010254,0.04776597023010254,0.859375,4,7
24,3474,0.03561431169509888,0.03561431169509888,0.86328125,2,2
24,3475,0.05128192901611328,0.05128192901611328,0.75390625,3,5
24,3476,0.05033600330352783,0.05033600330352783,0.76953125,3,6
24,3477,0.04670232534408569,0.04670232534408569,0.76171875,3,7
24,3478,0.017716646194458008,0.017716646194458008,0.890625,3,5
24,3479,0.07324761152267456,0.07324761152267456,0.71484375,3,6
24,3480,0.04685258865356445,0.04685258865356445,0.77734375,3,6
24,3481,0.03593242168426514,0.03593242168426514,0.8828125,3,4
24,3354,0.07566343992948533,0.1266002655029297,0.5390625,1,1
24,3210,0.04900050163269043,0.04900050163269043,0.7734375,3,6
24,3482,0.01498055551201106,0.2474207878112793,0.32421875,1,1
24,3483,0.046727776527404785,0.046727776527404785,0.77734375,3,6
24,3484,0.04916626214981079,0.04916626214981079,0.76171875,3,6
24,3485,0.047838193131610765,0.19439011812210083,0.3984375,1,1
24,3486,0.07444876385852696,0.12456786632537842,0.5390625,1,1
24,3487,0.04921984672546387,0.04921984672546387,0.78515625,1,1
24,3488,0.032646756386384375,0.20635974407196045,0.36328125,1,1
24,3489,0.00225675106048584,0.00225675106048584,0.96875,1,0
24,3490,0.061662683263421066,0.15707111358642578,0.45703125,1,1
24,3491,0.027988076210021973,0.027988076210021973,0.859375,1,2
24,3426,0.11527152359485628,0.14187264442443848,0.625,1,2
24,3428,0.11067350651137532,0.14492285251617432,0.60546875,1,3
24,3492,4.458427429199219e-05,4.458427429199219e-05,1.0,1,1
24,3493,0.00900954008102417,0.00900954008102417,0.9375,1,2
24,3494,0.0328899621963501,0.0328899621963501,0.87109375,2,3
24,3495,0.09426745213568212,0.09730833768844604,0.6875,1,3
24,3496,0.005135645857080825,0.23904097080230713,0.30859375,1,2
24,3497,0.07698178291320801,0.07698178291320801,0.75,1,2
24,3498,0.05439556203782559,0.1785290241241455,0.421875,1,1
24,3499,0.10160073917359115,0.12656831741333008,0.62109375,2,3
24,3500,0.06813114881515503,0.06813114881515503,0.765625,1,1
24,3501,0.007052004337310791,0.007052004337310791,0.9375,1,3
24,3502,0.004559159278869629,0.004559159278869629,0.96484375,1,2
24,3503,0.03778018802404405,0.20149433612823486,0.375,1,1
24,3504,0.011534452438354492,0.011534452438354492,0.9375,2,3
24,3505,0.11185403331182898,0.13603150844573975,0.62890625,1,2
24,3506,0.08834171295166016,0.08834171295166016,0.75390625,1,2
24,3507,0.042335569858551025,0.042335569858551025,0.80859375,1,2
24,3508,0.06861543655395508,0.06861543655395508,0.76171875,1,2
24,3509,0.021660566329956055,0.021660566329956055,0.91015625,1,2
24,3510,0.1082246752921492,0.1084364652633667,0.69921875,1,2
24,3390,0.10894747800193728,0.13094156980514526,0.6328125,1,3
24,3393,0.11480848700739445,0.15844190120697021,0.58984375,1,2
24,3511,0.09511858224868777,0.1902371644973755,0.5,2,4
24,3512,0.008801817893981934,0.008801817893981934,0.95703125,1,2
24,3513,0.012380063533782959,0.012380063533782959,0.9140625,1,3
24,3514,0.08208459615707397,0.08208459615707397,0.75390625,1,1
24,3515,0.08726060390472412,0.08726060390472412,0.70703125,1,2
24,3516,0.10695673990994693,0.11504590511322021,0.671875,1,2
24,3517,0.08223462104797363,0.08223462104797363,0.70703125,1,1
24,3518,0.047086119651794434,0.047086119651794434,0.84375,1,2
24,3519,0.00979846715927124,0.00979846715927124,0.94140625,1,3
24,3520,0.009000062942504883,0.009000062942504883,0.9375,1,3
24,3521,0.09277949086390437,0.09481656551361084,0.69140625,1,2
24,3522,0.05252789705991746,0.15280842781066895,0.4375,2,4
24,3523,0.11217287823092194,0.14322322607040405,0.61328125,1,3
24,3524,0.017931759357452393,0.017931759357452393,0.8828125,1,1
24,3525,0.0010046958923339844,0.0010046958923339844,0.9765625,2,4
24,3526,0.011956453323364258,0.011956453323364258,0.91015625,1,2
24,3445,0.11291424371302129,0.14416980743408203,0.61328125,2,4
24,2425,0.11328231962397696,0.15223240852355957,0.59765625,3,7
24,3527,0.03151581750717015,0.2272689938545227,0.35546875,1,2
24,3528,0.0015331506729125977,0.0015331506729125977,0.99609375,2,3
24,3529,0.00860130786895752,0.00860130786895752,0.96875,3,7
24,3530,0.006750345230102539,0.006750345230102539,0.96875,3,6
24,3531,0.036609649658203125,0.036609649658203125,0.90234375,2,4
24,3532,0.10203376784920694,0.1554800271987915,0.5625,3,4
24,3533,0.03437186870723964,0.20463252067565918,0.3671875,2,4
24,3534,0.009257078170776367,0.009257078170776367,0.94140625,2,4
24,3535,0.03793156147003174,0.03793156147003174,0.84375,2,4
24,3536,0.07759451866149902,0.07759451866149902,0.75390625,1,1
24,3537,0.044726014137268066,0.044726014137268066,0.87109375,2,4
24,3538,0.00990915298461914,0.00990915298461914,0.94140625,2,2
24,3539,0.006403326988220215,0.006403326988220215,0.9453125,2,5
24,3540,0.11387572623789312,0.13072729110717773,0.6484375,4,9
24,3541,0.10273209237493576,0.18718445301055908,0.51953125,3,6
24,3542,0.0387805700302124,0.0387805700302124,0.828125,3,5
24,3543,0.10757985385134818,0.134016752243042,0.62109375,3,4
24,3544,0.05703878402709961,0.05703878402709961,0.7578125,3,5
24,3545,0.07754766941070558,0.15509533882141113,0.5,2,3
24,3546,0.10385040938854219,0.17963314056396484,0.53125,3,4
24,3547,0.023402196122333418,0.23493969440460205,0.33984375,2,3
24,3548,0.08805578947067261,0.08805578947067261,0.75,1,2
24,3549,0.08551394939422607,0.08551394939422607,0.78515625,3,7
24,3550,0.0064345598220825195,0.0064345598220825195,0.94921875,3,5
24,3551,0.1050407165894285,0.15322178602218628,0.57421875,3,5
24,3552,0.04390796832740308,0.193800687789917,0.390625,2,4
24,3553,0.10358188301324846,0.18224716186523438,0.52734375,2,3
24,3554,0.09819037537090482,0.11801284551620483,0.6328125,2,3
24,3555,0.09902497427538039,0.1870877742767334,0.51171875,2,4
24,3556,0.03491699695587158,0.03491699695587158,0.828125,3,5
24,3557,0.07755160331726074,0.07755160331726074,0.796875,3,5
24,3558,0.10764320555608721,0.17721325159072876,0.54296875,2,2
24,3559,0.012538433074951172,0.012538433074951172,0.89453125,2,3
24,3560,0.08503551362082364,0.1844838261604309,0.484375,2,4
24,3561,0.10265993489883841,0.1038772463798523,0.6953125,2,4
24,2997,0.1150104319676757,0.14870035648345947,0.609375,2,4
24,3463,0.10221794550307096,0.16053861379623413,0.5546875,3,7
24,3562,0.0,0.3033633828163147,0.1953125,2,3
24,3563,0.0170693057589233,0.2427634596824646,0.328125,2,4
24,3564,0.004143953323364258,0.004143953323364258,0.94140625,3,6
24,3565,0.09972340054810049,0.1357935667037964,0.59375,3,7
24,3566,0.028142926283180724,0.2573067545890808,0.34375,3,7
24,3567,0.02319347858428955,0.02319347858428955,0.87109375,1,1
24,3568,0.08117123413830997,0.10364007949829102,0.61328125,2,4
24,3569,1.5497207641601562e-05,1.5497207641601562e-05,1.0,2,4
24,3570,0.012328684329986572,0.012328684329986572,0.90625,1,2
24,3571,0.09068740019574763,0.15425896644592285,0.53515625,1,1
24,3572,0.010813355445861816,0.010813355445861816,0.9375,2,4
24,3573,0.04132892936468126,0.2204209566116333,0.375,2,2
24,3574,0.06554803461767734,0.22225558757781982,0.41796875,3,6
24,3575,0.074292597360909,0.1940704584121704,0.453125,3,6
24,3576,0.0,0.31861400604248047,0.1484375,2,3
24,3577,0.00642627477645874,0.00642627477645874,0.95703125,2,2
24,3578,0.05536031723022461,0.05536031723022461,0.83203125,2,4
24,3579,0.0,0.2582070827484131,0.25390625,2,4
24,3580,0.0,0.260766863822937,0.29296875,3,7
24,3581,0.0256229266524315,0.2342667579650879,0.34375,2,3
24,3582,0.01336658000946045,0.01336658000946045,0.94140625,2,3
24,3583,0.061634719371795654,0.061634719371795654,0.8359375,1,1
24,3584,0.014173805713653564,0.014173805713653564,0.91015625,2,3
24,3585,0.028160929679870605,0.028160929679870605,0.859375,1,1
24,3048,0.12466646404936911,0.14473748207092285,0.64453125,3,8
24,3398,0.11379600735381247,0.14713019132614136,0.609375,3,7
24,3586,0.050681471824645996,0.050681471824645996,0.77734375,3,6
24,3587,0.08849764335900547,0.20049023628234863,0.4765625,3,6
24,3588,0.11132506281137468,0.1370154619216919,0.625,3,5
24,3589,0.11010158713907005,0.1236228346824646,0.65625,3,6
24,3590,0.11397229926660658,0.1437286138534546,0.6171875,3,5
24,3591,0.07192933559417725,0.07192933559417725,0.79296875,3,7
24,3592,0.11031640693545343,0.16810119152069092,0.5625,2,4
24,3593,0.012996792793273926,0.012996792793273926,0.90625,4,6
24,3594,0.10697399824857713,0.12562084197998047,0.640625,2,3
24,3595,0.1061393766431138,0.11788147687911987,0.66015625,3,6
24,3596,0.10946258949115874,0.15524888038635254,0.58203125,2,3
24,3597,0.0,0.2588195204734802,0.2890625,2,4
24,3598,0.004084587097167969,0.004084587097167969,0.95703125,3,5
24,3599,0.022294044494628906,0.022294044494628906,0.87109375,3,5
24,3600,0.04233058635145427,0.21458673477172852,0.37890625,3,7
24,3601,0.106760963331908,0.11483532190322876,0.671875,4,8
24,3602,0.11022324417717756,0.1251314878463745,0.65234375,4,8
24,3603,0.10457107960246505,0.11016541719436646,0.6796875,3,5
24,3604,0.1071656495332718,0.11527061462402344,0.671875,3,7
24,3605,0.06268995394930245,0.21984422206878662,0.4140625,2,4
24,3606,0.12104561598971487,0.1302003264427185,0.671875,3,8
25,3487,0.04712396860122681,0.04712396860122681,0.8515625,1,1
25,3482,0.05917029501870276,0.26116544008255005,0.390625,1,1
25,3607,0.055976692470721914,0.2581987977027893,0.38671875,2,3
25,3608,0.05134367197752,0.27383291721343994,0.375,1,2
25,3609,0.059168218751437976,0.27292007207870483,0.38671875,1,1
25,3610,0.0,0.0,1.0,2,1
25,3571,0.12736428109928968,0.1667788028717041,0.60546875,1,1
25,3568,0.09167625010013582,0.11283230781555176,0.625,2,4
25,3611,0.0326848030090332,0.0326848030090332,0.875,2,3
25,3612,0.03234738111495972,0.03234738111495972,0.88671875,1,1
25,3613,0.030384361743927002,0.030384361743927002,0.890625,2,2
25,3614,0.04369635041803123,0.24585199356079102,0.37109375,1,1
25,3615,0.1330604129470885,0.1431238055229187,0.671875,1,1
25,3616,0.045371174812316895,0.045371174812316895,0.80078125,1,0
25,3617,0.06276501039974393,0.07818901538848877,0.62109375,1,1
25,3618,0.0,0.251254141330719,0.16015625,3,5
25,3619,0.04825359582901001,0.04825359582901001,0.8515625,1,2
25,3620,0.038292498327791705,0.21544790267944336,0.37109375,2,2
25,3621,0.00882411003112793,0.00882411003112793,0.94921875,1,0
25,3622,0.06112468242645264,0.06112468242645264,0.7890625,1,1
25,3623,0.013570725917816162,0.013570725917816162,0.93359375,1,1
25,3624,0.06757902354002,0.06838035583496094,0.6953125,1,0
25,3510,0.11201798915863037,0.11201798915863037,0.78125,1,2
25,3604,0.12117379903793335,0.12117379903793335,0.7578125,3,7
25,3625,0.09023892879486084,0.09023892879486084,0.84765625,3,8
25,3626,0.08531816164031626,0.15827137231826782,0.515625,1,3
25,3627,0.01706230640411377,0.01706230640411377,0.9296875,2,2
25,3628,0.04130566120147705,0.04130566120147705,0.89453125,3,6
25,3629,0.11124444007873535,0.11124444007873535,0.78125,2,3
25,3630,0.005583524703979492,0.005583524703979492,0.9609375,1,2
25,3631,0.06569564342498779,0.06569564342498779,0.83984375,2,3
25,3632,0.11290221288800241,0.12676739692687988,0.65625,1,3
25,3633,0.02232825756072998,0.02232825756072998,0.92578125,3,7
25,3634,0.14041143655776978,0.14041143655776978,0.7265625,2,3
25,3635,0.04436385631561279,0.04436385631561279,0.86328125,2,3
25,3636,0.009931802749633789,0.009931802749633789,0.95703125,1,3
25,3637,0.08099925518035889,0.08099925518035889,0.79296875,1,1
25,3638,0.015233635902404785,0.015233635902404785,0.94921875,2,4
25,3639,0.010266482830047607,0.010266482830047607,0.953125,4,8
25,3640,0.11010897159576416,0.11010897159576416,0.7890625,4,8
25,3641,0.10835301876068115,0.10835301876068115,0.79296875,1,2
25,3642,0.018161535263061523,0.018161535263061523,0.92578125,1,3
25,3523,0.14812278747558594,0.14812278747558594,0.703125,1,3
25,3428,0.1502774953842163,0.1502774953842163,0.7109375,1,3
25,3643,0.13095619808882478,0.18834149837493896,0.578125,1,2
25,3644,0.15646817255765202,0.1583235263824463,0.6953125,1,3
25,3645,0.14042878150939941,0.14042878150939941,0.72265625,1,3
25,3646,0.10632636398077012,0.15291881561279297,0.578125,1,3
25,3647,0.08274900913238525,0.08274900913238525,0.796875,1,2
25,3648,0.13748002005741003,0.17337381839752197,0.6171875,1,2
25,3649,0.011164486408233643,0.011164486408233643,0.94921875,1,3
25,3650,0.14120948314666748,0.14120948314666748,0.71875,1,3
25,3651,0.14961165189743042,0.14961165189743042,0.703125,1,3
25,3652,0.15461851470172408,0.1736067533493042,0.65625,1,2
25,3653,0.01605325937271118,0.01605325937271118,0.95703125,2,4
25,3654,0.11029207706451416,0.11029207706451416,0.77734375,1,2
25,3655,0.02171379327774048,0.02171379327774048,0.91796875,1,2
25,3656,0.07013440132141113,0.07013440132141113,0.87109375,1,3
25,3657,3.445148468017578e-05,3.445148468017578e-05,1.0,2,4
25,3658,0.09044693177565934,0.21947312355041504,0.46484375,1,3
25,3659,0.0010994672775268555,0.0010994672775268555,0.98828125,1,2
25,3660,0.10117322206497192,0.10117322206497192,0.81640625,1,3
25,2997,0.1527576446533203,0.1527576446533203,0.7109375,2,4
25,3540,0.13655483722686768,0.13655483722686768,0.72265625,4,9
25,3661,0.01308751106262207,0.01308751106262207,0.94921875,2,3
25,3662,0.11054074764251709,0.11054074764251709,0.77734375,3,5
25,3663,0.1443173885345459,0.1443173885345459,0.703125,4,9
25,3664,0.1466391473077238,0.18492424488067627,0.6171875,4,8
25,3665,0.01067972183227539,0.01067972183227539,0.94921875,3,6
25,3666,0.0057005609851330605,0.26533520221710205,0.30859375,1,2
25,3667,0.14762485027313232,0.14762485027313232,0.71484375,3,5
25,3668,0.16058692359365526,0.1843509078025818,0.6484375,3,5
25,3669,0.15585621586069467,0.1712411642074585,0.6640625,4,7
25,3670,0.1490163146518171,0.18122649192810059,0.62890625,2,4
25,3671,0.15597809385508302,0.17707490921020508,0.65234375,2,3
25,3672,0.020702064037322998,0.020702064037322998,0.921875,3,3
25,3673,0.08841773215681316,0.1611027717590332,0.51953125,2,4
25,3674,0.009448409080505371,0.009448409080505371,0.9453125,3,5
25,3675,0.05280095338821411,0.05280095338821411,0.8671875,2,4
25,3676,0.15421098726801577,0.1712712049484253,0.66015625,2,4
25,3677,0.11556810140609741,0.11556810140609741,0.7109375,2,3
25,3678,0.15326247713528576,0.17793738842010498,0.64453125,3,8
25,3679,0.08126115798950195,0.08126115798950195,0.79296875,5,9
25,3680,0.04350781440734863,0.04350781440734863,0.875,3,4
25,3681,0.0049381256103515625,0.0049381256103515625,0.9609375,3,7
25,3682,0.05785054620355369,0.2350752353668213,0.3984375,3,7
25,3683,0.1375640630722046,0.1375640630722046,0.7109375,5,8
25,3684,0.006617903709411621,0.006617903709411621,0.9609375,2,4
25,3685,0.07299244403839111,0.07299244403839111,0.80859375,2,3
25,3686,0.16091704694554212,0.17680156230926514,0.6640625,2,4
25,3687,0.10093604214489461,0.10856986045837402,0.671875,3,6
25,3688,0.14767235668841752,0.1933714747428894,0.60546875,4,7
25,3689,0.15621391392778608,0.1813639998435974,0.64453125,2,4
25,3690,0.10647988319396973,0.10647988319396973,0.78515625,3,5
25,3691,0.153862095088698,0.17088371515274048,0.66015625,4,7
25,3692,0.10588741302490234,0.10588741302490234,0.8046875,4,4
25,3693,0.0,0.33302855491638184,0.1171875,2,4
25,3694,0.0062901973724365234,0.0062901973724365234,0.98046875,3,5
25,3695,0.042212486267089844,0.042212486267089844,0.890625,3,8
25,3696,0.12854828173294666,0.20189177989959717,0.5546875,4,7
25,3697,0.0875243414193392,0.24092721939086914,0.4453125,4,6
25,3698,0.14588725566864014,0.14588725566864014,0.7109375,3,7
25,3699,0.013113200664520264,0.013113200664520264,0.94921875,4,6
25,3700,0.005271255970001221,0.005271255970001221,0.9609375,2,4
25,3701,0.009131431579589844,0.009131431579589844,0.953125,3,4
25,3426,0.14474695920944214,0.14474695920944214,0.71875,1,2
25,3393,0.15413261204957965,0.16406631469726562,0.67578125,1,2
25,3702,0.1183343518059701,0.2156127691268921,0.51953125,1,2
25,3703,0.0670061707496643,0.0670061707496643,0.8203125,1,2
25,3704,0.08698313497006895,0.22722125053405762,0.453125,1,2
25,3705,0.023592114681378017,0.23684632778167725,0.33984375,1,2
25,3706,0.14285385608673096,0.14285385608673096,0.71484375,1,2
25,3707,0.006926357746124268,0.006926357746124268,0.96484375,3,3
25,3708,0.10914409114047888,0.19539082050323486,0.5234375,1,2
25,3709,1.8835067749023438e-05,1.8835067749023438e-05,0.99609375,1,0
25,3710,0.1507968306541443,0.1507968306541443,0.703125,3,4
25,3711,0.1486039161682129,0.1486039161682129,0.7109375,1,3
25,3712,0.04150633513927461,0.22136712074279785,0.375,1,2
25,3713,0.15583714284002784,0.17497503757476807,0.65625,1,2
25,3714,0.06232619285583496,0.06232619285583496,0.890625,1,2
25,3715,0.025532007217407227,0.025532007217407227,0.90234375,1,1
25,3716,0.011724591255187988,0.011724591255187988,0.94921875,1,1
25,3717,0.15927997231483462,0.1595916748046875,0.69921875,1,2
25,3718,0.04803985357284546,0.04803985357284546,0.8828125,1,1
25,3719,0.1593963312916458,0.15970826148986816,0.69921875,1,2
25,3720,0.00431293249130249,0.00431293249130249,0.96875,1,1
25,3048,0.15303325653076172,0.15303325653076172,0.71875,3,8
25,3606,0.1394902467727661,0.1394902467727661,0.73828125,3,8
25,3721,0.10131264827214183,0.10564577579498291,0.68359375,3,5
25,3722,0.08616805076599121,0.08616805076599121,0.85546875,3,7
25,3723,0.025664031505584717,0.025664031505584717,0.93359375,3,6
25,3724,0.11806844174861911,0.20422649383544922,0.53125,3,7
25,3725,0.011866331100463867,0.011866331100463867,0.953125,3,8
25,3726,0.12555091944523158,0.1644042730331421,0.60546875,3,6
25,3727,0.009889960289001465,0.009889960289001465,0.95703125,4,6
25,3728,0.014591097831726074,0.014591097831726074,0.9453125,2,2
25,3729,0.015808463096618652,0.015808463096618652,0.95703125,3,8
25,3730,0.058874666690826416,0.058874666690826416,0.890625,2,5
25,3731,0.15229796664789322,0.16211342811584473,0.67578125,3,7
25,3732,0.12028968334197998,0.12028968334197998,0.71875,4,6
25,3733,0.13828551769256592,0.13828551769256592,0.72265625,4,8
25,3734,0.15105606056749823,0.15913724899291992,0.6796875,3,6
25,3735,0.07366776466369629,0.07366776466369629,0.81640625,3,6
25,3736,0.10932868870440873,0.21446853876113892,0.50390625,2,5
25,3737,0.11203088704496625,0.2156383991241455,0.5078125,3,6
25,3738,0.09894192218780518,0.09894192218780518,0.75,3,4
25,3739,0.15354789840057495,0.19128108024597168,0.62109375,2,3
25,3740,0.03911471366882324,0.03911471366882324,0.8984375,3,8
25,3741,0.12674847221933308,0.1749197244644165,0.58984375,3,6
25,3742,0.08315985056106003,0.23523670434951782,0.44140625,3,4
26,3482,0.027445309795439254,0.2755293846130371,0.33984375,1,1
26,3609,0.020271234679967172,0.2883020043373108,0.328125,1,1
26,3743,0.021073460578918457,0.021073460578918457,0.875,1,1
26,3744,0.013611435890197754,0.013611435890197754,0.921875,1,1
26,3745,0.02030222676694394,0.2887427806854248,0.328125,1,1
26,3746,0.014891720842570077,0.2932523488998413,0.3203125,1,1
26,3747,0.036194998305290944,0.2807854413986206,0.3515625,2,3
26,3748,0.017904152045957755,0.2957072854042053,0.32421875,1,2
26,3749,0.06300907535478474,0.2560368776321411,0.3984375,1,1
26,3750,0.017917544580996047,0.2959284782409668,0.32421875,1,2
26,3632,0.10835191397927703,0.13177239894866943,0.62890625,1,3
26,3687,0.10365220753010364,0.1126750111579895,0.66796875,3,6
26,3751,0.014519095420837402,0.014519095420837402,0.9140625,3,5
26,3752,0.10587211197707803,0.128756582736969,0.62890625,1,2
26,3753,0.0,0.22123074531555176,0.18359375,1,4
26,3754,0.10685182595625521,0.1254773736000061,0.640625,1,2
26,3755,1.1920928955078125e-05,1.1920928955078125e-05,1.0,1,2
26,3756,0.10406364640221001,0.11193400621414185,0.671875,3,6
26,3757,0.022077753441408287,0.221643328666687,0.33984375,3,5
26,3758,0.006394624710083008,0.006394624710083008,0.9453125,2,3
26,3759,0.003296375274658203,0.003296375274658203,0.953125,1,3
26,3760,0.0006827712059020996,0.0006827712059020996,0.98046875,1,2
26,3761,0.017347335815429688,0.017347335815429688,0.91015625,4,7
26,3762,0.00017154216766357422,0.00017154216766357422,0.98828125,2,4
26,3615,0.10367213701829316,0.15341079235076904,0.5703125,1,1
26,3571,0.09297808166593315,0.17896533012390137,0.5078125,1,1
26,3763,0.007790327072143555,0.007790327072143555,0.93359375,1,0
26,3764,0.005906999111175537,0.005906999111175537,0.95703125,2,2
26,3765,0.103483525919728,0.16007119417190552,0.55859375,1,2
26,3766,0.090556800365448,0.090556800365448,0.75,2,4
26,3767,0.005460500717163086,0.005460500717163086,0.94921875,1,0
26,3768,0.11539864505175502,0.13708609342575073,0.63671875,2,3
26,3769,0.0023064613342285156,0.0023064613342285156,0.96484375,1,0
26,3770,0.04951024055480957,0.04951024055480957,0.86328125,2,2
26,3771,0.10718869243282826,0.15202385187149048,0.58203125,2,3
26,3772,0.0005657672882080078,0.0005657672882080078,0.984375,1,1
26,3773,0.0010734796524047852,0.0010734796524047852,0.9765625,2,2
26,3774,0.11440417403355242,0.12305659055709839,0.671875,1,1
26,3775,0.08439977746456863,0.23232626914978027,0.4453125,1,1
26,3776,0.032616615295410156,0.032616615295410156,0.8359375,1,0
26,3678,0.12183612270746383,0.19433051347732544,0.55078125,3,8
26,2997,0.13089953409507873,0.16713356971740723,0.61328125,2,4
26,3777,0.04163817828521134,0.2011202573776245,0.3828125,3,6
26,3778,0.03566157817840576,0.03566157817840576,0.875,1,2
26,3779,0.11725288396701218,0.18137001991271973,0.55859375,3,8
26,3780,0.10201666038483384,0.19273996353149414,0.51171875,3,5
26,3781,4.827976226806641e-06,4.827976226806641e-06,1.0,4,5
26,3782,0.09055221080780029,0.09055221080780029,0.78515625,3,4
26,3783,0.09105533128604294,0.2263122797012329,0.4609375,1,2
26,3784,0.06228995323181152,0.06228995323181152,0.76171875,1,2
26,3785,0.0,0.27074170112609863,0.28515625,2,3
26,3786,0.01574087142944336,0.01574087142944336,0.94921875,3,5
26,3787,0.05088472366333008,0.05088472366333008,0.859375,2,4
26,3788,0.13563869555946442,0.13590413331985474,0.69921875,4,9
26,3789,0.009422123432159424,0.009422123432159424,0.95703125,2,3
26,3790,0.04251229763031006,0.04251229763031006,0.8671875,3,4
26,3791,0.05156916996929796,0.21821004152297974,0.39453125,3,7
26,3792,0.0,0.27244675159454346,0.27734375,2,4
26,3793,0.10341543797403575,0.2243589162826538,0.484375,2,4
26,3794,0.004423856735229492,0.004423856735229492,0.97265625,2,4
26,3795,0.08063541864976288,0.22809576988220215,0.44140625,3,4
26,3796,0.030695319175720215,0.030695319175720215,0.890625,1,1
26,3719,0.12391806207597257,0.17334985733032227,0.5859375,1,2
26,3689,0.12116275355219844,0.19631433486938477,0.546875,2,4
26,3797,0.09388178586959839,0.09388178586959839,0.71484375,1,2
26,3798,0.011143922805786133,0.011143922805786133,0.92578125,1,1
26,3799,0.10195744037628174,0.10195744037628174,0.72265625,1,2
26,3800,0.0026355385780334473,0.0026355385780334473,0.984375,1,1
26,3801,0.12309216917492452,0.19040238857269287,0.55859375,3,4
26,3802,0.1161783882416785,0.2116844654083252,0.51953125,4,8
26,3803,0.12492895615287126,0.16358983516693115,0.60546875,4,6
26,3804,0.12059847556520255,0.18654507398605347,0.55859375,1,2
26,3805,0.06950567336753012,0.24374592304229736,0.4140625,1,2
26,3806,0.08741724491119385,0.08741724491119385,0.8046875,1,1
26,3807,0.008355915546417236,0.008355915546417236,0.95703125,1,1
26,3808,0.12509167275857183,0.18246990442276,0.57421875,1,2
26,3809,0.04498916678130628,0.19857287406921387,0.390625,2,4
26,3810,0.12357320962473752,0.18285977840423584,0.5703125,1,2
26,3811,0.0008181929588317871,0.0008181929588317871,0.9921875,2,4
26,3812,0.08090115361846985,0.22269564867019653,0.4453125,2,4
26,3813,0.00024521350860595703,0.00024521350860595703,0.984375,3,4
26,3814,0.12358545523602518,0.19712072610855103,0.55078125,1,2
26,3815,0.11172866821289062,0.11172866821289062,0.73828125,1,3
26,3816,0.08611597411800177,0.2308449149131775,0.44921875,3,6
26,3817,0.005535543081350632,0.2576543688774109,0.30859375,2,3
26,3818,0.0847835596650839,0.2333827018737793,0.4453125,2,3
26,3668,0.1236097672954202,0.2002791166305542,0.546875,3,5
26,3048,0.13661019806750122,0.16613876819610596,0.62890625,3,8
26,3819,0.08126562833786011,0.08126562833786011,0.8125,3,6
26,3820,0.1268145386129618,0.19040775299072266,0.56640625,3,5
26,3821,0.061429500579833984,0.061429500579833984,0.796875,3,6
26,3822,0.08699709177017212,0.08699709177017212,0.7734375,3,6
26,3823,0.011904001235961914,0.011904001235961914,0.921875,3,6
26,3824,5.0067901611328125e-05,5.0067901611328125e-05,0.98828125,2,3
26,3825,0.0,0.28042370080947876,0.2734375,3,6
26,3826,0.111434844089672,0.21860015392303467,0.50390625,3,5
26,3827,0.09620138932950796,0.22287380695343018,0.47265625,2,5
26,3828,0.03378088760655374,0.213528573513031,0.36328125,2,4
26,3829,0.12529781553894284,0.15998125076293945,0.61328125,3,7
26,3830,0.004417240619659424,0.004417240619659424,0.9609375,4,9
26,3831,0.0715252161026001,0.0715252161026001,0.78125,3,5
26,3832,0.11505448818206787,0.11505448818206787,0.75,3,5
26,3833,0.04598857206292452,0.2587488889694214,0.37109375,3,8
26,3834,0.11958864051848653,0.1878201961517334,0.5546875,2,5
26,3835,0.09911894798278809,0.09911894798278809,0.7734375,3,7
26,3836,0.05856621265411377,0.05856621265411377,0.84375,3,7
26,3837,0.1032630205154419,0.1032630205154419,0.765625,3,6
26,3838,0.017358839511871338,0.017358839511871338,0.9375,3,5
26,3839,0.12949943612329665,0.16330963373184204,0.6171875,3,7
26,3840,0.11230256175622347,0.22030234336853027,0.50390625,3,6
26,3841,0.1283182390034199,0.1898813247680664,0.5703125,2,5
26,3842,0.129734791116789,0.14254122972488403,0.6640625,3,7
26,3843,0.13148185610771182,0.16580963134765625,0.6171875,3,6
26,3844,0.05159071180969478,0.23796796798706055,0.38671875,3,6
26,3686,0.1266990185249597,0.19023430347442627,0.56640625,2,4
26,3717,0.12676298408769074,0.17493975162506104,0.58984375,1,2
26,3845,0.12352922011632474,0.16175693273544312,0.60546875,4,6
26,3846,0.02825188636779785,0.02825188636779785,0.90234375,4,6
26,3847,0.12535267812199893,0.17778551578521729,0.58203125,1,2
26,3848,0.012108445167541504,0.012108445167541504,0.92578125,4,7
26,3849,0.12276370124891402,0.17655903100967407,0.578125,1,2
26,3850,0.10971253481693569,0.21522152423858643,0.50390625,1,2
26,3851,0.09729169798083605,0.15049350261688232,0.55859375,1,1
26,3852,0.030261576175689697,0.030261576175689697,0.85546875,2,3
26,3853,0.11280965805053711,0.11280965805053711,0.71484375,2,4
26,3854,0.05233633518218994,0.05233633518218994,0.86328125,1,3
26,3855,0.006416797637939453,0.006416797637939453,0.96875,1,2
26,3856,0.004182279109954834,0.004182279109954834,0.9765625,2,4
26,3857,0.07015281915664673,0.07015281915664673,0.78125,2,3
26,3858,0.12313694262411447,0.1612432599067688,0.60546875,3,4
26,3859,0.03311756160110236,0.23881959915161133,0.35546875,2,4
26,3860,0.044767022132873535,0.044767022132873535,0.8359375,2,4
26,3861,0.1296070378739387,0.16145694255828857,0.62109375,2,2
26,3862,0.01794600486755371,0.01794600486755371,0.90625,2,2
26,3863,0.0992938578128815,0.19858771562576294,0.5,1,3
26,3864,0.0393146276473999,0.0393146276473999,0.85546875,1,2
26,3865,0.06521940231323242,0.06521940231323242,0.8515625,1,1
26,3866,0.12106911465525629,0.1844862699508667,0.5625,5,7
26,3867,0.008725285530090332,0.008725285530090332,0.9609375,2,4
26,3868,0.10491394996643066,0.10491394996643066,0.7421875,2,5
26,3869,0.12431683996692303,0.19229674339294434,0.55859375,2,2
26,3870,0.13089215825311842,0.16712415218353271,0.61328125,1,2
26,3871,0.12824978400021794,0.13794934749603271,0.671875,1,2
26,3872,0.11465981975197795,0.21270227432250977,0.515625,3,3
26,3873,0.009828805923461914,0.009828805923461914,0.96484375,2,3
26,3874,0.1173578640446067,0.14799809455871582,0.6171875,3,4
26,3875,0.009564697742462158,0.009564697742462158,0.94140625,3,6
26,3876,0.11887156963348389,0.11887156963348389,0.71875,1,3
26,3877,0.07007640600204468,0.07007640600204468,0.78125,1,2
26,3878,0.023160338401794434,0.023160338401794434,0.8828125,2,4
27,3775,0.07340302644297482,0.24091249704360962,0.421875,1,1
27,3749,0.021353659452870495,0.26666033267974854,0.33203125,1,1
27,3879,0.06320762634277344,0.06320762634277344,0.76171875,1,2
27,3880,0.05112135410308838,0.05112135410308838,0.734375,2,4
27,3881,0.0845334129408002,0.22082197666168213,0.453125,1,1
27,3882,0.031597018241882324,0.031597018241882324,0.9140625,2,3
27,3883,0.051167845726013184,0.051167845726013184,0.734375,1,1
27,3884,0.07676334306597711,0.22331154346466064,0.4375,1,2
27,3885,0.04867672920227051,0.04867672920227051,0.77734375,1,1
27,3886,0.018894016742706306,0.26871490478515625,0.328125,1,1
27,3887,0.049324095249176025,0.049324095249176025,0.8125,1,2
27,3888,0.051187098026275635,0.051187098026275635,0.734375,1,1
27,3889,0.05241924524307251,0.05241924524307251,0.80859375,1,2
27,3771,0.09534534928388895,0.152077317237854,0.55078125,2,3
27,3765,0.1056920886039734,0.1610546112060547,0.5625,1,2
27,3890,0.1116044210502878,0.13572794198989868,0.62890625,2,3
27,3891,0.09472879336681218,0.19323164224624634,0.49609375,2,3
27,3892,0.03349381685256958,0.03349381685256958,0.8359375,1,1
27,3893,0.10141304321587087,0.15453416109085083,0.5625,2,3
27,3894,0.016396284103393555,0.016396284103393555,0.93359375,2,3
27,3895,0.10296589322388175,0.1945333480834961,0.51171875,2,3
27,3896,0.10215735179372133,0.10235726833343506,0.69921875,1,1
27,3897,0.0804986539296806,0.1549447774887085,0.5078125,2,3
27,3898,0.08036208152770996,0.08036208152770996,0.734375,3,3
27,3899,0.04836444137617947,0.21347063779830933,0.390625,1,2
27,3900,0.0073146820068359375,0.0073146820068359375,0.94921875,2,3
27,3901,0.02717149257659912,0.02717149257659912,0.8515625,2,2
27,3717,0.1394937437726185,0.17810672521591187,0.61328125,1,2
27,3847,0.1388298630481586,0.18179255723953247,0.60546875,1,2
27,3902,0.05268690525554122,0.25448769330978394,0.3828125,1,1
27,3903,0.025096416473388672,0.025096416473388672,0.8828125,1,1
27,3904,0.10848593711853027,0.10848593711853027,0.7421875,1,2
27,3905,0.0011979341506958008,0.0011979341506958008,0.98828125,1,2
27,3906,0.09771728515625,0.09771728515625,0.74609375,1,2
27,3907,0.0001271963119506836,0.0001271963119506836,1.0,1,2
27,3908,0.015635192394256592,0.015635192394256592,0.9140625,1,2
27,3909,0.0,0.27571117877960205,0.265625,1,2
27,3910,0.08442854881286621,0.08442854881286621,0.75390625,1,2
27,3911,0.11864316463470459,0.11864316463470459,0.71875,1,1
27,3912,0.13890302600339058,0.14633405208587646,0.6796875,1,2
27,3913,0.004562973976135254,0.004562973976135254,0.9765625,1,2
27,3914,0.07166290283203125,0.07166290283203125,0.734375,1,1
27,3915,0.00011396408081054688,0.00011396408081054688,0.99609375,1,1
27,3916,0.0004982356913387846,0.2550966739654541,0.30078125,1,2
27,3917,0.02373562823049725,0.238287091255188,0.33984375,2,3
27,3870,0.13458307692781094,0.16972053050994873,0.6171875,1,2
27,3871,0.13801110768690708,0.13964760303497314,0.6953125,1,2
27,3918,0.023406453081406663,0.234982430934906,0.33984375,1,2
27,3919,0.0027282238006591797,0.0027282238006591797,0.97265625,1,2
27,3920,0.09263315680436791,0.1687835454940796,0.51953125,1,1
27,3921,0.13634133082814517,0.15478217601776123,0.65234375,1,2
27,3922,0.03370177745819092,0.03370177745819092,0.85546875,1,1
27,3923,0.1412926237098873,0.1874140501022339,0.6015625,1,2
27,3924,0.1281383353052661,0.1923953890800476,0.56640625,1,2
27,3925,0.13921239960473034,0.18229347467422485,0.60546875,1,2
27,3926,0.06338239903561772,0.18977653980255127,0.43359375,4,4
27,3927,0.05562710762023926,0.05562710762023926,0.82421875,2,3
27,3928,0.03487110137939453,0.03487110137939453,0.82421875,2,3
27,3929,0.02791595458984375,0.02791595458984375,0.8984375,2,3
27,3930,0.008076675236225135,0.2584536075592041,0.3125,2,4
27,3931,0.09893436811398718,0.19407814741134644,0.50390625,1,1
27,3932,0.001179516315460205,0.001179516315460205,0.97265625,1,2
27,3933,0.038263797760009766,0.038263797760009766,0.8828125,1,1
27,3934,0.13696674420498314,0.13997399806976318,0.69140625,2,3
27,3935,0.0,0.2619929909706116,0.28515625,3,4
27,3936,0.008252263069152832,0.008252263069152832,0.95703125,1,1
27,3937,0.03592592477798462,0.03592592477798462,0.859375,1,1
27,3938,0.03068472468294204,0.2380390763282776,0.3515625,1,2
27,2997,0.1388339623808861,0.17087256908416748,0.625,2,4
27,3839,0.13821380166336897,0.1661161184310913,0.6328125,3,7
27,3939,0.015151679515838623,0.015151679515838623,0.90625,3,6
27,3940,0.1389964707195759,0.1449413299560547,0.68359375,4,6
27,3941,0.13263271946925673,0.16522616147994995,0.62109375,4,8
27,3942,0.006234169006347656,0.006234169006347656,0.9609375,4,7
27,3943,0.004586517810821533,0.004586517810821533,0.98046875,3,8
27,3944,0.026697754859924316,0.026697754859924316,0.85546875,3,5
27,3945,0.12241470813751221,0.12241470813751221,0.70703125,4,6
27,3946,0.0642909510061145,0.24203652143478394,0.40625,2,4
27,3947,0.11724601034075025,0.20280390977859497,0.53125,2,5
27,3948,0.06120140897110106,0.23919939994812012,0.40234375,4,5
27,3949,0.0,0.32746946811676025,0.2578125,3,7
27,3950,0.1017172089777887,0.1094101071357727,0.671875,2,4
27,3951,0.04377707513049246,0.2463061809539795,0.37109375,2,5
27,3952,0.1276739239692688,0.1276739239692688,0.7109375,3,7
27,3953,0.0,0.310488760471344,0.26953125,3,7
27,3954,0.06409919261932373,0.06409919261932373,0.765625,3,7
27,3955,0.0003536343574523926,0.0003536343574523926,0.99609375,3,8
27,3956,0.0016342401504516602,0.0016342401504516602,0.97265625,2,3
27,3957,0.04734325408935547,0.04734325408935547,0.80859375,2,4
27,3958,0.0,0.26027899980545044,0.29296875,2,4
27,3959,0.03353643359150738,0.21198338270187378,0.36328125,1,1
27,3960,0.08836078643798828,0.08836078643798828,0.78125,4,9
27,3961,0.02541285753250122,0.02541285753250122,0.90234375,3,7
27,3962,0.020420193672180176,0.020420193672180176,0.91015625,3,7
27,3963,0.0,0.28638315200805664,0.23828125,4,9
27,3964,0.011887133121490479,0.011887133121490479,0.89453125,5,7
27,3788,0.1367690714541823,0.13839083909988403,0.6953125,4,9
27,3861,0.13275410654023292,0.16537737846374512,0.62109375,2,2
27,3965,0.11426782514899972,0.20456337928771973,0.5234375,2,3
27,3966,0.019153833389282227,0.019153833389282227,0.93359375,2,3
27,3967,0.0011538267135620117,0.0011538267135620117,0.98046875,2,4
27,3968,0.0064033229136839604,0.2980455756187439,0.30859375,2,5
27,3969,0.1266319692367688,0.19013363122940063,0.56640625,2,2
27,3970,0.0034362077713012695,0.0034362077713012695,0.95703125,2,1
27,3971,0.12964972294867042,0.1789236068725586,0.58984375,2,2
27,3972,0.01211458444595337,0.01211458444595337,0.8984375,2,1
27,3973,0.017476201057434082,0.017476201057434082,0.9140625,4,6
27,3974,0.13024562597274783,0.1344470977783203,0.6875,2,2
27,3975,0.1051330463960767,0.16768884658813477,0.55078125,2,4
27,3976,0.08141839504241943,0.08141839504241943,0.78515625,1,2
27,3977,0.1279613361693919,0.17659354209899902,0.58984375,2,3
27,3978,0.12914930074475708,0.18317019939422607,0.58203125,4,8
27,3979,0.06411796808242798,0.06411796808242798,0.80078125,4,8
27,3980,0.055883049964904785,0.055883049964904785,0.84375,4,8
27,3981,0.13632632000371817,0.17626029253005981,0.609375,2,2
27,3982,0.005804896354675293,0.005804896354675293,0.9375,4,5
27,3983,0.0311281681060791,0.0311281681060791,0.87890625,1,2
27,3984,0.1280970177613199,0.16562038660049438,0.609375,2,5
27,3985,0.0,0.28422224521636963,0.20703125,2,5
27,3986,0.0016436576843261719,0.0016436576843261719,0.97265625,5,9
27,3987,0.059993207454681396,0.059993207454681396,0.80859375,2,3
27,3988,0.046709537506103516,0.046709537506103516,0.84765625,4,10
27,3989,0.05634605884552002,0.05634605884552002,0.81640625,1,1
27,3990,0.06780331267509611,0.24620777368545532,0.41015625,4,9
27,3991,0.08787918090820312,0.08787918090820312,0.76171875,4,8
27,3992,0.04649883508682251,0.04649883508682251,0.8515625,2,3
27,3993,0.08347135782241821,0.08347135782241821,0.76953125,2,5
27,3048,0.13540160562843087,0.17075276374816895,0.6171875,3,8
27,3843,0.12899022921919825,0.1710958480834961,0.6015625,3,6
27,3994,0.12535812542773786,0.1968814730644226,0.5546875,3,4
27,3995,0.1350669034291059,0.18150722980499268,0.59765625,3,6
27,3996,0.12395635934080931,0.19173914194107056,0.55859375,3,5
27,3997,0.0754237174987793,0.0754237174987793,0.80078125,2,4
27,3998,0.11993004335090521,0.20066726207733154,0.5390625,3,5
27,3999,0.04667353630065918,0.04667353630065918,0.84375,3,6
27,4000,0.134599544107914,0.16566097736358643,0.625,2,3
27,4001,0.025958485202863823,0.26060283184051514,0.33984375,3,5
27,4002,0.12345600221306088,0.1909651756286621,0.55859375,3,5
27,4003,0.10089906025677921,0.22858548164367676,0.4765625,3,5
27,4004,0.09148447774350645,0.23303508758544922,0.45703125,2,3
27,4005,0.12684223242104056,0.18242478370666504,0.578125,4,6
27,4006,0.09692877531051636,0.09692877531051636,0.75390625,3,5
27,4007,0.12698866333812478,0.16628694534301758,0.60546875,4,8
27,4008,0.1286617929581553,0.1775602102279663,0.58984375,3,5
27,4009,0.12728515313938263,0.13984978199005127,0.6640625,3,6
27,4010,0.10736250877380371,0.10736250877380371,0.734375,3,6
27,4011,0.1270686881616712,0.18535375595092773,0.57421875,3,7
27,4012,0.1248935339972377,0.18218088150024414,0.57421875,2,3
27,4013,0.12504935637116435,0.19055140018463135,0.5625,3,5
27,4014,0.0625373125076294,0.0625373125076294,0.76171875,3,6
28,3775,0.09506443608552219,0.20624148845672607,0.484375,1,1
28,3879,0.052505433559417725,0.052505433559417725,0.81640625,1,2
28,4015,0.09090174839366229,0.21059590578079224,0.47265625,1,2
28,4016,0.08426480647176506,0.22012031078338623,0.453125,1,1
28,4017,0.051583170890808105,0.051583170890808105,0.8125,1,2
28,4018,0.01285243034362793,0.01285243034362793,0.9375,1,2
28,4019,0.017123401165008545,0.017123401165008545,0.91796875,1,1
28,4020,0.09530028991866858,0.20246368646621704,0.48828125,1,1
28,4021,0.04491007328033447,0.04491007328033447,0.83984375,2,2
28,4022,0.03398686647415161,0.03398686647415161,0.87109375,1,1
28,4023,0.040393948554992676,0.040393948554992676,0.84765625,2,3
28,4024,0.034765779972076416,0.034765779972076416,0.8671875,1,2
28,3890,0.1087427199818194,0.11820864677429199,0.66796875,2,3
28,3765,0.11192586505785586,0.13943076133728027,0.62109375,1,2
28,4025,0.09406290133483709,0.1454991102218628,0.55859375,2,3
28,4026,0.008700966835021973,0.008700966835021973,0.953125,2,2
28,4027,0.09468193445354701,0.21450066566467285,0.4765625,1,2
28,4028,0.10546552017331125,0.14361262321472168,0.59375,1,2
28,4029,0.006007075309753418,0.006007075309753418,0.94140625,2,2
28,4030,0.09206428541801871,0.20405590534210205,0.48046875,3,5
28,4031,0.06732398271560669,0.06732398271560669,0.80078125,2,3
28,4032,0.10218315757811071,0.15120744705200195,0.5703125,1,1
28,4033,0.030171305523253988,0.2532411217689514,0.34765625,3,4
28,4034,0.10873917932622136,0.1354609727859497,0.62109375,2,3
28,4035,0.09068767190910877,0.1926642656326294,0.48828125,1,2
28,4036,0.1083863051608205,0.14758986234664917,0.59375,2,3
28,4037,0.08510694466531278,0.16695308685302734,0.50390625,1,2
28,4038,0.07940047979354858,0.07940047979354858,0.7578125,2,2
28,4039,0.05029064416885376,0.05029064416885376,0.84375,2,3
28,4040,0.05127871036529541,0.05127871036529541,0.8671875,2,3
28,4041,0.10136723483446987,0.17242532968521118,0.53515625,1,2
28,4042,0.11513075418770315,0.14885592460632324,0.609375,1,2
28,3839,0.13692416762933138,0.13993048667907715,0.69140625,3,7
28,3048,0.1430906057357788,0.1430906057357788,0.703125,3,8
28,4043,0.02791595458984375,0.02791595458984375,0.87890625,4,8
28,4044,0.0031777620315551758,0.0031777620315551758,0.95703125,3,4
28,4045,0.14293345808982852,0.1521453857421875,0.67578125,4,8
28,4046,0.024045228958129883,0.024045228958129883,0.87890625,3,5
28,4047,0.04126107692718506,0.04126107692718506,0.8515625,3,5
28,4048,0.14597503631375733,0.15538299083709717,0.67578125,2,2
28,4049,0.14900354202836755,0.1602727174758911,0.671875,3,7
28,4050,0.009891808032989502,0.009891808032989502,0.921875,2,2
28,4051,0.008605897426605225,0.008605897426605225,0.9296875,3,8
28,4052,0.021412968635559082,0.021412968635559082,0.90234375,3,6
28,4053,4.190206527709961e-05,4.190206527709961e-05,0.99609375,2,2
28,4054,0.0822708010673523,0.0822708010673523,0.80078125,2,2
28,4055,0.1496199639514089,0.16093575954437256,0.671875,1,2
28,4056,0.08047139644622803,0.08047139644622803,0.796875,2,3
28,4057,0.10278027341701092,0.11932766437530518,0.64453125,3,7
28,4058,0.07429766654968262,0.07429766654968262,0.796875,3,5
28,4059,0.03402101993560791,0.03402101993560791,0.87890625,3,5
28,4060,0.09704601764678955,0.09704601764678955,0.77734375,3,7
28,4061,0.14018538244999948,0.18838560581207275,0.59765625,2,2
28,4062,0.03384953737258911,0.03384953737258911,0.8828125,2,3
28,4063,0.11982507025822998,0.1853487491607666,0.55859375,3,5
28,4064,0.1439247992821038,0.15008044242858887,0.68359375,2,2
28,4065,0.020235836505889893,0.020235836505889893,0.89453125,3,4
28,4066,0.12537813186645508,0.12537813186645508,0.7109375,3,5
28,4067,0.04968800162896515,0.20190680027008057,0.3984375,2,4
28,4068,0.11468440294265747,0.11468440294265747,0.7265625,2,2
28,4069,0.02911698818206787,0.02911698818206787,0.86328125,3,6
28,4070,0.15096623287536207,0.17138516902923584,0.65234375,3,4
28,4071,0.011240839958190918,0.011240839958190918,0.90625,3,5
28,4072,0.023465394973754883,0.023465394973754883,0.9296875,3,6
28,4073,0.11403673887252808,0.11403673887252808,0.74609375,3,5
28,4074,0.09789083339273931,0.13883686065673828,0.58203125,3,3
28,4075,0.047554612159729004,0.047554612159729004,0.90234375,3,5
28,4076,0.11217479535844178,0.12193948030471802,0.66796875,4,8
28,4077,0.1424983427859843,0.1441880464553833,0.6953125,2,3
28,2997,0.1404868355020881,0.1435713768005371,0.69140625,2,4
28,3941,0.13919246196746826,0.13919246196746826,0.703125,4,8
28,4078,0.0279848575592041,0.0279848575592041,0.859375,3,4
28,4079,0.10564947267994286,0.16592800617218018,0.5546875,1,2
28,4080,0.03766411542892456,0.03766411542892456,0.8515625,1,1
28,4081,0.07788118766620757,0.2087705135345459,0.44921875,3,5
28,4082,0.013436198234558105,0.013436198234558105,0.90625,1,0
28,4083,0.046679139137268066,0.046679139137268066,0.83203125,1,1
28,4084,0.008738517761230469,0.008738517761230469,0.9375,4,8
28,4085,0.10882389545440674,0.10882389545440674,0.75,4,8
28,4086,0.04930636868812145,0.22743117809295654,0.38671875,4,7
28,4087,0.0196688175201416,0.0196688175201416,0.859375,1,1
28,4088,0.10938112647272648,0.10959517955780029,0.69921875,1,1
28,4089,0.050448789261281504,0.20499825477600098,0.3984375,2,3
28,4090,0.08583688735961914,0.08583688735961914,0.7890625,2,4
28,4091,0.03779733180999756,0.03779733180999756,0.8203125,1,1
28,4092,0.028244316577911377,0.028244316577911377,0.890625,2,2
28,3940,0.12312161922454834,0.12312161922454834,0.703125,4,6
28,3788,0.11722028255462646,0.11722028255462646,0.7421875,4,9
28,4093,0.03528392314910889,0.03528392314910889,0.85546875,4,8
28,4094,0.037632107734680176,0.037632107734680176,0.90234375,4,6
28,4095,0.05290508270263672,0.05290508270263672,0.82421875,3,4
28,4096,0.12564760446548462,0.12564760446548462,0.70703125,4,6
28,4097,0.00921565294265747,0.00921565294265747,0.92578125,4,9
28,4098,0.01969277858734131,0.01969277858734131,0.89453125,5,7
28,4099,0.00014889240264892578,0.00014889240264892578,0.99609375,1,1
28,4100,0.06655418872833252,0.06655418872833252,0.8046875,4,6
28,4101,0.008363723754882812,0.008363723754882812,0.92578125,4,5
28,4102,0.11606758832931519,0.11606758832931519,0.72265625,4,7
28,4103,0.002614319324493408,0.002614319324493408,0.98828125,5,11
28,4104,0.04033029079437256,0.04033029079437256,0.84765625,4,5
28,4105,0.012129426002502441,0.012129426002502441,0.90625,5,6
28,4106,0.032822608947753906,0.032822608947753906,0.90234375,4,9
28,4107,0.0079345703125,0.0079345703125,0.94140625,4,5
28,4108,0.00040543079376220703,0.00040543079376220703,1.0,3,4
28,4109,0.15317628812044862,0.16651010513305664,0.66796875,3,5
28,4110,0.03781592845916748,0.03781592845916748,0.8515625,4,7
28,4111,0.08141994476318361,0.1628398895263672,0.5,5,6
28,3717,0.14361602137796584,0.1497584581375122,0.68359375,1,2
28,3912,0.12356692552566528,0.12356692552566528,0.71484375,1,2
28,4112,0.00940471887588501,0.00940471887588501,0.95703125,1,1
28,4113,0.10880893468856812,0.10880893468856812,0.75,1,2
28,4114,0.0866280198097229,0.0866280198097229,0.75390625,1,1
28,4115,0.07165427785366775,0.0841444730758667,0.640625,2,2
28,4116,0.0,0.32049626111984253,0.12109375,2,3
28,4117,0.04414260387420654,0.04414260387420654,0.84375,1,3
28,4118,0.008512496948242188,0.008512496948242188,0.921875,1,2
28,4119,0.020848870277404785,0.020848870277404785,0.921875,1,1
28,4120,0.1354817548999563,0.13845640420913696,0.69140625,1,2
28,4121,0.12644577026367188,0.12644577026367188,0.703125,2,5
28,4122,0.00022417306900024414,0.00022417306900024414,0.99609375,1,1
28,4123,0.13113020162563774,0.13138681650161743,0.69921875,1,2
28,4124,6.16312026977539e-05,6.16312026977539e-05,0.9921875,1,3
28,4125,0.13787449151277545,0.16969168186187744,0.625,1,2
28,4126,0.07115019857883455,0.19072723388671875,0.44921875,1,1
28,4127,0.030566155910491943,0.030566155910491943,0.8828125,1,2
28,3923,0.14157267531845721,0.15723472833633423,0.66015625,1,2
28,3925,0.14527912298217419,0.1530512571334839,0.6796875,1,2
28,4128,0.143244868144393,0.1644425392150879,0.6484375,1,3
28,4129,0.1324309117626399,0.13269007205963135,0.69921875,1,2
28,4130,0.036490023136138916,0.036490023136138916,0.859375,1,1
28,4131,0.13696491718292236,0.13696491718292236,0.70703125,1,2
28,4132,0.08743077842518689,0.19807326793670654,0.4765625,1,2
28,4133,0.013109683990478516,0.013109683990478516,0.94140625,1,1
28,4134,0.021579205989837646,0.021579205989837646,0.890625,2,3
28,4135,3.74913215637207e-05,3.74913215637207e-05,0.99609375,2,4
28,4136,0.0,0.20094794034957886,0.26171875,1,2
28,4137,0.0044825077056884766,0.0044825077056884766,0.94921875,1,1
28,4138,0.0667715072631836,0.0667715072631836,0.859375,1,2
28,4139,0.08589718770235778,0.15934550762176514,0.515625,1,1
28,4140,0.13124600984156135,0.1787179708480835,0.59375,1,2
28,4141,0.07845413684844971,0.07845413684844971,0.7734375,1,1
28,4142,0.14503217954188588,0.15437936782836914,0.67578125,1,2
28,4143,0.09156539686955513,0.15074431896209717,0.54296875,1,1
28,4144,0.08303015213459732,0.19235944747924805,0.47265625,1,2
28,4145,0.008412599563598633,0.008412599563598633,0.9296875,1,2
28,4146,0.06017017364501953,0.06017017364501953,0.8125,1,1
28,4147,0.0009760856628417969,0.0009760856628417969,0.99609375,2,3
28,4148,0.13658199599012735,0.16415488719940186,0.6328125,1,2
28,4149,0.050388986477628364,0.2047552466392517,0.3984375,2,3
28,4150,0.005024731159210205,0.005024731159210205,0.9609375,1,1
29,3765,0.0901119865011424,0.15077561140060425,0.5390625,1,2
29,4088,0.10803271108306946,0.11998426914215088,0.66015625,1,1
29,4151,0.10258435830473901,0.1563190221786499,0.5625,1,2
29,4152,0.012288153171539307,0.012288153171539307,0.93359375,1,2
29,4153,0.09218021901324393,0.14477384090423584,0.5546875,1,2
29,4154,0.041620850563049316,0.041620850563049316,0.78125,1,1
29,4155,0.015836501261219393,0.2615576982498169,0.32421875,2,3
29,4156,0.03331512212753296,0.03331512212753296,0.83203125,2,4
29,4157,0.00028395652770996094,0.00028395652770996094,0.99609375,2,2
29,4158,0.0,0.2682178020477295,0.29296875,2,3
29,4159,0.09588713501580061,0.157859206199646,0.54296875,1,2
29,4160,0.038864970207214355,0.038864970207214355,0.8515625,2,4
29,4161,0.030635058879852295,0.030635058879852295,0.83203125,1,2
29,4162,0.10082684899680318,0.14300096035003662,0.58203125,1,3
29,4163,0.06564879417419434,0.06564879417419434,0.82421875,1,1
29,4164,0.01536107063293457,0.01536107063293457,0.93359375,1,2
29,4042,0.10203057085163893,0.16274034976959229,0.55078125,1,2
29,3890,0.09384028031490745,0.12447208166122437,0.6015625,2,3
29,4165,0.09364937595091762,0.13100677728652954,0.5859375,2,3
29,4166,0.06806485203560443,0.21645468473434448,0.42578125,1,2
29,4167,0.009756267070770264,0.009756267070770264,0.9375,1,1
29,4168,0.015530586242675781,0.015530586242675781,0.96875,1,2
29,4169,0.04531674832105638,0.24168932437896729,0.375,2,3
29,4170,0.09547063522040845,0.1837630271911621,0.5078125,1,1
29,4171,0.10457111708819868,0.13870573043823242,0.6015625,1,2
29,4172,0.09803036379162224,0.1283671259880066,0.60546875,2,3
29,4173,0.0043746232986450195,0.0043746232986450195,0.94921875,1,1
29,4174,0.06662831618450583,0.0971900224685669,0.57421875,2,2
29,4175,0.09191966056823732,0.14006805419921875,0.5625,2,3
29,4176,0.0832914625061676,0.18461138010025024,0.48046875,2,2
29,4177,0.06961214542388916,0.06961214542388916,0.80859375,2,3
29,4178,0.10838937759399414,0.10838937759399414,0.70703125,1,2
29,4179,0.10373065061867238,0.1654520034790039,0.55078125,1,2
29,4180,0.04445910453796387,0.04445910453796387,0.83203125,2,3
29,4181,0.057781219482421875,0.057781219482421875,0.7109375,2,2
29,4182,0.009324312210083008,0.009324312210083008,0.91796875,2,2
29,4183,0.083470132551156,0.18500739336013794,0.48046875,2,3
29,4184,0.09629509481601418,0.1585308313369751,0.54296875,1,2
29,4185,0.059295779094100005,0.1632227897644043,0.4453125,3,4
29,4186,0.013529613148421058,0.2664293050765991,0.3203125,1,2
29,2997,0.12920118868350985,0.15901684761047363,0.625,2,4
29,4061,0.11372732464224103,0.20009756088256836,0.52734375,2,2
29,4187,0.06553767481818797,0.18040478229522705,0.4453125,4,5
29,4188,0.07323064072988929,0.21926367282867432,0.43359375,3,3
29,4189,0.018492460250854492,0.018492460250854492,0.90234375,2,3
29,4190,0.002219676971435547,0.002219676971435547,0.96875,2,0
29,4191,0.026242008432745944,0.23992693424224854,0.34375,2,3
29,4192,0.006771266460418701,0.006771266460418701,0.953125,4,6
29,4193,0.09860772313550116,0.1597694754600525,0.546875,4,8
29,4194,0.034597055986523635,0.23307490348815918,0.359375,1,2
29,4195,0.008741915225982666,0.008741915225982666,0.9609375,2,2
29,4196,0.02124309539794922,0.02124309539794922,0.91796875,2,2
29,4197,0.00855720043182373,0.00855720043182373,0.93359375,2,3
29,4198,0.09424359491094948,0.20446068048477173,0.484375,1,2
29,4199,0.1066130641847849,0.17838525772094727,0.5390625,4,8
29,4200,0.05861278960946949,0.22908204793930054,0.40234375,2,3
29,4201,0.03949999809265137,0.03949999809265137,0.8203125,4,7
29,4202,0.06796819204464556,0.22307509183883667,0.421875,2,2
29,4203,0.10133504448458554,0.13269448280334473,0.60546875,2,2
29,3925,0.11502311797812582,0.17020761966705322,0.5703125,1,2
29,4142,0.11890482250601055,0.17100918292999268,0.578125,1,2
29,4204,0.11089168209582569,0.18554425239562988,0.5390625,2,4
29,4205,0.10964955843519421,0.13659507036209106,0.62109375,1,1
29,4206,0.11064732074737549,0.11064732074737549,0.70703125,1,2
29,4207,0.09058415307663382,0.20077526569366455,0.48046875,1,2
29,4208,0.07829756638966502,0.20988667011260986,0.44921875,1,2
29,4209,0.09357649553567172,0.19880151748657227,0.48828125,1,2
29,4210,0.009986281394958496,0.009986281394958496,0.93359375,1,2
29,4211,0.09377557039260866,0.1951751708984375,0.4921875,1,2
29,4212,0.010480344295501709,0.010480344295501709,0.93359375,2,3
29,4213,0.11070560174994172,0.12852895259857178,0.64453125,1,1
29,4214,0.11562788067385556,0.16866517066955566,0.57421875,1,2
29,4215,0.11680569127202035,0.16799020767211914,0.578125,1,2
29,4216,0.07035595178604126,0.07035595178604126,0.81640625,1,2
29,4217,0.049970388412475586,0.049970388412475586,0.84765625,2,2
29,4218,0.01255267858505249,0.01255267858505249,0.9140625,1,2
29,4219,0.11930689029395582,0.16246044635772705,0.59375,1,2
29,4220,0.11638030945323409,0.1697627305984497,0.57421875,1,2
29,4221,0.04125070571899414,0.04125070571899414,0.84375,1,2
29,4222,0.12684548040851953,0.15996277332305908,0.6171875,1,2
29,4223,0.07721081562340261,0.1640329360961914,0.48828125,1,2
29,4224,0.0012023448944091797,0.0012023448944091797,0.97265625,1,1
29,4225,0.09451483609154822,0.19671380519866943,0.4921875,1,2
29,4226,0.11895324871875347,0.17602330446243286,0.5703125,1,2
29,4227,0.030658364295959473,0.030658364295959473,0.890625,1,1
29,4228,0.10893767024390401,0.18530261516571045,0.53515625,1,2
29,4049,0.12331660743802787,0.17250847816467285,0.5859375,3,7
29,4048,0.12241642037406565,0.16894125938415527,0.58984375,2,2
29,4229,0.06253839004784824,0.23543864488601685,0.40625,3,6
29,4230,0.08403182029724121,0.08403182029724121,0.765625,1,1
29,4231,0.06577843427658081,0.06577843427658081,0.81640625,4,9
29,4232,0.04816174507141113,0.04816174507141113,0.8203125,4,8
29,4233,0.036337640485726304,0.22968977689743042,0.36328125,3,5
29,4234,0.06600701808929443,0.06600701808929443,0.82421875,3,3
29,4235,0.1266531285364181,0.17962992191314697,0.58203125,3,6
29,4236,0.08470320701599121,0.08470320701599121,0.7890625,1,2
29,4237,0.12413213588297368,0.1785271167755127,0.578125,3,5
29,4238,0.04945731163024902,0.04945731163024902,0.8203125,1,2
29,4239,0.11962388828396799,0.16289210319519043,0.59375,2,3
29,4240,0.00034546852111816406,0.00034546852111816406,0.99609375,3,4
29,4241,0.12214343855157496,0.17086732387542725,0.5859375,4,8
29,4242,0.0,0.26950371265411377,0.2890625,3,5
29,4243,0.013640761375427246,0.013640761375427246,0.9140625,2,4
29,4244,0.11953392112627627,0.15855276584625244,0.6015625,2,2
29,4245,0.07032865285873413,0.07032865285873413,0.80859375,2,2
29,4246,0.12677035632077607,0.1849185824394226,0.57421875,1,2
29,4247,0.11147123575210571,0.11147123575210571,0.73046875,3,5
29,4248,0.1205199753167108,0.19223123788833618,0.55078125,3,4
29,4249,0.06742709875106812,0.06742709875106812,0.7734375,1,1
29,4250,0.12003500084392728,0.15718138217926025,0.60546875,3,4
29,4251,0.014729559421539307,0.014729559421539307,0.94140625,3,7
29,4252,0.12176989018917087,0.1972980499267578,0.546875,4,8
29,4253,0.12412459705956282,0.18105924129486084,0.57421875,2,2
29,4055,0.12167990300804378,0.17500030994415283,0.578125,1,2
29,4131,0.11541775474324824,0.15309298038482666,0.6015625,1,2
29,4254,0.08983830187935384,0.1479009985923767,0.54296875,1,1
29,4255,0.08819478750228882,0.08819478750228882,0.7578125,1,1
29,4256,0.009989678859710693,0.009989678859710693,0.93359375,1,3
29,4257,0.057985544204711914,0.057985544204711914,0.7890625,1,1
29,4258,0.06598430871963501,0.06598430871963501,0.78125,1,1
29,4259,0.04207080602645874,0.04207080602645874,0.87109375,1,1
29,4260,0.11157238483428955,0.11157238483428955,0.7265625,1,2
29,4261,0.010056138038635254,0.010056138038635254,0.93359375,1,2
29,4262,0.07563292980194092,0.07563292980194092,0.7890625,1,3
29,4263,0.10113155841827393,0.10113155841827393,0.73046875,2,2
29,4264,0.10413222759962083,0.12816274166107178,0.625,2,3
29,4265,0.006898164749145508,0.006898164749145508,0.953125,1,1
29,4266,0.08184209465980531,0.1636841893196106,0.5,1,1
29,4267,0.017673492431640625,0.017673492431640625,0.921875,1,2
29,4109,0.12204749509692193,0.1806020736694336,0.5703125,3,5
29,4070,0.12718391837552193,0.18552184104919434,0.57421875,3,4
29,4268,0.018335461616516113,0.018335461616516113,0.921875,3,4
29,4269,0.0857058819383383,0.20315468311309814,0.46875,3,5
29,4270,0.06474015628919007,0.22703397274017334,0.4140625,2,4
29,4271,0.08180835354141892,0.1604822874069214,0.50390625,1,1
29,4272,0.1103655602782965,0.19090259075164795,0.53125,1,2
29,4273,0.12860864598769697,0.18760007619857788,0.57421875,3,4
29,4274,0.09448540071025492,0.20073246955871582,0.48828125,3,4
29,4275,0.08568263053894043,0.08568263053894043,0.765625,2,5
29,4276,0.01884770393371582,0.01884770393371582,0.92578125,3,6
29,4277,0.06677496433258057,0.06677496433258057,0.828125,3,5
29,4278,0.04421806335449219,0.04421806335449219,0.84375,3,5
29,4279,0.01034557819366455,0.01034557819366455,0.93359375,3,5
29,4280,0.12229504343122245,0.18362188339233398,0.56640625,3,8
29,4281,0.02253556251525879,0.02253556251525879,0.8984375,2,5
29,4282,0.00026416778564453125,0.00026416778564453125,0.99609375,2,3
29,4283,0.004773974418640137,0.004773974418640137,0.96484375,4,6
29,4284,0.10585892200469971,0.10585892200469971,0.73046875,3,5
29,4285,0.09997298475354911,0.20807385444641113,0.4921875,3,5
29,4286,0.07687808806076647,0.21162140369415283,0.4453125,1,2
30,4184,0.09256188408471645,0.1574474573135376,0.53515625,1,2
30,3890,0.0853890208527446,0.12455606460571289,0.57421875,2,3
30,4287,0.10048655513674022,0.14057135581970215,0.5859375,1,1
30,4288,0.014397501945495605,0.014397501945495605,0.8828125,1,0
30,4289,0.08826798561494799,0.1731540560722351,0.50390625,2,2
30,4290,0.07334862649440767,0.17386341094970703,0.46875,1,2
30,4291,0.007609367370605469,0.007609367370605469,0.93359375,1,2
30,4292,0.03158092498779297,0.03158092498779297,0.828125,1,1
30,4293,0.053274905309081085,0.05499345064163208,0.6875,1,1
30,4294,0.05233173596207053,0.05243414640426636,0.69921875,1,1
30,4295,0.050919175148010254,0.050919175148010254,0.8203125,1,3
30,4296,0.08220575400628151,0.1746445894241333,0.48828125,1,2
30,4297,0.09661644813604654,0.14093339443206787,0.57421875,2,2
30,4298,0.01112818717956543,0.01112818717956543,0.89453125,1,0
30,4178,0.09839599067345263,0.10473752021789551,0.67578125,1,2
30,4088,0.10332378419116141,0.11729884147644043,0.65234375,1,1
30,4299,0.0400393009185791,0.0400393009185791,0.796875,1,1
30,4300,0.0955792812164873,0.15245044231414795,0.55078125,1,1
30,4301,0.04219520092010498,0.04219520092010498,0.8203125,1,2
30,4302,0.012505292892456055,0.012505292892456055,0.890625,1,1
30,4303,0.0776313515380025,0.2081007957458496,0.44921875,1,2
30,4304,0.0976319038309157,0.13657796382904053,0.5859375,1,2
30,4305,0.01953911781311035,0.01953911781311035,0.859375,1,1
30,4306,0.08404778607655318,0.2039453387260437,0.46484375,1,2
30,4307,0.08868817146867515,0.17397832870483398,0.50390625,1,1
30,4308,0.0091019868850708,0.0091019868850708,0.91015625,1,1
30,4309,0.08338648395147176,0.20234066247940063,0.46484375,2,4
30,4310,0.07131760753691198,0.2074694037437439,0.4375,1,3
30,4311,0.09971441281959416,0.13949120044708252,0.5859375,1,2
30,4312,0.010690927505493164,0.010690927505493164,0.89453125,1,2
30,4313,0.006711184978485107,0.006711184978485107,0.9296875,1,2
30,4314,0.016415834426879883,0.016415834426879883,0.8828125,2,3
30,4315,0.09859570674598218,0.13606739044189453,0.58984375,1,2
30,4316,0.09445462748408319,0.15304040908813477,0.546875,1,1
30,4317,0.04563593864440918,0.04563593864440918,0.82421875,2,3
30,4318,0.03557109832763672,0.03557109832763672,0.7734375,1,2
30,4319,0.04552602767944336,0.04552602767944336,0.79296875,1,1
30,4320,0.07078880071640015,0.07078880071640015,0.75390625,1,2
30,4142,0.12298281630501152,0.17204153537750244,0.5859375,1,2
30,4215,0.1136257345788181,0.16813981533050537,0.5703125,1,2
30,4321,0.09846580028533936,0.09846580028533936,0.703125,2,2
30,4322,0.028103510849177848,0.2569463849067688,0.34375,1,2
30,4323,0.0647498369216919,0.0647498369216919,0.76953125,1,1
30,4324,0.029793262481689453,0.029793262481689453,0.890625,1,1
30,4325,0.03874826431274414,0.03874826431274414,0.8515625,1,1
30,4326,0.01318514347076416,0.01318514347076416,0.92578125,1,2
30,4327,0.06584245408885182,0.2093871831893921,0.42578125,1,2
30,4328,0.09252907801419498,0.09362626075744629,0.6953125,1,2
30,4329,0.1022634506225586,0.1022634506225586,0.72265625,1,3
30,4330,0.09346890449523926,0.09346890449523926,0.7109375,1,1
30,4331,0.10146051412448288,0.17851471900939941,0.52734375,1,2
30,4332,0.03588742017745972,0.03588742017745972,0.86328125,1,1
30,4333,0.12036312883719803,0.13224446773529053,0.6640625,1,2
30,4334,0.1209657364524901,0.1764514446258545,0.57421875,1,2
30,4335,0.020663082599639893,0.020663082599639893,0.8984375,1,3
30,4336,0.1004517551045865,0.18302953243255615,0.51953125,1,2
30,4337,0.0015785694122314453,0.0015785694122314453,0.9765625,2,4
30,4338,0.05235433578491211,0.05235433578491211,0.8046875,1,2
30,4339,0.03668389690574259,0.23187845945358276,0.36328125,2,4
30,4340,0.030010342597961426,0.030010342597961426,0.88671875,1,1
30,4237,0.11734713683836163,0.18151581287384033,0.55859375,3,5
30,4055,0.11319876415655018,0.17778456211090088,0.5546875,1,2
30,4341,0.00014799833297729492,0.00014799833297729492,0.984375,2,2
30,4342,0.017291367053985596,0.017291367053985596,0.90234375,3,5
30,4343,0.07919038296677174,0.1834636926651001,0.47265625,1,1
30,4344,0.10544044710695745,0.17358684539794922,0.54296875,1,2
30,4345,0.0003807544708251953,0.0003807544708251953,0.98046875,2,2
30,4346,0.11259851104114206,0.16424626111984253,0.57421875,3,4
30,4347,0.09962632972747089,0.10604715347290039,0.67578125,3,5
30,4348,0.11011293483898046,0.19373822212219238,0.52734375,3,6
30,4349,0.1018716827966273,0.18561673164367676,0.51953125,3,4
30,4350,0.09992811153642835,0.12010139226913452,0.6328125,1,1
30,4351,0.10836057271808387,0.17557156085968018,0.546875,3,4
30,4352,0.10173051501624289,0.19219934940338135,0.51171875,3,5
30,4353,0.09446508157998325,0.1148838996887207,0.62890625,1,1
30,4354,0.030283127445727594,0.21837973594665527,0.35546875,1,2
30,4355,0.010950446128845215,0.010950446128845215,0.9140625,3,5
30,4356,0.07452200388070197,0.1583206057548523,0.48828125,1,1
30,4357,0.09644120931625369,0.19288241863250732,0.5,1,2
30,4222,0.1145415734499693,0.1602330207824707,0.5859375,1,2
30,4219,0.1222793501801789,0.1621943712234497,0.6015625,1,2
30,4358,0.12558435788378122,0.1623716950416565,0.609375,1,2
30,4359,0.10911772353574635,0.18257606029510498,0.5390625,1,3
30,4360,0.10152803175151351,0.18834185600280762,0.515625,1,3
30,4361,0.008227926213294273,0.20060467720031738,0.31640625,1,2
30,4362,0.007115423679351807,0.007115423679351807,0.94921875,1,2
30,4363,0.09775058599188925,0.1051434874534607,0.671875,1,2
30,4364,0.03684258460998535,0.03684258460998535,0.859375,1,1
30,4365,0.10957145411521199,0.18952900171279907,0.53125,1,2
30,4366,0.0041536688804626465,0.0041536688804626465,0.9609375,2,3
30,4367,0.030200719833374023,0.030200719833374023,0.87890625,2,2
30,4368,0.0940569629892707,0.12807756662368774,0.59375,1,1
30,4369,0.0132828950881958,0.0132828950881958,0.9375,1,1
30,4370,0.10124432668089868,0.12027168273925781,0.63671875,1,2
30,4371,0.1168657580856234,0.1754699945449829,0.56640625,1,2
30,4372,8.314847946166992e-05,8.314847946166992e-05,0.9921875,2,3
30,4373,0.04950916767120361,0.04950916767120361,0.81640625,1,1
30,4374,0.12017407477833332,0.17044079303741455,0.58203125,1,2
30,4375,0.036901116371154785,0.036901116371154785,0.85546875,1,2
30,4376,0.11613879539072515,0.1769734025001526,0.5625,1,2
30,4070,0.10563705186359587,0.18911248445510864,0.5234375,3,4
30,4235,0.10733044415246697,0.1825687289237976,0.53515625,3,6
30,4377,0.09005352866370232,0.124278724193573,0.58984375,2,1
30,4378,0.015973912784829746,0.26382720470428467,0.32421875,3,7
30,4379,0.07934208866208793,0.20726096630096436,0.453125,3,6
30,4380,0.011842489242553711,0.011842489242553711,0.8984375,2,2
30,4381,0.0,0.22755050659179688,0.296875,2,2
30,4382,0.07022065669298173,0.2304677963256836,0.421875,3,7
30,4383,0.04510086460504682,0.22863012552261353,0.37890625,2,2
30,4384,0.046450674533843994,0.046450674533843994,0.78125,2,2
30,4385,0.10602596285752953,0.1865473985671997,0.52734375,2,3
30,4386,0.09162573632784189,0.1417292356491089,0.55859375,2,3
30,4387,0.09770673187449576,0.20335710048675537,0.4921875,3,6
30,4388,0.08176482841372491,0.20322132110595703,0.4609375,2,4
30,4389,0.10285955714061859,0.19081193208694458,0.515625,3,5
30,4390,0.0,0.19494390487670898,0.28125,3,6
30,4391,0.04397416114807129,0.04397416114807129,0.8046875,3,4
30,4392,0.015608072280883789,0.015608072280883789,0.90234375,3,6
30,4393,0.0507814884185791,0.0507814884185791,0.79296875,2,2
30,4394,0.06918108463287354,0.06918108463287354,0.8125,3,6
30,4395,0.010959267616271973,0.010959267616271973,0.890625,2,2
30,4396,0.005776643753051758,0.005776643753051758,0.9375,4,5
30,4397,0.010649263858795166,0.010649263858795166,0.95703125,3,5
30,4398,0.10982476361095907,0.16735202074050903,0.5625,2,3
30,4399,0.05630051996558905,0.18478119373321533,0.421875,4,7
30,2997,0.12291113007813693,0.15891540050506592,0.609375,2,4
30,4273,0.10330408439040187,0.1916365623474121,0.515625,3,4
30,4400,0.012881994247436523,0.012881994247436523,0.90234375,4,6
30,4401,0.11841342598199846,0.1390542984008789,0.640625,3,8
30,4402,0.08565640449523926,0.08565640449523926,0.7265625,2,1
30,4403,0.029495125170797117,0.22881066799163818,0.3515625,3,9
30,4404,0.0,0.2685248851776123,0.24609375,2,4
30,4405,0.09873549500480296,0.12007737159729004,0.62890625,1,1
30,4406,0.013576626777648926,0.013576626777648926,0.8828125,3,3
30,4407,0.1064042050857097,0.1809931993484497,0.53515625,3,6
30,4408,0.10848653246648611,0.17860162258148193,0.54296875,3,7
30,4409,0.0,0.2525595426559448,0.296875,2,3
30,4410,0.10862668126355858,0.18477362394332886,0.53515625,3,4
30,4411,0.07823996245861055,0.20438194274902344,0.453125,2,4
30,4412,0.10947348235640676,0.18621402978897095,0.53515625,3,7
30,4413,0.10106915852520616,0.13581997156143188,0.59765625,3,5
30,4414,0.08723505004309119,0.20210111141204834,0.47265625,4,5
30,4415,0.0543820858001709,0.0543820858001709,0.8203125,2,3
30,4416,0.09974936884827915,0.19567692279815674,0.50390625,3,4
30,4417,0.11305735958740117,0.1748802661895752,0.55859375,2,2
30,4418,0.11325930827297272,0.17005503177642822,0.56640625,3,5
30,4419,0.09249073010869326,0.09358745813369751,0.6953125,2,3
30,4420,0.08329296112060547,0.08329296112060547,0.73828125,1,2
30,4421,0.041383751900866635,0.17511141300201416,0.39453125,3,5
30,4422,0.04551279777660967,0.21983540058135986,0.3828125,2,3
31,4413,0.09892911091446878,0.13294410705566406,0.59765625,3,5
31,4311,0.09816760662943126,0.13547658920288086,0.58984375,1,2
31,4423,0.005792796611785889,0.005792796611785889,0.9453125,3,4
31,4424,0.10356595111079515,0.12447363138198853,0.6328125,2,3
31,4425,0.09252098109573127,0.17163312435150146,0.515625,1,2
31,4426,0.09635500353761019,0.16389954090118408,0.53515625,2,2
31,4427,0.010022282600402832,0.010022282600402832,0.91015625,1,1
31,4428,0.06262462958693506,0.2357633113861084,0.40625,4,7
31,4429,0.01822364330291748,0.01822364330291748,0.90234375,2,5
31,4430,0.014405012130737305,0.014405012130737305,0.921875,3,5
31,4431,0.10356652119662614,0.10799604654312134,0.68359375,4,5
31,4432,0.07059383392333984,0.07059383392333984,0.796875,2,2
31,4433,0.07503025478217752,0.2122402787208557,0.44140625,1,1
31,4434,0.007448673248291016,0.007448673248291016,0.93359375,2,2
31,4435,0.013929426670074463,0.013929426670074463,0.91015625,1,2
31,4436,0.09457194805145264,0.09457194805145264,0.73046875,1,3
31,4437,0.012332320213317871,0.012332320213317871,0.921875,3,4
31,4438,0.09535330766811968,0.1352379322052002,0.58203125,3,4
31,4439,0.10103609203360976,0.15170228481292725,0.56640625,1,1
31,4440,0.014733731746673584,0.014733731746673584,0.921875,1,2
31,4441,0.011247754096984863,0.011247754096984863,0.9453125,1,3
31,4088,0.10398595221340658,0.11425065994262695,0.6640625,1,1
31,4304,0.10195450298488141,0.1318199634552002,0.609375,1,2
31,4442,0.09753812674898656,0.16057723760604858,0.54296875,2,3
31,4443,0.10198075498919935,0.14463752508163452,0.58203125,1,1
31,4444,0.10069882753305139,0.15576374530792236,0.55859375,1,1
31,4445,0.03690803050994873,0.03690803050994873,0.84765625,1,2
31,4446,0.10048910113982858,0.16543543338775635,0.54296875,1,1
31,4447,0.07236055098474027,0.17152130603790283,0.46875,1,3
31,4448,0.04281741380691528,0.04281741380691528,0.81640625,1,2
31,4449,0.01509767770767212,0.01509767770767212,0.89453125,1,1
31,4450,0.08825099468231201,0.08825099468231201,0.75390625,1,2
31,4451,0.025930941104888916,0.025930941104888916,0.83984375,1,0
31,4452,0.0571669340133667,0.0571669340133667,0.8125,1,2
31,4453,0.02649509906768799,0.02649509906768799,0.8671875,1,1
31,4454,0.10328355850651862,0.14253687858581543,0.58984375,2,3
31,4455,0.018336057662963867,0.018336057662963867,0.88671875,1,1
31,4456,0.009131073951721191,0.009131073951721191,0.921875,1,3
31,4457,0.10392277501523496,0.12065410614013672,0.64453125,1,2
31,4344,0.1120864860713482,0.1658620834350586,0.5703125,1,2
31,4287,0.10164126940071584,0.13481950759887695,0.6015625,1,1
31,4458,0.10791246872395278,0.12388157844543457,0.6484375,1,2
31,4459,0.10285257408395411,0.12078100442886353,0.640625,1,1
31,4460,0.1066826079040766,0.19098424911499023,0.5234375,1,2
31,4461,0.0,0.21172893047332764,0.234375,2,4
31,4462,0.03143048286437988,0.03143048286437988,0.85546875,2,3
31,4463,0.10207338992040606,0.13032811880111694,0.61328125,1,1
31,4464,0.012847304344177246,0.012847304344177246,0.9140625,1,2
31,4465,0.12178408703766765,0.13380569219589233,0.6640625,2,3
31,4466,0.01995033025741577,0.01995033025741577,0.89453125,1,2
31,4467,0.03633207082748413,0.03633207082748413,0.80859375,1,1
31,4468,0.014424562454223633,0.014424562454223633,0.91015625,1,1
31,4469,0.08192956447601318,0.08192956447601318,0.7734375,1,2
31,4470,0.01237398386001587,0.01237398386001587,0.90625,1,1
31,4471,0.03444695472717285,0.03444695472717285,0.8515625,1,1
31,4401,0.12920914753340187,0.13612157106399536,0.6796875,3,8
31,4412,0.11114726448431612,0.17728161811828613,0.55078125,3,7
31,4472,0.10752875357866289,0.13395309448242188,0.62109375,3,2
31,4473,0.1123674100963399,0.1792277693748474,0.55078125,3,7
31,4474,0.07372859492897989,0.22075462341308594,0.43359375,3,5
31,4475,0.011564791202545166,0.011564791202545166,0.92578125,3,4
31,4476,0.010259687900543213,0.010259687900543213,0.91796875,4,8
31,4477,0.08291437604930253,0.16265195608139038,0.50390625,2,2
31,4478,0.11744940758217128,0.16657644510269165,0.58203125,2,5
31,4479,0.10341585252899678,0.13897353410720825,0.59765625,3,5
31,4480,0.10695256269536915,0.1881777048110962,0.52734375,3,8
31,4481,0.00023424625396728516,0.00023424625396728516,0.99609375,4,8
31,4482,0.10784789477474989,0.1834489107131958,0.53515625,2,4
31,4483,0.11758396716322751,0.1396821141242981,0.63671875,3,6
31,4484,0.11676244297996165,0.1340411901473999,0.6484375,3,7
31,4485,0.09618987585417928,0.13642442226409912,0.58203125,3,5
31,4486,0.07056764326989652,0.22441387176513672,0.42578125,3,4
31,4487,0.11617565155029297,0.11617565155029297,0.74609375,3,4
31,2997,0.118876232765615,0.15369856357574463,0.609375,2,4
31,4237,0.12070638686418535,0.1736001968383789,0.578125,3,5
31,4488,0.10183337889611724,0.19601011276245117,0.5078125,3,3
31,4489,0.010453343391418457,0.010453343391418457,0.91796875,2,3
31,4490,0.12194880982860924,0.15570521354675293,0.61328125,3,4
31,4491,0.043214656412601485,0.2304781675338745,0.375,4,6
31,4492,0.06006479263305664,0.06006479263305664,0.80859375,3,4
31,4493,0.016255368478596217,0.23118746280670166,0.328125,1,1
31,4494,0.06552125373855235,0.2297731637954712,0.4140625,2,4
31,4495,0.009080290794372559,0.009080290794372559,0.9140625,3,5
31,4496,0.09893375635147095,0.09893375635147095,0.703125,3,6
31,4497,0.09474741655867548,0.2012891173362732,0.48828125,2,3
31,4498,0.09172296524047852,0.09172296524047852,0.765625,3,5
31,4499,0.025602757930755615,0.025602757930755615,0.8984375,2,3
31,4500,0.07448370289057495,0.23686742782592773,0.42578125,1,3
31,4501,0.012759566307067871,0.012759566307067871,0.89453125,1,2
31,4502,0.10973289096727969,0.18665528297424316,0.53515625,2,3
31,4503,0.026567459106445312,0.026567459106445312,0.8828125,3,5
31,4504,0.01706564426422119,0.01706564426422119,0.91796875,2,4
31,4505,0.10504255071282388,0.18169522285461426,0.53125,2,4
31,4506,0.008505463600158691,0.008505463600158691,0.9609375,1,2
31,4507,0.005347609519958496,0.005347609519958496,0.94921875,4,5
31,4508,0.010905146598815918,0.010905146598815918,0.93359375,2,3
31,4509,0.011045098304748535,0.011045098304748535,0.9296875,4,6
31,4510,0.12102377926930787,0.13441252708435059,0.66015625,3,5
31,4511,0.011631131172180176,0.011631131172180176,0.921875,3,5
31,4512,0.05384141206741333,0.05384141206741333,0.84375,2,4
31,4513,0.054957032203674316,0.054957032203674316,0.8515625,4,6
31,4514,0.09414152638055386,0.20866000652313232,0.48046875,4,6
31,4515,0.12110014818608762,0.16490232944488525,0.59375,4,7
31,4142,0.10968207591213287,0.16468393802642822,0.56640625,1,2
31,4376,0.10929402662441136,0.16905903816223145,0.55859375,1,2
31,4516,0.11013760138303043,0.1703639030456543,0.55859375,1,2
31,4517,0.1107137054204941,0.1793842315673828,0.546875,1,2
31,4518,0.10499522602185608,0.13926827907562256,0.6015625,1,3
31,4519,0.017702460289001465,0.017702460289001465,0.8984375,1,1
31,4520,0.11263641994446517,0.17422914505004883,0.55859375,1,2
31,4521,1.9073486328125e-06,1.9073486328125e-06,0.99609375,2,2
31,4522,0.0006971359252929688,0.0006971359252929688,0.984375,1,3
31,4523,0.10768461227416992,0.10768461227416992,0.76953125,2,3
31,4524,0.10992008005268873,0.1869736909866333,0.53515625,1,2
31,4525,0.044180870056152344,0.044180870056152344,0.828125,1,2
31,4526,0.03673744201660156,0.03673744201660156,0.8515625,2,2
31,4527,0.09843772370368244,0.14780092239379883,0.56640625,1,2
31,4528,0.06563937664031982,0.06563937664031982,0.7890625,1,1
31,4529,0.09283640678040685,0.20576727390289307,0.48046875,2,2
31,4530,0.12005935516208412,0.15522825717926025,0.609375,1,2
31,4531,0.11044294061139227,0.1708362102508545,0.55859375,1,2
31,4532,0.03745208261534572,0.2700769901275635,0.35546875,3,6
31,4533,0.10527920396998526,0.10978198051452637,0.68359375,2,3
31,4534,0.12404264416545631,0.1473546028137207,0.63671875,1,2
31,4535,0.020492911338806152,0.020492911338806152,0.90625,1,2
31,4358,0.12436957051977517,0.15684044361114502,0.6171875,1,2
31,4219,0.12407719157636167,0.15647172927856445,0.6171875,1,2
31,4536,0.06999534368515015,0.06999534368515015,0.8359375,1,3
31,4537,0.11105318902991713,0.18282711505889893,0.54296875,1,2
31,4538,0.08732682466506958,0.08732682466506958,0.75,2,3
31,4539,0.1263048388063908,0.14499568939208984,0.6484375,1,2
31,4540,0.038153648376464844,0.038153648376464844,0.84765625,1,1
31,4541,0.06066364049911499,0.06066364049911499,0.84375,2,3
31,4542,4.023313522338867e-05,4.023313522338867e-05,0.9921875,1,1
31,4543,0.1059451015898958,0.1387311816215515,0.60546875,1,3
31,4544,0.04092472791671753,0.04092472791671753,0.8359375,1,2
31,4545,0.12905502319335938,0.12905502319335938,0.70703125,2,3
31,4546,0.11358275637030603,0.17838764190673828,0.5546875,1,2
31,4547,1.4662742614746094e-05,1.4662742614746094e-05,0.9921875,1,0
31,4548,0.012981057167053223,0.012981057167053223,0.91015625,1,1
31,4549,0.03385060094296933,0.21396923065185547,0.36328125,1,1
31,4550,0.048623085021972656,0.048623085021972656,0.8203125,2,2
31,4551,0.04273724555969238,0.04273724555969238,0.84375,1,2
31,4552,0.03804445266723633,0.03804445266723633,0.859375,1,3
31,4553,0.11172340367920698,0.17546743154525757,0.5546875,1,2
31,4554,0.010917961597442627,0.010917961597442627,0.9296875,1,2
31,4555,0.007682442665100098,0.007682442665100098,0.9453125,1,1
31,4556,0.10750685585662725,0.18915295600891113,0.52734375,2,3
31,4557,0.10884264553897084,0.16836082935333252,0.55859375,1,2
31,4558,0.010376811027526855,0.010376811027526855,0.90625,2,3
32,4088,0.10019757575355472,0.11902821063995361,0.63671875,1,1
32,4457,0.09868344361893834,0.1259998083114624,0.61328125,1,2
32,4559,0.07998616597615184,0.1812075972557068,0.4765625,1,2
32,4560,0.03850662708282471,0.03850662708282471,0.84765625,1,2
32,4561,0.09146150667220355,0.13534188270568848,0.5703125,2,2
32,4562,0.08345474652014674,0.1736944317817688,0.4921875,1,2
32,4563,0.02446568012237549,0.02446568012237549,0.87109375,1,2
32,4564,0.03720223903656006,0.03720223903656006,0.81640625,1,1
32,4565,0.0985630110371858,0.132452130317688,0.59765625,1,2
32,4566,0.017287731170654297,0.017287731170654297,0.8828125,1,1
32,4567,0.09850075654685499,0.13412868976593018,0.59375,1,1
32,4568,0.02613276243209839,0.02613276243209839,0.83203125,2,4
32,4569,0.08309210359584542,0.1569858193397522,0.51171875,2,4
32,4570,0.07786303758621216,0.07786303758621216,0.73828125,2,2
32,4571,0.007384538650512695,0.007384538650512695,0.9296875,2,4
32,4572,0.1015345328487456,0.10273849964141846,0.6953125,1,1
32,4573,0.029593944549560547,0.029593944549560547,0.8203125,1,1
32,4574,0.011063814163208008,0.011063814163208008,0.90625,1,1
32,4575,0.10033765970729293,0.12202584743499756,0.62890625,1,1
32,4576,0.017967581748962402,0.017967581748962402,0.87890625,1,0
32,4518,0.0976677485741675,0.14664483070373535,0.56640625,1,3
32,4431,0.10531400330364706,0.11094808578491211,0.6796875,4,5
32,4577,0.07097222073934974,0.20076119899749756,0.44140625,1,3
32,4578,0.004080653190612793,0.004080653190612793,0.9453125,5,7
32,4579,0.07622213638387622,0.16894257068634033,0.48046875,1,2
32,4580,0.07960720849223436,0.16568654775619507,0.4921875,4,5
32,4581,0.09422596497461201,0.12662386894226074,0.59765625,1,1
32,4582,0.08712828159332277,0.1742565631866455,0.5,1,3
32,4583,0.03328502178192139,0.03328502178192139,0.8515625,4,6
32,4584,0.016290009021759033,0.016290009021759033,0.90625,4,5
32,4585,0.06260627252049746,0.06595557928085327,0.6796875,2,3
32,4586,0.0997387170791626,0.0997387170791626,0.71875,4,5
32,4587,0.10264109633862974,0.13105297088623047,0.61328125,1,2
32,4588,0.07581363222561778,0.17175477743148804,0.4765625,1,2
32,4589,0.09690710110589863,0.09805619716644287,0.6953125,1,2
32,4590,0.05460330680944027,0.23104870319366455,0.39453125,1,2
32,4591,0.08869882486760618,0.18460893630981445,0.4921875,4,4
32,4592,0.01665961742401123,0.01665961742401123,0.91796875,1,2
32,4593,0.013839006423950195,0.013839006423950195,0.890625,1,0
32,4594,0.014976739883422852,0.014976739883422852,0.890625,1,0
32,4595,0.07887552771717311,0.20091676712036133,0.45703125,1,3
32,4596,0.07601671107113363,0.20377254486083984,0.44921875,3,3
32,4597,0.023347218055278073,0.2598646879196167,0.3359375,4,6
32,4598,0.09243660024367274,0.11657029390335083,0.6171875,2,3
32,4237,0.11576116643846036,0.1818089485168457,0.5546875,3,5
32,4537,0.0964271426200867,0.19285428524017334,0.5,1,2
32,4599,0.10233701765537265,0.19697952270507812,0.5078125,3,5
32,4600,0.010283673182129867,0.25072574615478516,0.31640625,1,2
32,4601,0.028097650967538364,0.21796965599060059,0.3515625,1,1
32,4602,0.047484636306762695,0.047484636306762695,0.859375,1,1
32,4603,0.12388982973061503,0.12413227558135986,0.69921875,1,2
32,4604,0.1287924241041765,0.16444319486618042,0.61328125,3,5
32,4605,0.11842658929526807,0.17781352996826172,0.56640625,3,6
32,4606,0.11402377905324103,0.176375150680542,0.55859375,1,2
32,4607,0.09325498575344683,0.19409167766571045,0.4921875,3,5
32,4608,0.05618945322930814,0.21153676509857178,0.40625,2,4
32,4609,0.04587215161882342,0.221571147441864,0.3828125,1,2
32,4610,0.07098320103250445,0.10354244709014893,0.57421875,2,3
32,4611,0.08464181423187256,0.08464181423187256,0.734375,4,6
32,4612,0.01008732779882849,0.24593865871429443,0.31640625,2,5
32,4613,0.10977423936128618,0.18672561645507812,0.53515625,3,6
32,4614,0.10333742760121824,0.18181705474853516,0.52734375,1,2
32,4615,0.12902010418474677,0.14486467838287354,0.65625,3,5
32,4616,0.019518256187438965,0.019518256187438965,0.90234375,1,1
32,4515,0.11959080118685962,0.17199575901031494,0.578125,4,7
32,2997,0.12064578034915031,0.16002756357192993,0.6015625,2,4
32,4617,0.0,0.3761049509048462,0.07421875,2,3
32,4618,0.0,0.27900129556655884,0.26171875,2,3
32,4619,0.033143579959869385,0.033143579959869385,0.828125,1,3
32,4620,0.1091703596757725,0.10938400030136108,0.69921875,5,8
32,4621,0.11041621817275885,0.197668194770813,0.5234375,3,4
32,4622,0.12234372762031855,0.14878857135772705,0.62890625,4,6
32,4623,0.10549571458250287,0.1957021951675415,0.515625,1,2
32,4624,0.12205037148669363,0.17803359031677246,0.57421875,1,3
32,4625,0.009120583534240723,0.009120583534240723,0.91015625,4,8
32,4626,0.10746982973068955,0.19239354133605957,0.5234375,1,2
32,4627,0.09276914596557617,0.09276914596557617,0.73046875,2,3
32,4628,0.11926206760108472,0.16239941120147705,0.59375,4,7
32,4629,0.075131164630875,0.21252572536468506,0.44140625,4,7
32,4630,0.12029946269467474,0.15752768516540527,0.60546875,4,6
32,4631,0.05720160843338819,0.22356659173965454,0.40234375,4,7
32,4632,0.06439459323883057,0.06439459323883057,0.8203125,4,5
32,4633,0.034305838402360685,0.2311130166053772,0.359375,1,2
32,4634,0.014044761657714844,0.014044761657714844,0.92578125,3,4
32,4635,0.01357734203338623,0.01357734203338623,0.890625,2,3
32,4636,0.11092455661855641,0.1951662302017212,0.52734375,4,7
32,4637,0.01202857494354248,0.01202857494354248,0.8984375,1,3
32,4465,0.1234629317186773,0.13006794452667236,0.6796875,2,3
32,4487,0.11785250902175903,0.11785250902175903,0.703125,3,4
32,4638,0.05748927593231201,0.05748927593231201,0.76171875,2,3
32,4639,0.0069277286529541016,0.0069277286529541016,0.92578125,1,0
32,4640,0.07272385747637601,0.08256012201309204,0.65234375,3,4
32,4641,0.004717469215393066,0.004717469215393066,0.953125,2,2
32,4642,0.007046103477478027,0.007046103477478027,0.9453125,2,2
32,4643,0.05390041775535793,0.17141002416610718,0.42578125,2,3
32,4644,0.12113300501368941,0.1509004831314087,0.62109375,4,5
32,4645,0.0014401674270629883,0.0014401674270629883,0.9609375,2,2
32,4646,0.05645328573882581,0.2125300168991089,0.40625,3,5
32,4647,0.06444704532623291,0.06444704532623291,0.82421875,3,3
32,4648,0.007768213748931885,0.007768213748931885,0.9140625,2,3
32,4649,0.10221009864471854,0.14909279346466064,0.57421875,2,4
32,4650,0.015053510665893555,0.015053510665893555,0.92578125,2,4
32,4651,0.014236807823181152,0.014236807823181152,0.90625,3,5
32,4652,0.11189853958785535,0.15237247943878174,0.59375,4,5
32,4545,0.1301715234294534,0.1317150592803955,0.6953125,2,3
32,4539,0.12172262370586397,0.1498124599456787,0.625,1,2
32,4653,0.1137937791645527,0.1570415496826172,0.58984375,3,4
32,4654,0.0051403045654296875,0.0051403045654296875,0.93359375,1,1
32,4655,4.0531158447265625e-05,4.0531158447265625e-05,0.99609375,3,4
32,4656,0.09647387266159058,0.09647387266159058,0.75390625,1,2
32,4657,0.05222982168197632,0.05222982168197632,0.84375,1,1
32,4658,0.044242143630981445,0.044242143630981445,0.81640625,1,1
32,4659,0.06603610515594482,0.06603610515594482,0.7890625,1,1
32,4660,0.1148221492767334,0.1148221492767334,0.71875,1,2
32,4661,0.009733140468597412,0.009733140468597412,0.9375,1,3
32,4662,0.042539119720458984,0.042539119720458984,0.80859375,2,3
32,4663,0.03634577989578247,0.03634577989578247,0.8671875,1,1
32,4664,0.02931604022160173,0.22742140293121338,0.3515625,2,4
32,4665,0.03419041633605957,0.03419041633605957,0.88671875,1,1
32,4666,0.12053319578990342,0.1520024538040161,0.6171875,1,2
32,4667,0.014852046966552734,0.014852046966552734,0.93359375,2,3
32,4668,0.1105194091796875,0.1105194091796875,0.734375,1,2
32,4669,0.06292647309601308,0.16437935829162598,0.453125,2,3
32,4670,0.0856637954711914,0.0856637954711914,0.75,1,1
32,4671,0.04235422611236572,0.04235422611236572,0.8515625,1,2
32,4672,0.0,0.2734760642051697,0.21484375,2,3
32,4673,0.0067591071128845215,0.0067591071128845215,0.9140625,1,2
32,4674,0.009882569313049316,0.009882569313049316,0.90625,1,3
32,4675,0.0,0.26928067207336426,0.234375,2,3
32,4676,0.05871593952178955,0.05871593952178955,0.87109375,2,3
32,4401,0.12610098964069041,0.14005142450332642,0.66015625,3,8
32,4478,0.12093059811741115,0.17392265796661377,0.578125,2,5
32,4677,0.05309238005429507,0.17425191402435303,0.421875,3,5
32,4678,0.041701555252075195,0.041701555252075195,0.8515625,3,8
32,4679,0.04444849491119385,0.04444849491119385,0.8203125,2,5
32,4680,0.0806429386138916,0.0806429386138916,0.75390625,3,6
32,4681,0.08054991601966323,0.21592438220977783,0.44921875,3,7
32,4682,0.009241938591003418,0.009241938591003418,0.9140625,3,7
32,4683,0.00912010669708252,0.00912010669708252,0.9140625,1,2
32,4684,0.05364406108856201,0.05364406108856201,0.82421875,3,8
32,4685,0.009321928024291992,0.009321928024291992,0.91015625,2,5
32,4686,0.008225977420806885,0.008225977420806885,0.9140625,2,5
32,4687,0.09436758002266289,0.20916104316711426,0.48046875,3,6
32,4688,0.0,0.2628765106201172,0.296875,2,6
32,4689,0.1189572042785585,0.1500149965286255,0.6171875,3,7
32,4690,0.10521412175148728,0.19517982006072998,0.515625,3,7
32,4691,0.1134108693804592,0.18670856952667236,0.54296875,3,6
32,4692,0.0995902419090271,0.0995902419090271,0.734375,2,4
32,4693,0.11756516480818392,0.1579878330230713,0.59765625,4,8
32,4694,0.10795540083199741,0.1395787000656128,0.609375,2,4
33,4431,0.10997176170349121,0.10997176170349121,0.703125,4,5
33,4587,0.10731924301944674,0.12898463010787964,0.6328125,1,2
33,4695,0.11358086299151184,0.16807341575622559,0.5703125,1,2
33,4696,0.10863479785621168,0.14409589767456055,0.6015625,3,4
33,4697,0.07077383995056152,0.07077383995056152,0.796875,4,4
33,4698,0.0034008026123046875,0.0034008026123046875,0.96484375,5,7
33,4699,0.028368353843688965,0.028368353843688965,0.8515625,1,0
33,4700,0.11173984478227796,0.12410151958465576,0.66015625,3,2
33,4701,0.09989548986777665,0.20791256427764893,0.4921875,2,3
33,4702,0.042682111263275146,0.042682111263275146,0.89453125,1,2
33,4703,0.08077824115753174,0.08077824115753174,0.78515625,5,6
33,4704,0.01934957504272461,0.01934957504272461,0.91796875,4,5
33,4705,0.10376757010817529,0.1794898509979248,0.53125,4,5
33,4706,0.10981598752550782,0.12065619230270386,0.6640625,3,5
33,4707,0.09694410907104613,0.2196255922317505,0.4765625,4,6
33,4708,0.11306892056018115,0.11555147171020508,0.69140625,1,1
33,4709,0.08365768194198608,0.08365768194198608,0.70703125,5,7
33,4710,0.10798067215364428,0.12827402353286743,0.63671875,3,2
33,4711,0.009265780448913574,0.009265780448913574,0.9296875,1,0
33,4712,0.09962746035307647,0.18152761459350586,0.51953125,4,4
33,4713,0.09340500831604004,0.09340500831604004,0.73046875,4,6
33,4714,0.0057492852210998535,0.0057492852210998535,0.953125,4,4
33,4715,0.04047894477844238,0.04047894477844238,0.8671875,1,2
33,4716,0.01584792137145996,0.01584792137145996,0.92578125,1,2
33,4515,0.13371812179684642,0.1665782928466797,0.62109375,4,7
33,4628,0.13640466099604967,0.15659010410308838,0.6484375,4,7
33,4717,0.08449363708496094,0.08449363708496094,0.765625,1,1
33,4718,0.12427447410300375,0.15672051906585693,0.6171875,4,6
33,4719,0.07707496802322568,0.16374433040618896,0.48828125,5,6
33,4720,0.11204601265490056,0.18747568130493164,0.5390625,4,7
33,4721,0.08786457777023315,0.08786457777023315,0.76171875,4,6
33,4722,0.010087220231071121,0.24593603610992432,0.31640625,5,9
33,4723,0.11932025197893383,0.14011919498443604,0.640625,3,3
33,4724,0.12238391651771964,0.14883744716644287,0.62890625,4,4
33,4725,0.059378623962402344,0.059378623962402344,0.82421875,1,1
33,4726,0.02547276020050049,0.02547276020050049,0.88671875,4,5
33,4727,0.037928640842437744,0.037928640842437744,0.87890625,4,8
33,4728,0.11490476131439209,0.11490476131439209,0.703125,4,6
33,4729,0.05593979358673096,0.05593979358673096,0.77734375,5,6
33,4730,0.006802737712860107,0.006802737712860107,0.96875,3,3
33,4731,0.1265720236115158,0.1361446976661682,0.671875,5,9
33,4732,0.11845497135072948,0.13598418235778809,0.6484375,3,4
33,4733,0.08500796556472778,0.08500796556472778,0.75390625,4,5
33,4734,0.00087738037109375,0.00087738037109375,0.9921875,3,6
33,2997,0.13576578954234722,0.1541287899017334,0.65234375,2,4
33,4690,0.12327447102870795,0.19068437814712524,0.55859375,3,7
33,4735,0.057833313941955566,0.057833313941955566,0.84375,3,6
33,4736,0.06528937816619873,0.06528937816619873,0.8125,1,2
33,4737,0.10103401495143773,0.1808720827102661,0.5234375,1,2
33,4738,0.0034527182579040527,0.0034527182579040527,0.96875,1,0
33,4739,0.076693594455719,0.076693594455719,0.80859375,2,3
33,4740,0.03474969789385796,0.25058937072753906,0.35546875,1,2
33,4741,0.023584306240081787,0.023584306240081787,0.90234375,1,1
33,4742,0.014415442943572998,0.014415442943572998,0.9140625,2,3
33,4743,0.014499568264000126,0.23947674036026,0.32421875,1,2
33,4744,0.0993584394454956,0.0993584394454956,0.74609375,1,1
33,4745,0.10401465743780137,0.15849852561950684,0.5625,1,2
33,4746,0.10863828659057617,0.10863828659057617,0.71484375,1,1
33,4747,0.004877448081970215,0.004877448081970215,0.9453125,2,4
33,4748,0.07473576068878174,0.07473576068878174,0.80078125,1,1
33,4749,0.10888680070638658,0.14443016052246094,0.6015625,1,1
33,4750,0.11844524368643762,0.1804879903793335,0.5625,2,4
33,4751,0.0217055082321167,0.0217055082321167,0.9296875,1,2
33,4752,0.13690269365906718,0.15204811096191406,0.66015625,3,7
33,4753,0.10852540261112155,0.14210999011993408,0.60546875,1,1
33,4754,0.09566283226013184,0.09566283226013184,0.765625,3,7
33,4755,0.02253800630569458,0.02253800630569458,0.90625,2,3
33,4465,0.11542804818600418,0.12682223320007324,0.6640625,2,3
33,4644,0.12208060082048179,0.14502382278442383,0.63671875,4,5
33,4756,0.0721722219604999,0.153328537940979,0.48828125,2,4
33,4757,0.01800227165222168,0.01800227165222168,0.9296875,4,6
33,4758,0.09433341026306152,0.09433341026306152,0.73828125,4,5
33,4759,0.013847827911376953,0.013847827911376953,0.9375,3,4
33,4760,2.5153160095214844e-05,2.5153160095214844e-05,1.0,1,1
33,4761,0.07511347695253791,0.18226587772369385,0.46484375,3,5
33,4762,0.12298710364848377,0.15901362895965576,0.609375,4,5
33,4763,0.03152430057525635,0.03152430057525635,0.85546875,2,3
33,4764,0.03745907393749805,0.2107587456703186,0.37109375,1,2
33,4765,0.10269178356975318,0.16379499435424805,0.55078125,4,4
33,4766,0.006096184253692627,0.006096184253692627,0.94921875,4,6
33,4767,0.010176599025726318,0.010176599025726318,0.9609375,5,5
33,4768,0.014238119125366211,0.014238119125366211,0.92578125,3,5
33,4769,0.08055708999745549,0.18250101804733276,0.4765625,2,3
33,4770,0.11963989585638048,0.14724910259246826,0.625,2,5
33,4771,0.06105595827102661,0.06105595827102661,0.83203125,2,2
33,4772,0.0926734209060669,0.0926734209060669,0.75,1,1
33,4401,0.12664028699509802,0.13341528177261353,0.6796875,3,8
33,4478,0.13385454006493094,0.16880178451538086,0.6171875,2,5
33,4773,0.13097219984047118,0.16315758228302002,0.62109375,2,5
33,4774,0.12683475692756477,0.17044460773468018,0.59765625,2,4
33,4775,0.12081575393676758,0.12081575393676758,0.7109375,3,9
33,4776,0.06897926330566406,0.06897926330566406,0.8203125,3,5
33,4777,0.07258981466293335,0.07258981466293335,0.75390625,2,4
33,4778,0.11260901251807812,0.20159375667572021,0.5234375,2,4
33,4779,0.1287004217738286,0.18253356218338013,0.58203125,3,7
33,4780,0.026065931655466567,0.21878290176391602,0.34765625,2,4
33,4781,0.1351702592801303,0.16438758373260498,0.62890625,2,3
33,4782,0.00012493133544921875,0.00012493133544921875,0.99609375,3,7
33,4783,0.08056706190109253,0.08056706190109253,0.76953125,3,7
33,4784,0.13742305501364174,0.14938557147979736,0.66796875,2,4
33,4785,0.014444589614868164,0.014444589614868164,0.921875,3,8
33,4786,0.1344126160256565,0.15784233808517456,0.640625,1,2
33,4787,0.1292649409733713,0.18082964420318604,0.5859375,2,4
33,4788,0.12306189537048343,0.18752288818359375,0.5625,4,8
33,4789,0.08931583166122437,0.08931583166122437,0.75,2,3
33,4615,0.13011500891298058,0.13995563983917236,0.671875,3,5
33,4604,0.13358499621972444,0.16055285930633545,0.6328125,3,5
33,4790,0.0698690414428711,0.0698690414428711,0.80078125,4,6
33,4791,0.13510813959874216,0.17038267850875854,0.6171875,3,4
33,4792,0.06720049772411586,0.17117738723754883,0.45703125,3,4
33,4793,0.1118385542649776,0.19677436351776123,0.52734375,3,4
33,4794,0.12969016609713438,0.15587174892425537,0.6328125,3,4
33,4795,0.03588879108428955,0.03588879108428955,0.875,4,7
33,4796,0.1359424237161875,0.146223783493042,0.671875,1,3
33,4797,0.12361598014831543,0.12361598014831543,0.703125,1,2
33,4798,0.01575314998626709,0.01575314998626709,0.94140625,1,1
33,4799,0.13120813190471384,0.16345149278640747,0.62109375,2,5
33,4800,0.12359633296728136,0.1451406478881836,0.640625,4,6
33,4801,0.13004845962859693,0.1819257140159607,0.5859375,1,3
33,4802,0.015448927879333496,0.015448927879333496,0.9140625,1,3
33,4803,0.004647612571716309,0.004647612571716309,0.95703125,1,3
33,4804,0.07099286536686124,0.24071753025054932,0.41796875,2,2
33,4805,0.12843296304345134,0.1580713391304016,0.625,3,4
33,4806,0.0,0.32572871446609497,0.12109375,2,2
33,4807,0.0812215805053711,0.0812215805053711,0.8046875,3,6
33,4808,0.11693296919111164,0.186509907245636,0.55078125,3,3
33,4809,0.00950324535369873,0.00950324535369873,0.9296875,3,5
33,4810,0.01768505573272705,0.01768505573272705,0.91796875,1,1
33,4811,0.010094404220581055,0.010094404220581055,0.921875,1,2
33,4812,0.10443341732025146,0.10443341732025146,0.73046875,3,5
33,4813,0.13104050233960154,0.13526761531829834,0.6875,3,4
33,4814,0.023199021816253662,0.023199021816253662,0.91796875,3,5
33,4815,0.13181112916208806,0.15303242206573486,0.64453125,2,4
33,4545,0.12401182483881713,0.12548232078552246,0.6953125,2,3
33,4649,0.11629129061475398,0.14665305614471436,0.6171875,2,4
33,4816,0.0,0.2715613842010498,0.12109375,3,5
33,4817,0.06920212507247925,0.06920212507247925,0.8125,3,5
33,4818,0.0,0.0,1.0,2,2
33,4819,0.055269718170166016,0.055269718170166016,0.828125,2,4
33,4820,0.10448054736480118,0.13681340217590332,0.60546875,2,3
33,4821,1.1920928955078125e-07,1.1920928955078125e-07,1.0,2,4
33,4822,0.04057574272155762,0.04057574272155762,0.85546875,2,3
33,4823,0.0008890032768249512,0.0008890032768249512,0.984375,2,1
33,4824,0.08016402006614955,0.2041988968849182,0.45703125,2,3
33,4825,0.08774048089981079,0.08774048089981079,0.796875,3,4
33,4826,0.0,0.27949827909469604,0.27734375,3,5
33,4827,0.0009865760803222656,0.0009865760803222656,0.9921875,2,3
33,4828,0.11917001823894681,0.13528835773468018,0.65234375,1,2
33,4829,0.06059745699167252,0.1869029998779297,0.4296875,2,2
33,4830,0.11119798617437483,0.11714684963226318,0.6796875,2,3
34,4695,0.10481110052205624,0.17828333377838135,0.53515625,1,2
34,4431,0.11343705654144287,0.11343705654144287,0.7109375,4,5
34,4831,0.0995255275629461,0.18134188652038574,0.51953125,4,5
34,4832,0.08409058046527208,0.22541558742523193,0.44921875,3,5
34,4833,0.011953949928283691,0.011953949928283691,0.92578125,4,6
34,4834,0.01031959056854248,0.01031959056854248,0.9296875,4,5
34,4835,0.014602065086364746,0.014602065086364746,0.90625,1,0
34,4836,0.10546185448765756,0.16070377826690674,0.5625,2,4
34,4837,0.02302759885787964,0.02302759885787964,0.88671875,1,2
34,4838,0.11114098597317935,0.14742016792297363,0.6015625,1,1
34,4839,0.08248683728743346,0.23333293199539185,0.44140625,1,2
34,4840,0.11219573020935059,0.11219573020935059,0.71484375,3,4
34,4841,0.11629873514175415,0.11629873514175415,0.734375,1,1
34,4842,0.016034185886383057,0.016034185886383057,0.91015625,1,2
34,4843,0.021746039390563965,0.021746039390563965,0.875,3,4
34,4844,0.1041997103020549,0.1662001609802246,0.55078125,2,2
34,4845,0.10870325565338135,0.10870325565338135,0.75390625,4,5
34,4846,0.11431155749596657,0.15162569284439087,0.6015625,1,3
34,4847,0.05563008785247803,0.05563008785247803,0.83203125,2,3
34,4848,0.12070875614881517,0.12094497680664062,0.69921875,3,4
34,4849,0.014256298542022705,0.014256298542022705,0.91796875,1,2
34,4850,0.10469802387524398,0.16194981336593628,0.55859375,1,2
34,4851,0.09393638372421265,0.09393638372421265,0.78515625,1,1
34,4731,0.13405599631369117,0.1505190134048462,0.65625,5,9
34,4718,0.12771430145949128,0.17162656784057617,0.59765625,4,6
34,4852,0.011459946632385254,0.011459946632385254,0.91015625,4,6
34,4853,0.00011152029037475586,0.00011152029037475586,0.98828125,2,1
34,4854,0.0,0.23755478858947754,0.2890625,5,7
34,4855,0.03817111253738403,0.03817111253738403,0.859375,1,1
34,4856,0.112792527070269,0.14224082231521606,0.6171875,1,1
34,4857,0.004518270492553711,0.004518270492553711,0.95703125,4,6
34,4858,0.10938936774618926,0.20666921138763428,0.51171875,3,4
34,4859,0.10635322972666475,0.200933039188385,0.51171875,3,2
34,4860,0.06364160776138306,0.06364160776138306,0.8359375,4,4
34,4861,0.0004903078079223633,0.0004903078079223633,0.98828125,4,7
34,4862,0.00048661231994628906,0.00048661231994628906,0.98046875,2,4
34,4863,0.0,0.3939589262008667,0.08203125,2,2
34,4864,0.007322490215301514,0.007322490215301514,0.9296875,4,6
34,4865,0.06884351698681714,0.08178162574768066,0.63671875,1,1
34,4866,0.005962014198303223,0.005962014198303223,0.9453125,2,3
34,4867,0.079305047984235,0.2243325114250183,0.44140625,4,6
34,4868,0.10492229461669922,0.10492229461669922,0.72265625,3,5
34,4869,0.0,0.1969074010848999,0.27734375,4,6
34,4870,0.004736065864562988,0.004736065864562988,0.95703125,6,9
34,4871,0.03759431838989258,0.03759431838989258,0.859375,4,4
34,4872,0.11695438181050123,0.18654406070709229,0.55078125,5,10
34,4873,0.008082278072834022,0.2586328983306885,0.3125,4,6
34,4874,0.11157151369843633,0.14245539903640747,0.61328125,1,1
34,4875,0.11805760860443115,0.11805760860443115,0.71484375,1,1
34,4876,0.014689087867736816,0.014689087867736816,0.91796875,4,5
34,4877,0.036131858825683594,0.036131858825683594,0.87109375,3,4
34,4878,0.013722062110900879,0.013722062110900879,0.90625,3,6
34,4879,0.016685128211975098,0.016685128211975098,0.89453125,5,7
34,4880,0.0,0.3571905493736267,0.09375,2,3
34,4881,0.014764547348022461,0.014764547348022461,0.8984375,5,9
34,4882,0.052429258823394775,0.052429258823394775,0.85546875,2,3
34,4883,0.004964649677276611,0.004964649677276611,0.95703125,2,3
34,4815,0.1310767410323024,0.1673598289489746,0.61328125,2,4
34,4797,0.1272890213876963,0.136915922164917,0.671875,1,2
34,4884,0.13741541421040895,0.15953898429870605,0.64453125,2,3
34,4885,0.1315566534176469,0.14454293251037598,0.6640625,2,5
34,4886,0.1270286736544222,0.17070519924163818,0.59765625,1,2
34,4887,0.12729926407337191,0.13274383544921875,0.68359375,3,6
34,4888,0.037827491760253906,0.037827491760253906,0.859375,1,3
34,4889,0.09678566455841064,0.09678566455841064,0.703125,2,3
34,4890,0.13873283681459728,0.15242749452590942,0.6640625,1,2
34,4891,0.008379340171813965,0.008379340171813965,0.9296875,2,3
34,4892,0.13040747819468382,0.15673387050628662,0.6328125,2,4
34,4604,0.12313535297289492,0.17225492000579834,0.5859375,3,5
34,4813,0.13751771522220227,0.14638060331344604,0.67578125,3,4
34,4893,0.08279154729098083,0.22789931297302246,0.4453125,3,5
34,4894,0.12926986778620633,0.14052265882492065,0.66796875,3,5
34,4895,0.11898654978722335,0.17112672328948975,0.578125,4,5
34,4896,0.12848479358945045,0.1600589156150818,0.62109375,3,4
34,4897,0.12588852643966675,0.12588852643966675,0.70703125,4,7
34,4898,0.04058718681335449,0.04058718681335449,0.86328125,3,4
34,4899,0.055097189499065294,0.2153416872024536,0.40234375,4,6
34,4900,0.11667829146608712,0.17265689373016357,0.5703125,3,4
34,4901,0.02749192714691162,0.02749192714691162,0.875,4,3
34,4902,0.10476052761077881,0.10476052761077881,0.7578125,3,3
34,4903,0.12118571251630784,0.16285324096679688,0.59765625,5,5
34,4904,0.11370442388579252,0.2000572681427002,0.52734375,2,3
34,4905,0.12596939061768356,0.16083872318267822,0.61328125,3,4
34,4906,0.12689996534027162,0.1350785493850708,0.67578125,3,5
34,4907,0.12587584462016824,0.18103492259979248,0.578125,3,4
34,4908,0.11461683711968365,0.19496285915374756,0.53515625,2,3
34,4909,0.12029982917010786,0.1833140254020691,0.5625,3,5
34,4910,0.009150981903076172,0.009150981903076172,0.9375,2,4
34,4911,0.1106808783952147,0.19814199209213257,0.5234375,3,5
34,4912,0.09947841614484788,0.1780872344970703,0.5234375,4,5
34,4913,0.025489138439297686,0.23304355144500732,0.34375,3,4
34,2997,0.1284841245505959,0.16824519634246826,0.60546875,2,4
34,4690,0.10673788026906553,0.20545035600662231,0.5078125,3,7
34,4914,0.02194666862487793,0.02194666862487793,0.875,3,4
34,4915,0.029355110600590716,0.26838958263397217,0.34375,3,7
34,4916,0.07859644666314126,0.21635150909423828,0.4453125,2,3
34,4917,0.04007155203726143,0.2532917857170105,0.36328125,2,4
34,4918,0.060965657234191895,0.060965657234191895,0.83203125,2,4
34,4919,0.063346094917506,0.2574063539505005,0.3984375,3,6
34,4920,0.0,0.2820298671722412,0.26171875,3,5
34,4921,0.05306631326675415,0.05306631326675415,0.79296875,3,7
34,4922,0.0,0.28777825832366943,0.265625,2,4
34,4923,0.11679160105995835,0.18628442287445068,0.55078125,2,3
34,4924,0.013219872023910291,0.21834111213684082,0.32421875,3,5
34,4925,0.1114046070724726,0.19943761825561523,0.5234375,3,6
34,4752,0.1252275567967445,0.16398084163665771,0.60546875,3,7
34,4628,0.13034655502997342,0.17068397998809814,0.60546875,4,7
34,4926,0.12780632916837933,0.15360760688781738,0.6328125,3,6
34,4927,0.11057442426681519,0.11057442426681519,0.703125,1,1
34,4928,0.036339017562568195,0.24481022357940674,0.359375,4,6
34,4929,0.003171577351167806,0.2706412672996521,0.3046875,1,3
34,4930,0.0007606148719787598,0.0007606148719787598,0.98046875,3,7
34,4931,0.08577388525009155,0.08577388525009155,0.796875,4,8
34,4932,0.04882502555847168,0.04882502555847168,0.81640625,4,6
34,4933,0.09521602070890368,0.21104156970977783,0.48046875,1,2
34,4934,0.04921603202819824,0.04921603202819824,0.8125,1,3
34,4935,0.1036552570294589,0.21144020557403564,0.49609375,3,7
34,4936,0.09220724948681892,0.10240805149078369,0.66015625,4,9
34,4937,0.01393347978591919,0.01393347978591919,0.9375,3,6
34,4938,0.11298756161704661,0.1297076940536499,0.6484375,1,2
34,4939,0.11108799185603858,0.11824750900268555,0.67578125,1,3
34,4940,0.04645812511444092,0.04645812511444092,0.8671875,4,8
34,4941,0.009081602096557617,0.009081602096557617,0.94140625,4,9
34,4942,0.05401521921157837,0.05401521921157837,0.8046875,5,7
34,4943,0.0,0.2683500647544861,0.296875,4,7
34,4944,0.0843648291192949,0.2322300672531128,0.4453125,3,8
34,4945,0.11956067103892566,0.17951631546020508,0.56640625,4,7
34,4946,0.0061667561531066895,0.0061667561531066895,0.9609375,3,7
34,4947,0.11779300821945073,0.16941016912460327,0.578125,4,6
34,4948,0.04717475175857544,0.04717475175857544,0.8125,1,4
34,4949,0.026593804359436035,0.026593804359436035,0.8671875,4,6
34,4784,0.12660217250231656,0.16164666414260864,0.61328125,2,4
34,4478,0.12179644126445056,0.18287324905395508,0.56640625,2,5
34,4950,0.1234408705495298,0.15960031747817993,0.609375,2,4
34,4951,0.12051081657409668,0.12051081657409668,0.71875,2,6
34,4952,0.01195669174194336,0.01195669174194336,0.92578125,2,5
34,4953,0.009967803955078125,0.009967803955078125,0.94140625,2,4
34,4954,0.12974275439046326,0.16361647844314575,0.6171875,2,4
34,4955,0.12338241655379535,0.17744886875152588,0.578125,3,7
34,4956,0.04443865548819305,0.1961430311203003,0.390625,3,5
34,4957,0.1135094009805471,0.1930791139602661,0.53515625,2,5
34,4958,0.009893655776977539,0.009893655776977539,0.9296875,2,3
34,4959,0.06024140119552612,0.06024140119552612,0.828125,1,2
34,4960,0.045070767402648926,0.045070767402648926,0.828125,2,5
34,4961,0.1219857989344746,0.1831575632095337,0.56640625,2,5
34,4962,0.12761855940334502,0.13307678699493408,0.68359375,1,2
34,4963,0.008314371109008789,0.008314371109008789,0.9453125,2,5
34,4964,0.11871966673061253,0.17567765712738037,0.5703125,1,2
34,4965,0.13650954188779,0.15671050548553467,0.6484375,2,4
34,4966,0.09048736351542176,0.21957123279571533,0.46484375,2,4
35,4939,0.12414860352873804,0.12439155578613281,0.69921875,1,3
35,4902,0.11034727096557617,0.11034727096557617,0.74609375,3,3
35,4967,0.020538389682769775,0.020538389682769775,0.91796875,4,3
35,4968,0.0737076997756958,0.0737076997756958,0.8359375,3,2
35,4969,0.020061254501342773,0.020061254501342773,0.91796875,2,3
35,4970,0.08813971281051636,0.08813971281051636,0.8125,1,3
35,4971,0.11793684796430172,0.14010131359100342,0.63671875,3,2
35,4972,0.12012828397564591,0.13341796398162842,0.66015625,3,2
35,4973,0.07666049455292524,0.21102243661880493,0.4453125,2,3
35,4974,0.07173895835876465,0.07173895835876465,0.8359375,1,2
35,4975,0.07705515623092651,0.07705515623092651,0.8359375,1,2
35,4976,0.0807745410129428,0.18299365043640137,0.4765625,3,4
35,4977,0.05244576930999756,0.05244576930999756,0.87109375,3,2
35,4848,0.12408292293548584,0.12408292293548584,0.70703125,3,4
35,4875,0.11941661231685431,0.11965030431747437,0.69921875,1,1
35,4978,0.0859522819519043,0.0859522819519043,0.8203125,4,4
35,4979,0.12519884272478524,0.12668341398239136,0.6953125,4,5
35,4980,0.010483980178833008,0.010483980178833008,0.9140625,3,3
35,4981,0.11769942613318564,0.1382158398628235,0.640625,3,5
35,4982,0.11063927412033081,0.11063927412033081,0.76953125,3,5
35,4983,0.11573699768632652,0.13910174369812012,0.6328125,3,4
35,4984,0.09284319169819356,0.17870569229125977,0.5078125,1,1
35,4985,0.06379306316375732,0.06379306316375732,0.890625,3,3
35,4986,0.07992817647755147,0.20879197120666504,0.453125,4,3
35,4987,0.027449727058410645,0.027449727058410645,0.859375,1,1
35,4988,0.08931195735931396,0.08931195735931396,0.78515625,4,3
35,4989,0.016073226928710938,0.016073226928710938,0.8984375,3,3
35,4990,0.033184707164764404,0.033184707164764404,0.80859375,1,1
35,4991,0.007984340190887451,0.007984340190887451,0.9453125,1,1
35,4992,0.04387909173965454,0.04387909173965454,0.90625,3,4
35,4993,0.010047674179077148,0.010047674179077148,0.93359375,2,2
35,4994,0.08461821079254152,0.1835784912109375,0.484375,1,2
35,4995,0.046801865100860596,0.046801865100860596,0.80078125,1,1
35,4996,0.10181993246078491,0.10181993246078491,0.7734375,3,3
35,4997,0.11796689336188139,0.14695632457733154,0.62109375,1,1
35,4998,0.1009419420734048,0.17170190811157227,0.53515625,2,4
35,4999,0.037212491035461426,0.037212491035461426,0.8984375,1,1
35,5000,0.008112311363220215,0.008112311363220215,0.9453125,1,1
35,2997,0.13257046882063153,0.17140424251556396,0.609375,2,4
35,4925,0.10404493287205699,0.2041034698486328,0.50390625,3,6
35,5001,0.13458345504477623,0.16972100734710693,0.6171875,2,5
35,5002,0.09711194573901595,0.20211917161941528,0.4921875,2,5
35,5003,0.0,0.3359646797180176,0.15234375,5,10
35,5004,0.010617631953209646,0.2588679790496826,0.31640625,3,4
35,5005,0.06562072038650513,0.06562072038650513,0.80078125,3,6
35,5006,0.0,0.25516176223754883,0.13671875,5,11
35,5007,0.07155662938021125,0.22755897045135498,0.42578125,2,2
35,5008,0.0887158897239715,0.18847525119781494,0.48828125,3,5
35,5009,0.11293427157215775,0.15798455476760864,0.5859375,3,5
35,5010,0.11832208966370673,0.1510745882987976,0.61328125,4,6
35,5011,0.060922086238861084,0.060922086238861084,0.86328125,2,3
35,4628,0.12793193198740485,0.17420518398284912,0.59375,4,7
35,4894,0.1283421365078539,0.14570105075836182,0.65234375,3,5
35,5012,0.018836498260498047,0.018836498260498047,0.93359375,4,7
35,5013,0.08446987066417934,0.22643232345581055,0.44921875,4,5
35,5014,0.11333632469177246,0.11333632469177246,0.74609375,1,2
35,5015,0.0,0.335102915763855,0.20703125,3,5
35,5016,0.10485470294952393,0.10485470294952393,0.75,1,2
35,5017,0.03913557529449463,0.03913557529449463,0.84765625,4,5
35,5018,0.010280072689056396,0.010280072689056396,0.9296875,1,2
35,5019,0.029388427734375,0.029388427734375,0.87890625,3,6
35,5020,0.10364817827939989,0.21572303771972656,0.4921875,3,6
35,5021,0.0017654895782470703,0.0017654895782470703,0.97265625,2,3
35,5022,0.07336091995239258,0.07336091995239258,0.83984375,4,8
35,5023,0.009029507637023926,0.009029507637023926,0.94921875,3,7
35,5024,0.12079522025305779,0.1762027144432068,0.57421875,3,4
35,5025,0.10284947860054673,0.1194080114364624,0.64453125,4,6
35,5026,0.0008825063705444336,0.0008825063705444336,0.984375,3,5
35,5027,0.1251680850982666,0.1251680850982666,0.7109375,3,6
35,5028,0.13685618119779977,0.14567643404006958,0.67578125,4,7
35,5029,0.06337548512965442,0.2385900616645813,0.40625,2,5
35,5030,0.054095716448500766,0.2612925171852112,0.3828125,4,7
35,5031,0.049408674240112305,0.049408674240112305,0.8203125,1,2
35,5032,0.06604737509042026,0.24864894151687622,0.40625,3,7
35,5033,0.05073446035385132,0.05073446035385132,0.890625,3,4
35,5034,0.017412424087524414,0.017412424087524414,0.92578125,3,7
35,5035,0.1047356128692627,0.1047356128692627,0.765625,3,6
35,5036,0.07872426509857178,0.07872426509857178,0.7734375,4,7
35,5037,0.011550068855285645,0.011550068855285645,0.921875,4,7
35,5038,0.12398970127105713,0.12398970127105713,0.7421875,4,7
35,5039,0.12146592140197754,0.12146592140197754,0.7265625,3,4
35,5040,0.03736734390258789,0.03736734390258789,0.88671875,3,5
35,5041,0.09852153062820435,0.09852153062820435,0.8046875,3,5
35,5042,0.1265058042481542,0.16565465927124023,0.60546875,3,5
35,4965,0.13085612817667427,0.159140944480896,0.62890625,2,4
35,4954,0.13147895783185962,0.16787338256835938,0.61328125,2,4
35,5043,0.009303674101829537,0.2977175712585449,0.3125,3,5
35,5044,0.13203060405794534,0.15328723192214966,0.64453125,2,5
35,5045,0.05232018232345581,0.05232018232345581,0.86328125,2,3
35,5046,0.13094023405574265,0.13381516933441162,0.69140625,2,4
35,5047,0.0,0.28565627336502075,0.265625,3,6
35,5048,0.04342782497406006,0.04342782497406006,0.875,2,3
35,5049,0.10588693618774414,0.10588693618774414,0.703125,2,3
35,5050,0.12601113319396973,0.12601113319396973,0.7109375,2,3
35,5051,0.12135215476155282,0.18491756916046143,0.5625,2,4
35,5052,0.0934220552444458,0.0934220552444458,0.76171875,2,3
35,5053,0.10735642910003662,0.10735642910003662,0.75390625,3,5
35,5054,0.13339658081531527,0.14656448364257812,0.6640625,2,4
35,5055,0.04908604454249145,0.24883222579956055,0.37890625,3,5
35,5056,0.04447650909423828,0.04447650909423828,0.875,3,4
35,5057,0.1124185599619523,0.1977948546409607,0.52734375,3,5
35,5058,0.029703643172979365,0.2715761661529541,0.34375,2,5
35,5059,0.06883186101913452,0.06883186101913452,0.8515625,3,6
35,5060,0.012604594230651855,0.012604594230651855,0.9375,2,5
35,5061,0.13579734414815905,0.14160537719726562,0.68359375,2,4
35,4813,0.13662095647305253,0.15010714530944824,0.6640625,3,4
35,4731,0.1356122058350593,0.15061485767364502,0.66015625,5,9
35,5062,0.12868205597624185,0.17068707942962646,0.6015625,3,5
35,5063,0.13619246415328237,0.15811914205551147,0.64453125,2,3
35,5064,0.11486258916556838,0.19868123531341553,0.53125,3,5
35,5065,0.13366456702351573,0.14529991149902344,0.66796875,3,4
35,5066,0.006126999855041504,0.006126999855041504,0.96875,3,3
35,5067,0.021962189814075838,0.244448721408844,0.3359375,3,3
35,5068,0.046090126037597656,0.046090126037597656,0.8515625,3,4
35,5069,0.08114039897918701,0.08114039897918701,0.85546875,3,4
35,5070,0.024499202147126208,0.2239927053451538,0.34375,3,4
35,5071,0.013527750968933105,0.013527750968933105,0.94140625,3,5
35,5072,0.05838203430175781,0.05838203430175781,0.8828125,2,3
35,5073,0.08036953210830688,0.08036953210830688,0.76953125,2,1
35,5074,0.046764254570007324,0.046764254570007324,0.86328125,3,5
35,5075,0.12072112271562221,0.1955987811088562,0.546875,1,3
35,5076,0.020702838897705078,0.020702838897705078,0.93359375,5,7
35,5077,0.09795233886688949,0.14494681358337402,0.5703125,5,8
35,5078,0.09676754474639893,0.09676754474639893,0.74609375,3,5
35,5079,0.08873711130581798,0.15612852573394775,0.52734375,4,4
35,5080,0.11144083738327026,0.11144083738327026,0.74609375,3,3
35,5081,0.0862659215927124,0.0862659215927124,0.7734375,2,3
35,5082,0.05259682657197119,0.24260878562927246,0.38671875,3,4
35,5083,0.010264277458190918,0.010264277458190918,0.921875,5,9
35,5084,0.13424689555540684,0.14142882823944092,0.6796875,5,9
35,5085,0.0074787139892578125,0.0074787139892578125,0.95703125,4,7
35,5086,0.005155499791726478,0.23996508121490479,0.30859375,2,3
35,4890,0.13765028142370286,0.15287840366363525,0.66015625,1,2
35,4884,0.13516082288697365,0.16056227684020996,0.63671875,2,3
35,5087,0.008431971073150635,0.008431971073150635,0.953125,1,1
35,5088,0.04318627505563201,0.25710898637771606,0.3671875,1,1
35,5089,0.1104203462600708,0.1104203462600708,0.73828125,1,1
35,5090,1.627206802368164e-05,1.627206802368164e-05,0.99609375,1,1
35,5091,0.13543162029236558,0.14567434787750244,0.671875,1,2
35,5092,0.1349420323967934,0.166082501411438,0.625,1,2
35,5093,0.0016308426856994629,0.0016308426856994629,0.97265625,1,3
35,5094,0.11136925220489502,0.11136925220489502,0.7421875,1,2
35,5095,0.0015935897827148438,0.0015935897827148438,0.97265625,2,3
35,5096,0.02101689577102661,0.02101689577102661,0.90625,1,1
35,5097,0.0437006950378418,0.0437006950378418,0.84375,1,2
35,5098,0.10115784406661987,0.10115784406661987,0.74609375,1,1
35,5099,0.02715015411376953,0.02715015411376953,0.89453125,1,1
35,5100,0.05171692371368408,0.05171692371368408,0.86328125,1,1
35,5101,0.0796154426643625,0.20280152559280396,0.45703125,2,2
35,5102,0.0595855712890625,0.0595855712890625,0.8125,2,3
36,4970,0.0863451361656189,0.0863451361656189,0.75,1,3
36,5093,0.0016167163848876953,0.0016167163848876953,0.9765625,1,3
36,5103,0.00804150104522705,0.00804150104522705,0.93359375,1,3
36,5104,0.007191181182861328,0.007191181182861328,0.93359375,1,2
36,5105,0.083362877368927,0.083362877368927,0.765625,2,4
36,5106,0.061356186866760254,0.061356186866760254,0.796875,2,3
36,4875,0.10876267217099668,0.1169884204864502,0.671875,1,1
36,5010,0.11255558207631113,0.14552640914916992,0.609375,4,6
36,5107,0.012166738510131836,0.012166738510131836,0.91796875,4,6
36,5108,0.06893229484558105,0.06893229484558105,0.80078125,1,1
36,5109,0.10831876192241909,0.11774778366088867,0.66796875,3,4
36,5110,0.005719125270843506,0.005719125270843506,0.97265625,2,2
36,5111,0.0655747652053833,0.0655747652053833,0.796875,1,1
36,5112,0.018775582313537598,0.018775582313537598,0.90625,1,1
36,5113,0.023991048336029053,0.023991048336029053,0.90234375,4,6
36,5114,0.10877977067139001,0.1234927773475647,0.65234375,1,1
36,5115,0.010871529579162598,0.010871529579162598,0.91796875,4,6
36,5116,0.053474605083465576,0.053474605083465576,0.78125,1,1
36,5117,0.03238832950592041,0.03238832950592041,0.77734375,1,1
36,5118,0.014682173728942871,0.014682173728942871,0.88671875,1,2
36,5119,0.1158657113555819,0.13301175832748413,0.6484375,5,8
36,5120,0.008401989936828613,0.008401989936828613,0.91796875,1,0
36,5121,0.07091778842732312,0.21873438358306885,0.4296875,1,1
36,5122,0.009296774864196777,0.009296774864196777,0.94921875,1,1
36,5123,0.1096596281277016,0.13026851415634155,0.63671875,1,1
36,5001,0.12505606329068544,0.16805434226989746,0.59765625,2,5
36,2997,0.13189896068070087,0.16840964555740356,0.61328125,2,4
36,5124,0.07303522247821094,0.2252652645111084,0.4296875,1,2
36,5125,0.1346974326297641,0.18101072311401367,0.59765625,2,4
36,5126,0.11115347407758237,0.12480390071868896,0.65625,1,2
36,5127,0.004027366638183594,0.004027366638183594,0.9609375,4,4
36,5128,0.032839414430782206,0.2547542452812195,0.3515625,2,4
36,5129,0.023262381553649902,0.023262381553649902,0.86328125,2,4
36,5130,0.0012720227241516113,0.0012720227241516113,0.99609375,2,4
36,5131,0.11349742999300362,0.11484324932098389,0.6953125,2,4
36,5132,0.028986811637878418,0.028986811637878418,0.84765625,2,3
36,5133,0.11550277029164137,0.13882023096084595,0.6328125,4,4
36,5134,0.08778959512710571,0.08778959512710571,0.78125,2,5
36,5135,0.0723580368794501,0.23010754585266113,0.42578125,2,5
36,5136,0.032668113708496094,0.032668113708496094,0.83984375,4,6
36,5137,0.11127865745220335,0.11845046281814575,0.67578125,3,4
36,5138,0.10520023107528689,0.21040046215057373,0.5,2,5
36,5139,0.09999994724057616,0.17594492435455322,0.52734375,1,1
36,5140,0.04998553823679687,0.2414395809173584,0.3828125,1,2
36,5141,0.12379407277330758,0.17317640781402588,0.5859375,2,4
36,5142,0.11491779959760608,0.13975751399993896,0.62890625,4,6
36,4731,0.12676071189343932,0.15235090255737305,0.6328125,5,9
36,5065,0.12156317476183177,0.146104097366333,0.6328125,3,4
36,5143,0.058737993240356445,0.058737993240356445,0.796875,3,4
36,5144,0.05819505453109741,0.05819505453109741,0.77734375,4,5
36,5145,0.10872857994399966,0.12343466281890869,0.65234375,3,3
36,5146,0.08326758630573751,0.24223297834396362,0.4375,3,6
36,5147,0.0064961910247802734,0.0064961910247802734,0.93359375,5,9
36,5148,0.054916838183999075,0.20674574375152588,0.40625,3,5
36,5149,0.0030450820922851562,0.0030450820922851562,0.97265625,4,7
36,5150,0.12534428411163392,0.1489008665084839,0.63671875,3,4
36,5151,0.020861148834228516,0.020861148834228516,0.88671875,6,8
36,5152,0.09359063766896726,0.14261430501937866,0.5625,3,3
36,5153,0.0007404685020446777,0.0007404685020446777,0.98046875,3,3
36,5154,0.05737006932031364,0.05862969160079956,0.69140625,3,3
36,5155,0.028518319129943848,0.028518319129943848,0.890625,3,5
36,5156,0.13306002132594588,0.17649412155151367,0.6015625,5,9
36,5157,0.035256147384643555,0.035256147384643555,0.82421875,5,8
36,5158,0.031926870346069336,0.031926870346069336,0.84375,3,4
36,5159,0.1087131730746478,0.1681605577468872,0.55859375,3,3
36,5160,0.12393976794555786,0.19465386867523193,0.5546875,3,4
36,5161,1.5497207641601562e-06,1.5497207641601562e-06,0.99609375,5,6
36,5162,0.08616876602172852,0.08616876602172852,0.75,5,9
36,5163,0.1284215297782794,0.17257696390151978,0.59765625,3,4
36,5164,0.012232005596160889,0.012232005596160889,0.8984375,3,3
36,5165,0.11030742782168092,0.1845666766166687,0.5390625,2,3
36,5166,0.079373300075531,0.079373300075531,0.734375,4,6
36,5167,0.02157825231552124,0.02157825231552124,0.84765625,5,8
36,5168,0.00012099742889404297,0.00012099742889404297,0.99609375,3,3
36,5169,0.0007619261741638184,0.0007619261741638184,0.98046875,4,7
36,5170,0.07792389392852783,0.07792389392852783,0.71875,5,7
36,5171,0.08692638843785973,0.16422992944717407,0.51171875,5,8
36,5172,0.008506536483764648,0.008506536483764648,0.97265625,4,3
36,5061,0.1311933593824506,0.14111554622650146,0.671875,2,4
36,5054,0.12410928402096034,0.1457430124282837,0.640625,2,4
36,5173,0.07426822185516357,0.07426822185516357,0.765625,2,4
36,5174,0.12551406398415568,0.15447884798049927,0.625,2,4
36,5175,0.06927597522735596,0.06927597522735596,0.7421875,1,1
36,5176,0.07200500648468734,0.17896389961242676,0.4609375,2,3
36,5177,0.031768083572387695,0.031768083572387695,0.890625,3,6
36,5178,0.13075300934724512,0.15901553630828857,0.62890625,3,6
36,5179,0.057064592838287354,0.057064592838287354,0.7578125,3,5
36,5180,0.10015180311165751,0.1792927384376526,0.5234375,2,3
36,5181,0.13029513414949181,0.16846239566802979,0.609375,2,4
36,5182,0.13080763351172212,0.173506498336792,0.6015625,2,3
36,5183,0.13255793508142236,0.16513299942016602,0.62109375,2,4
36,5184,0.04270648956298828,0.04270648956298828,0.87890625,2,5
36,5185,0.05311012268066406,0.05311012268066406,0.80859375,2,3
36,5186,0.0050389766693115234,0.0050389766693115234,0.95703125,2,4
36,5187,0.047960519790649414,0.047960519790649414,0.80859375,1,1
36,5188,0.13279784843325618,0.16344350576400757,0.625,2,4
36,5189,0.09614509961102159,0.10678154230117798,0.66015625,3,5
36,5190,0.13118615979328754,0.15584063529968262,0.63671875,2,4
36,5191,0.12780619738623503,0.17637944221496582,0.58984375,2,3
36,5192,0.01581263542175293,0.01581263542175293,0.9140625,1,1
36,5193,0.0944082085043192,0.22378242015838623,0.46875,3,6
36,5194,0.012555897235870361,0.012555897235870361,0.8984375,3,6
36,5195,0.11955414386466147,0.1372460126876831,0.6484375,2,4
36,5028,0.12584757269360128,0.1461087465286255,0.64453125,4,7
36,4628,0.13378834328614178,0.17082202434539795,0.61328125,4,7
36,5196,0.10068355535622688,0.22316008806228638,0.48046875,3,3
36,5197,0.0026021599769592285,0.0026021599769592285,0.98828125,1,3
36,5198,0.056448936462402344,0.056448936462402344,0.80078125,5,6
36,5199,0.11437520384788515,0.14076948165893555,0.625,1,3
36,5200,0.11642019613645974,0.20483553409576416,0.52734375,4,7
36,5201,0.13323601847514513,0.16597771644592285,0.62109375,4,7
36,5202,0.011175751686096191,0.011175751686096191,0.92578125,3,4
36,5203,0.13060559844598177,0.16270089149475098,0.62109375,4,6
36,5204,0.13607004750519994,0.17592895030975342,0.609375,4,5
36,5205,0.09113436937332153,0.09113436937332153,0.80078125,4,7
36,5206,0.03133908449672164,0.2630428075790405,0.34765625,4,5
36,5207,0.10925623448565604,0.11510121822357178,0.6796875,3,6
36,5208,0.002526521682739258,0.002526521682739258,0.9609375,2,4
36,5209,0.013600468635559082,0.013600468635559082,0.90625,4,6
36,5210,0.05109947919845581,0.05109947919845581,0.82421875,4,7
36,5211,0.1257510054856539,0.16898822784423828,0.59765625,2,3
36,5212,0.12354237795807424,0.20338809490203857,0.54296875,4,6
36,5213,0.13181828567758205,0.16623389720916748,0.6171875,5,9
36,5214,0.04544520378112793,0.04544520378112793,0.8046875,1,3
36,4890,0.12661551334895196,0.1539837121963501,0.62890625,1,2
36,4813,0.13124955981038514,0.14900171756744385,0.65234375,3,4
36,5215,0.12190130073577167,0.13687163591384888,0.65625,4,5
36,5216,0.13186196656897667,0.19512522220611572,0.5703125,4,6
36,5217,0.12809471972286704,0.14382565021514893,0.65625,2,3
36,5218,0.1289239567704499,0.17792201042175293,0.58984375,1,3
36,5219,0.07211238145828247,0.07211238145828247,0.78125,2,2
36,5220,0.0493013858795166,0.0493013858795166,0.84375,3,4
36,5221,0.018981635570526123,0.018981635570526123,0.87109375,3,3
36,5222,0.12753574107773605,0.17600619792938232,0.58984375,1,2
36,5223,0.005059480667114258,0.005059480667114258,0.96875,1,3
36,5224,0.12360029853880407,0.13877928256988525,0.65625,2,2
36,5225,0.050734877586364746,0.050734877586364746,0.796875,2,3
36,5226,0.12868652539327743,0.14940476417541504,0.64453125,1,2
36,5227,0.030693888664245605,0.030693888664245605,0.83203125,1,1
36,5228,0.09300743136554958,0.10329675674438477,0.66015625,1,1
36,5229,0.05694993585348131,0.24097824096679688,0.39453125,3,5
36,5230,0.016559243202209473,0.016559243202209473,0.92578125,1,2
36,5231,0.12896598083898428,0.146409273147583,0.65234375,2,3
36,5232,0.05916798068210484,0.23125195503234863,0.40234375,1,2
36,5233,0.07750678062438965,0.07750678062438965,0.74609375,3,4
36,5234,0.00833970308303833,0.00833970308303833,0.9609375,1,1
36,5235,0.12833557347767058,0.13382446765899658,0.68359375,3,5
36,5236,0.10067212581634521,0.10067212581634521,0.75,1,3
36,5237,0.020056605339050293,0.020056605339050293,0.90234375,2,4
36,5238,0.1036146879196167,0.1036146879196167,0.77734375,3,4
37,5233,0.07548975944519043,0.07548975944519043,0.74609375,3,4
37,5143,0.05727905035018921,0.05727905035018921,0.80078125,3,4
37,5239,0.03585153818130493,0.03585153818130493,0.8515625,3,5
37,5240,0.048738837242126465,0.048738837242126465,0.8125,3,3
37,5241,0.058116614818573,0.058116614818573,0.7890625,3,5
37,5242,0.0240248441696167,0.0240248441696167,0.8984375,3,4
37,5243,0.05618441104888916,0.05618441104888916,0.796875,4,4
37,5244,0.0945312660187483,0.12538862228393555,0.6015625,3,5
37,5245,0.0582851767539978,0.0582851767539978,0.8046875,3,4
37,5246,0.06996762752532959,0.06996762752532959,0.76171875,3,4
37,5247,0.0001437664031982422,0.0001437664031982422,0.9921875,3,4
37,5248,0.09258633852005005,0.09258633852005005,0.71484375,4,4
37,5165,0.1000151918269694,0.17597174644470215,0.52734375,2,3
37,4970,0.08453452587127686,0.08453452587127686,0.75,1,3
37,5249,0.08105987310409546,0.08105987310409546,0.75,2,3
37,5250,0.0025072097778320312,0.0025072097778320312,0.96875,2,4
37,5251,0.01186281442642212,0.01186281442642212,0.9140625,1,2
37,5252,0.04047781229019165,0.04047781229019165,0.8515625,2,2
37,5253,0.012050986289978027,0.012050986289978027,0.90625,2,3
37,5254,0.1112436056137085,0.1112436056137085,0.703125,2,2
37,5255,0.010673046112060547,0.010673046112060547,0.90625,2,2
37,5256,0.02314525842666626,0.02314525842666626,0.890625,2,3
37,5257,0.10398697340860964,0.1454681158065796,0.5859375,2,3
37,5258,0.10717208054848017,0.1585898995399475,0.5703125,2,3
37,5119,0.10461444454267622,0.1272270679473877,0.62890625,5,8
37,5010,0.09283900889568032,0.1393946409225464,0.56640625,4,6
37,5259,0.0892440676689148,0.0892440676689148,0.72265625,1,1
37,5260,0.1009179250104353,0.1145675778388977,0.65234375,4,5
37,5261,0.01872074604034424,0.01872074604034424,0.90625,5,8
37,5262,0.01416325569152832,0.01416325569152832,0.8828125,1,0
37,5263,0.05492502450942993,0.05492502450942993,0.8125,3,3
37,5264,0.06647217273712158,0.06647217273712158,0.765625,3,3
37,5265,0.026631176471710205,0.026631176471710205,0.8515625,5,8
37,5266,0.0820130705833435,0.0820130705833435,0.75,5,8
37,5267,0.010342717170715332,0.010342717170715332,0.90234375,2,1
37,5268,0.01978623867034912,0.01978623867034912,0.890625,3,4
37,5269,0.095088804140687,0.12948262691497803,0.59375,1,1
37,5270,0.005127906799316406,0.005127906799316406,0.953125,2,2
37,5271,0.09744392870925368,0.12441718578338623,0.61328125,1,1
37,5272,0.09090463584288956,0.15210187435150146,0.5390625,1,1
37,5273,0.09461444546468557,0.14206039905548096,0.56640625,5,7
37,5274,0.08787894248962402,0.08787894248962402,0.734375,1,1
37,5275,0.040280699729919434,0.040280699729919434,0.8203125,4,6
37,5276,0.09985910682007672,0.1052013635635376,0.6796875,1,2
37,5277,0.006782412528991699,0.006782412528991699,0.921875,1,0
37,5278,0.045107323676347746,0.24057239294052124,0.375,4,6
37,5279,0.09852528490591796,0.10487514734268188,0.67578125,5,7
37,5211,0.12380929570645095,0.15613389015197754,0.6171875,2,3
37,5160,0.1050578160211444,0.18172162771224976,0.53125,3,4
37,5280,0.09572354145348073,0.12863636016845703,0.59765625,1,2
37,5281,0.12471255194395782,0.16124451160430908,0.609375,2,3
37,5282,0.059961795806884766,0.059961795806884766,0.80078125,3,3
37,5283,0.009990334510803223,0.009990334510803223,0.91796875,1,1
37,5284,0.00029277801513671875,0.00029277801513671875,0.98828125,2,2
37,5285,0.005635857582092285,0.005635857582092285,0.92578125,2,2
37,5286,0.10640982154291125,0.18722277879714966,0.52734375,2,3
37,5287,0.002670466899871826,0.002670466899871826,0.95703125,2,3
37,5288,0.04637634754180908,0.04637634754180908,0.84375,3,3
37,5289,0.019695937633514404,0.019695937633514404,0.91796875,3,4
37,5290,0.08826404809951782,0.08826404809951782,0.7578125,2,3
37,5291,0.08815196156501771,0.1763039231300354,0.5,2,2
37,5292,0.12320214277133347,0.15730547904968262,0.61328125,2,3
37,5188,0.1250001133885235,0.1502348780632019,0.6328125,2,4
37,5183,0.12499737110920252,0.1520158052444458,0.62890625,2,4
37,5293,0.12659708526916805,0.15396130084991455,0.62890625,2,4
37,5294,0.11507521010935308,0.12920725345611572,0.65625,2,4
37,5295,0.0078116655349731445,0.0078116655349731445,0.953125,3,5
37,5296,0.06902158260345459,0.06902158260345459,0.78125,2,4
37,5297,0.047041196376085295,0.2384662628173828,0.37890625,2,3
37,5298,0.006899833679199219,0.006899833679199219,0.921875,2,3
37,5299,0.08527360961306842,0.2069198489189148,0.46484375,1,2
37,5300,0.009870350360870361,0.009870350360870361,0.91015625,2,5
37,5301,0.005250334739685059,0.005250334739685059,0.9453125,2,3
37,5302,0.06407201290130615,0.06407201290130615,0.78125,1,1
37,5303,0.07687830924987793,0.07687830924987793,0.76171875,2,3
37,5304,0.009799957275390625,0.009799957275390625,0.91015625,2,4
37,5305,0.025277018547058105,0.025277018547058105,0.90625,2,4
37,5306,0.1110128862783313,0.11232924461364746,0.6953125,2,3
37,5307,0.07108783721923828,0.07108783721923828,0.76171875,2,3
37,5308,0.11565594957210125,0.13277095556259155,0.6484375,2,5
37,5309,0.11937755544204266,0.13859707117080688,0.64453125,3,4
37,5310,0.1217352249659598,0.1382005214691162,0.65234375,2,3
37,5311,0.0,0.265403151512146,0.17578125,2,4
37,5312,0.09091395232826473,0.1092674732208252,0.6328125,1,2
37,5313,0.12459481775294991,0.14144688844680786,0.65234375,2,5
37,5314,0.12251530587673189,0.1507880687713623,0.625,1,2
37,5315,0.03964906930923462,0.03964906930923462,0.859375,2,3
37,5316,0.00019788742065429688,0.00019788742065429688,0.984375,2,3
37,5156,0.12898141588084402,0.16265636682510376,0.6171875,5,9
37,5216,0.11597843817435206,0.18215018510818481,0.5546875,4,6
37,5317,0.11903407820500435,0.12044554948806763,0.6953125,2,3
37,5318,0.12160269718151541,0.14118045568466187,0.64453125,3,4
37,5319,0.024100325535982858,0.24194836616516113,0.33984375,2,4
37,5320,0.05837417626753451,0.23720300197601318,0.3984375,5,9
37,5321,0.005925416946411133,0.005925416946411133,0.94140625,5,8
37,5322,0.0025103092193603516,0.0025103092193603516,0.96484375,5,7
37,5323,0.08015026117209346,0.20416384935379028,0.45703125,5,8
37,5324,0.11883683782070877,0.17334604263305664,0.57421875,4,7
37,5325,0.009610891342163086,0.009610891342163086,0.91015625,4,7
37,5326,0.011465489864349365,0.011465489864349365,0.8984375,5,8
37,5327,0.11284066445659847,0.11306148767471313,0.69921875,4,6
37,5328,0.056017160415649414,0.056017160415649414,0.7890625,3,3
37,5329,0.11473893269430847,0.16736847162246704,0.57421875,5,8
37,5330,0.13143542921170595,0.15613675117492676,0.63671875,4,5
37,5331,0.0003592371940612793,0.0003592371940612793,0.98828125,3,3
37,5332,0.11981686460785569,0.1391071081161499,0.64453125,4,5
37,5333,0.12907760776579383,0.16480731964111328,0.61328125,3,4
37,5334,7.736682891845703e-05,7.736682891845703e-05,0.98828125,5,9
37,5335,0.05741465091705322,0.05741465091705322,0.83203125,4,5
37,5336,0.009746551513671875,0.009746551513671875,0.91015625,4,6
37,5337,0.09384602308273315,0.09384602308273315,0.75,5,9
37,5338,0.12224695109762253,0.16215139627456665,0.6015625,5,10
37,5339,0.04475891590118408,0.04475891590118408,0.8359375,2,4
37,5340,0.011855721473693848,0.011855721473693848,0.91015625,3,3
37,5341,0.0,0.2593330144882202,0.28515625,6,11
37,5342,0.034482338465750224,0.23230206966400146,0.359375,5,8
37,5343,0.11239345651119949,0.17926931381225586,0.55078125,5,10
37,5344,0.12081204168498517,0.13564860820770264,0.65625,4,6
37,5345,0.12851713970303538,0.17046833038330078,0.6015625,4,8
37,5346,0.04624462127685547,0.04624462127685547,0.82421875,4,5
37,5204,0.13022253778763118,0.1622236967086792,0.62109375,4,5
37,5125,0.12129131867550315,0.16738855838775635,0.58984375,2,4
37,5347,0.0001392960548400879,0.0001392960548400879,0.98828125,2,3
37,5348,0.11096158996224405,0.1826763153076172,0.54296875,3,6
37,5349,0.0473666787147522,0.0473666787147522,0.8203125,4,6
37,5350,0.044587385491468026,0.20566433668136597,0.38671875,4,5
37,5351,0.09567817579954864,0.19913506507873535,0.4921875,2,3
37,5352,0.04092948441393675,0.23028457164764404,0.37109375,2,3
37,5353,0.009654760360717773,0.009654760360717773,0.90625,1,2
37,5354,0.009653925895690918,0.009653925895690918,0.91015625,2,3
37,5355,0.08767296187579633,0.10662364959716797,0.62890625,2,4
37,5356,0.048447646782733514,0.2455959916114807,0.37890625,1,2
37,5357,0.13379144668579104,0.158935546875,0.63671875,4,4
37,5358,0.07024109363555908,0.07024109363555908,0.7734375,3,3
37,5359,0.12846824899315837,0.17040348052978516,0.6015625,4,6
37,5360,0.1243271069834009,0.15487951040267944,0.62109375,4,7
37,5361,0.002637028694152832,0.002637028694152832,0.9609375,5,7
37,5362,0.05896574258804321,0.05896574258804321,0.84375,2,4
37,5363,0.009406328201293945,0.009406328201293945,0.91015625,2,4
37,5364,0.0684602949768305,0.22469019889831543,0.421875,3,7
37,5365,0.09299254417419434,0.09299254417419434,0.70703125,3,5
37,5366,0.008634090423583984,0.008634090423583984,0.9296875,4,5
37,5367,0.0107574462890625,0.0107574462890625,0.8984375,3,4
37,5368,0.0004983232356607984,0.2551414966583252,0.30078125,2,4
37,5369,0.08556034089997412,0.20761561393737793,0.46484375,2,5
37,5370,0.03647785924840719,0.23057609796524048,0.36328125,3,4
37,5371,0.0006405115127563477,0.0006405115127563477,0.9765625,4,7
37,5372,0.12959302403032782,0.16755461692810059,0.609375,2,4
37,5373,0.06641304795630278,0.22518861293792725,0.41796875,2,4
37,5374,0.11083090305328369,0.11083090305328369,0.73046875,4,6
38,5119,0.11227368190884592,0.12606167793273926,0.65625,5,8
38,5276,0.10663533210754395,0.10663533210754395,0.71875,1,2
38,5375,0.08085751533508301,0.08085751533508301,0.74609375,5,7
38,5376,0.10169172286987305,0.10169172286987305,0.71484375,5,9
38,5377,0.05247163772583008,0.05247163772583008,0.78515625,5,7
38,5378,0.10985713033005597,0.11226916313171387,0.69140625,1,2
38,5379,0.11478835716843606,0.12346982955932617,0.671875,1,1
38,5380,0.043469389900565154,0.044871628284454346,0.6875,2,2
38,5381,0.012824654579162598,0.012824654579162598,0.8984375,1,2
38,5382,0.11151237459853293,0.12121939659118652,0.66796875,5,7
38,5383,0.008907914161682129,0.008907914161682129,0.92578125,6,9
38,5384,0.06853032112121582,0.06853032112121582,0.78515625,1,2
38,5385,0.10660729464143516,0.1471238136291504,0.58984375,5,7
38,5386,0.043150176526978626,0.19903504848480225,0.38671875,4,6
38,5387,0.01054847240447998,0.01054847240447998,0.8984375,1,0
38,5388,0.03612983226776123,0.03612983226776123,0.765625,4,6
38,5389,0.10698504047468306,0.1790076494216919,0.5390625,5,9
38,5390,0.06697767972946167,0.06697767972946167,0.78125,5,8
38,5391,0.05278587341308594,0.05278587341308594,0.79296875,5,7
38,5392,0.0,0.4128844738006592,0.06640625,2,3
38,5393,0.0,0.29746782779693604,0.28515625,5,8
38,5286,0.1180558502674103,0.19128036499023438,0.546875,2,3
38,5160,0.12172973714768888,0.18549293279647827,0.5625,3,4
38,5394,0.0002994537353515625,0.0002994537353515625,0.98828125,2,3
38,5395,0.11705490387976172,0.19585657119750977,0.5390625,2,3
38,5396,0.058831214904785156,0.058831214904785156,0.80078125,2,4
38,5397,0.0977326068095863,0.24895071983337402,0.45703125,2,3
38,5398,0.11754410527646543,0.1319793462753296,0.65625,2,2
38,5399,0.11465210840106013,0.21268796920776367,0.515625,2,4
38,5400,0.11576708382926883,0.18465030193328857,0.55078125,2,2
38,5401,0.02440434694290161,0.02440434694290161,0.8828125,3,4
38,5402,0.11780291749164465,0.19710814952850342,0.5390625,3,4
38,5403,0.02137625217437744,0.02137625217437744,0.87890625,3,5
38,5404,0.11498626810498537,0.1778639554977417,0.55859375,2,4
38,5254,0.10680689779110254,0.10915195941925049,0.69140625,2,2
38,5258,0.11270253662951292,0.1598440408706665,0.58203125,2,3
38,5405,0.046610116958618164,0.046610116958618164,0.75,2,1
38,5406,0.006867527961730957,0.006867527961730957,0.9453125,2,2
38,5407,0.04180347919464111,0.04180347919464111,0.8359375,3,4
38,5408,0.04176473617553711,0.04176473617553711,0.84765625,2,2
38,5409,0.0045719146728515625,0.0045719146728515625,0.96484375,2,2
38,5410,0.009273648262023926,0.009273648262023926,0.92578125,1,3
38,5411,0.05731598124839366,0.057995617389678955,0.6953125,2,1
38,5412,0.11898984736762942,0.14301127195358276,0.6328125,2,2
38,5413,0.11716726294253023,0.15745311975479126,0.59765625,1,3
38,5414,0.0,0.0,1.0,3,4
38,5415,0.11121186357922853,0.16698086261749268,0.56640625,2,3
38,5416,0.09918920102063568,0.2107256054878235,0.48828125,2,2
38,5417,0.08962052199058236,0.22828710079193115,0.45703125,2,2
38,5418,0.014414310455322266,0.014414310455322266,0.9296875,3,5
38,5419,0.07625830173492432,0.07625830173492432,0.75390625,2,3
38,5420,0.00018900632858276367,0.00018900632858276367,0.984375,2,2
38,5421,0.0150223970413208,0.0150223970413208,0.8984375,2,2
38,5310,0.12863341695629063,0.14133113622665405,0.6640625,2,3
38,5294,0.11823231982998551,0.13131225109100342,0.66015625,2,4
38,5422,0.08961868286132812,0.08961868286132812,0.73828125,1,2
38,5423,0.11726252315565945,0.1261311173439026,0.671875,1,2
38,5424,0.10205250838771464,0.15785765647888184,0.55859375,2,3
38,5425,0.009560585021972656,0.009560585021972656,0.8984375,2,3
38,5426,0.11982934083789588,0.12889206409454346,0.671875,2,3
38,5427,0.014594968874007472,0.24105238914489746,0.32421875,2,4
38,5428,3.1054019927978516e-05,3.1054019927978516e-05,1.0,2,3
38,5429,0.07137882709503174,0.07137882709503174,0.7578125,2,3
38,5430,0.01070934534072876,0.01070934534072876,0.93359375,2,4
38,5431,0.07979470491409302,0.07979470491409302,0.80078125,1,2
38,5432,0.043264031410217285,0.043264031410217285,0.8359375,1,3
38,5433,0.04504287242889404,0.04504287242889404,0.82421875,2,3
38,5434,0.017992496490478516,0.017992496490478516,0.88671875,2,5
38,5360,0.13279448496177795,0.15960276126861572,0.6328125,4,7
38,5125,0.1320132564287633,0.17286646366119385,0.60546875,2,4
38,5435,0.03695034980773926,0.03695034980773926,0.85546875,4,5
38,5436,0.0018705129623413086,0.0018705129623413086,0.96484375,3,4
38,5437,0.112115272320807,0.1413867473602295,0.6171875,4,5
38,5438,0.0753207802772522,0.0753207802772522,0.75,2,3
38,5439,0.023466401267796765,0.2611912488937378,0.3359375,2,4
38,5440,0.021464593475684534,0.2389102578163147,0.3359375,3,6
38,5441,0.025649726390838623,0.025649726390838623,0.87109375,4,6
38,5442,0.008341431617736816,0.008341431617736816,0.94921875,5,7
38,5443,0.00013774633407592773,0.00013774633407592773,0.98828125,4,4
38,5444,0.13053476961795243,0.18513518571853638,0.58203125,2,4
38,5445,0.07175588607788086,0.07175588607788086,0.7734375,4,6
38,5446,0.01845782995223999,0.01845782995223999,0.8828125,4,7
38,5447,0.10409012809395793,0.19309473037719727,0.515625,5,6
38,5448,0.07874572277069092,0.07874572277069092,0.74609375,2,3
38,5449,0.03589683771133423,0.03589683771133423,0.89453125,3,3
38,5450,0.006460905075073242,0.006460905075073242,0.953125,2,4
38,5451,0.0011363625526428223,0.0011363625526428223,0.9609375,4,5
38,5452,0.09932541532907638,0.1948452591896057,0.50390625,2,3
38,5453,0.07884228974580766,0.22935938835144043,0.4375,4,6
38,5293,0.13344012130983177,0.15851819515228271,0.63671875,2,4
38,5188,0.13143880944699052,0.1543501615524292,0.640625,2,4
38,5454,0.13253861386328938,0.15564167499542236,0.640625,2,4
38,5455,0.03299665451049805,0.03299665451049805,0.87890625,2,3
38,5456,0.07434368133544922,0.07434368133544922,0.76953125,2,3
38,5457,0.10747820138931274,0.10747820138931274,0.7109375,2,4
38,5458,0.05631104623898865,0.22881948947906494,0.3984375,2,3
38,5459,0.0003571510314941406,0.0003571510314941406,0.98828125,2,4
38,5460,0.12532872986048463,0.14888238906860352,0.63671875,2,4
38,5461,0.12834214314352724,0.17711907625198364,0.58984375,2,5
38,5462,0.12594178877770904,0.14140832424163818,0.65625,3,5
38,5463,0.0957108736038208,0.0957108736038208,0.73046875,2,4
38,5464,0.011194586753845215,0.011194586753845215,0.91796875,2,4
38,5465,0.009388851234689362,0.22890913486480713,0.31640625,2,5
38,5466,0.04355275630950928,0.04355275630950928,0.81640625,1,2
38,5467,0.005423069000244141,0.005423069000244141,0.94140625,2,3
38,5468,0.12568735913373533,0.14268720149993896,0.65234375,2,4
38,5469,0.05296516418457031,0.05296516418457031,0.7890625,2,3
38,5470,0.08675193786621094,0.08675193786621094,0.74609375,2,4
38,5471,0.12362632621079685,0.141920804977417,0.6484375,2,4
38,5357,0.13321031630039218,0.16395115852355957,0.625,4,4
38,5330,0.1304840184748173,0.16059571504592896,0.625,4,5
38,5472,0.07547271251678467,0.07547271251678467,0.74609375,4,4
38,5473,0.10603082180023193,0.10603082180023193,0.703125,5,7
38,5474,0.010969877243041992,0.010969877243041992,0.921875,2,4
38,5475,0.015415430068969727,0.015415430068969727,0.90234375,4,8
38,5476,0.1163920848630369,0.1979825496673584,0.53515625,4,3
38,5477,0.03794382419437171,0.2556215524673462,0.359375,4,5
38,5478,0.13185838237404826,0.1795518398284912,0.59375,5,6
38,5479,0.0,0.2797274589538574,0.27734375,4,5
38,5480,0.1315024280920625,0.1891270875930786,0.578125,2,4
38,5481,0.08800908434204759,0.1472570300102234,0.5390625,4,3
38,5482,0.11535307508893314,0.20295798778533936,0.52734375,4,5
38,5483,0.12226738315075637,0.15808308124542236,0.609375,4,4
38,5484,0.057093679904937744,0.057093679904937744,0.84375,2,4
38,5485,0.12149101356044413,0.13946950435638428,0.6484375,2,3
38,5486,0.14366265479475263,0.19055771827697754,0.6015625,2,5
38,5487,0.05889446195214988,0.19329464435577393,0.421875,4,5
38,5488,0.07423698902130127,0.07423698902130127,0.7421875,4,4
38,5489,0.007383525371551514,0.007383525371551514,0.9453125,2,5
38,5490,0.11165770306251944,0.12818104028701782,0.6484375,1,1
38,5491,0.03261923789978027,0.03261923789978027,0.86328125,4,5
38,5492,0.00972515344619751,0.00972515344619751,0.90234375,4,5
38,5493,0.11360298981890084,0.11495006084442139,0.6953125,3,3
38,5494,0.010736227035522461,0.010736227035522461,0.9296875,4,4
38,5495,0.11887857341207567,0.19571006298065186,0.54296875,5,6
38,5496,0.07442885637283325,0.07442885637283325,0.76953125,2,3
38,5497,0.11388950748369099,0.11998236179351807,0.6796875,3,5
38,5498,0.011110067367553711,0.011110067367553711,0.8984375,4,9
38,5499,0.12249611190054567,0.18392378091812134,0.56640625,3,4
38,5500,0.03124742046929897,0.2622734308242798,0.34765625,3,4
38,5501,0.11708610714413228,0.19916307926177979,0.53515625,4,5
38,5502,0.13568178936839106,0.17542695999145508,0.609375,5,6
38,5503,0.11893981811590494,0.157764732837677,0.6015625,3,5
38,5504,0.08688225876539947,0.1430344581604004,0.54296875,5,10
38,5505,0.06637085974216463,0.2178325653076172,0.421875,5,6
38,5506,0.0822373628616333,0.0822373628616333,0.72265625,1,1
38,5507,0.13702882442157718,0.18414372205734253,0.59765625,4,7
38,5508,0.08944825269281866,0.19405722618103027,0.484375,4,6
38,5509,0.11667954921722412,0.11667954921722412,0.7109375,2,4
38,5510,0.10931795567739756,0.12691789865493774,0.64453125,3,5
39,5378,0.09378245845437051,0.11405372619628906,0.62890625,1,2
39,5276,0.09475272381678225,0.10756850242614746,0.65234375,1,2
39,5511,0.07816089503467084,0.16267633438110352,0.4921875,1,2
39,5512,0.07738512754440308,0.07738512754440308,0.765625,1,1
39,5513,0.09183481009677054,0.09292376041412354,0.6953125,2,5
39,5514,0.06890100240707397,0.06890100240707397,0.7890625,1,2
39,5515,0.07353022554889323,0.16658174991607666,0.4765625,1,2
39,5516,0.011591672897338867,0.011591672897338867,0.93359375,1,1
39,5517,0.07799680705647917,0.16570276021957397,0.48828125,1,2
39,5518,0.09148837323300542,0.13538163900375366,0.5703125,1,2
39,5519,0.0,0.37253445386886597,0.140625,2,2
39,5160,0.09972479939460756,0.1754608154296875,0.52734375,3,4
39,5412,0.09521911968477072,0.1429682970046997,0.56640625,2,2
39,5520,0.08881557325366886,0.1742282509803772,0.50390625,1,2
39,5521,0.08523743564728649,0.1553080677986145,0.51953125,2,3
39,5522,0.07588704489171506,0.1886124610900879,0.4609375,2,3
39,5523,0.10364168835803868,0.12311959266662598,0.63671875,2,4
39,5524,0.08800441026687622,0.08800441026687622,0.74609375,1,2
39,5525,0.07230012072250248,0.19380974769592285,0.44921875,1,2
39,5526,0.08818438695743681,0.16660666465759277,0.51171875,2,3
39,5527,0.08195877866819502,0.1816575527191162,0.48046875,3,4
39,5528,0.06529921083711089,0.20765960216522217,0.42578125,1,2
39,5529,0.00921010971069336,0.00921010971069336,0.93359375,2,3
39,5530,0.020131587982177734,0.020131587982177734,0.91796875,1,1
39,5531,0.09343039453960957,0.19445675611495972,0.4921875,3,4
39,5532,0.08616268308833243,0.1598380208015442,0.515625,2,3
39,5533,0.0875414616893977,0.1859802007675171,0.48828125,1,3
39,5534,0.011142611503601074,0.011142611503601074,0.9375,1,3
39,5535,0.09742653323337437,0.13629066944122314,0.5859375,2,2
39,5536,0.013058066368103027,0.013058066368103027,0.94140625,2,2
39,5537,0.014374256134033203,0.014374256134033203,0.94140625,1,2
39,5310,0.12887816713191572,0.13577288389205933,0.6796875,2,3
39,5462,0.12475333269685508,0.13561296463012695,0.66796875,3,5
39,5538,0.10434742458164693,0.14022541046142578,0.59765625,2,2
39,5539,0.09302783058956267,0.19763588905334473,0.48828125,2,4
39,5540,0.0,0.25468575954437256,0.234375,3,4
39,5541,0.0729677677154541,0.0729677677154541,0.79296875,3,4
39,5542,0.00010573863983154297,0.00010573863983154297,0.9921875,2,4
39,5543,1.1205673217773438e-05,1.1205673217773438e-05,0.99609375,2,1
39,5544,0.006814062595367432,0.006814062595367432,0.96484375,3,5
39,5545,0.04523003101348877,0.04523003101348877,0.85546875,2,3
39,5546,0.07306891679763794,0.07306891679763794,0.796875,3,4
39,5547,0.0047051310539245605,0.0047051310539245605,0.96484375,2,2
39,5548,0.0017305612564086914,0.0017305612564086914,0.9921875,3,6
39,5549,0.0032365918159484863,0.0032365918159484863,0.9765625,4,6
39,5550,0.0588802695274353,0.0588802695274353,0.81640625,2,3
39,5551,0.08241760730743408,0.08241760730743408,0.7734375,2,2
39,5552,0.07241082191467285,0.07241082191467285,0.78515625,2,2
39,5553,0.11428273678757252,0.16911202669143677,0.5703125,2,4
39,5125,0.1193743869662285,0.1625523567199707,0.59375,2,4
39,5495,0.11606830707751216,0.18229132890701294,0.5546875,5,6
39,5554,0.05159484921023251,0.21831870079040527,0.39453125,5,8
39,5555,0.029960691928863525,0.029960691928863525,0.90234375,1,2
39,5556,0.05567634105682373,0.05567634105682373,0.796875,1,1
39,5557,0.0005707740783691406,0.0005707740783691406,0.9921875,5,4
39,5558,0.016855835914611816,0.016855835914611816,0.9296875,2,3
39,5559,0.07666897773742676,0.07666897773742676,0.78125,2,4
39,5560,0.08080561645329,0.1472330093383789,0.51953125,5,7
39,5561,0.07383149093948306,0.17104852199554443,0.47265625,1,1
39,5562,0.0891480528516695,0.12643712759017944,0.58203125,4,3
39,5563,0.07136321067810059,0.07136321067810059,0.76171875,5,7
39,5564,0.08603966236114502,0.08603966236114502,0.765625,2,5
39,5565,0.0024514198303222656,0.0024514198303222656,0.9765625,5,5
39,5566,0.013859808444976807,0.013859808444976807,0.93359375,6,8
39,5567,0.01472163200378418,0.01472163200378418,0.93359375,2,3
39,5568,0.059417724609375,0.059417724609375,0.8046875,4,3
39,5569,0.04396188259124756,0.04396188259124756,0.84765625,5,5
39,5570,0.07861077785491943,0.07861077785491943,0.7578125,1,1
39,5571,0.05583620897959919,0.21823006868362427,0.40234375,2,4
39,5572,0.09527266025543213,0.09527266025543213,0.76171875,2,4
39,5573,0.08292904589325191,0.14344483613967896,0.53125,1,1
39,5574,0.08712989650666715,0.1482076644897461,0.53515625,5,8
39,5575,0.03508645296096802,0.03508645296096802,0.89453125,6,9
39,5576,0.03984081745147705,0.03984081745147705,0.859375,6,5
39,5577,0.06541800498962402,0.06541800498962402,0.77734375,6,8
39,5578,0.11406991886906327,0.18194329738616943,0.55078125,4,5
39,5293,0.12376523832790555,0.15051734447479248,0.62890625,2,4
39,5188,0.12522228527814153,0.14705002307891846,0.640625,2,4
39,5579,0.07413047552108765,0.07413047552108765,0.75,3,5
39,5580,0.054785728454589844,0.054785728454589844,0.8203125,2,3
39,5581,0.10408931085839869,0.17416250705718994,0.5390625,2,5
39,5582,0.01024550199508667,0.01024550199508667,0.93359375,2,3
39,5583,0.08113417075946928,0.19687533378601074,0.46484375,3,8
39,5584,0.07206922769546509,0.07206922769546509,0.75390625,3,4
39,5585,0.11364592658355833,0.18126702308654785,0.55078125,2,5
39,5586,0.12440596916712822,0.14443504810333252,0.64453125,3,6
39,5587,0.12117727473378183,0.1650073528289795,0.59375,2,4
39,5588,0.009966015815734863,0.009966015815734863,0.94140625,2,5
39,5589,0.007109999656677246,0.007109999656677246,0.9609375,2,4
39,5590,0.1081669165287167,0.11513817310333252,0.67578125,2,3
39,5591,0.12437524250708522,0.14948385953903198,0.6328125,3,5
39,5592,0.0841829776763916,0.0841829776763916,0.76953125,2,3
39,5593,0.044697582721710205,0.044697582721710205,0.8359375,1,2
39,5594,0.03775990009307861,0.03775990009307861,0.859375,2,3
39,5595,0.08784067630767822,0.08784067630767822,0.734375,2,5
39,5596,0.10811320133507253,0.16979742050170898,0.5546875,2,5
39,5597,6.258487701416016e-05,6.258487701416016e-05,0.99609375,1,1
39,5507,0.11603389680385591,0.17170333862304688,0.5703125,4,7
39,5502,0.12393273692578079,0.16438746452331543,0.6015625,5,6
39,5598,0.11677068797871473,0.1891980767250061,0.546875,3,6
39,5599,0.046886146068573,0.046886146068573,0.8359375,5,6
39,5600,0.0297735333442688,0.0297735333442688,0.89453125,2,3
39,5601,0.09817671775817871,0.09817671775817871,0.7421875,5,6
39,5602,0.11671952437609436,0.12554705142974854,0.671875,5,7
39,5603,0.10784193570725621,0.17754042148590088,0.54296875,3,3
39,5604,0.10762131959199907,0.18306350708007812,0.53515625,4,5
39,5605,0.11227331939153375,0.17633110284805298,0.5546875,2,4
39,5606,0.0915302038192749,0.0915302038192749,0.765625,5,6
39,5607,0.11667929857503624,0.14189976453781128,0.62890625,4,4
39,5608,0.05512571334838867,0.05512571334838867,0.82421875,5,4
39,5609,0.08876633644104004,0.08876633644104004,0.7578125,3,2
39,5610,0.008175909519195557,0.008175909519195557,0.9453125,4,8
39,5611,0.050688010640442385,0.22372639179229736,0.390625,2,4
39,5612,0.013790130615234375,0.013790130615234375,0.91796875,5,4
39,5613,0.057063162326812744,0.057063162326812744,0.859375,4,8
39,5614,0.08995676040649414,0.08995676040649414,0.7734375,3,4
39,5615,0.07787138223648071,0.07787138223648071,0.7265625,5,6
39,5616,0.07335183990653606,0.23326796293258667,0.42578125,4,4
39,5617,0.11536652874201538,0.16828393936157227,0.57421875,5,8
39,5618,0.004889726638793945,0.004889726638793945,0.953125,5,6
39,5619,0.1141080902889371,0.17650556564331055,0.55859375,5,7
39,5620,0.103537047165446,0.12898045778274536,0.62109375,4,7
39,5621,0.0965714273042977,0.20516419410705566,0.48828125,4,7
39,5622,0.12139768525958063,0.18498694896697998,0.5625,4,7
39,5623,0.12021678162273021,0.13351625204086304,0.66015625,2,3
39,5486,0.11378928786143662,0.17871201038360596,0.5546875,2,5
39,5357,0.12863289448432627,0.15460103750228882,0.6328125,4,4
39,5624,0.024429186014458548,0.24524986743927002,0.33984375,4,7
39,5625,0.10965663194656372,0.10965663194656372,0.73046875,5,7
39,5626,0.10564016294665636,0.14982759952545166,0.58203125,5,6
39,5627,0.07762587070465088,0.07762587070465088,0.8046875,6,7
39,5628,0.098920073825866,0.20588243007659912,0.4921875,2,5
39,5629,0.0011148452758789062,0.0011148452758789062,0.9921875,4,5
39,5630,0.029702723026275635,0.029702723026275635,0.890625,4,4
39,5631,0.04928386211395264,0.04928386211395264,0.84375,4,4
39,5632,0.12665366334840658,0.1617124080657959,0.61328125,4,5
39,5633,0.01173555850982666,0.01173555850982666,0.94921875,4,3
39,5634,0.00640106201171875,0.00640106201171875,0.97265625,2,5
39,5635,0.12639467231929305,0.14842677116394043,0.640625,2,5
39,5636,0.0965379655826837,0.10066688060760498,0.68359375,2,5
39,5637,0.08967208862304688,0.08967208862304688,0.75390625,4,8
39,5638,0.06974383676424624,0.21511352062225342,0.4296875,2,6
39,5639,0.12054196069948377,0.17837423086166382,0.5703125,5,7
39,5640,0.11217001080513002,0.1735076904296875,0.55859375,3,4
39,5641,0.011386871337890625,0.011386871337890625,0.94921875,5,5
39,5642,0.054549951804801836,0.22166329622268677,0.3984375,2,4
39,5643,0.05666644114535303,0.22147494554519653,0.40234375,3,3
39,5644,0.010173559188842773,0.010173559188842773,0.93359375,4,4
39,5645,0.05915170907974243,0.05915170907974243,0.8203125,4,6
39,5646,0.11614700220525266,0.17187070846557617,0.5703125,4,4
