generation,genome_id,fitness,diversity,agreement,num_nodes,num_connections
0,1,0.004073381423950195,0.004073381423950195,0.953125,1,4
0,2,0.008991658687591553,0.008991658687591553,0.90234375,1,4
0,3,0.04559457302093506,0.04559457302093506,0.7890625,1,4
0,4,0.009960055351257324,0.009960055351257324,0.91015625,1,4
0,5,0.012770116329193115,0.012770116329193115,0.89453125,1,4
0,6,0.023401618003845215,0.023401618003845215,0.8203125,1,4
0,7,0.04271125793457031,0.04271125793457031,0.80859375,1,4
0,8,0.0038416385650634766,0.0038416385650634766,0.94921875,1,4
0,9,0.008332788944244385,0.008332788944244385,0.91796875,1,4
0,10,0.04162222146987915,0.04162222146987915,0.8203125,1,4
0,11,0.0028966665267944336,0.0028966665267944336,0.9453125,1,4
0,12,0.0006617307662963867,0.0006617307662963867,0.98828125,1,4
0,13,0.03401535749435425,0.03401535749435425,0.8046875,1,4
0,14,0.014350175857543945,0.014350175857543945,0.87890625,1,4
0,15,0.027476370334625244,0.027476370334625244,0.81640625,1,4
0,16,0.0051667094230651855,0.0051667094230651855,0.953125,1,4
0,17,0.006708025932312012,0.006708025932312012,0.92578125,1,4
0,18,0.0022750496864318848,0.0022750496864318848,0.95703125,1,4
0,19,0.029098451137542725,0.029098451137542725,0.87109375,1,4
0,20,0.01491457223892212,0.01491457223892212,0.86328125,1,4
0,21,0.00027626752853393555,0.00027626752853393555,0.98828125,1,4
0,22,0.02409982681274414,0.02409982681274414,0.81640625,1,4
0,23,0.04772907495498657,0.04772907495498657,0.7265625,1,4
0,24,0.03629004955291748,0.03629004955291748,0.7890625,1,4
0,25,0.00504302978515625,0.00504302978515625,0.9765625,1,4
0,26,0.009040772914886475,0.009040772914886475,0.89453125,1,4
0,27,0.010019183158874512,0.010019183158874512,0.93359375,1,4
0,28,0.0,0.3347893953323364,0.1015625,1,4
0,29,0.006805777549743652,0.006805777549743652,0.93359375,1,4
0,30,0.03567236661911011,0.03567236661911011,0.84765625,1,4
0,31,0.015195667743682861,0.015195667743682861,0.875,1,4
0,32,0.008951067924499512,0.008951067924499512,0.9296875,1,4
0,33,0.0080186128616333,0.0080186128616333,0.921875,1,4
0,34,0.017842113971710205,0.017842113971710205,0.87109375,1,4
0,35,0.0015876293182373047,0.0015876293182373047,0.96875,1,4
0,36,0.008731842041015625,0.008731842041015625,0.8984375,1,4
0,37,0.0016484260559082031,0.0016484260559082031,0.9765625,1,4
0,38,0.002956390380859375,0.002956390380859375,0.97265625,1,4
0,39,0.004259645938873291,0.004259645938873291,0.921875,1,4
0,40,0.08699512341991068,0.161382257938385,0.515625,1,4
0,41,0.00540471076965332,0.00540471076965332,0.93359375,1,4
0,42,0.0035592317581176758,0.0035592317581176758,0.94921875,1,4
0,43,0.04655933380126953,0.04655933380126953,0.765625,1,4
0,44,0.04111182689666748,0.04111182689666748,0.7421875,1,4
0,45,0.00033926963806152344,0.00033926963806152344,0.98828125,1,4
0,46,0.04464918375015259,0.04464918375015259,0.7109375,1,4
0,47,0.008004188537597656,0.008004188537597656,0.91015625,1,4
0,48,0.0059857964515686035,0.0059857964515686035,0.91796875,1,4
0,49,0.0083085298538208,0.0083085298538208,0.90625,1,4
0,50,0.008990049362182617,0.008990049362182617,0.90234375,1,4
0,51,0.005655467510223389,0.005655467510223389,0.91796875,1,4
0,52,0.01769733428955078,0.01769733428955078,0.86328125,1,4
0,53,0.042339324951171875,0.042339324951171875,0.8046875,1,4
0,54,0.04329568147659302,0.04329568147659302,0.796875,1,4
0,55,0.04464918375015259,0.04464918375015259,0.7109375,1,4
0,56,0.0054489970207214355,0.0054489970207214355,0.9375,1,4
0,57,0.001418769359588623,0.001418769359588623,0.97265625,1,4
0,58,0.017512917518615723,0.017512917518615723,0.9140625,1,4
0,59,0.011722445487976074,0.011722445487976074,0.89453125,1,4
0,60,0.024627864360809326,0.024627864360809326,0.86328125,1,4
0,61,0.01338803768157959,0.01338803768157959,0.88671875,1,4
0,62,0.010256767272949219,0.010256767272949219,0.88671875,1,4
0,63,0.004976928234100342,0.004976928234100342,0.93359375,1,4
0,64,0.0014477968215942383,0.0014477968215942383,0.97265625,1,4
0,65,0.0025473833084106445,0.0025473833084106445,0.9453125,1,4
0,66,0.012833476066589355,0.012833476066589355,0.8984375,1,4
0,67,0.042784929275512695,0.042784929275512695,0.78125,1,4
0,68,0.0014350414276123047,0.0014350414276123047,0.97265625,1,4
0,69,0.0036550164222717285,0.0036550164222717285,0.953125,1,4
0,70,0.03566211462020874,0.03566211462020874,0.76953125,1,4
0,71,0.04436051845550537,0.04436051845550537,0.734375,1,4
0,72,0.012381315231323242,0.012381315231323242,0.87890625,1,4
0,73,0.0006968975067138672,0.0006968975067138672,0.984375,1,4
0,74,0.026041388511657715,0.026041388511657715,0.859375,1,4
0,75,0.0025867223739624023,0.0025867223739624023,0.96484375,1,4
0,76,0.004965305328369141,0.004965305328369141,0.94921875,1,4
0,77,0.0065416693687438965,0.0065416693687438965,0.921875,1,4
0,78,0.004531443119049072,0.004531443119049072,0.9375,1,4
0,79,0.008296668529510498,0.008296668529510498,0.9296875,1,4
0,80,0.0036922693252563477,0.0036922693252563477,0.9453125,1,4
0,81,0.029902935028076172,0.029902935028076172,0.828125,1,4
0,82,0.008687376976013184,0.008687376976013184,0.91796875,1,4
0,83,0.03817945718765259,0.03817945718765259,0.7734375,1,4
0,84,0.005449175834655762,0.005449175834655762,0.9296875,1,4
0,85,0.021199941635131836,0.021199941635131836,0.8828125,1,4
0,86,0.008982539176940918,0.008982539176940918,0.90234375,1,4
0,87,0.00995934009552002,0.00995934009552002,0.90234375,1,4
0,88,0.009990513324737549,0.009990513324737549,0.91015625,1,4
0,89,0.008855819702148438,0.008855819702148438,0.90625,1,4
0,90,0.0010343194007873535,0.0010343194007873535,0.98046875,1,4
0,91,0.055285096168518066,0.055285096168518066,0.7890625,1,4
0,92,0.010319113731384277,0.010319113731384277,0.90625,1,4
0,93,0.008736014366149902,0.008736014366149902,0.90234375,1,4
0,94,0.005880832672119141,0.005880832672119141,0.9296875,1,4
0,95,0.010394930839538574,0.010394930839538574,0.88671875,1,4
0,96,0.015123724937438965,0.015123724937438965,0.87109375,1,4
0,97,0.009177863597869873,0.009177863597869873,0.90625,1,4
0,98,0.030048668384552002,0.030048668384552002,0.82421875,1,4
0,99,0.007807731628417969,0.007807731628417969,0.92578125,1,4
0,100,0.02953106164932251,0.02953106164932251,0.8359375,1,4
0,101,0.007050752639770508,0.007050752639770508,0.921875,1,4
0,102,0.008719921112060547,0.008719921112060547,0.91796875,1,4
0,103,0.04151713848114014,0.04151713848114014,0.7578125,1,4
0,104,0.0006614923477172852,0.0006614923477172852,0.9765625,1,4
0,105,0.0012918710708618164,0.0012918710708618164,0.97265625,1,4
0,106,0.04134434461593628,0.04134434461593628,0.7421875,1,4
0,107,0.005775749683380127,0.005775749683380127,0.92578125,1,4
0,108,0.04449176788330078,0.04449176788330078,0.7109375,1,4
0,109,0.0089033842086792,0.0089033842086792,0.921875,1,4
0,110,0.03783678938634694,0.10703003406524658,0.44140625,1,4
0,111,0.0031837821006774902,0.0031837821006774902,0.953125,1,4
0,112,0.005110979080200195,0.005110979080200195,0.953125,1,4
0,113,0.005974769592285156,0.005974769592285156,0.92578125,1,4
0,114,0.040047645568847656,0.040047645568847656,0.73828125,1,4
0,115,0.020318925380706787,0.020318925380706787,0.875,1,4
0,116,0.01941913366317749,0.01941913366317749,0.86328125,1,4
0,117,0.007692873477935791,0.007692873477935791,0.91796875,1,4
0,118,0.05768001079559326,0.05768001079559326,0.76953125,1,4
0,119,0.008467376232147217,0.008467376232147217,0.90625,1,4
0,120,0.008251309394836426,0.008251309394836426,0.91015625,1,4
0,121,0.006430089473724365,0.006430089473724365,0.95703125,1,4
0,122,0.013901114463806152,0.013901114463806152,0.91015625,1,4
0,123,0.008991777896881104,0.008991777896881104,0.90234375,1,4
0,124,0.008419513702392578,0.008419513702392578,0.9140625,1,4
0,125,0.02207505702972412,0.02207505702972412,0.83203125,1,4
0,126,0.017297863960266113,0.017297863960266113,0.89453125,1,4
0,127,0.009343385696411133,0.009343385696411133,0.91796875,1,4
0,128,0.0017330050468444824,0.0017330050468444824,0.97265625,1,4
0,129,0.000887751579284668,0.000887751579284668,0.98046875,1,4
0,130,0.020283043384552002,0.020283043384552002,0.8828125,1,4
0,131,0.0016453862190246582,0.0016453862190246582,0.96484375,1,4
0,132,0.00041222572326660156,0.00041222572326660156,0.98828125,1,4
0,133,0.008307456970214844,0.008307456970214844,0.9140625,1,4
0,134,0.015825629234313965,0.015825629234313965,0.890625,1,4
0,135,0.012135565280914307,0.012135565280914307,0.890625,1,4
0,136,0.002779722213745117,0.002779722213745117,0.953125,1,4
0,137,0.00866854190826416,0.00866854190826416,0.8984375,1,4
0,138,0.009333431720733643,0.009333431720733643,0.89453125,1,4
0,139,0.004677295684814453,0.004677295684814453,0.9375,1,4
0,140,0.0004968643188476562,0.0004968643188476562,0.9921875,1,4
0,141,0.008689403533935547,0.008689403533935547,0.90234375,1,4
0,142,0.04277825355529785,0.04277825355529785,0.72265625,1,4
0,143,0.008991658687591553,0.008991658687591553,0.90234375,1,4
0,144,0.0022290945053100586,0.0022290945053100586,0.97265625,1,4
0,145,0.00888293981552124,0.00888293981552124,0.9140625,1,4
0,146,0.00903695821762085,0.00903695821762085,0.90234375,1,4
0,147,0.06299066590145232,0.09743571281433105,0.55859375,1,4
0,148,0.016611158847808838,0.016611158847808838,0.8828125,1,4
0,149,0.06375956535339355,0.06375956535339355,0.77734375,1,4
0,150,0.0014189481735229492,0.0014189481735229492,0.97265625,1,4
1,147,0.07446144986897708,0.09876751899719238,0.6015625,1,4
1,55,0.046218276023864746,0.046218276023864746,0.77734375,1,4
1,151,0.0454556941986084,0.0454556941986084,0.78125,1,3
1,152,0.039342641830444336,0.039342641830444336,0.83203125,1,3
1,153,0.03887230157852173,0.03887230157852173,0.8046875,1,4
1,154,0.003915011882781982,0.003915011882781982,0.9609375,1,3
1,155,0.03270655870437622,0.03270655870437622,0.87109375,1,4
1,156,0.046218276023864746,0.046218276023864746,0.77734375,1,3
1,157,0.04337573051452637,0.04337573051452637,0.8125,1,3
1,158,0.04404479265213013,0.04404479265213013,0.796875,2,5
1,159,0.046218812465667725,0.046218812465667725,0.77734375,1,3
1,160,0.046099185943603516,0.046099185943603516,0.78125,2,5
1,161,0.010427653789520264,0.010427653789520264,0.94140625,1,3
1,162,0.04246324300765991,0.04246324300765991,0.8203125,1,3
1,163,0.0,0.20797854661941528,0.296875,2,3
1,164,0.03722572326660156,0.03722572326660156,0.8203125,1,2
1,165,0.046218276023864746,0.046218276023864746,0.77734375,2,5
1,166,0.04617440700531006,0.04617440700531006,0.77734375,1,3
1,167,0.046218276023864746,0.046218276023864746,0.77734375,1,4
1,168,0.04563349485397339,0.04563349485397339,0.78515625,1,3
1,169,0.010427653789520264,0.010427653789520264,0.94140625,2,6
1,170,0.046218276023864746,0.046218276023864746,0.77734375,1,3
1,171,0.01987975835800171,0.01987975835800171,0.92578125,2,5
1,172,0.042981505393981934,0.042981505393981934,0.8125,1,4
1,173,0.055613810196518905,0.13182532787322998,0.46875,1,3
1,174,0.00799703598022461,0.00799703598022461,0.9453125,1,3
1,175,0.07532642467413099,0.11651700735092163,0.55859375,1,4
1,176,0.04631757736206055,0.04631757736206055,0.7578125,1,3
1,177,0.02915215492248535,0.02915215492248535,0.875,1,3
1,178,0.05313986539840698,0.05313986539840698,0.7890625,1,3
1,179,0.0,0.22263455390930176,0.23046875,1,4
1,180,0.04377114772796631,0.04377114772796631,0.8046875,1,3
1,181,0.03166675567626953,0.03166675567626953,0.859375,1,3
1,182,0.04617851972579956,0.04617851972579956,0.77734375,1,4
1,183,0.046218276023864746,0.046218276023864746,0.77734375,1,4
1,184,0.04073202610015869,0.04073202610015869,0.8203125,1,3
1,185,0.046218276023864746,0.046218276023864746,0.77734375,1,4
1,186,0.04601454734802246,0.04601454734802246,0.77734375,1,3
1,187,0.0020765066146850586,0.0020765066146850586,0.98046875,1,4
1,188,0.0,0.24637532234191895,0.25,1,3
1,189,0.0,0.21601742506027222,0.23046875,1,4
1,190,0.046218276023864746,0.046218276023864746,0.77734375,1,4
1,191,0.046218276023864746,0.046218276023864746,0.77734375,1,3
1,192,0.04489946365356445,0.04489946365356445,0.80859375,1,4
1,193,0.04621458053588867,0.04621458053588867,0.77734375,1,4
1,194,0.04633069038391113,0.04633069038391113,0.78125,1,3
1,195,0.0,0.26310455799102783,0.21484375,1,3
1,196,0.046218276023864746,0.046218276023864746,0.77734375,1,4
1,197,0.046218276023864746,0.046218276023864746,0.77734375,1,4
1,198,0.04620891809463501,0.04620891809463501,0.77734375,1,2
1,199,0.04690736532211304,0.04690736532211304,0.80078125,1,3
1,200,0.046218276023864746,0.046218276023864746,0.77734375,1,4
1,201,0.046218276023864746,0.046218276023864746,0.77734375,1,3
1,202,0.008977532386779785,0.008977532386779785,0.9453125,1,3
1,203,0.046784937381744385,0.046784937381744385,0.78125,1,4
1,40,0.07114309631288053,0.16863548755645752,0.46875,1,4
1,149,0.06357252597808838,0.06357252597808838,0.81640625,1,4
1,204,0.021238505840301514,0.021238505840301514,0.89453125,1,3
1,205,0.0656999945640564,0.0656999945640564,0.734375,2,5
1,206,0.08814774628262968,0.09191781282424927,0.68359375,1,4
1,207,0.041303932666778564,0.041303932666778564,0.83203125,1,4
1,208,0.06498533487319946,0.06498533487319946,0.78515625,1,4
1,209,0.035231053829193115,0.035231053829193115,0.87109375,2,5
1,210,0.06886917352676392,0.06886917352676392,0.7421875,1,3
1,211,0.00741344690322876,0.00741344690322876,0.9609375,1,3
1,212,0.004980146884918213,0.004980146884918213,0.9609375,1,3
1,213,0.04609239101409912,0.04609239101409912,0.78125,1,3
1,214,0.0066918134689331055,0.0066918134689331055,0.9609375,1,3
1,215,0.0384594202041626,0.0384594202041626,0.8125,1,4
1,216,0.019108355045318604,0.019108355045318604,0.93359375,2,5
1,217,0.03386807441711426,0.03386807441711426,0.859375,1,3
1,218,0.069699227809906,0.069699227809906,0.765625,1,4
1,219,0.056213557720184326,0.056213557720184326,0.765625,1,4
1,220,0.04216963052749634,0.04216963052749634,0.8046875,2,5
1,221,0.020653605461120605,0.020653605461120605,0.8984375,2,4
1,222,0.039314985275268555,0.039314985275268555,0.83203125,1,4
1,223,0.0037079453468322754,0.0037079453468322754,0.9609375,1,3
1,224,0.04805189371109009,0.04805189371109009,0.765625,1,3
1,225,0.045276522636413574,0.045276522636413574,0.76953125,1,3
1,226,0.038286566734313965,0.038286566734313965,0.82421875,1,4
1,227,0.0017088651657104492,0.0017088651657104492,0.9765625,1,3
1,228,0.033281803131103516,0.033281803131103516,0.82421875,1,3
1,229,0.026306331157684326,0.026306331157684326,0.87890625,1,3
1,230,0.035706937313079834,0.035706937313079834,0.82421875,2,5
1,231,0.02633678913116455,0.02633678913116455,0.90625,1,4
1,232,0.008073091506958008,0.008073091506958008,0.93359375,1,4
1,233,0.051713729742914445,0.18135225772857666,0.4140625,1,4
1,234,0.046524882316589355,0.046524882316589355,0.7734375,1,4
1,235,0.03314089775085449,0.03314089775085449,0.828125,1,4
1,236,0.07181096076965332,0.07181096076965332,0.73046875,1,4
1,237,0.03048163652420044,0.03048163652420044,0.8671875,1,3
1,238,0.010427653789520264,0.010427653789520264,0.94140625,1,4
1,239,0.04910165071487427,0.04910165071487427,0.7734375,1,2
1,240,0.06406038999557495,0.06406038999557495,0.79296875,1,3
1,241,0.022152721881866455,0.022152721881866455,0.90625,1,3
1,242,0.005613505840301514,0.005613505840301514,0.9609375,1,3
1,243,0.0016472935676574707,0.0016472935676574707,0.9765625,1,3
1,244,0.021661996841430664,0.021661996841430664,0.90625,1,4
1,245,0.06784307956695557,0.06784307956695557,0.8046875,2,4
1,246,0.05078423023223877,0.05078423023223877,0.75,2,6
1,247,0.03053945302963257,0.03053945302963257,0.87890625,1,3
1,248,0.006373465061187744,0.006373465061187744,0.94921875,1,3
1,249,0.04649478197097778,0.04649478197097778,0.77734375,1,3
1,250,0.010427653789520264,0.010427653789520264,0.94140625,1,4
1,251,0.027362287044525146,0.027362287044525146,0.8671875,1,4
1,252,0.0321429967880249,0.0321429967880249,0.84375,1,3
1,253,0.04986536502838135,0.04986536502838135,0.75,1,4
1,254,0.030667006969451904,0.030667006969451904,0.89453125,2,5
1,255,0.0228232741355896,0.0228232741355896,0.90234375,1,3
1,256,0.03653746843338013,0.03653746843338013,0.84375,1,4
1,257,0.062490642070770264,0.062490642070770264,0.765625,1,3
1,258,0.034169912338256836,0.034169912338256836,0.84765625,1,3
1,259,0.04749739170074463,0.04749739170074463,0.77734375,1,4
1,260,0.06051152944564819,0.06051152944564819,0.73046875,1,4
1,261,0.02793794870376587,0.02793794870376587,0.8828125,1,3
1,262,0.006316184997558594,0.006316184997558594,0.953125,1,4
1,263,0.04417014122009277,0.04417014122009277,0.87890625,1,4
1,264,0.010398685932159424,0.010398685932159424,0.94140625,2,4
1,265,0.025785088539123535,0.025785088539123535,0.88671875,1,3
1,266,0.008374631404876709,0.008374631404876709,0.9453125,1,4
1,267,0.028032004833221436,0.028032004833221436,0.87109375,1,3
1,268,0.04069697856903076,0.04069697856903076,0.8515625,2,5
1,269,0.04142498970031738,0.04142498970031738,0.81640625,2,4
1,270,0.06884676218032837,0.06884676218032837,0.734375,2,5
1,271,0.027775108814239502,0.027775108814239502,0.90625,1,3
1,272,0.02540433406829834,0.02540433406829834,0.8828125,1,3
1,273,0.07624082418624313,0.0779147744178772,0.69140625,1,4
1,274,0.028105199337005615,0.028105199337005615,0.85546875,1,4
1,275,0.0387876033782959,0.0387876033782959,0.82421875,1,3
1,276,0.06560289859771729,0.06560289859771729,0.80078125,1,3
1,277,0.024631857872009277,0.024631857872009277,0.84765625,2,5
1,278,0.04413163661956787,0.04413163661956787,0.7734375,1,3
1,279,0.042751312255859375,0.042751312255859375,0.7734375,1,3
1,280,0.07296304591000081,0.07382822036743164,0.6953125,1,3
1,281,0.015099763870239258,0.015099763870239258,0.9296875,1,3
1,282,0.07937256165314467,0.09010809659957886,0.65234375,1,4
1,283,0.007834255695343018,0.007834255695343018,0.9453125,1,3
1,284,0.03471606969833374,0.03471606969833374,0.83203125,2,5
1,285,0.044129252433776855,0.044129252433776855,0.79296875,1,3
1,286,0.04616284370422363,0.04616284370422363,0.77734375,2,5
1,287,0.047693729400634766,0.047693729400634766,0.75,1,4
1,288,0.03225463628768921,0.03225463628768921,0.859375,1,3
1,289,0.037407517433166504,0.037407517433166504,0.85546875,1,4
1,290,0.053080081939697266,0.053080081939697266,0.796875,1,3
1,291,0.06613457202911377,0.06613457202911377,0.78515625,1,4
1,292,0.03669387102127075,0.03669387102127075,0.85546875,1,3
1,293,0.021299421787261963,0.021299421787261963,0.90625,1,3
1,294,0.07543113443534823,0.07557874917984009,0.69921875,1,3
1,295,0.03447467088699341,0.03447467088699341,0.86328125,1,3
1,296,0.040318310260772705,0.040318310260772705,0.7890625,1,2
2,175,0.05855879187583925,0.11711758375167847,0.5,1,4
2,147,0.06586153525859119,0.09888887405395508,0.56640625,1,4
2,297,0.008756399154663086,0.008756399154663086,0.92578125,1,3
2,298,0.04499363899230957,0.04499363899230957,0.76953125,1,3
2,299,0.04508894681930542,0.04508894681930542,0.76953125,1,3
2,300,0.030032992362976074,0.030032992362976074,0.81640625,1,4
2,301,0.04707533866167069,0.136946439743042,0.4375,1,2
2,302,0.010188102722167969,0.010188102722167969,0.90625,1,2
2,303,0.027490317821502686,0.027490317821502686,0.83984375,1,3
2,304,0.04508846998214722,0.04508846998214722,0.76953125,2,5
2,305,0.023006856441497803,0.023006856441497803,0.85546875,1,3
2,306,0.04671353101730347,0.04671353101730347,0.78125,1,2
2,307,0.04508846998214722,0.04508846998214722,0.76953125,1,3
2,308,0.007912099361419678,0.007912099361419678,0.92578125,1,4
2,309,0.03946340084075928,0.03946340084075928,0.80859375,1,4
2,310,0.001851499080657959,0.001851499080657959,0.9609375,2,5
2,311,0.042561888694763184,0.042561888694763184,0.76953125,1,4
2,312,0.045140206813812256,0.045140206813812256,0.76953125,1,4
2,313,0.045544981956481934,0.045544981956481934,0.796875,2,4
2,314,0.037219345569610596,0.037219345569610596,0.796875,1,4
2,315,0.0,0.26523810625076294,0.22265625,1,4
2,316,0.058414340019226074,0.058414340019226074,0.76171875,1,2
2,317,0.03690481185913086,0.03690481185913086,0.80078125,1,2
2,318,0.04508846998214722,0.04508846998214722,0.76953125,2,4
2,319,0.010789518477395184,0.1782010793685913,0.32421875,1,3
2,320,0.0,0.2570143938064575,0.24609375,1,4
2,321,0.030087292194366455,0.030087292194366455,0.84765625,1,3
2,322,0.02875339984893799,0.02875339984893799,0.89453125,1,3
2,323,0.023404836654663086,0.023404836654663086,0.88671875,1,2
2,324,0.045089662075042725,0.045089662075042725,0.76953125,1,3
2,325,0.05865347385406494,0.05865347385406494,0.75,1,3
2,326,0.04508846998214722,0.04508846998214722,0.76953125,1,3
2,327,0.05552786216139794,0.1316215991973877,0.46875,1,3
2,328,0.026309847831726074,0.026309847831726074,0.8203125,1,4
2,329,0.009453535079956055,0.009453535079956055,0.921875,1,3
2,330,0.04508817195892334,0.04508817195892334,0.76953125,1,1
2,331,0.03141266107559204,0.03141266107559204,0.81640625,1,4
2,332,0.0010328888893127441,0.0010328888893127441,0.9609375,1,3
2,333,0.0,0.3633441925048828,0.1171875,2,4
2,334,0.028302252292633057,0.028302252292633057,0.828125,1,3
2,335,0.041825294494628906,0.041825294494628906,0.765625,1,2
2,336,0.048662938526831574,0.12395733594894409,0.45703125,1,2
2,337,0.047743916511535645,0.047743916511535645,0.79296875,2,6
2,338,0.00932157039642334,0.00932157039642334,0.921875,1,4
2,339,0.0007633566856384277,0.0007633566856384277,0.97265625,1,3
2,340,0.03405392961576582,0.15030699968338013,0.390625,2,3
2,341,0.04508846998214722,0.04508846998214722,0.76953125,1,4
2,342,0.0,0.24276000261306763,0.1640625,1,4
2,343,0.0,0.35901767015457153,0.1171875,1,3
2,344,0.018494009971618652,0.018494009971618652,0.84765625,2,4
2,345,0.04508846998214722,0.04508846998214722,0.76953125,2,5
2,346,0.01853233575820923,0.01853233575820923,0.9140625,1,3
2,347,0.0,0.33102577924728394,0.1171875,1,4
2,348,0.026097774505615234,0.026097774505615234,0.8203125,1,4
2,349,0.043586909770965576,0.043586909770965576,0.765625,1,3
2,350,0.046915531158447266,0.046915531158447266,0.7890625,1,4
2,351,0.052569060586392886,0.137323260307312,0.453125,1,3
2,352,0.0018178224563598633,0.0018178224563598633,0.9609375,1,3
2,353,0.045049428939819336,0.045049428939819336,0.76953125,1,3
2,354,0.04218083620071411,0.04218083620071411,0.76953125,1,3
2,355,0.04620850086212158,0.04620850086212158,0.7578125,2,4
2,356,0.04501610994338989,0.04501610994338989,0.76953125,1,3
2,357,0.033112525939941406,0.033112525939941406,0.859375,1,2
2,358,0.04508846998214722,0.04508846998214722,0.76953125,1,4
2,359,0.07452882896177472,0.08555775880813599,0.6484375,2,5
2,360,0.04501640796661377,0.04501640796661377,0.76953125,1,2
2,361,0.04508846998214722,0.04508846998214722,0.76953125,1,2
2,362,0.08538269985001536,0.10901731252670288,0.61328125,1,4
2,363,0.0,0.24988716840744019,0.265625,1,3
2,206,0.07354603428393604,0.08257800340652466,0.65625,1,4
2,282,0.06863925745710732,0.07792305946350098,0.65234375,1,4
2,364,0.09564119495917113,0.11631423234939575,0.62890625,1,3
2,365,0.03262406587600708,0.03262406587600708,0.82421875,2,4
2,366,0.006013035774230957,0.006013035774230957,0.9375,1,2
2,367,0.004877626895904541,0.004877626895904541,0.95703125,1,3
2,368,0.05127817392349243,0.05127817392349243,0.79296875,1,4
2,369,0.03235435485839844,0.03235435485839844,0.8359375,1,4
2,370,0.06898033618927002,0.06898033618927002,0.76953125,3,7
2,371,0.06138819456100464,0.06138819456100464,0.7734375,1,4
2,372,0.03360825777053833,0.03360825777053833,0.8046875,2,2
2,373,0.03460812568664551,0.03460812568664551,0.828125,1,3
2,374,0.0037395358085632324,0.0037395358085632324,0.94921875,1,1
2,375,0.018718421459197998,0.018718421459197998,0.87109375,1,4
2,376,0.025801122188568115,0.025801122188568115,0.8359375,1,3
2,377,0.005313396453857422,0.005313396453857422,0.94921875,1,3
2,378,0.06897014379501343,0.06897014379501343,0.75390625,1,3
2,379,0.051428258419036865,0.051428258419036865,0.7421875,1,4
2,380,0.01314854621887207,0.01314854621887207,0.88671875,1,4
2,381,0.05497330182697625,0.0638238787651062,0.64453125,1,3
2,382,0.016655027866363525,0.016655027866363525,0.8671875,3,6
2,383,0.05977272987365723,0.05977272987365723,0.76953125,2,5
2,384,0.04034823179244995,0.04034823179244995,0.81640625,1,3
2,385,0.05827111005783081,0.05827111005783081,0.76953125,1,3
2,386,0.0020684003829956055,0.0020684003829956055,0.95703125,1,2
2,387,0.0717112389393151,0.07477831840515137,0.68359375,2,5
2,388,0.047045767307281494,0.047045767307281494,0.77734375,1,3
2,389,0.06215059757232666,0.06215059757232666,0.71484375,2,6
2,390,0.07379966974258423,0.07379966974258423,0.7421875,2,4
2,391,0.020319700241088867,0.020319700241088867,0.85546875,3,6
2,392,0.0621586642228067,0.06616473197937012,0.67578125,1,3
2,393,0.021106243133544922,0.021106243133544922,0.88671875,1,2
2,394,0.0030924081802368164,0.0030924081802368164,0.94921875,1,2
2,395,0.07689261436462402,0.07689261436462402,0.70703125,2,3
2,396,0.008638262748718262,0.008638262748718262,0.92578125,1,4
2,397,0.0018483996391296387,0.0018483996391296387,0.95703125,1,2
2,398,0.01970040798187256,0.01970040798187256,0.87890625,1,2
2,399,0.07055521011352539,0.07055521011352539,0.76953125,1,4
2,400,0.038106441497802734,0.038106441497802734,0.83203125,1,4
2,401,0.0482405424118042,0.0482405424118042,0.8359375,1,3
2,402,0.009457111358642578,0.009457111358642578,0.921875,1,3
2,403,0.029042601585388184,0.029042601585388184,0.82421875,2,4
2,404,0.0441436767578125,0.0441436767578125,0.75,1,4
2,405,0.009151101112365723,0.009151101112365723,0.91796875,1,3
2,406,0.03332185745239258,0.03332185745239258,0.8046875,2,4
2,407,0.028142273426055908,0.028142273426055908,0.90234375,1,2
2,408,0.04258120059967041,0.04258120059967041,0.8203125,1,4
2,409,0.056401044130325324,0.06778717041015625,0.6328125,1,4
2,410,0.08235989464446904,0.0841681957244873,0.69140625,2,6
2,411,0.057618021965026855,0.057618021965026855,0.76953125,1,4
2,412,0.060487449169158936,0.060487449169158936,0.71484375,1,4
2,413,0.025961577892303467,0.025961577892303467,0.8515625,1,1
2,414,0.05655711889266968,0.05655711889266968,0.77734375,2,4
2,415,0.012361526489257812,0.012361526489257812,0.90625,2,5
2,416,0.040956199169158936,0.040956199169158936,0.80078125,1,3
2,417,0.017616093158721924,0.017616093158721924,0.90234375,1,2
2,418,0.03498995304107666,0.03498995304107666,0.8125,2,4
2,419,0.012038886547088623,0.012038886547088623,0.90625,1,3
2,420,0.039079248905181885,0.039079248905181885,0.80859375,1,2
2,421,0.030810236930847168,0.030810236930847168,0.828125,1,3
2,422,0.025667428970336914,0.025667428970336914,0.88671875,1,2
2,423,0.028552532196044922,0.028552532196044922,0.83984375,1,4
2,424,0.06557424180209638,0.10298776626586914,0.5546875,1,4
2,425,0.0019577741622924805,0.0019577741622924805,0.9609375,2,5
2,426,0.06292269285768272,0.07065004110336304,0.65625,2,4
2,427,0.03231608867645264,0.03231608867645264,0.80859375,2,4
2,428,0.03340888023376465,0.03340888023376465,0.85546875,1,2
2,429,0.04354649782180786,0.04354649782180786,0.8203125,1,3
2,430,0.045142948627471924,0.045142948627471924,0.74609375,1,4
2,431,0.03513234853744507,0.03513234853744507,0.828125,2,4
2,432,0.00423043966293335,0.00423043966293335,0.93359375,1,4
2,433,0.02749311923980713,0.02749311923980713,0.90625,2,5
2,434,0.00406336784362793,0.00406336784362793,0.94921875,1,2
2,435,0.05113643407821655,0.05113643407821655,0.76953125,1,4
2,436,0.0015315413475036621,0.0015315413475036621,0.9609375,1,4
2,437,0.035412371158599854,0.035412371158599854,0.828125,2,4
2,438,0.00530695915222168,0.00530695915222168,0.95703125,1,3
2,439,0.01008385419845581,0.01008385419845581,0.9375,1,2
2,440,0.0477413535118103,0.0477413535118103,0.7421875,1,2
2,441,0.07291162014007568,0.07291162014007568,0.7578125,1,4
2,442,0.00948333740234375,0.00948333740234375,0.921875,1,4
3,362,0.08559082681313158,0.11352980136871338,0.6015625,1,4
3,359,0.07391503895632924,0.09678900241851807,0.60546875,2,5
3,443,0.05104538868181408,0.15744119882583618,0.4296875,1,2
3,444,0.026314139366149902,0.026314139366149902,0.8671875,1,2
3,445,0.026240527629852295,0.026240527629852295,0.81640625,2,5
3,446,0.010648250579833984,0.010648250579833984,0.91015625,1,3
3,447,0.03275704383850098,0.03275704383850098,0.85546875,1,3
3,448,0.0742805004119873,0.0742805004119873,0.70703125,1,4
3,449,0.008883416652679443,0.008883416652679443,0.94921875,1,3
3,450,0.002576887607574463,0.002576887607574463,0.98046875,2,5
3,451,0.008485555648803711,0.008485555648803711,0.9296875,1,3
3,452,0.0639943035785109,0.07602107524871826,0.63671875,1,1
3,453,0.0,0.24450087547302246,0.1953125,2,5
3,454,0.014090538024902344,0.014090538024902344,0.90234375,2,2
3,455,0.06585642450954766,0.07476383447647095,0.65234375,1,2
3,456,0.027630150318145752,0.027630150318145752,0.8359375,2,4
3,457,0.027737677097320557,0.027737677097320557,0.88671875,1,2
3,458,0.08101752493530513,0.14503836631774902,0.5234375,1,3
3,459,0.032422423362731934,0.032422423362731934,0.90234375,1,2
3,460,0.01683199405670166,0.01683199405670166,0.92578125,1,2
3,461,0.0,0.27611303329467773,0.16015625,1,2
3,462,0.05033332109451294,0.05033332109451294,0.77734375,3,5
3,463,0.03390383720397949,0.03390383720397949,0.8671875,1,3
3,464,0.02257925271987915,0.02257925271987915,0.8671875,1,4
3,465,0.0,0.27989959716796875,0.23828125,1,3
3,466,0.035159409046173096,0.035159409046173096,0.87890625,1,3
3,467,0.023935019969940186,0.023935019969940186,0.86328125,1,4
3,468,0.00966740329749883,0.1903734803199768,0.3203125,2,4
3,469,0.03347456455230713,0.03347456455230713,0.8828125,1,3
3,470,0.028976798057556152,0.028976798057556152,0.84375,1,3
3,471,0.04511737823486328,0.04511737823486328,0.78515625,1,4
3,472,0.051252789562568075,0.08049517869949341,0.5546875,2,4
3,473,0.01046133041381836,0.01046133041381836,0.92578125,1,4
3,474,0.020983636379241943,0.020983636379241943,0.8671875,1,3
3,475,0.004768729209899902,0.004768729209899902,0.9375,1,2
3,476,0.06391363055445255,0.08060044050216675,0.6171875,2,4
3,477,0.0357128381729126,0.0357128381729126,0.87890625,1,3
3,478,0.03163105249404907,0.03163105249404907,0.84375,1,4
3,479,0.03180506546050311,0.14038097858428955,0.390625,1,2
3,480,0.057724085636436946,0.14346957206726074,0.4609375,1,2
3,481,0.027124093612656004,0.21041721105575562,0.3515625,1,3
3,482,0.03786757239140571,0.13279587030410767,0.4140625,1,1
3,483,0.06986705737654121,0.12292760610580444,0.52734375,1,2
3,484,0.026146292686462402,0.026146292686462402,0.90234375,2,4
3,485,0.049989521503448486,0.049989521503448486,0.8046875,1,3
3,486,0.026733928243629638,0.16898483037948608,0.36328125,1,1
3,487,0.050292253494262695,0.050292253494262695,0.75390625,2,3
3,488,0.0024802684783935547,0.0024802684783935547,0.9765625,2,5
3,489,0.03177088499069214,0.03177088499069214,0.84375,1,2
3,490,0.014522433280944824,0.014522433280944824,0.921875,2,4
3,491,0.04451268911361694,0.04451268911361694,0.79296875,1,2
3,492,0.02441847324371338,0.02441847324371338,0.8984375,1,2
3,493,0.0004302859306335449,0.0004302859306335449,0.9765625,2,4
3,494,0.06201767921447754,0.06201767921447754,0.7109375,1,4
3,495,0.05725276470184326,0.05725276470184326,0.7890625,1,3
3,496,0.02570575475692749,0.02570575475692749,0.87109375,1,4
3,497,0.024922311305999756,0.024922311305999756,0.875,1,4
3,498,0.0,0.2119905948638916,0.27734375,2,3
3,499,0.029238343238830566,0.029238343238830566,0.88671875,1,2
3,500,0.050972819328308105,0.050972819328308105,0.75,1,3
3,501,0.010705709457397461,0.010705709457397461,0.91015625,1,3
3,502,0.027647228795103736,0.1555536389350891,0.37109375,2,4
3,503,0.010413765907287598,0.010413765907287598,0.90234375,2,4
3,504,0.051224350929260254,0.051224350929260254,0.75390625,1,0
3,505,0.005659580230712891,0.005659580230712891,0.953125,1,2
3,506,0.05421024560928345,0.05421024560928345,0.73828125,1,3
3,507,0.0252855324652046,0.18234074115753174,0.35546875,2,4
3,508,0.06678038835525513,0.06678038835525513,0.78515625,1,3
3,509,0.06631701858714224,0.07787686586380005,0.640625,1,1
3,510,0.0200231671333313,0.0200231671333313,0.88671875,1,1
3,364,0.09532702085562052,0.12021535634994507,0.6171875,1,3
3,410,0.07878565788269043,0.07878565788269043,0.72265625,2,6
3,511,0.03216046094894409,0.03216046094894409,0.83984375,2,3
3,512,0.03279191255569458,0.03279191255569458,0.87109375,1,3
3,513,0.008137643337249756,0.008137643337249756,0.9609375,3,7
3,514,0.08310119365341963,0.08492577075958252,0.69140625,1,3
3,515,0.021618783473968506,0.021618783473968506,0.90625,1,3
3,516,0.05123460292816162,0.05123460292816162,0.75390625,2,5
3,517,0.009761154651641846,0.009761154651641846,0.9296875,1,3
3,518,0.04576075077056885,0.04576075077056885,0.80859375,1,3
3,519,0.036493539810180664,0.036493539810180664,0.83984375,3,8
3,520,0.0018111467361450195,0.0018111467361450195,0.97265625,1,2
3,521,0.008273065090179443,0.008273065090179443,0.95703125,2,4
3,522,0.0005514025688171387,0.0005514025688171387,0.9765625,1,3
3,523,0.014659702777862549,0.014659702777862549,0.90625,2,5
3,524,0.02310633659362793,0.02310633659362793,0.859375,1,3
3,525,0.047170281410217285,0.047170281410217285,0.74609375,1,4
3,526,0.03922092914581299,0.03922092914581299,0.84375,1,3
3,527,0.04164457321166992,0.04164457321166992,0.83984375,2,4
3,528,0.010650694370269775,0.010650694370269775,0.91015625,1,3
3,529,0.05270731449127197,0.05270731449127197,0.73046875,2,4
3,530,0.009731769561767578,0.009731769561767578,0.9375,1,2
3,531,0.016822338104248047,0.016822338104248047,0.91796875,1,1
3,532,0.01521599292755127,0.01521599292755127,0.890625,2,7
3,533,0.008147001266479492,0.008147001266479492,0.91796875,1,2
3,534,0.07592320442199707,0.07592320442199707,0.76171875,1,3
3,535,0.03472113609313965,0.03472113609313965,0.86328125,1,4
3,536,0.06459057331085205,0.06459057331085205,0.77734375,1,4
3,537,0.060796380043029785,0.060796380043029785,0.7734375,1,3
3,538,0.06688255071640015,0.06688255071640015,0.77734375,1,4
3,539,0.04234403371810913,0.04234403371810913,0.8828125,2,4
3,540,0.05820262432098389,0.05820262432098389,0.7265625,2,3
3,541,0.01823526620864868,0.01823526620864868,0.90625,1,3
3,542,0.08072285354137422,0.08332681655883789,0.6875,1,3
3,543,0.03896909952163696,0.03896909952163696,0.8671875,1,4
3,544,0.041662514209747314,0.041662514209747314,0.82421875,2,4
3,545,0.05559259653091431,0.05559259653091431,0.82421875,2,5
3,546,0.02918541431427002,0.02918541431427002,0.89453125,1,4
3,547,0.05028491467237473,0.06501483917236328,0.609375,2,6
3,548,0.04118812084197998,0.04118812084197998,0.78515625,2,4
3,549,0.056970417499542236,0.056970417499542236,0.75,1,3
3,550,0.02752751111984253,0.02752751111984253,0.8984375,2,4
3,551,0.060391247272491455,0.060391247272491455,0.703125,2,4
3,552,0.08574502519331874,0.08591282367706299,0.69921875,2,4
3,553,0.05534642934799194,0.05534642934799194,0.7578125,1,2
3,554,0.01834249496459961,0.01834249496459961,0.8984375,3,8
3,555,0.01493304967880249,0.01493304967880249,0.8984375,1,1
3,556,0.000532984733581543,0.000532984733581543,0.984375,1,1
3,557,0.011512517929077148,0.011512517929077148,0.94921875,1,3
3,558,0.0016246438026428223,0.0016246438026428223,0.97265625,1,3
3,559,0.03190279006958008,0.03190279006958008,0.87109375,3,6
3,560,0.07189744710922241,0.07189744710922241,0.7421875,1,3
3,561,0.03367394208908081,0.03367394208908081,0.8359375,1,2
3,562,0.030331432819366455,0.030331432819366455,0.9140625,2,3
3,563,0.0023363828659057617,0.0023363828659057617,0.97265625,2,3
3,564,0.06302019581198694,0.06505310535430908,0.6875,2,4
3,565,0.08976083993911743,0.08976083993911743,0.82421875,1,3
3,566,0.0681464672088623,0.0681464672088623,0.79296875,3,5
3,567,0.026346445083618164,0.026346445083618164,0.875,1,3
3,568,0.0498771071434021,0.0498771071434021,0.7578125,2,6
3,569,0.008579373359680176,0.008579373359680176,0.9375,2,4
3,570,0.03558582067489624,0.03558582067489624,0.8515625,1,3
3,571,0.04116547107696533,0.04116547107696533,0.79296875,2,5
3,572,0.027798891067504883,0.027798891067504883,0.8515625,1,3
3,573,0.03921830654144287,0.03921830654144287,0.796875,2,4
3,574,0.05609750747680664,0.05609750747680664,0.77734375,3,6
3,575,0.04179316759109497,0.04179316759109497,0.80859375,2,3
3,576,0.04981642961502075,0.04981642961502075,0.80078125,3,7
3,577,0.07472628355026245,0.07472628355026245,0.70703125,1,4
3,578,0.03661346435546875,0.03661346435546875,0.765625,2,4
3,579,0.014072895050048828,0.014072895050048828,0.92578125,1,3
3,580,0.03348076343536377,0.03348076343536377,0.86328125,1,3
3,581,0.05451958405319602,0.08975571393966675,0.54296875,1,3
3,582,0.042893290519714355,0.042893290519714355,0.828125,1,4
3,583,0.058177411556243896,0.058177411556243896,0.8203125,1,3
3,584,0.0016615986824035645,0.0016615986824035645,0.97265625,1,3
3,585,0.06610768369864674,0.07186228036880493,0.66796875,2,4
3,586,0.05084902048110962,0.05084902048110962,0.828125,1,3
3,587,0.030097365379333496,0.030097365379333496,0.875,2,4
3,588,0.06715500354766846,0.06715500354766846,0.7578125,1,4
4,362,0.10107146855443717,0.10758543014526367,0.67578125,1,4
4,458,0.0779377107974142,0.13712751865386963,0.52734375,1,3
4,589,0.03219902515411377,0.03219902515411377,0.83984375,1,3
4,590,0.05993974918965251,0.06958991289138794,0.64453125,2,3
4,591,0.02492845058441162,0.02492845058441162,0.83984375,1,1
4,592,0.0621191131649539,0.21062904596328735,0.41796875,1,1
4,593,0.019722461700439453,0.019722461700439453,0.8828125,1,2
4,594,0.014113247394561768,0.014113247394561768,0.91015625,2,5
4,595,0.009350240230560303,0.009350240230560303,0.91796875,1,3
4,596,0.06397353112697603,0.07599639892578125,0.63671875,1,2
4,597,0.05684318486601115,0.0774034857749939,0.59375,1,1
4,598,0.03802650736179204,0.19276803731918335,0.37890625,1,2
4,599,0.008086621761322021,0.008086621761322021,0.91796875,2,5
4,600,0.026073813438415527,0.026073813438415527,0.8203125,1,3
4,601,0.0024470484349876703,0.208814799785614,0.3046875,1,3
4,602,0.00047689070925117217,0.24416804313659668,0.30078125,1,2
4,603,0.05771329160779715,0.12520849704742432,0.484375,1,2
4,604,0.0,0.2101743221282959,0.25,1,2
4,605,0.030045270919799805,0.030045270919799805,0.8203125,2,3
4,606,0.0369378924369812,0.0369378924369812,0.796875,1,2
4,607,0.051843830267898745,0.12010878324508667,0.47265625,1,1
4,608,0.03240865468978882,0.03240865468978882,0.84375,1,3
4,609,0.06275164475664498,0.09855473041534424,0.5546875,1,2
4,610,0.033321499824523926,0.033321499824523926,0.82421875,1,2
4,611,0.013448834419250488,0.013448834419250488,0.875,1,4
4,612,0.004894256591796875,0.004894256591796875,0.9296875,1,0
4,613,0.06225892715156079,0.13799381256103516,0.48046875,2,5
4,614,0.05533331795595587,0.05598944425582886,0.6953125,1,3
4,615,0.041430115699768066,0.041430115699768066,0.75,2,3
4,616,0.04343128204345703,0.04343128204345703,0.73828125,1,3
4,617,0.05165612627752126,0.10751193761825562,0.4921875,1,1
4,618,0.05501091480255127,0.05501091480255127,0.7734375,1,3
4,619,0.0,0.2647165060043335,0.19921875,2,5
4,620,0.00978022813796997,0.00978022813796997,0.90625,1,2
4,621,0.05705481767654419,0.05705481767654419,0.78515625,1,2
4,622,0.049965739250183105,0.049965739250183105,0.8203125,1,3
4,623,0.04952895641326904,0.04952895641326904,0.796875,1,3
4,624,0.06632651388645174,0.10106897354125977,0.5625,1,2
4,625,0.04716414213180542,0.04716414213180542,0.76953125,1,3
4,626,0.007610142230987549,0.007610142230987549,0.90625,1,3
4,627,0.06367263710126282,0.10653722286224365,0.5390625,1,3
4,628,0.03341495990753174,0.03341495990753174,0.8203125,1,2
4,629,0.0417255163192749,0.0417255163192749,0.8125,1,2
4,630,0.03949993848800659,0.03949993848800659,0.8125,1,3
4,631,0.08132967911660673,0.09131753444671631,0.65625,2,4
4,632,0.03129795379936696,0.15117502212524414,0.3828125,3,5
4,633,0.06225156784057617,0.06225156784057617,0.734375,1,3
4,634,0.0524139404296875,0.0524139404296875,0.8046875,1,2
4,635,0.0375819206237793,0.0375819206237793,0.84375,1,1
4,636,0.04293978214263916,0.04293978214263916,0.7734375,1,3
4,637,0.05636942386627197,0.05636942386627197,0.74609375,1,1
4,638,0.054810421541333205,0.05715465545654297,0.68359375,1,1
4,639,0.04691380262374878,0.04691380262374878,0.78125,1,2
4,640,0.013516545295715332,0.013516545295715332,0.890625,1,4
4,641,0.02074521780014038,0.02074521780014038,0.8828125,1,1
4,642,0.04466742277145386,0.04466742277145386,0.78515625,2,4
4,643,0.0001220703125,0.0001220703125,0.99609375,1,0
4,644,0.009955823421478271,0.009955823421478271,0.90234375,1,2
4,645,0.018666863441467285,0.018666863441467285,0.87890625,2,4
4,646,0.021318912506103516,0.021318912506103516,0.88671875,1,3
4,647,0.0021554231643676758,0.0021554231643676758,0.9609375,2,2
4,648,0.06856729672290386,0.11288249492645264,0.54296875,1,2
4,649,0.026654839515686035,0.026654839515686035,0.82421875,1,2
4,650,0.05401112488470972,0.18313705921173096,0.41796875,1,2
4,651,0.013141393661499023,0.013141393661499023,0.87890625,1,2
4,652,0.06023042462766171,0.17521578073501587,0.4375,2,3
4,364,0.10949003323912622,0.11302196979522705,0.6875,1,3
4,565,0.08426576852798462,0.08426576852798462,0.81640625,1,3
4,653,0.05219358205795288,0.05219358205795288,0.78515625,1,2
4,654,0.0014292001724243164,0.0014292001724243164,0.97265625,2,2
4,655,0.015949666500091553,0.015949666500091553,0.90234375,1,1
4,656,0.024558722972869873,0.024558722972869873,0.83203125,1,2
4,657,0.0014309883117675781,0.0014309883117675781,0.97265625,1,3
4,658,0.00020897388458251953,0.00020897388458251953,0.99609375,1,1
4,659,0.03289234638214111,0.03289234638214111,0.8359375,1,1
4,660,0.05111575126647949,0.05111575126647949,0.734375,3,6
4,661,0.008665084838867188,0.008665084838867188,0.90625,1,3
4,662,0.07676374912261963,0.07676374912261963,0.80859375,1,2
4,663,0.06163709028623999,0.0807114839553833,0.60546875,3,6
4,664,0.038005828857421875,0.038005828857421875,0.83203125,1,3
4,665,0.04102820158004761,0.04102820158004761,0.82421875,1,3
4,666,0.05624156643170864,0.07761639356613159,0.58984375,2,6
4,667,0.04578220844268799,0.04578220844268799,0.80078125,2,4
4,668,0.038497328758239746,0.038497328758239746,0.86328125,2,5
4,669,0.01920008659362793,0.01920008659362793,0.90234375,3,8
4,670,0.047557294368743896,0.047557294368743896,0.8203125,1,2
4,671,0.07583075761795044,0.07583075761795044,0.7890625,1,3
4,672,0.017772674560546875,0.017772674560546875,0.8828125,1,1
4,673,0.004634737968444824,0.004634737968444824,0.9296875,2,5
4,674,0.04646766185760498,0.04646766185760498,0.79296875,1,2
4,675,0.00844883918762207,0.00844883918762207,0.90625,1,2
4,676,0.03376734256744385,0.03376734256744385,0.8125,2,4
4,677,0.009011566638946533,0.009011566638946533,0.90625,3,6
4,678,0.020833849906921387,0.020833849906921387,0.86328125,2,7
4,679,0.04778498411178589,0.04778498411178589,0.828125,1,3
4,680,0.058289408683776855,0.058289408683776855,0.70703125,1,3
4,681,0.030959486961364746,0.030959486961364746,0.82421875,1,2
4,682,0.02822732925415039,0.02822732925415039,0.859375,1,4
4,683,0.011421799659729004,0.011421799659729004,0.92578125,2,3
4,684,0.052887558937072754,0.052887558937072754,0.828125,1,2
4,685,0.07500997558236124,0.07742965221405029,0.6875,1,3
4,686,0.02125781774520874,0.02125781774520874,0.859375,1,3
4,687,0.02533477544784546,0.02533477544784546,0.8671875,2,5
4,688,0.019565820693969727,0.019565820693969727,0.87109375,1,2
4,689,0.04556989669799805,0.04556989669799805,0.80078125,1,3
4,690,0.00015747547149658203,0.00015747547149658203,0.99609375,1,2
4,691,0.02229607105255127,0.02229607105255127,0.90625,1,3
4,692,0.0019443631172180176,0.0019443631172180176,0.96484375,1,2
4,693,0.06321990489959717,0.06321990489959717,0.72265625,1,2
4,694,0.05990654230117798,0.05990654230117798,0.79296875,1,3
4,695,0.023288249969482422,0.023288249969482422,0.83984375,1,1
4,696,0.034465491771698,0.034465491771698,0.81640625,1,3
4,697,0.009950041770935059,0.009950041770935059,0.90234375,1,2
4,698,0.0016881227493286133,0.0016881227493286133,0.96875,3,4
4,699,0.05513560771942139,0.05513560771942139,0.7421875,1,2
4,700,0.07531929016113281,0.07531929016113281,0.75,2,4
4,701,0.003822922706604004,0.003822922706604004,0.953125,1,1
4,702,0.06034308671951294,0.06034308671951294,0.7734375,1,2
4,703,0.0533672571182251,0.0533672571182251,0.796875,1,3
4,704,0.05120187997817993,0.05120187997817993,0.7890625,2,4
4,705,0.052347029442898936,0.055720746517181396,0.67578125,2,4
4,706,0.0536954402923584,0.0536954402923584,0.796875,2,4
4,707,0.002118229866027832,0.002118229866027832,0.984375,1,3
4,708,0.051166653633117676,0.051166653633117676,0.7265625,1,2
4,709,0.07003498077392578,0.07003498077392578,0.703125,1,3
4,710,0.05352050065994263,0.05352050065994263,0.76953125,1,3
4,711,0.06630212068557739,0.06630212068557739,0.703125,2,5
4,712,0.07239072688389571,0.08404546976089478,0.64453125,1,3
4,713,0.01701676845550537,0.01701676845550537,0.90625,1,2
4,714,0.06046165362931789,0.06178915500640869,0.69140625,1,4
4,715,0.0577973818872124,0.06088942289352417,0.6796875,1,3
4,716,0.013166248798370361,0.013166248798370361,0.890625,2,4
4,717,0.003729581832885742,0.003729581832885742,0.94140625,1,2
4,718,0.010511636734008789,0.010511636734008789,0.88671875,2,4
4,719,0.035587310791015625,0.035587310791015625,0.84375,1,4
4,720,0.03907042741775513,0.03907042741775513,0.73828125,2,6
4,721,0.0803728699684143,0.0803728699684143,0.75390625,1,2
4,722,0.0057814717292785645,0.0057814717292785645,0.92578125,1,2
4,723,0.02148669958114624,0.02148669958114624,0.90625,2,3
4,724,0.037982165813446045,0.037982165813446045,0.8359375,1,3
4,725,0.016675949096679688,0.016675949096679688,0.86328125,3,6
4,726,0.06540743238292636,0.07769978046417236,0.63671875,1,4
4,727,0.03866606950759888,0.03866606950759888,0.796875,1,2
4,728,0.051896870136260986,0.051896870136260986,0.82421875,1,4
4,729,0.00567317008972168,0.00567317008972168,0.95703125,3,5
4,730,0.007332801818847656,0.007332801818847656,0.9296875,1,3
4,731,0.08178430795669556,0.08178430795669556,0.71875,1,3
4,732,0.02343010902404785,0.02343010902404785,0.84375,1,2
4,733,0.0015388727188110352,0.0015388727188110352,0.96875,1,2
4,734,0.06918991473503412,0.07214915752410889,0.68359375,1,4
5,362,0.08926854724995793,0.11257511377334595,0.6171875,1,4
5,631,0.07434926845598967,0.10260599851608276,0.58984375,2,4
5,735,0.05289281986188144,0.17934519052505493,0.41796875,1,3
5,736,0.06361316237598659,0.08662217855453491,0.59375,2,5
5,737,0.02291625738143921,0.02291625738143921,0.86328125,2,4
5,738,0.03795456886291504,0.03795456886291504,0.86328125,1,3
5,739,0.0,0.2977851629257202,0.11328125,1,3
5,740,0.0,0.40883147716522217,0.0703125,2,4
5,741,0.07351163402199747,0.09047585725784302,0.625,2,2
5,742,0.0,0.22640585899353027,0.234375,1,3
5,743,0.05204230546951294,0.05204230546951294,0.7421875,1,1
5,744,0.00470501184463501,0.00470501184463501,0.94921875,1,3
5,745,0.009631514549255371,0.009631514549255371,0.90234375,2,4
5,746,0.04708850383758545,0.04708850383758545,0.74609375,3,6
5,747,0.038140572374686606,0.13375324010849,0.4140625,2,4
5,748,0.05565613508224487,0.05565613508224487,0.7109375,1,1
5,749,0.0,0.17455828189849854,0.29296875,1,2
5,750,0.05167723260819913,0.09586501121520996,0.515625,1,2
5,751,0.08506808150559665,0.09447908401489258,0.66015625,1,3
5,752,0.01713186502456665,0.01713186502456665,0.8515625,1,1
5,753,0.0,0.35021376609802246,0.1015625,1,0
5,754,0.047043681144714355,0.047043681144714355,0.74609375,1,2
5,755,0.0626664550509304,0.14518201351165771,0.47265625,1,4
5,756,0.0,0.20852482318878174,0.23828125,1,2
5,757,0.0,0.2719016671180725,0.13671875,1,3
5,758,0.04821324348449707,0.04821324348449707,0.71875,1,2
5,759,0.009633183479309082,0.009633183479309082,0.90234375,1,2
5,760,0.0,0.2526196241378784,0.1640625,3,4
5,761,0.0,0.22363615036010742,0.28125,2,4
5,762,0.06827952340245248,0.1481318473815918,0.484375,1,3
5,763,0.00994420051574707,0.00994420051574707,0.90234375,1,3
5,764,0.0,0.19409161806106567,0.24609375,1,1
5,765,0.04992944002151489,0.04992944002151489,0.765625,1,2
5,766,0.052319347858428955,0.052319347858428955,0.75,1,3
5,767,0.0,0.1766808032989502,0.29296875,1,2
5,768,0.04475611448287964,0.04475611448287964,0.796875,1,2
5,769,0.03034675121307373,0.03034675121307373,0.83984375,2,5
5,770,0.0,0.2530238628387451,0.2578125,1,4
5,771,0.028809785842895508,0.028809785842895508,0.83203125,1,4
5,772,0.06250649760477246,0.17681396007537842,0.44140625,1,3
5,773,0.010407567024230957,0.010407567024230957,0.9296875,1,2
5,774,0.01902294158935547,0.01902294158935547,0.8515625,1,1
5,775,0.053077101707458496,0.053077101707458496,0.7421875,1,3
5,776,0.0,0.2613908052444458,0.19140625,2,4
5,777,0.0,0.23267197608947754,0.296875,1,3
5,778,0.03558927774429321,0.03558927774429321,0.89453125,2,3
5,779,0.0029251575469970703,0.0029251575469970703,0.953125,1,4
5,780,0.009572982788085938,0.009572982788085938,0.8984375,1,3
5,781,0.08071434497833252,0.08071434497833252,0.75390625,1,2
5,782,0.0,0.382340669631958,0.0703125,2,4
5,783,0.052475154399871826,0.052475154399871826,0.77734375,1,2
5,784,0.07883805572055282,0.09821188449859619,0.62109375,1,4
5,785,0.03926089196465911,0.19902551174163818,0.37890625,1,2
5,786,0.007836639881134033,0.007836639881134033,0.91015625,1,3
5,787,0.06275048619136216,0.06349456310272217,0.6953125,1,2
5,788,0.007246613502502441,0.007246613502502441,0.92578125,1,3
5,789,0.005769312381744385,0.005769312381744385,0.94140625,2,3
5,790,0.037476420402526855,0.037476420402526855,0.79296875,1,2
5,791,0.0,0.3016735315322876,0.26171875,1,3
5,792,0.023012280464172363,0.023012280464172363,0.83203125,3,4
5,793,0.04592352616600694,0.19432103633880615,0.39453125,2,4
5,794,0.0631936900317669,0.06726646423339844,0.67578125,2,3
5,795,0.004857003688812256,0.004857003688812256,0.94921875,1,2
5,796,0.0,0.19431304931640625,0.2265625,1,3
5,797,0.008983135223388672,0.008983135223388672,0.91015625,1,3
5,798,0.01088559627532959,0.01088559627532959,0.8671875,1,3
5,799,0.015740799251943834,0.22386914491653442,0.328125,1,3
5,364,0.09584858594462277,0.1208730936050415,0.6171875,1,3
5,565,0.08950889110565186,0.08950889110565186,0.76953125,1,3
5,800,0.048420250415802,0.048420250415802,0.73828125,1,3
5,801,0.02747189998626709,0.02747189998626709,0.8203125,3,6
5,802,0.036432862281799316,0.036432862281799316,0.796875,1,2
5,803,0.02338850498199463,0.02338850498199463,0.828125,1,2
5,804,0.006914734840393066,0.006914734840393066,0.9296875,1,3
5,805,0.056826233863830566,0.056826233863830566,0.71875,1,2
5,806,0.034291982650756836,0.034291982650756836,0.83984375,1,2
5,807,0.006045520305633545,0.006045520305633545,0.92578125,1,1
5,808,0.045096755027770996,0.045096755027770996,0.765625,2,4
5,809,0.034239113330841064,0.034239113330841064,0.81640625,1,2
5,810,0.014042973518371582,0.014042973518371582,0.91015625,2,4
5,811,0.0077745914459228516,0.0077745914459228516,0.9140625,1,3
5,812,0.07825336360838266,0.08160024881362915,0.68359375,1,2
5,813,0.009506821632385254,0.009506821632385254,0.9296875,2,3
5,814,0.0024773478507995605,0.0024773478507995605,0.953125,1,3
5,815,0.04755502939224243,0.04755502939224243,0.7890625,1,2
5,816,0.04859805107116699,0.04859805107116699,0.75,1,2
5,817,0.06728713854681702,0.07993274927139282,0.63671875,1,2
5,818,0.013888776302337646,0.013888776302337646,0.8671875,1,3
5,819,0.016910970211029053,0.016910970211029053,0.8828125,1,3
5,820,0.07900524139404297,0.07900524139404297,0.71875,1,3
5,821,0.013125836849212646,0.013125836849212646,0.87109375,1,2
5,822,0.013211488723754883,0.013211488723754883,0.8671875,1,2
5,823,0.0630982518196106,0.0630982518196106,0.71484375,1,2
5,824,0.027856171131134033,0.027856171131134033,0.8359375,1,2
5,825,0.02764815092086792,0.02764815092086792,0.86328125,1,3
5,826,0.06657506502233447,0.08096539974212646,0.62890625,1,2
5,827,0.002187192440032959,0.002187192440032959,0.94921875,1,2
5,828,0.02703559398651123,0.02703559398651123,0.8828125,1,3
5,829,0.05690079927444458,0.05690079927444458,0.72265625,1,2
5,830,0.03698444366455078,0.03698444366455078,0.875,1,2
5,831,0.024093151092529297,0.024093151092529297,0.87890625,1,3
5,832,0.05612415075302124,0.05612415075302124,0.7890625,1,2
5,833,0.04021131992340088,0.04021131992340088,0.83203125,1,3
5,834,0.001852869987487793,0.001852869987487793,0.953125,2,3
5,835,0.018582463264465332,0.018582463264465332,0.875,1,3
5,836,0.04587823152542114,0.04587823152542114,0.76953125,1,2
5,837,0.05388718843460083,0.05388718843460083,0.77734375,1,2
5,838,0.04168879985809326,0.04168879985809326,0.83203125,1,2
5,839,0.04378223419189453,0.04378223419189453,0.75390625,1,2
5,840,0.09096054558176549,0.145083487033844,0.55078125,1,2
5,841,0.057100772857666016,0.057100772857666016,0.76953125,1,1
5,842,0.022725403308868408,0.022725403308868408,0.82421875,2,2
5,843,0.009030699729919434,0.009030699729919434,0.90234375,1,1
5,844,0.013518869876861572,0.013518869876861572,0.8671875,2,5
5,845,0.005465388298034668,0.005465388298034668,0.93359375,1,2
5,846,0.04251283407211304,0.04251283407211304,0.80859375,1,3
5,847,0.04914093017578125,0.04914093017578125,0.8125,1,2
5,848,0.06418198347091675,0.06418198347091675,0.7890625,1,1
5,849,0.06470775604248047,0.06470775604248047,0.73828125,1,2
5,850,0.060227930545806885,0.060227930545806885,0.79296875,2,4
5,851,0.05995979672297837,0.10199141502380371,0.53515625,2,3
5,852,0.037846148014068604,0.037846148014068604,0.7890625,1,3
5,853,0.06952212390024216,0.0710485577583313,0.69140625,1,3
5,854,0.034591615200042725,0.034591615200042725,0.89453125,1,3
5,855,0.0008124709129333496,0.0008124709129333496,0.9609375,1,2
5,856,0.0018167495727539062,0.0018167495727539062,0.95703125,2,5
5,857,0.0023032426834106445,0.0023032426834106445,0.953125,2,3
5,858,0.012420952320098877,0.012420952320098877,0.90234375,1,2
5,859,0.053871750831604004,0.053871750831604004,0.7578125,1,4
5,860,0.06490404100622983,0.10352295637130737,0.55078125,2,2
5,861,0.06167153175920249,0.06703996658325195,0.66796875,1,1
5,862,0.04262256622314453,0.04262256622314453,0.84375,2,5
5,863,0.0016050338745117188,0.0016050338745117188,0.95703125,1,1
5,864,0.03254669904708862,0.03254669904708862,0.8359375,2,5
5,865,0.001482248306274414,0.001482248306274414,0.95703125,1,2
5,866,0.027432382106781006,0.027432382106781006,0.828125,1,3
5,867,0.01818060874938965,0.01818060874938965,0.8359375,2,3
5,868,0.05892083072103561,0.05903613567352295,0.69921875,2,4
5,869,0.06332735717296602,0.06671524047851562,0.6796875,2,4
5,870,0.06329715251922607,0.06329715251922607,0.71484375,2,4
5,871,0.05565685033798218,0.05565685033798218,0.765625,1,2
5,872,0.048849284648895264,0.048849284648895264,0.796875,1,4
5,873,0.0365484356880188,0.0365484356880188,0.921875,2,4
5,874,0.060416340827941895,0.060416340827941895,0.81640625,1,2
5,875,0.04105931520462036,0.04105931520462036,0.8203125,1,2
5,876,0.05703163146972656,0.05703163146972656,0.8125,1,3
5,877,0.0504605770111084,0.0504605770111084,0.74609375,1,2
5,878,0.056542038917541504,0.056542038917541504,0.82421875,1,2
5,879,0.00022554397583007812,0.00022554397583007812,0.98046875,1,1
5,880,0.05592453479766846,0.05592453479766846,0.765625,2,4
6,565,0.0775178074836731,0.0775178074836731,0.8125,1,3
6,751,0.08378528244793416,0.09012198448181152,0.671875,1,3
6,881,0.0280647873878479,0.0280647873878479,0.8515625,1,3
6,882,0.03447866439819336,0.03447866439819336,0.875,1,2
6,883,0.00429081916809082,0.00429081916809082,0.94921875,2,1
6,884,0.0018673539161682129,0.0018673539161682129,0.96484375,2,2
6,885,0.06380754709243774,0.06380754709243774,0.8046875,1,2
6,886,0.051352739334106445,0.051352739334106445,0.7734375,1,2
6,887,0.04589653015136719,0.04589653015136719,0.8125,1,1
6,888,0.03482335805892944,0.03482335805892944,0.8671875,2,3
6,889,0.06306149158626796,0.09198713302612305,0.57421875,2,1
6,890,0.001885831356048584,0.001885831356048584,0.96484375,2,2
6,891,0.05607907427474858,0.09866833686828613,0.52734375,1,1
6,892,0.04089200496673584,0.04089200496673584,0.875,1,2
6,893,0.019676506519317627,0.019676506519317627,0.87890625,1,3
6,894,0.044612109661102295,0.044612109661102295,0.76171875,2,1
6,895,0.029619872570037842,0.029619872570037842,0.8515625,1,3
6,896,0.0011224746704101562,0.0011224746704101562,0.96875,1,2
6,897,0.002347230911254883,0.002347230911254883,0.9609375,2,2
6,898,0.021171867847442627,0.021171867847442627,0.91015625,2,3
6,899,0.020680785179138184,0.020680785179138184,0.90234375,1,2
6,900,0.06602346897125244,0.06602346897125244,0.765625,1,2
6,901,0.0037454962730407715,0.0037454962730407715,0.95703125,3,4
6,902,0.028065621852874756,0.028065621852874756,0.875,1,2
6,903,0.002767324447631836,0.002767324447631836,0.96484375,1,2
6,904,0.06313335173763336,0.06651085615158081,0.6796875,1,2
6,905,0.04624152183532715,0.04624152183532715,0.8046875,2,3
6,906,0.05923180840909482,0.07118940353393555,0.6328125,1,3
6,907,0.022281646728515625,0.022281646728515625,0.87109375,2,3
6,908,0.0134505033493042,0.0134505033493042,0.9296875,1,2
6,909,0.0495833158493042,0.0495833158493042,0.7734375,1,3
6,910,0.04702097177505493,0.04702097177505493,0.7734375,1,2
6,911,0.050690531730651855,0.050690531730651855,0.81640625,1,2
6,912,0.03147232532501221,0.03147232532501221,0.859375,1,3
6,913,0.06013912602793426,0.08299523591995239,0.58984375,3,5
6,914,0.0674201250076294,0.0674201250076294,0.8046875,2,4
6,915,0.05148601531982422,0.05148601531982422,0.7421875,1,2
6,916,0.024743199348449707,0.024743199348449707,0.8828125,2,2
6,917,0.06896853446960449,0.06896853446960449,0.765625,1,3
6,918,0.02833956480026245,0.02833956480026245,0.8515625,1,1
6,919,0.054900611285120256,0.06232619285583496,0.65234375,1,2
6,920,0.06862886343151332,0.07878470420837402,0.6484375,2,4
6,921,0.023366153240203857,0.023366153240203857,0.8984375,1,1
6,922,0.0018097162246704102,0.0018097162246704102,0.9765625,2,3
6,923,0.004880666732788086,0.004880666732788086,0.9453125,2,1
6,924,0.009649932384490967,0.009649932384490967,0.9140625,1,2
6,925,0.050173044204711914,0.050173044204711914,0.77734375,2,4
6,926,0.06155165226664395,0.08059960603713989,0.60546875,2,2
6,927,0.05446857213973999,0.05446857213973999,0.73828125,1,2
6,928,0.048365771770477295,0.048365771770477295,0.7578125,1,2
6,929,0.05425981059670449,0.05601012706756592,0.6875,1,1
6,930,0.035501837730407715,0.035501837730407715,0.82421875,1,3
6,931,0.05085337162017822,0.05085337162017822,0.8046875,2,3
6,932,0.0548553466796875,0.0548553466796875,0.7421875,2,3
6,933,0.040490806102752686,0.040490806102752686,0.82421875,1,2
6,934,0.03211575746536255,0.03211575746536255,0.8671875,1,3
6,935,0.046161532402038574,0.046161532402038574,0.78125,1,2
6,936,0.06836163997650146,0.06836163997650146,0.71875,1,1
6,937,0.037969768047332764,0.037969768047332764,0.8515625,2,1
6,938,0.009632468223571777,0.009632468223571777,0.9140625,1,4
6,939,0.015035867691040039,0.015035867691040039,0.921875,1,1
6,940,0.005751371383666992,0.005751371383666992,0.94921875,1,3
6,941,0.0472562313079834,0.0472562313079834,0.79296875,1,2
6,942,0.056391172576695694,0.10095202922821045,0.5234375,1,1
6,943,0.06081324815750122,0.06081324815750122,0.76953125,1,2
6,944,0.07453370094299316,0.07453370094299316,0.7578125,1,3
6,945,0.0625849454663694,0.06731826066970825,0.671875,1,1
6,946,0.012230098247528076,0.012230098247528076,0.90234375,2,2
6,947,0.05579262971878052,0.05579262971878052,0.75390625,1,3
6,948,0.04252362251281738,0.04252362251281738,0.78125,1,3
6,949,0.009969532489776611,0.009969532489776611,0.93359375,1,2
6,950,0.00506281852722168,0.00506281852722168,0.9453125,1,3
6,951,0.045189619064331055,0.045189619064331055,0.7578125,1,0
6,952,0.0520969033241272,0.0520969033241272,0.76953125,1,2
6,953,0.0579474549740553,0.08830088376998901,0.5625,1,2
6,954,0.035384416580200195,0.035384416580200195,0.85546875,1,3
6,955,0.006860673427581787,0.006860673427581787,0.9375,1,3
6,956,0.009649932384490967,0.009649932384490967,0.9140625,1,3
6,957,0.009648799896240234,0.009648799896240234,0.9140625,1,1
6,958,0.041952311992645264,0.041952311992645264,0.82421875,1,2
6,959,0.048955321311950684,0.048955321311950684,0.86328125,1,3
6,960,0.02915138006210327,0.02915138006210327,0.88671875,2,2
6,961,0.0015216469764709473,0.0015216469764709473,0.96875,1,0
6,962,0.059785544872283936,0.059785544872283936,0.7578125,1,3
6,963,0.031286656856536865,0.031286656856536865,0.890625,1,2
6,364,0.10362945450469853,0.10917341709136963,0.6796875,1,3
6,840,0.1008106271037832,0.12871581315994263,0.61328125,1,2
6,964,0.005844771862030029,0.005844771862030029,0.95703125,1,3
6,965,0.06298816204071045,0.06298816204071045,0.8203125,2,4
6,966,0.0,0.25770771503448486,0.2109375,1,3
6,967,0.04183485265821219,0.15749591588974,0.40625,1,3
6,968,0.04613496165256948,0.09801286458969116,0.48828125,1,3
6,969,0.04155564308166504,0.04155564308166504,0.79296875,3,2
6,970,0.020105302333831787,0.020105302333831787,0.90234375,1,1
6,971,0.04615098237991333,0.04615098237991333,0.73828125,2,4
6,972,0.07124632596969604,0.07124632596969604,0.78515625,1,2
6,973,0.010594785213470459,0.010594785213470459,0.9140625,1,2
6,974,0.07555688358843328,0.16746807098388672,0.48046875,1,2
6,975,0.01619379944168032,0.18024402856826782,0.3359375,1,2
6,976,0.032014735043048866,0.21567821502685547,0.359375,1,3
6,977,0.08895606035366656,0.13759970664978027,0.55859375,1,4
6,978,0.03373643499799074,0.2008494734764099,0.3671875,2,4
6,979,0.0020431876182556152,0.0020431876182556152,0.9609375,2,2
6,980,0.005572199821472168,0.005572199821472168,0.953125,1,2
6,981,0.009649932384490967,0.009649932384490967,0.9140625,2,1
6,982,0.004835069179534912,0.004835069179534912,0.94921875,1,3
6,983,0.07186637725681068,0.18773257732391357,0.453125,1,1
6,984,0.03591464459896088,0.14593887329101562,0.3984375,1,2
6,985,0.00618666410446167,0.00618666410446167,0.9453125,2,3
6,986,0.0001099705696105957,0.0001099705696105957,0.984375,1,1
6,987,0.005555152893066406,0.005555152893066406,0.9453125,2,4
6,988,0.0046325220027938555,0.21562284231185913,0.30859375,1,3
6,989,0.059937324840575464,0.15657097101211548,0.453125,1,4
6,990,0.04518747329711914,0.04518747329711914,0.7578125,2,2
6,991,0.0392308235168457,0.0392308235168457,0.78125,1,3
6,992,0.06390786170959473,0.06390786170959473,0.7734375,1,2
6,993,0.009884178638458252,0.009884178638458252,0.92578125,1,4
6,994,0.04496347904205322,0.04496347904205322,0.76171875,1,1
6,995,0.04933595657348633,0.04933595657348633,0.83984375,2,5
6,996,0.00984877347946167,0.00984877347946167,0.9375,1,1
6,997,0.02734065055847168,0.02734065055847168,0.8828125,2,2
6,998,0.0,0.22907304763793945,0.171875,2,5
6,999,0.02284538745880127,0.02284538745880127,0.88671875,2,4
6,1000,0.04781675338745117,0.04781675338745117,0.84375,1,3
6,1001,0.048890431877225644,0.13829779624938965,0.44140625,2,4
6,1002,0.0019505415111780216,0.16644620895385742,0.3046875,2,3
6,1003,0.06986872944980861,0.17365431785583496,0.4609375,1,2
6,1004,0.0,0.22701740264892578,0.21875,1,2
6,1005,0.028174996376037598,0.028174996376037598,0.875,2,3
6,1006,0.02142759505659343,0.23849844932556152,0.3359375,1,2
6,1007,0.09540235996246338,0.09540235996246338,0.703125,1,3
6,1008,0.04391611414030195,0.14413493871688843,0.421875,1,3
6,1009,0.04437774419784546,0.04437774419784546,0.828125,1,2
6,1010,0.02066076500341297,0.173414945602417,0.34765625,1,0
6,1011,0.0020067691802978516,0.0020067691802978516,0.96484375,2,1
6,1012,0.019328415393829346,0.019328415393829346,0.87109375,1,4
6,1013,0.012172937393188477,0.012172937393188477,0.9296875,2,5
6,1014,0.08005061722360553,0.18545663356781006,0.47265625,1,3
6,1015,0.032435949891805656,0.21851587295532227,0.359375,1,3
6,1016,0.00925290584564209,0.00925290584564209,0.9296875,2,3
6,1017,0.008436024188995361,0.008436024188995361,0.9296875,1,2
6,1018,0.0553705096244812,0.0553705096244812,0.76953125,2,4
6,1019,0.0514480242272839,0.09374159574508667,0.51953125,2,2
6,1020,0.0,0.3054456114768982,0.1484375,2,2
6,1021,0.009568736306391663,0.23329490423202515,0.31640625,1,3
6,1022,0.042372286319732666,0.042372286319732666,0.75390625,1,3
6,1023,0.0200844407081604,0.0200844407081604,0.88671875,2,4
6,1024,0.020910918712615967,0.020910918712615967,0.8828125,1,1
6,1025,0.07659835019148888,0.17353254556655884,0.4765625,1,2
6,1026,0.065640389919281,0.065640389919281,0.75,1,3
7,565,0.09258079528808594,0.09258079528808594,0.796875,1,3
7,944,0.08411082671955229,0.0877082347869873,0.68359375,1,3
7,1027,0.04834359884262085,0.04834359884262085,0.76953125,1,2
7,1028,0.06674011680297555,0.07332819700241089,0.6640625,1,2
7,1029,0.05672568082809448,0.05672568082809448,0.80859375,1,2
7,1030,0.06894218246452512,0.11535423994064331,0.5390625,2,3
7,1031,0.07562559843063356,0.0930776596069336,0.625,1,1
7,1032,0.0611902978271246,0.06191587448120117,0.6953125,2,4
7,1033,0.05776870250701904,0.05776870250701904,0.76953125,1,2
7,1034,0.022164881229400635,0.022164881229400635,0.859375,1,2
7,1035,0.05854344367980957,0.05854344367980957,0.79296875,3,5
7,1036,0.0013873577117919922,0.0013873577117919922,0.9921875,2,3
7,1037,0.06598917488008739,0.07097995281219482,0.671875,2,3
7,1038,0.07139620115049185,0.07224279642105103,0.6953125,1,2
7,1039,0.004022479057312012,0.004022479057312012,0.97265625,1,1
7,1040,0.05372142791748047,0.05372142791748047,0.765625,1,1
7,1041,0.05558764934539795,0.05558764934539795,0.71484375,2,3
7,1042,0.038568854331970215,0.038568854331970215,0.80859375,1,3
7,1043,0.008459687232971191,0.008459687232971191,0.9296875,2,4
7,1044,0.0690237656235695,0.1051790714263916,0.5625,1,3
7,1045,0.02813011407852173,0.02813011407852173,0.89453125,1,2
7,1046,0.02834796905517578,0.02834796905517578,0.875,1,2
7,1047,0.0022768378257751465,0.0022768378257751465,0.98046875,1,1
7,1048,0.05229604244232178,0.05229604244232178,0.78125,1,3
7,1049,0.015504956245422363,0.015504956245422363,0.88671875,1,1
7,1050,0.0013910531997680664,0.0013910531997680664,0.9921875,1,1
7,1051,0.0024031400680541992,0.0024031400680541992,0.98046875,2,2
7,1052,0.07189983129501343,0.07189983129501343,0.75,1,1
7,1053,0.03426694869995117,0.03426694869995117,0.85546875,1,3
7,1054,0.05759471654891968,0.05759471654891968,0.72265625,2,3
7,1055,0.025412797927856445,0.025412797927856445,0.87890625,1,2
7,1056,0.009028434753417969,0.009028434753417969,0.9296875,1,2
7,1057,0.06706796342041345,0.06854051351547241,0.69140625,3,5
7,1058,0.021110713481903076,0.021110713481903076,0.88671875,1,2
7,1059,0.05885964632034302,0.05885964632034302,0.73828125,1,2
7,1060,0.0068274736404418945,0.0068274736404418945,0.953125,1,3
7,1061,0.07702517509460449,0.07702517509460449,0.8125,1,3
7,1062,0.00239717960357666,0.00239717960357666,0.98046875,1,1
7,1063,0.01759481430053711,0.01759481430053711,0.91015625,1,3
7,1064,0.0027234554290771484,0.0027234554290771484,0.984375,2,1
7,1065,0.04736107587814331,0.04736107587814331,0.8046875,1,1
7,1066,0.0022311806678771973,0.0022311806678771973,0.984375,2,2
7,1067,0.055979788303375244,0.055979788303375244,0.74609375,1,3
7,1068,0.06659257726278157,0.07088440656661987,0.67578125,1,2
7,1069,0.06032925844192505,0.06032925844192505,0.7890625,2,1
7,1070,0.001388251781463623,0.001388251781463623,0.9921875,2,2
7,1071,0.06702707335352899,0.07209634780883789,0.671875,2,3
7,1072,0.0014354586601257324,0.0014354586601257324,0.9921875,1,1
7,1073,0.06361150741577148,0.06361150741577148,0.78515625,3,4
7,1074,0.003886580467224121,0.003886580467224121,0.97265625,1,1
7,1075,0.006429195404052734,0.006429195404052734,0.9296875,1,2
7,1076,0.001666426658630371,0.001666426658630371,0.97265625,1,3
7,1077,0.04479360580444336,0.04479360580444336,0.8515625,1,1
7,1078,0.023303508758544922,0.023303508758544922,0.91015625,1,3
7,1079,0.03871268033981323,0.03871268033981323,0.83984375,2,3
7,1080,0.0392724871635437,0.0392724871635437,0.7890625,1,1
7,1081,0.06634300947189331,0.06634300947189331,0.7109375,1,1
7,1082,0.002450108528137207,0.002450108528137207,0.984375,1,2
7,1083,0.0019526481628417969,0.0019526481628417969,0.98046875,1,1
7,1084,0.04875314235687256,0.04875314235687256,0.7890625,1,2
7,1085,0.03837662935256958,0.03837662935256958,0.8671875,2,3
7,1086,0.004672050476074219,0.004672050476074219,0.953125,1,3
7,1087,0.04476761817932129,0.04476761817932129,0.78125,1,0
7,1088,0.046321213245391846,0.046321213245391846,0.78515625,1,2
7,1089,0.07479768991470337,0.07479768991470337,0.71875,1,1
7,1090,0.0699624123517424,0.07149851322174072,0.69140625,1,1
7,1091,0.009868502616882324,0.009868502616882324,0.9375,1,1
7,1092,0.04823148250579834,0.04823148250579834,0.8203125,1,2
7,1093,0.005699098110198975,0.005699098110198975,0.953125,2,2
7,1094,0.06318068504333496,0.06318068504333496,0.75390625,2,3
7,364,0.10927815292961897,0.12544935941696167,0.6484375,1,3
7,840,0.10990830697119237,0.14966237545013428,0.59375,1,2
7,1095,0.06828778982162476,0.06828778982162476,0.78515625,1,2
7,1096,0.008479416370391846,0.008479416370391846,0.9375,1,2
7,1097,0.08350647636689247,0.14949411153793335,0.5234375,2,5
7,1098,0.07242088008206339,0.16051727533340454,0.48046875,1,3
7,1099,0.015259385108947754,0.015259385108947754,0.89453125,1,2
7,1100,0.07920446153730155,0.19685769081115723,0.4609375,1,2
7,1101,0.04450058937072754,0.04450058937072754,0.79296875,1,2
7,1102,0.005776703357696533,0.005776703357696533,0.9375,1,1
7,1103,0.07518817496020348,0.1824471354484558,0.46484375,1,2
7,1104,0.07528293132781982,0.07528293132781982,0.7109375,1,2
7,1105,0.05859715526457877,0.18634623289108276,0.42578125,1,3
7,1106,0.07087033987045288,0.07087033987045288,0.7421875,1,1
7,1107,0.08225919364485891,0.09338515996932983,0.65234375,1,3
7,1108,0.08632594347000122,0.08632594347000122,0.71484375,1,2
7,1109,0.004960775375366211,0.004960775375366211,0.9765625,1,3
7,1110,0.003438293933868408,0.003438293933868408,0.984375,2,3
7,1111,0.01188802719116211,0.01188802719116211,0.91796875,2,4
7,1112,0.039157986640930176,0.039157986640930176,0.796875,1,0
7,1113,0.09063096530735494,0.12179279327392578,0.59765625,2,4
7,1114,0.052581846714019775,0.052581846714019775,0.81640625,2,3
7,1115,0.011766672134399414,0.011766672134399414,0.90234375,1,2
7,1116,0.07443861023057254,0.07607299089431763,0.69140625,1,2
7,1117,0.03512626886367798,0.03512626886367798,0.80078125,1,2
7,1118,0.09962563740555198,0.1272028088569641,0.61328125,1,1
7,1119,0.10688276914879681,0.11743342876434326,0.6640625,1,2
7,1120,0.06631839275360107,0.06631839275360107,0.70703125,1,3
7,1121,0.0,0.28364235162734985,0.18359375,2,4
7,1122,0.06892400979995728,0.06892400979995728,0.77734375,1,3
7,1123,0.007386386394500732,0.007386386394500732,0.93359375,1,3
7,1124,0.0,0.2808937430381775,0.234375,2,4
7,1125,0.08703145384788515,0.17406290769577026,0.5,1,2
7,1126,0.03550761938095093,0.03550761938095093,0.85546875,1,1
7,1127,0.0027955174446105957,0.0027955174446105957,0.98046875,1,1
7,1128,0.07953461632132532,0.08047771453857422,0.6953125,1,2
7,1129,0.10075427219271661,0.18037128448486328,0.5234375,1,2
7,1130,0.010474145412445068,0.010474145412445068,0.90234375,1,2
7,1131,0.04210780444554985,0.17110472917556763,0.3984375,1,3
7,1132,0.08546823263168335,0.08546823263168335,0.71875,1,2
7,1133,0.1148649168899283,0.13969320058822632,0.62890625,1,2
7,1134,0.03516018006484956,0.22224706411361694,0.36328125,1,2
7,1135,0.009095430374145508,0.009095430374145508,0.9296875,3,5
7,1136,0.060149431228637695,0.060149431228637695,0.703125,1,2
7,1137,0.03743135929107666,0.03743135929107666,0.828125,1,3
7,1138,0.07096927030943335,0.07476598024368286,0.6796875,1,2
7,1139,0.025780081748962402,0.025780081748962402,0.86328125,1,2
7,1140,0.0,0.21613681316375732,0.28515625,1,3
7,1141,0.009095430374145508,0.009095430374145508,0.9296875,1,2
7,1142,0.011459767818450928,0.011459767818450928,0.91015625,1,1
7,1143,0.05837151291780175,0.22813904285430908,0.40234375,1,1
7,1144,0.011656224727630615,0.011656224727630615,0.91015625,1,1
7,1145,0.016916990280151367,0.016916990280151367,0.9140625,1,3
7,1146,0.04118537902832031,0.04118537902832031,0.82421875,2,3
7,1147,0.0014132261276245117,0.0014132261276245117,0.9921875,1,0
7,1148,0.029421627521514893,0.029421627521514893,0.828125,1,1
7,1149,0.07572883367538452,0.07572883367538452,0.75390625,1,3
7,1150,0.02221500873565674,0.02221500873565674,0.86328125,1,1
7,1151,0.08716738293878735,0.09278523921966553,0.67578125,1,1
7,1152,0.007451474666595459,0.007451474666595459,0.9375,1,1
7,1153,0.07208893226925285,0.17492669820785522,0.46484375,1,1
7,1154,0.016158699989318848,0.016158699989318848,0.90625,1,3
7,1155,0.021582186222076416,0.021582186222076416,0.86328125,2,2
7,1156,0.10198529600165787,0.20006310939788818,0.50390625,1,3
7,1157,0.025334835052490234,0.025334835052490234,0.87890625,1,1
7,1158,0.05556386709213257,0.05556386709213257,0.83203125,1,2
7,1159,0.011283159255981445,0.011283159255981445,0.91015625,1,0
7,1160,0.05853103427216411,0.06230330467224121,0.67578125,2,4
7,1161,0.07478880882263184,0.07478880882263184,0.734375,2,3
7,1162,0.04256618022918701,0.04256618022918701,0.7421875,1,4
7,1163,0.05716317892074585,0.05716317892074585,0.79296875,1,3
7,1164,0.02431279420852661,0.02431279420852661,0.90234375,1,2
7,1165,0.035421669483184814,0.035421669483184814,0.85546875,1,1
7,1166,0.004969894886016846,0.004969894886016846,0.96875,1,3
7,1167,0.07161980448290707,0.21444058418273926,0.43359375,1,3
7,1168,0.03422168921679259,0.23054611682891846,0.359375,1,2
7,1169,0.07811742555350067,0.19415593147277832,0.4609375,2,3
7,1170,0.009038150310516357,0.009038150310516357,0.94921875,1,3
7,1171,0.059121668338775635,0.059121668338775635,0.76171875,1,2
7,1172,0.11249354109168054,0.16890525817871094,0.56640625,1,2
8,565,0.08840149641036987,0.08840149641036987,0.76953125,1,3
8,944,0.07571760192513467,0.0831918716430664,0.6640625,1,3
8,1173,0.07725837151519956,0.0822376012802124,0.67578125,2,2
8,1174,0.05149159440770746,0.06657499074935913,0.609375,1,1
8,1175,0.052188754081726074,0.052188754081726074,0.7578125,2,2
8,1176,0.03368961811065674,0.03368961811065674,0.8046875,1,3
8,1177,0.05431101610884071,0.05841857194900513,0.671875,2,3
8,1178,0.042164504528045654,0.042164504528045654,0.82421875,1,1
8,1179,0.04801523685455322,0.04801523685455322,0.76953125,2,4
8,1180,0.0015715360641479492,0.0015715360641479492,0.984375,2,3
8,1181,0.04944115877151489,0.04944115877151489,0.70703125,1,2
8,1182,0.058054447174072266,0.058054447174072266,0.70703125,1,1
8,1183,0.01780378818511963,0.01780378818511963,0.90625,1,2
8,1184,0.06085077463649214,0.08630359172821045,0.58203125,1,2
8,1185,0.029713988304138184,0.029713988304138184,0.87109375,2,3
8,1186,0.013976037502288818,0.013976037502288818,0.91015625,1,1
8,1187,0.05743032647296787,0.06984400749206543,0.62890625,1,1
8,1188,0.019810616970062256,0.019810616970062256,0.8984375,1,1
8,1189,0.053020102903246887,0.09171044826507568,0.53125,1,1
8,1190,0.04727059602737427,0.04727059602737427,0.7421875,1,2
8,1191,0.04108148813247681,0.04108148813247681,0.82421875,2,3
8,1192,0.02624589204788208,0.02624589204788208,0.85546875,3,5
8,1193,0.004509091377258301,0.004509091377258301,0.953125,1,1
8,1194,0.03590810298919678,0.03590810298919678,0.8828125,1,3
8,1195,0.06100231409072876,0.06100231409072876,0.7421875,1,2
8,1196,0.03885042667388916,0.03885042667388916,0.84765625,1,2
8,1197,0.05150128027889878,0.051602065563201904,0.69921875,1,2
8,1198,0.05317407846450806,0.05317407846450806,0.8203125,1,1
8,1199,0.04422867298126221,0.04422867298126221,0.81640625,3,3
8,1200,0.018499433994293213,0.018499433994293213,0.9140625,2,4
8,1201,0.07228616508655251,0.07857859134674072,0.66796875,1,1
8,1202,0.07368361949920654,0.07368361949920654,0.71875,1,2
8,1203,0.03985685110092163,0.03985685110092163,0.8203125,1,4
8,1204,0.052396308747120215,0.09899228811264038,0.51171875,1,1
8,1205,0.07147359615191819,0.08114075660705566,0.65234375,1,3
8,1206,0.047541022300720215,0.047541022300720215,0.83203125,2,3
8,1207,0.05447403248399497,0.08826172351837158,0.546875,1,1
8,1208,0.07744317548349501,0.09766232967376709,0.6171875,1,1
8,1209,0.06659597158432007,0.06659597158432007,0.72265625,1,1
8,1210,0.0018892884254455566,0.0018892884254455566,0.97265625,1,1
8,1211,0.0388031005859375,0.0388031005859375,0.859375,1,2
8,1212,0.03797626495361328,0.03797626495361328,0.84375,1,2
8,1213,0.024513840675354004,0.024513840675354004,0.875,1,3
8,1214,0.013037621974945068,0.013037621974945068,0.921875,1,2
8,1215,0.009733378887176514,0.009733378887176514,0.92578125,1,1
8,1216,0.03079015016555786,0.03079015016555786,0.8046875,1,1
8,1217,0.05922700837254525,0.06113755702972412,0.6875,2,3
8,1218,0.06976346264127643,0.07748132944107056,0.66015625,1,3
8,1219,0.005728363990783691,0.005728363990783691,0.94921875,1,1
8,1220,0.006593942642211914,0.006593942642211914,0.94921875,1,2
8,1221,0.009150803089141846,0.009150803089141846,0.92578125,1,1
8,1222,0.051987409591674805,0.051987409591674805,0.70703125,1,2
8,1223,0.05493505857884885,0.09834527969360352,0.5234375,1,2
8,1224,0.03738516569137573,0.03738516569137573,0.7890625,1,2
8,1225,0.055979138240218176,0.10384535789489746,0.515625,2,2
8,1226,0.057091176509857185,0.06140899658203125,0.671875,1,2
8,1227,0.057082395767793066,0.06781017780303955,0.63671875,2,2
8,1228,0.058794809505343444,0.06069141626358032,0.6875,1,2
8,1229,0.05868513835594059,0.05879998207092285,0.69921875,1,2
8,1230,0.007904291152954102,0.007904291152954102,0.9296875,2,3
8,1231,0.007887721061706543,0.007887721061706543,0.9375,3,4
8,1232,0.02386629581451416,0.02386629581451416,0.87109375,1,2
8,1233,0.018962383270263672,0.018962383270263672,0.890625,2,3
8,1234,0.021914541721343994,0.021914541721343994,0.8984375,1,3
8,1235,0.015182793140411377,0.015182793140411377,0.91796875,1,1
8,1236,0.007271230220794678,0.007271230220794678,0.9375,1,1
8,1237,0.014691352844238281,0.014691352844238281,0.921875,1,3
8,1238,0.015248894691467285,0.015248894691467285,0.91015625,1,2
8,1239,0.039229631423950195,0.039229631423950195,0.83984375,1,3
8,1240,0.06161856651306152,0.06161856651306152,0.8046875,2,3
8,1133,0.11487308191135527,0.12227654457092285,0.67578125,1,2
8,1172,0.08783842576667668,0.1494128704071045,0.53515625,1,2
8,1241,0.0030862092971801758,0.0030862092971801758,0.96484375,3,5
8,1242,0.02199357259087265,0.17061680555343628,0.3515625,1,1
8,1243,0.03756511211395264,0.03756511211395264,0.84765625,1,2
8,1244,0.013525426387786865,0.013525426387786865,0.921875,1,1
8,1245,0.09344922099262477,0.1616418957710266,0.53125,1,3
8,1246,0.0,0.21954768896102905,0.234375,1,2
8,1247,0.008145809173583984,0.008145809173583984,0.92578125,1,2
8,1248,0.004110390669666237,0.19132000207901,0.30859375,1,1
8,1249,0.06822018465027214,0.14493250846862793,0.48828125,1,1
8,1250,0.03533059358596802,0.03533059358596802,0.84375,1,1
8,1251,0.045220136642456055,0.045220136642456055,0.8125,2,3
8,1252,0.0697971567278728,0.18710023164749146,0.44921875,1,3
8,1253,0.01861131191253662,0.01861131191253662,0.90234375,1,0
8,1254,0.017512023448944092,0.017512023448944092,0.90625,2,3
8,1255,0.08629003120586277,0.10133141279220581,0.640625,1,2
8,1256,0.024621248245239258,0.024621248245239258,0.8984375,1,1
8,1257,0.005516529083251953,0.005516529083251953,0.94921875,2,3
8,1258,0.0,0.26669245958328247,0.1328125,1,2
8,1259,0.005953073501586914,0.005953073501586914,0.96484375,2,3
8,1260,0.034802913665771484,0.034802913665771484,0.8515625,1,2
8,1261,0.046486079692840576,0.046486079692840576,0.80078125,1,1
8,1262,0.0,0.2552770972251892,0.171875,2,3
8,1263,0.05108988285064697,0.05108988285064697,0.8203125,1,1
8,1264,0.01184779405593872,0.01184779405593872,0.92578125,1,1
8,1265,0.09410092036705466,0.16006535291671753,0.53515625,1,2
8,1266,0.02122640609741211,0.02122640609741211,0.8828125,1,2
8,1267,0.05031716823577881,0.05031716823577881,0.73828125,1,1
8,1268,0.06922771339304747,0.19056230783462524,0.4453125,1,2
8,1269,0.00931225321255625,0.2270416021347046,0.31640625,1,4
8,1270,0.0,0.20897060632705688,0.24609375,2,6
8,1271,0.0064542293548583984,0.0064542293548583984,0.953125,1,1
8,1272,0.0,0.22823715209960938,0.265625,1,2
8,1273,0.07461238908581437,0.14096510410308838,0.51171875,1,2
8,1274,0.0,0.21658504009246826,0.29296875,1,1
8,1275,0.034857094287872314,0.034857094287872314,0.859375,2,4
8,1276,0.0840291976928711,0.0840291976928711,0.73828125,1,3
8,1277,0.0,0.2380436658859253,0.265625,1,2
8,1278,0.08356499671936035,0.08356499671936035,0.71484375,1,1
8,1279,0.05929916398599745,0.1100042462348938,0.515625,1,3
8,1280,0.06488608464132996,0.17393547296524048,0.44921875,2,3
8,1281,0.005261719226837158,0.005261719226837158,0.9453125,2,3
8,1282,0.0,0.19701141119003296,0.265625,1,0
8,1283,0.014330804347991943,0.014330804347991943,0.91015625,1,2
8,1284,0.027982234954833984,0.027982234954833984,0.859375,2,5
8,1285,0.015393257141113281,0.015393257141113281,0.90234375,1,2
8,1286,0.02927577495574951,0.02927577495574951,0.84375,1,1
8,1287,0.04720026254653931,0.04720026254653931,0.828125,1,2
8,1288,0.03996706008911133,0.03996706008911133,0.82421875,1,2
8,1289,0.0,0.24447739124298096,0.26953125,1,2
8,1290,0.0,0.220345139503479,0.29296875,1,1
8,1291,0.08919831586536021,0.1265084147453308,0.58203125,1,2
8,1292,0.0,0.2116163969039917,0.265625,1,1
8,1293,0.053933213464915766,0.20304268598556519,0.40625,1,2
8,1294,0.0063228607177734375,0.0063228607177734375,0.94921875,1,1
8,1295,0.019147396087646484,0.019147396087646484,0.91015625,1,2
8,1296,0.03736501932144165,0.03736501932144165,0.83203125,2,3
8,1297,0.05954416631720961,0.17828428745269775,0.43359375,1,2
8,1298,0.0,0.2885044813156128,0.09765625,1,2
8,1299,0.006827592849731445,0.006827592849731445,0.9375,2,3
8,1300,0.0033118128776550293,0.0033118128776550293,0.9765625,1,1
8,1301,0.04402720928192139,0.04402720928192139,0.828125,1,1
8,1302,0.059627413749694824,0.059627413749694824,0.8046875,1,3
8,1303,0.03559225797653198,0.03559225797653198,0.859375,1,2
8,1304,0.045171260833740234,0.045171260833740234,0.8515625,1,2
8,1305,0.08079399133566768,0.11785334348678589,0.57421875,1,3
8,1306,0.05615261173807085,0.07964026927947998,0.58203125,1,0
8,1307,0.09748184680938721,0.09748184680938721,0.73828125,1,2
8,1308,0.01874387264251709,0.01874387264251709,0.90234375,2,4
8,1309,0.07349907164461912,0.1014326810836792,0.58984375,1,1
8,1310,0.0911211371421814,0.0911211371421814,0.75,2,3
8,1311,0.041598498821258545,0.041598498821258545,0.81640625,1,2
8,1312,0.01984470640309156,0.22088021039962769,0.3359375,1,2
8,1313,0.07094135298393668,0.09924036264419556,0.5859375,2,3
8,1314,0.017442762851715088,0.017442762851715088,0.8984375,2,4
8,1315,0.07316547632217407,0.07316547632217407,0.74609375,1,1
8,1316,0.010745227336883545,0.010745227336883545,0.93359375,1,1
8,1317,0.05801105499267578,0.05801105499267578,0.8046875,1,1
8,1318,0.0,0.2730962634086609,0.16796875,1,2
9,1265,0.11953196476679297,0.16063088178634644,0.59765625,1,2
9,565,0.07895088195800781,0.07895088195800781,0.81640625,1,3
9,1319,0.06083810329437256,0.06083810329437256,0.76953125,2,3
9,1320,0.0073587894439697266,0.0073587894439697266,0.94921875,1,1
9,1321,0.06117421388626099,0.07909393310546875,0.609375,2,3
9,1322,0.00399094820022583,0.00399094820022583,0.9609375,1,0
9,1323,0.03747725486755371,0.03747725486755371,0.83203125,1,2
9,1324,0.009588062763214111,0.009588062763214111,0.9375,1,3
9,1325,0.06175804138183594,0.06175804138183594,0.734375,2,3
9,1326,0.006379127502441406,0.006379127502441406,0.95703125,1,1
9,1327,0.03739190101623535,0.03739190101623535,0.7890625,1,0
9,1328,0.04191458225250244,0.04191458225250244,0.83203125,1,1
9,1329,0.001294553279876709,0.001294553279876709,0.98046875,1,0
9,1330,0.0010088682174682617,0.0010088682174682617,0.96484375,1,1
9,1331,0.07375829992815854,0.07851195335388184,0.67578125,1,1
9,1332,0.04824143648147583,0.04824143648147583,0.8125,1,3
9,1333,0.027596473693847656,0.027596473693847656,0.90625,1,2
9,1334,0.04981166124343872,0.04981166124343872,0.796875,1,2
9,1335,0.07726764678955078,0.07726764678955078,0.765625,2,4
9,1336,0.06229805247858168,0.10961031913757324,0.52734375,2,1
9,1337,0.009144783020019531,0.009144783020019531,0.921875,1,2
9,1338,0.0031761527061462402,0.0031761527061462402,0.96484375,1,1
9,1339,0.028026282787322998,0.028026282787322998,0.8828125,1,2
9,1340,0.055703699588775635,0.055703699588775635,0.80078125,2,2
9,1341,0.003117859363555908,0.003117859363555908,0.95703125,1,2
9,1342,0.0411609411239624,0.0411609411239624,0.86328125,2,4
9,1343,0.06871687644161285,0.06885135173797607,0.69921875,1,1
9,1344,0.006671249866485596,0.006671249866485596,0.953125,1,1
9,1345,0.0331379771232605,0.0331379771232605,0.87890625,1,2
9,1346,0.02393883466720581,0.02393883466720581,0.89453125,1,2
9,1347,0.052875429391860976,0.19906044006347656,0.40625,1,1
9,1348,0.002035796642303467,0.002035796642303467,0.97265625,2,1
9,1349,0.07913053035736084,0.07913053035736084,0.703125,1,2
9,1350,0.027523040771484375,0.027523040771484375,0.88671875,1,1
9,1351,0.07807433279231192,0.07900011539459229,0.6953125,1,2
9,1352,0.02711397409439087,0.02711397409439087,0.8359375,2,2
9,1353,0.042823076248168945,0.042823076248168945,0.8359375,2,4
9,1354,0.04614144563674927,0.04614144563674927,0.8125,2,3
9,1355,0.043193697929382324,0.043193697929382324,0.828125,1,2
9,1356,1.0728836059570312e-06,1.0728836059570312e-06,1.0,3,2
9,1357,0.08826576708815993,0.11269843578338623,0.61328125,1,2
9,1358,0.06291168928146362,0.06291168928146362,0.7265625,1,1
9,1359,0.052596330642700195,0.052596330642700195,0.828125,2,4
9,1360,0.05796003341674805,0.05796003341674805,0.796875,1,3
9,1361,0.04700368642807007,0.04700368642807007,0.7734375,1,1
9,1362,0.020965874195098877,0.020965874195098877,0.90625,1,1
9,1363,0.07802504301071167,0.07802504301071167,0.80078125,1,2
9,1364,0.0023978352546691895,0.0023978352546691895,0.97265625,1,1
9,1365,0.07372438907623291,0.07372438907623291,0.7578125,1,2
9,1366,0.05956394830718638,0.10852932929992676,0.51953125,2,2
9,1367,0.03494083881378174,0.03494083881378174,0.84765625,1,3
9,1368,0.06008470058441162,0.06008470058441162,0.80078125,1,3
9,1369,0.03954046964645386,0.03954046964645386,0.84375,1,2
9,1370,0.025357842445373535,0.025357842445373535,0.890625,2,3
9,1371,0.03771090507507324,0.03771090507507324,0.859375,2,2
9,1372,0.0850953459739685,0.0850953459739685,0.73046875,1,3
9,1373,0.0402408242225647,0.0402408242225647,0.83203125,2,3
9,1374,0.04894375801086426,0.04894375801086426,0.7890625,1,2
9,1375,0.0029823780059814453,0.0029823780059814453,0.96484375,1,1
9,1376,0.002444624900817871,0.002444624900817871,0.97265625,1,2
9,1377,0.012735247611999512,0.012735247611999512,0.93359375,1,2
9,1378,0.026033401489257812,0.026033401489257812,0.91015625,2,3
9,1379,0.0040628910064697266,0.0040628910064697266,0.94921875,2,4
9,1380,0.008013546466827393,0.008013546466827393,0.9375,1,1
9,1381,0.008828699588775635,0.008828699588775635,0.921875,1,1
9,1382,0.0010985732078552246,0.0010985732078552246,0.96875,1,3
9,1383,0.07022285135462882,0.07633566856384277,0.66796875,1,2
9,1384,0.050821542739868164,0.050821542739868164,0.85546875,1,2
9,1385,0.07357382774353027,0.07357382774353027,0.78125,1,1
9,1386,0.011293172836303711,0.011293172836303711,0.93359375,1,1
9,1387,0.06191200017929077,0.06191200017929077,0.73046875,1,1
9,1133,0.11747082672081889,0.11886376142501831,0.6953125,1,2
9,1307,0.0912172794342041,0.0912172794342041,0.75,1,2
9,1388,0.05351519584655762,0.05351519584655762,0.86328125,2,3
9,1389,0.0538613289827481,0.11442738771438599,0.48828125,2,2
9,1390,0.018042385578155518,0.018042385578155518,0.89453125,1,2
9,1391,0.03937000036239624,0.03937000036239624,0.86328125,1,2
9,1392,0.08935044344980271,0.0913122296333313,0.69140625,2,3
9,1393,0.009939968585968018,0.009939968585968018,0.93359375,2,3
9,1394,0.02300083637237549,0.02300083637237549,0.875,1,2
9,1395,0.05623507499694824,0.05623507499694824,0.7890625,1,2
9,1396,0.11600440414622427,0.14998549222946167,0.609375,1,3
9,1397,0.03509259782731534,0.22181987762451172,0.36328125,2,4
9,1398,0.09148558834567667,0.19847720861434937,0.484375,1,2
9,1399,0.0973396897315979,0.0973396897315979,0.73046875,1,1
9,1400,0.0803748369216919,0.0803748369216919,0.76953125,1,3
9,1401,0.002713918685913086,0.002713918685913086,0.96484375,1,0
9,1402,0.0884778506588191,0.17356574535369873,0.50390625,1,1
9,1403,0.024774551391601562,0.024774551391601562,0.87109375,1,1
9,1404,0.03535646200180054,0.03535646200180054,0.8828125,1,2
9,1405,0.01652437448501587,0.01652437448501587,0.88671875,1,2
9,1406,0.006152033805847168,0.006152033805847168,0.9375,1,1
9,1407,0.00961226224899292,0.00961226224899292,0.91796875,1,3
9,1408,0.001305699348449707,0.001305699348449707,0.98046875,1,0
9,1409,0.04138723539654166,0.1403328776359558,0.41796875,2,3
9,1410,0.019945204257965088,0.019945204257965088,0.9140625,2,4
9,1411,0.09462416172027588,0.09462416172027588,0.71484375,2,3
9,1412,0.03990304470062256,0.03990304470062256,0.82421875,1,2
9,1413,0.10023098252713682,0.18593573570251465,0.515625,1,2
9,1414,0.038432419300079346,0.038432419300079346,0.7734375,1,0
9,1415,0.08710245939437301,0.14816099405288696,0.53515625,1,2
9,1416,0.016564548015594482,0.016564548015594482,0.93359375,1,2
9,1417,0.005330860614776611,0.005330860614776611,0.9609375,3,4
9,1418,0.020398437976837158,0.020398437976837158,0.890625,1,1
9,1419,0.02934509515762329,0.02934509515762329,0.8359375,1,1
9,1420,0.041590094566345215,0.041590094566345215,0.83203125,1,1
9,1421,0.03427773714065552,0.03427773714065552,0.8828125,2,2
9,1422,0.012808680534362793,0.012808680534362793,0.88671875,1,2
9,1423,0.0045479536056518555,0.0045479536056518555,0.95703125,1,1
9,1424,0.04460310935974121,0.04460310935974121,0.87890625,1,1
9,1425,0.047274112701416016,0.047274112701416016,0.78125,1,2
9,1426,0.009119689464569092,0.009119689464569092,0.9296875,1,3
9,1427,0.00569838285446167,0.00569838285446167,0.9375,1,3
9,1428,0.010152459144592285,0.010152459144592285,0.91015625,2,3
9,1429,0.03547203540802002,0.03547203540802002,0.84765625,1,2
9,1430,0.013089239597320557,0.013089239597320557,0.93359375,2,3
9,1431,0.06874053401406856,0.1842678189277649,0.44921875,1,2
9,1432,0.015465199947357178,0.015465199947357178,0.89453125,1,0
9,1433,0.05384618043899536,0.05384618043899536,0.75390625,1,2
9,1434,0.07798377354629339,0.1986452341079712,0.45703125,1,2
9,1435,0.03378951549530029,0.03378951549530029,0.83984375,1,2
9,1436,0.07028579711914062,0.07028579711914062,0.81640625,1,2
9,1437,0.03211522102355957,0.03211522102355957,0.8125,1,0
9,1438,0.07358731096610428,0.15964704751968384,0.484375,1,2
9,1439,0.027051210403442383,0.027051210403442383,0.8828125,2,3
9,1440,0.05403489852324129,0.11246287822723389,0.4921875,1,1
9,1441,0.11338258907198907,0.15039348602294922,0.6015625,1,3
9,1442,0.04911582730710508,0.21678709983825684,0.390625,1,2
9,1443,0.05722437752410771,0.18781334161758423,0.421875,1,2
9,1444,0.058272480964660645,0.058272480964660645,0.79296875,2,2
9,1445,0.006504178047180176,0.006504178047180176,0.95703125,2,3
9,1446,0.018832743167877197,0.018832743167877197,0.87109375,1,2
9,1447,0.07484998926520349,0.16238641738891602,0.484375,1,2
9,1448,0.009134471416473389,0.009134471416473389,0.93359375,2,3
9,1449,0.05164694786071777,0.05164694786071777,0.796875,1,1
9,1450,0.030028164386749268,0.030028164386749268,0.8671875,1,3
9,1451,0.003271818161010742,0.003271818161010742,0.97265625,2,2
9,1452,0.014418184757232666,0.014418184757232666,0.9140625,2,3
9,1453,0.0956923996564001,0.12218081951141357,0.61328125,1,2
9,1454,0.0090484619140625,0.0090484619140625,0.9375,2,3
9,1455,0.10125070810317993,0.10125070810317993,0.7265625,1,2
9,1456,0.034642696380615234,0.034642696380615234,0.8671875,1,3
9,1457,0.02130943536758423,0.02130943536758423,0.875,1,0
9,1458,0.05423635244369507,0.05423635244369507,0.85546875,1,1
9,1459,0.009852945804595947,0.009852945804595947,0.9296875,2,3
9,1460,0.013975858688354492,0.013975858688354492,0.92578125,1,2
9,1461,0.05223691463470459,0.05223691463470459,0.7578125,1,2
9,1462,0.036956133320927634,0.2200179100036621,0.3671875,1,2
9,1463,0.032766919583082206,0.22074556350708008,0.359375,1,2
9,1464,0.0557289719581604,0.0557289719581604,0.859375,2,3
10,1357,0.07905966404359789,0.10352569818496704,0.60546875,1,2
10,1372,0.07453423738479614,0.07453423738479614,0.7734375,1,3
10,1465,0.0025145411491394043,0.0025145411491394043,0.96875,1,1
10,1466,0.04258531332015991,0.04258531332015991,0.8203125,1,3
10,1467,0.0014122724533081055,0.0014122724533081055,0.9765625,2,0
10,1468,0.03703784942626953,0.03703784942626953,0.81640625,1,1
10,1469,0.05033671855926514,0.05033671855926514,0.75,1,2
10,1470,0.04447108507156372,0.04447108507156372,0.7890625,2,2
10,1471,0.07101798057556152,0.07101798057556152,0.765625,1,2
10,1472,0.014315903186798096,0.014315903186798096,0.92578125,1,2
10,1473,0.053803443908691406,0.053803443908691406,0.76171875,2,3
10,1474,0.04531705379486084,0.04531705379486084,0.78515625,1,0
10,1475,0.07150596380233765,0.07150596380233765,0.79296875,1,3
10,1476,0.03578329086303711,0.03578329086303711,0.83984375,2,5
10,1477,0.05378144979476929,0.05378144979476929,0.796875,1,3
10,1478,0.044066548347473145,0.044066548347473145,0.7890625,1,0
10,1479,0.057921365834772594,0.06363892555236816,0.6640625,1,2
10,1480,0.05997788161039354,0.10035514831542969,0.5390625,1,2
10,1481,0.038860201835632324,0.038860201835632324,0.80859375,1,2
10,1482,0.06151452567428351,0.0775749683380127,0.6171875,2,1
10,1483,0.050567030906677246,0.050567030906677246,0.74609375,1,2
10,1484,0.02758324146270752,0.02758324146270752,0.8828125,1,1
10,1485,0.05492281913757324,0.05492281913757324,0.796875,1,2
10,1486,0.028116941452026367,0.028116941452026367,0.88671875,1,3
10,1487,0.02144598960876465,0.02144598960876465,0.91015625,2,2
10,1488,0.014523983001708984,0.014523983001708984,0.93359375,1,2
10,1489,0.05449986457824707,0.05449986457824707,0.7578125,1,1
10,1490,0.03569298982620239,0.03569298982620239,0.85546875,2,3
10,1491,0.05016040802001953,0.05016040802001953,0.79296875,1,1
10,1492,0.05532383918762207,0.05532383918762207,0.7734375,2,3
10,1493,0.03128546476364136,0.03128546476364136,0.86328125,2,3
10,1494,0.06414524093270303,0.06621444225311279,0.6875,1,3
10,1495,0.021594882011413574,0.021594882011413574,0.921875,2,3
10,1496,0.05571278498973698,0.06324821710586548,0.65234375,1,2
10,1497,0.04953587055206299,0.04953587055206299,0.80078125,1,1
10,1498,0.06438958644866943,0.06438958644866943,0.78125,1,1
10,1499,0.05478560924530029,0.05478560924530029,0.7890625,1,2
10,1500,0.05074024200439453,0.05074024200439453,0.80078125,2,1
10,1501,0.022164463996887207,0.022164463996887207,0.8984375,1,2
10,1502,0.03969156742095947,0.03969156742095947,0.8125,1,2
10,1503,0.040632009506225586,0.040632009506225586,0.8125,1,2
10,1504,0.05660289525985718,0.05660289525985718,0.76953125,1,2
10,1505,0.04155391454696655,0.04155391454696655,0.82421875,1,2
10,1506,0.00427091121673584,0.00427091121673584,0.96875,1,2
10,1507,0.04014021158218384,0.04014021158218384,0.78515625,2,3
10,1508,0.0328754186630249,0.0328754186630249,0.8203125,2,2
10,1509,0.05394458770751953,0.05394458770751953,0.73828125,1,2
10,1510,0.06390487868338825,0.09321737289428711,0.57421875,1,1
10,1511,0.0018929243087768555,0.0018929243087768555,0.97265625,1,1
10,1512,0.05620694160461426,0.05620694160461426,0.8125,1,2
10,1513,0.05455505847930908,0.05455505847930908,0.7734375,1,1
10,1514,0.0671739522367716,0.1023603081703186,0.5625,1,2
10,1515,0.0623931884765625,0.0623931884765625,0.72265625,1,2
10,1516,0.05848902463912964,0.05848902463912964,0.8203125,1,1
10,1517,0.05596345663070679,0.05596345663070679,0.80078125,2,3
10,1518,0.006976306438446045,0.006976306438446045,0.94921875,2,2
10,1519,0.06237420719116927,0.06709158420562744,0.671875,1,2
10,1520,0.01716822385787964,0.01716822385787964,0.9296875,2,4
10,1521,0.04465949535369873,0.04465949535369873,0.84375,1,2
10,1522,0.03154253959655762,0.03154253959655762,0.8984375,1,2
10,1523,0.015361547470092773,0.015361547470092773,0.93359375,1,2
10,1524,0.028137385845184326,0.028137385845184326,0.87890625,2,3
10,1525,0.01952683925628662,0.01952683925628662,0.9140625,1,3
10,1526,0.05582606792449951,0.05582606792449951,0.79296875,1,3
10,1527,0.04569518566131592,0.04569518566131592,0.7890625,1,3
10,1528,0.0023956894874572754,0.0023956894874572754,0.96875,2,4
10,1529,0.06339845387265088,0.06415021419525146,0.6953125,3,5
10,1530,0.048731863498687744,0.048731863498687744,0.79296875,1,3
10,1531,0.009515166282653809,0.009515166282653809,0.953125,2,4
10,1532,0.05042314529418945,0.05042314529418945,0.84765625,1,2
10,1533,0.023726820945739746,0.023726820945739746,0.91015625,2,3
10,1265,0.1120117148384452,0.1610954999923706,0.578125,1,2
10,1133,0.11204363638535143,0.12310373783111572,0.6640625,1,2
10,1534,0.08614970615599306,0.13325875997543335,0.55859375,1,3
10,1535,0.060211896896362305,0.060211896896362305,0.8359375,1,1
10,1536,0.01617264747619629,0.01617264747619629,0.9375,1,2
10,1537,0.07782339421100916,0.16197389364242554,0.4921875,1,2
10,1538,0.05564385652542114,0.05564385652542114,0.7265625,1,0
10,1539,0.007766366004943848,0.007766366004943848,0.94921875,1,0
10,1540,0.0032152533531188965,0.0032152533531188965,0.96875,1,0
10,1541,0.05667903018184007,0.06033194065093994,0.67578125,2,3
10,1542,0.08975493907928467,0.08975493907928467,0.7734375,1,3
10,1543,0.061782829230651266,0.1747668981552124,0.44140625,1,1
10,1544,0.01743561029434204,0.01743561029434204,0.91015625,2,2
10,1545,0.0535748526453972,0.23646831512451172,0.390625,1,1
10,1546,0.018788695335388184,0.018788695335388184,0.8984375,2,4
10,1547,0.005917847156524658,0.005917847156524658,0.96484375,1,3
10,1548,0.027408055495470773,0.23004794120788574,0.34765625,1,2
10,1549,0.04815040016546847,0.21252590417861938,0.390625,1,3
10,1550,0.09852637536823751,0.1547408103942871,0.5546875,1,3
10,1551,0.08589482307434082,0.08589482307434082,0.73046875,1,3
10,1552,0.03241807222366333,0.03241807222366333,0.87890625,1,1
10,1553,0.08012019004672767,0.10627341270446777,0.6015625,1,3
10,1554,0.10643038479611279,0.132584810256958,0.62109375,1,3
10,1555,0.0012909173965454102,0.0012909173965454102,0.9765625,1,2
10,1556,0.10210582241415979,0.17661547660827637,0.53125,1,2
10,1557,0.07404980529099704,0.1280861496925354,0.53125,2,3
10,1558,0.022109568119049072,0.022109568119049072,0.9140625,1,4
10,1559,0.1075085997581482,0.1075085997581482,0.703125,1,3
10,1560,0.014632761478424072,0.014632761478424072,0.94140625,1,1
10,1561,0.05520738638006152,0.22433477640151978,0.3984375,1,2
10,1562,0.006928384304046631,0.006928384304046631,0.953125,2,3
10,1563,0.03834253549575806,0.03834253549575806,0.90234375,2,4
10,1564,0.09042012691497804,0.13778305053710938,0.5625,1,2
10,1565,0.12378430366516113,0.12378430366516113,0.703125,1,3
10,1566,0.10243768198415638,0.17139899730682373,0.5390625,1,2
10,1567,0.0031746625900268555,0.0031746625900268555,0.96875,1,1
10,1568,0.005507230758666992,0.005507230758666992,0.95703125,1,0
10,1569,0.054586946964263916,0.054586946964263916,0.8515625,1,3
10,1570,0.08648079633712769,0.08648079633712769,0.75390625,2,3
10,1571,0.102333159185946,0.1514294147491455,0.5703125,1,2
10,1572,0.11774789169430734,0.12665319442749023,0.671875,1,3
10,1573,0.11519360239617528,0.11541903018951416,0.69921875,1,3
10,1574,0.007767736911773682,0.007767736911773682,0.94921875,2,4
10,1575,0.070413775742054,0.10729718208312988,0.5625,2,3
10,1576,0.12649472616612914,0.14202916622161865,0.65625,2,3
10,1577,0.05259639024734497,0.05259639024734497,0.83203125,1,1
10,1578,0.012480497360229492,0.012480497360229492,0.91796875,1,1
10,1579,0.10855333250947298,0.12461727857589722,0.6484375,1,1
10,1580,0.008013010025024414,0.008013010025024414,0.94140625,1,4
10,1581,0.06875328917521985,0.16683262586593628,0.46484375,1,1
10,1582,0.04915416240692139,0.04915416240692139,0.76171875,1,0
10,1583,0.0507056317292154,0.20604193210601807,0.3984375,1,3
10,1584,0.04492396116256714,0.04492396116256714,0.8125,1,2
10,1585,0.0702199935913086,0.0702199935913086,0.83203125,1,2
10,1586,0.11394448927603663,0.17108380794525146,0.56640625,1,2
10,1587,0.08827536297030748,0.1155933141708374,0.60546875,1,1
10,1588,0.007627606391906738,0.007627606391906738,0.94921875,1,2
10,1589,0.008497774600982666,0.008497774600982666,0.9453125,1,2
10,1590,0.02181410789489746,0.02181410789489746,0.8828125,2,2
10,1591,0.025863051414489746,0.025863051414489746,0.890625,1,1
10,1592,0.04048997163772583,0.04048997163772583,0.83984375,1,2
10,1593,0.08128046989440918,0.08128046989440918,0.7734375,1,2
10,1594,0.008530616760253906,0.008530616760253906,0.94140625,1,0
10,1595,0.11171720968559386,0.14088475704193115,0.6171875,1,2
10,1596,0.060594379901885986,0.060594379901885986,0.796875,2,3
10,1597,0.07040891144424678,0.2310856580734253,0.421875,2,4
10,1598,0.09343421459197998,0.09343421459197998,0.76171875,1,2
10,1599,0.11918746982701124,0.12060075998306274,0.6953125,1,2
10,1600,0.10907437698915602,0.1280873417854309,0.640625,1,2
10,1601,0.04659551382064819,0.04659551382064819,0.8046875,1,2
10,1602,0.0358729362487793,0.0358729362487793,0.86328125,1,3
10,1603,0.06077533960342407,0.06077533960342407,0.7890625,1,2
10,1604,0.03637838363647461,0.03637838363647461,0.87109375,1,1
10,1605,0.11627659131772818,0.1466345191001892,0.6171875,1,2
10,1606,0.02139425277709961,0.02139425277709961,0.92578125,1,1
10,1607,0.03543698787689209,0.03543698787689209,0.87109375,1,1
10,1608,0.09709554491564633,0.10335326194763184,0.67578125,1,1
10,1609,0.07272446155548096,0.07272446155548096,0.7734375,1,1
10,1610,0.05384172778576614,0.1955103874206543,0.41015625,1,2
11,1608,0.09109273727517576,0.10117024183273315,0.66015625,1,1
11,1598,0.10005778074264526,0.10005778074264526,0.7578125,1,2
11,1611,0.011274516582489014,0.011274516582489014,0.91796875,1,2
11,1612,0.054192423820495605,0.054192423820495605,0.76171875,1,3
11,1613,0.0017759203910827637,0.0017759203910827637,0.98046875,1,0
11,1614,0.05221402645111084,0.05221402645111084,0.8046875,1,1
11,1615,0.05168867111206055,0.05168867111206055,0.80859375,1,2
11,1616,0.04689180850982666,0.04689180850982666,0.75390625,1,0
11,1617,0.03632044792175293,0.03632044792175293,0.82421875,2,3
11,1618,0.026605427265167236,0.026605427265167236,0.9140625,1,2
11,1619,0.06271600723266602,0.06271600723266602,0.79296875,1,2
11,1620,0.07112956047058105,0.07112956047058105,0.75390625,1,3
11,1621,0.009511351585388184,0.009511351585388184,0.93359375,1,1
11,1622,0.07850140333175659,0.07850140333175659,0.70703125,1,2
11,1623,0.0032339096069335938,0.0032339096069335938,0.95703125,1,0
11,1624,0.059101402759552,0.059101402759552,0.7421875,1,1
11,1625,0.06649505300447346,0.06933903694152832,0.68359375,1,2
11,1626,0.047125041484832764,0.047125041484832764,0.8203125,1,1
11,1627,0.07208637951407583,0.07516950368881226,0.68359375,2,3
11,1628,0.04522901773452759,0.04522901773452759,0.76953125,1,1
11,1629,0.040410757064819336,0.040410757064819336,0.78515625,1,0
11,1630,0.06606018729507925,0.06684350967407227,0.6953125,1,2
11,1631,0.035997867584228516,0.035997867584228516,0.86328125,1,1
11,1632,0.05737213895190508,0.08874481916427612,0.55859375,1,2
11,1633,0.0079537034034729,0.0079537034034729,0.96875,1,3
11,1634,0.0946817398071289,0.0946817398071289,0.73828125,1,2
11,1635,0.009555935859680176,0.009555935859680176,0.91015625,2,3
11,1636,0.05555546283721924,0.05555546283721924,0.7578125,1,2
11,1637,0.04711490869522095,0.04711490869522095,0.75390625,1,0
11,1638,0.008181214332580566,0.008181214332580566,0.94140625,2,2
11,1639,0.04559046030044556,0.04559046030044556,0.828125,1,2
11,1640,0.03721219301223755,0.03721219301223755,0.8671875,1,2
11,1641,0.08133387565612793,0.08133387565612793,0.703125,1,1
11,1642,0.052568793296813965,0.052568793296813965,0.7734375,1,2
11,1643,0.011641204357147217,0.011641204357147217,0.91796875,1,1
11,1644,0.06094789621420205,0.07076036930084229,0.64453125,1,2
11,1645,0.06592381000518799,0.06592381000518799,0.72265625,1,1
11,1646,0.056574881076812744,0.056574881076812744,0.7734375,2,3
11,1647,0.018922090530395508,0.018922090530395508,0.8984375,1,1
11,1648,0.06502461433410645,0.06502461433410645,0.73046875,2,3
11,1649,0.0016491413116455078,0.0016491413116455078,0.9765625,2,4
11,1650,0.04646807909011841,0.04646807909011841,0.8125,1,2
11,1651,0.06803917197976263,0.07242423295974731,0.67578125,1,3
11,1652,0.03201168775558472,0.03201168775558472,0.8203125,1,0
11,1653,0.07069766521453857,0.07069766521453857,0.71875,3,5
11,1654,0.06829094886779785,0.06829094886779785,0.7578125,1,3
11,1655,0.03644979000091553,0.03644979000091553,0.88671875,1,1
11,1656,0.042282938957214355,0.042282938957214355,0.8046875,1,2
11,1657,0.0304032564163208,0.0304032564163208,0.875,1,1
11,1658,0.0020171403884887695,0.0020171403884887695,0.98046875,1,1
11,1659,0.045230746269226074,0.045230746269226074,0.8671875,1,1
11,1660,0.032896220684051514,0.032896220684051514,0.84375,2,4
11,1661,0.021557509899139404,0.021557509899139404,0.9140625,1,2
11,1662,0.08366925059817733,0.09605079889297485,0.6484375,1,2
11,1663,0.0015201568603515625,0.0015201568603515625,0.98046875,1,0
11,1664,0.038095057010650635,0.038095057010650635,0.8125,1,2
11,1665,0.059428969398140914,0.06392359733581543,0.671875,2,4
11,1666,0.05094099044799805,0.05094099044799805,0.8515625,1,1
11,1667,0.041561245918273926,0.041561245918273926,0.828125,1,1
11,1668,0.02106708288192749,0.02106708288192749,0.83984375,1,2
11,1669,0.0581204891204834,0.0581204891204834,0.7734375,2,3
11,1670,0.03331172466278076,0.03331172466278076,0.83984375,1,2
11,1671,0.021680355072021484,0.021680355072021484,0.89453125,1,1
11,1672,0.009507060050964355,0.009507060050964355,0.93359375,4,5
11,1673,0.056422531604766846,0.056422531604766846,0.78125,2,3
11,1576,0.12048013682942839,0.1500871777534485,0.62109375,2,3
11,1565,0.11879705311730505,0.13052380084991455,0.6640625,1,3
11,1674,0.08452076464891435,0.1414203643798828,0.5390625,2,3
11,1675,0.10189174581319095,0.1284940242767334,0.6171875,1,2
11,1676,0.009284377098083496,0.009284377098083496,0.9140625,1,1
11,1677,0.02565699815750122,0.02565699815750122,0.90625,1,2
11,1678,0.022802770137786865,0.022802770137786865,0.91015625,1,1
11,1679,0.029601732501760132,0.22963768243789673,0.3515625,1,2
11,1680,0.021822946378961216,0.2428988814353943,0.3359375,1,2
11,1681,0.005860030651092529,0.005860030651092529,0.94140625,1,3
11,1682,0.08482992555946113,0.18403780460357666,0.484375,1,3
11,1683,0.09232461452484131,0.09232461452484131,0.73828125,1,1
11,1684,0.06814813613891602,0.06814813613891602,0.7578125,1,2
11,1685,0.027193725109100342,0.027193725109100342,0.91796875,1,2
11,1686,0.03243905305862427,0.03243905305862427,0.8984375,1,2
11,1687,0.09445367509033532,0.13777858018875122,0.57421875,1,1
11,1688,0.0008400678634643555,0.0008400678634643555,0.98828125,2,2
11,1689,0.11640417575836183,0.1432666778564453,0.625,1,2
11,1690,0.02734428644180298,0.02734428644180298,0.91015625,1,2
11,1691,0.0035897493362426758,0.0035897493362426758,0.953125,2,3
11,1692,0.004949450492858887,0.004949450492858887,0.9453125,1,1
11,1693,0.0064133405685424805,0.0064133405685424805,0.953125,2,2
11,1694,0.0407179594039917,0.0407179594039917,0.82421875,1,2
11,1695,0.006429731845855713,0.006429731845855713,0.93359375,2,3
11,1696,0.11606651591137053,0.14115452766418457,0.62890625,1,2
11,1697,0.0665301224216819,0.18819570541381836,0.44140625,1,2
11,1698,0.08022689819335938,0.08022689819335938,0.7890625,2,3
11,1699,0.09438350866548718,0.10835057497024536,0.6484375,2,3
11,1700,0.014212548732757568,0.014212548732757568,0.921875,1,0
11,1701,0.047138333320617676,0.047138333320617676,0.75390625,2,5
11,1702,0.07474330184049906,0.15556329488754272,0.4921875,1,2
11,1703,0.010967254638671875,0.010967254638671875,0.92578125,1,3
11,1704,0.008964240550994873,0.008964240550994873,0.94140625,1,3
11,1705,0.0154685378074646,0.0154685378074646,0.88671875,1,2
11,1706,0.08930384553968908,0.1544715166091919,0.53125,2,4
11,1707,0.04279971122741699,0.04279971122741699,0.828125,1,2
11,1708,0.00935131311416626,0.00935131311416626,0.93359375,1,2
11,1709,0.01623404026031494,0.01623404026031494,0.88671875,1,2
11,1710,0.09658300876617432,0.09658300876617432,0.734375,1,2
11,1711,0.0786738395690918,0.0786738395690918,0.7421875,2,3
11,1712,0.0331040620803833,0.0331040620803833,0.9140625,1,1
11,1713,0.08056973665952684,0.08666324615478516,0.671875,2,3
11,1714,0.07601982355117798,0.07601982355117798,0.796875,1,3
11,1715,0.08899784926325084,0.17458581924438477,0.50390625,1,2
11,1716,0.022589564323425293,0.022589564323425293,0.8828125,2,3
11,1717,0.10682443133555354,0.14355409145355225,0.59765625,2,3
11,1718,0.08937765378504993,0.16285181045532227,0.51953125,1,2
11,1719,0.04389750957489014,0.04389750957489014,0.828125,3,4
11,1720,0.004088878631591797,0.004088878631591797,0.96484375,1,3
11,1721,0.09150918759405614,0.16975617408752441,0.515625,1,2
11,1722,0.11910809797700496,0.12678450345993042,0.67578125,1,2
11,1723,0.12041930854320528,0.1482083797454834,0.625,1,2
11,1724,0.0020647048950195312,0.0020647048950195312,0.984375,2,2
11,1725,0.0021864771842956543,0.0021864771842956543,0.9765625,2,2
11,1726,0.015520930290222168,0.015520930290222168,0.91796875,2,4
11,1727,0.009237527847290039,0.009237527847290039,0.95703125,2,3
11,1728,0.10210981545969845,0.1320207715034485,0.609375,1,1
11,1729,0.04809975624084473,0.04809975624084473,0.81640625,2,3
11,1730,0.05414438247680664,0.05414438247680664,0.80859375,1,2
11,1731,0.038392722606658936,0.038392722606658936,0.8359375,2,3
11,1732,0.06653577089309692,0.06653577089309692,0.703125,1,2
11,1733,0.10691148974001409,0.14558160305023193,0.59375,1,2
11,1734,0.0019915103912353516,0.0019915103912353516,0.9921875,2,2
11,1735,0.007021903991699219,0.007021903991699219,0.94140625,2,5
11,1736,0.06271636486053467,0.06271636486053467,0.75390625,1,1
11,1737,0.026067256927490234,0.026067256927490234,0.84375,1,1
11,1738,0.07621967792510986,0.07621967792510986,0.7109375,2,2
11,1739,0.02647213509771974,0.22219234704971313,0.34765625,2,2
11,1740,0.11484127258881928,0.11736273765563965,0.69140625,2,4
11,1741,0.08517813531216235,0.16709274053573608,0.50390625,1,2
11,1742,0.0015636086463928223,0.0015636086463928223,0.9921875,2,2
11,1743,0.05184966325759888,0.05184966325759888,0.8125,2,4
11,1744,0.02387506887316705,0.2396869659423828,0.33984375,1,2
11,1745,0.06606006622314453,0.06606006622314453,0.7734375,1,2
11,1746,0.009881079196929932,0.009881079196929932,0.92578125,2,3
11,1747,0.003116011619567871,0.003116011619567871,0.9609375,1,1
11,1748,0.06037790386471898,0.0933942198753357,0.55859375,1,1
11,1749,0.0,0.28846192359924316,0.27734375,2,3
11,1750,0.1215143781155348,0.1394963264465332,0.6484375,1,2
11,1751,0.11126029083970936,0.11843091249465942,0.67578125,1,3
11,1752,0.046984076499938965,0.046984076499938965,0.875,1,1
11,1753,0.07101955544203521,0.16834264993667603,0.46875,2,3
11,1754,0.08326465636491777,0.08595061302185059,0.6875,2,2
11,1755,0.01384824514389038,0.01384824514389038,0.94921875,1,2
11,1756,0.09325355384498836,0.19408869743347168,0.4921875,1,3
12,1576,0.12355012970510872,0.1502557396888733,0.62890625,2,3
12,1722,0.11805793689563872,0.12437379360198975,0.6796875,1,2
12,1757,0.009970426559448242,0.009970426559448242,0.9296875,2,3
12,1758,0.07152152061462402,0.07152152061462402,0.75390625,1,2
12,1759,0.013780176639556885,0.013780176639556885,0.91015625,1,1
12,1760,0.008729994297027588,0.008729994297027588,0.92578125,1,1
12,1761,0.007806539535522461,0.007806539535522461,0.94921875,2,2
12,1762,0.01830768585205078,0.01830768585205078,0.921875,1,1
12,1763,0.04925687704235317,0.2272028923034668,0.38671875,1,3
12,1764,0.07652521133422852,0.07652521133422852,0.75390625,2,3
12,1765,0.006546914577484131,0.006546914577484131,0.95703125,1,3
12,1766,0.08209502696990967,0.08209502696990967,0.7734375,1,2
12,1767,0.11225997388828547,0.1170613169670105,0.68359375,1,2
12,1768,0.013721346855163574,0.013721346855163574,0.90625,1,1
12,1769,0.0,0.2383529543876648,0.27734375,1,2
12,1770,0.08597153425216675,0.08597153425216675,0.7421875,1,1
12,1771,0.05284302029758693,0.19893842935562134,0.40625,1,2
12,1772,0.10041087248828263,0.16015690565109253,0.55078125,1,2
12,1773,0.00968325138092041,0.00968325138092041,0.93359375,2,3
12,1774,0.047962272539734854,0.19489431381225586,0.3984375,2,2
12,1775,0.09555160033050926,0.09573858976364136,0.69921875,1,1
12,1776,0.03136688470840454,0.03136688470840454,0.87890625,2,3
12,1777,0.07262581586837769,0.07262581586837769,0.80078125,1,3
12,1778,0.07005873310845347,0.18780142068862915,0.44921875,2,5
12,1779,0.10301431012339891,0.18124854564666748,0.52734375,1,2
12,1780,0.07380974153056742,0.1672149896621704,0.4765625,1,3
12,1781,0.1028901217505336,0.13826704025268555,0.59765625,2,5
12,1782,0.006327986717224121,0.006327986717224121,0.94921875,1,1
12,1783,0.04101669788360596,0.04101669788360596,0.76953125,2,2
12,1784,0.061900198459625244,0.061900198459625244,0.82421875,1,3
12,1785,0.08254165761172773,0.153120756149292,0.515625,1,1
12,1786,0.02205061912536621,0.02205061912536621,0.90625,2,2
12,1787,0.05552995111793281,0.20905393362045288,0.40625,1,3
12,1788,0.0030272603034973145,0.0030272603034973145,0.95703125,1,2
12,1789,0.03489925246685744,0.2205977439880371,0.36328125,1,2
12,1790,0.004432499408721924,0.004432499408721924,0.9453125,1,0
12,1791,0.009858429431915283,0.009858429431915283,0.92578125,1,0
12,1792,0.11068606376647949,0.11068606376647949,0.70703125,1,2
12,1793,0.010332703590393066,0.010332703590393066,0.921875,1,1
12,1794,0.09885507309809329,0.14217358827590942,0.578125,3,5
12,1795,3.0279159545898438e-05,3.0279159545898438e-05,0.99609375,2,2
12,1796,0.06260532140731812,0.06260532140731812,0.7890625,2,4
12,1797,0.12058531667571516,0.12574273347854614,0.68359375,1,2
12,1798,0.1120452880859375,0.1120452880859375,0.72265625,1,3
12,1799,0.10470529808662833,0.12438309192657471,0.63671875,2,4
12,1800,0.06950538943056019,0.16102606058120728,0.47265625,2,2
12,1801,0.11037508759181949,0.18774765729904175,0.53515625,1,4
12,1802,0.018552541732788086,0.018552541732788086,0.8984375,1,3
12,1803,0.0,0.2639516592025757,0.23828125,1,2
12,1804,0.06418442726135254,0.06418442726135254,0.76171875,2,2
12,1805,0.031599581241607666,0.031599581241607666,0.8203125,2,1
12,1806,0.10047768289223315,0.12671077251434326,0.6171875,1,2
12,1807,0.11138418200425805,0.12786704301834106,0.6484375,1,3
12,1808,0.006127119064331055,0.006127119064331055,0.9375,1,3
12,1809,0.008165836334228516,0.008165836334228516,0.95703125,1,2
12,1810,0.013165056705474854,0.013165056705474854,0.91015625,1,2
12,1811,0.03989136219024658,0.03989136219024658,0.875,1,1
12,1812,0.034970223903656006,0.034970223903656006,0.87890625,1,1
12,1813,0.08452922105789185,0.08452922105789185,0.70703125,1,2
12,1814,0.04334019869565965,0.19129467010498047,0.390625,1,2
12,1815,0.006823122501373291,0.006823122501373291,0.9609375,1,3
12,1816,0.10627593123354019,0.15072929859161377,0.58203125,2,4
12,1817,0.003005385398864746,0.003005385398864746,0.96484375,1,0
12,1818,0.1041697266045958,0.11958497762680054,0.6484375,1,1
12,1819,0.07267558202147485,0.20005321502685547,0.4453125,2,2
12,1820,0.11262344196438791,0.1456141471862793,0.609375,2,3
12,1821,0.0054051876068115234,0.0054051876068115234,0.96484375,2,2
12,1822,0.006754875183105469,0.006754875183105469,0.94921875,1,1
12,1823,0.022497057914733887,0.022497057914733887,0.91015625,3,4
12,1824,0.02419745922088623,0.02419745922088623,0.875,1,1
12,1825,0.017626821994781494,0.017626821994781494,0.90234375,2,4
12,1826,0.009858429431915283,0.009858429431915283,0.92578125,2,1
12,1827,0.0633791859727353,0.1954827904701233,0.4296875,1,3
12,1828,0.060205042362213135,0.060205042362213135,0.828125,2,4
12,1829,0.042575180530548096,0.042575180530548096,0.8046875,1,2
12,1830,0.09117889404296875,0.09117889404296875,0.7578125,1,3
12,1831,0.0018489956855773926,0.0018489956855773926,0.96875,1,1
12,1832,0.0006392598152160645,0.0006392598152160645,0.98046875,3,4
12,1750,0.11871486960444601,0.13782769441604614,0.64453125,1,2
12,1723,0.1279649683274329,0.14690148830413818,0.6484375,1,2
12,1833,0.07860839366912842,0.07860839366912842,0.76171875,1,3
12,1834,0.005852997303009033,0.005852997303009033,0.94140625,1,2
12,1835,0.008043289184570312,0.008043289184570312,0.94140625,1,2
12,1836,0.027371525764465332,0.027371525764465332,0.8671875,1,1
12,1837,0.03893637657165527,0.03893637657165527,0.80078125,1,2
12,1838,0.064830482006073,0.064830482006073,0.71875,1,1
12,1839,0.0057495832443237305,0.0057495832443237305,0.94140625,2,2
12,1840,0.0026198625564575195,0.0026198625564575195,0.96484375,1,0
12,1841,0.008926808834075928,0.008926808834075928,0.92578125,1,1
12,1842,0.002125978469848633,0.002125978469848633,0.96875,1,0
12,1843,0.003541409969329834,0.003541409969329834,0.953125,1,1
12,1844,0.08437967300415039,0.08437967300415039,0.703125,1,1
12,1845,0.0015082359313964844,0.0015082359313964844,0.97265625,1,0
12,1846,0.04305839538574219,0.04305839538574219,0.8125,1,2
12,1847,0.007504940032958984,0.007504940032958984,0.94140625,1,1
12,1848,0.008197367191314697,0.008197367191314697,0.94140625,1,2
12,1849,0.07645881234202535,0.16946715116500854,0.48046875,2,3
12,1850,0.08248860994353892,0.15302234888076782,0.515625,1,1
12,1851,0.052658796310424805,0.052658796310424805,0.77734375,2,3
12,1852,0.002051830291748047,0.002051830291748047,0.96875,1,1
12,1853,0.04000377655029297,0.04000377655029297,0.796875,1,3
12,1854,0.014685869216918945,0.014685869216918945,0.88671875,1,1
12,1855,0.10108590126037598,0.10108590126037598,0.734375,1,3
12,1856,0.013985753059387207,0.013985753059387207,0.8984375,1,2
12,1857,0.06199067831039429,0.06199067831039429,0.76953125,1,3
12,1858,0.03321617841720581,0.03321617841720581,0.80859375,1,1
12,1859,0.010465025901794434,0.010465025901794434,0.9140625,1,2
12,1860,0.07012224197387695,0.07012224197387695,0.73828125,1,1
12,1861,0.04294461011886597,0.04294461011886597,0.7734375,1,0
12,1862,0.005143642425537109,0.005143642425537109,0.953125,1,2
12,1863,0.05585700273513794,0.05585700273513794,0.75390625,1,1
12,1864,0.00835031270980835,0.00835031270980835,0.92578125,1,0
12,1865,0.007886648178100586,0.007886648178100586,0.92578125,1,0
12,1866,0.00603175163269043,0.00603175163269043,0.9765625,1,2
12,1867,0.04412686824798584,0.04412686824798584,0.76953125,1,0
12,1868,0.06206619739532471,0.06206619739532471,0.703125,1,1
12,1869,0.04159504175186157,0.04159504175186157,0.8046875,2,2
12,1870,0.05104398727416992,0.05104398727416992,0.74609375,1,1
12,1871,0.018862426280975342,0.018862426280975342,0.87890625,1,0
12,1872,0.08097821474075317,0.08097821474075317,0.70703125,1,2
12,1873,0.06618691328912975,0.0743151307106018,0.65625,2,4
12,1874,0.017603516578674316,0.017603516578674316,0.90625,1,1
12,1875,0.01040184497833252,0.01040184497833252,0.921875,1,2
12,1876,0.02156698703765869,0.02156698703765869,0.8984375,2,4
12,1877,0.03409874439239502,0.03409874439239502,0.84765625,1,3
12,1878,0.020626187324523926,0.020626187324523926,0.90234375,1,1
12,1879,0.001972496509552002,0.001972496509552002,0.98046875,2,4
12,1880,0.10570768546313049,0.12135052680969238,0.6484375,1,2
12,1881,0.05658912658691406,0.05658912658691406,0.8046875,1,1
12,1882,0.01170426607131958,0.01170426607131958,0.91015625,1,2
12,1883,0.018875718116760254,0.018875718116760254,0.87890625,1,1
12,1884,0.05029284954071045,0.05029284954071045,0.7734375,1,2
12,1885,0.0,0.3177223801612854,0.109375,2,4
12,1886,0.006216645240783691,0.006216645240783691,0.94140625,1,2
12,1887,0.022036433219909668,0.022036433219909668,0.90234375,1,1
12,1888,0.060512006282806396,0.060512006282806396,0.75,1,2
12,1889,0.027322590351104736,0.027322590351104736,0.8359375,1,0
12,1890,0.01120215654373169,0.01120215654373169,0.8984375,2,3
12,1891,0.011365890502929688,0.011365890502929688,0.921875,1,1
12,1892,0.03146803379058838,0.03146803379058838,0.87890625,1,1
12,1893,0.010230958461761475,0.010230958461761475,0.921875,1,1
12,1894,0.0010417699813842773,0.0010417699813842773,0.984375,1,2
12,1895,0.058853864669799805,0.058853864669799805,0.82421875,1,1
12,1896,0.04746830463409424,0.04746830463409424,0.87109375,1,3
12,1897,0.016998350620269775,0.016998350620269775,0.90234375,1,1
12,1898,0.01557302474975586,0.01557302474975586,0.91015625,1,1
12,1899,0.012820780277252197,0.012820780277252197,0.9140625,1,1
12,1900,0.04079931974411011,0.04079931974411011,0.79296875,2,2
12,1901,0.08580237627029419,0.08580237627029419,0.7421875,1,1
12,1902,0.06282442808151245,0.06282442808151245,0.70703125,1,2
13,1576,0.12574475118890407,0.1511298418045044,0.6328125,2,3
13,1750,0.11701698333490641,0.14231044054031372,0.62890625,1,2
13,1903,0.07564789056777954,0.07564789056777954,0.79296875,1,4
13,1904,0.03850001096725464,0.03850001096725464,0.90625,2,5
13,1905,0.030062079429626465,0.030062079429626465,0.84375,1,0
13,1906,0.09394654841162266,0.09413039684295654,0.69921875,2,2
13,1907,0.0859755277633667,0.0859755277633667,0.7421875,1,2
13,1908,0.0018020868301391602,0.0018020868301391602,0.984375,2,2
13,1909,0.12230006838217379,0.1643507480621338,0.59765625,1,2
13,1910,0.06199356587603689,0.18561816215515137,0.43359375,1,3
13,1911,0.03571385145187378,0.03571385145187378,0.84375,1,1
13,1912,0.08607652341015638,0.10225331783294678,0.63671875,3,5
13,1913,0.11118977610021831,0.1455988883972168,0.60546875,1,2
13,1914,0.02664339542388916,0.02664339542388916,0.87109375,1,1
13,1915,0.09170415194239469,0.1418505311012268,0.55859375,1,3
13,1916,0.07061251997947694,0.14122503995895386,0.5,3,5
13,1917,0.009896397590637207,0.009896397590637207,0.90625,1,2
13,1918,0.10426634503528477,0.15209221839904785,0.57421875,2,4
13,1919,0.019503235816955566,0.019503235816955566,0.890625,2,3
13,1920,0.021481692790985107,0.021481692790985107,0.8828125,2,2
13,1921,0.013708114624023438,0.013708114624023438,0.90234375,2,0
13,1922,0.11115754279308022,0.13847362995147705,0.62109375,1,3
13,1923,0.09761434164829554,0.1347130537033081,0.58984375,3,4
13,1924,0.00654292106628418,0.00654292106628418,0.96875,1,1
13,1925,0.023105502128601074,0.023105502128601074,0.9140625,1,1
13,1926,0.06301177991554142,0.17345178127288818,0.4453125,1,2
13,1927,0.036908745765686035,0.036908745765686035,0.85546875,2,3
13,1928,0.00966024398803711,0.00966024398803711,0.921875,2,2
13,1929,0.015693998895585544,0.22320353984832764,0.328125,1,3
13,1930,0.05540511524304748,0.17088806629180908,0.4296875,1,2
13,1931,0.016781151294708252,0.016781151294708252,0.9140625,2,4
13,1932,0.08531367778778076,0.08531367778778076,0.71484375,2,3
13,1933,0.0772449930664152,0.13828474283218384,0.5234375,2,5
13,1934,0.013229131698608398,0.013229131698608398,0.90234375,2,4
13,1935,0.0,0.2789533734321594,0.27734375,2,3
13,1936,0.002921879291534424,0.002921879291534424,0.95703125,1,1
13,1937,1.9073486328125e-06,1.9073486328125e-06,1.0,2,5
13,1938,0.07936203479766846,0.07936203479766846,0.73828125,1,2
13,1939,0.08392359595745803,0.15568435192108154,0.515625,1,2
13,1940,0.0006540417671203613,0.0006540417671203613,0.9921875,2,4
13,1941,0.11400087783113123,0.1473950743675232,0.609375,1,2
13,1942,0.02589153964072467,0.2367226481437683,0.34375,1,2
13,1943,0.04893612861633301,0.04893612861633301,0.82421875,2,4
13,1944,0.009706974029541016,0.009706974029541016,0.921875,2,5
13,1945,0.03184711933135986,0.03184711933135986,0.85546875,1,1
13,1946,0.015077292919158936,0.015077292919158936,0.8984375,2,1
13,1947,0.03170895576477051,0.03170895576477051,0.83203125,2,1
13,1948,0.00350034236907959,0.00350034236907959,0.96484375,1,1
13,1949,0.06228260672651232,0.1714445948600769,0.4453125,1,1
13,1950,0.006374239921569824,0.006374239921569824,0.96875,2,2
13,1951,0.08224026823882015,0.08575767278671265,0.68359375,1,1
13,1952,0.033645451068878174,0.033645451068878174,0.859375,1,1
13,1953,0.004309499869123107,0.20058763027191162,0.30859375,2,4
13,1954,0.0869563666637987,0.2014554738998413,0.47265625,1,3
13,1955,0.05200639320537449,0.22006011009216309,0.39453125,2,3
13,1956,0.08343857526779175,0.08343857526779175,0.76953125,2,2
13,1957,0.014366626739501953,0.014366626739501953,0.91015625,2,2
13,1958,0.12124585988931359,0.1608235239982605,0.6015625,2,4
13,1959,0.04116445779800415,0.04116445779800415,0.8125,1,2
13,1960,0.027464747428894043,0.027464747428894043,0.85546875,1,1
13,1961,0.04646039009094238,0.04646039009094238,0.8359375,2,3
13,1962,0.027898430824279785,0.027898430824279785,0.89453125,1,3
13,1963,0.05576920509338379,0.05576920509338379,0.72265625,3,3
13,1964,0.019079625606536865,0.019079625606536865,0.87890625,1,0
13,1965,0.022658109664916992,0.022658109664916992,0.859375,1,0
13,1966,0.10238971351645888,0.16080838441848755,0.5546875,1,2
13,1967,0.09391070378478618,0.14978903532028198,0.55078125,2,4
13,1968,0.03246051073074341,0.03246051073074341,0.875,1,2
13,1969,0.008409500122070312,0.008409500122070312,0.921875,1,2
13,1970,0.02783402195200325,0.23362326622009277,0.34765625,1,3
13,1971,0.055316150188446045,0.055316150188446045,0.87109375,2,3
13,1972,0.018496394157409668,0.018496394157409668,0.87890625,1,0
13,1973,0.021337860729545362,0.266463041305542,0.33203125,1,2
13,1974,0.1023486852645874,0.1023486852645874,0.72265625,1,2
13,1975,0.015356242656707764,0.015356242656707764,0.8984375,1,2
13,1976,0.05565270641818643,0.18265503644943237,0.421875,2,2
13,1977,0.09397655725479127,0.1572418212890625,0.5390625,1,2
13,1978,0.07382488250732422,0.07382488250732422,0.765625,1,4
13,1979,0.027388086542487155,0.22988033294677734,0.34765625,1,2
13,1723,0.12073128181509675,0.15225225687026978,0.6171875,1,2
13,1797,0.12001978349871935,0.13186722993850708,0.6640625,1,2
13,1980,0.003546297550201416,0.003546297550201416,0.96484375,1,0
13,1981,0.11748864769469948,0.16214066743850708,0.58984375,1,3
13,1982,0.06051349639892578,0.06051349639892578,0.77734375,1,1
13,1983,0.0016370415687561035,0.0016370415687561035,0.97265625,3,5
13,1984,0.0997272103559226,0.16963565349578857,0.53515625,1,2
13,1985,0.0036690831184387207,0.0036690831184387207,0.96484375,2,2
13,1986,0.09439027309417725,0.09439027309417725,0.7421875,1,1
13,1987,0.03238481283187866,0.03238481283187866,0.875,1,2
13,1988,0.002448558807373047,0.002448558807373047,0.95703125,1,2
13,1989,0.0002174973487854004,0.0002174973487854004,0.984375,1,0
13,1990,0.04755857074633242,0.19325387477874756,0.3984375,1,1
13,1991,0.050233304500579834,0.050233304500579834,0.83984375,1,2
13,1992,0.0015277862548828125,0.0015277862548828125,0.97265625,2,3
13,1993,0.09203181182965638,0.14679217338562012,0.55078125,1,1
13,1994,0.08331561088562012,0.08331561088562012,0.7109375,1,1
13,1995,0.013787269592285156,0.013787269592285156,0.8984375,2,2
13,1996,0.026562392711639404,0.026562392711639404,0.85546875,2,2
13,1997,0.0976143479347229,0.0976143479347229,0.703125,1,1
13,1998,0.041775405406951904,0.041775405406951904,0.77734375,1,1
13,1999,0.012981295585632324,0.012981295585632324,0.90625,3,5
13,2000,0.03498997504357249,0.22117120027542114,0.36328125,1,2
13,2001,0.055684982333332314,0.10329967737197876,0.515625,2,5
13,2002,0.049469053745269775,0.049469053745269775,0.73046875,1,1
13,2003,0.012391507625579834,0.012391507625579834,0.9453125,1,1
13,2004,0.030911684036254883,0.030911684036254883,0.90234375,1,1
13,2005,0.05544513463973999,0.05544513463973999,0.8125,1,1
13,2006,0.0009440183639526367,0.0009440183639526367,0.9765625,1,0
13,2007,0.008428990840911865,0.008428990840911865,0.921875,1,1
13,2008,0.019183099269866943,0.019183099269866943,0.8671875,1,2
13,2009,0.06714940071105957,0.06714940071105957,0.80859375,2,5
13,2010,0.11664482997730376,0.14709889888763428,0.6171875,1,2
13,2011,0.005121946334838867,0.005121946334838867,0.9453125,2,4
13,2012,0.0029077529907226562,0.0029077529907226562,0.96484375,2,3
13,2013,0.06322252750396729,0.06322252750396729,0.71875,1,2
13,2014,0.04046463966369629,0.04046463966369629,0.83984375,1,2
13,2015,0.014582037925720215,0.014582037925720215,0.90234375,2,3
13,2016,0.008550465106964111,0.008550465106964111,0.921875,1,3
13,2017,0.010442674160003662,0.010442674160003662,0.921875,1,1
13,2018,0.04013240733183922,0.22579991817474365,0.37109375,1,3
13,2019,0.06287491321563721,0.06287491321563721,0.734375,3,5
13,2020,0.087706720456481,0.09847772121429443,0.65625,1,1
13,2021,0.06354004144668579,0.06354004144668579,0.8203125,1,2
13,2022,0.006536722183227539,0.006536722183227539,0.984375,2,3
13,2023,0.005488336086273193,0.005488336086273193,0.96875,1,2
13,2024,0.008147954940795898,0.008147954940795898,0.9453125,1,2
13,2025,0.0013244152069091797,0.0013244152069091797,0.97265625,1,2
13,2026,0.01078951358795166,0.01078951358795166,0.9140625,1,3
13,2027,0.06801877752877773,0.17326176166534424,0.45703125,1,1
13,2028,0.09996540332213046,0.1343367099761963,0.59765625,2,4
13,2029,0.014649391174316406,0.014649391174316406,0.92578125,2,3
13,2030,0.04835033416748047,0.04835033416748047,0.7890625,1,1
13,2031,0.034430742263793945,0.034430742263793945,0.8671875,2,2
13,2032,0.057190831517800696,0.06087672710418701,0.67578125,1,2
13,2033,0.00599592924118042,0.00599592924118042,0.96875,1,2
13,2034,0.12157271616160871,0.15144824981689453,0.62109375,1,3
13,2035,0.12243000906892122,0.14054745435714722,0.6484375,1,2
13,2036,0.04479719139635564,0.19772553443908691,0.390625,1,2
13,2037,0.10319679975509644,0.10319679975509644,0.72265625,1,2
13,2038,0.011310577392578125,0.011310577392578125,0.91796875,1,2
13,2039,0.011668801307678223,0.011668801307678223,0.90625,2,4
13,2040,0.05387920886278154,0.20283937454223633,0.40625,1,2
13,2041,0.02633720636367798,0.02633720636367798,0.875,2,3
13,2042,0.01062321662902832,0.01062321662902832,0.91796875,1,2
13,2043,0.024425029754638672,0.024425029754638672,0.91015625,2,4
13,2044,0.029757440090179443,0.029757440090179443,0.84765625,1,1
13,2045,0.030524373054504395,0.030524373054504395,0.8671875,1,2
13,2046,0.10587279812898488,0.12875741720199585,0.62890625,1,1
13,2047,0.0998080442659557,0.11587691307067871,0.64453125,1,2
13,2048,0.005570650100708008,0.005570650100708008,0.96484375,2,3
14,1941,0.12277763197198512,0.13636040687561035,0.66015625,1,2
14,1913,0.11335817305371167,0.13311785459518433,0.640625,1,2
14,2049,0.07732415199279785,0.07732415199279785,0.77734375,1,2
14,2050,0.05894112586975098,0.05894112586975098,0.78515625,3,4
14,2051,0.032363951206207275,0.032363951206207275,0.890625,1,2
14,2052,0.05253803730010986,0.05253803730010986,0.74609375,1,2
14,2053,0.03308737277984619,0.03308737277984619,0.89453125,1,1
14,2054,0.0008194446563720703,0.0008194446563720703,0.98046875,2,4
14,2055,0.1164690973237157,0.1585962176322937,0.59375,1,2
14,2056,0.03443646430969238,0.03443646430969238,0.87109375,1,3
14,2057,0.06480348110198975,0.06480348110198975,0.796875,2,3
14,2058,0.03044259548187256,0.03044259548187256,0.84375,2,2
14,2059,0.004682302474975586,0.004682302474975586,0.9609375,1,1
14,2060,0.06328577920794488,0.1841040849685669,0.4375,1,2
14,2061,0.0011501908302307129,0.0011501908302307129,0.98046875,1,1
14,2062,0.11131063126958908,0.16712915897369385,0.56640625,1,2
14,2063,0.0027797818183898926,0.0027797818183898926,0.95703125,2,3
14,2064,0.11007894133217634,0.18418437242507935,0.5390625,1,2
14,2065,0.11286157369613647,0.11286157369613647,0.71484375,1,4
14,2066,0.09687590599060059,0.09687590599060059,0.7421875,1,1
14,2067,0.04482221603393555,0.04482221603393555,0.8515625,1,1
14,2068,0.007202267646789551,0.007202267646789551,0.94140625,1,1
14,2069,0.07817578315734863,0.07817578315734863,0.7734375,1,2
14,2070,0.08536221925169231,0.13830840587615967,0.546875,2,3
14,2071,0.06151658296585083,0.06151658296585083,0.8046875,1,2
14,2072,0.026579201221466064,0.026579201221466064,0.8828125,2,3
14,2073,0.00983130931854248,0.00983130931854248,0.91796875,1,2
14,2074,0.027473270893096924,0.027473270893096924,0.85546875,1,0
14,2075,0.08467257022857666,0.08467257022857666,0.78125,1,2
14,2076,0.07188928825780751,0.23594433069229126,0.421875,1,2
14,2077,0.05853005778044463,0.14547276496887207,0.4609375,2,4
14,2078,0.06026131566613914,0.19163846969604492,0.42578125,2,4
14,2079,0.011999547481536865,0.011999547481536865,0.9140625,2,4
14,2080,0.04149538278579712,0.04149538278579712,0.7890625,1,1
14,2081,4.684925079345703e-05,4.684925079345703e-05,0.98828125,1,1
14,2082,0.11647154053207488,0.14509350061416626,0.62109375,1,2
14,2083,0.00025153160095214844,0.00025153160095214844,0.98828125,2,3
14,2084,0.1168849770911038,0.13418185710906982,0.6484375,1,2
14,2085,0.09858542028814556,0.1307661533355713,0.6015625,1,1
14,2086,0.06676147016696633,0.09879153966903687,0.5703125,1,1
14,2087,0.11436819285154344,0.1180574893951416,0.6875,1,2
14,2088,0.058732807636260986,0.058732807636260986,0.79296875,3,6
14,2089,0.06800174713134766,0.06800174713134766,0.7890625,1,3
14,2090,0.011807858943939209,0.011807858943939209,0.91015625,1,1
14,2091,0.07823854684829712,0.07823854684829712,0.7734375,1,2
14,2092,0.0816028267145157,0.23739004135131836,0.4375,1,2
14,2093,0.045921146869659424,0.045921146869659424,0.77734375,1,0
14,2094,0.05483025312423706,0.05483025312423706,0.8046875,1,2
14,2095,0.027918457984924316,0.027918457984924316,0.91015625,1,1
14,2096,0.013597249984741211,0.013597249984741211,0.8984375,1,1
14,2097,0.06555849313735962,0.06555849313735962,0.8125,1,3
14,2098,0.007169127464294434,0.007169127464294434,0.94140625,2,3
14,2099,0.05437195301055908,0.05437195301055908,0.703125,1,2
14,2100,0.09635704755783081,0.09635704755783081,0.75390625,1,1
14,2101,0.01053541898727417,0.01053541898727417,0.9140625,2,2
14,2102,0.017431318759918213,0.017431318759918213,0.93359375,2,2
14,2103,0.05761760473251343,0.05761760473251343,0.8046875,1,1
14,2104,0.0005903244018554688,0.0005903244018554688,0.98828125,2,2
14,2105,0.08056938648223877,0.08056938648223877,0.7421875,2,2
14,2106,0.045313358306884766,0.045313358306884766,0.77734375,2,1
14,2107,0.09272221697028728,0.18189185857772827,0.50390625,1,2
14,2108,0.006806910037994385,0.006806910037994385,0.953125,1,1
14,2109,0.011632800102233887,0.011632800102233887,0.9140625,1,3
14,2110,0.07810826785862447,0.22722405195236206,0.4375,2,3
14,2111,0.10400021076202393,0.10400021076202393,0.72265625,1,1
14,2112,0.0793715307954699,0.14209169149398804,0.5234375,1,1
14,2113,0.0838390588760376,0.0838390588760376,0.7734375,2,3
14,2114,0.0045636824797839,0.21241867542266846,0.30859375,1,1
14,2115,0.025361597537994385,0.025361597537994385,0.87890625,1,2
14,2116,0.007300138473510742,0.007300138473510742,0.9453125,1,2
14,2117,0.12601236999034884,0.1479778289794922,0.640625,1,3
14,2118,0.018539905548095703,0.018539905548095703,0.8828125,2,4
14,1576,0.12647416815161708,0.1374835968017578,0.66796875,2,3
14,2035,0.12103935703635217,0.12494385242462158,0.6875,1,2
14,2119,0.0544051981996745,0.1907908320426941,0.4140625,1,2
14,2120,0.08119457960128784,0.08119457960128784,0.7421875,1,2
14,2121,0.0016112327575683594,0.0016112327575683594,0.98046875,2,3
14,2122,0.020097446162253625,0.2509729862213135,0.33203125,2,3
14,2123,0.005361676216125488,0.005361676216125488,0.9609375,1,3
14,2124,0.010242581367492676,0.010242581367492676,0.9140625,1,1
14,2125,0.1048594282474369,0.16725242137908936,0.55078125,1,3
14,2126,0.11126571893692017,0.11126571893692017,0.73046875,1,2
14,2127,0.12493081286083908,0.12767380475997925,0.69140625,1,2
14,2128,0.015618622303009033,0.015618622303009033,0.90625,1,1
14,2129,0.06574374437332153,0.06574374437332153,0.8046875,3,4
14,2130,0.0077925920486450195,0.0077925920486450195,0.9296875,1,2
14,2131,0.1159520643996075,0.12342506647109985,0.67578125,1,2
14,2132,0.06843656301498413,0.06843656301498413,0.796875,2,4
14,2133,0.024949848651885986,0.024949848651885986,0.89453125,1,3
14,2134,0.004799365997314453,0.004799365997314453,0.953125,2,2
14,2135,0.009807229042053223,0.009807229042053223,0.921875,1,2
14,2136,0.06870639324188232,0.06870639324188232,0.8125,1,3
14,2137,0.11830194387584926,0.14218449592590332,0.6328125,1,3
14,2138,0.114277184009552,0.114277184009552,0.71484375,1,2
14,2139,0.004671931266784668,0.004671931266784668,0.94921875,1,2
14,2140,0.08944213390350342,0.08944213390350342,0.7109375,1,1
14,2141,0.1161767807789147,0.1670857071876526,0.578125,1,3
14,2142,0.08450662065297367,0.13912343978881836,0.54296875,2,3
14,2143,0.08782386779785156,0.08782386779785156,0.73046875,1,2
14,2144,0.001115262508392334,0.001115262508392334,0.9765625,2,2
14,2145,0.12738719035405668,0.15869158506393433,0.62109375,1,2
14,2146,0.12068112567067148,0.12457406520843506,0.6875,1,2
14,2147,0.025364696979522705,0.025364696979522705,0.890625,2,3
14,2148,0.030417203903198242,0.030417203903198242,0.86328125,1,2
14,2149,0.11792719177901746,0.16058170795440674,0.59375,1,2
14,2150,0.09503572084940971,0.13115441799163818,0.58984375,1,1
14,2151,0.006782412528991699,0.006782412528991699,0.9453125,1,0
14,2152,0.0036211013793945312,0.0036211013793945312,0.9765625,2,3
14,2153,0.08989602327346802,0.08989602327346802,0.765625,1,3
14,2154,0.11397728137671949,0.13861370086669922,0.62890625,1,2
14,2155,0.01381140947341919,0.01381140947341919,0.94921875,1,2
14,2156,0.12099587218835951,0.174016535282135,0.578125,1,3
14,2157,0.0006796121597290039,0.0006796121597290039,0.98828125,1,1
14,2158,0.03138148784637451,0.03138148784637451,0.859375,1,3
14,2159,0.028288066387176514,0.028288066387176514,0.88671875,1,2
14,2160,0.11383931583259256,0.1384459137916565,0.62890625,1,2
14,2161,0.0077345967292785645,0.0077345967292785645,0.9375,2,4
14,2162,0.07909440994262695,0.07909440994262695,0.78125,2,5
14,2163,0.006756484508514404,0.006756484508514404,0.9453125,1,0
14,2164,0.0011903047561645508,0.0011903047561645508,0.984375,1,1
14,2165,0.009589433670043945,0.009589433670043945,0.921875,1,3
14,2166,0.08797222375869751,0.08797222375869751,0.73828125,1,1
14,2167,0.07466418994590641,0.13136792182922363,0.52734375,2,3
14,2168,0.11584149440750481,0.12460261583328247,0.671875,1,2
14,2169,0.015062212944030762,0.015062212944030762,0.91015625,1,2
14,2170,0.00020903348922729492,0.00020903348922729492,0.98828125,1,0
14,2171,0.10219024284742774,0.1829419732093811,0.5234375,1,3
14,2172,0.04741373914293946,0.20062673091888428,0.39453125,1,2
14,2173,0.1066855788230896,0.1066855788230896,0.70703125,2,5
14,2174,0.08919697371311487,0.1400884985923767,0.5546875,1,2
14,2175,0.03414905071258545,0.03414905071258545,0.87890625,1,2
14,2176,0.11775807105004789,0.16935992240905762,0.578125,1,3
14,2177,0.0003024935722351074,0.0003024935722351074,0.984375,1,1
14,2178,0.0025892257690429688,0.0025892257690429688,0.95703125,1,0
14,2179,0.016203582286834717,0.016203582286834717,0.93359375,1,1
14,2180,0.09371179342269897,0.09371179342269897,0.73046875,1,2
14,2181,0.10627641598694028,0.11082184314727783,0.68359375,1,2
14,2182,0.0018418431282043457,0.0018418431282043457,0.9609375,2,3
14,2183,0.023872792720794678,0.023872792720794678,0.890625,1,2
14,2184,0.045781612396240234,0.045781612396240234,0.82421875,2,3
14,2185,0.11018478684127332,0.15846800804138184,0.578125,1,3
14,2186,0.08144796313717963,0.14330363273620605,0.52734375,3,4
14,2187,0.06719661317765714,0.17553400993347168,0.453125,1,2
14,2188,0.11409284826368095,0.12019658088684082,0.6796875,1,2
14,2189,0.015258073806762695,0.015258073806762695,0.9140625,3,4
14,2190,0.003084421157836914,0.003084421157836914,0.95703125,1,1
14,2191,2.9921531677246094e-05,2.9921531677246094e-05,0.9921875,3,5
14,2192,0.11091694794595243,0.1690163016319275,0.5625,1,2
14,2193,0.03005152940750122,0.03005152940750122,0.859375,1,2
14,2194,0.11956743896007539,0.1404094696044922,0.640625,2,3
15,1576,0.11366247152909638,0.145125150680542,0.61328125,2,3
15,1941,0.09909512847661973,0.14054489135742188,0.58203125,1,2
15,2195,0.09124001394957305,0.10714423656463623,0.640625,1,1
15,2196,0.07909387350082397,0.07909387350082397,0.765625,1,2
15,2197,0.05536900949664415,0.1941707730293274,0.4140625,1,3
15,2198,0.024681466631591324,0.16627514362335205,0.359375,2,3
15,2199,0.09358041861560197,0.17050951719284058,0.51953125,1,3
15,2200,0.10066682472825052,0.10391414165496826,0.6875,1,2
15,2201,0.03213703632354736,0.03213703632354736,0.80859375,1,2
15,2202,0.0031066536903381348,0.0031066536903381348,0.9453125,2,2
15,2203,0.034417927265167236,0.034417927265167236,0.87109375,1,2
15,2204,0.0023200511932373047,0.0023200511932373047,0.94921875,1,0
15,2205,0.0975887766107917,0.11592912673950195,0.63671875,1,1
15,2206,0.005505859851837158,0.005505859851837158,0.95703125,2,2
15,2207,0.055628299713134766,0.055628299713134766,0.80078125,1,3
15,2208,0.006659567356109619,0.006659567356109619,0.9375,1,3
15,2209,0.07860057707875968,0.1705232858657837,0.484375,1,2
15,2210,0.027520298957824707,0.027520298957824707,0.875,1,2
15,2211,0.01309061050415039,0.01309061050415039,0.91015625,2,3
15,2212,0.001617431640625,0.001617431640625,0.96484375,1,1
15,2213,0.0028346150647848914,0.2418871521949768,0.3046875,1,2
15,2214,0.07880206836853178,0.14888066053390503,0.51171875,1,2
15,2215,0.019343256950378418,0.019343256950378418,0.859375,1,3
15,2216,0.09157705307006836,0.09157705307006836,0.75390625,1,2
15,2217,0.013221383094787598,0.013221383094787598,0.91796875,1,1
15,2218,0.01773655414581299,0.01773655414581299,0.9296875,1,3
15,2219,0.060941100120544434,0.060941100120544434,0.8125,1,1
15,2220,0.011800110340118408,0.011800110340118408,0.90625,1,3
15,2221,0.0839863072615117,0.1647547483444214,0.50390625,1,1
15,2222,0.09495364339090885,0.16151583194732666,0.53515625,1,2
15,2223,0.034665822982788086,0.034665822982788086,0.83203125,1,1
15,2224,0.02012236323207618,0.22397065162658691,0.3359375,1,2
15,2225,0.005495905876159668,0.005495905876159668,0.9375,1,4
15,2226,0.00429081916809082,0.00429081916809082,0.94140625,1,0
15,2227,0.10032226983457805,0.16001558303833008,0.55078125,1,2
15,2228,0.05751997232437134,0.05751997232437134,0.8203125,1,1
15,2229,0.09342086920514704,0.1513654589653015,0.546875,1,2
15,2230,0.0791250467300415,0.0791250467300415,0.734375,1,1
15,2231,0.00790637731552124,0.00790637731552124,0.9296875,1,1
15,2232,0.0845681643113494,0.2004578709602356,0.46875,2,5
15,2233,0.008901357650756836,0.008901357650756836,0.921875,1,2
15,2234,0.03476274013519287,0.03476274013519287,0.85546875,1,1
15,2235,0.08978593349456787,0.08978593349456787,0.74609375,1,1
15,2236,0.0759173035621643,0.0759173035621643,0.71875,2,2
15,2237,0.01702219247817993,0.01702219247817993,0.89453125,1,0
15,2238,0.03273355960845947,0.03273355960845947,0.859375,1,1
15,2239,0.06522063317243011,0.19528049230575562,0.43359375,1,2
15,2240,0.0983579158782959,0.0983579158782959,0.71875,1,1
15,2241,0.03775907959789039,0.2124466896057129,0.37109375,2,4
15,2242,0.043111443519592285,0.043111443519592285,0.85546875,2,5
15,2243,0.024709999561309814,0.024709999561309814,0.86328125,1,0
15,2244,0.09445655904710294,0.1633843183517456,0.53125,1,2
15,2245,0.014215052127838135,0.014215052127838135,0.90625,1,2
15,2246,0.06976073980331421,0.06976073980331421,0.734375,2,4
15,2247,0.0355912446975708,0.0355912446975708,0.89453125,1,1
15,2248,0.09596338262781502,0.1010972261428833,0.6796875,1,3
15,2249,0.05165863037109375,0.05165863037109375,0.75,1,3
15,2250,0.08023273944854736,0.08023273944854736,0.76171875,1,1
15,2251,0.0009551048278808594,0.0009551048278808594,0.9765625,2,2
15,2252,0.0026637911796569824,0.0026637911796569824,0.97265625,2,2
15,2253,0.09220660652499647,0.17420583963394165,0.51171875,1,2
15,2254,0.009828448295593262,0.009828448295593262,0.91015625,1,3
15,2255,0.013387858867645264,0.013387858867645264,0.921875,2,3
15,2256,0.09519600868225098,0.09519600868225098,0.71875,2,2
15,2257,0.0973588691558689,0.1380823850631714,0.58203125,1,2
15,2258,0.00475001335144043,0.00475001335144043,0.93359375,2,3
15,2259,0.0994628128828481,0.15864473581314087,0.55078125,1,2
15,2260,0.09547366201877595,0.11211585998535156,0.640625,1,2
15,2261,0.039644718170166016,0.039644718170166016,0.8046875,1,1
15,2262,0.028036531992256652,0.25633400678634644,0.34375,1,2
15,2263,0.0902314791455865,0.17367863655090332,0.5078125,1,3
15,2264,0.08009380102157593,0.08009380102157593,0.765625,1,2
15,2265,0.06782019138336182,0.06782019138336182,0.76953125,1,2
15,2266,0.007146358489990234,0.007146358489990234,0.93359375,2,3
15,2267,0.01659548282623291,0.01659548282623291,0.90234375,1,1
15,2145,0.09268798329867424,0.16888344287872314,0.51953125,1,2
15,2117,0.10839213291183115,0.15588980913162231,0.578125,1,3
15,2268,0.0944839504081756,0.18186384439468384,0.5078125,1,2
15,2269,0.014186322689056396,0.014186322689056396,0.953125,1,1
15,2270,0.04532426595687866,0.04532426595687866,0.84375,1,2
15,2271,0.03880918025970459,0.03880918025970459,0.859375,1,1
15,2272,0.015523076057434082,0.015523076057434082,0.8828125,1,3
15,2273,0.09430624812375756,0.17183202505111694,0.51953125,1,3
15,2274,0.095608651638031,0.095608651638031,0.7109375,1,1
15,2275,0.0490095359273255,0.21631795167922974,0.390625,1,2
15,2276,0.06045454740524292,0.06045454740524292,0.80078125,1,2
15,2277,0.10482716071419419,0.14664345979690552,0.5859375,1,2
15,2278,0.06456297636032104,0.06456297636032104,0.7890625,1,1
15,2279,0.06019515846855939,0.17027580738067627,0.44140625,1,2
15,2280,0.06203007698059082,0.06203007698059082,0.73046875,2,3
15,2281,0.0036652088165283203,0.0036652088165283203,0.95703125,1,1
15,2282,0.09160749951843174,0.17307394742965698,0.51171875,1,2
15,2283,0.07820266485214233,0.07820266485214233,0.765625,2,3
15,2284,0.06329208612442017,0.06329208612442017,0.74609375,1,2
15,2285,0.10451674461364746,0.10451674461364746,0.7265625,1,2
15,2286,0.09653422981500627,0.09964823722839355,0.6875,1,3
15,2287,0.07402944564819336,0.07402944564819336,0.76171875,1,1
15,2288,0.022540271282196045,0.022540271282196045,0.89453125,1,1
15,2289,0.006251394748687744,0.006251394748687744,0.9296875,1,2
15,2290,0.04757118225097656,0.04757118225097656,0.84375,1,1
15,2291,0.05365230422466994,0.1654818058013916,0.4296875,2,3
15,2292,0.05216914415359497,0.05216914415359497,0.828125,1,3
15,2293,0.09141039615496994,0.1864626407623291,0.49609375,1,2
15,2294,0.025503814220428467,0.025503814220428467,0.91796875,1,1
15,2295,0.0031096935272216797,0.0031096935272216797,0.97265625,1,1
15,2296,0.10935264313593508,0.11520278453826904,0.6796875,1,2
15,2297,0.012725353240966797,0.012725353240966797,0.90234375,1,2
15,2298,0.033426105976104736,0.033426105976104736,0.859375,1,2
15,2299,0.10697732120752336,0.13166439533233643,0.625,1,2
15,2300,0.09601306670811029,0.10437089204788208,0.66796875,1,2
15,2301,0.09596825775224717,0.19575995206832886,0.49609375,1,3
15,2302,0.10465447080787273,0.12432271242141724,0.63671875,2,6
15,2303,0.06666717876214535,0.17870992422103882,0.44921875,2,4
15,2304,0.10761219263076782,0.10761219263076782,0.703125,1,3
15,2305,0.051271915435791016,0.051271915435791016,0.83984375,1,2
15,2306,0.05072242696769537,0.2061101794242859,0.3984375,2,4
15,2307,0.014815270900726318,0.014815270900726318,0.9453125,1,1
15,2308,0.042123377323150635,0.042123377323150635,0.8515625,1,1
15,2309,0.058948710793629296,0.18181771039962769,0.4296875,1,2
15,2310,0.03731801686808468,0.22217237949371338,0.3671875,1,2
15,2311,0.0993202195968479,0.12525111436843872,0.6171875,1,1
15,2312,0.09924536163453014,0.11022478342056274,0.66015625,1,2
15,2313,0.030993521213531494,0.030993521213531494,0.90234375,1,2
15,2314,0.026943683624267578,0.026943683624267578,0.91796875,1,2
15,2315,0.1134524797089398,0.133228600025177,0.640625,2,3
15,2316,0.10108623281121255,0.15403616428375244,0.5625,2,6
15,2317,0.09814273240044716,0.18890631198883057,0.5078125,1,4
15,2318,0.11034123832359911,0.14266341924667358,0.609375,2,5
15,2319,0.0966575125930831,0.16441410779953003,0.53515625,1,2
15,2320,0.1002457238500938,0.17637735605239868,0.52734375,1,3
15,2321,0.09523463249206543,0.09523463249206543,0.734375,2,3
15,2322,0.11250817286781968,0.12915736436843872,0.6484375,2,3
15,2323,0.09560960531234741,0.09560960531234741,0.7421875,1,3
15,2324,0.0977435694076121,0.1147814393043518,0.640625,2,2
15,2325,0.08762713603209706,0.15417557954788208,0.52734375,2,3
15,2326,0.09923653292935343,0.12068670988082886,0.62890625,1,1
15,2327,0.05672174692153931,0.05672174692153931,0.828125,1,2
15,2328,0.010918200016021729,0.010918200016021729,0.90625,1,2
15,2329,0.0017871856689453125,0.0017871856689453125,0.95703125,1,2
15,2330,0.09555592539254577,0.15241318941116333,0.55078125,1,1
15,2331,0.06860113143920898,0.06860113143920898,0.76953125,1,2
15,2332,0.03039371967315674,0.03039371967315674,0.8828125,1,2
15,2333,0.025455892086029053,0.025455892086029053,0.91015625,1,1
15,2334,0.07905414560809733,0.2119147777557373,0.44921875,1,2
15,2335,0.09326041582971813,0.18294763565063477,0.50390625,1,2
15,2336,0.005488455295562744,0.005488455295562744,0.9375,1,1
15,2337,0.07165785413235427,0.16985565423965454,0.46875,2,2
15,2338,0.1174341670703143,0.11766397953033447,0.69921875,1,3
15,2339,0.0986628793179989,0.18302679061889648,0.515625,1,3
15,2340,0.03810834884643555,0.03810834884643555,0.87109375,2,3
16,1576,0.130478672683239,0.15148544311523438,0.64453125,2,3
16,2315,0.12621222250163558,0.1357576847076416,0.671875,2,3
16,2341,0.048920631408691406,0.048920631408691406,0.80078125,2,2
16,2342,0.009497590013779707,0.23156028985977173,0.31640625,1,1
16,2343,0.05981069803237915,0.05981069803237915,0.7734375,2,3
16,2344,0.01079946756362915,0.01079946756362915,0.91015625,2,5
16,2345,0.004555165767669678,0.004555165767669678,0.97265625,2,2
16,2346,0.009643971920013428,0.009643971920013428,0.91796875,1,0
16,2347,0.12431989703327419,0.16928666830062866,0.59375,2,3
16,2348,0.040389299392700195,0.040389299392700195,0.81640625,1,1
16,2349,0.0508175912545994,0.1845291256904602,0.41015625,1,1
16,2350,0.062032103538513184,0.062032103538513184,0.8515625,2,4
16,2351,0.04914059396833183,0.1920609474182129,0.40234375,1,1
16,2352,0.12681399099528792,0.17268288135528564,0.59375,1,2
16,2353,0.04314619302749634,0.04314619302749634,0.76171875,1,1
16,2354,0.07789909839630127,0.07789909839630127,0.74609375,1,2
16,2355,0.036097824573516846,0.036097824573516846,0.84375,2,2
16,2356,0.016690552234649658,0.016690552234649658,0.9140625,1,1
16,2357,0.12150006368756296,0.13068914413452148,0.671875,1,3
16,2358,0.008597612380981445,0.008597612380981445,0.92578125,1,1
16,2359,0.04262888431549072,0.04262888431549072,0.87109375,1,2
16,2360,0.11980965652037413,0.12493389844894409,0.68359375,1,2
16,2361,0.0012053847312927246,0.0012053847312927246,0.97265625,1,1
16,2362,0.06813734769821167,0.06813734769821167,0.80078125,1,2
16,2363,0.10256669693626465,0.1868830919265747,0.51953125,2,2
16,2364,0.1279346763622016,0.17896872758865356,0.5859375,1,2
16,2365,0.005074203014373779,0.005074203014373779,0.94140625,2,2
16,2366,0.015227735042572021,0.015227735042572021,0.921875,1,3
16,2367,0.06040060520172119,0.06040060520172119,0.83984375,1,1
16,2368,0.009956896305084229,0.009956896305084229,0.91796875,1,1
16,2369,0.09002095460891724,0.09002095460891724,0.73828125,1,3
16,2370,0.013699948787689209,0.013699948787689209,0.89453125,1,2
16,2371,0.0028883689083159044,0.24647414684295654,0.3046875,2,5
16,2372,0.05594480037689209,0.05594480037689209,0.80078125,2,3
16,2373,0.026837646961212158,0.026837646961212158,0.87109375,1,3
16,2374,0.00716477632522583,0.00716477632522583,0.953125,2,4
16,2375,0.0066983699798583984,0.0066983699798583984,0.9375,3,4
16,2376,0.034770855680108084,0.20700788497924805,0.3671875,1,1
16,2377,0.07454644585959615,0.1652284860610962,0.48046875,1,1
16,2378,0.05181145668029785,0.05181145668029785,0.83203125,2,4
16,2379,0.05854925583116711,0.08080112934112549,0.58984375,2,3
16,2380,1.1324882507324219e-06,1.1324882507324219e-06,0.99609375,3,6
16,2381,0.12864026497118178,0.17995578050613403,0.5859375,1,3
16,2382,0.05929070711135864,0.05929070711135864,0.83203125,1,2
16,2383,0.058104515075683594,0.058104515075683594,0.83203125,1,2
16,2384,0.008225619792938232,0.008225619792938232,0.9375,2,4
16,2385,0.07119864225387573,0.07119864225387573,0.7578125,1,2
16,2386,0.10432004928588867,0.10432004928588867,0.72265625,1,2
16,2387,0.12070669094100596,0.15036940574645996,0.62109375,2,6
16,2388,0.058104753494262695,0.058104753494262695,0.83203125,1,2
16,2389,0.050232887268066406,0.050232887268066406,0.83984375,1,2
16,2390,0.07862496376037598,0.07862496376037598,0.78515625,1,2
16,2391,0.10438816458918156,0.18687671422958374,0.5234375,2,3
16,2392,0.021132122725248344,0.1932079792022705,0.34375,2,4
16,2393,0.08441919088363647,0.08441919088363647,0.76171875,3,7
16,2394,0.10141950845718384,0.10141950845718384,0.734375,2,3
16,2395,0.0037001967430114746,0.0037001967430114746,0.97265625,1,1
16,2396,0.0692528486251831,0.0692528486251831,0.74609375,2,2
16,2397,0.09852160734590144,0.17951267957687378,0.51953125,2,3
16,2398,0.05665079422760756,0.22141379117965698,0.40234375,1,1
16,2399,0.004771769046783447,0.004771769046783447,0.95703125,2,2
16,2400,0.030642032623291016,0.030642032623291016,0.859375,2,5
16,2401,0.05562029359862209,0.1665356159210205,0.43359375,2,3
16,2402,0.11974906700197609,0.12487071752548218,0.68359375,3,4
16,2403,0.004427909851074219,0.004427909851074219,0.953125,2,2
16,2404,0.022975146770477295,0.022975146770477295,0.87109375,1,1
16,2405,0.0396733283996582,0.0396733283996582,0.81640625,2,3
16,2406,0.0029414892196655273,0.0029414892196655273,0.94921875,1,0
16,2407,0.06089431047439575,0.06089431047439575,0.78125,1,1
16,2408,0.07086503505706787,0.07086503505706787,0.78515625,2,5
16,2409,0.005322396755218506,0.005322396755218506,0.9375,2,2
16,2410,0.09439581632614136,0.09439581632614136,0.73046875,1,1
16,2411,0.06975088617764415,0.11864602565765381,0.53515625,3,4
16,2412,0.01842278242111206,0.01842278242111206,0.890625,2,5
16,2413,0.015357613563537598,0.015357613563537598,0.91015625,1,3
16,2338,0.11996510101016612,0.12259906530380249,0.69140625,1,3
16,2318,0.12082040542736651,0.14352679252624512,0.63671875,2,5
16,2414,0.08542938064783813,0.08559656143188477,0.69921875,2,4
16,2415,0.010836482048034668,0.010836482048034668,0.9296875,2,2
16,2416,0.00640183687210083,0.00640183687210083,0.93359375,1,2
16,2417,0.10815820656716825,0.12999296188354492,0.6328125,1,1
16,2418,0.04164153337478638,0.04164153337478638,0.8359375,1,3
16,2419,0.09802815830335022,0.13713228702545166,0.5859375,1,1
16,2420,0.08388362266123296,0.19883525371551514,0.46875,2,3
16,2421,0.07307803630828857,0.07307803630828857,0.79296875,3,8
16,2422,0.04996299743652344,0.04996299743652344,0.8203125,1,2
16,2423,0.047856032848358154,0.047856032848358154,0.82421875,1,2
16,2424,0.01779460906982422,0.01779460906982422,0.9140625,1,2
16,2425,0.015159666538238525,0.015159666538238525,0.89453125,2,5
16,2426,0.02573448419570923,0.02573448419570923,0.91015625,1,2
16,2427,0.012996256351470947,0.012996256351470947,0.91796875,1,2
16,2428,0.11780718981754036,0.13374119997024536,0.65234375,2,4
16,2429,0.031513214111328125,0.031513214111328125,0.8984375,1,2
16,2430,0.10116559267044067,0.10116559267044067,0.703125,1,2
16,2431,0.005544722080230713,0.005544722080230713,0.96484375,1,1
16,2432,0.10516911745071411,0.10516911745071411,0.71875,2,5
16,2433,0.10471096867695452,0.14648091793060303,0.5859375,1,2
16,2434,0.07854067441076042,0.16685819625854492,0.48828125,2,2
16,2435,0.05040532350540161,0.05040532350540161,0.83203125,1,2
16,2436,0.10794996446929873,0.1173468828201294,0.66796875,1,1
16,2437,0.12198388064280154,0.13848280906677246,0.65234375,2,3
16,2438,0.09565728902816772,0.09565728902816772,0.7421875,1,2
16,2439,0.12227144045755269,0.13579821586608887,0.66015625,2,5
16,2440,0.05419343709945679,0.05419343709945679,0.8203125,3,7
16,2441,0.1137353873346001,0.15910524129867554,0.5859375,1,2
16,2442,0.03032376058399678,0.2186727523803711,0.35546875,2,6
16,2443,0.06704097986221313,0.06704097986221313,0.79296875,1,2
16,2444,0.055521368980407715,0.055521368980407715,0.84375,1,2
16,2445,0.10154040064662696,0.1140102744102478,0.65625,1,1
16,2446,0.10123014450073242,0.10123014450073242,0.7109375,1,2
16,2447,0.09030975168570878,0.09922444820404053,0.6640625,2,5
16,2448,0.11764035327360035,0.11787056922912598,0.69921875,1,3
16,2449,0.0,0.25788992643356323,0.29296875,1,3
16,2450,0.1016486929729581,0.10285401344299316,0.6953125,1,2
16,2451,0.02856147289276123,0.02856147289276123,0.87109375,1,1
16,2452,0.09363865933846684,0.15927904844284058,0.53515625,1,2
16,2453,0.0032390684355050408,0.27640050649642944,0.3046875,2,4
16,2454,0.007623136043548584,0.007623136043548584,0.9296875,1,3
16,2455,0.0023452043533325195,0.0023452043533325195,0.9453125,1,2
16,2456,0.0006326436996459961,0.0006326436996459961,0.99609375,1,1
16,2457,0.09296653058845551,0.14828306436538696,0.55078125,1,2
16,2458,0.01199948787689209,0.01199948787689209,0.9140625,1,2
16,2459,0.08247789856977762,0.17166131734848022,0.4921875,1,2
16,2460,0.1283752750605345,0.18996572494506836,0.5703125,1,3
16,2461,0.10789114236831665,0.10789114236831665,0.703125,2,4
16,2462,0.014392435550689697,0.014392435550689697,0.90234375,1,1
16,2463,0.012778818607330322,0.012778818607330322,0.91796875,1,3
16,2464,0.1280820965766907,0.1576395034790039,0.625,2,6
16,2465,0.07617044448852539,0.07617044448852539,0.78125,1,4
16,2466,0.029263854026794434,0.029263854026794434,0.875,1,1
16,2467,0.008972704410552979,0.008972704410552979,0.92578125,1,2
16,2468,0.0677536129951477,0.0677536129951477,0.80078125,1,3
16,2469,0.09620356559753418,0.09620356559753418,0.7109375,1,2
16,2470,0.12693828251212838,0.1337292194366455,0.6796875,1,3
16,2471,0.004409730434417725,0.004409730434417725,0.96484375,1,2
16,2472,0.04747051000595093,0.04747051000595093,0.828125,1,2
16,2473,0.020418184576556097,0.22726327180862427,0.3359375,1,3
16,2474,0.014825435238890359,0.24485880136489868,0.32421875,1,3
16,2475,0.052109718322753906,0.052109718322753906,0.79296875,1,2
16,2476,0.007455885410308838,0.007455885410308838,0.9375,2,2
16,2477,0.046454548835754395,0.046454548835754395,0.8203125,2,4
16,2478,0.1024349262006581,0.10681605339050293,0.68359375,1,3
16,2479,0.12247708812355998,0.19844388961791992,0.546875,1,3
16,2480,0.04246807098388672,0.04246807098388672,0.82421875,1,2
16,2481,0.043367743492126465,0.043367743492126465,0.8515625,2,6
16,2482,0.0935167670249939,0.0935167670249939,0.74609375,1,3
16,2483,0.12035417929291727,0.1429729461669922,0.63671875,2,5
16,2484,0.013374269008636475,0.013374269008636475,0.92578125,2,4
16,2485,0.007207691669464111,0.007207691669464111,0.9296875,1,1
16,2486,0.11911559943109752,0.13987886905670166,0.640625,1,2
17,2381,0.11068292288109663,0.18827128410339355,0.53515625,1,3
17,2364,0.1148865919094533,0.18913805484771729,0.54296875,1,2
17,2487,0.033152193995192654,0.23906934261322021,0.35546875,1,2
17,2488,0.11961068655364217,0.14546477794647217,0.62890625,1,1
17,2489,0.0037171244621276855,0.0037171244621276855,0.95703125,2,4
17,2490,0.0034419894218444824,0.0034419894218444824,0.94140625,1,1
17,2491,0.0005893111228942871,0.0005893111228942871,0.984375,2,3
17,2492,0.010685563087463379,0.010685563087463379,0.91796875,1,1
17,2493,0.035704970359802246,0.035704970359802246,0.80078125,2,3
17,2494,0.034257471561431885,0.034257471561431885,0.80859375,1,1
17,2495,0.10360339912585916,0.16271454095840454,0.5546875,2,3
17,2496,0.03834709699731321,0.24239152669906616,0.36328125,1,3
17,2497,0.02546536922454834,0.02546536922454834,0.859375,1,1
17,2498,0.01779347634874285,0.1980491280555725,0.3359375,1,1
17,2499,0.11149016476701946,0.17245608568191528,0.55859375,1,2
17,2500,9.608268737792969e-05,9.608268737792969e-05,0.99609375,3,4
17,2501,0.014685834990814339,0.28919798135757446,0.3203125,2,3
17,2502,0.07897257804870605,0.07897257804870605,0.76171875,2,5
17,2503,0.0,0.25613558292388916,0.1953125,3,4
17,2504,0.07608111761510374,0.22132688760757446,0.4375,2,6
17,2505,0.11305714049376549,0.13125908374786377,0.64453125,1,1
17,2506,0.004748106002807617,0.004748106002807617,0.9609375,3,3
17,2507,0.08749317098408939,0.11171197891235352,0.61328125,2,5
17,2508,0.02766627073287964,0.02766627073287964,0.86328125,3,4
17,2509,0.0048891479382291506,0.2275676131248474,0.30859375,2,3
17,2510,0.12884024996310475,0.1512986421585083,0.640625,2,3
17,2511,0.01069498062133789,0.01069498062133789,0.91796875,1,2
17,2512,0.01548236608505249,0.01548236608505249,0.9140625,3,4
17,2513,0.015986263751983643,0.015986263751983643,0.8984375,1,0
17,2514,0.12457644031383099,0.13124102354049683,0.6796875,2,6
17,2515,0.0016114115715026855,0.0016114115715026855,0.96875,2,4
17,2516,0.07900243997573853,0.07900243997573853,0.76953125,2,3
17,2517,0.01024484634399414,0.01024484634399414,0.91796875,1,2
17,2518,0.020654737949371338,0.020654737949371338,0.8828125,1,1
17,2519,2.753734588623047e-05,2.753734588623047e-05,0.9921875,2,3
17,2520,0.0016229748725891113,0.0016229748725891113,0.97265625,2,3
17,2521,0.03339195251464844,0.03339195251464844,0.88671875,1,2
17,2522,0.04148346185684204,0.04148346185684204,0.796875,2,3
17,2523,0.0,0.23814886808395386,0.265625,3,3
17,2524,0.0977487564086914,0.0977487564086914,0.75,1,1
17,2525,0.10952472651842983,0.1694158911705017,0.55859375,1,1
17,2526,0.006972551345825195,0.006972551345825195,0.94921875,1,2
17,2527,0.10394460638053717,0.1768094301223755,0.53515625,3,8
17,2528,0.019824624061584473,0.019824624061584473,0.88671875,1,1
17,2529,0.0845029354095459,0.0845029354095459,0.79296875,2,2
17,2530,0.014411568641662598,0.014411568641662598,0.9296875,2,5
17,2531,0.0006273984909057617,0.0006273984909057617,0.99609375,2,2
17,2532,0.0315893292427063,0.0315893292427063,0.82421875,1,1
17,2533,0.09029123932123186,0.20455360412597656,0.4765625,1,3
17,2534,0.04893678426742554,0.04893678426742554,0.8515625,3,7
17,2535,0.07706260681152344,0.07706260681152344,0.80078125,1,1
17,2536,0.09940886497497559,0.09940886497497559,0.7578125,2,5
17,2537,0.026967137702740736,0.19446724653244019,0.35546875,1,1
17,2538,0.0069269537925720215,0.0069269537925720215,0.93359375,1,2
17,2539,0.0,0.4044538736343384,0.0859375,2,4
17,2540,0.011544108390808105,0.011544108390808105,0.9296875,2,2
17,2541,0.0,0.3572841286659241,0.11328125,2,1
17,2542,0.10550686926580968,0.18887943029403687,0.5234375,1,2
17,2543,0.0004891157150268555,0.0004891157150268555,0.98046875,2,4
17,2544,4.649162292480469e-06,4.649162292480469e-06,1.0,2,3
17,2545,0.03358008340001107,0.21225929260253906,0.36328125,3,4
17,2546,0.11221837392076853,0.2081732153892517,0.515625,1,3
17,2547,0.06443500518798828,0.06443500518798828,0.7734375,1,2
17,2548,0.0036116838455200195,0.0036116838455200195,0.94140625,1,1
17,2549,0.03780210018157959,0.03780210018157959,0.79296875,1,0
17,2550,0.02267587184906006,0.02267587184906006,0.87109375,1,1
17,2551,0.011808812618255615,0.011808812618255615,0.93359375,3,5
17,1576,0.11928021488711239,0.15619301795959473,0.60546875,2,3
17,2460,0.10223173163831237,0.1967768669128418,0.5078125,1,3
17,2552,0.02509748935699463,0.02509748935699463,0.87890625,2,6
17,2553,0.10180085897445679,0.10180085897445679,0.7109375,2,3
17,2554,0.004548955941572792,0.21173322200775146,0.30859375,2,3
17,2555,0.06173915043473245,0.23242974281311035,0.40625,2,6
17,2556,0.05913996696472168,0.05913996696472168,0.8125,1,2
17,2557,0.013385355472564697,0.013385355472564697,0.90234375,2,3
17,2558,0.09033407107926907,0.1738761067390442,0.5078125,1,3
17,2559,0.07633447647094727,0.07633447647094727,0.7421875,1,2
17,2560,0.028552770614624023,0.028552770614624023,0.83984375,2,6
17,2561,0.010354876518249512,0.010354876518249512,0.921875,1,2
17,2562,0.12068060296587647,0.12713676691055298,0.6796875,2,3
17,2563,0.004059433937072754,0.004059433937072754,0.95703125,2,5
17,2564,0.11566263181157412,0.14767897129058838,0.61328125,1,2
17,2565,0.0003940463066101074,0.0003940463066101074,0.98046875,1,1
17,2566,0.01616966724395752,0.01616966724395752,0.90234375,1,4
17,2567,0.07345455884933472,0.07345455884933472,0.80859375,3,7
17,2568,0.08711951458826662,0.22757750749588013,0.453125,2,6
17,2569,0.03940075146965683,0.181740403175354,0.38671875,2,5
17,2570,0.11151157040148975,0.1603761911392212,0.578125,2,5
17,2571,0.08495837450027466,0.08495837450027466,0.75390625,1,2
17,2572,0.09198073158040644,0.22861230373382568,0.4609375,2,5
17,2573,0.045875370502471924,0.045875370502471924,0.82421875,1,3
17,2574,0.05655264854431152,0.05655264854431152,0.8203125,2,2
17,2575,0.003555595874786377,0.003555595874786377,0.9453125,3,4
17,2576,0.10582679510116577,0.10582679510116577,0.7109375,2,5
17,2577,0.01800525188446045,0.01800525188446045,0.9296875,1,2
17,2578,0.043169464799575515,0.16872340440750122,0.40234375,1,2
17,2579,0.0020058155059814453,0.0020058155059814453,0.9609375,2,2
17,2580,0.1204143287613988,0.18079805374145508,0.56640625,2,5
17,2581,0.0,0.2670515775680542,0.25390625,3,6
17,2582,0.005645275115966797,0.005645275115966797,0.95703125,1,1
17,2583,0.1259620673954487,0.14143109321594238,0.65625,2,3
17,2584,0.032378255040384836,0.2334882616996765,0.35546875,2,3
17,2585,0.10187554359436035,0.10187554359436035,0.765625,1,2
17,2586,0.017091035842895508,0.017091035842895508,0.8828125,2,4
17,2587,0.011418938636779785,0.011418938636779785,0.90625,3,4
17,2588,0.009440898895263672,0.009440898895263672,0.9375,2,3
17,2589,0.06775355339050293,0.06775355339050293,0.7890625,1,2
17,2590,0.05897533893585205,0.05897533893585205,0.79296875,2,3
17,2591,0.06781637668609619,0.06781637668609619,0.765625,2,5
17,2592,0.02757573127746582,0.02757573127746582,0.88671875,2,6
17,2593,0.1266975415637717,0.1321163773536682,0.68359375,2,5
17,2594,0.0957255531102419,0.09881347417831421,0.6875,2,3
17,2595,0.07835996150970459,0.07835996150970459,0.7265625,2,3
17,2596,0.0530816912651062,0.0530816912651062,0.81640625,1,3
17,2597,0.12414973380509765,0.12439268827438354,0.69921875,1,3
17,2598,0.03683745861053467,0.03683745861053467,0.890625,2,4
17,2599,0.023403679952025424,0.21397650241851807,0.34375,3,4
17,2600,0.06515014171600342,0.06515014171600342,0.79296875,2,3
17,2601,0.02959825191646815,0.22961068153381348,0.3515625,1,2
17,2602,0.009144186973571777,0.009144186973571777,0.94140625,1,3
17,2603,0.034233152866363525,0.034233152866363525,0.8359375,1,3
17,2604,0.009212791919708252,0.009212791919708252,0.92578125,1,2
17,2605,0.07948665972799064,0.20763862133026123,0.453125,2,6
17,2606,0.04382210969924927,0.04382210969924927,0.828125,2,2
17,2607,0.08199258847162129,0.21979165077209473,0.44921875,2,5
17,2608,0.00040149688720703125,0.00040149688720703125,0.99609375,2,2
17,2609,0.015370965003967285,0.015370965003967285,0.921875,2,5
17,2610,0.024263978004455566,0.024263978004455566,0.89453125,2,3
17,2611,0.13086670869961384,0.13786780834197998,0.6796875,2,6
17,2612,0.08437731442973019,0.13671261072158813,0.546875,1,1
17,2613,0.011139094829559326,0.011139094829559326,0.91015625,2,5
17,2614,0.0826757550239563,0.0826757550239563,0.76171875,1,2
17,2615,0.06961255485657604,0.1542927622795105,0.48046875,2,3
17,2616,0.07785606384277344,0.07785606384277344,0.76953125,2,4
17,2617,0.0863489266484976,0.1399071216583252,0.546875,3,3
17,2618,0.0031131505966186523,0.0031131505966186523,0.94921875,2,5
17,2619,0.004485189914703369,0.004485189914703369,0.9609375,1,3
17,2620,0.00691455602645874,0.00691455602645874,0.93359375,1,1
17,2621,0.10256677074357869,0.16885590553283691,0.54296875,1,2
17,2622,0.07510912418365479,0.07510912418365479,0.7734375,1,2
17,2623,0.0312504768371582,0.0312504768371582,0.9140625,1,1
17,2624,0.11707869614474477,0.1757897138595581,0.56640625,2,5
17,2625,0.006631970405578613,0.006631970405578613,0.9296875,1,2
17,2626,0.09625571966171265,0.09625571966171265,0.7109375,2,5
17,2627,0.048289358615875244,0.048289358615875244,0.86328125,2,5
17,2628,0.021639466285705566,0.021639466285705566,0.9296875,1,2
17,2629,0.0642313538119197,0.21779108047485352,0.41796875,1,2
17,2630,0.11187768541276456,0.160902738571167,0.578125,1,3
17,2631,0.01007688045501709,0.01007688045501709,0.9296875,3,6
17,2632,0.002125263214111328,0.002125263214111328,0.953125,1,2
18,2510,0.12693815177772197,0.1543760895729065,0.62890625,2,3
18,2593,0.11843570694327356,0.13445472717285156,0.65234375,2,5
18,2633,0.05677223205566406,0.05677223205566406,0.83203125,2,3
18,2634,0.0,0.33575791120529175,0.1953125,2,2
18,2635,0.089569091796875,0.089569091796875,0.76171875,1,1
18,2636,0.003802359104156494,0.003802359104156494,0.94140625,3,4
18,2637,0.12331323698163034,0.12729108333587646,0.6875,1,1
18,2638,0.011273384094238281,0.011273384094238281,0.91015625,3,5
18,2639,0.054885804653167725,0.054885804653167725,0.8515625,1,2
18,2640,0.056191861629486084,0.056191861629486084,0.828125,4,8
18,2641,0.018367767333984375,0.018367767333984375,0.8828125,1,2
18,2642,0.0023352503776550293,0.0023352503776550293,0.9453125,2,2
18,2643,0.12473260774277152,0.15538465976715088,0.62109375,1,1
18,2644,0.00037401914596557617,0.00037401914596557617,0.984375,2,2
18,2645,0.014148294925689697,0.014148294925689697,0.90625,2,4
18,2646,0.01298602740280331,0.25572484731674194,0.3203125,2,3
18,2647,0.00924670696258545,0.00924670696258545,0.921875,1,1
18,2648,0.0,0.2039981484413147,0.27734375,1,3
18,2649,0.009870588779449463,0.009870588779449463,0.921875,2,3
18,2650,0.08363536559045316,0.24330288171768188,0.4375,1,1
18,2651,0.10365372896194458,0.10365372896194458,0.72265625,1,2
18,2652,0.009527325630187988,0.009527325630187988,0.9296875,1,2
18,2653,0.08669943921267988,0.0894961953163147,0.6875,2,5
18,2654,0.06245642900466919,0.06245642900466919,0.72265625,1,2
18,2655,0.0600774884223938,0.0600774884223938,0.84765625,1,1
18,2656,0.010419785976409912,0.010419785976409912,0.92578125,1,2
18,2657,0.009927630424499512,0.009927630424499512,0.92578125,1,0
18,2658,0.07853540685027839,0.15406179428100586,0.50390625,2,3
18,2659,0.11558665381744505,0.18727964162826538,0.546875,2,5
18,2660,0.11617767810821533,0.11617767810821533,0.70703125,2,3
18,2661,0.04309284687042236,0.04309284687042236,0.875,1,1
18,2662,0.1304046432487667,0.14970219135284424,0.6484375,1,2
18,2663,0.026695549488067627,0.026695549488067627,0.8515625,1,1
18,2664,0.011581182479858398,0.011581182479858398,0.92578125,2,6
18,2665,0.09456636558752508,0.09664267301559448,0.69140625,2,2
18,2666,0.006516456604003906,0.006516456604003906,0.93359375,2,2
18,2667,0.0945584774017334,0.0945584774017334,0.7578125,1,1
18,2668,0.08570045232772827,0.08570045232772827,0.7734375,2,2
18,2669,0.11596736335195602,0.1600412130355835,0.58984375,1,3
18,2670,0.09575474262237549,0.09575474262237549,0.7421875,2,3
18,2671,0.10734277963638306,0.10734277963638306,0.7265625,3,6
18,2672,0.0013388395309448242,0.0013388395309448242,0.95703125,2,1
18,2673,0.04876583814620972,0.04876583814620972,0.796875,1,1
18,2674,0.08234184049069883,0.1584925651550293,0.5078125,3,6
18,2675,0.08966308832168579,0.08966308832168579,0.765625,3,4
18,2676,0.02565622329711914,0.02565622329711914,0.8828125,2,2
18,2677,0.00827258825302124,0.00827258825302124,0.9375,2,2
18,2678,0.08460838836617769,0.23933422565460205,0.44140625,1,3
18,2679,0.02728337049484253,0.02728337049484253,0.85546875,3,4
18,2680,0.0226326584815979,0.0226326584815979,0.91015625,1,1
18,2681,0.06880458700470628,0.19462954998016357,0.44140625,2,4
18,2682,0.07863547699525954,0.2580856680870056,0.421875,1,2
18,2683,0.07743382453918457,0.07743382453918457,0.7890625,1,1
18,2684,0.01850879192352295,0.01850879192352295,0.890625,2,3
18,2685,0.039377808570861816,0.039377808570861816,0.8515625,1,1
18,2686,0.08139977976679803,0.23679935932159424,0.4375,1,1
18,2687,0.07425832236185671,0.25178980827331543,0.41796875,1,2
18,2688,0.06400299072265625,0.06400299072265625,0.80859375,3,6
18,2689,0.11467238736804578,0.20176035165786743,0.52734375,1,3
18,2690,0.0,0.23744463920593262,0.2890625,1,1
18,2691,0.045408785343170166,0.045408785343170166,0.78515625,1,1
18,2692,0.06311880424618722,0.13693571090698242,0.484375,1,0
18,2693,0.0069501399993896484,0.0069501399993896484,0.9453125,1,2
18,2694,0.016244113445281982,0.016244113445281982,0.890625,1,0
18,2695,0.005904018878936768,0.005904018878936768,0.9375,2,5
18,2696,0.01638948917388916,0.01638948917388916,0.90234375,4,10
18,2697,0.001301884651184082,0.001301884651184082,0.9765625,2,4
18,2698,0.023913713986985396,0.24007493257522583,0.33984375,2,5
18,2699,0.04244308639317752,0.21515703201293945,0.37890625,2,5
18,2700,0.11941511370241643,0.1819658875465393,0.5625,3,5
18,2701,0.04349130392074585,0.04349130392074585,0.87109375,1,1
18,2702,0.024320363998413086,0.024320363998413086,0.8828125,2,4
18,2703,0.0031864866614341814,0.2719135284423828,0.3046875,1,3
18,2704,0.056039631366729736,0.056039631366729736,0.85546875,2,3
18,2705,0.097312331199646,0.097312331199646,0.75390625,1,1
18,2706,0.1001910319318995,0.12481218576431274,0.62109375,2,4
18,2707,0.009752511978149414,0.009752511978149414,0.9375,1,2
18,2708,0.08965432643890381,0.08965432643890381,0.75390625,1,2
18,2709,0.04842007346451283,0.182287335395813,0.40625,2,5
18,2611,0.12713258562143895,0.14119714498519897,0.66015625,2,6
18,2583,0.122510080691427,0.14386504888534546,0.640625,2,3
18,2710,0.1232610148144886,0.1368972659111023,0.66015625,1,2
18,2711,0.10824071872048081,0.11403137445449829,0.6796875,1,3
18,2712,0.11589226871728898,0.16667652130126953,0.578125,1,3
18,2713,0.0811995267868042,0.0811995267868042,0.78125,2,5
18,2714,0.06498903036117554,0.06498903036117554,0.83203125,2,5
18,2715,0.02795720100402832,0.02795720100402832,0.87890625,3,5
18,2716,0.010255813598632812,0.010255813598632812,0.9296875,1,2
18,2717,0.11802744527813049,0.18256813287734985,0.55859375,1,3
18,2718,0.11441659927368164,0.11441659927368164,0.72265625,2,6
18,2719,0.09246945381164551,0.09246945381164551,0.76171875,2,6
18,2720,0.07451319694519043,0.07451319694519043,0.7890625,2,6
18,2721,0.03736060857772827,0.03736060857772827,0.8828125,3,4
18,2722,0.11968398094177246,0.11968398094177246,0.71875,2,6
18,2723,0.1285915797343478,0.1459842324256897,0.65234375,3,5
18,2724,0.12267356249503793,0.1815285086631775,0.5703125,2,4
18,2725,0.12840563431382182,0.1748502254486084,0.59375,2,5
18,2726,0.11765290563926102,0.11904799938201904,0.6953125,2,5
18,2727,0.03664892911911011,0.03664892911911011,0.87109375,2,6
18,2728,0.06417555897496642,0.21760189533233643,0.41796875,2,3
18,2729,0.008963704109191895,0.008963704109191895,0.9296875,1,2
18,2730,0.09675741195678711,0.09675741195678711,0.76171875,2,5
18,2731,0.009935319423675537,0.009935319423675537,0.91796875,1,3
18,2732,0.10688340663909915,0.21376681327819824,0.5,2,4
18,2733,0.03830718994140625,0.03830718994140625,0.84375,1,3
18,2734,0.060255467891693115,0.060255467891693115,0.8515625,2,3
18,2735,0.09563112258911133,0.09563112258911133,0.75,3,5
18,2736,0.11817262961994858,0.17237716913223267,0.57421875,1,3
18,2737,0.05004775524139404,0.05004775524139404,0.8515625,1,2
18,2738,0.03653675317764282,0.03653675317764282,0.8984375,3,6
18,2739,0.09305745363235474,0.09305745363235474,0.7578125,3,7
18,2740,0.06399745424278082,0.2244294285774231,0.4140625,1,4
18,2741,0.09305137395858765,0.09305137395858765,0.765625,1,4
18,2742,0.045111000537872314,0.045111000537872314,0.83984375,1,2
18,2743,0.01046079397201538,0.01046079397201538,0.921875,3,7
18,2744,0.07432211237028243,0.26063644886016846,0.4140625,2,6
18,2745,0.10327130556106567,0.10327130556106567,0.7421875,2,6
18,2746,0.01311725378036499,0.01311725378036499,0.91015625,2,3
18,2747,0.12281069555319847,0.14098447561264038,0.6484375,2,3
18,2748,0.12273886287584902,0.12419426441192627,0.6953125,3,9
18,2749,0.011465787887573242,0.011465787887573242,0.91015625,3,7
18,2750,0.12017620902042837,0.13347119092941284,0.66015625,1,4
18,2751,0.12101638317108154,0.12101638317108154,0.703125,3,6
18,2752,0.10097705852240325,0.11337774991989136,0.65625,1,1
18,2753,0.003755807876586914,0.003755807876586914,0.9453125,1,1
18,2754,0.016982972621917725,0.016982972621917725,0.90234375,1,2
18,2755,0.1203305721282959,0.1203305721282959,0.703125,2,5
18,2756,0.04725314839743079,0.22824162244796753,0.3828125,1,3
18,2757,0.12980183144100013,0.1541961431503296,0.63671875,2,5
18,2758,0.0650644302368164,0.0650644302368164,0.76171875,1,2
18,2759,0.03778254985809326,0.03778254985809326,0.8828125,2,3
18,2760,0.12620864761993292,0.14820832014083862,0.640625,1,3
18,2761,0.1027422547340393,0.1027422547340393,0.73828125,2,5
18,2762,0.12534516444429758,0.13482505083084106,0.671875,2,5
18,2763,0.09574216604232788,0.09574216604232788,0.76171875,1,2
18,2764,0.04849648475646973,0.04849648475646973,0.8515625,2,6
18,2765,0.0982205211184919,0.14534366130828857,0.5703125,1,1
18,2766,0.1153029203414917,0.1153029203414917,0.71484375,1,3
18,2767,0.08019936084747314,0.08019936084747314,0.73046875,2,5
18,2768,0.006803393363952637,0.006803393363952637,0.97265625,1,2
18,2769,0.12325797602534296,0.16140174865722656,0.60546875,2,6
18,2770,0.12050073314458133,0.1296142339706421,0.671875,3,7
18,2771,0.006593763828277588,0.006593763828277588,0.94140625,1,2
18,2772,0.047372281551361084,0.047372281551361084,0.83203125,2,4
18,2773,0.03793370723724365,0.03793370723724365,0.859375,3,3
18,2774,0.03527367115020752,0.03527367115020752,0.84765625,2,4
18,2775,0.13464463502168658,0.14482784271240234,0.671875,3,7
18,2776,0.1263760441215709,0.1744057536125183,0.58984375,2,5
18,2777,0.0026345252990722656,0.0026345252990722656,0.96484375,3,6
18,2778,0.03267192840576172,0.03267192840576172,0.87890625,2,5
19,2662,0.11224338994361462,0.1333378553390503,0.63671875,1,2
19,2510,0.12118068931158633,0.14069050550460815,0.64453125,2,3
19,2779,0.005863189697265625,0.005863189697265625,0.9375,2,1
19,2780,0.008217882364988334,0.26297223567962646,0.3125,1,2
19,2781,0.11020272970199585,0.11020272970199585,0.75390625,2,3
19,2782,0.10570457868743689,0.14587801694869995,0.58984375,1,2
19,2783,0.006377100944519043,0.006377100944519043,0.953125,2,4
19,2784,0.03826749324798584,0.03826749324798584,0.8203125,4,6
19,2785,0.006866812705993652,0.006866812705993652,0.9375,1,1
19,2786,0.041471004486083984,0.041471004486083984,0.76171875,1,0
19,2787,0.09396920120343567,0.15984129905700684,0.53515625,1,1
19,2788,0.10737971565686168,0.11672699451446533,0.66796875,2,4
19,2789,0.07931269286200406,0.1837470531463623,0.47265625,2,4
19,2790,0.009360253810882568,0.009360253810882568,0.9375,2,5
19,2791,0.029847568366676576,0.2010783553123474,0.359375,1,1
19,2792,0.009211957454681396,0.009211957454681396,0.9140625,1,0
19,2793,0.06528913974761963,0.06528913974761963,0.8203125,1,1
19,2794,0.07806403376162054,0.19884967803955078,0.45703125,4,5
19,2795,0.0768337359186262,0.1957157850265503,0.45703125,1,2
19,2796,0.0052353739738464355,0.0052353739738464355,0.95703125,1,2
19,2797,0.07424330711364746,0.07424330711364746,0.8046875,1,1
19,2798,0.01677614450454712,0.01677614450454712,0.8828125,1,1
19,2799,0.057453297777101404,0.05871474742889404,0.69140625,1,1
19,2800,0.09526045154780151,0.1647748351097107,0.53125,1,2
19,2801,0.001596987247467041,0.001596987247467041,0.96875,2,3
19,2802,0.07995200192090125,0.08010846376419067,0.69921875,2,3
19,2803,0.11309111211448909,0.15399640798568726,0.59375,2,4
19,2804,0.016188740730285645,0.016188740730285645,0.9140625,2,2
19,2805,0.0882460721768439,0.1914491057395935,0.484375,1,1
19,2806,0.11160946218296887,0.14430314302444458,0.609375,2,4
19,2807,0.09143483638763428,0.09143483638763428,0.7578125,1,3
19,2808,0.03129410743713379,0.03129410743713379,0.88671875,1,1
19,2809,0.03664696216583252,0.03664696216583252,0.7890625,2,4
19,2810,0.01904761791229248,0.01904761791229248,0.875,1,2
19,2811,0.0026748180389404297,0.0026748180389404297,0.96484375,1,0
19,2812,0.08647310733795167,0.17294621467590332,0.5,1,3
19,2813,0.03804415464401245,0.03804415464401245,0.78125,2,4
19,2814,0.0,0.22357642650604248,0.23046875,2,5
19,2815,0.0,0.2414768934249878,0.265625,2,3
19,2816,0.11123850848525764,0.1184077262878418,0.67578125,1,2
19,2817,0.01448214054107666,0.01448214054107666,0.90234375,2,2
19,2818,0.09525555884465577,0.11185973882675171,0.640625,2,3
19,2819,0.058244769461452975,0.21149873733520508,0.41015625,2,4
19,2820,0.1144933942705393,0.12855398654937744,0.65625,2,4
19,2821,0.04430091381072998,0.04430091381072998,0.859375,1,2
19,2822,0.06144571304321289,0.06144571304321289,0.828125,1,1
19,2823,0.10604698397219182,0.1615954041481018,0.5625,2,4
19,2824,0.0,0.24231117963790894,0.29296875,2,4
19,2825,0.09853966068476441,0.18967032432556152,0.5078125,1,3
19,2826,0.030032753944396973,0.030032753944396973,0.83203125,1,3
19,2827,0.10110032558441162,0.10110032558441162,0.73828125,1,2
19,2828,0.09603172540664673,0.09603172540664673,0.7734375,1,3
19,2829,0.07716055400669576,0.16739916801452637,0.484375,2,2
19,2830,0.009268908295780427,0.22598481178283691,0.31640625,1,2
19,2831,0.0036166906356811523,0.0036166906356811523,0.95703125,1,0
19,2832,0.003829777240753174,0.003829777240753174,0.953125,1,0
19,2833,0.005732595920562744,0.005732595920562744,0.9609375,3,5
19,2834,0.09164339303970337,0.09164339303970337,0.75390625,2,4
19,2835,0.02345830202102661,0.02345830202102661,0.8828125,3,5
19,2836,0.01000058650970459,0.01000058650970459,0.92578125,2,4
19,2837,0.0465762260137126,0.21483808755874634,0.38671875,2,3
19,2838,0.07954744389280678,0.12888699769973755,0.546875,2,4
19,2839,0.10165942367166282,0.1348435878753662,0.6015625,1,1
19,2840,0.021465182304382324,0.021465182304382324,0.8515625,1,1
19,2841,0.10185922449454667,0.15755867958068848,0.55859375,2,4
19,2842,0.08725352201145144,0.18536847829818726,0.48828125,1,2
19,2843,0.04407012462615967,0.04407012462615967,0.7421875,1,1
19,2844,0.11259599821642043,0.17959237098693848,0.55078125,1,3
19,2845,0.01475602388381958,0.01475602388381958,0.93359375,2,2
19,2846,0.007647514343261719,0.007647514343261719,0.9609375,2,5
19,2775,0.11141720833256842,0.1323564052581787,0.63671875,3,7
19,2757,0.1148536443943158,0.13967949151992798,0.62890625,2,5
19,2847,0.11029022932052612,0.11029022932052612,0.7109375,2,4
19,2848,0.08056171552743764,0.1785610318183899,0.48046875,2,7
19,2849,0.0903698205947876,0.0903698205947876,0.72265625,1,2
19,2850,0.11451547779142858,0.128578782081604,0.65625,3,5
19,2851,0.03532010316848755,0.03532010316848755,0.81640625,2,5
19,2852,0.10918988240882756,0.17148840427398682,0.5546875,2,5
19,2853,0.03038489818572998,0.03038489818572998,0.90234375,2,3
19,2854,0.06996625429019333,0.07079589366912842,0.6953125,4,11
19,2855,0.08048766851425171,0.08048766851425171,0.76171875,2,6
19,2856,0.0007410645484924316,0.0007410645484924316,0.98828125,2,4
19,2857,0.09021737566217782,0.16735976934432983,0.515625,2,3
19,2858,0.006444811820983887,0.006444811820983887,0.94921875,2,2
19,2859,0.10892701102420689,0.15448927879333496,0.58203125,1,2
19,2860,0.10010838508605957,0.10010838508605957,0.71875,3,7
19,2861,0.02466130256652832,0.02466130256652832,0.8671875,1,1
19,2862,0.10335929132997991,0.14074456691741943,0.59375,2,4
19,2863,0.028326690196990967,0.028326690196990967,0.91015625,2,6
19,2864,0.09710550843738021,0.17085230350494385,0.52734375,1,3
19,2865,0.0004985928535461426,0.0004985928535461426,0.984375,1,2
19,2866,0.09152424335479736,0.09152424335479736,0.72265625,3,5
19,2867,0.011059701442718506,0.011059701442718506,0.89453125,2,4
19,2868,0.1025487743318081,0.18042945861816406,0.52734375,2,6
19,2869,0.08962091594003142,0.10771340131759644,0.6328125,1,2
19,2870,0.022167444229125977,0.022167444229125977,0.8828125,3,5
19,2871,0.08005130290985107,0.08005130290985107,0.75390625,3,5
19,2872,0.010682344436645508,0.010682344436645508,0.921875,1,2
19,2873,0.002948284149169922,0.002948284149169922,0.95703125,2,2
19,2874,0.11320578563027085,0.11454814672470093,0.6953125,3,5
19,2875,0.1116363850887865,0.12265628576278687,0.6640625,2,4
19,2876,0.012078821659088135,0.012078821659088135,0.890625,2,6
19,2877,0.11177303967997433,0.12280642986297607,0.6640625,3,5
19,2878,0.0010927319526672363,0.0010927319526672363,0.98046875,4,5
19,2879,0.014903426170349121,0.014903426170349121,0.8984375,1,2
19,2880,0.03535938262939453,0.03535938262939453,0.828125,2,2
19,2881,0.07710744277574123,0.20669639110565186,0.44921875,2,4
19,2882,0.04900139570236206,0.04900139570236206,0.8359375,2,6
19,2883,0.07627248764038086,0.07627248764038086,0.74609375,2,4
19,2884,0.10767189832404257,0.12940847873687744,0.6328125,3,8
19,2885,0.0063231587409973145,0.0063231587409973145,0.96484375,2,5
19,2886,0.09186869859695435,0.09186869859695435,0.72265625,1,3
19,2887,0.02799975872039795,0.02799975872039795,0.90234375,2,5
19,2888,0.03981280326843262,0.03981280326843262,0.84765625,2,6
19,2889,0.05524247884750366,0.05524247884750366,0.78515625,1,3
19,2890,0.03700590133666992,0.03700590133666992,0.8203125,3,4
19,2891,0.10330647230148315,0.10330647230148315,0.703125,2,5
19,2892,0.10103678703308105,0.10103678703308105,0.71484375,3,9
19,2893,0.033837199211120605,0.033837199211120605,0.83984375,4,8
19,2894,0.04012322425842285,0.04012322425842285,0.77734375,3,5
19,2895,0.07620269060134888,0.07620269060134888,0.75,2,5
19,2896,0.009052872657775879,0.009052872657775879,0.9609375,2,5
19,2897,0.04548311233520508,0.04548311233520508,0.87109375,1,2
19,2898,0.02755439281463623,0.02755439281463623,0.90234375,3,8
19,2899,0.04131579399108887,0.04131579399108887,0.7890625,2,4
19,2900,0.09902238962240519,0.14444291591644287,0.57421875,2,5
19,2901,0.06006264686584473,0.06006264686584473,0.80078125,3,7
19,2902,0.001927495002746582,0.001927495002746582,0.9765625,3,7
19,2903,0.005398690700531006,0.005398690700531006,0.94921875,3,7
19,2904,0.11314657598268242,0.1284502148628235,0.65234375,3,6
19,2905,0.02110975980758667,0.02110975980758667,0.9296875,1,2
19,2906,0.11222749063745142,0.13980650901794434,0.62109375,2,5
19,2907,0.11103960522450508,0.1334560513496399,0.6328125,2,4
19,2908,0.0680888295173645,0.0680888295173645,0.78125,3,7
19,2909,0.11877256515435876,0.157542884349823,0.6015625,2,6
19,2910,0.10979658504948021,0.16247355937957764,0.5703125,2,5
19,2911,0.00762021541595459,0.00762021541595459,0.94921875,3,6
19,2912,0.11059766914695503,0.12151503562927246,0.6640625,2,5
19,2913,0.08385902130976321,0.18193143606185913,0.484375,2,5
19,2914,0.11306863871868701,0.1480591893196106,0.60546875,2,3
19,2915,0.09297060966491699,0.09297060966491699,0.75390625,1,3
19,2916,0.10939498990774156,0.11292386054992676,0.6875,3,4
19,2917,0.11813818337395789,0.16303706169128418,0.58984375,2,6
19,2918,0.09018021821975708,0.09018021821975708,0.72265625,2,6
19,2919,0.04477238655090332,0.04477238655090332,0.84375,3,10
19,2920,0.046548426151275635,0.046548426151275635,0.80078125,1,3
19,2921,0.10790708754211666,0.1469373106956482,0.59375,3,8
19,2922,0.08016860915813596,0.09307557344436646,0.64453125,4,8
19,2923,0.1130737508647144,0.12980663776397705,0.6484375,3,6
19,2924,0.10608776193112136,0.10841703414916992,0.69140625,2,5
20,2909,0.13601940439548346,0.16944509744644165,0.62109375,2,6
20,2917,0.13738131197169426,0.17540955543518066,0.61328125,2,6
20,2925,0.011145532131195068,0.011145532131195068,0.9453125,4,7
20,2926,0.10814480204135182,0.19704675674438477,0.51953125,2,4
20,2927,0.13032833673059943,0.14795589447021484,0.65234375,2,3
20,2928,0.008649826049804688,0.008649826049804688,0.96875,2,5
20,2929,0.1313262727344409,0.1427580714225769,0.66796875,3,8
20,2930,0.04920168395619841,0.2494184374809265,0.37890625,3,8
20,2931,0.08911645412445068,0.08911645412445068,0.78125,3,5
20,2932,0.04474616050720215,0.04474616050720215,0.828125,4,7
20,2933,0.10849618911743164,0.10849618911743164,0.76171875,2,2
20,2934,0.13042393629439178,0.13197046518325806,0.6953125,3,5
20,2935,0.014374375343322754,0.014374375343322754,0.94921875,1,3
20,2936,0.04183422541245819,0.2644336223602295,0.36328125,1,2
20,2937,0.04518783092498779,0.04518783092498779,0.828125,2,2
20,2938,0.10611547774169597,0.2081652283668518,0.50390625,1,2
20,2939,0.04013776779174805,0.04013776779174805,0.8203125,2,3
20,2940,0.08587688207626343,0.08587688207626343,0.73046875,2,3
20,2941,0.004294395446777344,0.004294395446777344,0.97265625,3,4
20,2942,0.09540969668887557,0.10482782125473022,0.6640625,1,2
20,2943,0.12072810262907298,0.17122656106948853,0.58203125,4,7
20,2944,0.11781728267669678,0.11781728267669678,0.734375,3,7
20,2945,0.026462197303771973,0.026462197303771973,0.91015625,2,6
20,2946,0.08574628829956055,0.08574628829956055,0.8046875,1,3
20,2947,0.0,0.27578675746917725,0.28125,2,5
20,2948,0.11981235444545747,0.16760635375976562,0.5859375,2,4
20,2949,0.01333630084991455,0.01333630084991455,0.9609375,3,7
20,2950,0.0005012154579162598,0.0005012154579162598,0.98828125,3,4
20,2951,0.005469977855682373,0.005469977855682373,0.96484375,2,3
20,2952,0.057847440242767334,0.057847440242767334,0.859375,2,4
20,2953,0.13701526331715289,0.15554726123809814,0.65234375,1,3
20,2954,0.13400328159332275,0.13400328159332275,0.703125,1,3
20,2955,0.12887723778840157,0.19935089349746704,0.55859375,2,5
20,2956,0.024793624877929688,0.024793624877929688,0.9140625,2,5
20,2957,0.07195061445236206,0.07195061445236206,0.83984375,2,4
20,2958,0.12248610961250962,0.15258610248565674,0.62109375,3,5
20,2959,0.071099566295743,0.2333524227142334,0.421875,3,5
20,2960,0.09487771987915039,0.09487771987915039,0.7265625,1,3
20,2961,0.10941335558891299,0.21882671117782593,0.5,1,3
20,2962,0.09870963823050262,0.20970678329467773,0.48828125,3,5
20,2963,0.09535205364227295,0.09535205364227295,0.796875,2,5
20,2964,0.05616021156311035,0.05616021156311035,0.80859375,4,5
20,2965,0.1275304087903351,0.1713794469833374,0.59765625,2,6
20,2966,0.003253042697906494,0.003253042697906494,0.98828125,2,3
20,2967,0.0,0.2996354103088379,0.1796875,3,6
20,2968,0.1362398230703548,0.16568833589553833,0.62890625,3,5
20,2969,0.0016454458236694336,0.0016454458236694336,0.984375,3,6
20,2970,0.09902602434158325,0.09902602434158325,0.77734375,3,4
20,2971,0.01253875740803779,0.24691706895828247,0.3203125,2,5
20,2972,0.058511316776275635,0.058511316776275635,0.78125,2,4
20,2973,0.12980824988335374,0.1721808910369873,0.6015625,1,2
20,2974,0.09433817863464355,0.09433817863464355,0.73828125,3,5
20,2975,0.1151239275932312,0.1151239275932312,0.7578125,3,5
20,2976,0.015925288200378418,0.015925288200378418,0.93359375,2,4
20,2977,0.12594622373580933,0.12594622373580933,0.703125,3,5
20,2978,0.0010906457901000977,0.0010906457901000977,0.98828125,2,6
20,2979,0.022223472595214844,0.022223472595214844,0.92578125,3,5
20,2980,0.1334321142639965,0.146603524684906,0.6640625,2,4
20,2981,0.049535393714904785,0.049535393714904785,0.80859375,2,5
20,2982,0.016145527362823486,0.016145527362823486,0.90625,2,4
20,2983,0.13214587804395708,0.14676505327224731,0.66015625,2,6
20,2984,0.04914987087249756,0.04914987087249756,0.81640625,3,7
20,2985,0.07216465473175049,0.07216465473175049,0.76171875,2,4
20,2986,0.008398354053497314,0.008398354053497314,0.96484375,2,4
20,2987,0.09642821550369263,0.09642821550369263,0.71875,2,2
20,2988,0.03676325082778931,0.03676325082778931,0.921875,3,4
20,2989,0.011836349964141846,0.011836349964141846,0.94140625,3,5
20,2990,0.011893153190612793,0.011893153190612793,0.94921875,2,6
20,2991,0.12994187953881922,0.13831651210784912,0.67578125,3,7
20,2992,0.09150383435189725,0.22742700576782227,0.4609375,2,5
20,2993,0.11443924903869629,0.11443924903869629,0.7578125,2,5
20,2994,0.015025556087493896,0.015025556087493896,0.9375,1,3
20,2995,0.004400968551635742,0.004400968551635742,0.9765625,2,3
20,2996,0.007174372673034668,0.007174372673034668,0.97265625,3,5
20,2997,0.12808178924024108,0.1951722502708435,0.5625,3,6
20,2998,0.0031968355178833008,0.0031968355178833008,0.97265625,2,4
20,2999,0.13930876913946125,0.15143543481826782,0.66796875,3,5
20,3000,0.037192344665527344,0.037192344665527344,0.90234375,2,3
20,3001,0.1329432725906372,0.1329432725906372,0.703125,3,6
20,3002,0.13860925496555868,0.160925030708313,0.64453125,2,4
20,3003,0.12494334415532651,0.1992865800857544,0.55078125,3,5
20,3004,0.03950148820877075,0.03950148820877075,0.8359375,4,5
20,3005,0.13279251731000843,0.147483229637146,0.66015625,3,5
20,3006,0.059093475341796875,0.059093475341796875,0.8671875,2,5
20,3007,0.013485610485076904,0.013485610485076904,0.953125,2,4
20,3008,0.07891130447387695,0.07891130447387695,0.8359375,2,4
20,3009,0.12501885625533762,0.18771159648895264,0.56640625,2,5
20,3010,0.013796091079711914,0.013796091079711914,0.93359375,4,5
20,3011,0.1158974039135501,0.19080215692520142,0.54296875,2,2
20,3012,0.12361381575465205,0.1883639097213745,0.5625,3,6
20,3013,0.009308576583862305,0.009308576583862305,0.9453125,2,4
20,3014,0.002455770969390869,0.002455770969390869,0.9765625,2,5
20,2510,0.130784347653389,0.1535816192626953,0.640625,2,3
20,2803,0.12763006298337135,0.1671268343925476,0.60546875,2,4
20,3015,0.03781527280807495,0.03781527280807495,0.91015625,1,1
20,3016,0.11564558744430542,0.11564558744430542,0.74609375,2,4
20,3017,0.006342172622680664,0.006342172622680664,0.96484375,1,2
20,3018,0.08853214979171753,0.08853214979171753,0.734375,2,3
20,3019,0.061368465423583984,0.061368465423583984,0.7578125,2,3
20,3020,0.07292389869689941,0.07292389869689941,0.75390625,2,4
20,3021,0.061192095279693604,0.061192095279693604,0.83984375,1,1
20,3022,0.13093557476531717,0.1592375636100769,0.62890625,2,3
20,3023,0.0020530223846435547,0.0020530223846435547,0.984375,2,2
20,3024,0.012059628963470459,0.012059628963470459,0.93359375,3,4
20,3025,0.06990813952870668,0.08708751201629639,0.62109375,1,3
20,3026,0.05091773706953974,0.21545356512069702,0.39453125,1,2
20,3027,0.12886697053909302,0.12886697053909302,0.71875,3,3
20,3028,0.09970200085081161,0.16413962841033936,0.54296875,2,3
20,3029,0.11986481281928721,0.18825393915176392,0.5546875,3,4
20,3030,0.07987618446350098,0.07987618446350098,0.8046875,2,3
20,3031,0.13228594569955024,0.1571471095085144,0.63671875,2,3
20,3032,0.05480940453708173,0.24191737174987793,0.390625,2,3
20,3033,0.02566695213317871,0.02566695213317871,0.9296875,2,3
20,3034,0.007234334945678711,0.007234334945678711,0.9609375,1,0
20,3035,0.09614396095275879,0.09614396095275879,0.734375,2,4
20,3036,0.0983991026878357,0.0983991026878357,0.78515625,2,4
20,3037,0.003560364246368408,0.003560364246368408,0.98046875,1,0
20,3038,0.06128732347860934,0.21492540836334229,0.4140625,3,5
20,3039,0.06268477439880371,0.06268477439880371,0.81640625,1,3
20,3040,0.128455450758338,0.13259917497634888,0.6875,1,2
20,3041,0.0697699785232544,0.0697699785232544,0.78125,3,4
20,3042,0.11024236679077148,0.11024236679077148,0.76171875,1,3
20,3043,0.04758728784509004,0.1727992296218872,0.41015625,2,3
20,3044,0.028177738189697266,0.028177738189697266,0.9296875,2,2
20,3045,0.005344390869140625,0.005344390869140625,0.98828125,3,5
20,3046,0.0007428526878356934,0.0007428526878356934,0.98828125,1,1
20,3047,0.03556257486343384,0.03556257486343384,0.90625,2,1
20,3048,0.011411070823669434,0.011411070823669434,0.9453125,1,1
20,3049,0.01396864652633667,0.01396864652633667,0.921875,2,3
20,3050,0.10751956701278687,0.10751956701278687,0.75390625,2,3
20,3051,0.02095973491668701,0.02095973491668701,0.94140625,2,3
20,3052,0.08641010522842407,0.08641010522842407,0.796875,1,2
20,3053,0.1289079785346985,0.1289079785346985,0.71875,1,1
20,3054,0.00839453935623169,0.00839453935623169,0.94921875,1,2
20,3055,0.0035974979400634766,0.0035974979400634766,0.98046875,3,3
20,3056,0.060766398906707764,0.060766398906707764,0.79296875,2,1
20,3057,0.021227717399597168,0.021227717399597168,0.92578125,2,4
20,3058,0.01729607582092285,0.01729607582092285,0.92578125,2,2
20,3059,0.10993289947509766,0.10993289947509766,0.78515625,1,2
20,3060,0.00466841459274292,0.00466841459274292,0.97265625,2,1
20,3061,0.09139266004785897,0.17591369152069092,0.5078125,2,4
20,3062,0.1311452089576051,0.15225929021835327,0.64453125,2,4
20,3063,0.0020061731338500977,0.0020061731338500977,0.9765625,2,2
20,3064,0.001761019229888916,0.001761019229888916,0.98828125,3,4
20,3065,0.057666897773742676,0.057666897773742676,0.80078125,2,3
20,3066,0.03502488136291504,0.03502488136291504,0.87890625,1,1
20,3067,0.009266078472137451,0.009266078472137451,0.953125,1,2
20,3068,0.12035678839311005,0.1429760456085205,0.63671875,2,4
20,3069,0.022335350513458252,0.022335350513458252,0.90234375,1,1
20,3070,0.04209059476852417,0.04209059476852417,0.82421875,2,3
21,2995,0.0038602352142333984,0.0038602352142333984,0.94921875,2,3
21,3071,0.004606723785400391,0.004606723785400391,0.953125,2,2
21,3072,0.00036770105361938477,0.00036770105361938477,0.984375,1,2
21,3002,0.1402376974001527,0.14774012565612793,0.6796875,2,4
21,2953,0.14143002079799774,0.14310705661773682,0.6953125,1,3
21,3073,0.06718826293945312,0.06718826293945312,0.83984375,2,3
21,3074,0.06666684150695801,0.06666684150695801,0.828125,1,2
21,3075,0.00944739580154419,0.00944739580154419,0.91015625,1,2
21,3076,0.10549736022949219,0.10549736022949219,0.77734375,2,4
21,3077,0.05480968952178955,0.05480968952178955,0.875,2,4
21,3078,0.06555597973056139,0.2562187910079956,0.40234375,1,1
21,3079,0.0024306774139404297,0.0024306774139404297,0.95703125,3,5
21,3080,0.0438542366027832,0.0438542366027832,0.84375,1,3
21,3081,0.13312263926491144,0.154555082321167,0.64453125,3,5
21,3082,0.0,0.332913339138031,0.12109375,2,3
21,3083,0.12448609247803691,0.18969309329986572,0.5625,3,6
21,3084,0.03149474877864123,0.22711706161499023,0.35546875,2,4
21,3085,0.1010828750440851,0.21474868059158325,0.48828125,3,4
21,3086,0.07113474607467651,0.07113474607467651,0.8203125,3,5
21,3087,0.06239281874150039,0.21880221366882324,0.4140625,3,6
21,3088,0.09052920341491699,0.09052920341491699,0.80859375,2,4
21,3089,0.1321022042538971,0.16659194231033325,0.6171875,3,6
21,3090,0.04325920343399048,0.04325920343399048,0.89453125,4,7
21,3091,0.13998585741501304,0.14025980234146118,0.69921875,2,4
21,3092,0.009774982929229736,0.009774982929229736,0.90625,2,4
21,3093,0.12231554347090426,0.20465868711471558,0.5390625,1,4
21,3094,0.06093043088912964,0.06093043088912964,0.87109375,1,1
21,3095,0.12021446228027344,0.12021446228027344,0.7421875,2,4
21,3096,0.0492626428604126,0.0492626428604126,0.8828125,2,3
21,3097,0.10125625133514404,0.10125625133514404,0.77734375,3,3
21,3098,0.03170269727706909,0.03170269727706909,0.90234375,2,3
21,3099,0.13970783795230093,0.16038209199905396,0.6484375,2,3
21,3100,0.04514765739440918,0.04514765739440918,0.8359375,2,4
21,3101,0.11430035170633349,0.2011057734489441,0.52734375,3,5
21,3102,0.12582463026046753,0.12582463026046753,0.7265625,1,3
21,3103,0.12905287183821204,0.19665199518203735,0.5625,3,5
21,3104,0.0085219144821167,0.0085219144821167,0.94921875,3,5
21,3105,0.07841014862060547,0.07841014862060547,0.83984375,1,2
21,3106,0.06423776922747494,0.17219758033752441,0.44921875,1,2
21,3107,0.09888063743710519,0.10635900497436523,0.671875,1,3
21,3108,0.015215694904327393,0.015215694904327393,0.9296875,3,6
21,3109,0.03945934772491455,0.03945934772491455,0.8984375,1,2
21,3110,0.010138928890228271,0.010138928890228271,0.91015625,2,5
21,3111,0.004130661487579346,0.004130661487579346,0.9296875,3,3
21,3112,0.13385013956576589,0.19250357151031494,0.578125,3,6
21,3113,0.07674860954284668,0.07674860954284668,0.81640625,1,2
21,3114,0.03514736890792847,0.03514736890792847,0.91015625,1,2
21,3115,0.0010666847229003906,0.0010666847229003906,0.97265625,1,2
21,3116,0.09289353899657728,0.0958901047706604,0.6875,2,4
21,3117,0.03371620178222656,0.03371620178222656,0.89453125,1,1
21,3118,0.04628896713256836,0.04628896713256836,0.8828125,2,3
21,3119,0.016849736217409383,0.2782924175262451,0.32421875,1,3
21,3120,0.021070241928100586,0.021070241928100586,0.89453125,3,3
21,3121,0.011429667472839355,0.011429667472839355,0.94140625,1,1
21,3122,0.13817094638943675,0.14262807369232178,0.6875,2,4
21,3123,0.1241804910823703,0.14924979209899902,0.6328125,1,1
21,3124,0.1092779263854027,0.14494895935058594,0.6015625,2,4
21,3125,0.09035837650299072,0.09035837650299072,0.796875,2,4
21,3126,0.008930742740631104,0.008930742740631104,0.91015625,4,3
21,3127,0.09489178657531738,0.09489178657531738,0.73046875,2,4
21,3128,0.005211830139160156,0.005211830139160156,0.9609375,1,2
21,3129,0.07712531089782715,0.07712531089782715,0.8359375,3,5
21,3130,0.01753103733062744,0.01753103733062744,0.8984375,2,4
21,3131,0.11565130669623616,0.21454155445098877,0.515625,3,5
21,3132,0.07820127555169167,0.24868977069854736,0.42578125,4,7
21,3133,0.0003558993339538574,0.0003558993339538574,0.984375,3,5
21,3134,0.13123439392074945,0.15960097312927246,0.62890625,3,5
21,3135,0.13272099266760054,0.16737228631973267,0.6171875,1,2
21,2999,0.13942503929138184,0.13942503929138184,0.70703125,3,5
21,2917,0.14509430620819333,0.16291290521621704,0.65625,2,6
21,3136,0.0,0.2441396713256836,0.28515625,2,2
21,3137,0.006155073642730713,0.006155073642730713,0.9140625,3,4
21,3138,0.0212823748588562,0.0212823748588562,0.87890625,3,4
21,3139,0.039619624614715576,0.039619624614715576,0.84375,1,2
21,3140,0.10863429924938829,0.22159665822982788,0.49609375,2,6
21,3141,0.08716922998428345,0.08716922998428345,0.80078125,3,5
21,3142,0.1230347752571106,0.1230347752571106,0.74609375,2,6
21,3143,0.041816890239715576,0.041816890239715576,0.89453125,2,3
21,3144,0.0,0.2585409879684448,0.21484375,2,2
21,3145,0.11409787391312422,0.11660301685333252,0.69140625,2,7
21,3146,0.07891416549682617,0.07891416549682617,0.77734375,2,4
21,3147,0.10991406440734863,0.10991406440734863,0.74609375,3,5
21,3148,0.012207508087158203,0.012207508087158203,0.88671875,3,7
21,3149,0.1114611029624939,0.1114611029624939,0.734375,2,5
21,3150,0.09169661998748779,0.09169661998748779,0.8046875,1,1
21,3151,0.03478032350540161,0.03478032350540161,0.8359375,2,1
21,3152,0.12410678027663383,0.20431727170944214,0.54296875,3,7
21,3153,0.06744829856324942,0.24491864442825317,0.41015625,2,6
21,3154,0.024747073650360107,0.024747073650360107,0.921875,3,6
21,3155,0.11538809537887573,0.11538809537887573,0.74609375,3,7
21,3156,0.07044056337326766,0.18400800228118896,0.453125,1,1
21,3157,0.040320515632629395,0.040320515632629395,0.84765625,3,4
21,3158,0.13883407833054665,0.15419316291809082,0.66015625,2,4
21,3159,0.11839914321899414,0.11839914321899414,0.734375,3,5
21,3160,0.14063978707417849,0.15127640962600708,0.671875,3,5
21,3161,0.03217273950576782,0.03217273950576782,0.91796875,2,6
21,3162,0.10882756405044348,0.1263485550880432,0.64453125,3,5
21,3163,0.025815904140472412,0.025815904140472412,0.9296875,3,6
21,3164,0.028882145881652832,0.028882145881652832,0.86328125,2,3
21,3165,0.003595709800720215,0.003595709800720215,0.953125,1,2
21,3166,0.12388473749160767,0.12388473749160767,0.7265625,1,3
21,3167,0.14419897622428837,0.1637026071548462,0.65234375,1,2
21,3168,0.041520535945892334,0.041520535945892334,0.8984375,2,3
21,3169,0.02878272533416748,0.02878272533416748,0.86328125,4,6
21,3170,0.008287549018859863,0.008287549018859863,0.94921875,3,4
21,3171,0.028051443514414142,0.2354481816291809,0.34765625,3,5
21,3172,0.14016924658790234,0.162736177444458,0.64453125,1,2
21,3173,0.10685996152460576,0.13816237449645996,0.609375,2,2
21,3174,0.1205883611692116,0.19234031438827515,0.55078125,2,7
21,3175,0.022126376628875732,0.022126376628875732,0.88671875,2,2
21,3176,0.1306042384821922,0.1852337121963501,0.58203125,2,4
21,3177,0.03880375623703003,0.03880375623703003,0.875,3,5
21,3178,0.08792316913604736,0.08792316913604736,0.81640625,2,4
21,3179,0.1356045558350161,0.18714159727096558,0.58984375,3,4
21,3180,0.038986146450042725,0.038986146450042725,0.890625,2,2
21,3181,0.031944990158081055,0.031944990158081055,0.91796875,3,7
21,3182,0.14132897881790998,0.1659643054008484,0.640625,3,6
21,3183,0.021555046550929557,0.23991703987121582,0.3359375,3,4
21,3184,0.12242679763585332,0.1922776699066162,0.5546875,1,2
21,3185,0.06536674499511719,0.06536674499511719,0.83984375,2,5
21,3186,0.01326054334640503,0.01326054334640503,0.9453125,3,4
21,3187,0.1388405573088676,0.16493356227874756,0.63671875,3,5
21,3188,0.023104846477508545,0.023104846477508545,0.921875,4,6
21,3189,0.0032172203063964844,0.0032172203063964844,0.9609375,3,4
21,3190,1.2218952178955078e-05,1.2218952178955078e-05,1.0,3,4
21,3191,0.02546226978302002,0.02546226978302002,0.9296875,1,3
21,3192,0.1288891471922398,0.1687755584716797,0.60546875,3,6
21,3193,0.005836308002471924,0.005836308002471924,0.93359375,3,4
21,3194,0.12855609063990417,0.1902332901954651,0.5703125,1,3
21,3195,0.008492887020111084,0.008492887020111084,0.921875,2,3
21,3196,0.14399196277372542,0.165300190448761,0.6484375,4,10
21,3197,0.057286620140075684,0.057286620140075684,0.859375,2,4
21,3198,0.08869379723910244,0.08886736631393433,0.69921875,2,3
21,3199,0.1276005506515503,0.1276005506515503,0.73046875,3,6
21,3200,0.063018502201885,0.07850480079650879,0.62109375,2,2
21,3201,0.001138150691986084,0.001138150691986084,0.9765625,2,4
21,3202,0.0022686123847961426,0.0022686123847961426,0.9609375,1,1
21,3203,0.08032071590423584,0.08032071590423584,0.83984375,1,1
21,3204,0.1169137954711914,0.1169137954711914,0.73828125,3,5
21,3205,0.08310449123382568,0.08310449123382568,0.76953125,3,4
21,3206,0.04322934150695801,0.04322934150695801,0.88671875,3,5
21,3207,0.1341790646547452,0.18031412363052368,0.59765625,2,6
21,3208,0.03764939308166504,0.03764939308166504,0.90234375,1,2
21,3209,0.11135197640396656,0.11379683017730713,0.69140625,1,1
21,3210,0.03275343589484692,0.22065472602844238,0.359375,2,3
21,3211,0.011175394058227539,0.011175394058227539,0.96484375,3,7
21,3212,0.06450140476226807,0.06450140476226807,0.79296875,2,4
21,3213,0.12785798194818201,0.17886143922805786,0.5859375,2,4
21,3214,0.04228997230529785,0.04228997230529785,0.83984375,3,6
21,3215,0.12227922677993774,0.12227922677993774,0.734375,3,6
22,3071,0.004655778408050537,0.004655778408050537,0.95703125,2,2
22,2995,0.0037689208984375,0.0037689208984375,0.9453125,2,3
22,3216,0.0001170039176940918,0.0001170039176940918,0.9921875,1,1
22,3217,0.00012958049774169922,0.00012958049774169922,0.98828125,2,1
22,3081,0.11972018773667516,0.14914047718048096,0.62109375,3,5
22,3134,0.12312390282750131,0.15720558166503906,0.61328125,3,5
22,3218,0.11139046959578992,0.12371349334716797,0.66015625,2,4
22,3219,0.01165837049484253,0.01165837049484253,0.9296875,2,2
22,3220,0.0839989185333252,0.0839989185333252,0.73828125,4,7
22,3221,0.09417261835187675,0.2232239842414856,0.46875,4,6
22,3222,0.025217831134796143,0.025217831134796143,0.87109375,2,3
22,3223,0.0077561140060424805,0.0077561140060424805,0.94140625,3,6
22,3224,0.10750514268875123,0.1087799072265625,0.6953125,2,3
22,3225,0.11408952344208957,0.1848539113998413,0.546875,3,6
22,3226,0.11899913731031121,0.15991485118865967,0.59765625,3,6
22,3227,0.09043598175048828,0.09043598175048828,0.7421875,3,8
22,3228,0.006312966346740723,0.006312966346740723,0.94140625,2,3
22,3229,0.040298521518707275,0.040298521518707275,0.85546875,1,1
22,3230,0.009472191333770752,0.009472191333770752,0.9296875,3,4
22,3231,0.0793156623840332,0.0793156623840332,0.80859375,2,3
22,3232,0.05785858631134033,0.05785858631134033,0.8203125,3,5
22,3233,0.09396352933254094,0.19962376356124878,0.48828125,4,8
22,3234,0.011619210243225098,0.011619210243225098,0.921875,3,3
22,3235,0.12214376032352449,0.1503307819366455,0.625,2,5
22,3236,0.01617109775543213,0.01617109775543213,0.91796875,3,6
22,3237,0.0802183747291565,0.0802183747291565,0.76171875,2,2
22,3238,0.08184301853179932,0.08184301853179932,0.76171875,3,3
22,3239,0.1208740887232125,0.15628165006637573,0.609375,3,5
22,3240,0.12237010896205903,0.1759929656982422,0.578125,3,4
22,3241,0.12766663730144504,0.13178491592407227,0.6875,3,5
22,3242,0.010366082191467285,0.010366082191467285,0.9296875,1,3
22,3243,0.01514822244644165,0.01514822244644165,0.8984375,3,4
22,3244,0.07695910753682257,0.20103603601455688,0.453125,2,4
22,3245,0.021646201610565186,0.021646201610565186,0.90625,3,4
22,3246,0.0508309006690979,0.0508309006690979,0.86328125,3,5
22,3247,0.12519698496907952,0.157883882522583,0.6171875,2,4
22,3248,0.03194063901901245,0.03194063901901245,0.8671875,1,2
22,3249,0.016864895820617676,0.016864895820617676,0.8984375,3,5
22,3250,0.06544750928878784,0.06544750928878784,0.82421875,2,5
22,3251,0.06456148205325009,0.21189409494400024,0.421875,2,6
22,3252,0.11030417354777457,0.14261549711227417,0.609375,1,1
22,3253,0.05076403915882112,0.2240619659423828,0.390625,3,5
22,3254,0.012516438961029053,0.012516438961029053,0.90234375,1,1
22,3255,0.07860672473907471,0.07860672473907471,0.7734375,1,1
22,3256,0.10520148277282715,0.10520148277282715,0.71875,3,5
22,3257,0.04553639888763428,0.04553639888763428,0.8125,2,5
22,3258,0.10465939738787712,0.23710447549819946,0.4765625,2,6
22,3259,0.07451778650283813,0.07451778650283813,0.78515625,1,1
22,3260,0.056822121143341064,0.056822121143341064,0.75,3,7
22,3261,0.11434757336974145,0.16445493698120117,0.578125,3,6
22,3262,0.10609380761161448,0.16662585735321045,0.5546875,1,1
22,3263,0.08166360855102539,0.08166360855102539,0.76171875,2,6
22,3264,0.12714780867099765,0.15648961067199707,0.625,3,5
22,3265,0.04505521059036255,0.04505521059036255,0.8515625,2,4
22,3266,0.018990508280694495,0.21137261390686035,0.3359375,2,6
22,3267,0.02358388900756836,0.02358388900756836,0.8828125,1,0
22,3268,0.12676448770798746,0.16185390949249268,0.61328125,3,6
22,3269,0.019148528575897217,0.019148528575897217,0.89453125,1,3
22,2917,0.13296829978935423,0.16170966625213623,0.62890625,2,6
22,3167,0.13346458366140726,0.16231322288513184,0.62890625,1,2
22,3270,0.04361931234598161,0.23263633251190186,0.375,2,3
22,3271,0.13464797206688675,0.14636892080307007,0.66796875,2,6
22,3272,0.13687095511704686,0.15367966890335083,0.65625,2,6
22,3273,0.051568806171417236,0.051568806171417236,0.8515625,2,6
22,3274,0.01228320598602295,0.01228320598602295,0.9140625,3,4
22,3275,0.13326730416156354,0.14642244577407837,0.6640625,1,2
22,3276,0.12723112944513562,0.13267278671264648,0.68359375,3,6
22,3277,0.10079896450042725,0.10079896450042725,0.734375,4,8
22,3278,0.05072209518402816,0.22387683391571045,0.390625,2,6
22,3279,0.012922227382659912,0.012922227382659912,0.91796875,1,2
22,3280,0.11528289318084717,0.11528289318084717,0.734375,2,3
22,3281,0.043456435203552246,0.043456435203552246,0.82421875,1,2
22,3282,0.00979161262512207,0.00979161262512207,0.9296875,2,3
22,3283,0.04628145694732666,0.04628145694732666,0.83984375,1,1
22,3284,0.020572543144226074,0.020572543144226074,0.8828125,1,2
22,3285,0.03204183792695404,0.24856698513031006,0.3515625,2,3
22,3286,0.12223776360042395,0.1783069372177124,0.57421875,2,4
22,3287,0.08970719575881958,0.08970719575881958,0.74609375,3,6
22,3288,0.13113509421236816,0.16743433475494385,0.61328125,2,3
22,3289,0.04646432399749756,0.04646432399749756,0.83203125,3,5
22,3290,0.009974241256713867,0.009974241256713867,0.92578125,2,4
22,3291,0.07088921684771778,0.21225309371948242,0.43359375,1,2
22,3292,0.1315135516924784,0.15622955560684204,0.63671875,4,10
22,3293,0.10170737700536849,0.20746684074401855,0.49609375,2,3
22,3294,0.08720594644546509,0.08720594644546509,0.75,1,1
22,3295,0.09621339943259956,0.2087341547012329,0.484375,3,5
22,3296,0.001478433609008789,0.001478433609008789,0.97265625,2,3
22,3297,0.13743148371577266,0.15430903434753418,0.65625,3,4
22,3298,0.07474334968719633,0.211428701877594,0.44140625,2,4
22,3299,0.13028297026176008,0.13053792715072632,0.69921875,1,2
22,3300,0.10184430505614729,0.17918998003005981,0.52734375,1,2
22,3301,0.12796002801042053,0.1556188464164734,0.62890625,1,2
22,3302,0.1226300597190857,0.1226300597190857,0.7109375,2,4
22,3303,0.1115873018279672,0.19301587343215942,0.53125,2,6
22,3304,0.009525597095489502,0.009525597095489502,0.921875,1,3
22,3305,0.0094146728515625,0.0094146728515625,0.9296875,4,9
22,3306,0.10460424423217773,0.10460424423217773,0.75390625,2,4
22,3307,0.12593129044398668,0.17616617679595947,0.5859375,2,5
22,3308,0.12227143370546402,0.17835605144500732,0.57421875,2,3
22,3309,0.04312354326248169,0.04312354326248169,0.82421875,5,11
22,3310,0.03744077682495117,0.03744077682495117,0.83984375,2,4
22,3311,0.13129003357607874,0.16763216257095337,0.61328125,3,7
22,3312,0.04535263776779175,0.04535263776779175,0.8125,3,5
22,3313,0.011439502239227295,0.011439502239227295,0.921875,1,2
22,3314,0.015804767608642578,0.015804767608642578,0.91015625,1,1
22,3315,0.008620083332061768,0.008620083332061768,0.93359375,2,3
22,3316,0.010726571083068848,0.010726571083068848,0.92578125,3,4
22,3317,0.09901239373721184,0.20196950435638428,0.49609375,1,2
22,3318,0.12433932954445483,0.18399345874786377,0.5703125,3,6
22,3319,0.12640511104837063,0.12665247917175293,0.69921875,4,11
22,3320,0.11417490697931501,0.18796640634536743,0.54296875,1,2
22,3321,0.11520773614756764,0.15899288654327393,0.58984375,3,5
22,3322,0.06380078627262266,0.23167377710342407,0.41015625,2,3
22,3323,0.10858118953183296,0.19784188270568848,0.51953125,4,6
22,3324,0.10936542972922327,0.11521625518798828,0.6796875,2,3
22,3325,0.009398043155670166,0.009398043155670166,0.9296875,2,4
22,3326,0.11393749527633192,0.11761289834976196,0.6875,2,3
22,3327,2.0444393157958984e-05,2.0444393157958984e-05,0.99609375,4,5
22,3328,0.09030130365863444,0.200148344039917,0.48046875,2,3
22,3329,0.11032432643696669,0.19411015510559082,0.52734375,5,10
22,3330,0.05627000331878662,0.05627000331878662,0.796875,1,1
22,3331,0.1183392587117851,0.1980055570602417,0.5390625,1,3
22,3332,0.0798750484827906,0.12544792890548706,0.5546875,2,4
22,3333,0.012061893939971924,0.012061893939971924,0.94140625,1,1
22,3334,0.021022424567490823,0.12515676021575928,0.3671875,2,3
22,3335,0.012081742286682129,0.012081742286682129,0.92578125,2,3
22,3336,0.0,0.3035675287246704,0.12890625,2,4
22,3337,0.13361823186278346,0.16445320844650269,0.625,3,5
22,3338,0.11210721731185913,0.11210721731185913,0.72265625,2,4
22,3339,0.1352814491838217,0.14551281929016113,0.671875,2,4
22,3340,0.04137921333312988,0.04137921333312988,0.82421875,2,4
22,3341,0.12106290855444969,0.1817718744277954,0.56640625,1,2
22,3342,0.012175679206848145,0.012175679206848145,0.94140625,1,1
22,3343,0.13481299392879012,0.15136897563934326,0.65625,2,5
22,3344,0.10253844142425807,0.13092190027236938,0.61328125,1,1
22,3345,0.12055910599883647,0.18101543188095093,0.56640625,1,3
22,3346,0.11037856340408325,0.11037856340408325,0.71875,3,5
22,3347,0.0442160964012146,0.0442160964012146,0.8125,3,5
22,3348,0.018080592155456543,0.018080592155456543,0.8828125,4,6
22,3349,0.1308374672662467,0.14375275373458862,0.6640625,1,2
22,3350,0.0472753643989563,0.0472753643989563,0.84765625,3,7
22,3351,0.1155848710332066,0.18435966968536377,0.55078125,3,7
22,3352,0.09927698655519636,0.11270469427108765,0.65234375,3,6
22,3353,0.11612725257873535,0.11612725257873535,0.703125,2,5
22,3354,0.13134974054992202,0.1677083969116211,0.61328125,3,5
22,3355,0.042763789300806834,0.24060505628585815,0.37109375,4,7
22,3356,0.05594450235366821,0.05594450235366821,0.81640625,4,8
22,3357,0.009259343147277832,0.009259343147277832,0.94140625,3,4
22,3358,0.11984784353990109,0.18538397550582886,0.55859375,1,2
22,3359,0.04619646072387695,0.04619646072387695,0.80859375,2,3
23,3071,0.005022644996643066,0.005022644996643066,0.96875,2,2
23,2995,0.004136204719543457,0.004136204719543457,0.9609375,2,3
23,3360,0.0003491044044494629,0.0003491044044494629,0.9765625,2,1
23,3349,0.1257555331103504,0.13816916942596436,0.6640625,1,2
23,3264,0.12269841507077218,0.15101343393325806,0.625,3,5
23,3361,0.01887911558151245,0.01887911558151245,0.8984375,2,4
23,3362,0.0948698138818145,0.21027421951293945,0.48046875,2,3
23,3363,0.051062822341918945,0.051062822341918945,0.85546875,4,6
23,3364,0.11673294426873329,0.18913692235946655,0.546875,4,6
23,3365,0.11391609627753498,0.14191007614135742,0.62109375,2,4
23,3366,0.1316291326656938,0.14158427715301514,0.671875,1,2
23,3367,0.06868878332898022,0.21843886375427246,0.42578125,3,6
23,3368,0.12041651213075967,0.18080133199691772,0.56640625,2,4
23,3369,0.11246626882348211,0.16886430978775024,0.56640625,3,5
23,3370,0.09578845859505239,0.18790686130523682,0.50390625,4,7
23,3371,0.08034929307177664,0.19970309734344482,0.4609375,3,4
23,3372,0.005353569984436035,0.005353569984436035,0.9609375,4,7
23,3373,0.012628018856048584,0.012628018856048584,0.95703125,4,5
23,3374,0.0005045533180236816,0.0005045533180236816,0.98046875,4,6
23,3375,0.12057868391275407,0.18373894691467285,0.5625,4,7
23,3376,0.03267949190922082,0.2535136342048645,0.3515625,1,2
23,3377,0.008356273174285889,0.008356273174285889,0.9609375,2,3
23,3378,0.11007916927337646,0.11007916927337646,0.71875,3,5
23,3379,0.040320754051208496,0.040320754051208496,0.84765625,2,2
23,3380,0.04674243927001953,0.04674243927001953,0.83203125,3,6
23,3381,0.10419758572243155,0.154188334941864,0.5703125,4,6
23,3382,0.011383593082427979,0.011383593082427979,0.94140625,1,1
23,3383,0.015369057655334473,0.015369057655334473,0.91015625,2,3
23,3384,0.1162367353681475,0.18255585432052612,0.5546875,3,5
23,3385,0.026234447956085205,0.026234447956085205,0.8671875,3,6
23,3386,0.12883797194808724,0.1479036808013916,0.6484375,1,2
23,3387,0.010623157024383545,0.010623157024383545,0.9296875,3,4
23,3388,0.008375003933906562,0.26800012588500977,0.3125,4,7
23,3389,0.042213499546051025,0.042213499546051025,0.87890625,3,6
23,3390,0.007481217384338379,0.007481217384338379,0.9375,2,4
23,3391,0.04630124568939209,0.04630124568939209,0.87890625,2,4
23,3392,0.08683055639266968,0.08683055639266968,0.75390625,1,2
23,3393,0.12244169414043428,0.1506974697113037,0.625,4,6
23,3394,0.11630079243332149,0.13058334589004517,0.65625,1,2
23,3395,0.11718912329524757,0.13158077001571655,0.65625,2,3
23,3396,0.11080627504270527,0.20189613103866577,0.51953125,3,4
23,3397,0.09579885005950928,0.09579885005950928,0.74609375,2,4
23,3398,0.12659574300050738,0.17238569259643555,0.59375,3,4
23,3399,0.10722941905260089,0.19891834259033203,0.515625,3,7
23,3400,0.01182180643081665,0.01182180643081665,0.92578125,2,3
23,3401,0.10285301785916091,0.15003061294555664,0.57421875,2,5
23,3402,0.09761238098144531,0.09761238098144531,0.75390625,1,1
23,3403,0.097076119389385,0.20204460620880127,0.4921875,4,6
23,3404,0.0661548376083374,0.0661548376083374,0.83984375,3,4
23,3405,0.037913620471954346,0.037913620471954346,0.87109375,1,1
23,3406,0.07432375883217902,0.11159461736679077,0.56640625,2,5
23,3407,0.07397431135177612,0.07397431135177612,0.796875,3,6
23,3408,0.03964269161224365,0.03964269161224365,0.84375,3,7
23,3409,0.028800249099731445,0.028800249099731445,0.87890625,1,2
23,3410,0.08310471754521133,0.1437487006187439,0.53125,2,4
23,3411,0.06333142833318563,0.22996944189071655,0.41015625,1,2
23,3412,0.1069364348659292,0.12415295839309692,0.64453125,2,3
23,3413,0.057515501976013184,0.057515501976013184,0.796875,3,5
23,3414,0.12829318363219502,0.17469710111618042,0.59375,4,7
23,3415,0.1236356431618333,0.1829521656036377,0.5703125,3,6
23,3416,0.10515169333666564,0.11806505918502808,0.65625,3,5
23,3417,0.03353995084762573,0.03353995084762573,0.89453125,4,6
23,3418,0.0621638298034668,0.0621638298034668,0.83203125,1,2
23,3419,0.12319755880162121,0.13535869121551514,0.6640625,4,6
23,3420,0.01389998197555542,0.01389998197555542,0.91796875,4,7
23,3421,0.10548296477645637,0.13991522789001465,0.6015625,4,5
23,3422,0.07006316946353765,0.17001110315322876,0.46484375,3,4
23,3423,0.04645097255706787,0.04645097255706787,0.84375,3,4
23,3424,0.12265088502317668,0.18149495124816895,0.5703125,3,5
23,3297,0.12881446257233622,0.1495532989501953,0.64453125,3,4
23,3272,0.13233666680753234,0.14858853816986084,0.65625,2,6
23,3425,0.08082264149561526,0.21112853288650513,0.453125,3,4
23,3426,0.009345948696136475,0.009345948696136475,0.94140625,1,2
23,3427,0.08329737186431885,0.08329737186431885,0.78125,2,3
23,3428,0.0615541934967041,0.0615541934967041,0.80859375,2,6
23,3429,0.08765751589089633,0.20778077840805054,0.46875,1,2
23,3430,0.012467741966247559,0.012467741966247559,0.96484375,1,2
23,3431,0.00978940725326538,0.00978940725326538,0.94140625,4,5
23,3432,0.00019931793212890625,0.00019931793212890625,0.984375,2,5
23,3433,0.0453350900206715,0.26990193128585815,0.3671875,4,9
23,3434,0.03653669357299805,0.03653669357299805,0.859375,3,4
23,3435,0.13438364863395694,0.1387186050415039,0.6875,3,4
23,3436,0.003259420394897461,0.003259420394897461,0.9609375,4,6
23,3437,0.13203079393133524,0.13228917121887207,0.69921875,2,5
23,3438,0.06640696339309217,0.21795105934143066,0.421875,3,7
23,3439,0.06886577093973757,0.22602099180221558,0.421875,3,5
23,3440,0.10557818412780762,0.10557818412780762,0.7421875,2,5
23,3441,0.13003787468187514,0.15097367763519287,0.64453125,2,6
23,3442,0.07886672019958496,0.07886672019958496,0.76953125,3,6
23,3443,0.1235513687133789,0.1235513687133789,0.71875,1,2
23,3444,0.1141061168164015,0.17387598752975464,0.5625,2,6
23,3445,0.11163404351100327,0.12007695436477661,0.671875,3,6
23,3446,0.058654069900512695,0.058654069900512695,0.8359375,2,5
23,3447,0.0041792988777160645,0.0041792988777160645,0.953125,2,3
23,3448,0.08283388614654541,0.08283388614654541,0.78515625,3,5
23,3449,0.13012719654943797,0.14772754907608032,0.65234375,2,6
23,3450,0.09873479604721072,0.1974695920944214,0.5,2,4
23,3451,0.13242623978294435,0.1610504388809204,0.62890625,1,2
23,3452,0.06742115481756629,0.17173945903778076,0.45703125,4,5
23,3453,0.11825358867645264,0.11825358867645264,0.7109375,3,5
23,3454,0.11616253852844238,0.11616253852844238,0.7265625,3,4
23,3455,0.13383264641743156,0.14863842725753784,0.66015625,3,5
23,3456,0.1155900056473911,0.1815401315689087,0.5546875,4,11
23,3457,0.08776222122833134,0.13783514499664307,0.5546875,2,3
23,3458,0.10469629405997696,0.19076335430145264,0.51953125,4,8
23,3459,0.06808335974346848,0.2308521866798401,0.41796875,3,6
23,3460,0.028332970803603537,0.21979516744613647,0.3515625,2,2
23,3461,0.13162459526211026,0.16598963737487793,0.6171875,1,2
23,3462,0.11707068490795794,0.19588297605514526,0.5390625,2,3
23,3463,0.003996551036834717,0.003996551036834717,0.96875,2,6
23,3464,0.12407960824202748,0.18099361658096313,0.57421875,2,5
23,3465,0.1072354828938842,0.18548840284347534,0.53125,1,2
23,3466,0.07779146544635297,0.22630244493484497,0.4375,2,5
23,3467,0.003751218318939209,0.003751218318939209,0.98046875,3,7
23,3468,0.045697689056396484,0.045697689056396484,0.859375,2,6
23,3469,0.1092078657820821,0.16892576217651367,0.55859375,3,4
23,3470,0.11358161398675294,0.1811644434928894,0.55078125,1,2
23,3471,0.13096150849014523,0.14086616039276123,0.671875,2,5
23,3472,0.009475409984588623,0.009475409984588623,0.94140625,1,2
23,3473,0.11394290439784528,0.16620731353759766,0.57421875,1,2
23,3474,0.04165828227996826,0.04165828227996826,0.85546875,2,5
23,3475,0.0739593505859375,0.0739593505859375,0.7890625,2,3
23,3476,0.05114263296127319,0.05114263296127319,0.85546875,2,3
23,3477,0.08291161060333252,0.08291161060333252,0.7734375,2,5
23,3478,0.00584179162979126,0.00584179162979126,0.96875,1,2
23,3479,0.07075391930993648,0.18022888898849487,0.45703125,3,4
23,3480,0.12565045990049842,0.12970370054244995,0.6875,3,4
23,3481,0.025519907474517822,0.025519907474517822,0.9140625,2,2
23,3482,0.006430506706237793,0.006430506706237793,0.96875,1,2
23,3483,0.10809552669525146,0.10809552669525146,0.74609375,2,5
23,3484,0.021410276647657166,0.2383056879043579,0.3359375,4,7
23,3485,0.026115238666534424,0.026115238666534424,0.8828125,2,5
23,3486,0.12975656986236572,0.12975656986236572,0.72265625,3,3
23,3487,0.011690258979797363,0.011690258979797363,0.92578125,1,3
23,3488,0.007789194583892822,0.007789194583892822,0.93359375,4,10
23,3489,0.00979304313659668,0.00979304313659668,0.94140625,2,3
23,3490,0.10467106103897095,0.10467106103897095,0.7421875,2,5
23,3491,0.03972870111465454,0.03972870111465454,0.8359375,2,5
23,3492,0.1318429573439062,0.17046362161636353,0.609375,2,5
23,3493,0.1129355358425528,0.18013393878936768,0.55078125,4,9
23,3494,0.09818226099014282,0.09818226099014282,0.70703125,1,1
23,3495,0.12993684515822682,0.16186779737472534,0.62109375,2,6
23,3496,0.005626559257507324,0.005626559257507324,0.96484375,2,4
23,3497,0.10209831595420839,0.18277740478515625,0.5234375,1,2
23,3498,0.00014597177505493164,0.00014597177505493164,0.9921875,4,8
23,3499,0.09954148530960083,0.09954148530960083,0.7578125,3,5
23,3500,0.12980842590332034,0.13134765625,0.6953125,2,7
23,3501,0.12660688161849976,0.12660688161849976,0.703125,3,5
23,3502,0.007467329502105713,0.007467329502105713,0.9375,3,5
23,3503,0.0453333854675293,0.0453333854675293,0.8515625,1,1
24,3071,0.004332900047302246,0.004332900047302246,0.9609375,2,2
24,2995,0.0036268234252929688,0.0036268234252929688,0.9765625,2,3
24,3455,0.11496825935319067,0.14498460292816162,0.6171875,3,5
24,3398,0.10634276876226069,0.167016863822937,0.5546875,3,4
24,3504,0.0,0.38254231214523315,0.12109375,4,7
24,3505,0.08152079582214355,0.08152079582214355,0.7109375,3,5
24,3506,0.028810203075408936,0.028810203075408936,0.87109375,4,7
24,3507,0.017716407775878906,0.017716407775878906,0.90625,1,3
24,3508,0.015523698413744577,0.25639140605926514,0.32421875,2,3
24,3509,0.01473933458328247,0.01473933458328247,0.90625,4,7
24,3510,0.1106462918687612,0.1569277048110962,0.58203125,4,6
24,3511,0.11186313955113293,0.14282774925231934,0.61328125,3,5
24,3512,0.10562763595953585,0.1563044786453247,0.5703125,3,5
24,3513,0.0167657732963562,0.0167657732963562,0.90625,3,3
24,3514,0.09707168606109919,0.10226482152938843,0.6796875,3,6
24,3515,0.0031925439834594727,0.0031925439834594727,0.95703125,3,4
24,3516,0.08851391077041626,0.08851391077041626,0.765625,2,5
24,3517,0.10779824433848263,0.1393755078315735,0.609375,4,7
24,3518,0.10838500794488938,0.15810006856918335,0.57421875,3,5
24,3519,0.015581250190734863,0.015581250190734863,0.8984375,3,3
24,3520,0.035812199115753174,0.035812199115753174,0.82421875,4,6
24,3521,0.0,0.309759259223938,0.18359375,4,5
24,3522,0.029642007546499382,0.24879848957061768,0.34765625,3,5
24,3523,0.0967114877421409,0.12996399402618408,0.59765625,4,5
24,3524,0.008565008640289307,0.008565008640289307,0.9375,3,6
24,3525,0.09744699101429435,0.1911603808403015,0.50390625,4,7
24,3526,0.0964899667305872,0.10716456174850464,0.66015625,3,6
24,3527,0.09003886522259565,0.19956666231155396,0.48046875,3,5
24,3528,0.04796081781387329,0.04796081781387329,0.8125,3,4
24,3529,0.016628503799438477,0.016628503799438477,0.890625,2,2
24,3530,0.046046674251556396,0.046046674251556396,0.7890625,3,3
24,3531,0.10139175469521435,0.184742271900177,0.51953125,3,5
24,3532,0.09243383444845678,0.20487499237060547,0.48046875,4,6
24,3533,0.08967459574341775,0.1271839141845703,0.58203125,3,4
24,3534,0.07223111391067505,0.07223111391067505,0.73046875,4,6
24,3535,0.11466954275965692,0.1540966033935547,0.59765625,4,7
24,3536,0.08559143543243408,0.08559143543243408,0.75390625,3,5
24,3537,0.09819982189219446,0.18552881479263306,0.51171875,2,4
24,3538,0.09129906701855363,0.18623554706573486,0.49609375,2,5
24,3539,0.1089656329713762,0.15671461820602417,0.578125,3,5
24,3540,0.06966388097498567,0.22153979539871216,0.42578125,4,8
24,3541,0.009762167930603027,0.009762167930603027,0.9375,3,4
24,3542,0.107581848744303,0.1390957236289978,0.609375,3,6
24,3543,0.01223081350326538,0.01223081350326538,0.9296875,3,3
24,3544,0.07696312665939331,0.07696312665939331,0.71484375,3,5
24,3545,0.1088892014231533,0.1588355302810669,0.57421875,3,4
24,3546,0.06293690204620361,0.06293690204620361,0.78125,2,4
24,3547,0.1008929186500609,0.18383336067199707,0.51953125,2,3
24,3548,0.07054698467254639,0.07054698467254639,0.78515625,3,5
24,3549,0.1047346922568977,0.16449129581451416,0.5546875,3,3
24,3550,0.013733923435211182,0.013733923435211182,0.91796875,1,2
24,3551,0.09127318300306798,0.09421747922897339,0.6875,4,7
24,3552,0.0017728805541992188,0.0017728805541992188,0.984375,4,5
24,3553,0.09161406755447388,0.09161406755447388,0.7265625,3,4
24,3554,0.06808607373386623,0.22346198558807373,0.421875,3,5
24,3555,0.09686689556110652,0.1830105185508728,0.51171875,3,5
24,3556,0.030826926231384277,0.030826926231384277,0.8203125,1,1
24,3557,0.05084812641143799,0.05084812641143799,0.83984375,4,6
24,3558,0.10056129447184504,0.10931503772735596,0.66796875,1,3
24,3559,0.09244917589239778,0.18858158588409424,0.49609375,5,7
24,3560,0.10619208216667177,0.1642608642578125,0.55859375,4,6
24,3561,0.028875112533569336,0.028875112533569336,0.90234375,4,4
24,3562,0.1063640955835581,0.16452693939208984,0.55859375,4,8
24,3563,0.09621000289916992,0.09621000289916992,0.71875,2,2
24,3564,0.09177728940267117,0.14638620615005493,0.55078125,4,6
24,3565,0.01140129566192627,0.01140129566192627,0.9140625,3,4
24,3566,0.008499205112457275,0.008499205112457275,0.93359375,1,1
24,3567,0.11257708515040578,0.13530391454696655,0.6328125,4,7
24,3568,0.07369575649499895,0.2143876552581787,0.4375,2,3
24,3569,0.06473779678344727,0.06473779678344727,0.83203125,3,6
24,3570,0.11430683417711408,0.15774959325790405,0.58984375,1,2
24,3571,0.010496854782104492,0.010496854782104492,0.9375,1,1
24,3572,0.10360011970624329,0.16785842180252075,0.546875,3,4
24,3573,0.11115920078009368,0.17194414138793945,0.55859375,3,6
24,3435,0.10973582416772844,0.13505947589874268,0.625,3,4
24,3451,0.11210413975641133,0.1568232774734497,0.5859375,1,2
24,3574,0.019619286060333252,0.019619286060333252,0.91015625,1,2
24,3575,0.010252952575683594,0.010252952575683594,0.94140625,1,2
24,3576,0.10150560457259418,0.11034154891967773,0.66796875,2,6
24,3577,0.09959448175504805,0.17829501628875732,0.5234375,2,5
24,3578,0.07776576280593872,0.07776576280593872,0.7265625,2,6
24,3579,0.09248247626237573,0.19647729396820068,0.48828125,2,3
24,3580,0.10866356128826739,0.12474381923675537,0.6484375,3,6
24,3581,0.09963090624660255,0.1783602237701416,0.5234375,2,6
24,3582,0.00938183069229126,0.00938183069229126,0.94140625,2,5
24,3583,0.09860001970082523,0.1796555519104004,0.51953125,3,6
24,3584,0.06374090909957886,0.06374090909957886,0.7578125,2,5
24,3585,0.010111868381500244,0.010111868381500244,0.9453125,3,4
24,3586,0.017795324325561523,0.017795324325561523,0.91796875,2,6
24,3587,0.10600616969168188,0.10942572355270386,0.6875,2,6
24,3588,0.08602114068344237,0.11559796333312988,0.59765625,2,5
24,3589,0.008456051349639893,0.008456051349639893,0.94140625,1,1
24,3590,0.012218356132507324,0.012218356132507324,0.9453125,3,7
24,3591,0.015440821647644043,0.015440821647644043,0.9296875,4,5
24,3592,0.10561858583241703,0.15190088748931885,0.578125,1,2
24,3593,0.0862467885017395,0.0862467885017395,0.73046875,2,6
24,3594,0.049097418785095215,0.049097418785095215,0.82421875,3,7
24,3595,0.09258723480161281,0.11533981561660767,0.62109375,1,1
24,3596,0.06657946109771729,0.06657946109771729,0.75390625,1,1
24,3597,0.0618932843208313,0.0618932843208313,0.82421875,3,5
24,3598,0.10825271951034666,0.12568116188049316,0.64453125,2,5
24,3599,0.11003719456493856,0.12355053424835205,0.65625,2,5
24,3600,0.11248491005972029,0.14543503522872925,0.609375,1,2
24,3601,0.0922804136062041,0.1308797001838684,0.58203125,3,6
24,3602,0.006548523902893066,0.006548523902893066,0.9609375,3,4
24,3603,0.10184672474861146,0.1051321029663086,0.6875,2,6
24,3604,0.009095907211303711,0.009095907211303711,0.9296875,3,4
24,3605,0.07786428928375244,0.07786428928375244,0.73046875,2,4
24,3606,0.09722449840046467,0.18368613719940186,0.51171875,2,6
24,3607,0.027932465076446533,0.027932465076446533,0.87890625,1,1
24,3608,0.056728482246398926,0.056728482246398926,0.83203125,2,7
24,3609,0.04176551103591919,0.04176551103591919,0.84765625,3,6
24,3610,0.021196484565734863,0.021196484565734863,0.9140625,3,4
24,3611,0.09679502248764038,0.09679502248764038,0.71875,3,3
24,3612,0.11635970976203681,0.1543424129486084,0.6015625,1,2
24,3613,0.01418161392211914,0.01418161392211914,0.94921875,3,4
24,3614,0.01718723773956299,0.01718723773956299,0.90234375,1,3
24,3615,0.10298327449709178,0.11822295188903809,0.6484375,2,4
24,3616,0.01696145534515381,0.01696145534515381,0.90625,1,1
24,3617,0.04867100715637207,0.04867100715637207,0.8515625,1,1
24,3618,0.05500371451489629,0.1997298002243042,0.41015625,2,5
24,3619,0.011392176151275635,0.011392176151275635,0.9375,3,6
24,3620,0.11019836005289109,0.1372787356376648,0.62109375,1,3
24,3621,0.006489813327789307,0.006489813327789307,0.97265625,1,3
24,3622,0.02563854446634651,0.19889295101165771,0.3515625,1,2
24,3623,0.06387102603912354,0.06387102603912354,0.80859375,1,1
24,3624,0.03993803262710571,0.03993803262710571,0.83984375,2,6
24,3625,0.08211719989776611,0.08211719989776611,0.7578125,2,5
24,3626,0.034733474254608154,0.034733474254608154,0.82421875,2,5
24,3627,0.03639256954193115,0.03639256954193115,0.8671875,1,2
24,3628,0.00014466047286987305,0.00014466047286987305,0.99609375,2,4
24,3629,0.03569066524505615,0.03569066524505615,0.87109375,3,3
24,3630,0.03818929195404053,0.03818929195404053,0.81640625,2,5
24,3631,0.066692884080112,0.1580868363380432,0.46875,2,4
24,3632,0.1018546004779637,0.15755152702331543,0.55859375,2,7
24,3633,0.008356451988220215,0.008356451988220215,0.94921875,2,4
24,3634,0.09048585919663311,0.11699181795120239,0.609375,2,5
24,3635,0.10744092985987665,0.13223499059677124,0.625,2,4
24,3636,0.057342350482940674,0.057342350482940674,0.76953125,1,2
24,3637,0.1056286613456905,0.12125980854034424,0.6484375,2,5
24,3638,0.008858203887939453,0.008858203887939453,0.94140625,2,6
24,3639,0.10670141759328546,0.1650487184524536,0.55859375,1,2
24,3640,0.10162604274228217,0.16465991735458374,0.546875,1,2
24,3641,0.08222802099771799,0.11662256717681885,0.58203125,2,6
24,3642,0.10866097640246154,0.13214826583862305,0.62890625,3,5
24,3643,0.06029621488414706,0.1917494535446167,0.42578125,2,4
24,3644,0.014251737389713531,0.20269137620925903,0.328125,2,5
24,3645,0.06613790988922119,0.06613790988922119,0.80078125,1,2
24,3646,0.10937287798151375,0.1299278736114502,0.63671875,2,3
24,3647,0.09927311632782222,0.18088197708129883,0.51953125,2,5
25,3071,0.004928112030029297,0.004928112030029297,0.9609375,2,2
25,2995,0.004333913326263428,0.004333913326263428,0.9609375,2,3
25,3648,0.04537326097488403,0.04537326097488403,0.80078125,2,1
25,3567,0.1418808102607727,0.1418808102607727,0.71875,4,7
25,3511,0.1494866035645828,0.14977914094924927,0.69921875,3,5
25,3649,0.11628739722073081,0.20114576816558838,0.53125,3,4
25,3650,0.015822410583496094,0.015822410583496094,0.9609375,4,6
25,3651,0.051790833473205566,0.051790833473205566,0.87109375,2,3
25,3652,0.08917438983917236,0.08917438983917236,0.828125,3,5
25,3653,0.1456036580493674,0.15827828645706177,0.66796875,4,7
25,3654,0.14610213041305542,0.14610213041305542,0.70703125,4,5
25,3655,0.10549455881118774,0.10549455881118774,0.703125,3,5
25,3656,0.14182474557310346,0.1857142448425293,0.60546875,5,9
25,3657,0.12076383735984567,0.20206236839294434,0.5390625,3,6
25,3658,0.12619197368621826,0.12619197368621826,0.73046875,4,6
25,3659,0.10906827449798584,0.10906827449798584,0.78125,5,8
25,3660,0.10564094805158676,0.2154906988143921,0.49609375,4,8
25,3661,0.0114668607711792,0.0114668607711792,0.94921875,3,5
25,3662,0.015413035871461042,0.25456368923187256,0.32421875,5,8
25,3663,0.14563682768493894,0.15665137767791748,0.671875,4,7
25,3664,0.043927133083343506,0.043927133083343506,0.890625,4,6
25,3665,0.1271518827416003,0.18547511100769043,0.57421875,3,6
25,3666,0.048806726932525635,0.048806726932525635,0.87890625,3,5
25,3667,0.13321858644485474,0.13321858644485474,0.73046875,3,5
25,3668,0.016471505165100098,0.016471505165100098,0.94140625,4,6
25,3669,0.151820101775229,0.16861581802368164,0.66015625,3,4
25,3670,0.00200498104095459,0.00200498104095459,0.97265625,4,6
25,3671,0.14571481943130493,0.14571481943130493,0.703125,3,4
25,3672,0.13838720321655273,0.13838720321655273,0.7109375,3,4
25,3673,0.10001689195632935,0.10001689195632935,0.8203125,4,7
25,3674,0.1194162655156106,0.2101069688796997,0.52734375,4,7
25,3675,0.013078510761260986,0.013078510761260986,0.953125,4,7
25,3676,0.07749414443969727,0.07749414443969727,0.796875,4,8
25,3677,0.07501777121797205,0.08611905574798584,0.6484375,4,4
25,3678,0.09042257070541382,0.09042257070541382,0.8359375,4,8
25,3679,0.002289116382598877,0.002289116382598877,0.97265625,2,2
25,3680,0.15620205178856852,0.1753847599029541,0.65625,3,4
25,3681,0.004932284355163574,0.004932284355163574,0.9609375,3,4
25,3682,0.1341124308528379,0.20136529207229614,0.56640625,2,3
25,3683,0.15336721180938187,0.16671764850616455,0.66796875,3,6
25,3684,0.013946592807769775,0.013946592807769775,0.94140625,3,5
25,3685,0.09488433599472046,0.09488433599472046,0.7890625,3,5
25,3686,0.04526317119598389,0.04526317119598389,0.83984375,3,5
25,3687,0.09687234647572042,0.09802103042602539,0.6953125,3,3
25,3688,0.025737524032592773,0.025737524032592773,0.9140625,5,9
25,3689,0.09942514705471696,0.22037088871002197,0.48046875,4,7
25,3690,0.12398731708526611,0.12398731708526611,0.75,5,9
25,3691,0.022629499435424805,0.022629499435424805,0.9140625,4,6
25,3692,0.15554816578514877,0.17275631427764893,0.66015625,4,7
25,3693,0.0032786130905151367,0.0032786130905151367,0.98046875,5,8
25,3694,0.05778008699417114,0.05778008699417114,0.85546875,3,5
25,3695,0.10441476106643677,0.10441476106643677,0.74609375,3,6
25,3696,0.1495296508073807,0.1840364933013916,0.625,3,5
25,3697,0.08842486143112183,0.08842486143112183,0.84765625,3,6
25,3698,0.15068210754543546,0.16379880905151367,0.66796875,2,3
25,3699,0.10318553447723389,0.10318553447723389,0.80859375,3,3
25,3700,0.012540638446807861,0.012540638446807861,0.94140625,5,7
25,3701,0.13797029387205842,0.1583874225616455,0.6484375,3,5
25,3702,0.012971580028533936,0.012971580028533936,0.9453125,2,3
25,3703,0.06360596418380737,0.06360596418380737,0.890625,4,7
25,3704,0.03035604953765869,0.03035604953765869,0.91796875,4,7
25,3705,0.13417565822601318,0.13417565822601318,0.71875,5,8
25,3706,0.15188373904675248,0.16687655448913574,0.6640625,3,4
25,3707,0.06940758228302002,0.06940758228302002,0.83203125,4,7
25,3708,0.0,0.33014923334121704,0.109375,4,8
25,3709,0.010027587413787842,0.010027587413787842,0.94921875,3,4
25,3710,0.1490159715758637,0.18122607469558716,0.62890625,3,6
25,3711,0.00634080171585083,0.00634080171585083,0.96875,4,8
25,3712,0.012939631938934326,0.012939631938934326,0.94140625,3,4
25,3713,0.011503219604492188,0.011503219604492188,0.953125,4,6
25,3714,0.09983562864363195,0.21659255027770996,0.484375,2,3
25,3715,0.15555499331094327,0.16909587383270264,0.66796875,4,6
25,3716,0.14028058305848393,0.19895750284194946,0.58203125,5,9
25,3717,0.1348305717110634,0.13917994499206543,0.6875,4,5
25,3718,0.0014719367027282715,0.0014719367027282715,0.98046875,3,5
25,3719,0.08506506681442261,0.08506506681442261,0.76953125,4,6
25,3612,0.15295126568526032,0.15949296951293945,0.68359375,1,2
25,3455,0.14880123967304829,0.149092435836792,0.69921875,3,5
25,3720,0.12925779819488525,0.12925779819488525,0.75,1,3
25,3721,0.05890917778015137,0.05890917778015137,0.83984375,4,5
25,3722,0.10109776258468628,0.10109776258468628,0.74609375,2,3
25,3723,0.11622482538223267,0.11622482538223267,0.76953125,1,2
25,3724,0.14879547432065013,0.15359532833099365,0.6875,1,4
25,3725,0.08321285247802734,0.08321285247802734,0.7890625,2,3
25,3726,0.14354753494262695,0.14354753494262695,0.71484375,1,2
25,3727,0.12208471540361646,0.1978081464767456,0.546875,1,2
25,3728,0.09095633029937744,0.09095633029937744,0.81640625,1,2
25,3729,0.009223341941833496,0.009223341941833496,0.95703125,4,7
25,3730,0.12319102487526837,0.19347792863845825,0.5546875,1,2
25,3731,0.04575067758560181,0.04575067758560181,0.86328125,4,6
25,3732,0.08258473873138428,0.08258473873138428,0.79296875,5,8
25,3733,0.010705232620239258,0.010705232620239258,0.94921875,4,5
25,3734,0.14899141900241378,0.15226268768310547,0.69140625,3,6
25,3735,0.04193305969238281,0.04193305969238281,0.84375,3,4
25,3736,0.007286131381988525,0.007286131381988525,0.9609375,1,2
25,3737,0.15290948702022436,0.16447407007217407,0.671875,4,7
25,3738,0.039540648460388184,0.039540648460388184,0.90234375,1,3
25,3739,0.15400416241027418,0.1622430682182312,0.6796875,4,7
25,3740,0.08430159091949463,0.08430159091949463,0.85546875,2,5
25,3741,0.1316215991973877,0.1316215991973877,0.70703125,3,6
25,3742,0.13324585894588384,0.18388646841049194,0.58984375,2,3
25,3743,0.15148763637989762,0.1595919132232666,0.6796875,2,5
25,3744,0.012726437067613014,0.25061291456222534,0.3203125,1,3
25,3745,0.005516558652743705,0.2567707300186157,0.30859375,1,2
25,3746,0.01084667444229126,0.01084667444229126,0.953125,2,3
25,3747,0.12430042028427124,0.12430042028427124,0.7421875,4,7
25,3748,0.15733272559009495,0.1728634238243103,0.6640625,4,7
25,3749,0.14692938327789307,0.14692938327789307,0.71484375,1,2
25,3750,0.016662776470184326,0.016662776470184326,0.95703125,1,2
25,3751,0.15214851393830034,0.1619543433189392,0.67578125,1,2
25,3752,0.008685946464538574,0.008685946464538574,0.953125,3,4
25,3753,0.11172699928283691,0.11172699928283691,0.76953125,2,4
25,3754,0.024882793426513672,0.024882793426513672,0.91796875,1,2
25,3755,0.042244136333465576,0.042244136333465576,0.87109375,1,2
25,3756,0.1514415057608858,0.15173786878585815,0.69921875,4,7
25,3757,0.15417309803888204,0.17122912406921387,0.66015625,1,3
25,3758,0.14772747829556468,0.15249288082122803,0.6875,1,3
25,3759,0.15064175147563222,0.16375494003295898,0.66796875,4,8
25,3760,0.13652944564819336,0.13652944564819336,0.73046875,1,3
25,3761,0.09860295057296753,0.09860295057296753,0.8359375,2,3
25,3762,0.12338966131210327,0.12338966131210327,0.7578125,1,2
25,3763,0.11637492291629317,0.20129716396331787,0.53125,2,4
25,3764,0.044371962547302246,0.044371962547302246,0.88671875,1,3
25,3765,0.0591772198677063,0.0591772198677063,0.8359375,1,1
25,3766,0.1470349883893505,0.17466801404953003,0.63671875,1,2
25,3767,0.14816150860860947,0.1845710277557373,0.62109375,2,3
25,3768,0.15059250593185425,0.15059250593185425,0.703125,3,5
25,3769,0.10985875129699707,0.10985875129699707,0.79296875,1,3
25,3770,0.05308180826250465,0.22461062669754028,0.39453125,1,2
25,3771,0.016049861907958984,0.016049861907958984,0.9609375,5,9
25,3772,0.002793252468109131,0.002793252468109131,0.9765625,2,4
25,3773,0.06212812662124634,0.06212812662124634,0.83203125,1,1
25,3774,0.03859987715259196,0.2298039197921753,0.3671875,2,4
25,3775,0.13576918840408325,0.13576918840408325,0.7421875,3,6
25,3776,0.1447908878326416,0.1447908878326416,0.7109375,1,2
25,3777,0.06554480851627888,0.1096697449684143,0.5390625,1,1
25,3778,0.0007880330085754395,0.0007880330085754395,0.98828125,3,4
25,3779,0.0066155195236206055,0.0066155195236206055,0.95703125,4,6
25,3780,0.04406982660293579,0.04406982660293579,0.890625,3,6
25,3781,0.142631784779951,0.1916731595993042,0.59765625,1,2
25,3782,0.13596551353111866,0.14938700199127197,0.6640625,1,1
25,3783,0.08273404836654663,0.08273404836654663,0.7890625,2,2
25,3784,0.15288897790014747,0.15782088041305542,0.6875,1,2
25,3785,0.12162828329019251,0.20023691654205322,0.54296875,2,5
25,3786,0.0,0.28279805183410645,0.12109375,5,8
25,3787,0.010248541831970215,0.010248541831970215,0.9609375,3,5
25,3788,0.10936099290847778,0.10936099290847778,0.796875,1,3
25,3789,0.13527518510818481,0.13527518510818481,0.734375,3,5
25,3790,0.12587153911590576,0.12587153911590576,0.75390625,1,3
25,3791,0.027828872203826904,0.027828872203826904,0.88671875,2,6
26,3648,0.053644700674340136,0.053749680519104004,0.69921875,2,1
26,3071,0.005746424198150635,0.005746424198150635,0.95703125,2,2
26,3792,0.053644700674340136,0.053749680519104004,0.69921875,2,0
26,3793,0.053644700674340136,0.053749680519104004,0.69921875,2,0
26,3794,0.0009354948997497559,0.0009354948997497559,0.98828125,2,2
26,3795,0.053644700674340136,0.053749680519104004,0.69921875,2,1
26,3796,0.037454307079315186,0.037454307079315186,0.83203125,3,3
26,3797,0.053644700674340136,0.053749680519104004,0.69921875,2,1
26,3798,0.053644700674340136,0.053749680519104004,0.69921875,2,1
26,3680,0.12140343827195468,0.1906704306602478,0.5546875,3,4
26,3715,0.12059503421187402,0.18376386165618896,0.5625,4,6
26,3799,0.07270187139511108,0.07270187139511108,0.78515625,3,6
26,3800,0.11681481963023546,0.1987016201019287,0.53515625,3,4
26,3801,0.12173718842677775,0.2004162073135376,0.54296875,4,8
26,3802,0.014759480953216553,0.014759480953216553,0.9296875,2,3
26,3803,0.1221412636805326,0.20776188373565674,0.53515625,4,5
26,3804,0.10398656129837036,0.10398656129837036,0.75,3,5
26,3805,0.08340704441070557,0.08340704441070557,0.73828125,3,4
26,3806,0.12059450312517585,0.13249868154525757,0.6640625,2,4
26,3807,0.09117025136947632,0.09117025136947632,0.76953125,2,2
26,3808,0.01651710271835327,0.01651710271835327,0.90625,2,3
26,3809,0.06242668628692627,0.06242668628692627,0.80859375,3,5
26,3810,0.10868129879236223,0.16560959815979004,0.5625,5,8
26,3811,0.10263872146606445,0.10263872146606445,0.734375,2,1
26,3812,0.12061816616915168,0.1400374174118042,0.64453125,3,5
26,3813,0.11880581488367173,0.20208829641342163,0.53515625,4,6
26,3814,0.0005390644073486328,0.0005390644073486328,0.984375,4,6
26,3815,0.01470118761062622,0.01470118761062622,0.91796875,3,5
26,3816,0.0843132734298706,0.0843132734298706,0.80078125,3,5
26,3817,0.08445774321444334,0.232485830783844,0.4453125,4,7
26,3818,0.0018090605735778809,0.0018090605735778809,0.9609375,3,4
26,3819,0.08615081931930037,0.24369734525680542,0.44140625,3,6
26,3820,0.06729062087833883,0.1757795810699463,0.453125,3,3
26,3821,0.033828675746917725,0.033828675746917725,0.91015625,3,6
26,3822,0.0772526594810188,0.2382732629776001,0.4296875,2,3
26,3823,0.09845459461212158,0.09845459461212158,0.78125,3,5
26,3824,0.0561751371715218,0.259114146232605,0.38671875,4,7
26,3825,0.08539777994155884,0.08539777994155884,0.80859375,3,3
26,3826,0.0024409890174865723,0.0024409890174865723,0.96484375,3,3
26,3827,0.11616249801591041,0.2079552412033081,0.5234375,3,5
26,3828,0.02127373218536377,0.02127373218536377,0.88671875,3,4
26,3829,0.12480266881175342,0.19600909948349,0.5546875,2,4
26,3830,0.09259358793497087,0.09655380249023438,0.68359375,4,6
26,3831,0.1182525877375156,0.19786053895950317,0.5390625,3,4
26,3832,0.10743200778961182,0.10743200778961182,0.7578125,4,5
26,3833,0.10363536956720056,0.18552905321121216,0.5234375,2,3
26,3834,0.002444148063659668,0.002444148063659668,0.9609375,3,4
26,3835,0.12992633017711344,0.16384798288345337,0.6171875,4,6
26,3836,0.12354631954804064,0.17522358894348145,0.58203125,4,5
26,3837,0.02422785758972168,0.02422785758972168,0.88671875,3,4
26,3838,0.12660008668899536,0.12660008668899536,0.70703125,4,6
26,3839,0.009837090969085693,0.009837090969085693,0.953125,3,4
26,3840,0.11799021414481106,0.21498572826385498,0.51953125,2,3
26,3841,0.08010756969451904,0.08010756969451904,0.8203125,3,4
26,3842,0.1266574747860432,0.20202064514160156,0.55078125,5,8
26,3843,0.06357836723327637,0.06357836723327637,0.828125,4,8
26,3844,0.11691622773651035,0.1864832043647766,0.55078125,3,5
26,3845,0.12212197692133489,0.20104968547821045,0.54296875,3,5
26,3846,0.12574406561907384,0.1783406138420105,0.58203125,3,4
26,3847,0.12202390562742951,0.19164490699768066,0.5546875,4,6
26,3848,0.12215069751255216,0.16202372312545776,0.6015625,3,5
26,3849,0.11788088828325274,0.21478652954101562,0.51953125,5,6
26,3850,0.07223963737487793,0.07223963737487793,0.73046875,3,3
26,3851,0.1272894033463672,0.16668075323104858,0.60546875,4,7
26,3852,0.1252100056735799,0.15986913442611694,0.61328125,3,5
26,3853,0.12582207983359697,0.1397416591644287,0.66015625,3,4
26,3854,0.11840501055121423,0.1727161407470703,0.57421875,3,6
26,3855,0.11458595143631103,0.21256524324417114,0.515625,2,3
26,3856,0.094182062195614,0.09821021556854248,0.68359375,3,4
26,3857,0.12176299095153811,0.1942138671875,0.55078125,3,4
26,3858,0.1155791496858001,0.22246813774108887,0.5078125,3,4
26,3859,0.07312953472137451,0.07312953472137451,0.83203125,2,2
26,3860,0.0,0.28722286224365234,0.27734375,3,4
26,3861,0.06828926573507489,0.24797236919403076,0.41015625,4,7
26,3862,0.11779332300648096,0.1878821849822998,0.55078125,2,3
26,3863,0.1263297055847943,0.20468610525131226,0.546875,3,7
26,3864,0.11984724178910258,0.1941828727722168,0.546875,3,5
26,3865,0.042414963245391846,0.042414963245391846,0.859375,3,6
26,3866,0.129693865776062,0.129693865776062,0.70703125,4,7
26,3867,0.06038898229598999,0.06038898229598999,0.80859375,3,4
26,3868,0.1114631434902549,0.20677220821380615,0.515625,2,4
26,3869,0.10502340935636313,0.22312027215957642,0.48828125,2,3
26,3748,0.11967205768451097,0.1879512071609497,0.5546875,4,7
26,3757,0.1225869543850422,0.18679916858673096,0.5625,1,3
26,3870,0.12656047416385266,0.15391677618026733,0.62890625,3,6
26,3871,0.0,0.2679288387298584,0.296875,1,3
26,3872,0.03171586990356445,0.03171586990356445,0.875,1,2
26,3873,0.12200272222980858,0.1618274450302124,0.6015625,4,7
26,3874,0.04388493299484253,0.04388493299484253,0.87890625,1,1
26,3875,0.07801116327755155,0.19389182329177856,0.4609375,2,5
26,3876,0.031703174114227295,0.031703174114227295,0.87890625,1,2
26,3877,0.133027411531657,0.134604811668396,0.6953125,3,4
26,3878,0.051451802253723145,0.051451802253723145,0.87109375,3,4
26,3879,0.07442593574523926,0.07442593574523926,0.83984375,2,5
26,3880,0.06070311367511751,0.2679309844970703,0.390625,1,2
26,3881,0.0782671570777893,0.0782671570777893,0.80859375,3,4
26,3882,0.1290200125658885,0.16894692182540894,0.60546875,4,7
26,3883,0.11426406283862892,0.2045566439628601,0.5234375,2,3
26,3884,0.10384682659059764,0.10940241813659668,0.6796875,4,8
26,3885,0.0067272186279296875,0.0067272186279296875,0.96875,2,3
26,3886,0.12707565724849704,0.18022918701171875,0.58203125,4,7
26,3887,0.012457013130187988,0.012457013130187988,0.921875,4,8
26,3888,0.13573651446495208,0.13871675729751587,0.69140625,4,7
26,3889,0.007912311702966697,0.2531939744949341,0.3125,2,4
26,3890,0.0017946958541870117,0.0017946958541870117,0.96484375,1,2
26,3891,0.018899917602539062,0.018899917602539062,0.94921875,5,7
26,3892,0.10100293764844538,0.13573098182678223,0.59765625,4,7
26,3893,0.04185450077056885,0.04185450077056885,0.8828125,3,3
26,3894,0.07100570201873779,0.07100570201873779,0.84765625,1,2
26,3895,0.03606957197189331,0.03606957197189331,0.8046875,1,1
26,3896,0.08424115180969238,0.08424115180969238,0.80078125,2,4
26,3897,0.11917274584993721,0.17893385887145996,0.56640625,4,7
26,3898,0.1275598090142012,0.16492581367492676,0.609375,1,3
26,3899,0.12341326475143433,0.12341326475143433,0.70703125,4,7
26,3900,0.1030805571936071,0.22363239526748657,0.484375,4,6
26,3901,0.010848402976989746,0.010848402976989746,0.921875,1,3
26,3902,0.08553463220596313,0.08553463220596313,0.80078125,1,1
26,3903,0.015086650848388672,0.015086650848388672,0.9140625,5,7
26,3904,0.1329762733075768,0.138663649559021,0.68359375,1,4
26,3905,0.12008223868906501,0.194563627243042,0.546875,4,7
26,3906,0.11750628391746434,0.1998777985572815,0.53515625,5,10
26,3907,0.04135141754522921,0.24618518352508545,0.3671875,3,6
26,3908,0.011898219585418701,0.011898219585418701,0.9296875,1,3
26,3909,0.07934021949768066,0.07934021949768066,0.75390625,1,2
26,3910,0.10975558264181019,0.1437208652496338,0.60546875,1,2
26,3911,0.07131576538085938,0.07131576538085938,0.75390625,4,8
26,3912,0.056876420974731445,0.056876420974731445,0.84765625,4,7
26,3913,0.11760789644904437,0.18758642673492432,0.55078125,4,7
26,3914,0.12313065654598178,0.18220490217208862,0.5703125,1,3
26,3915,0.10476049059070648,0.12444865703582764,0.63671875,3,3
26,3916,0.12050433177500966,0.18925833702087402,0.5546875,4,7
26,3917,0.12351485621184113,0.2001253366470337,0.546875,1,3
26,3918,0.05879593221470715,0.25951308012008667,0.390625,1,3
26,3919,0.12253214977681638,0.17378520965576172,0.58203125,4,6
26,3920,0.120883958414197,0.20226335525512695,0.5390625,1,2
26,3921,0.1285164011642337,0.14273405075073242,0.66015625,3,5
26,3922,0.012946367263793945,0.012946367263793945,0.9453125,4,6
26,3923,0.10667570680379869,0.1312931776046753,0.625,1,1
26,3924,0.07406109571456909,0.07406109571456909,0.80859375,4,7
26,3925,0.120320322457701,0.2046644687652588,0.53515625,3,4
26,3926,0.12020297441631558,0.19475924968719482,0.546875,5,7
26,3927,0.09130275249481201,0.09130275249481201,0.72265625,5,9
26,3928,0.12724405748303982,0.16246622800827026,0.61328125,1,2
26,3929,0.12540561449714008,0.1663411259651184,0.6015625,1,2
26,3930,0.007118582725524902,0.007118582725524902,0.953125,1,1
26,3931,0.036449432373046875,0.036449432373046875,0.91015625,2,3
26,3932,0.0,0.28985196352005005,0.265625,1,2
26,3933,0.11590995395090432,0.1792927384376526,0.55859375,2,4
26,3934,0.11393961333669723,0.17894810438156128,0.5546875,4,7
26,3935,0.12340309517458083,0.17502045631408691,0.58203125,2,5
27,3798,0.051320672035217285,0.051320672035217285,0.734375,2,1
27,3797,0.051320672035217285,0.051320672035217285,0.734375,2,1
27,3936,0.046906342729926116,0.15394902229309082,0.421875,2,1
27,3937,0.051320672035217285,0.051320672035217285,0.734375,2,2
27,3938,0.012259304523468018,0.012259304523468018,0.90234375,3,2
27,3939,0.04514455795288086,0.04514455795288086,0.76953125,2,2
27,3940,0.051320672035217285,0.051320672035217285,0.734375,2,0
27,3941,0.021777093410491943,0.021777093410491943,0.875,3,3
27,3942,0.014661729335784912,0.014661729335784912,0.8984375,2,2
27,3943,0.04994136095046997,0.04994136095046997,0.7421875,1,1
27,3944,0.051320672035217285,0.051320672035217285,0.734375,2,2
27,3945,0.051320672035217285,0.051320672035217285,0.734375,1,0
27,3946,0.051320672035217285,0.051320672035217285,0.734375,2,2
27,3947,0.00022470951080322266,0.00022470951080322266,0.99609375,2,2
27,3948,0.051320672035217285,0.051320672035217285,0.734375,2,1
27,3949,0.051320672035217285,0.051320672035217285,0.734375,1,0
27,3950,0.007548093795776367,0.007548093795776367,0.9453125,2,1
27,3951,0.051320672035217285,0.051320672035217285,0.734375,2,1
27,3952,0.051320672035217285,0.051320672035217285,0.734375,2,1
27,3921,0.13589803758077326,0.14465653896331787,0.67578125,3,5
27,3829,0.10745979519560936,0.20302367210388184,0.51171875,2,4
27,3953,0.11397113185375932,0.21142470836639404,0.515625,1,2
27,3954,0.08952460752334447,0.22804278135299683,0.45703125,4,6
27,3955,0.012133002281188965,0.012133002281188965,0.90234375,3,5
27,3956,0.012748897075653076,0.012748897075653076,0.9140625,2,4
27,3957,0.10555636603385211,0.1683640480041504,0.55078125,2,4
27,3958,0.10913510969839993,0.2140887975692749,0.50390625,2,5
27,3959,0.0902333394624293,0.22426927089691162,0.4609375,4,6
27,3960,0.06945198774337769,0.06945198774337769,0.73046875,4,6
27,3961,0.13039262103848162,0.14326399564743042,0.6640625,2,5
27,3962,0.04621613025665283,0.04621613025665283,0.83984375,4,8
27,3963,0.028178691864013672,0.028178691864013672,0.84375,2,3
27,3964,0.013224959373474121,0.013224959373474121,0.91796875,4,6
27,3965,0.0,0.27672046422958374,0.27734375,3,5
27,3966,0.012330889701843262,0.012330889701843262,0.9453125,3,6
27,3967,0.1167152908165008,0.15481406450271606,0.6015625,1,3
27,3968,0.011123418807983398,0.011123418807983398,0.921875,5,7
27,3969,0.13009249058086428,0.195329487323761,0.56640625,4,7
27,3970,0.02239084243774414,0.02239084243774414,0.88671875,4,5
27,3971,0.13136513228528204,0.18376761674880981,0.5859375,2,5
27,3972,0.1300500985234976,0.16604900360107422,0.61328125,2,4
27,3973,0.10300713020842524,0.2188367247581482,0.48828125,3,5
27,3974,0.124007587088272,0.19476038217544556,0.5546875,2,5
27,3975,0.06118124723434448,0.06118124723434448,0.75390625,4,6
27,3976,0.13819659082219007,0.1604459285736084,0.64453125,5,10
27,3977,0.04456019401550293,0.04456019401550293,0.8671875,5,8
27,3978,0.09347449801862241,0.22156918048858643,0.46875,2,5
27,3979,0.04674775328021498,0.2369787096977234,0.37890625,3,5
27,3980,0.11428736918605867,0.20459836721420288,0.5234375,2,4
27,3981,0.06843145843595268,0.1883704662322998,0.4453125,2,4
27,3982,0.07422909978777172,0.23605775833129883,0.42578125,3,7
27,3983,0.011929333209991455,0.011929333209991455,0.90234375,4,6
27,3984,0.0008050799369812012,0.0008050799369812012,0.984375,4,5
27,3985,0.12587267020717266,0.12736523151397705,0.6953125,2,5
27,3986,0.11532747745513916,0.11532747745513916,0.7265625,3,6
27,3987,0.127202139236033,0.16041254997253418,0.6171875,4,7
27,3988,0.061006920528598144,0.23843926191329956,0.40234375,3,4
27,3989,0.0,0.266091525554657,0.2734375,4,7
27,3990,0.12633198976982388,0.13732904195785522,0.66796875,3,5
27,3991,0.04690396785736084,0.04690396785736084,0.828125,4,5
27,3992,0.0906217098236084,0.0906217098236084,0.75390625,3,6
27,3993,0.07434332370758057,0.07434332370758057,0.796875,3,6
27,3994,0.05902320146560669,0.05902320146560669,0.80078125,3,5
27,3995,0.07175564765930176,0.07175564765930176,0.7265625,2,3
27,3996,0.000701904296875,0.000701904296875,0.98828125,1,2
27,3997,0.00849539041519165,0.00849539041519165,0.94140625,3,6
27,3998,0.037850260734558105,0.037850260734558105,0.86328125,3,5
27,3999,0.11985827330499889,0.12758302688598633,0.67578125,3,5
27,4000,0.038278400897979736,0.038278400897979736,0.84375,2,4
27,4001,0.04402858018875122,0.04402858018875122,0.8359375,4,7
27,3888,0.1321294662775472,0.1406450867652893,0.67578125,4,7
27,3877,0.12516484397929165,0.13606029748916626,0.66796875,3,4
27,4002,0.04278367757797241,0.04278367757797241,0.85546875,4,6
27,4003,0.08982318639755249,0.08982318639755249,0.76953125,4,5
27,4004,0.04144167900085449,0.04144167900085449,0.86328125,3,3
27,4005,0.007206439971923828,0.007206439971923828,0.94140625,4,6
27,4006,0.04395502479746939,0.26168572902679443,0.3671875,4,6
27,4007,0.13162001222372058,0.15456295013427734,0.640625,3,4
27,4008,0.0956343412399292,0.0956343412399292,0.74609375,4,6
27,4009,0.022207319736480713,0.022207319736480713,0.8828125,2,3
27,4010,0.11597609519958496,0.11597609519958496,0.7421875,5,7
27,4011,0.006451249122619629,0.006451249122619629,0.9296875,1,4
27,4012,0.04926466941833496,0.04926466941833496,0.80859375,5,7
27,4013,0.12397162301931532,0.15076833963394165,0.62890625,3,5
27,4014,0.010913610458374023,0.010913610458374023,0.9296875,3,4
27,4015,0.08046454191207886,0.08046454191207886,0.77734375,3,3
27,4016,0.08527481532655658,0.08714711666107178,0.69140625,5,7
27,4017,0.028124511241912842,0.028124511241912842,0.875,4,8
27,4018,0.12792084924876693,0.1405482292175293,0.6640625,3,5
27,4019,0.015019357204437256,0.015019357204437256,0.92578125,3,4
27,4020,0.013083994388580322,0.013083994388580322,0.9140625,1,3
27,4021,0.0,0.2440016269683838,0.26953125,5,7
27,4022,0.0,0.3029096722602844,0.25,2,3
27,4023,0.11062204290647061,0.1568933129310608,0.58203125,1,3
27,4024,0.015655040740966797,0.015655040740966797,0.88671875,3,4
27,4025,0.09270489460323007,0.22495216131210327,0.46484375,3,5
27,4026,0.02881089597940446,0.2634139060974121,0.34375,1,3
27,4027,0.008797049522399902,0.008797049522399902,0.95703125,4,6
27,4028,0.1116628465242684,0.14437216520309448,0.609375,4,6
27,4029,0.015463531017303467,0.015463531017303467,0.8984375,4,6
27,4030,0.0,0.2976783514022827,0.23828125,6,10
27,4031,0.006767451763153076,0.006767451763153076,0.94140625,1,1
27,4032,0.12702378258109095,0.1563369631767273,0.625,1,2
27,4033,0.10368227958679199,0.10368227958679199,0.72265625,3,4
27,4034,0.05484974384307861,0.05484974384307861,0.7890625,4,7
27,4035,0.12932349834591153,0.1611037254333496,0.62109375,1,2
27,4036,0.10561364563181998,0.1331876516342163,0.6171875,4,5
27,4037,0.12127091176807883,0.19342899322509766,0.55078125,3,4
27,4038,0.049134910106658936,0.049134910106658936,0.796875,3,5
27,4039,0.10360659263096751,0.15556180477142334,0.56640625,1,1
27,4040,0.08653843402862549,0.08653843402862549,0.72265625,5,7
27,4041,0.10095226764678955,0.10095226764678955,0.74609375,1,3
27,4042,0.013828694820404053,0.013828694820404053,0.92578125,4,6
27,4043,0.12240877805743369,0.18934530019760132,0.55859375,3,4
27,4044,0.12981508870143446,0.15787488222122192,0.62890625,4,6
27,4045,0.05334657977800818,0.2460671067237854,0.38671875,4,7
27,4046,0.01094365119934082,0.01094365119934082,0.9375,4,8
27,4047,0.07442933320999146,0.07442933320999146,0.74609375,2,2
27,4048,0.09195029735565186,0.09195029735565186,0.74609375,4,4
27,4049,0.04795670486055315,0.18743383884429932,0.40234375,5,8
27,4050,0.04246330261230469,0.04246330261230469,0.859375,5,5
27,4051,0.09042817843146624,0.23034441471099854,0.45703125,1,4
27,4052,0.1313900563400239,0.15083342790603638,0.6484375,4,5
27,4053,0.0,0.29061633348464966,0.2421875,1,4
27,4054,0.005914211273193359,0.005914211273193359,0.953125,4,6
27,4055,0.02421271800994873,0.02421271800994873,0.90625,4,7
27,4056,0.00725942850112915,0.00725942850112915,0.93359375,4,7
27,4057,0.08612269163131714,0.08612269163131714,0.765625,2,3
27,4058,0.11600935459136963,0.11600935459136963,0.72265625,2,5
27,4059,0.0,0.275068998336792,0.28515625,4,7
27,4060,0.12272206891793759,0.1279708743095398,0.68359375,5,8
27,4061,0.12431315216235818,0.1494092345237732,0.6328125,5,8
27,4062,0.011922299861907959,0.011922299861907959,0.90234375,1,3
27,4063,0.12301990762352945,0.16751646995544434,0.59375,1,2
27,4064,0.12642433494329455,0.14195013046264648,0.65625,4,7
27,4065,0.053768277168273926,0.053768277168273926,0.828125,4,7
27,4066,0.006021320819854736,0.006021320819854736,0.953125,1,2
27,4067,0.12977511715143922,0.1699357032775879,0.60546875,3,4
27,4068,0.017500102519989014,0.017500102519989014,0.92578125,3,5
27,4069,0.0465964674949646,0.0465964674949646,0.82421875,1,3
27,4070,0.11456935445312412,0.12724405527114868,0.66015625,4,5
27,4071,0.04057315667159857,0.24155181646347046,0.3671875,4,6
27,4072,0.10992592573165894,0.10992592573165894,0.7265625,1,3
27,4073,0.13284978875890377,0.1675347089767456,0.6171875,4,7
27,4074,0.016566991806030273,0.016566991806030273,0.921875,4,8
27,4075,0.013948440551757812,0.013948440551757812,0.92578125,5,9
27,4076,0.1274815797805786,0.1274815797805786,0.70703125,5,8
27,4077,0.035151541233062744,0.035151541233062744,0.8828125,4,7
27,4078,0.11710444069467488,0.20964151620864868,0.5234375,4,7
27,4079,0.12198765529319647,0.19457221031188965,0.55078125,5,8
28,3952,0.04198622703552246,0.04198622703552246,0.7734375,2,1
28,3951,0.04198622703552246,0.04198622703552246,0.7734375,2,1
28,4080,0.04198622703552246,0.04198622703552246,0.7734375,1,0
28,4081,0.011578977108001709,0.011578977108001709,0.91015625,2,2
28,4082,0.04198622703552246,0.04198622703552246,0.7734375,2,0
28,4083,0.04198622703552246,0.04198622703552246,0.7734375,2,0
28,4084,0.04198622703552246,0.04198622703552246,0.7734375,1,0
28,4085,0.0008863210678100586,0.0008863210678100586,0.99609375,2,1
28,4086,0.007709503173828125,0.007709503173828125,0.96875,2,2
28,4087,0.04198622703552246,0.04198622703552246,0.7734375,2,1
28,4088,0.039523303508758545,0.039523303508758545,0.7890625,1,1
28,4089,0.04198622703552246,0.04198622703552246,0.7734375,1,0
28,4090,0.04198622703552246,0.04198622703552246,0.7734375,2,1
28,4091,0.04198622703552246,0.04198622703552246,0.7734375,1,0
28,4092,0.033383965492248535,0.033383965492248535,0.8359375,2,2
28,4093,0.010418474674224854,0.010418474674224854,0.9140625,2,1
28,4094,0.04198622703552246,0.04198622703552246,0.7734375,2,0
28,4095,0.012666463851928711,0.012666463851928711,0.91015625,1,0
28,4096,0.013958752155303955,0.013958752155303955,0.91015625,2,2
28,4097,0.04198622703552246,0.04198622703552246,0.7734375,2,1
28,4098,0.04198622703552246,0.04198622703552246,0.7734375,3,2
28,4099,0.008599400520324707,0.008599400520324707,0.9296875,1,1
28,4100,0.04198622703552246,0.04198622703552246,0.7734375,2,1
28,4101,0.04197114706039429,0.04197114706039429,0.7734375,1,0
28,4102,0.04198622703552246,0.04198622703552246,0.7734375,1,0
28,4103,0.0,0.26958853006362915,0.21484375,3,2
28,3921,0.12297886610031128,0.12297886610031128,0.70703125,3,5
28,4073,0.1383716545533389,0.1414097547531128,0.69140625,4,7
28,4104,0.1324012279510498,0.1324012279510498,0.70703125,2,4
28,4105,0.14191581984050575,0.14359861612319946,0.6953125,2,4
28,4106,0.026937425136566162,0.026937425136566162,0.89453125,4,6
28,4107,0.1456473805010319,0.15034568309783936,0.6875,2,5
28,4108,0.1439832001924515,0.17721009254455566,0.625,2,3
28,4109,0.010884642601013184,0.010884642601013184,0.89453125,5,7
28,4110,0.1048274040222168,0.1048274040222168,0.74609375,3,6
28,4111,0.14755892800167206,0.17945408821105957,0.62890625,5,8
28,4112,0.11942821741104126,0.11942821741104126,0.703125,3,5
28,4113,0.0999102592468262,0.19982051849365234,0.5,4,7
28,4114,0.10131961107254028,0.10131961107254028,0.73828125,1,1
28,4115,0.14090248942375186,0.1454477310180664,0.6875,2,3
28,4116,0.10806596279144287,0.10806596279144287,0.76171875,5,8
28,4117,0.006776571273803711,0.006776571273803711,0.984375,4,7
28,4118,0.14932517451234165,0.1573137640953064,0.6796875,2,5
28,4119,0.028309524059295654,0.028309524059295654,0.859375,2,3
28,4120,0.005278050899505615,0.005278050899505615,0.98046875,4,6
28,4121,0.12826138734817505,0.12826138734817505,0.7109375,4,5
28,4122,0.08248299476690592,0.14766186475753784,0.5234375,4,6
28,4123,0.016891419887542725,0.016891419887542725,0.91015625,3,2
28,4124,0.10706818103790283,0.10706818103790283,0.74609375,4,5
28,4125,0.014101684093475342,0.014101684093475342,0.9140625,5,8
28,4126,0.14195508649572733,0.15269118547439575,0.671875,2,4
28,4127,0.037411337136290974,0.2364766001701355,0.36328125,4,7
28,4128,0.009801149368286133,0.009801149368286133,0.9140625,2,3
28,4129,0.012407183647155762,0.012407183647155762,0.91796875,1,2
28,4130,0.04580843448638916,0.04580843448638916,0.8515625,3,5
28,4131,0.11620712280273438,0.11620712280273438,0.734375,3,4
28,4132,0.12250971794128418,0.12250971794128418,0.7109375,3,5
28,4133,0.089935302734375,0.089935302734375,0.77734375,3,6
28,4134,0.01163780689239502,0.01163780689239502,0.921875,4,5
28,4135,0.05767786502838135,0.05767786502838135,0.84375,2,3
28,4136,0.15033408300951126,0.16002297401428223,0.67578125,3,5
28,4137,0.022288799285888672,0.022288799285888672,0.9375,2,5
28,4138,0.12441784143447876,0.12441784143447876,0.70703125,4,6
28,4139,0.11920791864395142,0.11920791864395142,0.71875,3,6
28,4140,0.020683228969573975,0.020683228969573975,0.9140625,3,5
28,4141,0.027991414070129395,0.027991414070129395,0.9375,3,6
28,4142,0.12717071140650663,0.1326097846031189,0.68359375,5,9
28,4143,0.05322980880737305,0.05322980880737305,0.828125,6,10
28,4144,0.13630892545916143,0.14213883876800537,0.68359375,4,6
28,4145,0.09446543455123901,0.09446543455123901,0.75,3,3
28,4146,0.14296503970399502,0.15217900276184082,0.67578125,4,5
28,4147,0.09877993538975717,0.14206552505493164,0.578125,3,6
28,4148,0.03302079439163208,0.03302079439163208,0.890625,4,7
28,4149,0.10869382065720858,0.14233052730560303,0.60546875,2,4
28,4150,0.12029996362980458,0.2046298384666443,0.53515625,4,5
28,4151,0.13774190656840804,0.1393752098083496,0.6953125,3,3
28,4152,0.13529550377279523,0.1842321753501892,0.59375,2,3
28,4153,0.03936856985092163,0.03936856985092163,0.8515625,4,6
28,4154,0.0054593682289123535,0.0054593682289123535,0.953125,2,4
28,4155,0.032142498297616846,0.24934786558151245,0.3515625,3,5
28,4156,0.04740297794342041,0.04740297794342041,0.83984375,5,8
28,4157,0.07505595684051514,0.07505595684051514,0.80078125,4,6
28,4158,0.01981830596923828,0.01981830596923828,0.8828125,3,3
28,4159,0.10610044002532959,0.10610044002532959,0.74609375,5,7
28,4160,0.13590676710009578,0.14029085636138916,0.6875,1,2
28,4161,0.008240163326263428,0.008240163326263428,0.94140625,4,7
28,4162,0.014276564121246338,0.014276564121246338,0.90234375,3,4
28,3976,0.13398463651537898,0.1355733871459961,0.6953125,5,10
28,3888,0.12006998062133789,0.12006998062133789,0.71484375,4,7
28,4163,0.1364762610755861,0.19091761112213135,0.5859375,5,10
28,4164,0.09052366018295288,0.09052366018295288,0.796875,5,11
28,4165,0.059799015522003174,0.059799015522003174,0.84375,3,4
28,4166,0.010905861854553223,0.010905861854553223,0.9375,2,5
28,4167,0.07389668887481095,0.20903372764587402,0.44140625,2,5
28,4168,0.10256043123081329,0.19376730918884277,0.51171875,5,8
28,4169,0.13054021704010668,0.13208812475204468,0.6953125,5,9
28,4170,0.02826833724975586,0.02826833724975586,0.87109375,3,4
28,4171,0.13885800144635144,0.14050453901290894,0.6953125,2,5
28,4172,0.12386304140090942,0.12386304140090942,0.70703125,2,4
28,4173,0.13659851625561717,0.14100492000579834,0.6875,5,10
28,4174,0.05471539497375488,0.05471539497375488,0.8125,2,2
28,4175,0.0008314847946166992,0.0008314847946166992,0.99609375,3,3
28,4176,0.12939092796295884,0.17856645584106445,0.58984375,4,7
28,4177,0.12653574219439181,0.1899891495704651,0.56640625,3,5
28,4178,0.11126244068145752,0.11126244068145752,0.7265625,1,2
28,4179,0.13790943345520648,0.18532711267471313,0.59765625,3,3
28,4180,0.10772252082824707,0.10772252082824707,0.7421875,1,4
28,4181,0.054757118225097656,0.054757118225097656,0.8515625,1,3
28,4182,0.03624308109283447,0.03624308109283447,0.8515625,5,8
28,4183,0.06023961305618286,0.06023961305618286,0.80859375,3,5
28,4184,0.14578708796761933,0.17521828413009644,0.6328125,5,11
28,4185,0.085237909341231,0.21185344457626343,0.4609375,3,5
28,4186,0.13911073340568694,0.1450604796409607,0.68359375,3,5
28,4187,0.0817142128944397,0.0817142128944397,0.78125,5,9
28,4188,0.016388237476348877,0.016388237476348877,0.91015625,4,4
28,4189,0.09819459915161133,0.09819459915161133,0.734375,4,7
28,4190,0.008717000484466553,0.008717000484466553,0.92578125,3,5
28,4191,0.09088432788848877,0.09088432788848877,0.75390625,5,10
28,4192,0.01151353120803833,0.01151353120803833,0.921875,3,3
28,4193,0.04749268293380737,0.04749268293380737,0.84375,2,3
28,4194,0.14995890296995643,0.15798139572143555,0.6796875,3,4
28,4195,0.13877064362168315,0.14041614532470703,0.6953125,4,5
28,4196,0.03700810670852661,0.03700810670852661,0.8515625,5,8
28,4197,0.029437601566314697,0.029437601566314697,0.859375,3,4
28,4198,0.012276172637939453,0.012276172637939453,0.95703125,2,5
28,4199,0.14854293037205937,0.17443573474884033,0.640625,4,7
28,4200,0.14259079284965995,0.15666627883911133,0.6640625,5,10
28,4201,0.11114621162414551,0.11114621162414551,0.74609375,2,5
28,4202,0.13606797019019726,0.13905549049377441,0.69140625,2,3
28,4203,0.15347869473043832,0.1704578995704651,0.66015625,3,4
28,4204,0.03792107105255127,0.03792107105255127,0.8359375,3,4
28,4205,0.1342055345885456,0.1357969045639038,0.6953125,2,5
28,4206,0.08770757913589478,0.08770757913589478,0.7734375,3,3
28,4207,0.036213040351867676,0.036213040351867676,0.87109375,3,5
28,4208,0.08137112855911255,0.08137112855911255,0.78125,3,3
28,4209,0.13152176141738892,0.13152176141738892,0.71484375,4,6
28,4210,0.00920480489730835,0.00920480489730835,0.91015625,1,2
28,4211,0.05588391912169756,0.22708386182785034,0.3984375,2,4
28,4212,0.04637354612350464,0.04637354612350464,0.81640625,3,6
28,4213,0.1270064115524292,0.1270064115524292,0.703125,3,4
28,4214,0.1380571711342782,0.1410883665084839,0.69140625,2,4
28,4215,0.1324342265725136,0.1340045928955078,0.6953125,6,11
28,4216,0.12948191165924072,0.12948191165924072,0.70703125,4,4
28,4217,0.12498897314071655,0.12498897314071655,0.703125,3,5
28,4218,0.12416738271713257,0.12416738271713257,0.70703125,3,3
28,4219,0.1464768438600004,0.15755492448806763,0.671875,2,4
28,4220,0.03421664237976074,0.03421664237976074,0.8671875,3,6
28,4221,0.004482686519622803,0.004482686519622803,0.96875,4,6
28,4222,0.11579275131225586,0.11579275131225586,0.71875,4,7
28,4223,0.12012116122059527,0.2009870409965515,0.5390625,1,2
29,4102,0.04544210433959961,0.04544210433959961,0.78515625,1,0
29,4100,0.04544210433959961,0.04544210433959961,0.78515625,2,1
29,4224,0.04544210433959961,0.04544210433959961,0.78515625,2,2
29,4225,0.04544210433959961,0.04544210433959961,0.78515625,2,2
29,4226,0.03475874662399292,0.03475874662399292,0.8828125,2,2
29,4227,0.00437551736831665,0.00437551736831665,0.9453125,3,2
29,4228,0.04544210433959961,0.04544210433959961,0.78515625,1,0
29,4229,0.04544210433959961,0.04544210433959961,0.78515625,2,0
29,4230,0.04544210433959961,0.04544210433959961,0.78515625,1,1
29,4231,0.00958561897277832,0.00958561897277832,0.9375,1,0
29,4232,0.04544210433959961,0.04544210433959961,0.78515625,2,1
29,4233,0.04544210433959961,0.04544210433959961,0.78515625,1,0
29,4234,0.04544210433959961,0.04544210433959961,0.78515625,1,0
29,4235,0.04544210433959961,0.04544210433959961,0.78515625,1,1
29,4236,0.04544210433959961,0.04544210433959961,0.78515625,2,1
29,4237,0.04544210433959961,0.04544210433959961,0.78515625,1,0
29,4238,0.04544210433959961,0.04544210433959961,0.78515625,1,0
29,4239,0.004519283771514893,0.004519283771514893,0.9453125,1,0
29,4240,0.017344415187835693,0.017344415187835693,0.9140625,2,2
29,4241,0.04544210433959961,0.04544210433959961,0.78515625,1,1
29,4242,0.04544210433959961,0.04544210433959961,0.78515625,1,0
29,4243,0.045284390449523926,0.045284390449523926,0.78515625,3,3
29,4244,0.04544210433959961,0.04544210433959961,0.78515625,2,1
29,4245,0.04544210433959961,0.04544210433959961,0.78515625,1,0
29,4136,0.1200808333232999,0.17270052433013916,0.578125,3,5
29,4118,0.11947716213762762,0.17183232307434082,0.578125,2,5
29,4246,0.11831225082278253,0.1473865509033203,0.62109375,4,4
29,4247,0.008005261421203613,0.008005261421203613,0.953125,1,2
29,4248,0.11339045385830106,0.12872707843780518,0.65234375,2,4
29,4249,0.09201383590698242,0.09201383590698242,0.72265625,5,6
29,4250,0.12060976773500444,0.15399551391601562,0.61328125,3,2
29,4251,0.0745724136941135,0.2232811450958252,0.43359375,6,10
29,4252,0.12155665084719659,0.18522918224334717,0.5625,3,3
29,4253,0.030027031898498535,0.030027031898498535,0.91796875,3,5
29,4254,0.014036476612091064,0.014036476612091064,0.921875,4,5
29,4255,0.0679120421409607,0.0679120421409607,0.8203125,4,5
29,4256,0.009758353233337402,0.009758353233337402,0.9375,2,2
29,4257,0.11880940874107183,0.1516968011856079,0.61328125,3,6
29,4258,0.055592119693756104,0.055592119693756104,0.796875,3,3
29,4259,0.11776351928710938,0.11776351928710938,0.70703125,4,6
29,4260,0.008010506629943848,0.008010506629943848,0.9609375,2,4
29,4261,0.005188465118408203,0.005188465118408203,0.9453125,3,4
29,4262,0.11391396820545198,0.14020180702209473,0.625,3,5
29,4263,0.1181504421401769,0.16757071018218994,0.58203125,2,6
29,4264,0.0,0.31464654207229614,0.15234375,4,5
29,4265,0.1184949427843094,0.14583992958068848,0.625,3,5
29,4266,0.11636433564126493,0.1773170828819275,0.5625,2,4
29,4267,0.10408484935760498,0.10408484935760498,0.703125,1,3
29,4268,0.07215118408203125,0.07215118408203125,0.76953125,4,6
29,4269,0.009846210479736328,0.009846210479736328,0.9296875,1,2
29,4270,0.021605372428894043,0.021605372428894043,0.90625,2,4
29,4271,0.11529306345619263,0.13385498523712158,0.64453125,2,5
29,4272,0.05804222822189331,0.05804222822189331,0.75,3,5
29,4273,0.03212660551071167,0.03212660551071167,0.8671875,5,8
29,4274,0.08920633792877197,0.08920633792877197,0.73828125,2,3
29,4275,0.1109761082334444,0.18270021677017212,0.54296875,2,2
29,4276,0.10257560014724731,0.10257560014724731,0.73828125,2,4
29,4277,0.09134072065353394,0.09134072065353394,0.73828125,2,4
29,4278,0.07761514186859131,0.07761514186859131,0.7578125,2,4
29,4279,0.10069675440900029,0.1269870400428772,0.6171875,3,4
29,4280,0.0025756359100341797,0.0025756359100341797,0.9609375,2,2
29,4281,0.12246275693178178,0.15833568572998047,0.609375,2,3
29,4282,0.10233867168426514,0.10233867168426514,0.75,3,7
29,4283,0.12062561279162766,0.17348402738571167,0.578125,5,8
29,4284,0.07734905183315278,0.20734405517578125,0.44921875,5,8
29,4285,0.012782447971403607,0.25171589851379395,0.3203125,4,5
29,4286,0.11937676975503567,0.19342058897018433,0.546875,2,4
29,4287,0.11858132982160899,0.18913906812667847,0.55078125,1,3
29,4288,0.09986782749183477,0.1259416937828064,0.6171875,1,2
29,4289,0.08843684638850392,0.2048853635787964,0.47265625,5,8
29,4290,0.1195837799459696,0.1822229027748108,0.5625,3,4
29,4291,0.027454614639282227,0.027454614639282227,0.89453125,2,3
29,4292,0.02716881036758423,0.02716881036758423,0.90625,4,6
29,4293,0.1000152355991304,0.11354279518127441,0.65234375,2,5
29,4294,0.09124112105928363,0.1899002194404602,0.4921875,4,6
29,4295,0.07630115747451782,0.07630115747451782,0.8046875,3,5
29,4296,0.009862542152404785,0.009862542152404785,0.9375,4,5
29,4297,0.012106835842132568,0.012106835842132568,0.9375,3,5
29,4298,0.10560608189553024,0.13155794143676758,0.62109375,3,2
29,4299,0.11712118587456645,0.14076536893844604,0.6328125,1,4
29,4300,0.11859018635004762,0.18915319442749023,0.55078125,2,5
29,4301,0.10336332197766752,0.13197511434555054,0.61328125,2,5
29,4302,0.12227600940968843,0.16874748468399048,0.58984375,3,4
29,4303,0.05101299285888672,0.05101299285888672,0.80859375,3,4
29,4304,0.016477882862091064,0.016477882862091064,0.91015625,1,3
29,4305,0.055892030009999885,0.2365018129348755,0.39453125,3,5
29,4306,0.033836660906672485,0.227952241897583,0.359375,2,4
29,4307,0.08038469159509988,0.16397196054458618,0.49609375,6,9
29,4308,0.1215656789718196,0.18252676725387573,0.56640625,2,5
29,4203,0.12089317291975023,0.184218168258667,0.5625,3,4
29,4194,0.11971131991595031,0.17216908931732178,0.578125,3,4
29,4309,0.07839584350585938,0.07839584350585938,0.7734375,2,4
29,4310,0.057620346546173096,0.057620346546173096,0.79296875,5,11
29,4311,0.12274912593420596,0.16073542833328247,0.60546875,2,4
29,4312,0.07347635924816133,0.21374940872192383,0.4375,5,10
29,4313,0.1117486299481243,0.1189507246017456,0.67578125,5,9
29,4314,0.11247243883553894,0.13360995054244995,0.63671875,3,2
29,4315,0.118796156719327,0.19247984886169434,0.546875,3,5
29,4316,0.0407676100730896,0.0407676100730896,0.84765625,4,8
29,4317,0.12115768855437638,0.1672041416168213,0.58984375,5,9
29,4318,0.0,0.2745591402053833,0.29296875,2,4
29,4319,0.11977880948688836,0.17984384298324585,0.56640625,2,3
29,4320,0.011213183403015137,0.011213183403015137,0.9375,4,7
29,4321,0.030701938550919305,0.25769495964050293,0.34765625,5,9
29,4322,0.11959483800455929,0.15660500526428223,0.60546875,6,12
29,4323,0.11179506778717041,0.11179506778717041,0.72265625,2,2
29,4324,0.05007779598236084,0.05007779598236084,0.8515625,4,7
29,4325,0.015395820140838623,0.015395820140838623,0.9375,5,8
29,4326,0.0922238826751709,0.0922238826751709,0.74609375,3,3
29,4327,0.10583602276165041,0.19995588064193726,0.51171875,4,6
29,4328,0.10944111831486227,0.1270608901977539,0.64453125,2,4
29,4329,0.05721545219421387,0.05721545219421387,0.79296875,4,4
29,4330,0.01284646987915039,0.01284646987915039,0.91796875,3,4
29,4331,0.11869673314504327,0.1836034059524536,0.55859375,3,5
29,4332,0.10772615671157837,0.10772615671157837,0.71875,5,11
29,4333,0.044471144676208496,0.044471144676208496,0.8125,4,7
29,4334,0.11506422213278712,0.12779366970062256,0.66015625,4,7
29,4335,0.11180381476879123,0.19017791748046875,0.53515625,4,6
29,4336,0.11861136765219273,0.15531718730926514,0.60546875,4,5
29,4337,0.025871634483337402,0.025871634483337402,0.90625,3,4
29,4338,0.09954816102981567,0.09954816102981567,0.7265625,2,5
29,4339,0.10434812307357788,0.10434812307357788,0.7265625,3,5
29,4340,0.06061551906168462,0.22819960117340088,0.40625,4,8
29,4341,0.01007300615310669,0.01007300615310669,0.9375,4,6
29,4342,0.048186302185058594,0.048186302185058594,0.80078125,3,5
29,4343,0.009002089500427246,0.009002089500427246,0.9375,6,13
29,4344,0.09443390369415283,0.09443390369415283,0.75,1,4
29,4345,0.09010919742286207,0.21359217166900635,0.46875,2,3
29,4346,0.028691112995147705,0.028691112995147705,0.89453125,3,6
29,4347,0.05085289478302002,0.05085289478302002,0.8125,4,7
29,4348,0.09140105824917556,0.21665436029434204,0.46875,2,4
29,4349,0.12191889504902066,0.1415475606918335,0.64453125,4,7
29,4350,0.11196218908298762,0.1243484616279602,0.66015625,5,10
29,4351,0.017165660858154297,0.017165660858154297,0.9140625,2,3
29,4352,0.11854181555099787,0.15522611141204834,0.60546875,2,3
29,4353,0.10066628456115723,0.10066628456115723,0.7578125,2,3
29,4354,0.10300360783003273,0.18767917156219482,0.51953125,3,5
29,4355,0.11849579075351359,0.1476151943206787,0.62109375,3,4
29,4356,0.0580364465713501,0.0580364465713501,0.81640625,3,4
29,4357,0.11600025277584794,0.1879497766494751,0.546875,3,5
29,4358,6.508827209472656e-05,6.508827209472656e-05,0.99609375,3,4
29,4359,0.012901365756988525,0.012901365756988525,0.91796875,4,6
29,4360,0.11523767339531335,0.18971604108810425,0.54296875,4,6
29,4361,0.11976179853081705,0.1722416877746582,0.578125,5,11
29,4362,0.11967733176425102,0.19702506065368652,0.54296875,1,3
29,4363,0.024989306926727295,0.024989306926727295,0.89453125,4,5
29,4364,0.1208483825903386,0.1814497709274292,0.56640625,2,3
29,4365,0.08119356632232666,0.08119356632232666,0.79296875,3,5
29,4366,0.013294577598571777,0.013294577598571777,0.9375,2,3
29,4367,0.012073993682861328,0.012073993682861328,0.921875,4,5
30,4245,0.04719376564025879,0.04719376564025879,0.73828125,1,0
30,4244,0.04719376564025879,0.04719376564025879,0.73828125,2,1
30,4368,0.04719376564025879,0.04719376564025879,0.73828125,1,0
30,4369,0.047178030014038086,0.047178030014038086,0.73828125,1,1
30,4370,0.04719376564025879,0.04719376564025879,0.73828125,2,1
30,4371,0.04719376564025879,0.04719376564025879,0.73828125,1,2
30,4372,0.036497533321380615,0.036497533321380615,0.828125,2,3
30,4373,0.023501038551330566,0.023501038551330566,0.84375,2,1
30,4374,0.017965958453714855,0.18036413192749023,0.33984375,1,0
30,4375,0.04719376564025879,0.04719376564025879,0.73828125,2,3
30,4376,0.043065011501312256,0.043065011501312256,0.7578125,2,1
30,4377,0.010646820068359375,0.010646820068359375,0.89453125,1,1
30,4378,0.04719376564025879,0.04719376564025879,0.73828125,1,1
30,4379,0.03800135850906372,0.03800135850906372,0.8203125,2,2
30,4380,0.04719376564025879,0.04719376564025879,0.73828125,1,1
30,4381,0.04719376564025879,0.04719376564025879,0.73828125,1,1
30,4382,0.04719376564025879,0.04719376564025879,0.73828125,2,2
30,4383,0.04719376564025879,0.04719376564025879,0.73828125,1,0
30,4384,0.04719376564025879,0.04719376564025879,0.73828125,1,0
30,4385,0.03942835330963135,0.03942835330963135,0.76953125,1,0
30,4386,0.04719376564025879,0.04719376564025879,0.73828125,1,0
30,4387,0.02810722589492798,0.02810722589492798,0.83203125,2,2
30,4388,0.04719376564025879,0.04719376564025879,0.73828125,1,0
30,4389,0.04719376564025879,0.04719376564025879,0.73828125,1,0
30,4390,0.04719376564025879,0.04719376564025879,0.73828125,2,2
30,4391,0.04719376564025879,0.04719376564025879,0.73828125,1,0
30,4392,0.04719376564025879,0.04719376564025879,0.73828125,1,0
30,4393,0.00038254261016845703,0.00038254261016845703,0.9765625,2,0
30,4361,0.10778474202379586,0.174638569355011,0.546875,5,11
30,4322,0.11417587380856277,0.155473530292511,0.59375,6,12
30,4394,0.044000983238220215,0.044000983238220215,0.8046875,6,12
30,4395,0.11864975444041194,0.15149295330047607,0.61328125,2,7
30,4396,0.07802028465084733,0.1327122449874878,0.53515625,5,8
30,4397,0.010341405868530273,0.010341405868530273,0.90234375,2,2
30,4398,0.026450514793395996,0.026450514793395996,0.85546875,4,6
30,4399,0.045381845440715565,0.21920287609100342,0.3828125,6,11
30,4400,0.05285698175430298,0.05285698175430298,0.8125,2,3
30,4401,0.10300161689519884,0.17816495895385742,0.53125,2,4
30,4402,0.11187516152858736,0.17047643661499023,0.5625,5,12
30,4403,0.08668015198782088,0.16376471519470215,0.51171875,3,5
30,4404,0.1151389740407467,0.14170950651168823,0.625,6,11
30,4405,0.012212693691253662,0.012212693691253662,0.8984375,2,4
30,4406,0.010760247707366943,0.010760247707366943,0.90234375,2,4
30,4407,0.0,0.24413204193115234,0.2109375,3,5
30,4408,0.11426195316016675,0.1666727066040039,0.57421875,2,5
30,4409,0.09664882323704663,0.18959462642669678,0.50390625,5,10
30,4410,0.11219428502954544,0.13976514339447021,0.62109375,6,12
30,4411,0.012637639883905658,0.2488642930984497,0.3203125,6,12
30,4412,0.024701149202883254,0.22583907842636108,0.34375,2,6
30,4413,0.009690821170806885,0.009690821170806885,0.91796875,3,7
30,4414,0.05029106140136719,0.05029106140136719,0.8046875,4,7
30,4415,0.08703992143273355,0.10712605714797974,0.625,5,11
30,4416,0.0,0.26368337869644165,0.2578125,4,6
30,4417,0.016408860683441162,0.016408860683441162,0.9375,7,13
30,4418,0.07640555733814837,0.1995900273323059,0.453125,2,3
30,4419,0.07376636448316277,0.20305579900741577,0.4453125,6,8
30,4420,0.007965326309204102,0.007965326309204102,0.9453125,3,5
30,4421,0.11240891239140184,0.16396969556808472,0.57421875,3,4
30,4422,0.04770839214324951,0.04770839214324951,0.828125,6,11
30,4423,0.061907410621643066,0.061907410621643066,0.7890625,3,5
30,4424,0.11187611054629089,0.16090047359466553,0.578125,2,4
30,4425,0.09676902391947809,0.18983042240142822,0.50390625,5,11
30,4426,0.11034494522027673,0.1760019063949585,0.55078125,3,5
30,4427,0.09710473776794971,0.12245720624923706,0.6171875,5,11
30,4428,0.08140504360198975,0.08140504360198975,0.7265625,6,12
30,4429,0.1123827531700954,0.13999992609024048,0.62109375,6,11
30,4430,0.006125807762145996,0.006125807762145996,0.95703125,5,11
30,4431,0.013970375061035156,0.013970375061035156,0.89453125,3,6
30,4432,0.05952059105038644,0.20872974395751953,0.4140625,3,5
30,4433,0.10471326112747192,0.10471326112747192,0.71484375,3,4
30,4434,0.034172236919403076,0.034172236919403076,0.859375,5,9
30,4435,0.01103055477142334,0.01103055477142334,0.90625,2,4
30,4436,0.11668553156778218,0.15680575370788574,0.59765625,1,4
30,4437,0.09460784122347833,0.09765970706939697,0.6875,2,4
30,4438,0.006688475608825684,0.006688475608825684,0.92578125,4,7
30,4439,0.03936338424682617,0.03936338424682617,0.8359375,5,10
30,4440,0.008529305458068848,0.008529305458068848,0.94921875,3,6
30,4311,0.11422845616471024,0.16200822591781616,0.58203125,2,4
30,4281,0.11696551740169527,0.1592721939086914,0.59375,2,3
30,4441,0.0107802152633667,0.0107802152633667,0.89453125,3,3
30,4442,0.0977470874786377,0.0977470874786377,0.70703125,3,3
30,4443,0.08263492723926903,0.20538389682769775,0.4609375,3,3
30,4444,0.02147984504699707,0.02147984504699707,0.90234375,1,3
30,4445,0.032061994075775146,0.032061994075775146,0.87109375,1,1
30,4446,0.0012060999870300293,0.0012060999870300293,0.97265625,3,4
30,4447,0.013848483562469482,0.013848483562469482,0.94921875,3,4
30,4448,0.11698518914636226,0.16591805219650269,0.58203125,2,3
30,4449,0.05061369552277029,0.13567650318145752,0.44921875,4,4
30,4450,0.05788719654083252,0.05788719654083252,0.7890625,2,3
30,4451,0.08365801069885494,0.1139172911643982,0.59375,2,4
30,4452,0.059626877307891846,0.059626877307891846,0.78125,2,1
30,4453,0.022133350372314453,0.022133350372314453,0.86328125,5,8
30,4454,0.005059659481048584,0.005059659481048584,0.94140625,2,3
30,4455,0.08479143260046841,0.12194722890853882,0.578125,3,3
30,4456,0.0002828836441040039,0.0002828836441040039,0.98828125,3,4
30,4457,0.055767178535461426,0.055767178535461426,0.796875,2,3
30,4458,0.11635462939739229,0.16276931762695312,0.5859375,3,4
30,4459,0.09967907040845606,0.18832355737686157,0.51171875,3,5
30,4460,0.0015872716903686523,0.0015872716903686523,0.97265625,3,3
30,4461,0.09537607431411746,0.19075214862823486,0.5,2,4
30,4462,0.012620031833648682,0.012620031833648682,0.91015625,5,8
30,4463,0.09947494114749136,0.19147056341171265,0.5078125,3,3
30,4464,0.11106183473020793,0.14359509944915771,0.609375,4,6
30,4465,0.05643200129270555,0.2293109893798828,0.3984375,3,6
30,4466,0.04157334566116333,0.04157334566116333,0.8203125,2,2
30,4467,0.0010924935340881348,0.0010924935340881348,0.97265625,2,2
30,4468,0.08589359745383264,0.13088548183441162,0.5625,3,2
30,4469,0.10179004713427278,0.1923118233680725,0.51171875,5,9
30,4470,0.06713741971179844,0.16291165351867676,0.46484375,2,3
30,4471,0.010833382606506348,0.010833382606506348,0.890625,5,9
30,4472,0.041358232498168945,0.041358232498168945,0.8125,3,5
30,4473,0.00798410177230835,0.00798410177230835,0.92578125,5,8
30,4474,0.11224902165122332,0.13983333110809326,0.62109375,4,6
30,4475,0.11501948966179044,0.16777771711349487,0.57421875,2,3
30,4476,0.010609745979309082,0.010609745979309082,0.8984375,2,3
30,4477,0.04684730584267528,0.21608847379684448,0.38671875,3,5
30,4478,0.012576937675476074,0.012576937675476074,0.89453125,2,2
30,4479,0.0495685338973999,0.0495685338973999,0.8125,3,1
30,4480,0.08428745344281198,0.2045269012451172,0.46484375,2,4
30,4481,0.05668216943740845,0.05668216943740845,0.79296875,3,3
30,4482,0.09884749911725522,0.13283443450927734,0.59765625,2,5
30,4483,0.08972145430743696,0.19464993476867676,0.484375,4,7
30,4484,0.09709513187408447,0.09709513187408447,0.71875,5,9
30,4485,0.11118796991650017,0.14196568727493286,0.61328125,3,4
30,4486,0.01203775405883789,0.01203775405883789,0.90625,4,6
30,4487,0.07434363989159466,0.1847764253616333,0.4609375,3,2
30,4488,0.012187636690214285,0.24000269174575806,0.3203125,2,3
30,4489,0.11192041402682663,0.15656626224517822,0.5859375,2,3
30,4490,0.061721205711364746,0.061721205711364746,0.78515625,2,4
30,4491,0.07371536316350104,0.15660691261291504,0.48828125,4,5
30,4492,0.014661729335784912,0.014661729335784912,0.89453125,4,4
30,4493,0.06385666131973267,0.06385666131973267,0.7421875,4,6
30,4494,0.04445290565490723,0.04445290565490723,0.80859375,2,3
30,4495,0.01166844367980957,0.01166844367980957,0.90625,2,3
30,4496,0.0968097448348999,0.0968097448348999,0.71484375,2,2
30,4497,0.09561958909034732,0.19123917818069458,0.5,2,4
30,4498,0.1009968195576221,0.194399893283844,0.5078125,3,4
30,4499,0.0799151062965393,0.0799151062965393,0.734375,2,2
30,4500,0.09114570729434492,0.197739839553833,0.484375,3,5
30,4501,0.015758275985717773,0.015758275985717773,0.90234375,2,4
30,4502,0.0,0.2709123492240906,0.25390625,3,3
30,4503,0.1129183361772448,0.15796226263046265,0.5859375,3,4
30,4504,0.10148618929088117,0.1091616153717041,0.671875,1,2
30,4505,0.04678165912628174,0.04678165912628174,0.828125,3,4
30,4506,0.10442172142211349,0.1665542721748352,0.55078125,4,7
30,4507,0.0005553364753723145,0.0005553364753723145,0.98046875,1,1
30,4508,0.029643783811479814,0.22996389865875244,0.3515625,4,7
30,4509,0.061749971937388196,0.21654784679412842,0.4140625,4,7
30,4510,0.06617712671868504,0.21045148372650146,0.42578125,5,7
30,4511,0.013074636459350586,0.013074636459350586,0.87890625,2,5
31,4392,0.046560585498809814,0.046560585498809814,0.78125,1,0
31,4391,0.046560585498809814,0.046560585498809814,0.78125,1,0
31,4512,0.025122880935668945,0.025122880935668945,0.8515625,2,2
31,4513,0.0176316499710083,0.0176316499710083,0.90625,2,2
31,4514,0.0,0.3108179569244385,0.16015625,2,1
31,4515,0.046560585498809814,0.046560585498809814,0.78125,1,0
31,4516,0.010264098644256592,0.010264098644256592,0.91796875,1,0
31,4517,0.046560585498809814,0.046560585498809814,0.78125,1,0
31,4518,0.014315009117126465,0.014315009117126465,0.89453125,1,0
31,4519,0.046560585498809814,0.046560585498809814,0.78125,1,1
31,4520,0.046560585498809814,0.046560585498809814,0.78125,3,3
31,4521,0.046560585498809814,0.046560585498809814,0.78125,1,0
31,4522,0.010264098644256592,0.010264098644256592,0.91796875,1,1
31,4523,0.046560585498809814,0.046560585498809814,0.78125,2,2
31,4524,0.04632776975631714,0.04632776975631714,0.78125,1,1
31,4525,0.006199359893798828,0.006199359893798828,0.9453125,1,0
31,4526,0.04035389423370361,0.04035389423370361,0.796875,1,0
31,4527,0.019896268844604492,0.019896268844604492,0.87890625,2,1
31,4528,0.046560585498809814,0.046560585498809814,0.78125,1,0
31,4529,0.019046783447265625,0.019046783447265625,0.91015625,2,2
31,4530,0.00785672664642334,0.00785672664642334,0.9375,2,2
31,4531,0.046560585498809814,0.046560585498809814,0.78125,1,0
31,4532,0.046560585498809814,0.046560585498809814,0.78125,1,1
31,4533,0.046560585498809814,0.046560585498809814,0.78125,2,2
31,4534,0.001984238624572754,0.001984238624572754,0.96484375,3,4
31,4535,0.046560585498809814,0.046560585498809814,0.78125,1,0
31,4536,0.046560585498809814,0.046560585498809814,0.78125,1,0
31,4537,0.046560585498809814,0.046560585498809814,0.78125,1,0
31,4538,0.04652529954910278,0.04652529954910278,0.78125,1,0
31,4539,0.046560585498809814,0.046560585498809814,0.78125,1,0
31,4540,0.04090398550033569,0.04090398550033569,0.7890625,1,0
31,4541,0.046560585498809814,0.046560585498809814,0.78125,1,0
31,4408,0.11408971552737059,0.15960091352462769,0.5859375,2,5
31,4503,0.11617139982990922,0.1521221399307251,0.60546875,3,4
31,4542,0.11793480813503267,0.16059207916259766,0.59375,2,6
31,4543,0.10822907742112876,0.10844087600708008,0.69921875,3,4
31,4544,0.12016343092545868,0.14613699913024902,0.62890625,3,4
31,4545,0.11961876403074713,0.13579779863357544,0.65234375,2,4
31,4546,0.11189944855868818,0.1842203140258789,0.54296875,2,3
31,4547,0.0800713300704956,0.0800713300704956,0.75390625,5,10
31,4548,0.10002621333114804,0.13267725706100464,0.6015625,2,4
31,4549,0.12006083317101003,0.16569042205810547,0.58984375,3,4
31,4550,0.07024520635604858,0.07024520635604858,0.83203125,3,4
31,4551,0.05811119079589844,0.05811119079589844,0.80859375,2,4
31,4552,0.10029909014701846,0.20059818029403687,0.5,6,11
31,4553,0.03633910417556763,0.03633910417556763,0.84375,1,1
31,4554,0.007727922871708877,0.24729353189468384,0.3125,6,11
31,4555,0.10665082465857269,0.17844843864440918,0.5390625,3,6
31,4556,0.09498543734662236,0.12599104642868042,0.6015625,3,3
31,4557,0.11367853032425047,0.14514565467834473,0.61328125,3,4
31,4558,0.09321082010865213,0.22094416618347168,0.46875,3,4
31,4559,0.01108473539352417,0.01108473539352417,0.9140625,3,6
31,4560,0.11787122546229513,0.1626686453819275,0.58984375,3,6
31,4561,0.04202234745025635,0.04202234745025635,0.86328125,2,1
31,4562,0.05268945847637953,0.19132626056671143,0.41015625,3,5
31,4563,0.011991798877716064,0.011991798877716064,0.91796875,3,4
31,4564,0.11452962085604669,0.1745213270187378,0.5625,3,5
31,4565,0.059856116771698,0.059856116771698,0.828125,3,3
31,4566,0.08873640536330642,0.2010311484336853,0.4765625,2,3
31,4567,0.10792808630503715,0.1509813666343689,0.5859375,1,2
31,4568,0.07950258255004883,0.07950258255004883,0.77734375,2,4
31,4569,0.10884848190471531,0.17636209726333618,0.546875,3,4
31,4570,0.11741202836856247,0.1557382345199585,0.6015625,2,4
31,4571,0.04698634147644043,0.04698634147644043,0.83984375,2,2
31,4572,0.03364551067352295,0.03364551067352295,0.875,3,2
31,4573,0.05932925641536714,0.2233572006225586,0.40625,2,5
31,4574,0.10802491381764413,0.10823631286621094,0.69921875,1,2
31,4575,0.09847488999366763,0.1969497799873352,0.5,2,2
31,4576,0.11601418000645937,0.16454088687896729,0.58203125,2,4
31,4577,0.09972500801086426,0.09972500801086426,0.7421875,5,6
31,4578,0.11508239200338723,0.15465140342712402,0.59765625,3,4
31,4579,0.11311165778897704,0.1426432728767395,0.6171875,3,4
31,4580,0.007408559322357178,0.007408559322357178,0.94140625,3,4
31,4581,0.10540113039314748,0.18231546878814697,0.53125,2,5
31,4582,0.10289121815003456,0.11811727285385132,0.6484375,2,3
31,4583,0.11686166224535556,0.15704244375228882,0.59765625,2,5
31,4584,0.10162488464266063,0.1788039207458496,0.52734375,4,7
31,4585,0.011076335096731789,0.27005159854888916,0.31640625,1,3
31,4586,0.09247356653213501,0.09247356653213501,0.71875,4,6
31,4587,0.10265164193697275,0.18376797437667847,0.5234375,6,11
31,4588,0.09246635437011719,0.09246635437011719,0.7109375,4,6
31,4589,0.10326284007169308,0.14645588397979736,0.58203125,3,4
31,4590,0.01983940601348877,0.01983940601348877,0.91796875,3,4
31,4591,0.1133442611899227,0.17018258571624756,0.56640625,3,3
31,4592,0.11392188095487656,0.157218337059021,0.58984375,3,5
31,4593,0.06657040119171143,0.06657040119171143,0.73828125,3,5
31,4594,0.11853674438316376,0.15929347276687622,0.59765625,1,2
31,4595,0.07391035556793213,0.07391035556793213,0.7734375,6,10
31,4596,0.020568668842315674,0.020568668842315674,0.8828125,4,5
31,4597,0.04307061433792114,0.04307061433792114,0.8203125,4,6
31,4598,0.12530751584563407,0.13621538877487183,0.66796875,2,3
31,4599,0.05913358926773071,0.05913358926773071,0.83203125,2,3
31,4600,0.11642527347430588,0.16286814212799072,0.5859375,4,6
31,4601,0.11547157214954497,0.16607147455215454,0.578125,5,6
31,4602,0.006600320339202881,0.006600320339202881,0.9609375,3,6
31,4395,0.12203291896730663,0.1466686725616455,0.6328125,2,7
31,4448,0.12017808319069447,0.15940719842910767,0.6015625,2,3
31,4603,0.0710250735282898,0.0710250735282898,0.82421875,2,2
31,4604,0.11664515524171294,0.15274250507354736,0.60546875,2,3
31,4605,0.12226277822628619,0.13879942893981934,0.65234375,6,11
31,4606,0.11812937259674072,0.11812937259674072,0.73828125,4,5
31,4607,0.12333036912605168,0.14822804927825928,0.6328125,3,5
31,4608,0.09669357538223267,0.09669357538223267,0.765625,4,6
31,4609,0.12134190369397403,0.15116071701049805,0.62109375,2,6
31,4610,0.10693929961416872,0.11151307821273804,0.68359375,2,3
31,4611,0.0847885012626648,0.0847885012626648,0.77734375,2,2
31,4612,0.06917768716812134,0.06917768716812134,0.7890625,2,4
31,4613,0.11545274709351362,0.14741098880767822,0.61328125,2,7
31,4614,0.07191509008407593,0.07191509008407593,0.73828125,3,7
31,4615,0.11370220920071007,0.14888882637023926,0.60546875,2,4
31,4616,0.11067650467157365,0.16864991188049316,0.5625,3,4
31,4617,0.11428459128364922,0.15771889686584473,0.58984375,2,4
31,4618,0.05242234468460083,0.05242234468460083,0.8359375,2,5
31,4619,0.000624537467956543,0.000624537467956543,0.98046875,3,4
31,4620,0.010349273681640625,0.010349273681640625,0.9296875,1,2
31,4621,0.05883622169494629,0.05883622169494629,0.8515625,2,3
31,4622,0.1217126394622028,0.12822401523590088,0.6796875,3,4
31,4623,0.11626301310025157,0.15623795986175537,0.59765625,1,2
31,4624,0.06406401307322086,0.22466284036636353,0.4140625,2,3
31,4625,0.10863909870386126,0.18791627883911133,0.53125,1,2
31,4626,0.12385961390100421,0.14061224460601807,0.65234375,2,6
31,4627,0.10621664742939177,0.19015008211135864,0.5234375,2,4
31,4628,0.008753776550292969,0.008753776550292969,0.93359375,1,4
31,4629,0.12069077673368157,0.12585270404815674,0.68359375,2,7
31,4630,0.1230940939858556,0.13240373134613037,0.671875,2,4
31,4631,0.05532240867614746,0.05532240867614746,0.8203125,2,3
31,4632,0.04263710975646973,0.04263710975646973,0.8203125,6,11
31,4633,0.10345481091644616,0.18202358484268188,0.52734375,2,4
31,4634,0.008457541465759277,0.008457541465759277,0.9375,1,3
31,4635,0.08446717262268066,0.08446717262268066,0.76171875,1,3
31,4636,0.0073424577713012695,0.0073424577713012695,0.9453125,6,11
31,4637,0.06604695320129395,0.06604695320129395,0.83203125,6,11
31,4638,0.10447512008249761,0.11730539798736572,0.65625,2,3
31,4639,0.12026186450384559,0.1574784517288208,0.60546875,3,3
31,4640,0.01071995496749878,0.01071995496749878,0.90625,4,6
31,4641,0.0944799017161131,0.20072078704833984,0.48828125,6,10
31,4642,0.006088137626647949,0.006088137626647949,0.97265625,2,4
31,4643,0.08270680904388428,0.08270680904388428,0.76171875,2,3
31,4644,0.11250567436218262,0.11250567436218262,0.7265625,4,6
31,4645,0.10535144060850145,0.18222951889038086,0.53125,2,3
31,4646,0.11247358890250327,0.17664563655853271,0.5546875,2,4
31,4647,0.10623180866241455,0.10623180866241455,0.7421875,2,7
31,4648,0.01772594451904297,0.01772594451904297,0.89453125,2,2
31,4649,0.10240673180669548,0.18659162521362305,0.51953125,1,3
31,4650,0.11952494690194727,0.15073096752166748,0.6171875,5,10
31,4651,0.11652835935819895,0.16081541776657104,0.58984375,3,4
31,4652,0.07309788465499878,0.07309788465499878,0.81640625,1,3
31,4653,0.06187373399734497,0.06187373399734497,0.83984375,1,2
31,4654,0.11958221811801197,0.16069841384887695,0.59765625,3,4
31,4655,0.11026149336248638,0.1631615161895752,0.5703125,3,4
32,4541,0.04169511795043945,0.04169511795043945,0.78125,1,0
32,4539,0.04169511795043945,0.04169511795043945,0.78125,1,0
32,4656,0.04169511795043945,0.04169511795043945,0.78125,2,2
32,4657,0.04169511795043945,0.04169511795043945,0.78125,2,2
32,4658,0.029448866844177246,0.029448866844177246,0.8203125,1,0
32,4659,0.04169511795043945,0.04169511795043945,0.78125,1,0
32,4660,0.04169511795043945,0.04169511795043945,0.78125,2,2
32,4661,0.03512716293334961,0.03512716293334961,0.80859375,1,1
32,4662,0.04169511795043945,0.04169511795043945,0.78125,1,0
32,4663,0.04169511795043945,0.04169511795043945,0.78125,1,0
32,4664,0.0014794468879699707,0.0014794468879699707,0.96875,1,0
32,4665,0.04169511795043945,0.04169511795043945,0.78125,1,0
32,4666,0.04170602560043335,0.04170602560043335,0.78125,2,3
32,4667,0.04169511795043945,0.04169511795043945,0.78125,1,0
32,4668,0.009035348892211914,0.009035348892211914,0.91796875,1,0
32,4669,0.02317887544631958,0.02317887544631958,0.8515625,3,4
32,4670,0.04169511795043945,0.04169511795043945,0.78125,1,0
32,4671,0.04169511795043945,0.04169511795043945,0.78125,1,1
32,4672,0.04169511795043945,0.04169511795043945,0.78125,1,0
32,4673,0.04169511795043945,0.04169511795043945,0.78125,1,0
32,4674,0.04169511795043945,0.04169511795043945,0.78125,2,3
32,4675,0.029183566570281982,0.029183566570281982,0.8359375,2,2
32,4676,0.0033536553382873535,0.0033536553382873535,0.94921875,1,0
32,4677,0.0207669734954834,0.0207669734954834,0.87109375,1,1
32,4678,0.04169511795043945,0.04169511795043945,0.78125,2,2
32,4679,0.04169511795043945,0.04169511795043945,0.78125,1,0
32,4680,0.04169511795043945,0.04169511795043945,0.78125,1,0
32,4681,0.04169511795043945,0.04169511795043945,0.78125,1,0
32,4682,0.04169511795043945,0.04169511795043945,0.78125,1,0
32,4639,0.11872634594328703,0.16384875774383545,0.58984375,3,3
32,4448,0.12044518173206599,0.16622084379196167,0.58984375,2,3
32,4683,0.11783636454492809,0.1604580283164978,0.59375,4,5
32,4684,0.1262508034706116,0.1303234100341797,0.6875,2,4
32,4685,0.12549807876348498,0.1295464038848877,0.6875,3,3
32,4686,0.11772571632172914,0.15415745973587036,0.60546875,3,4
32,4687,0.11688756512012334,0.15707725286483765,0.59765625,2,2
32,4688,0.11632434290368111,0.17993372678756714,0.55859375,2,4
32,4689,0.10566925210878256,0.1960241198539734,0.515625,4,5
32,4690,0.11909169272985311,0.17371779680252075,0.57421875,2,3
32,4691,0.11764936381950976,0.16920357942581177,0.578125,3,4
32,4692,0.034699320793151855,0.034699320793151855,0.88671875,5,8
32,4693,0.02709580957889558,0.24773311614990234,0.34375,3,5
32,4694,0.11859609733801336,0.14088445901870728,0.63671875,3,5
32,4695,0.10471744160167876,0.20156139135360718,0.5078125,3,5
32,4696,0.11956665222533049,0.16500842571258545,0.58984375,2,6
32,4697,0.08963507413864136,0.08963507413864136,0.75390625,1,2
32,4698,0.009097874164581299,0.009097874164581299,0.9140625,1,2
32,4699,0.0870887041091919,0.0870887041091919,0.78125,2,5
32,4700,0.12204300449229778,0.12349015474319458,0.6953125,3,4
32,4701,0.010288357734680176,0.010288357734680176,0.9140625,3,4
32,4702,0.01442497968673706,0.01442497968673706,0.8984375,1,3
32,4703,0.012690100353211173,0.24989736080169678,0.3203125,3,3
32,4704,0.11705163447186352,0.1532747745513916,0.60546875,3,4
32,4705,0.1148050546180457,0.1447787880897522,0.6171875,3,6
32,4706,0.010243594646453857,0.010243594646453857,0.9375,1,2
32,4707,0.10636534437071535,0.20095592737197876,0.51171875,4,8
32,4708,0.03227889537811279,0.03227889537811279,0.84765625,1,2
32,4709,0.04111588001251221,0.04111588001251221,0.85546875,2,3
32,4710,0.11611453630030157,0.13635468482971191,0.640625,3,2
32,4711,0.00652080774307251,0.00652080774307251,0.9296875,3,3
32,4712,0.017353163100779063,0.24680054187774658,0.328125,2,4
32,4713,0.11116338800638917,0.19228261709213257,0.53125,2,3
32,4714,0.11649560742080213,0.1775171160697937,0.5625,1,2
32,4715,0.11702495813369751,0.11702495813369751,0.7109375,3,3
32,4716,0.11910682939924301,0.16005957126617432,0.59765625,2,4
32,4717,0.11878269887529315,0.1555415391921997,0.60546875,3,4
32,4718,0.11328195361420514,0.17791521549224854,0.5546875,3,6
32,4719,0.12287895753979684,0.1512356400489807,0.625,2,4
32,4720,0.10570643097162248,0.1091163158416748,0.6875,2,3
32,4721,0.10171937942504883,0.10171937942504883,0.7265625,2,5
32,4722,0.10699234064668418,0.18506783246994019,0.53125,2,3
32,4723,0.08842134196311237,0.2095913290977478,0.46875,2,4
32,4724,0.009077966213226318,0.009077966213226318,0.92578125,3,3
32,4725,0.10988300666213037,0.18691062927246094,0.53515625,2,5
32,4726,0.011539876461029053,0.011539876461029053,0.8984375,2,3
32,4727,0.11560502299107613,0.11583125591278076,0.69921875,1,3
32,4728,0.04655861854553223,0.04655861854553223,0.8125,4,7
32,4729,0.012410163879394531,0.012410163879394531,0.8984375,2,3
32,4730,0.12167907925322653,0.1679236888885498,0.58984375,3,3
32,4731,0.0776323676109314,0.0776323676109314,0.765625,2,2
32,4732,0.11780458770226689,0.14326828718185425,0.62890625,3,3
32,4733,0.11607691284734757,0.18514448404312134,0.55078125,3,5
32,4734,0.06853902339935303,0.06853902339935303,0.78125,4,5
32,4735,0.11576903704553844,0.17907476425170898,0.55859375,2,3
32,4736,0.11795846093446018,0.17455124855041504,0.5703125,2,6
32,4737,0.09125947952270508,0.09125947952270508,0.73828125,3,2
32,4738,0.029683291912078857,0.029683291912078857,0.8515625,4,4
32,4739,0.04547548294067383,0.04547548294067383,0.8671875,3,3
32,4740,0.11614478006958963,0.17698252201080322,0.5625,3,2
32,4741,0.11390301515348257,0.17618834972381592,0.55859375,2,6
32,4742,0.11654704017564656,0.16761821508407593,0.578125,4,6
32,4743,0.03815335035324097,0.03815335035324097,0.859375,3,4
32,4744,0.011368870735168457,0.011368870735168457,0.90234375,2,5
32,4745,0.0647430419921875,0.0647430419921875,0.8203125,3,4
32,4746,0.00820016860961914,0.00820016860961914,0.921875,3,3
32,4747,0.10834145511034877,0.13833123445510864,0.61328125,3,3
32,4748,0.06265592575073242,0.06265592575073242,0.828125,3,4
32,4749,0.02187412977218628,0.02187412977218628,0.890625,2,1
32,4750,0.08811628818511963,0.08811628818511963,0.78515625,3,7
32,4751,0.046481549739837646,0.046481549739837646,0.80859375,3,3
32,4752,0.0008895397186279297,0.0008895397186279297,0.9765625,2,2
32,4598,0.11822816403582694,0.14044737815856934,0.63671875,2,3
32,4626,0.12222209433093668,0.14519190788269043,0.63671875,2,6
32,4753,0.03410059213638306,0.03410059213638306,0.87890625,3,6
32,4754,0.008797764778137207,0.008797764778137207,0.9609375,3,5
32,4755,0.12261660315562041,0.12285655736923218,0.69921875,2,6
32,4756,0.0014777779579162598,0.0014777779579162598,0.96875,1,2
32,4757,0.10116198658943179,0.20232397317886353,0.5,2,3
32,4758,0.028040945529937744,0.028040945529937744,0.88671875,1,3
32,4759,0.12206045177299531,0.12474042177200317,0.69140625,3,5
32,4760,0.12237349525094034,0.13740181922912598,0.65625,2,4
32,4761,0.12517367431428286,0.12792199850082397,0.69140625,2,6
32,4762,0.11580920999404044,0.15164786577224731,0.60546875,3,4
32,4763,0.034306228160858154,0.034306228160858154,0.88671875,5,8
32,4764,0.026452302932739258,0.026452302932739258,0.86328125,3,6
32,4765,0.07600513473153116,0.19854402542114258,0.453125,2,4
32,4766,0.03629952669143677,0.03629952669143677,0.87890625,3,4
32,4767,0.11739441135432573,0.1762637495994568,0.56640625,4,7
32,4768,0.12329851102549584,0.13997524976730347,0.65234375,2,3
32,4769,0.0,0.24783849716186523,0.21875,3,6
32,4770,0.08790111541748047,0.08790111541748047,0.7421875,6,9
32,4771,0.040303707122802734,0.040303707122802734,0.875,2,5
32,4772,8.189678192138672e-05,8.189678192138672e-05,1.0,2,3
32,4773,0.09945791959762573,0.09945791959762573,0.7421875,2,4
32,4774,0.11260743904858829,0.18245255947113037,0.546875,2,6
32,4775,0.05755347013473511,0.05755347013473511,0.8046875,3,6
32,4776,0.12527724599931392,0.14544659852981567,0.64453125,3,4
32,4777,0.0911608338356018,0.0911608338356018,0.71875,2,2
32,4778,0.1166549159679562,0.14894592761993408,0.61328125,3,5
32,4779,0.007236123085021973,0.007236123085021973,0.91796875,2,3
32,4780,0.05242109298706055,0.05242109298706055,0.83203125,1,2
32,4781,0.10741639137268066,0.10741639137268066,0.71875,6,11
32,4782,0.11739990091882647,0.15776574611663818,0.59765625,3,4
32,4783,0.05509370565414429,0.05509370565414429,0.80078125,1,1
32,4784,0.11944601079449059,0.16709387302398682,0.5859375,1,3
32,4785,0.10768057638779285,0.18945860862731934,0.52734375,2,3
32,4786,0.11228772019967438,0.1508958339691162,0.59765625,4,6
32,4787,0.12085940316319467,0.12229251861572266,0.6953125,3,8
32,4788,0.045420348644256606,0.24224185943603516,0.375,3,5
32,4789,0.0704033374786377,0.0704033374786377,0.78125,2,5
32,4790,0.04135880200192333,0.10803931951522827,0.453125,3,7
32,4791,0.12024961458519103,0.14284873008728027,0.63671875,3,6
32,4792,0.12007380556315185,0.12649750709533691,0.6796875,2,3
32,4793,0.03093332052230835,0.03093332052230835,0.87890625,6,11
32,4794,0.05936326214578004,0.2320151925086975,0.40234375,2,2
32,4795,0.009554743766784668,0.009554743766784668,0.91796875,3,4
32,4796,0.11695139808580281,0.18090367317199707,0.55859375,2,6
32,4797,0.0,0.26915687322616577,0.2734375,6,10
32,4798,0.10361969470977783,0.10361969470977783,0.734375,3,5
32,4799,0.0981252193450928,0.19625043869018555,0.5,2,4
33,4678,0.042732954025268555,0.042732954025268555,0.765625,2,2
33,4672,0.042732954025268555,0.042732954025268555,0.765625,1,0
33,4800,0.042732954025268555,0.042732954025268555,0.765625,2,1
33,4801,0.042732954025268555,0.042732954025268555,0.765625,2,2
33,4802,0.028274178504943848,0.028274178504943848,0.8515625,2,1
33,4803,0.031778573989868164,0.031778573989868164,0.8671875,2,3
33,4804,0.008493661880493164,0.008493661880493164,0.9296875,1,0
33,4805,0.015898406505584717,0.015898406505584717,0.8984375,1,0
33,4806,6.0617923736572266e-05,6.0617923736572266e-05,1.0,1,1
33,4807,0.0015735626220703125,0.0015735626220703125,0.9765625,2,2
33,4808,0.041873931884765625,0.041873931884765625,0.81640625,2,2
33,4809,0.042732954025268555,0.042732954025268555,0.765625,1,1
33,4810,0.009307861328125,0.009307861328125,0.9296875,1,0
33,4811,0.009307861328125,0.009307861328125,0.9296875,2,1
33,4812,0.042732954025268555,0.042732954025268555,0.765625,1,1
33,4666,0.04275476932525635,0.04275476932525635,0.765625,2,3
33,4682,0.042732954025268555,0.042732954025268555,0.765625,1,0
33,4813,0.07566619338467719,0.07971417903900146,0.6796875,3,4
33,4814,0.02911520004272461,0.02911520004272461,0.8515625,1,0
33,4815,0.042732954025268555,0.042732954025268555,0.765625,1,1
33,4816,0.029418110847473145,0.029418110847473145,0.83984375,2,3
33,4817,0.042732954025268555,0.042732954025268555,0.765625,1,0
33,4818,0.042732954025268555,0.042732954025268555,0.765625,1,1
33,4819,0.042732954025268555,0.042732954025268555,0.765625,1,0
33,4820,0.042732954025268555,0.042732954025268555,0.765625,2,3
33,4821,0.03799563646316528,0.03799563646316528,0.8203125,1,1
33,4822,0.042732954025268555,0.042732954025268555,0.765625,1,0
33,4823,0.042732954025268555,0.042732954025268555,0.765625,1,0
33,4824,0.009307861328125,0.009307861328125,0.9296875,1,0
33,4825,0.042732954025268555,0.042732954025268555,0.765625,1,0
33,4826,0.042732954025268555,0.042732954025268555,0.765625,1,0
33,4827,0.042732954025268555,0.042732954025268555,0.765625,1,0
33,4828,0.0018464922904968262,0.0018464922904968262,0.96875,1,0
33,4829,0.042732954025268555,0.042732954025268555,0.765625,2,3
33,4830,0.042732954025268555,0.042732954025268555,0.765625,1,1
33,4831,0.042732954025268555,0.042732954025268555,0.765625,3,4
33,4832,0.042732954025268555,0.042732954025268555,0.765625,1,0
33,4833,0.009244918823242188,0.009244918823242188,0.9296875,1,0
33,4776,0.12919148430228236,0.1389622688293457,0.671875,3,4
33,4761,0.12163734436035156,0.12163734436035156,0.703125,2,6
33,4834,0.1086571216583252,0.1086571216583252,0.7421875,2,5
33,4835,0.012753129005432129,0.012753129005432129,0.94921875,3,3
33,4836,0.032276034355163574,0.032276034355163574,0.88671875,4,6
33,4837,0.03509822883643211,0.20895689725875854,0.3671875,4,5
33,4838,1.1086463928222656e-05,1.1086463928222656e-05,1.0,3,4
33,4839,0.12636971392203125,0.1373700499534607,0.66796875,2,5
33,4840,0.12105699651874603,0.1626802682876587,0.59765625,1,4
33,4841,0.00961381196975708,0.00961381196975708,0.9296875,2,5
33,4842,0.05258893966674805,0.05258893966674805,0.8203125,2,6
33,4843,0.06453889608383179,0.06453889608383179,0.8125,3,6
33,4844,0.11225378513336182,0.11225378513336182,0.73046875,4,5
33,4845,0.1281004152260721,0.14074552059173584,0.6640625,3,4
33,4846,0.1270552044734359,0.17773842811584473,0.5859375,1,3
33,4847,0.04113733768463135,0.04113733768463135,0.85546875,2,5
33,4848,0.01556175947189331,0.01556175947189331,0.91015625,2,6
33,4849,1.8298625946044922e-05,1.8298625946044922e-05,1.0,1,3
33,4850,0.110079824924469,0.110079824924469,0.74609375,2,6
33,4851,0.06825815699994565,0.10401242971420288,0.5625,4,6
33,4852,0.13524535938631746,0.15701955556869507,0.64453125,2,5
33,4853,0.024600446224212646,0.024600446224212646,0.90234375,2,5
33,4854,0.008000314235687256,0.008000314235687256,0.9375,3,9
33,4855,0.09915071725845337,0.09915071725845337,0.7578125,3,5
33,4856,0.009602904319763184,0.009602904319763184,0.92578125,2,3
33,4857,0.10926851816475393,0.1226874589920044,0.65625,4,6
33,4858,0.03165304660797119,0.03165304660797119,0.890625,3,5
33,4859,0.11012464761734009,0.11012464761734009,0.7421875,3,4
33,4860,0.040953874588012695,0.040953874588012695,0.859375,1,1
33,4861,0.023648440837860107,0.023648440837860107,0.91015625,2,5
33,4862,0.026963770389556885,0.026963770389556885,0.90625,3,4
33,4863,0.12081277882680298,0.14351773262023926,0.63671875,3,3
33,4864,0.00937885046005249,0.00937885046005249,0.93359375,2,6
33,4865,0.1088515934534371,0.11959660053253174,0.6640625,3,4
33,4866,0.11052191257476807,0.11052191257476807,0.734375,2,7
33,4867,0.07001721858978271,0.07001721858978271,0.81640625,2,5
33,4868,0.05109894275665283,0.05109894275665283,0.8359375,1,1
33,4869,0.12201518449001016,0.1683875322341919,0.58984375,2,5
33,4870,0.1062619686126709,0.1062619686126709,0.75390625,3,4
33,4871,0.03920913487672807,0.2091153860092163,0.375,2,2
33,4872,0.08040302991867065,0.08040302991867065,0.79296875,3,4
33,4873,0.04017913341522217,0.04017913341522217,0.86328125,2,3
33,4684,0.1238861083984375,0.1238861083984375,0.71484375,2,4
33,4685,0.1230853796005249,0.1230853796005249,0.72265625,3,3
33,4874,0.12026677269022913,0.18057650327682495,0.56640625,2,4
33,4875,0.038712263107299805,0.038712263107299805,0.85546875,2,3
33,4876,0.06915336847305298,0.06915336847305298,0.80078125,2,3
33,4877,0.010007321834564209,0.010007321834564209,0.9375,4,4
33,4878,0.043152451515197754,0.043152451515197754,0.8515625,2,3
33,4879,0.009765148162841797,0.009765148162841797,0.9375,2,5
33,4880,0.018456101417541504,0.018456101417541504,0.921875,3,6
33,4881,0.027429938316345215,0.027429938316345215,0.90234375,2,2
33,4882,0.05430347647052259,0.18412834405899048,0.41796875,3,4
33,4883,0.05178701877593994,0.05178701877593994,0.8359375,1,1
33,4884,0.008986711502075195,0.008986711502075195,0.92578125,4,8
33,4885,0.10320990043692292,0.10762417316436768,0.68359375,2,3
33,4886,0.11038148403167725,0.11038148403167725,0.74609375,3,6
33,4887,0.0005353689193725586,0.0005353689193725586,0.9921875,2,2
33,4888,0.0001055598258972168,0.0001055598258972168,1.0,3,3
33,4889,0.08363521099090576,0.08363521099090576,0.76171875,2,5
33,4890,0.042707204818725586,0.042707204818725586,0.84765625,3,3
33,4891,0.11757922172546387,0.11757922172546387,0.73046875,2,3
33,4892,0.07558602094650269,0.07558602094650269,0.78125,3,3
33,4893,0.009612500667572021,0.009612500667572021,0.9296875,2,5
33,4894,0.11295109253842386,0.19212943315505981,0.53515625,1,2
33,4895,0.03232461214065552,0.03232461214065552,0.859375,1,1
33,4896,0.03161907196044922,0.03161907196044922,0.89453125,1,1
33,4897,0.13285824179183695,0.1578269600868225,0.63671875,3,4
33,4898,0.012952983379364014,0.012952983379364014,0.921875,2,3
33,4899,0.09900867938995361,0.09900867938995361,0.75390625,2,4
33,4900,0.08723307517357172,0.21167457103729248,0.46484375,1,2
33,4901,0.1277735643088818,0.17398953437805176,0.59375,2,3
33,4902,0.011877477169036865,0.011877477169036865,0.9140625,3,7
33,4903,0.08030366897583009,0.16060733795166016,0.5,3,3
33,4904,0.12729003559798005,0.13985514640808105,0.6640625,2,3
33,4905,0.027588844299316406,0.027588844299316406,0.85546875,4,5
33,4906,0.13702333252877,0.14895105361938477,0.66796875,3,3
33,4907,0.10161638259887695,0.10161638259887695,0.73046875,3,4
33,4908,0.0884344109799713,0.21979814767837524,0.4609375,1,1
33,4909,0.10899310139939192,0.202190101146698,0.515625,3,3
33,4910,0.10046923160552979,0.10046923160552979,0.76171875,4,6
33,4911,0.11435854434967041,0.11435854434967041,0.7265625,3,4
33,4912,0.09696149826049805,0.09696149826049805,0.7734375,3,4
33,4913,0.017933130264282227,0.017933130264282227,0.90234375,2,3
33,4914,0.08486229181289673,0.08486229181289673,0.7578125,3,5
33,4915,0.13456747587770226,0.15802419185638428,0.640625,1,3
33,4916,0.09312891960144043,0.09312891960144043,0.76171875,3,4
33,4917,0.07801055908203125,0.07801055908203125,0.8046875,2,3
33,4918,0.12392602383624764,0.1757621169090271,0.58203125,3,4
33,4919,0.016559481620788574,0.016559481620788574,0.921875,2,6
33,4920,0.07470762729644775,0.07470762729644775,0.78515625,2,4
33,4921,0.04549765586853027,0.04549765586853027,0.84765625,2,3
33,4922,0.10446859558578582,0.1615949273109436,0.55859375,3,6
33,4923,0.06757897138595581,0.06757897138595581,0.79296875,4,5
33,4924,0.009646296501159668,0.009646296501159668,0.9375,1,2
33,4925,0.11178489262238148,0.19014573097229004,0.53515625,3,4
33,4926,0.12629145313985649,0.1573265790939331,0.62109375,2,4
33,4927,0.13360840408131483,0.16058099269866943,0.6328125,2,3
33,4928,0.009288549423217773,0.009288549423217773,0.9296875,2,2
33,4929,2.384185791015625e-07,2.384185791015625e-07,1.0,3,3
33,4930,0.13556030939798805,0.15055721998214722,0.66015625,2,3
33,4931,0.05799490213394165,0.05799490213394165,0.83984375,2,3
33,4932,0.13023270759731534,0.1400822401046753,0.671875,2,6
33,4933,0.0048250555992126465,0.0048250555992126465,0.953125,2,5
33,4934,0.03300654888153076,0.03300654888153076,0.8828125,2,5
33,4935,0.13081535836681726,0.1629621982574463,0.62109375,3,4
33,4936,0.006202816963195801,0.006202816963195801,0.953125,1,2
33,4937,0.03709709644317627,0.03709709644317627,0.890625,3,5
33,4938,0.13223082292824986,0.1552802324295044,0.640625,2,4
33,4939,0.07738685607910156,0.07738685607910156,0.75,2,3
33,4940,0.11589809181168678,0.19080328941345215,0.54296875,2,5
33,4941,0.009714186191558838,0.009714186191558838,0.9296875,2,6
34,4666,0.04954791069030762,0.04954791069030762,0.7421875,2,3
34,4831,0.049532532691955566,0.049532532691955566,0.7421875,3,4
34,4942,0.04219740629196167,0.04219740629196167,0.78515625,1,1
34,4943,0.049532532691955566,0.049532532691955566,0.7421875,1,1
34,4944,0.0056632161140441895,0.0056632161140441895,0.9453125,1,0
34,4945,0.049532532691955566,0.049532532691955566,0.7421875,1,0
34,4946,0.04875814914703369,0.04875814914703369,0.7421875,2,3
34,4947,0.049532532691955566,0.049532532691955566,0.7421875,2,2
34,4948,0.049532532691955566,0.049532532691955566,0.7421875,1,1
34,4949,0.00956273078918457,0.00956273078918457,0.93359375,2,3
34,4950,0.049532532691955566,0.049532532691955566,0.7421875,1,0
34,4951,0.049532532691955566,0.049532532691955566,0.7421875,4,5
34,4952,0.036837756633758545,0.036837756633758545,0.8046875,2,2
34,4953,0.049532532691955566,0.049532532691955566,0.7421875,1,0
34,4954,0.049532532691955566,0.049532532691955566,0.7421875,2,2
34,4955,0.049532532691955566,0.049532532691955566,0.7421875,1,0
34,4956,0.04947161674499512,0.04947161674499512,0.7421875,2,1
34,4957,0.03465467691421509,0.03465467691421509,0.80859375,2,2
34,4958,0.009562790393829346,0.009562790393829346,0.93359375,1,1
34,4813,0.06643851473927499,0.08177047967910767,0.625,3,4
34,4882,0.057056549121625735,0.1934632658958435,0.41796875,3,4
34,4959,0.049532532691955566,0.049532532691955566,0.7421875,1,0
34,4960,0.021302103996276855,0.021302103996276855,0.87109375,3,3
34,4961,0.04911375045776367,0.04911375045776367,0.74609375,1,0
34,4962,0.03870737552642822,0.03870737552642822,0.85546875,3,5
34,4963,0.06281757354736328,0.06281757354736328,0.76953125,3,4
34,4964,0.049532532691955566,0.049532532691955566,0.7421875,1,0
34,4965,0.032031238079071045,0.032031238079071045,0.890625,2,2
34,4966,0.006748080253601074,0.006748080253601074,0.9296875,3,5
34,4967,0.049532532691955566,0.049532532691955566,0.7421875,1,0
34,4968,0.022192955017089844,0.022192955017089844,0.89453125,2,3
34,4969,0.0042566657066345215,0.0042566657066345215,0.96875,3,5
34,4970,0.003311753273010254,0.003311753273010254,0.95703125,3,4
34,4971,0.009562790393829346,0.009562790393829346,0.93359375,1,0
34,4972,0.049532532691955566,0.049532532691955566,0.7421875,1,0
34,4973,0.04468339681625366,0.04468339681625366,0.75390625,2,2
34,4974,0.049532532691955566,0.049532532691955566,0.7421875,1,0
34,4975,0.009562134742736816,0.009562134742736816,0.93359375,2,1
34,4976,0.049532532691955566,0.049532532691955566,0.7421875,1,0
34,4977,0.049532532691955566,0.049532532691955566,0.7421875,2,3
34,4978,0.049532532691955566,0.049532532691955566,0.7421875,3,3
34,4979,0.0004554990446195071,0.23321551084518433,0.30078125,3,5
34,4980,0.03271406888961792,0.03271406888961792,0.88671875,3,3
34,4981,0.04806923866271973,0.04806923866271973,0.7578125,3,4
34,4982,0.0406721830368042,0.0406721830368042,0.78515625,4,5
34,4852,0.11980441468767823,0.16991651058197021,0.58203125,2,5
34,4915,0.12230786285363139,0.17109733819961548,0.5859375,1,3
34,4983,0.1130943219177425,0.177620530128479,0.5546875,2,3
34,4984,0.09721699799411,0.2065356969833374,0.48828125,3,4
34,4985,0.11526131629943848,0.11526131629943848,0.71484375,3,5
34,4986,0.0,0.24036908149719238,0.28515625,2,2
34,4987,0.004991471767425537,0.004991471767425537,0.95703125,1,3
34,4988,0.10117978788912298,0.13777673244476318,0.59375,3,5
34,4989,0.08116701303515585,0.21757858991622925,0.44921875,2,3
34,4990,0.09435190353542568,0.21375298500061035,0.4765625,1,2
34,4991,0.08134222030639648,0.08134222030639648,0.80078125,1,2
34,4992,0.1198199554346502,0.15491873025894165,0.609375,3,4
34,4993,0.10895849787630144,0.19852936267852783,0.51953125,1,4
34,4994,0.11994262598454954,0.18276971578598022,0.5625,1,3
34,4995,0.13153306976892057,0.15625274181365967,0.63671875,3,4
34,4996,0.0062274932861328125,0.0062274932861328125,0.9765625,3,7
34,4997,0.12041619513183834,0.16845107078552246,0.5859375,2,5
34,4998,0.13107632671017203,0.1557101607322693,0.63671875,1,4
34,4999,0.04707834403961898,0.20779407024383545,0.390625,2,4
34,5000,0.11642050743103027,0.11642050743103027,0.73046875,1,3
34,5001,0.005156993865966797,0.005156993865966797,0.96484375,1,2
34,5002,0.11046476196497682,0.1977550983428955,0.5234375,3,4
34,5003,0.0962604284286499,0.0962604284286499,0.79296875,2,4
34,5004,0.06112265586853027,0.06112265586853027,0.85546875,2,4
34,5005,0.12209892272949219,0.12209892272949219,0.72265625,1,3
34,5006,0.09299207956064494,0.21543866395950317,0.47265625,3,4
34,5007,0.09591788868419827,0.20377576351165771,0.48828125,1,4
34,5008,0.002988576889038086,0.002988576889038086,0.9609375,2,3
34,5009,0.12544763088226318,0.12544763088226318,0.7109375,2,5
34,5010,0.05165433883666992,0.05165433883666992,0.84375,3,4
34,5011,0.10348081588745117,0.10348081588745117,0.703125,1,2
34,5012,0.12239617109298707,0.15064144134521484,0.625,1,3
34,5013,0.09834837913513184,0.09834837913513184,0.7734375,1,4
34,5014,0.006315410137176514,0.006315410137176514,0.953125,2,6
34,5015,0.12271549785509707,0.15475451946258545,0.6171875,2,5
34,5016,0.005297660827636719,0.005297660827636719,0.96484375,2,3
34,5017,0.12193380296230318,0.18580389022827148,0.5625,2,6
34,5018,0.00956106185913086,0.00956106185913086,0.93359375,2,3
34,5019,0.13202223577536645,0.15327751636505127,0.64453125,3,6
34,5020,0.12405709607992323,0.12936300039291382,0.68359375,2,4
34,5021,0.0010007619857788086,0.0010007619857788086,0.984375,3,4
34,5022,0.1296460538869724,0.13800162076950073,0.67578125,2,5
34,5023,0.12725211982615295,0.1340598464012146,0.6796875,2,4
34,5024,0.04475116729736328,0.04475116729736328,0.83984375,2,4
34,5025,0.08421035378705712,0.13863569498062134,0.54296875,2,3
34,5026,0.0,0.28309136629104614,0.25390625,3,4
34,4906,0.12120577669702472,0.16077035665512085,0.6015625,3,3
34,4930,0.12490788113791497,0.16356223821640015,0.60546875,2,3
34,5027,0.03256344795227051,0.03256344795227051,0.859375,2,2
34,5028,0.12334873387590052,0.1725534200668335,0.5859375,2,5
34,5029,0.008802056312561035,0.008802056312561035,0.94921875,3,4
34,5030,0.0926697850227356,0.0926697850227356,0.77734375,1,2
34,5031,0.13050779304467144,0.14815962314605713,0.65234375,1,2
34,5032,0.09295094013214111,0.09295094013214111,0.72265625,3,4
34,5033,0.1280343169346452,0.15949773788452148,0.62109375,2,6
34,5034,0.011239111423492432,0.011239111423492432,0.921875,2,6
34,5035,0.12758678197860718,0.12758678197860718,0.703125,2,4
34,5036,0.0,0.0,1.0,3,4
34,5037,0.04792153835296631,0.04792153835296631,0.83203125,3,3
34,5038,0.12315606605261566,0.14298391342163086,0.64453125,2,4
34,5039,0.06047260761260986,0.06047260761260986,0.83203125,2,3
34,5040,0.0055037736892700195,0.0055037736892700195,0.96484375,3,4
34,5041,0.1254357099533081,0.1254357099533081,0.71484375,1,2
34,5042,0.13114058237988505,0.13674944639205933,0.68359375,2,2
34,5043,0.03004671796225012,0.21667492389678955,0.35546875,4,5
34,5044,0.11368335271254183,0.163499653339386,0.578125,3,4
34,5045,0.11463022604584695,0.17211341857910156,0.56640625,2,3
34,5046,0.00038439035415649414,0.00038439035415649414,0.984375,3,3
34,5047,0.053473472595214844,0.053473472595214844,0.79296875,2,3
34,5048,0.05140984058380127,0.05140984058380127,0.84765625,2,3
34,5049,0.06502759456634521,0.06502759456634521,0.828125,2,4
34,5050,0.11520147323608398,0.11520147323608398,0.7109375,3,3
34,5051,0.07411247491836548,0.07411247491836548,0.796875,3,4
34,5052,0.012737929821014404,0.012737929821014404,0.9375,4,5
34,5053,0.11522941663861276,0.13228130340576172,0.6484375,2,6
34,5054,0.10772782564163208,0.10772782564163208,0.7265625,3,3
34,5055,0.12393875769339503,0.17578017711639404,0.58203125,2,4
34,5056,0.1136203408241272,0.1136203408241272,0.734375,2,4
34,5057,0.11015779618173839,0.16068601608276367,0.57421875,2,3
34,5058,0.019625365734100342,0.019625365734100342,0.91015625,2,2
34,5059,0.07470393180847168,0.07470393180847168,0.8125,2,2
34,5060,0.10717212315648797,0.20628619194030762,0.5078125,2,4
34,5061,0.00013363361358642578,0.00013363361358642578,0.98828125,3,4
34,5062,0.12075826898217203,0.12465369701385498,0.6875,2,2
34,5063,0.1248182854615152,0.15179800987243652,0.62890625,3,7
34,5064,0.011993050575256348,0.011993050575256348,0.92578125,1,2
34,5065,0.040294110774993896,0.040294110774993896,0.859375,1,2
34,5066,0.11817006440833212,0.16995245218276978,0.578125,1,2
34,5067,0.012569546699523926,0.012569546699523926,0.921875,2,4
34,5068,0.04952585697174072,0.04952585697174072,0.80859375,1,2
34,5069,0.04799962043762207,0.04799962043762207,0.81640625,3,3
34,5070,0.11734918865840883,0.1871737837791443,0.55078125,3,3
34,5071,0.12089727690909059,0.1624656319618225,0.59765625,3,4
34,5072,0.010242700576782227,0.010242700576782227,0.9375,3,4
34,5073,0.11966190102975818,0.19086259603500366,0.55078125,4,6
34,5074,0.11240968899801375,0.17387843132019043,0.55859375,2,3
34,5075,0.09148281812667847,0.09148281812667847,0.71484375,1,1
34,5076,0.014287412166595459,0.014287412166595459,0.921875,1,2
34,5077,0.01403588056564331,0.01403588056564331,0.91015625,2,5
34,5078,0.10887871636077764,0.2019779086112976,0.515625,2,4
34,5079,0.11212377063930036,0.17343616485595703,0.55859375,2,4
34,5080,0.09329020977020264,0.09329020977020264,0.765625,2,3
34,5081,0.11998342350125314,0.18283188343048096,0.5625,3,2
34,5082,0.03653573989868164,0.03653573989868164,0.8515625,2,3
34,5083,0.026841402053833008,0.026841402053833008,0.90234375,2,2
35,4666,0.04598313570022583,0.04598313570022583,0.74609375,2,3
35,4978,0.045980751514434814,0.045980751514434814,0.74609375,3,3
35,5084,0.045980751514434814,0.045980751514434814,0.74609375,2,3
35,5085,0.045980751514434814,0.045980751514434814,0.74609375,2,4
35,5086,0.045980751514434814,0.045980751514434814,0.74609375,2,3
35,5087,0.010035812854766846,0.010035812854766846,0.9375,1,0
35,5088,0.01008594036102295,0.01008594036102295,0.93359375,1,0
35,5089,0.010085761547088623,0.010085761547088623,0.93359375,1,1
35,5090,0.04596066474914551,0.04596066474914551,0.74609375,2,4
35,5091,0.045980751514434814,0.045980751514434814,0.74609375,2,2
35,5092,0.045980751514434814,0.045980751514434814,0.74609375,1,0
35,5093,0.01008594036102295,0.01008594036102295,0.93359375,1,1
35,5094,0.045980751514434814,0.045980751514434814,0.74609375,2,2
35,5095,0.045980751514434814,0.045980751514434814,0.74609375,1,0
35,5096,0.045980751514434814,0.045980751514434814,0.74609375,3,3
35,5097,0.045980751514434814,0.045980751514434814,0.74609375,2,4
35,5098,0.0024369359016418457,0.0024369359016418457,0.9765625,2,3
35,5099,0.045980751514434814,0.045980751514434814,0.74609375,2,3
35,5100,0.015148460865020752,0.015148460865020752,0.91015625,1,1
35,5101,0.045980751514434814,0.045980751514434814,0.74609375,2,2
35,5102,0.04596245288848877,0.04596245288848877,0.74609375,2,3
35,5103,0.045980751514434814,0.045980751514434814,0.74609375,2,2
35,5104,0.045980751514434814,0.045980751514434814,0.74609375,1,1
35,5051,0.07572448253631592,0.07572448253631592,0.84375,3,4
35,4813,0.0745451799593866,0.08279204368591309,0.66015625,3,4
35,5105,0.08429509401321411,0.08429509401321411,0.828125,4,6
35,5106,0.06304937601089478,0.06304937601089478,0.70703125,2,2
35,5107,0.028089523315429688,0.028089523315429688,0.90234375,3,4
35,5108,0.0064997076988220215,0.0064997076988220215,0.94140625,3,4
35,5109,0.045980751514434814,0.045980751514434814,0.74609375,2,2
35,5110,0.0037174224853515625,0.0037174224853515625,0.9609375,3,4
35,5111,0.0008370280265808105,0.0008370280265808105,0.984375,3,5
35,5112,0.045980751514434814,0.045980751514434814,0.74609375,1,0
35,5113,0.008839905261993408,0.008839905261993408,0.92578125,2,2
35,5114,0.030795276165008545,0.030795276165008545,0.87109375,2,4
35,5115,0.0,0.3538011908531189,0.08984375,3,5
35,5116,0.014696300029754639,0.014696300029754639,0.91015625,4,5
35,5117,0.0,0.3179302215576172,0.1484375,1,0
35,5118,0.0011135339736938477,0.0011135339736938477,0.98828125,3,4
35,5119,0.035746097564697266,0.035746097564697266,0.81640625,2,2
35,5120,0.02627396583557129,0.02627396583557129,0.90234375,3,4
35,5121,0.07821518182754517,0.07821518182754517,0.75,3,4
35,5122,0.01008594036102295,0.01008594036102295,0.93359375,2,3
35,5123,0.059209194034338004,0.07116222381591797,0.6328125,3,4
35,5124,0.0400545597076416,0.0400545597076416,0.78125,4,5
35,5125,0.050586819648742676,0.050586819648742676,0.765625,3,2
35,5126,0.01008594036102295,0.01008594036102295,0.93359375,2,1
35,5127,0.01653534173965454,0.01653534173965454,0.91015625,3,4
35,5128,0.004017055034637451,0.004017055034637451,0.9375,3,4
35,5129,0.010081291198730469,0.010081291198730469,0.93359375,3,4
35,4998,0.1308217279147357,0.15723174810409546,0.6328125,1,4
35,5022,0.13448883919045332,0.14024090766906738,0.68359375,2,5
35,5130,0.07196740340441467,0.17887043952941895,0.4609375,1,3
35,5131,0.10472267866134644,0.10472267866134644,0.75,3,4
35,5132,0.07820677757263184,0.07820677757263184,0.84375,2,4
35,5133,0.11177253723144531,0.11177253723144531,0.74609375,2,4
35,5134,0.021294593811035156,0.021294593811035156,0.90625,2,4
35,5135,0.1311065246118233,0.15944546461105347,0.62890625,2,5
35,5136,0.0016094446182250977,0.0016094446182250977,0.97265625,2,4
35,5137,0.11380237340927124,0.11380237340927124,0.734375,2,5
35,5138,0.006846010684967041,0.006846010684967041,0.96484375,2,5
35,5139,0.028966037789359696,0.22470623254776,0.3515625,1,3
35,5140,0.08593355491757394,0.14864182472229004,0.53125,2,6
35,5141,0.02286994457244873,0.02286994457244873,0.90625,2,4
35,5142,0.11773234605789185,0.11773234605789185,0.72265625,1,4
35,5143,0.12575371097773316,0.18608641624450684,0.5703125,2,5
35,5144,0.006825089454650879,0.006825089454650879,0.94140625,1,3
35,5145,0.04336172342300415,0.04336172342300415,0.8671875,1,4
35,5146,0.1266230344772339,0.1266230344772339,0.70703125,2,4
35,5147,0.06599688529968262,0.06599688529968262,0.8125,2,3
35,5148,0.02774537540972234,0.2536720037460327,0.34375,2,4
35,5149,0.01658308506011963,0.01658308506011963,0.9140625,2,3
35,5150,0.014654219150543213,0.014654219150543213,0.9453125,1,3
35,5151,0.04054063558578491,0.04054063558578491,0.859375,3,5
35,5152,0.12117028376087548,0.17930400371551514,0.5703125,2,5
35,5153,0.008097156882286079,0.2591090202331543,0.3125,1,4
35,5154,0.036724627017974854,0.036724627017974854,0.88671875,1,2
35,5155,0.01008594036102295,0.01008594036102295,0.93359375,2,4
35,5156,0.010380923748016357,0.010380923748016357,0.93359375,2,4
35,5157,0.01740354299545288,0.01740354299545288,0.91796875,1,3
35,5158,0.10638535022735596,0.10638535022735596,0.75,2,4
35,5159,0.13211499620229009,0.1708153486251831,0.609375,1,4
35,5160,0.13441479043103757,0.14768320322036743,0.6640625,2,4
35,5161,0.00820702314376831,0.00820702314376831,0.93359375,1,4
35,5162,0.12986266613006592,0.12986266613006592,0.70703125,2,5
35,5019,0.1316443579271436,0.15638494491577148,0.63671875,3,6
35,4995,0.13320804899558428,0.156427800655365,0.640625,3,4
35,5163,0.06519125704653563,0.2210458517074585,0.41796875,2,4
35,5164,0.01932811737060547,0.01932811737060547,0.921875,3,5
35,5165,0.12394345679786058,0.18079501390457153,0.57421875,3,7
35,5166,0.01050257682800293,0.01050257682800293,0.91796875,2,2
35,5167,0.03934204578399658,0.03934204578399658,0.90234375,4,7
35,5168,0.10280776023864746,0.10280776023864746,0.7578125,1,2
35,5169,0.011032158974558122,0.26897454261779785,0.31640625,2,2
35,5170,0.09482819098047914,0.21483200788497925,0.4765625,3,6
35,5171,0.0,0.2879514694213867,0.28515625,1,2
35,5172,0.011539041996002197,0.011539041996002197,0.90625,2,3
35,5173,0.11991423019208015,0.16774886846542358,0.5859375,4,8
35,5174,0.12956381007097664,0.1575692892074585,0.62890625,4,8
35,5175,0.1304728713585064,0.15147870779037476,0.64453125,3,7
35,5176,0.023800969123840332,0.023800969123840332,0.8984375,1,1
35,5177,0.04354047775268555,0.04354047775268555,0.84765625,2,4
35,5178,0.11676543555222453,0.16560637950897217,0.58203125,2,7
35,5179,0.13296564156189564,0.13865256309509277,0.68359375,3,4
35,5180,0.08998775482177734,0.08998775482177734,0.8125,2,2
35,5181,0.1120004109106958,0.17590248584747314,0.5546875,2,5
35,5182,0.01481848955154419,0.01481848955154419,0.9140625,3,7
35,5183,0.00017750263214111328,0.00017750263214111328,0.9921875,2,6
35,5184,0.12067426880821587,0.18118834495544434,0.56640625,2,2
35,5185,0.009223222732543945,0.009223222732543945,0.94140625,2,4
35,5186,0.04810631275177002,0.04810631275177002,0.8359375,1,1
35,5187,0.13275356206577274,0.1541265845298767,0.64453125,2,3
35,5188,0.032263010740280165,0.2707977294921875,0.34765625,4,6
35,5189,0.11238674959167841,0.1977388858795166,0.52734375,2,5
35,5190,0.13366739451885226,0.14686203002929688,0.6640625,1,3
35,5191,0.10748809576034546,0.10748809576034546,0.78515625,2,4
35,5192,0.0016157031059265137,0.0016157031059265137,0.97265625,3,5
35,5193,0.02792757749557495,0.02792757749557495,0.89453125,1,1
35,5194,0.046484291553497314,0.046484291553497314,0.85546875,4,6
35,5195,0.12317414721474053,0.16998696327209473,0.58984375,2,6
35,5196,0.009294748306274414,0.009294748306274414,0.94921875,3,6
35,5197,0.06390267610549927,0.06390267610549927,0.8046875,3,6
35,5198,0.13169669732451442,0.13458824157714844,0.69140625,3,5
35,5199,0.12707223964389416,0.1298622488975525,0.69140625,4,6
35,5200,0.07110297679901123,0.07110297679901123,0.84765625,4,7
35,5201,0.13106700591742995,0.13529497385025024,0.6875,1,2
35,5202,0.13033278880175206,0.13319438695907593,0.69140625,2,2
35,5203,0.01187068223953247,0.01187068223953247,0.90625,3,3
35,5204,0.049228131771087646,0.049228131771087646,0.8515625,1,2
35,5205,0.027684152126312256,0.027684152126312256,0.89453125,1,1
35,5206,0.038847684860229506,0.20718765258789062,0.375,3,7
35,5207,0.08057081699371338,0.08057081699371338,0.76953125,1,1
35,5208,0.04503101110458374,0.04503101110458374,0.83203125,2,4
35,5209,0.07024604082107544,0.07024604082107544,0.83984375,2,2
35,5210,0.029640725813806067,0.2710009217262268,0.34375,4,6
35,5211,0.1392179948743433,0.14666587114334106,0.6796875,1,3
35,5212,0.001588284969329834,0.001588284969329834,0.97265625,1,1
35,5213,0.012033998966217041,0.012033998966217041,0.93359375,2,3
35,5214,0.09543728828430176,0.09543728828430176,0.76171875,1,2
35,5215,0.0015864372253417969,0.0015864372253417969,0.97265625,2,4
35,5216,0.11307322978973389,0.11307322978973389,0.74609375,3,7
35,5217,0.09997256426140667,0.1672743558883667,0.5390625,2,2
35,5218,0.0016248822212219238,0.0016248822212219238,0.984375,4,7
35,5219,0.010408997535705566,0.010408997535705566,0.92578125,1,2
35,5220,0.12063678214326504,0.18946635723114014,0.5546875,2,6
35,5221,0.014872431755065918,0.014872431755065918,0.91015625,2,4
35,5222,0.13004396937321874,0.158153235912323,0.62890625,3,5
35,5223,0.07804858684539795,0.07804858684539795,0.86328125,2,4
35,5224,0.13453153520822528,0.15105295181274414,0.65625,1,3
35,5225,0.0899515151977539,0.0899515151977539,0.75,3,4
36,4813,0.061370017938315875,0.08585095405578613,0.5859375,3,4
36,4666,0.048928797245025635,0.048928797245025635,0.73046875,2,3
36,5226,0.04890263080596924,0.04890263080596924,0.73046875,1,0
36,5227,0.010752558708190918,0.010752558708190918,0.91796875,3,3
36,5228,0.04890263080596924,0.04890263080596924,0.73046875,1,0
36,5229,0.0017525553703308105,0.0017525553703308105,0.98046875,1,2
36,5230,0.04890263080596924,0.04890263080596924,0.73046875,2,2
36,5231,0.04890263080596924,0.04890263080596924,0.73046875,2,3
36,5232,0.04983273230027408,0.05092686414718628,0.69140625,3,4
36,5233,0.04890263080596924,0.04890263080596924,0.73046875,1,1
36,5234,0.0480005145072937,0.0480005145072937,0.7421875,1,2
36,5235,0.04890233278274536,0.04890233278274536,0.73046875,1,0
36,5236,6.723403930664062e-05,6.723403930664062e-05,0.9921875,2,3
36,5237,0.04890263080596924,0.04890263080596924,0.73046875,1,0
36,5238,0.04890263080596924,0.04890263080596924,0.73046875,1,0
36,5239,0.031969666481018066,0.031969666481018066,0.8671875,3,5
36,5240,0.01968485116958618,0.01968485116958618,0.8671875,3,4
36,5241,0.04890263080596924,0.04890263080596924,0.73046875,1,0
36,5242,0.010752558708190918,0.010752558708190918,0.91796875,1,1
36,5243,0.0471876859664917,0.0471876859664917,0.7421875,2,3
36,5244,0.04890263080596924,0.04890263080596924,0.73046875,1,0
36,5245,0.04890263080596924,0.04890263080596924,0.73046875,1,0
36,5246,0.04890263080596924,0.04890263080596924,0.73046875,3,4
36,5247,0.04890263080596924,0.04890263080596924,0.73046875,2,3
36,5248,0.04890263080596924,0.04890263080596924,0.73046875,1,1
36,5249,0.010752558708190918,0.010752558708190918,0.91796875,1,0
36,5250,0.04890263080596924,0.04890263080596924,0.73046875,1,0
36,5251,0.04890263080596924,0.04890263080596924,0.73046875,1,0
36,5217,0.10732155852019788,0.15881109237670898,0.5703125,2,2
36,5105,0.08319664001464844,0.08319664001464844,0.73828125,4,6
36,5252,5.984306335449219e-05,5.984306335449219e-05,1.0,3,5
36,5253,0.0012819766998291016,0.0012819766998291016,0.984375,3,2
36,5254,0.0386500358581543,0.0386500358581543,0.79296875,3,4
36,5255,0.03455883264541626,0.03455883264541626,0.79296875,2,3
36,5256,0.0,0.3246365785598755,0.13671875,4,6
36,5257,0.0677260160446167,0.0677260160446167,0.78125,2,2
36,5258,1.6689300537109375e-06,1.6689300537109375e-06,1.0,4,4
36,5259,0.0014507770538330078,0.0014507770538330078,0.98046875,3,2
36,5260,0.018364369869232178,0.018364369869232178,0.88671875,4,6
36,5261,0.0001061558723449707,0.0001061558723449707,1.0,2,2
36,5262,7.933378219604492e-05,7.933378219604492e-05,0.99609375,4,5
36,5263,0.0017607808113098145,0.0017607808113098145,0.98046875,3,4
36,5264,0.010729849338531494,0.010729849338531494,0.91796875,3,4
36,5265,0.002025127410888672,0.002025127410888672,0.98046875,2,1
36,5266,0.029843579046428214,0.27285557985305786,0.34375,4,6
36,5267,0.049818217754364014,0.049818217754364014,0.8359375,3,4
36,5268,0.0,0.31499332189559937,0.1171875,4,5
36,5269,0.02493976894766093,0.19347214698791504,0.3515625,4,5
36,5270,0.02339118719100952,0.02339118719100952,0.87109375,5,6
36,5271,0.10965678596403451,0.12448841333389282,0.65234375,3,4
36,5272,0.07355940295383336,0.07830023765563965,0.67578125,3,4
36,5273,0.008808791637420654,0.008808791637420654,0.91796875,3,3
36,5274,0.028915882110595703,0.028915882110595703,0.80859375,1,1
36,5019,0.1306873700814322,0.15524810552597046,0.63671875,3,6
36,5222,0.1292715583695099,0.15721386671066284,0.62890625,3,5
36,5275,0.06228429079055786,0.06228429079055786,0.7734375,3,4
36,5276,0.11146617738995704,0.21059292554855347,0.51171875,4,7
36,5277,0.13106907857581976,0.17613482475280762,0.59765625,2,4
36,5278,0.0017528533935546875,0.0017528533935546875,0.98046875,3,5
36,5279,0.11968827270902695,0.1771109700202942,0.5703125,2,5
36,5280,0.002233266830444336,0.002233266830444336,0.96484375,4,6
36,5281,0.12482419749721886,0.14658254384994507,0.640625,3,6
36,5282,0.07635903358459473,0.07635903358459473,0.81640625,3,5
36,5283,0.012700974941253662,0.012700974941253662,0.90234375,3,4
36,5284,0.001550137996673584,0.001550137996673584,0.98046875,4,6
36,5285,0.08141106367111206,0.08141106367111206,0.7734375,2,4
36,5286,0.00012743473052978516,0.00012743473052978516,1.0,3,5
36,5287,0.11946383421309294,0.1767788529396057,0.5703125,2,6
36,5288,0.1288085826672614,0.18789172172546387,0.57421875,2,4
36,5289,0.12449683947488667,0.14454054832458496,0.64453125,3,6
36,5290,0.12370576569810511,0.14201200008392334,0.6484375,3,5
36,5291,0.05176365375518799,0.05176365375518799,0.796875,4,7
36,5292,0.12345200998242946,0.15013641119003296,0.62890625,2,3
36,5293,0.020420849323272705,0.020420849323272705,0.9140625,4,7
36,5294,0.1080338964238763,0.18686944246292114,0.53125,2,5
36,5295,0.006966352462768555,0.006966352462768555,0.93359375,2,4
36,5296,0.06207752227783203,0.06207752227783203,0.75390625,3,7
36,5297,0.011500358581542969,0.011500358581542969,0.9609375,3,5
36,5298,0.09281018748879434,0.10088920593261719,0.66796875,2,3
36,5299,0.1196294683031738,0.17205137014389038,0.578125,3,5
36,5300,0.005660712718963623,0.005660712718963623,0.9609375,3,5
36,5301,0.10885740036610515,0.11587315797805786,0.67578125,3,7
36,5302,0.03984559513628484,0.23722028732299805,0.3671875,3,6
36,5303,0.005141317844390869,0.005141317844390869,0.953125,2,3
36,5304,0.12910978007130328,0.15517419576644897,0.6328125,2,5
36,5211,0.12156563135795297,0.14784228801727295,0.62890625,1,3
36,5224,0.1274217418394983,0.14963287115097046,0.640625,1,3
36,5305,0.1275371350347996,0.18872547149658203,0.5703125,2,4
36,5306,0.09829509258270264,0.09829509258270264,0.7890625,1,3
36,5307,0.10286420583724976,0.10286420583724976,0.73046875,2,3
36,5308,0.03553992509841919,0.03553992509841919,0.83203125,1,2
36,5309,0.01704496145248413,0.01704496145248413,0.9140625,3,4
36,5310,0.1033945083618164,0.1033945083618164,0.7578125,2,5
36,5311,0.1078842282295227,0.1078842282295227,0.7421875,2,5
36,5312,0.031197845935821533,0.031197845935821533,0.84765625,2,4
36,5313,0.00021380186080932617,0.00021380186080932617,0.9921875,2,3
36,5314,0.08262169361114502,0.08262169361114502,0.71484375,1,2
36,5315,0.005337655544281006,0.005337655544281006,0.9453125,1,3
36,5316,0.026805713772773746,0.1805858612060547,0.359375,2,5
36,5317,0.020639657974243164,0.020639657974243164,0.92578125,3,4
36,5318,4.0531158447265625e-06,4.0531158447265625e-06,1.0,2,5
36,5319,0.05951964855194092,0.05951964855194092,0.8125,2,5
36,5320,0.12733329250477257,0.16889804601669312,0.6015625,2,5
36,5321,0.024532020092010498,0.024532020092010498,0.91015625,2,4
36,5322,0.02583446935750545,0.2593578100204468,0.33984375,3,4
36,5323,0.04899793863296509,0.04899793863296509,0.82421875,1,3
36,5324,1.233816146850586e-05,1.233816146850586e-05,1.0,2,4
36,5325,0.11443573236465454,0.11443573236465454,0.7265625,1,4
36,5326,0.008298695087432861,0.008298695087432861,0.93359375,3,4
36,5327,0.05729037523269653,0.05729037523269653,0.79296875,1,1
36,5328,0.02068042755126953,0.02068042755126953,0.90625,2,3
36,5329,0.11878908146172765,0.20547300577163696,0.53125,2,3
36,5330,0.11961528472602369,0.13430488109588623,0.65625,1,2
36,5331,0.005241572856903076,0.005241572856903076,0.96875,2,4
36,5332,0.0025230050086975098,0.0025230050086975098,0.984375,3,6
36,5333,0.1056564450263977,0.1056564450263977,0.74609375,1,3
36,5334,0.13072832522448155,0.16285377740859985,0.62109375,1,3
36,5335,0.00028711557388305664,0.00028711557388305664,1.0,2,4
36,5336,0.029078304767608643,0.029078304767608643,0.8828125,2,4
36,5337,0.03504818677902222,0.03504818677902222,0.890625,2,5
36,5338,0.033341288566589355,0.033341288566589355,0.87890625,2,4
36,5339,0.00027871131896972656,0.00027871131896972656,0.99609375,2,4
36,5340,0.006076891906559476,0.2828516960144043,0.30859375,1,3
36,5341,0.011125564575195312,0.011125564575195312,0.91015625,1,2
36,5342,0.12383707379922272,0.14542335271835327,0.640625,3,4
36,5343,0.11505871906410904,0.12507444620132446,0.66796875,2,4
36,5344,0.12472007994074376,0.16760283708572388,0.59765625,2,5
36,5345,0.09991883952170612,0.1134333610534668,0.65234375,1,2
36,5346,0.06345325708389282,0.06345325708389282,0.84765625,1,3
36,5347,0.07583498954772949,0.07583498954772949,0.73828125,2,4
36,5348,0.0,0.30179864168167114,0.23828125,3,4
36,5349,0.0473138689994812,0.0473138689994812,0.8046875,1,2
36,5350,0.03948026895523071,0.03948026895523071,0.85546875,3,3
36,5351,9.334087371826172e-05,9.334087371826172e-05,1.0,2,3
36,5352,0.12352111097425224,0.14505231380462646,0.640625,1,3
36,5353,0.045514702796936035,0.045514702796936035,0.83203125,2,2
36,5354,0.1307644695043564,0.16094088554382324,0.625,1,3
36,5355,0.05693209171295166,0.05693209171295166,0.77734375,2,4
36,5356,0.017092347145080566,0.017092347145080566,0.9296875,2,4
36,5357,0.07685021194629373,0.1599484086036682,0.4921875,4,5
36,5358,0.00686490535736084,0.00686490535736084,0.96484375,2,4
36,5359,0.07970285415649414,0.07970285415649414,0.79296875,1,3
36,5360,0.0502011775970459,0.0502011775970459,0.86328125,2,4
36,5361,0.12724039668682965,0.15850871801376343,0.62109375,1,2
36,5362,0.12920449243392798,0.18846923112869263,0.57421875,2,3
36,5363,0.08019232749938965,0.08019232749938965,0.71484375,2,5
36,5364,0.0017516016960144043,0.0017516016960144043,0.98046875,3,4
36,5365,0.010612189769744873,0.010612189769744873,0.91796875,1,3
36,5366,0.10213518142700195,0.10213518142700195,0.73046875,3,3
36,5367,0.03378617763519287,0.03378617763519287,0.875,1,1
37,4813,0.06604982516728343,0.08648979663848877,0.60546875,3,4
37,4666,0.044278621673583984,0.044278621673583984,0.78515625,2,3
37,5368,0.04108262062072754,0.04108262062072754,0.8203125,2,3
37,5369,0.04425591230392456,0.04425591230392456,0.78515625,1,2
37,5370,0.04425591230392456,0.04425591230392456,0.78515625,3,4
37,5371,0.04854440689086914,0.04854440689086914,0.76953125,3,4
37,5372,0.04425591230392456,0.04425591230392456,0.78515625,2,3
37,5373,0.04425591230392456,0.04425591230392456,0.78515625,1,2
37,5374,0.04422652721405029,0.04422652721405029,0.78515625,3,3
37,5375,0.04408341646194458,0.04408341646194458,0.78125,3,3
37,5376,0.0,0.38224923610687256,0.1328125,2,2
37,5377,0.05154573917388916,0.05154573917388916,0.76953125,3,4
37,5378,0.04425591230392456,0.04425591230392456,0.78515625,1,0
37,5379,0.04425591230392456,0.04425591230392456,0.78515625,2,2
37,5380,0.0445980429649353,0.0445980429649353,0.7890625,3,4
37,5381,0.044255197048187256,0.044255197048187256,0.78515625,2,3
37,5382,0.017316222190856934,0.017316222190856934,0.87109375,2,1
37,5383,0.04425591230392456,0.04425591230392456,0.78515625,3,4
37,5384,0.04425591230392456,0.04425591230392456,0.78515625,2,3
37,5385,0.04425591230392456,0.04425591230392456,0.78515625,1,1
37,5386,0.00942075252532959,0.00942075252532959,0.9140625,2,3
37,5387,0.00942075252532959,0.00942075252532959,0.9140625,3,4
37,5388,0.04425591230392456,0.04425591230392456,0.78515625,1,0
37,5389,0.00942075252532959,0.00942075252532959,0.9140625,1,0
37,5390,0.00942075252532959,0.00942075252532959,0.9140625,3,3
37,5391,0.00013756752014160156,0.00013756752014160156,0.98828125,4,5
37,5271,0.10005703556817026,0.11886125802993774,0.63671875,3,4
37,5217,0.09720608429051937,0.15266722440719604,0.5546875,2,2
37,5392,0.04607314278837295,0.21251755952835083,0.38671875,2,3
37,5393,0.006442725658416748,0.006442725658416748,0.92578125,3,3
37,5394,0.047377169132232666,0.047377169132232666,0.8046875,4,4
37,5395,0.009901165962219238,0.009901165962219238,0.91015625,2,1
37,5396,0.041349947452545166,0.041349947452545166,0.79296875,3,4
37,5397,0.04109746217727661,0.04109746217727661,0.79296875,3,3
37,5398,0.08202173549216242,0.14431315660476685,0.52734375,4,6
37,5399,0.014689743518829346,0.014689743518829346,0.8828125,3,3
37,5400,8.505582809448242e-05,8.505582809448242e-05,0.9921875,2,3
37,5401,0.09246979001909496,0.09450006484985352,0.69140625,3,4
37,5402,0.0014765262603759766,0.0014765262603759766,0.96484375,3,3
37,5403,0.017300844192504883,0.017300844192504883,0.9296875,3,4
37,5404,0.03706526756286621,0.03706526756286621,0.8671875,3,3
37,5405,0.010316431522369385,0.010316431522369385,0.9296875,3,3
37,5406,0.0464896559715271,0.0464896559715271,0.796875,3,4
37,5407,0.0014764070510864258,0.0014764070510864258,0.96484375,2,2
37,5408,0.08103347010910512,0.18773365020751953,0.47265625,3,4
37,5409,0.0010874271392822266,0.0010874271392822266,0.9765625,2,1
37,5410,0.019183039665222168,0.019183039665222168,0.89453125,3,5
37,5411,0.0014817118644714355,0.0014817118644714355,0.96484375,2,1
37,5412,0.03191864490509033,0.03191864490509033,0.87890625,3,4
37,5413,0.002035200595855713,0.002035200595855713,0.9609375,3,3
37,5414,5.066394805908203e-05,5.066394805908203e-05,0.98828125,2,2
37,5415,0.00061798095703125,0.00061798095703125,0.97265625,5,6
37,5416,0.09254827583208682,0.14995163679122925,0.546875,3,2
37,5354,0.12304352363571526,0.14788329601287842,0.6328125,1,3
37,5334,0.1300392735283822,0.14928275346755981,0.6484375,1,3
37,5417,0.011183321475982666,0.011183321475982666,0.89453125,2,3
37,5418,0.011591196060180664,0.011591196060180664,0.90234375,1,2
37,5419,0.10825916402973236,0.17822730541229248,0.54296875,3,7
37,5420,0.11777322727721186,0.13990694284439087,0.63671875,2,4
37,5421,0.00966113805770874,0.00966113805770874,0.91796875,2,5
37,5422,0.12347379606217147,0.1386372447013855,0.65625,1,2
37,5423,0.007980585098266602,0.007980585098266602,0.94921875,3,6
37,5424,0.05361527064815165,0.23664671182632446,0.390625,2,4
37,5425,0.006291210651397705,0.006291210651397705,0.9453125,3,6
37,5426,0.12517290399409833,0.14369624853134155,0.6484375,3,5
37,5427,0.1128024283098057,0.16936904191970825,0.56640625,2,3
37,5428,0.013752460479736328,0.013752460479736328,0.8984375,3,6
37,5429,0.005679190158843994,0.005679190158843994,0.94140625,1,4
37,5430,0.0005229711532592773,0.0005229711532592773,0.98828125,1,2
37,5431,0.008304178714752197,0.008304178714752197,0.91796875,1,3
37,5432,0.128880858886987,0.14795291423797607,0.6484375,1,3
37,5433,0.11070424318313599,0.11070424318313599,0.73046875,2,2
37,5434,0.043218016624450684,0.043218016624450684,0.8359375,1,3
37,5435,0.11095163575373591,0.18564456701278687,0.5390625,3,5
37,5436,0.10606809984892608,0.1746201515197754,0.54296875,2,4
37,5437,0.06577670574188232,0.06577670574188232,0.7890625,3,4
37,5438,0.11377386935055257,0.17336970567703247,0.5625,3,6
37,5439,0.06229281425476074,0.06229281425476074,0.8046875,1,2
37,5440,0.06778355129063131,0.22246909141540527,0.421875,4,6
37,5441,0.1284442534670234,0.16197896003723145,0.6171875,3,5
37,5442,0.010372042655944824,0.010372042655944824,0.8984375,3,5
37,5443,0.011817395687103271,0.011817395687103271,0.921875,2,4
37,5444,0.022413194179534912,0.022413194179534912,0.890625,1,2
37,5445,0.0011064410209655762,0.0011064410209655762,0.9765625,1,2
37,5446,0.12530736532062295,0.1406959891319275,0.65625,1,3
37,5447,0.12740129861049357,0.14149558544158936,0.66015625,1,3
37,5448,0.010783791542053223,0.010783791542053223,0.9296875,1,1
37,5449,0.01615762710571289,0.01615762710571289,0.91796875,1,3
37,5450,0.09757137740962209,0.12154877185821533,0.62109375,1,3
37,5451,0.009544789791107178,0.009544789791107178,0.91015625,1,2
37,5452,0.04066269798204304,0.2061316967010498,0.37890625,2,4
37,5453,0.010637342929840088,0.010637342929840088,0.91015625,2,3
37,5454,0.02314770221710205,0.02314770221710205,0.91015625,4,7
37,5455,0.1261961553245783,0.14991283416748047,0.63671875,3,6
37,5456,0.04776585102081299,0.04776585102081299,0.82421875,1,2
37,5457,0.10458640172146262,0.18723160028457642,0.5234375,2,4
37,5458,0.12416036264039577,0.14414989948272705,0.64453125,2,5
37,5459,0.09949442744255067,0.14309310913085938,0.578125,3,6
37,5460,0.034011006355285645,0.034011006355285645,0.890625,2,4
37,5461,0.10532634984701873,0.1157233715057373,0.6640625,1,3
37,5462,0.044318437576293945,0.044318437576293945,0.8125,1,2
37,5463,0.04903668165206909,0.04903668165206909,0.83984375,1,2
37,5464,0.1290385578759015,0.15153151750564575,0.640625,3,4
37,5465,0.11743218591436745,0.12371456623077393,0.6796875,3,5
37,5466,1.1920928955078125e-07,1.1920928955078125e-07,1.0,2,3
37,5467,0.08190917351748796,0.13064640760421753,0.55078125,3,6
37,5468,0.1196553558111191,0.12605667114257812,0.6796875,1,3
37,5469,0.1293438383145258,0.16514724493026733,0.61328125,3,5
37,5470,0.1199982287362218,0.12023305892944336,0.69921875,3,6
37,5471,0.12939984351396563,0.15926134586334229,0.625,2,3
37,5472,0.12491363100707532,0.14025390148162842,0.65625,4,7
37,5277,0.125757004134357,0.16259491443634033,0.609375,2,4
37,5362,0.11503382027149202,0.17528963088989258,0.5625,2,3
37,5473,0.09142573410645129,0.10736232995986938,0.640625,2,3
37,5474,0.12317736330442132,0.1414054036140442,0.6484375,3,5
37,5475,0.12825013766996565,0.16173416376113892,0.6171875,2,3
37,5476,0.041185736656188965,0.041185736656188965,0.8515625,2,3
37,5477,0.011214375495910645,0.011214375495910645,0.90234375,2,5
37,5478,0.0715140209067613,0.22057336568832397,0.4296875,1,3
37,5479,0.018442511558532715,0.018442511558532715,0.89453125,2,5
37,5480,0.0,0.27220869064331055,0.1953125,3,5
37,5481,0.12416986585594715,0.16470199823379517,0.6015625,2,4
37,5482,0.09544286248274149,0.1498979926109314,0.5546875,2,5
37,5483,0.00018990039825439453,0.00018990039825439453,0.9921875,2,2
37,5484,0.12821213982533666,0.155925452709198,0.62890625,2,3
37,5485,0.030592251336202036,0.25677430629730225,0.34765625,2,4
37,5486,0.024117588996887207,0.024117588996887207,0.91015625,1,2
37,5487,0.1281895444262773,0.16165775060653687,0.6171875,1,3
37,5488,0.12794560717884454,0.151991069316864,0.63671875,1,2
37,5489,0.09611514396965505,0.13445615768432617,0.5859375,2,4
37,5490,0.04537016153335571,0.04537016153335571,0.83203125,2,3
37,5491,0.03285169391892851,0.2369023561477661,0.35546875,2,4
37,5492,0.11306878621689977,0.12035596370697021,0.67578125,2,4
37,5493,9.644031524658203e-05,9.644031524658203e-05,0.98828125,1,2
37,5494,0.09466624609194697,0.19702893495559692,0.4921875,2,4
37,5495,0.10111191624309869,0.129100501537323,0.61328125,1,4
37,5496,0.0157620906829834,0.0157620906829834,0.890625,1,2
37,5497,0.11527593410573901,0.1155015230178833,0.69921875,2,4
37,5498,0.08198589086532593,0.08198589086532593,0.76953125,2,3
37,5499,0.10690420866012573,0.10690420866012573,0.71875,2,4
37,5500,0.12188199721276761,0.15183353424072266,0.62109375,2,4
37,5501,0.1224023731192574,0.1454060673713684,0.63671875,2,4
37,5502,0.12479232135228814,0.14325934648513794,0.6484375,1,3
37,5503,0.11174071533605458,0.16777491569519043,0.56640625,2,4
37,5504,0.009725809097290039,0.009725809097290039,0.91015625,2,3
37,5505,0.116988338297233,0.1636558175086975,0.5859375,2,3
37,5506,0.12818864639848473,0.16165661811828613,0.6171875,1,3
37,5507,0.0319320634007454,0.21512126922607422,0.359375,2,2
37,5508,0.06793150724843146,0.22295469045639038,0.421875,2,2
37,5509,0.04417520761489868,0.04417520761489868,0.84765625,3,4
38,5401,0.08931213617324829,0.08931213617324829,0.734375,3,4
38,5408,0.10593713773414495,0.18964970111846924,0.5234375,3,4
38,5510,0.008798658847808838,0.008798658847808838,0.90234375,3,4
38,5511,0.0,0.41157716512680054,0.06640625,3,3
38,5512,0.03036445379257202,0.03036445379257202,0.80859375,2,1
38,5513,0.06458139419555664,0.06458139419555664,0.72265625,3,4
38,5514,0.04442918300628662,0.04442918300628662,0.75,3,5
38,5515,0.04442918300628662,0.04442918300628662,0.75,2,2
38,5516,0.021064698696136475,0.021064698696136475,0.83203125,2,2
38,5517,0.029704153537750244,0.029704153537750244,0.796875,2,3
38,5518,0.034394145011901855,0.034394145011901855,0.80859375,3,4
38,5519,0.03600078821182251,0.03600078821182251,0.80078125,3,4
38,5520,0.019403517246246338,0.019403517246246338,0.8828125,3,5
38,5521,0.03694939613342285,0.03694939613342285,0.80859375,3,4
38,5522,0.05850851780269296,0.05862301588058472,0.69921875,3,4
38,5523,0.04200136661529541,0.04200136661529541,0.7734375,3,4
38,5524,0.021579571650363512,0.26948148012161255,0.33203125,3,4
38,5525,0.03177845478057861,0.03177845478057861,0.796875,3,3
38,5526,0.03921622037887573,0.03921622037887573,0.765625,3,3
38,5527,0.04433131217956543,0.04433131217956543,0.75,4,4
38,5528,0.009473085403442383,0.009473085403442383,0.8984375,2,2
38,5529,0.0019667744636535645,0.0019667744636535645,0.96875,4,5
38,5530,0.008404731750488281,0.008404731750488281,0.91015625,3,3
38,5531,0.06835132814012469,0.07509845495223999,0.6640625,3,5
38,5416,0.10862301907036455,0.14990562200546265,0.58984375,3,2
38,4813,0.06612450827378781,0.0804174542427063,0.62890625,3,4
38,5532,0.03920471668243408,0.03920471668243408,0.8828125,3,4
38,5533,0.05511218309402466,0.05511218309402466,0.78515625,3,4
38,5534,0.10089169000275434,0.10208803415298462,0.6953125,3,2
38,5535,0.01559978723526001,0.01559978723526001,0.90234375,3,2
38,5536,0.04303985834121704,0.04303985834121704,0.75390625,3,1
38,5537,0.010101914405822754,0.010101914405822754,0.9296875,3,5
38,5538,0.0,0.23144614696502686,0.27734375,3,4
38,5539,0.06596529087983073,0.23133033514022827,0.4140625,3,1
38,5540,0.09816783363930882,0.1757410168647766,0.5234375,2,1
38,5541,0.09988964814692737,0.16184651851654053,0.546875,2,2
38,5542,0.013288378715515137,0.013288378715515137,0.88671875,2,3
38,5543,0.051399914780631675,0.24827128648757935,0.3828125,4,3
38,5544,0.05088585615158081,0.05088585615158081,0.75,3,3
38,5545,0.009473323822021484,0.009473323822021484,0.8984375,3,1
38,5546,0.03316866396926344,0.2573084235191345,0.3515625,3,2
38,5547,0.009473323822021484,0.009473323822021484,0.8984375,3,4
38,5548,0.0673856525681913,0.20784008502960205,0.4296875,2,4
38,5549,0.06716835498809814,0.06716835498809814,0.75390625,3,4
38,5550,0.009461283683776855,0.009461283683776855,0.93359375,3,2
38,5551,0.006233811378479004,0.006233811378479004,0.953125,3,4
38,5469,0.13029425439890477,0.17061549425125122,0.60546875,3,5
38,5441,0.13084426196292046,0.16706299781799316,0.61328125,3,5
38,5552,0.12224254466127607,0.18908816576004028,0.55859375,2,3
38,5553,0.010456740856170654,0.010456740856170654,0.921875,2,2
38,5554,0.09639358520507812,0.09639358520507812,0.73828125,3,4
38,5555,0.009661436080932617,0.009661436080932617,0.90234375,3,5
38,5556,0.130888945190236,0.18310147523880005,0.5859375,2,4
38,5557,0.1319670005468652,0.18212157487869263,0.58984375,3,5
38,5558,0.13048584875650707,0.16455358266830444,0.6171875,3,4
38,5559,0.13128462061285975,0.14740729331970215,0.65625,1,3
38,5560,0.09137248992919922,0.09137248992919922,0.734375,2,3
38,5561,0.1068258285522461,0.1068258285522461,0.70703125,1,3
38,5562,0.09011119604110718,0.09011119604110718,0.7421875,2,3
38,5563,0.05895837605930866,0.2140899896621704,0.41015625,1,3
38,5564,0.015579283237457275,0.015579283237457275,0.89453125,1,3
38,5565,0.13535229070112112,0.16078972816467285,0.63671875,2,3
38,5566,0.12980488617904487,0.169974684715271,0.60546875,3,6
38,5567,0.0854068398475647,0.0854068398475647,0.75390625,2,3
38,5568,0.03506921988446267,0.19731253385543823,0.37109375,3,6
38,5569,0.01324540376663208,0.01324540376663208,0.91796875,3,4
38,5570,0.02181321382522583,0.02181321382522583,0.89453125,3,5
38,5571,0.03036421537399292,0.03036421537399292,0.90234375,3,4
38,5572,0.019676445983350284,0.24571561813354492,0.33203125,3,4
38,5573,0.13302902423311028,0.16178351640701294,0.62890625,2,4
38,5574,0.13745020702481273,0.16916948556900024,0.625,4,5
38,5575,0.05951505899429321,0.05951505899429321,0.78125,3,5
38,5576,0.06208842992782593,0.06208842992782593,0.78515625,1,2
38,5577,0.027225732803344727,0.027225732803344727,0.8984375,2,2
38,5578,0.12163322791457178,0.12430381774902344,0.69140625,1,3
38,5579,0.04817017354071141,0.18134653568267822,0.40625,3,5
38,5580,0.04992222553119064,0.15875887870788574,0.42578125,3,6
38,5581,0.09040188789367676,0.09040188789367676,0.73828125,1,2
38,5582,0.024131953716278076,0.024131953716278076,0.84375,2,2
38,5583,0.0001398921012878418,0.0001398921012878418,0.98828125,3,4
38,5584,0.08938950300216675,0.08938950300216675,0.72265625,4,5
38,5585,0.07963180541992188,0.07963180541992188,0.8125,3,4
38,5586,0.1271898373961449,0.19381308555603027,0.5625,1,3
38,5587,0.13362425565719607,0.148406982421875,0.66015625,2,3
38,5588,0.0007597804069519043,0.0007597804069519043,0.98828125,2,4
38,5589,0.009899437427520752,0.009899437427520752,0.90625,3,5
38,5590,0.12773119634948674,0.1553405523300171,0.62890625,1,2
38,5591,0.007248997688293457,0.007248997688293457,0.921875,2,2
38,5592,0.06277960538864136,0.06277960538864136,0.7890625,3,4
38,5593,0.1063939784653485,0.1132509708404541,0.67578125,1,3
38,5594,0.1292401608079672,0.18329906463623047,0.58203125,2,5
38,5595,0.00661158561706543,0.00661158561706543,0.92578125,2,4
38,5596,0.03965216875076294,0.03965216875076294,0.8671875,1,3
38,5597,0.11028377094771714,0.11270517110824585,0.69140625,2,3
38,5598,0.05618566274642944,0.05618566274642944,0.8046875,2,2
38,5599,0.06614726781845093,0.06614726781845093,0.79296875,1,3
38,5600,0.00021988153457641602,0.00021988153457641602,0.98828125,3,4
38,5601,0.12395871710032226,0.12420129776000977,0.69921875,4,5
38,5602,0.028567135334014893,0.028567135334014893,0.8515625,3,4
38,5603,0.00015103816986083984,0.00015103816986083984,0.98828125,1,0
38,5604,0.1348851285874844,0.1660124659538269,0.625,1,3
38,5605,0.12724541174247864,0.14942580461502075,0.640625,2,3
38,5334,0.13249332387931648,0.15382444858551025,0.64453125,1,3
38,5471,0.13333506882190707,0.16410470008850098,0.625,2,3
38,5606,0.04088735580444336,0.04088735580444336,0.82421875,1,3
38,5607,0.10347181558609009,0.10347181558609009,0.7265625,1,3
38,5608,0.10085314512252808,0.10085314512252808,0.76171875,3,5
38,5609,0.11579818651080133,0.1171712875366211,0.6953125,2,5
38,5610,0.06892985105514526,0.06892985105514526,0.78515625,1,2
38,5611,0.11469912528991699,0.11469912528991699,0.703125,1,2
38,5612,0.0004938454367220472,0.25284886360168457,0.30078125,2,2
38,5613,0.1200832969043404,0.12031829357147217,0.69921875,1,3
38,5614,0.1306042284704745,0.14993131160736084,0.6484375,1,3
38,5615,0.13463707303162667,0.1763022541999817,0.60546875,2,5
38,5616,0.06598258018493652,0.06598258018493652,0.78125,2,4
38,5617,0.06777745485305786,0.06777745485305786,0.83203125,3,5
38,5618,0.12881233356893065,0.15126585960388184,0.640625,2,3
38,5619,0.1258897575316951,0.1312740445137024,0.68359375,1,3
38,5620,0.005218982696533203,0.005218982696533203,0.9453125,2,2
38,5621,0.010691821575164795,0.010691821575164795,0.91796875,1,2
38,5622,0.010206222534179688,0.010206222534179688,0.91796875,1,2
38,5623,0.009732686681672938,0.23729217052459717,0.31640625,2,3
38,5624,0.1316397059708834,0.1545860767364502,0.640625,1,2
38,5625,0.0250282883644104,0.0250282883644104,0.87890625,2,5
38,5626,0.13035291247069838,0.1530749797821045,0.640625,2,3
38,5627,0.0028843283653259277,0.0028843283653259277,0.953125,2,3
38,5628,0.05429410934448242,0.05429410934448242,0.82421875,3,4
38,5629,0.006882369518280029,0.006882369518280029,0.94140625,2,4
38,5630,0.0930139422416687,0.0930139422416687,0.72265625,1,2
38,5631,0.054997265338897705,0.054997265338897705,0.7890625,2,3
38,5632,0.04037797451019287,0.04037797451019287,0.828125,1,3
38,5633,0.08588027954101562,0.08588027954101562,0.75,3,4
38,5634,0.11016905307769775,0.11016905307769775,0.70703125,1,3
38,5635,0.04123544692993164,0.04123544692993164,0.86328125,1,2
38,5636,0.009688615798950195,0.009688615798950195,0.91796875,2,4
38,5637,0.11142134666442871,0.11142134666442871,0.7109375,1,2
38,5638,0.01686328649520874,0.01686328649520874,0.91015625,1,2
38,5639,0.11134761571884155,0.11134761571884155,0.72265625,2,4
38,5640,0.009817004203796387,0.009817004203796387,0.92578125,1,1
38,5641,0.04808318614959717,0.04808318614959717,0.83984375,1,2
38,5642,0.10936411377042535,0.20287835597991943,0.515625,1,3
38,5643,0.1326114309486002,0.15753376483917236,0.63671875,2,4
38,5644,0.07623028755187988,0.07623028755187988,0.79296875,1,2
38,5645,0.0440371036529541,0.0440371036529541,0.875,3,4
38,5646,0.13216655014548453,0.1534450650215149,0.64453125,1,2
38,5647,0.08085799217224121,0.08085799217224121,0.78515625,1,2
38,5648,0.11963552213273944,0.12734591960906982,0.67578125,1,2
38,5649,0.04647243022918701,0.04647243022918701,0.81640625,1,1
38,5650,0.1326605279464275,0.1737140417098999,0.60546875,1,4
38,5651,0.07944351434707642,0.07944351434707642,0.734375,1,2
39,5527,0.045752763748168945,0.045752763748168945,0.796875,4,4
39,5536,0.044463515281677246,0.044463515281677246,0.796875,3,1
39,5652,0.0020879507064819336,0.0020879507064819336,0.9765625,3,2
39,5653,0.0021370649337768555,0.0021370649337768555,0.9765625,4,3
39,5654,0.009964227676391602,0.009964227676391602,0.93359375,5,7
39,5655,0.009964227676391602,0.009964227676391602,0.93359375,3,1
39,5656,0.013750076293945312,0.013750076293945312,0.9296875,3,2
39,5657,0.04377341270446777,0.04377341270446777,0.796875,4,4
39,5658,0.02617967128753662,0.02617967128753662,0.8828125,4,4
39,5659,0.042197227478027344,0.042197227478027344,0.79296875,4,3
39,5660,0.01730436086654663,0.01730436086654663,0.921875,4,5
39,5401,0.08661496639251709,0.08661496639251709,0.7734375,3,4
39,5531,0.07201367209199817,0.07509368658065796,0.68359375,3,5
39,5661,0.026932179927825928,0.026932179927825928,0.9140625,3,4
39,5662,0.06181691028177739,0.06381100416183472,0.6875,3,4
39,5663,0.05006378889083862,0.05006378889083862,0.8203125,2,3
39,5664,0.004694759845733643,0.004694759845733643,0.953125,3,4
39,5665,0.05901050567626953,0.05901050567626953,0.74609375,3,5
39,5666,0.03482586145401001,0.03482586145401001,0.90625,3,3
39,5667,0.019922912120819092,0.019922912120819092,0.92578125,4,6
39,5668,0.04583907127380371,0.04583907127380371,0.796875,3,3
39,5669,0.03384196758270264,0.03384196758270264,0.8984375,3,5
39,5670,0.013320565223693848,0.013320565223693848,0.9296875,3,3
39,5671,0.01612621545791626,0.01612621545791626,0.9296875,3,4
39,5672,0.025742292404174805,0.025742292404174805,0.89453125,3,5
39,5673,0.0150834321975708,0.0150834321975708,0.93359375,2,2
39,5674,0.03903871774673462,0.03903871774673462,0.84765625,3,4
39,5675,0.019064486026763916,0.019064486026763916,0.9296875,2,2
39,5676,0.02234095335006714,0.02234095335006714,0.9453125,3,5
39,5677,0.017646372318267822,0.017646372318267822,0.91796875,3,3
39,5678,0.05973029136657715,0.05973029136657715,0.75,3,5
39,5679,0.06801295222248883,0.06814604997634888,0.69921875,3,3
39,5680,0.015124261379241943,0.015124261379241943,0.953125,3,3
39,5681,0.04572635889053345,0.04572635889053345,0.796875,2,1
39,5541,0.07713504717685284,0.16054123640060425,0.4921875,2,2
39,5540,0.07457093324046583,0.17276161909103394,0.47265625,2,1
39,5682,0.019378304481506348,0.019378304481506348,0.90625,2,1
39,5683,0.07937397644855083,0.18388903141021729,0.47265625,3,5
39,5684,0.07649038347881289,0.16953712701797485,0.48046875,2,1
39,5685,0.020014941692352295,0.020014941692352295,0.9296875,1,1
39,5686,0.01714378595352173,0.01714378595352173,0.921875,2,1
39,5687,0.02063453197479248,0.02063453197479248,0.90234375,1,0
39,5688,0.07967879273928703,0.19803661108016968,0.4609375,3,3
39,5689,0.012925505638122559,0.012925505638122559,0.9453125,1,1
39,5690,0.07921330444514753,0.1370176076889038,0.53125,2,2
39,5691,0.07659852970391513,0.19038081169128418,0.4609375,1,1
39,5692,0.08566421899013223,0.1286219358444214,0.56640625,2,3
39,5693,0.07360599096864463,0.20821142196655273,0.44140625,2,2
39,5694,0.0027996301651000977,0.0027996301651000977,0.97265625,1,0
39,5695,0.07878786942455919,0.17462939023971558,0.48046875,2,2
39,5696,0.0871687864419073,0.14350616931915283,0.54296875,2,1
39,5697,0.04895216226577759,0.04895216226577759,0.8359375,3,4
39,5698,0.07715586712583901,0.16058456897735596,0.4921875,2,2
39,5699,0.020001649856567383,0.020001649856567383,0.9375,2,1
39,5604,0.12727900221943858,0.1566510796546936,0.625,1,3
39,5615,0.12303759064525367,0.16534185409545898,0.59765625,2,5
39,5700,0.056223392486572266,0.056223392486572266,0.828125,2,3
39,5701,0.010577023029327393,0.010577023029327393,0.94140625,1,2
39,5702,0.12618486210703853,0.1302553415298462,0.6875,1,3
39,5703,8.51750373840332e-05,8.51750373840332e-05,0.99609375,1,1
39,5704,0.08323675394058228,0.08323675394058228,0.7734375,2,4
39,5705,0.09595338464714588,0.19572961330413818,0.49609375,1,3
39,5706,0.12762837368063631,0.13873827457427979,0.66796875,1,4
39,5707,0.12431766884401442,0.15872979164123535,0.61328125,3,5
39,5708,0.12493515247479083,0.14671283960342407,0.640625,3,7
39,5709,0.12630950659513476,0.15545785427093506,0.625,2,5
39,5710,0.0750238299369812,0.0750238299369812,0.7890625,1,2
39,5711,0.12924601673148575,0.134773850440979,0.68359375,2,6
39,5712,0.01121819019317627,0.01121819019317627,0.9453125,1,2
39,5713,0.0624213730916381,0.2189023494720459,0.4140625,1,3
39,5714,0.12608689058106395,0.16098874807357788,0.61328125,1,3
39,5715,0.12475056329276414,0.1481955647468567,0.63671875,1,2
39,5716,0.04485732316970825,0.04485732316970825,0.85546875,1,3
39,5717,0.014564454555511475,0.014564454555511475,0.92578125,3,4
39,5718,0.11761014140211047,0.16230833530426025,0.58984375,2,2
39,5719,0.08044469356536865,0.08044469356536865,0.77734375,2,3
39,5720,0.05843818187713623,0.05843818187713623,0.83203125,1,3
39,5721,0.03866422176361084,0.03866422176361084,0.86328125,1,2
39,5722,0.13132788427174094,0.13556426763534546,0.6875,1,2
39,5723,0.01038283109664917,0.01038283109664917,0.93359375,2,4
39,5724,0.033812105655670166,0.033812105655670166,0.8828125,1,1
39,5725,0.11372015019878746,0.1682795286178589,0.5703125,1,4
39,5726,0.12446181708946825,0.16508924961090088,0.6015625,1,2
39,5727,0.11901591846253724,0.1321825385093689,0.66015625,2,5
39,5728,0.040934979915618896,0.040934979915618896,0.859375,2,4
39,5729,0.1277337460778654,0.1651507019996643,0.609375,1,2
39,5730,0.06981301307678223,0.06981301307678223,0.7421875,2,4
39,5731,0.10311174392700195,0.10311174392700195,0.7265625,2,4
39,5732,0.03902149200439453,0.03902149200439453,0.8515625,2,5
39,5733,0.058127092779614045,0.1970931887626648,0.41796875,1,1
39,5734,0.11962802894413473,0.12104654312133789,0.6953125,1,2
39,5735,0.009673893451690674,0.009673893451690674,0.9296875,1,3
39,5736,0.12787813087925318,0.1555192470550537,0.62890625,1,3
39,5737,0.029201805591583252,0.029201805591583252,0.89453125,2,4
39,5738,0.09638210479170085,0.20476198196411133,0.48828125,3,5
39,5739,0.01652592420578003,0.01652592420578003,0.9453125,1,1
39,5740,0.1272516432218254,0.16878974437713623,0.6015625,1,3
39,5741,0.12533502152655276,0.16002875566482544,0.61328125,1,3
39,5742,0.04272115230560303,0.04272115230560303,0.80859375,1,1
39,5743,0.04894345998764038,0.04894345998764038,0.84765625,2,4
39,5744,0.07259276742115618,0.18491291999816895,0.45703125,1,2
39,5745,0.04513818025588989,0.04513818025588989,0.8515625,1,1
39,5746,0.03220236301422119,0.03220236301422119,0.86328125,3,5
39,5747,0.07781869173049927,0.07781869173049927,0.734375,2,3
39,5574,0.12478897580876948,0.1593315601348877,0.61328125,4,5
39,5565,0.12379721552133562,0.1523658037185669,0.625,2,3
39,5748,0.0,0.2549852728843689,0.203125,3,5
39,5749,0.07897132635116577,0.07897132635116577,0.77734375,2,4
39,5750,0.13088136236183348,0.1378832459449768,0.6796875,4,5
39,5751,0.10432879580184819,0.14020037651062012,0.59765625,3,4
39,5752,0.11639648862183095,0.17736607789993286,0.5625,2,5
39,5753,0.08317875862121582,0.08317875862121582,0.7734375,2,3
39,5754,0.12252067448571326,0.12397348880767822,0.6953125,2,3
39,5755,0.09101271629333496,0.09101271629333496,0.76953125,2,3
39,5756,0.125218203291297,0.12925750017166138,0.6875,3,4
39,5757,0.007790982723236084,0.007790982723236084,0.96484375,3,3
39,5758,0.04479163885116577,0.04479163885116577,0.8515625,2,4
39,5759,0.11681926250457764,0.11681926250457764,0.70703125,5,6
39,5760,0.11761147796642037,0.17658966779708862,0.56640625,3,4
39,5761,0.07955359050538392,0.17632657289505005,0.48046875,2,2
39,5762,0.12375234323553742,0.15800797939300537,0.61328125,2,4
39,5763,0.1182358388323337,0.16769182682037354,0.58203125,4,5
39,5764,0.12004550546407701,0.16793251037597656,0.5859375,3,4
39,5765,0.07212609052658081,0.07212609052658081,0.79296875,1,2
39,5766,0.11297869682312012,0.11297869682312012,0.71875,4,5
39,5767,0.09823738515842707,0.2003886103630066,0.49609375,4,6
39,5768,0.12510223989374938,0.1486133337020874,0.63671875,2,3
39,5769,0.012000024318695068,0.012000024318695068,0.9375,2,2
39,5770,0.11064754030667247,0.11656695604324341,0.6796875,2,2
39,5771,0.09491976350545885,0.09798169136047363,0.6875,1,2
39,5772,0.11728262901306152,0.11728262901306152,0.7109375,4,5
39,5773,0.12424988113343717,0.14590811729431152,0.640625,2,5
39,5774,0.1255418732762337,0.14913558959960938,0.63671875,3,4
39,5775,0.10455322265625,0.10455322265625,0.73828125,5,7
39,5776,0.044831812381744385,0.044831812381744385,0.87109375,4,5
39,5777,0.05219073640182616,0.20398211479187012,0.40234375,3,3
39,5778,0.08975720405578613,0.08975720405578613,0.7734375,2,4
39,5779,0.058426595292985446,0.07851552963256836,0.59765625,4,5
39,5780,0.08406323194503784,0.08406323194503784,0.75390625,1,2
39,5781,0.12094313744455577,0.16468852758407593,0.59375,2,4
39,5782,0.12279528158251198,0.16079586744308472,0.60546875,3,5
39,5783,0.12726691528223458,0.14134633541107178,0.66015625,2,4
39,5784,0.004983007907867432,0.004983007907867432,0.9765625,2,3
39,5785,0.006297647953033447,0.006297647953033447,0.953125,3,5
39,5786,0.023526549339294434,0.023526549339294434,0.90625,2,2
39,5787,0.04673653841018677,0.04673653841018677,0.84375,3,6
39,5788,0.10954369395039977,0.12717998027801514,0.64453125,2,3
39,5789,0.005416214466094971,0.005416214466094971,0.96875,2,2
39,5790,0.12407189619261773,0.14738935232162476,0.63671875,2,3
39,5791,0.11083605769090356,0.11676555871963501,0.6796875,2,2
