generation,genome_id,fitness,diversity,agreement,num_nodes,num_connections
0,1,0.014473915100097656,0.014473915100097656,0.76171875,1,4
0,2,0.04420306696556509,0.06636941432952881,0.56640625,1,4
0,3,0.0,0.20391631126403809,0.125,1,4
0,4,0.02870254358276725,0.04015219211578369,0.5859375,1,4
0,5,0.0334525122307241,0.04020583629608154,0.6328125,1,4
0,6,0.0,0.09754693508148193,0.265625,1,4
0,7,0.05433024291414768,0.0866575837135315,0.55078125,1,4
0,8,0.012636899948120117,0.012636899948120117,0.828125,1,4
0,9,0.011597871780395508,0.011597871780395508,0.76953125,1,4
0,10,0.0,0.0908166766166687,0.2734375,1,4
0,11,0.005455613136291504,0.005455613136291504,0.88671875,1,4
0,12,0.0,0.0,1.0,1,4
0,13,0.014577494934201244,0.0982062816619873,0.359375,1,4
0,14,0.03508030786179007,0.06881654262542725,0.50390625,1,4
0,15,0.022079760208725933,0.08312380313873291,0.40625,1,4
0,16,0.025305103044956926,0.025354623794555664,0.69921875,1,4
0,17,0.03502009040676058,0.03727710247039795,0.67578125,1,4
0,18,0.0011461973190307617,0.0011461973190307617,0.94921875,1,4
0,19,0.03467147948686034,0.10381168127059937,0.43359375,1,4
0,20,0.02614818303845823,0.07197779417037964,0.4453125,1,4
0,21,3.5762786865234375e-07,3.5762786865234375e-07,1.0,1,4
0,22,0.0,0.08737719058990479,0.26953125,1,4
0,23,0.0,0.15100985765457153,0.16796875,1,4
0,24,0.049482305534183986,0.07217931747436523,0.57421875,1,4
0,25,0.00913780927658081,0.00913780927658081,0.83203125,1,4
0,26,0.04457270074635745,0.05836629867553711,0.60546875,1,4
0,27,0.0058776140213012695,0.0058776140213012695,0.8515625,1,4
0,28,0.0,0.1022687554359436,0.125,1,4
0,29,0.041373954154551036,0.04749655723571777,0.6484375,1,4
0,30,0.03391993255354465,0.0864030122756958,0.45703125,1,4
0,31,0.02157973987050355,0.0876891016960144,0.3984375,1,4
0,32,0.02063119411468506,0.02063119411468506,0.76171875,1,4
0,33,0.022781124338507656,0.02351599931716919,0.6875,1,4
0,34,0.039680470712482936,0.054032981395721436,0.59375,1,4
0,35,0.015290617942810059,0.015290617942810059,0.76171875,1,4
0,36,0.049635210307315,0.07240235805511475,0.57421875,1,4
0,37,0.017250418663024902,0.017250418663024902,0.765625,1,4
0,38,0.0065863728523254395,0.0065863728523254395,0.85546875,1,4
0,39,0.015482783317565918,0.015482783317565918,0.7265625,1,4
0,40,0.052117419196292765,0.06654393672943115,0.61328125,1,4
0,41,0.029321379959583286,0.031538963317871094,0.671875,1,4
0,42,0.014072537422180176,0.014072537422180176,0.80078125,1,4
0,43,0.041680173017084605,0.07731974124908447,0.515625,1,4
0,44,0.04502737009897829,0.08832955360412598,0.50390625,1,4
0,45,6.556510925292969e-07,6.556510925292969e-07,1.0,1,4
0,46,0.0,0.11915886402130127,0.07421875,1,4
0,47,0.04470114642754198,0.048592329025268555,0.66796875,1,4
0,48,0.03782963752746582,0.03782963752746582,0.703125,1,4
0,49,0.03118395409546793,0.06624972820281982,0.48828125,1,4
0,50,0.04488266911357642,0.07509779930114746,0.5390625,1,4
0,51,0.0296974778175354,0.0296974778175354,0.734375,1,4
0,52,0.029512599576264623,0.07709413766860962,0.453125,1,4
0,53,0.0,0.15537172555923462,0.16015625,1,4
0,54,0.05079751950688661,0.107918381690979,0.48828125,1,4
0,55,0.0,0.12016123533248901,0.07421875,1,4
0,56,0.02939021587371826,0.02939021587371826,0.734375,1,4
0,57,4.839897155761719e-05,4.839897155761719e-05,0.9921875,1,4
0,58,0.03358417749404907,0.03358417749404907,0.72265625,1,4
0,59,0.025058747967705134,0.05323684215545654,0.48828125,1,4
0,60,0.0,0.1571570634841919,0.265625,1,4
0,61,0.0727792656980455,0.10043931007385254,0.58984375,1,4
0,62,0.013368186657316986,0.0677674412727356,0.37890625,1,4
0,63,0.030400753021240234,0.030400753021240234,0.71484375,1,4
0,64,3.635883331298828e-05,3.635883331298828e-05,0.9921875,1,4
0,65,0.023952841758728027,0.023952841758728027,0.703125,1,4
0,66,0.03267740178853274,0.04699671268463135,0.578125,1,4
0,67,0.024593040347099308,0.09258556365966797,0.40625,1,4
0,68,0.002510547637939453,0.002510547637939453,0.8984375,1,4
0,69,0.009158194065093994,0.009158194065093994,0.84765625,1,4
0,70,0.0,0.09829163551330566,0.16015625,1,4
0,71,0.034091070294380195,0.07242584228515625,0.48828125,1,4
0,72,0.044392999727278955,0.06296181678771973,0.58203125,1,4
0,73,4.6253204345703125e-05,4.6253204345703125e-05,0.99609375,1,4
0,74,0.0,0.1438109278678894,0.19140625,1,4
0,75,0.009887456893920898,0.009887456893920898,0.8046875,1,4
0,76,0.012098491191864014,0.012098491191864014,0.73828125,1,4
0,77,0.04459568206220866,0.05623888969421387,0.6171875,1,4
0,78,0.018062114715576172,0.018062114715576172,0.74609375,1,4
0,79,0.014094054698944092,0.014094054698944092,0.78125,1,4
0,80,0.013737678527832031,0.013737678527832031,0.80078125,1,4
0,81,0.051372084999457016,0.09705722332000732,0.51171875,1,4
0,82,0.023387253284454346,0.023387253284454346,0.703125,1,4
0,83,0.04711059527471662,0.07755827903747559,0.54296875,1,4
0,84,0.03709870739839972,0.04120290279388428,0.66015625,1,4
0,85,0.008082783780992035,0.08114480972290039,0.33984375,1,4
0,86,0.04637133376672865,0.07172846794128418,0.55859375,1,4
0,87,0.045884015271440155,0.06166040897369385,0.59765625,1,4
0,88,0.04149766871705652,0.0705873966217041,0.53515625,1,4
0,89,0.04296899307519198,0.06094217300415039,0.58203125,1,4
0,90,0.0052710771560668945,0.0052710771560668945,0.875,1,4
0,91,0.0,0.13181883096694946,0.14453125,1,4
0,92,0.04123361385427416,0.051366448402404785,0.62109375,1,4
0,93,0.03159177815541626,0.0715707540512085,0.4765625,1,4
0,94,0.03586865728721023,0.037787556648254395,0.6796875,1,4
0,95,0.02483276650309563,0.024881362915039062,0.69921875,1,4
0,96,0.058474544435739524,0.08293342590332031,0.58203125,1,4
0,97,0.03806962771341205,0.07327687740325928,0.5078125,1,4
0,98,0.010141516104340558,0.16749858856201172,0.32421875,1,4
0,99,0.04622421483509243,0.05901944637298584,0.61328125,1,4
0,100,0.05883924942463637,0.08462274074554443,0.578125,1,4
0,101,0.032692670822143555,0.032692670822143555,0.703125,1,4
0,102,0.04453248612117023,0.05685943365097046,0.61328125,1,4
0,103,0.025795858120545752,0.10482126474380493,0.3984375,1,4
0,104,2.2649765014648438e-06,2.2649765014648438e-06,1.0,1,4
0,105,0.004766345024108887,0.004766345024108887,0.9296875,1,4
0,106,0.0,0.09896957874298096,0.29296875,1,4
0,107,0.018696904182434082,0.018696904182434082,0.80078125,1,4
0,108,0.0,0.09799075126647949,0.2265625,1,4
0,109,0.034264564514160156,0.034264564514160156,0.703125,1,4
0,110,0.0,0.1189643144607544,0.07421875,1,4
0,111,0.027217447757720947,0.027217447757720947,0.73046875,1,4
0,112,0.007282257080078125,0.007282257080078125,0.8359375,1,4
0,113,0.02345883846282959,0.02345883846282959,0.73046875,1,4
0,114,0.0,0.10608279705047607,0.140625,1,4
0,115,0.025549076497554783,0.08124923706054688,0.42578125,1,4
0,116,0.0,0.11273622512817383,0.2734375,1,4
0,117,0.04333196044899524,0.05674159526824951,0.60546875,1,4
0,118,0.0,0.14664483070373535,0.203125,1,4
0,119,0.014980614185333252,0.014980614185333252,0.7578125,1,4
0,120,0.032112452201545245,0.036864519119262695,0.6484375,1,4
0,121,0.03251224756240845,0.03251224756240845,0.71484375,1,4
0,122,0.018683552742004395,0.018683552742004395,0.7265625,1,4
0,123,0.0443837360944599,0.053977370262145996,0.62890625,1,4
0,124,0.041776260826736696,0.050806283950805664,0.62890625,1,4
0,125,0.02908048359677196,0.07596534490585327,0.453125,1,4
0,126,0.043687845580279834,0.05648529529571533,0.609375,1,4
0,127,0.02175298193469644,0.0220109224319458,0.6953125,1,4
0,128,0.00856471061706543,0.00856471061706543,0.82421875,1,4
0,129,8.350610733032227e-05,8.350610733032227e-05,0.98046875,1,4
0,130,0.048040901077911265,0.09998756647109985,0.4921875,1,4
0,131,0.005539417266845703,0.005539417266845703,0.86328125,1,4
0,132,0.0006342530250549316,0.0006342530250549316,0.95703125,1,4
0,133,0.011745214462280273,0.011745214462280273,0.75390625,1,4
0,134,0.0,0.1167876124382019,0.1875,1,4
0,135,0.0010491467546671655,0.0895271897315979,0.3046875,1,4
0,136,0.004778742790222168,0.004778742790222168,0.8984375,1,4
0,137,0.04440728318877519,0.06571251153945923,0.5703125,1,4
0,138,0.031784755177795894,0.03248262405395508,0.69140625,1,4
0,139,0.008102357387542725,0.008102357387542725,0.83984375,1,4
0,140,0.00037217140197753906,0.00037217140197753906,0.9609375,1,4
0,141,0.04249204718507827,0.0699547529220581,0.54296875,1,4
0,142,0.03909229906275869,0.08856308460235596,0.4765625,1,4
0,143,0.04296005750074983,0.07558608055114746,0.52734375,1,4
0,144,0.0015894174575805664,0.0015894174575805664,0.94921875,1,4
0,145,0.03419867483898998,0.0506061315536499,0.5703125,1,4
0,146,0.03939012321643532,0.06590765714645386,0.5390625,1,4
0,147,0.0229633403941989,0.10135543346405029,0.390625,1,4
0,148,0.029235034016892317,0.06479799747467041,0.48046875,1,4
0,149,0.0,0.12420928478240967,0.2421875,1,4
0,150,3.11732292175293e-05,3.11732292175293e-05,0.9921875,1,4
1,130,0.051278200582601144,0.10059171915054321,0.50390625,1,4
1,50,0.026782387169077996,0.08019053936004639,0.43359375,1,4
1,151,0.030843649758026007,0.07856690883636475,0.45703125,1,3
1,152,0.024730205535888672,0.024730205535888672,0.70703125,1,3
1,153,0.0293965470045805,0.0651559829711914,0.48046875,1,4
1,154,0.014476299285888672,0.014476299285888672,0.77734375,1,3
1,155,0.031784293241798885,0.04991888999938965,0.5546875,1,4
1,156,0.03575097955763341,0.06632065773010254,0.515625,1,3
1,157,0.037068702047690756,0.07715111970901489,0.4921875,1,3
1,158,0.03194127744063736,0.07079625129699707,0.48046875,2,5
1,159,0.021629056893289093,0.08142703771591187,0.40625,1,3
1,160,0.023827770492061976,0.08079349994659424,0.41796875,2,5
1,161,0.02162836026400328,0.08142441511154175,0.40625,1,3
1,162,0.02161715086549521,0.08138221502304077,0.40625,1,3
1,163,0.03206026973202825,0.06057143211364746,0.51171875,2,3
1,164,0.035606625722721226,0.05346214771270752,0.56640625,1,2
1,165,0.021630275994539264,0.08143162727355957,0.40625,2,5
1,166,0.0011913646012544662,0.10166311264038086,0.3046875,1,3
1,167,0.025074169738218192,0.07973897457122803,0.42578125,1,4
1,168,0.0,0.12311458587646484,0.0625,1,3
1,169,0.03274930268526078,0.05479621887207031,0.5390625,2,6
1,170,0.021546427160501484,0.0811159610748291,0.40625,1,3
1,171,0.0,0.19963204860687256,0.12109375,2,5
1,172,0.03544486197642983,0.04115140438079834,0.64453125,1,4
1,173,0.06375991133973004,0.12272584438323975,0.5078125,1,3
1,174,0.022917643655091528,0.0706857442855835,0.4296875,1,3
1,175,0.024513950105756525,0.06934332847595215,0.44140625,1,4
1,176,0.029462288832291964,0.040659546852111816,0.58984375,1,3
1,177,0.0017675161361694336,0.0017675161361694336,0.91015625,1,3
1,178,0.0,0.12800896167755127,0.28515625,1,3
1,179,0.0,0.14960038661956787,0.203125,1,4
1,180,0.0,0.11443328857421875,0.140625,1,3
1,181,0.0,0.14203834533691406,0.12890625,1,3
1,182,0.030179962981492284,0.06689238548278809,0.48046875,1,4
1,183,0.02081842231564224,0.0813666582107544,0.40234375,1,4
1,184,0.02842889120802284,0.052737653255462646,0.515625,1,3
1,185,0.028999434318393472,0.0671842098236084,0.47265625,1,4
1,186,0.021623151376843456,0.08140480518341064,0.40625,1,3
1,187,0.023681091377511624,0.024201035499572754,0.69140625,1,4
1,188,0.054212342714890845,0.08646953105926514,0.55078125,1,3
1,189,0.0,0.09803277254104614,0.25390625,1,4
1,190,0.021629357710480693,0.0814281702041626,0.40625,1,4
1,191,0.02161898743361235,0.08138912916183472,0.40625,1,3
1,61,0.06196832610294224,0.10201859474182129,0.54296875,1,4
1,100,0.051732992753386504,0.08948409557342529,0.53125,1,4
1,192,0.04564300575293601,0.08785420656204224,0.5078125,1,4
1,193,0.0321897016838193,0.07630151510238647,0.46875,1,4
1,194,0.02809312217868865,0.06982368230819702,0.4609375,1,3
1,195,0.040678199613466866,0.07282251119613647,0.5234375,1,4
1,196,0.0,0.12391537427902222,0.0625,2,4
1,197,0.00972658395767212,0.00972658395767212,0.78515625,1,3
1,198,0.0,0.12470442056655884,0.0625,2,4
1,199,0.040410343091934926,0.07234299182891846,0.5234375,1,3
1,200,0.005308568477630615,0.005308568477630615,0.859375,1,4
1,201,0.031927866395562894,0.04724586009979248,0.5703125,1,4
1,202,0.0,0.1220545768737793,0.0625,2,5
1,203,0.033979340689256794,0.05101883411407471,0.56640625,1,3
1,204,0.03236534004099668,0.06875956058502197,0.48828125,1,4
1,205,0.04135917848907412,0.05029904842376709,0.62890625,1,4
1,206,0.0051284376531839405,0.10099077224731445,0.3203125,2,4
1,207,0.048043339629657573,0.07431477308273315,0.55859375,1,4
1,208,0.04097284562885762,0.11919373273849487,0.4375,1,3
1,209,0.04044805245939643,0.059001147747039795,0.57421875,1,4
1,210,0.02300531137734652,0.08660823106765747,0.40625,1,4
1,211,0.035981966648250825,0.06674915552139282,0.515625,1,4
1,212,0.0,0.13758182525634766,0.21875,1,3
1,213,0.030195658095180995,0.05601513385772705,0.515625,1,3
1,214,0.028118615504354242,0.05852329730987549,0.4921875,1,4
1,215,0.03628026717342437,0.06854426860809326,0.51171875,1,3
1,216,0.0,0.09134513139724731,0.26953125,1,4
1,217,0.021630275994539264,0.08143162727355957,0.40625,1,4
1,218,0.004642902873456482,0.09142947196960449,0.3203125,1,3
1,219,0.03302940970752389,0.062402427196502686,0.51171875,2,5
1,220,0.0,0.11568653583526611,0.08203125,1,3
1,221,0.04738883196841926,0.07801634073257446,0.54296875,1,4
1,222,0.010478771990165118,0.08795297145843506,0.34765625,1,3
1,223,0.03905349131673575,0.10201728343963623,0.453125,1,3
1,224,0.023567605530843142,0.07991135120391846,0.41796875,1,3
1,225,0.024053099099546678,0.097739577293396,0.3984375,2,4
1,226,0.0352124737109989,0.05136406421661377,0.57421875,1,3
1,227,0.026162737980484966,0.05927133560180664,0.4765625,2,5
1,228,0.016386646660976115,0.020922601222991943,0.61328125,1,3
1,229,0.03590379259549082,0.07323801517486572,0.49609375,1,3
1,230,0.026476987171918157,0.09285080432891846,0.4140625,1,3
1,231,0.0506473055575043,0.0680614709854126,0.59765625,1,3
1,232,0.00982086826115847,0.12264108657836914,0.33203125,1,4
1,233,0.040781997144222266,0.05553293228149414,0.59375,1,4
1,234,0.030574567615985874,0.07247304916381836,0.46875,1,4
1,235,0.02700173109769822,0.1016535758972168,0.40625,1,4
1,236,0.004103059647604826,0.10003650188446045,0.31640625,1,3
1,237,0.03606433933600784,0.05414938926696777,0.56640625,1,4
1,238,0.03321289317682386,0.03498971462249756,0.6796875,1,2
1,239,0.028048904146999128,0.09836328029632568,0.4140625,1,3
1,240,0.011860027443617584,0.0798991322517395,0.359375,1,3
1,241,0.0063288211822509766,0.0063288211822509766,0.859375,1,3
1,242,0.030502970796078447,0.06910407543182373,0.4765625,1,3
1,243,0.02821328770369292,0.04880136251449585,0.53125,1,4
1,244,0.0,0.10992491245269775,0.29296875,2,4
1,245,0.0,0.125277578830719,0.0625,2,6
1,246,0.035687027964741,0.06070351600646973,0.53515625,1,3
1,247,0.0355562036857009,0.06595933437347412,0.515625,1,3
1,248,0.036129848100245006,0.04919809103012085,0.59375,1,3
1,249,0.01566767692565918,0.01566767692565918,0.78125,1,4
1,250,0.0,0.10479080677032471,0.203125,1,4
1,251,0.04453978501260281,0.07216572761535645,0.546875,1,3
1,252,0.04010385554283858,0.06396627426147461,0.55078125,1,4
1,253,0.03333244950044901,0.041523635387420654,0.62109375,2,4
1,254,0.016275018453598026,0.08680009841918945,0.375,1,3
1,255,0.034134480636566884,0.05444502830505371,0.55078125,1,4
1,256,0.02851676172576845,0.07644283771514893,0.44921875,1,4
1,257,0.04342224274296314,0.06158500909805298,0.58203125,1,4
1,258,0.03280608274508268,0.04785388708114624,0.57421875,1,4
1,259,0.03927906579338015,0.06910955905914307,0.52734375,2,5
1,260,0.024931538617238406,0.07052457332611084,0.44140625,1,3
1,261,0.032742015784606344,0.04287445545196533,0.60546875,1,4
1,262,0.03667213441804052,0.05941814184188843,0.546875,1,4
1,263,0.04762970190495253,0.09715700149536133,0.49609375,1,4
1,264,0.04408708261325956,0.08329367637634277,0.51171875,1,4
1,265,0.010635912418365479,0.010635912418365479,0.7890625,1,3
1,266,0.03768783016130329,0.06106382608413696,0.546875,1,3
1,267,0.0492763463407755,0.08523476123809814,0.53125,1,4
1,268,0.013491630554199219,0.013491630554199219,0.77734375,2,5
1,269,0.0,0.12272459268569946,0.0625,2,4
1,270,0.04774030484259129,0.08257782459259033,0.53125,1,3
1,271,0.04440508433617652,0.05531728267669678,0.62109375,1,3
1,272,0.023753466899506755,0.10051053762435913,0.39453125,1,3
1,273,0.011559903621673584,0.011559903621673584,0.78125,2,4
1,274,0.03167919977568091,0.06214463710784912,0.50390625,1,4
1,275,0.040269297664053745,0.07608073949813843,0.51171875,1,3
1,276,0.03845197404734791,0.0654066801071167,0.53515625,1,4
1,277,0.03152482223231346,0.05546635389328003,0.52734375,1,4
1,278,0.03238610271364451,0.04410022497177124,0.59375,2,4
1,279,0.036666237865574665,0.060363709926605225,0.54296875,1,3
1,280,0.014019537717103962,0.07477086782455444,0.375,2,5
1,281,0.03938441304489971,0.10032248497009277,0.45703125,2,5
1,282,0.028350669541396204,0.034478724002838135,0.62890625,1,3
1,283,0.043422933667898185,0.05344361066818237,0.625,2,6
1,284,0.044682640233077116,0.06517809629440308,0.57421875,1,4
1,285,0.025973618030548096,0.025973618030548096,0.74609375,1,3
1,286,0.04040966858156026,0.044398605823516846,0.6640625,2,5
1,287,0.013913328526541594,0.10793370008468628,0.3515625,1,4
1,288,0.04036454670131207,0.09567892551422119,0.46875,1,3
1,289,0.021630275994539264,0.08143162727355957,0.40625,1,4
1,290,0.03602351679001004,0.055722177028656006,0.55859375,1,4
1,291,0.043746303301304586,0.09910666942596436,0.4765625,1,3
1,292,0.03338511753827334,0.06948447227478027,0.4921875,1,4
1,293,0.023043563589453704,0.11130475997924805,0.3828125,1,2
1,294,0.04472957667894662,0.06918895244598389,0.55859375,1,3
1,295,0.036783699179068215,0.050763487815856934,0.58984375,1,3
1,296,0.024519791593775157,0.02505815029144287,0.69140625,1,3
2,270,0.050823598634451635,0.0763099193572998,0.56640625,1,3
2,284,0.04585292586125434,0.06327950954437256,0.58984375,1,4
2,297,0.0,0.1116565465927124,0.08984375,1,4
2,298,0.05759771075099707,0.09332287311553955,0.546875,2,4
2,299,0.054137867409735925,0.18356680870056152,0.41796875,2,4
2,300,0.03776556509546936,0.052830517292022705,0.5859375,2,2
2,301,0.036767718382179744,0.06359821557998657,0.53125,1,3
2,302,0.04072442231699825,0.04894578456878662,0.6328125,1,3
2,303,0.019011253956705335,0.01923668384552002,0.6953125,1,3
2,304,0.0,0.107776939868927,0.08984375,1,3
2,305,0.045848309993743896,0.045848309993743896,0.70703125,1,2
2,306,0.0393441109918058,0.07043421268463135,0.5234375,1,3
2,307,0.04466711275745184,0.06515544652938843,0.57421875,1,3
2,308,0.03628191235475243,0.06383621692657471,0.52734375,1,3
2,309,0.0435515696881339,0.07935374975204468,0.51953125,1,3
2,310,0.00016816332936287165,0.08609962463378906,0.30078125,1,4
2,311,0.026028229622170333,0.07793247699737549,0.43359375,1,3
2,312,0.029674649238586426,0.029674649238586426,0.73828125,2,4
2,313,0.038407138548791415,0.05229908227920532,0.59375,2,5
2,314,0.04446662357077003,0.0756375789642334,0.53515625,1,4
2,315,0.03448139782994986,0.04458200931549072,0.609375,1,3
2,316,0.009447865188121799,0.0863804817199707,0.34375,2,4
2,317,0.05857296544127167,0.07123363018035889,0.62890625,2,3
2,318,0.0193573865108192,0.019586920738220215,0.6953125,1,3
2,319,0.0,0.1046907901763916,0.08984375,1,3
2,320,0.03308742213994265,0.05923342704772949,0.5234375,1,3
2,321,0.05434100143611432,0.082805335521698,0.5625,1,3
2,322,2.6106834411621094e-05,2.6106834411621094e-05,0.9921875,1,3
2,323,0.03405675967223943,0.08464592695236206,0.4609375,1,2
2,324,0.022692314814776186,0.06999075412750244,0.4296875,2,5
2,325,0.02856279164552689,0.046278953552246094,0.546875,2,5
2,326,0.0,0.11399036645889282,0.08984375,2,5
2,327,0.023711954243481163,0.06527161598205566,0.4453125,1,3
2,328,0.031861978932283826,0.04928499460220337,0.55859375,1,2
2,329,0.05668957089073957,0.07930344343185425,0.5859375,1,2
2,330,0.035548877902328975,0.06594574451446533,0.515625,1,4
2,331,0.03746308095287532,0.06826013326644897,0.51953125,1,2
2,332,0.0,0.099509596824646,0.2265625,1,2
2,333,0.03826536517590285,0.07229471206665039,0.51171875,2,5
2,334,0.04934665840119124,0.0868229866027832,0.52734375,1,3
2,335,0.03849990665912629,0.04738450050354004,0.625,1,2
2,61,0.058550902758725,0.09959489107131958,0.53515625,1,4
2,267,0.0537413286510855,0.0783919095993042,0.57421875,1,4
2,336,0.009763446636497976,0.06577479839324951,0.359375,1,4
2,337,0.03394740889780224,0.05331617593765259,0.5546875,2,5
2,338,0.012112505966797473,0.07656300067901611,0.36328125,1,3
2,339,0.04512004181742669,0.054228782653808594,0.6328125,1,4
2,340,0.050154753844253726,0.05452066659927368,0.66796875,1,3
2,341,0.012612402439117432,0.012612402439117432,0.80078125,1,3
2,342,0.03627949464134873,0.04164820909500122,0.6484375,1,3
2,343,0.04452102212235332,0.06228077411651611,0.5859375,1,2
2,344,0.04330667143221945,0.061421096324920654,0.58203125,1,3
2,345,0.04137066402472556,0.05417335033416748,0.60546875,1,4
2,346,0.0,0.13718456029891968,0.21875,1,4
2,347,0.03870034497231246,0.04544627666473389,0.640625,1,2
2,348,0.0,0.09900444746017456,0.12890625,1,4
2,349,0.043013527058064945,0.06653451919555664,0.55859375,1,3
2,350,0.027097702026367188,0.027097702026367188,0.70703125,1,2
2,351,0.006658708211034541,0.1311253309249878,0.3203125,1,3
2,352,0.06634240155108274,0.08799821138381958,0.6015625,1,3
2,353,0.051888379966840155,0.08826196193695068,0.53515625,1,4
2,354,0.03371348278596998,0.0701678991317749,0.4921875,1,4
2,355,0.008959732949733738,0.09972572326660156,0.3359375,1,3
2,356,0.014585927943699067,0.0820658802986145,0.37109375,2,4
2,357,0.028152584214694805,0.049533069133758545,0.52734375,1,4
2,358,0.035817126277834184,0.06894123554229736,0.5078125,1,3
2,359,0.0,0.11443096399307251,0.28125,1,4
2,360,0.04435489524621517,0.058081090450286865,0.60546875,1,2
2,361,0.05289863515645266,0.06141519546508789,0.64453125,1,4
2,362,0.03707084921188653,0.07561862468719482,0.49609375,1,2
2,363,0.05240000411868096,0.0677495002746582,0.609375,1,4
2,364,0.004368858411908153,0.1398034691810608,0.3125,1,3
2,365,0.0037059783935546875,0.0037059783935546875,0.8984375,2,5
2,366,0.03743233368732036,0.08672106266021729,0.47265625,1,3
2,367,0.052438016515225186,0.09387505054473877,0.5234375,1,3
2,368,0.037779189646244056,0.046497464179992676,0.625,1,3
2,369,0.014890087302774196,0.08864796161651611,0.3671875,1,2
2,370,0.01839447021484375,0.01839447021484375,0.76171875,1,3
2,371,0.04086079727858306,0.059603214263916016,0.57421875,1,4
2,372,0.021402603713795546,0.05319482088088989,0.4609375,1,3
2,373,0.026746558956801895,0.05802643299102783,0.484375,1,2
2,374,0.0,0.15620946884155273,0.13671875,1,4
2,375,0.0,0.1413533091545105,0.15234375,1,3
2,376,0.0,0.11399149894714355,0.08984375,2,3
2,377,0.048997480538673706,0.07147210836410522,0.57421875,1,3
2,378,0.03817313828039915,0.09262865781784058,0.46484375,1,3
2,379,0.05448567133862526,0.0695677399635315,0.61328125,2,5
2,380,0.017453998094424612,0.10391217470169067,0.3671875,2,3
2,381,0.05921065667644144,0.07655519247055054,0.609375,1,2
2,382,0.04585176752880216,0.060041189193725586,0.60546875,1,4
2,383,0.0,0.21267753839492798,0.20703125,1,3
2,384,0.033771824790164835,0.03383791446685791,0.69921875,1,2
2,385,0.006881545297801498,0.07659459114074707,0.3359375,2,4
2,386,0.013013308285735551,0.06596845388412476,0.37890625,1,4
2,387,0.04941136110574008,0.08134603500366211,0.54296875,1,4
2,388,0.0,0.10753154754638672,0.09765625,1,2
2,389,0.020312905311584473,0.020312905311584473,0.81640625,2,4
2,390,0.0336289432598278,0.039948999881744385,0.63671875,1,3
2,391,0.04815411230083556,0.05998760461807251,0.62109375,1,4
2,173,0.07352805603295566,0.12104940414428711,0.54296875,1,3
2,188,0.06912668189033867,0.08717453479766846,0.6171875,1,3
2,392,0.03686855582054705,0.05702930688858032,0.55859375,1,3
2,393,0.04104310751426966,0.049914658069610596,0.62890625,1,4
2,394,0.0,0.08003807067871094,0.296875,1,4
2,395,0.039066335884854204,0.049265921115875244,0.6171875,1,3
2,396,0.04196713701821864,0.0549544095993042,0.60546875,1,3
2,397,0.0,0.10863667726516724,0.2578125,1,3
2,398,0.0918755503371358,0.15891987085342407,0.53125,1,2
2,399,0.013337169191800061,0.06761020421981812,0.37890625,1,4
2,400,0.0,0.13013136386871338,0.20703125,1,4
2,401,0.04300177074037493,0.09531128406524658,0.48046875,1,4
2,402,0.016833770088851455,0.13058924674987793,0.3515625,1,4
2,403,0.038412544643506415,0.049045443534851074,0.61328125,1,4
2,404,0.009858369827270508,0.009858369827270508,0.87890625,1,3
2,405,0.039048874983564026,0.07660162448883057,0.50390625,1,4
2,406,0.05206720612477512,0.07817715406417847,0.56640625,1,4
2,407,0.007781267166137695,0.007781267166137695,0.85546875,2,4
2,408,0.032048146822489805,0.1019170880317688,0.42578125,1,3
2,409,0.02963697910308838,0.02963697910308838,0.71484375,1,4
2,410,0.03291211090981961,0.036160945892333984,0.6640625,1,3
2,411,0.03529363870620728,0.07058727741241455,0.5,1,3
2,412,0.03372889012098313,0.07019996643066406,0.4921875,1,2
2,413,0.03735527722164989,0.044896483421325684,0.6328125,1,3
2,414,0.0,0.09588301181793213,0.2734375,1,3
2,415,0.03959562885574997,0.05184900760650635,0.60546875,1,2
2,416,0.03638419508934022,0.07276839017868042,0.5,1,3
2,417,0.0,0.11417573690414429,0.08984375,1,2
2,418,0.0,0.11413896083831787,0.08984375,1,3
2,419,0.0563548360951245,0.10847246646881104,0.5078125,1,4
2,420,0.024934627348557118,0.08744198083877563,0.4140625,2,5
2,421,0.01730128610506654,0.12476420402526855,0.35546875,1,3
2,422,0.056712096440605826,0.09336525201797485,0.54296875,1,2
2,423,0.046654188307002194,0.0643852949142456,0.58984375,1,2
2,424,0.037309710751287646,0.038905441761016846,0.68359375,1,4
2,425,0.0,0.09211605787277222,0.2734375,1,2
2,426,0.03477240493521095,0.036632657051086426,0.6796875,1,3
2,427,0.028254509903490547,0.04437518119812012,0.5546875,1,1
2,428,0.028064757585525516,0.03151130676269531,0.65625,1,3
2,429,0.035820747027173645,0.0890302062034607,0.4609375,1,3
2,430,0.061540050897747285,0.06834816932678223,0.66015625,1,4
2,431,0.06212131259962917,0.08934301137924194,0.578125,1,2
2,432,0.02423417568206787,0.02423417568206787,0.73046875,1,3
2,433,0.04141100775450469,0.05873250961303711,0.58203125,1,4
2,434,0.038911294192075736,0.040166497230529785,0.6875,1,4
2,435,0.04358112369664014,0.05237919092178345,0.6328125,1,3
2,436,0.04744144040159882,0.07123172283172607,0.56640625,1,3
2,437,0.0,0.09922391176223755,0.234375,1,3
2,438,0.03261633357033134,0.08978259563446045,0.4453125,1,2
2,439,0.046541371149942286,0.060944199562072754,0.60546875,1,3
2,440,0.04915382456965745,0.06275999546051025,0.61328125,2,4
3,352,0.06279231654480101,0.08017373085021973,0.61328125,1,3
3,61,0.0642439905786887,0.09371203184127808,0.57421875,1,4
3,441,0.039446126669645316,0.042429447174072266,0.671875,1,3
3,442,0.01774994842708111,0.11957859992980957,0.359375,1,3
3,443,0.03845533775165678,0.06434357166290283,0.5390625,1,4
3,444,0.03787874872796238,0.04397714138031006,0.64453125,2,5
3,445,0.0,0.12802433967590332,0.29296875,1,3
3,446,0.00023001187946647734,0.11776608228683472,0.30078125,1,4
3,447,0.0,0.09593832492828369,0.1953125,1,3
3,448,0.0588472749805078,0.07330852746963501,0.62109375,1,3
3,449,0.034604091546498246,0.08396822214126587,0.46484375,1,2
3,450,0.021016311482526365,0.04122740030288696,0.50390625,2,5
3,451,0.02755802869796753,0.02755802869796753,0.74609375,1,3
3,452,0.028652788605540994,0.05844712257385254,0.49609375,1,3
3,453,0.0,0.13467741012573242,0.2265625,1,3
3,454,0.05440390692092479,0.0761060118675232,0.5859375,2,6
3,455,0.02814948558807373,0.02814948558807373,0.73046875,1,4
3,456,0.0,0.07523739337921143,0.28515625,2,5
3,457,0.0,0.10091984272003174,0.14453125,1,2
3,458,0.06575571291614325,0.09591716527938843,0.57421875,1,3
3,459,0.0,0.11229360103607178,0.2421875,3,6
3,460,0.03985932632349432,0.05653178691864014,0.58203125,1,3
3,461,0.003625631332397461,0.003625631332397461,0.8984375,1,2
3,462,0.022517171455547217,0.022784173488616943,0.6953125,1,2
3,463,0.041368530015461154,0.052819669246673584,0.61328125,1,4
3,464,0.03714931581635029,0.04125910997390747,0.66015625,1,3
3,465,0.04868591949343682,0.07002019882202148,0.578125,2,4
3,466,0.025096463039517406,0.06908273696899414,0.4453125,1,4
3,467,0.043848353438079364,0.05598592758178711,0.61328125,2,4
3,468,0.045567217282950885,0.07048463821411133,0.55859375,1,3
3,469,0.00439298152923584,0.00439298152923584,0.9140625,1,1
3,470,0.01919953711330891,0.06732988357543945,0.4140625,1,2
3,471,0.03830025531351567,0.055083513259887695,0.578125,1,3
3,472,0.0,0.13693368434906006,0.1796875,1,4
3,473,0.02651293342933059,0.08177483081817627,0.4296875,1,2
3,474,0.03537314396817238,0.036149799823760986,0.69140625,2,3
3,475,0.0,0.18072175979614258,0.16015625,1,3
3,476,0.0,0.08186262845993042,0.296875,1,3
3,477,0.015532078687101608,0.09247004985809326,0.3671875,1,1
3,478,0.010136842727661133,0.010136842727661133,0.84765625,2,5
3,479,0.05833577481098474,0.08273661136627197,0.58203125,2,2
3,480,0.0,0.21359246969223022,0.17578125,2,5
3,481,0.08340289792977275,0.11828887462615967,0.58203125,2,4
3,482,0.044226142577826984,0.0594325065612793,0.59765625,2,5
3,483,0.036176113877445466,0.08195650577545166,0.4765625,1,3
3,484,0.039848058018833406,0.0666738748550415,0.5390625,1,2
3,485,0.0689331062603742,0.1212843656539917,0.52734375,1,3
3,486,0.03508674306795002,0.06508845090866089,0.515625,1,4
3,487,0.04717379668727518,0.06599175930023193,0.5859375,3,5
3,488,0.06802072213031353,0.0992211103439331,0.57421875,2,4
3,489,0.051146342419087894,0.16786491870880127,0.421875,2,3
3,490,0.05623519094660879,0.0745917558670044,0.6015625,1,3
3,491,0.04243648564442993,0.046625494956970215,0.6640625,1,2
3,173,0.08223490370437504,0.11503899097442627,0.5859375,1,3
3,188,0.06513742974493654,0.07921701669692993,0.62890625,1,3
3,492,0.012444955296814447,0.1769949197769165,0.328125,1,2
3,493,0.025418951641768224,0.09934735298156738,0.40234375,2,4
3,494,0.051542858127504594,0.06664127111434937,0.609375,1,3
3,495,0.061052452074363835,0.07994592189788818,0.60546875,2,4
3,496,0.0011542753782123355,0.09849816560745239,0.3046875,2,3
3,497,0.006461977958679199,0.006461977958679199,0.86328125,1,2
3,498,0.038659137906506665,0.04592454433441162,0.63671875,1,1
3,499,0.027096276637166745,0.09502255916595459,0.4140625,1,1
3,500,0.06287036556750537,0.08232641220092773,0.60546875,1,2
3,501,0.01798299723304809,0.10706156492233276,0.3671875,1,3
3,502,0.07391076022759081,0.09678339958190918,0.60546875,1,2
3,503,0.04500795342028142,0.10668551921844482,0.46875,1,2
3,504,0.0,0.12218272686004639,0.26171875,1,3
3,505,0.06900112330913545,0.08492445945739746,0.625,1,2
3,506,0.07000325154513122,0.08827996253967285,0.6171875,2,2
3,507,0.03096495568752289,0.03196382522583008,0.6875,2,5
3,508,0.01337250345386565,0.05658447742462158,0.39453125,1,2
3,509,0.06254336936399342,0.09674382209777832,0.55859375,1,3
3,510,0.027072548866271973,0.027072548866271973,0.7109375,1,2
3,511,0.06570922862738372,0.08389806747436523,0.61328125,1,2
3,512,0.0,0.0921245813369751,0.22265625,2,3
3,513,0.04672238789498807,0.07119601964950562,0.5625,1,3
3,514,0.0,0.13441354036331177,0.13671875,1,3
3,515,0.007570920512080195,0.10767531394958496,0.328125,1,3
3,516,0.0,0.19614142179489136,0.140625,1,3
3,517,0.012979278573766352,0.08204185962677002,0.36328125,2,3
3,518,0.04261315613985062,0.052446961402893066,0.625,1,4
3,519,0.06895685940980913,0.08486998081207275,0.625,1,2
3,520,0.0444347073789686,0.0540393590927124,0.62890625,1,2
3,521,0.06181632610969246,0.08199471235275269,0.6015625,1,2
3,522,0.05243139993399382,0.06612038612365723,0.6171875,1,2
3,523,0.0,0.2516742944717407,0.1953125,1,2
3,524,0.05477775167673827,0.07878148555755615,0.578125,1,2
3,525,0.06523878616280855,0.09252703189849854,0.58203125,1,2
3,526,0.014858350157737737,0.08845901489257812,0.3671875,2,3
3,527,0.06413917767349632,0.09096747636795044,0.58203125,2,4
3,528,0.0,0.3775598406791687,0.13671875,2,3
3,529,0.07400103239342572,0.09815680980682373,0.6015625,1,2
3,530,0.0069399196654558225,0.16920185089111328,0.31640625,1,3
3,531,0.06381162721663715,0.08926653861999512,0.5859375,1,3
3,532,0.019205281860195104,0.06973832845687866,0.41015625,1,2
3,533,0.04442269750870765,0.09245699644088745,0.4921875,1,2
3,398,0.09396615985315294,0.14987748861312866,0.55078125,1,2
3,430,0.05724616628140212,0.06427639722824097,0.65625,1,4
3,534,0.05356849171221257,0.07493734359741211,0.5859375,2,3
3,535,0.08338559046387674,0.13096141815185547,0.5546875,1,2
3,536,0.05997810908593238,0.09005510807037354,0.56640625,3,5
3,537,0.05696829780936242,0.06767463684082031,0.63671875,2,3
3,538,0.0,0.10626876354217529,0.05859375,2,3
3,539,0.04213814833201469,0.07167685031890869,0.53515625,1,2
3,540,0.0,0.11358296871185303,0.20703125,2,5
3,541,0.04408204648643733,0.09174799919128418,0.4921875,2,4
3,542,0.0,0.08844053745269775,0.1640625,1,2
3,543,0.010251343250274658,0.010251343250274658,0.79296875,2,4
3,544,0.041512705385684974,0.05235099792480469,0.6171875,2,5
3,545,0.027341168839484457,0.06964516639709473,0.45703125,1,3
3,546,0.06014780956320465,0.06680190563201904,0.66015625,1,3
3,547,0.028603213140740994,0.030133426189422607,0.6796875,2,4
3,548,0.06098624446894974,0.08895999193191528,0.57421875,2,4
3,549,0.027682588784955445,0.056468069553375244,0.49609375,1,1
3,550,0.047225065645761795,0.06346255540847778,0.59765625,1,1
3,551,0.03385059023275972,0.08413350582122803,0.4609375,1,1
3,552,0.02159404754638672,0.02159404754638672,0.7890625,1,2
3,553,0.03519242943730206,0.044933974742889404,0.61328125,2,3
3,554,0.04032735875807703,0.06237947940826416,0.55859375,1,1
3,555,0.04285033349879087,0.07054460048675537,0.54296875,1,2
3,556,0.10177050763741137,0.148451566696167,0.57421875,1,2
3,557,0.04956364282406867,0.06660521030426025,0.59765625,1,1
3,558,0.0046939409803599145,0.07752573490142822,0.32421875,1,0
3,559,0.052299993811175234,0.06848490238189697,0.60546875,1,3
3,560,0.03611386450938881,0.039678752422332764,0.6640625,1,3
3,561,0.032096028327941895,0.032096028327941895,0.73046875,1,1
3,562,0.04978323495015503,0.06603372097015381,0.6015625,1,2
3,563,0.019707547500729564,0.07419312000274658,0.40625,2,4
3,564,0.0,0.09778165817260742,0.0625,2,4
3,565,0.044813884422183044,0.07147884368896484,0.55078125,3,6
3,566,0.058384605916216976,0.09031093120574951,0.55859375,1,2
3,567,0.0522079011425376,0.07508552074432373,0.578125,1,2
3,568,0.014679133892059326,0.014679133892059326,0.796875,1,1
3,569,0.04831842728890479,0.05366384983062744,0.66015625,1,2
3,570,0.08357237279415132,0.1354084014892578,0.546875,1,1
3,571,0.0,0.09461456537246704,0.0703125,1,3
3,572,0.00042700767517089844,0.00042700767517089844,0.96875,3,3
3,573,0.046231260756030686,0.0674370527267456,0.57421875,1,1
3,574,0.035154807148501284,0.03522360324859619,0.69921875,2,3
3,575,0.014808520674705509,0.06830596923828125,0.38671875,2,3
3,576,0.03162944316864014,0.03162944316864014,0.75,2,4
3,577,0.012153412681072954,0.06837964057922363,0.37109375,2,3
3,578,0.05174485116731376,0.06953638792037964,0.59765625,1,1
3,579,0.0977857760153711,0.175057053565979,0.5234375,2,3
3,580,0.060494768433272846,0.15409612655639648,0.45703125,1,2
3,581,0.03625304927118123,0.06378543376922607,0.52734375,1,1
3,582,0.039498825091868646,0.0620349645614624,0.5546875,1,1
3,583,0.04427673714235426,0.05140519142150879,0.64453125,2,3
3,584,0.034713841858319945,0.08423453569412231,0.46484375,1,1
4,485,0.07080891565419735,0.11120909452438354,0.5546875,1,3
4,531,0.057827906683087356,0.09082174301147461,0.5546875,1,3
4,585,0.06631893664598466,0.09405899047851562,0.58203125,1,2
4,586,0.0,0.09478902816772461,0.23828125,1,2
4,587,0.046157687087543316,0.09806114435195923,0.48828125,1,3
4,588,0.0,0.14962273836135864,0.20703125,1,4
4,589,0.03863565344363452,0.09158080816268921,0.46875,1,3
4,590,0.0,0.32489967346191406,0.16015625,1,1
4,591,0.02417104947380722,0.04566633701324463,0.51171875,1,2
4,592,0.0,0.10369384288787842,0.2265625,1,3
4,593,0.020026206970214844,0.020026206970214844,0.765625,1,2
4,594,0.0269683285150677,0.06247866153717041,0.47265625,1,1
4,595,0.03781776316463948,0.0939936637878418,0.4609375,1,1
4,596,0.014554977416992188,0.014554977416992188,0.82421875,1,3
4,597,0.043807153590023525,0.05663955211639404,0.609375,1,2
4,598,0.0,0.11464589834213257,0.08203125,1,2
4,599,0.05407518614083529,0.07564616203308105,0.5859375,2,4
4,600,0.03646909631788731,0.054757118225097656,0.56640625,1,2
4,601,0.0,0.11201333999633789,0.08203125,1,2
4,602,0.039170818403363235,0.062478065490722656,0.55078125,1,2
4,603,0.0015537738800048828,0.0015537738800048828,0.91015625,2,4
4,604,0.035103629808872945,0.049106717109680176,0.5859375,1,2
4,605,0.0019905567169189453,0.0019905567169189453,0.9140625,4,7
4,606,0.06094055809080602,0.10541069507598877,0.53125,2,5
4,607,0.0,0.11720573902130127,0.08203125,1,3
4,608,0.042055661790072925,0.07153654098510742,0.53515625,1,1
4,609,0.0,0.21252304315567017,0.1953125,1,2
4,610,0.00017177907284349447,0.08795088529586792,0.30078125,1,4
4,611,0.036586001515388496,0.0450289249420166,0.625,2,3
4,612,0.0,0.24031591415405273,0.1640625,3,4
4,613,0.006211480125784877,0.10258960723876953,0.32421875,1,1
4,614,0.0431218701414764,0.09557747840881348,0.48046875,2,4
4,615,0.027630414813756946,0.07217741012573242,0.453125,1,1
4,616,0.031936020939610905,0.11596626043319702,0.41015625,4,7
4,617,0.06110348599031568,0.07611918449401855,0.62109375,3,5
4,618,0.04260633699595929,0.10099279880523682,0.46875,1,2
4,619,0.026095197536051277,0.07183194160461426,0.4453125,1,3
4,620,0.01332666585221887,0.061470746994018555,0.38671875,1,1
4,481,0.07729005301371218,0.11274218559265137,0.57421875,2,4
4,173,0.06733312644064428,0.1145334243774414,0.53515625,1,3
4,621,0.05520141101442278,0.06713330745697021,0.62890625,1,2
4,622,0.04231023788452149,0.08462047576904297,0.5,1,3
4,623,0.022788195405155424,0.0890653133392334,0.40234375,2,4
4,624,0.0,0.17259013652801514,0.24609375,3,5
4,625,0.05205872538499535,0.0817609429359436,0.5546875,1,2
4,626,0.0,0.09933650493621826,0.29296875,2,3
4,627,0.0,0.18676483631134033,0.23828125,1,2
4,628,0.08050431683659555,0.13043737411499023,0.546875,1,1
4,629,0.07591908145695926,0.123008131980896,0.546875,2,2
4,630,0.05919964495114983,0.08635389804840088,0.57421875,1,2
4,631,0.027094276621937755,0.06574535369873047,0.46484375,3,4
4,632,0.014304161537438636,0.08515965938568115,0.3671875,1,0
4,633,0.046644532587379224,0.10119491815567017,0.484375,1,1
4,634,0.00020128488540649414,0.00020128488540649414,0.9765625,3,3
4,635,0.003713028738275173,0.09052717685699463,0.31640625,1,0
4,636,0.023270163685083393,0.0816049575805664,0.4140625,1,0
4,637,0.05514975241385401,0.08044636249542236,0.57421875,1,1
4,638,0.04282520525157452,0.06938767433166504,0.546875,1,2
4,639,0.050935998558998115,0.07125473022460938,0.5859375,1,2
4,640,0.03251748823095114,0.06908279657363892,0.48828125,2,5
4,641,0.014932105317711834,0.10059523582458496,0.359375,1,2
4,642,0.0460371170192957,0.10912501811981201,0.46875,2,3
4,643,0.06583952042274178,0.09603941440582275,0.57421875,1,2
4,644,0.0,0.1142047643661499,0.08203125,1,1
4,645,0.05448963353410364,0.06548988819122314,0.6328125,1,2
4,646,0.048556884750723846,0.05452001094818115,0.65625,1,1
4,647,0.0,0.11730200052261353,0.08203125,2,3
4,648,0.04525619710329921,0.07962602376937866,0.52734375,2,2
4,649,0.04422894038725645,0.07523328065872192,0.53515625,2,2
4,650,0.0538476761430502,0.08205360174179077,0.5625,1,1
4,651,0.050873047905042774,0.07989877462387085,0.5546875,1,2
4,652,0.05362246837466956,0.06762242317199707,0.6171875,2,3
4,653,0.04192421515472234,0.0855187177658081,0.49609375,1,3
4,654,0.03450402058660985,0.06518840789794922,0.51171875,1,3
4,655,0.0,0.13073712587356567,0.2265625,1,2
4,656,0.0,0.10142642259597778,0.140625,3,3
4,657,0.0,0.11129903793334961,0.2109375,1,2
4,658,0.0,0.11597180366516113,0.08203125,1,0
4,659,0.06425965810194613,0.11306166648864746,0.52734375,3,4
4,660,0.05610772920772434,0.1271113157272339,0.4765625,2,4
4,661,0.06540274561848493,0.10116678476333618,0.55859375,2,3
4,662,3.808736801147461e-05,3.808736801147461e-05,0.99609375,2,3
4,663,0.028997452463954694,0.10168969631195068,0.4140625,1,3
4,664,0.05744303239043803,0.09162253141403198,0.55078125,1,2
4,665,0.005438069347292188,0.08981585502624512,0.32421875,3,2
4,666,0.05331169068813325,0.08372879028320312,0.5546875,1,3
4,667,0.06705210416112097,0.10694915056228638,0.55078125,2,3
4,668,0.026228005299344666,0.09523928165435791,0.41015625,2,3
4,669,0.0,0.09096312522888184,0.21875,1,1
4,670,0.058079261099919684,0.08594387769699097,0.5703125,1,1
4,671,0.05570703861303629,0.09801375865936279,0.52734375,2,3
4,672,0.05310263030696661,0.08214062452316284,0.55859375,1,2
4,673,0.028492252575233582,0.06053125858306885,0.48828125,1,1
4,556,0.07986368681304158,0.1455167531967163,0.51953125,1,2
4,579,0.08612415357492866,0.16894853115081787,0.50390625,2,3
4,674,0.0,0.10976701974868774,0.08203125,1,0
4,675,0.033600405789911754,0.057154178619384766,0.53515625,1,2
4,676,0.08996297884732486,0.14576280117034912,0.546875,1,1
4,677,0.03792712278664113,0.08990132808685303,0.46875,3,4
4,678,0.049696840345859535,0.07048416137695312,0.58203125,2,3
4,679,0.07138774555642159,0.15822738409042358,0.48046875,1,2
4,680,0.02763349190354348,0.05318927764892578,0.5078125,2,3
4,681,0.050421888474375016,0.07461273670196533,0.5703125,1,3
4,682,0.0002453327178955078,0.0002453327178955078,0.9765625,2,2
4,683,0.04706622241064907,0.07625919580459595,0.546875,1,2
4,684,0.06655654963105918,0.10615873336791992,0.55078125,3,4
4,685,0.00012028217315673828,0.00012028217315673828,0.984375,2,2
4,686,0.07969126058742405,0.1426640748977661,0.5234375,1,1
4,687,0.02637282793875784,0.07460159063339233,0.44140625,2,2
4,688,0.07595298439264299,0.12708473205566406,0.5390625,1,1
4,689,0.08758275629952551,0.14418768882751465,0.54296875,1,1
4,690,5.3882598876953125e-05,5.3882598876953125e-05,0.99609375,2,2
4,691,0.04477556142956019,0.07744961977005005,0.53125,1,2
4,692,0.04114716895855964,0.07920056581497192,0.5078125,2,4
4,693,0.0766663297545165,0.13724881410598755,0.5234375,1,1
4,694,0.0,0.11716514825820923,0.08203125,1,0
4,695,0.07921504508703948,0.1469496488571167,0.515625,1,2
4,696,0.03659542184323073,0.04450559616088867,0.62890625,2,3
4,697,0.08195761218667032,0.1371316909790039,0.5390625,1,1
4,698,0.059811550425365574,0.15235579013824463,0.45703125,1,2
4,699,0.05286966520361603,0.07712042331695557,0.57421875,3,7
4,700,0.05288648325949908,0.08306097984313965,0.5546875,1,1
4,701,0.045291377697139985,0.11536908149719238,0.45703125,1,3
4,702,0.009961366653442383,0.009961366653442383,0.80859375,1,0
4,703,0.0,0.11367559432983398,0.08203125,1,0
4,704,0.036592416930943734,0.054148316383361816,0.5703125,1,2
4,705,0.04067465686239303,0.08641254901885986,0.48828125,1,1
4,706,0.043444074690341956,0.06929397583007812,0.55078125,1,2
4,707,0.08632673043757678,0.16616272926330566,0.5078125,1,1
4,708,0.014668241143226629,0.07823061943054199,0.375,1,1
4,709,0.00722658634185791,0.00722658634185791,0.8203125,2,4
4,710,0.05297732783947141,0.06293362379074097,0.63671875,4,6
4,711,0.08322521089576186,0.1464306116104126,0.52734375,1,2
4,712,0.0002447366714477539,0.0002447366714477539,0.9765625,1,1
4,713,0.027321696281433105,0.027321696281433105,0.71875,2,4
4,714,0.0345751706045121,0.06299817562103271,0.51953125,1,2
4,715,0.05377535521984101,0.05551004409790039,0.6875,1,4
4,716,0.0813957250211388,0.1432117223739624,0.52734375,1,2
4,717,0.0041165988659486235,0.1916089653968811,0.30859375,1,2
4,718,0.04537366516888142,0.0784841775894165,0.53125,1,3
4,719,0.03941830107942224,0.06595480442047119,0.5390625,3,6
4,720,0.06993596768006684,0.11331397294998169,0.546875,1,1
4,721,0.048959341831505306,0.0633009672164917,0.609375,2,3
4,722,0.026567799504846338,0.07515311241149902,0.44140625,3,3
4,723,0.014502346515655518,0.014502346515655518,0.76171875,2,3
4,724,0.08720461418852211,0.15889239311218262,0.51953125,1,2
4,725,0.03836135216988624,0.050232768058776855,0.60546875,2,3
4,726,0.0,0.11553716659545898,0.08203125,1,1
4,727,0.0279076712904498,0.030995070934295654,0.66015625,2,3
4,728,0.08140400366391988,0.1537964940071106,0.51171875,1,1
5,485,0.05607843236066402,0.11671608686447144,0.4921875,1,3
5,617,0.05293816141784192,0.08066767454147339,0.5625,3,5
5,729,0.0,0.11514061689376831,0.08984375,2,4
5,730,0.02922677993774414,0.02922677993774414,0.703125,1,2
5,731,0.021051764488220215,0.021051764488220215,0.74609375,1,3
5,732,0.03443056694231928,0.03664958477020264,0.67578125,1,3
5,733,0.02489193785004318,0.07677513360977173,0.4296875,1,2
5,734,0.005831241840496663,0.09630954265594482,0.32421875,1,3
5,735,0.0,0.14294648170471191,0.28125,1,4
5,736,0.004866182804107666,0.004866182804107666,0.83984375,2,4
5,737,0.02558739949017764,0.09632903337478638,0.40625,1,4
5,738,3.272294998168945e-05,3.272294998168945e-05,1.0,2,3
5,739,0.04367052530869842,0.07189488410949707,0.54296875,2,4
5,740,0.06133003346621991,0.14537489414215088,0.46875,2,4
5,741,0.03943723789416254,0.04739874601364136,0.6328125,2,3
5,742,0.013735014479607347,0.06634271144866943,0.3828125,1,2
5,743,0.05327988881617785,0.09215980768203735,0.53125,3,5
5,744,0.03119897120632232,0.049762845039367676,0.55078125,1,2
5,745,0.0,0.14799809455871582,0.1640625,2,4
5,746,0.0,0.2128792405128479,0.19140625,1,2
5,747,0.004444738384336237,0.08752715587615967,0.3203125,1,3
5,748,0.040338935796171434,0.0791323184967041,0.50390625,3,6
5,749,0.0001973810140043525,0.10105907917022705,0.30078125,2,4
5,750,0.04751486890017987,0.07240360975265503,0.5625,3,5
5,751,0.04486490786075593,0.06836557388305664,0.5625,1,2
5,752,0.05393458099570126,0.08879262208938599,0.54296875,2,3
5,753,0.002985715866088867,0.002985715866088867,0.921875,1,2
5,754,0.03151094913482666,0.03151094913482666,0.70703125,2,5
5,755,0.050648418953642256,0.07388031482696533,0.57421875,3,5
5,756,0.03659439703915269,0.050502240657806396,0.58984375,1,3
5,757,0.059633528813719756,0.08120310306549072,0.59375,2,3
5,758,0.053481789771467454,0.12390351295471191,0.47265625,4,7
5,759,0.024259026627987627,0.07482302188873291,0.4296875,2,6
5,760,0.0,0.17248553037643433,0.0625,1,3
5,761,0.0157243013381958,0.0157243013381958,0.76171875,1,1
5,762,0.0019652843475341797,0.0019652843475341797,0.95703125,1,3
5,763,0.05056894628796727,0.08065825700759888,0.55078125,1,1
5,764,0.0,0.11028170585632324,0.23828125,2,4
5,628,0.060302278026938445,0.13082528114318848,0.484375,1,1
5,481,0.06382030388340355,0.11425173282623291,0.5234375,2,4
5,765,0.03555344184860588,0.07252335548400879,0.49609375,1,1
5,766,0.044738697353750474,0.07135891914367676,0.55078125,2,1
5,767,0.003495032899081709,0.08521223068237305,0.31640625,1,0
5,768,0.05775786191225053,0.09990549087524414,0.53125,2,4
5,769,5.0902366638183594e-05,5.0902366638183594e-05,1.0,1,0
5,770,0.0,0.11513715982437134,0.08984375,1,0
5,771,0.0003579854965209961,0.0003579854965209961,0.98046875,1,0
5,772,0.04622251214459539,0.08574610948562622,0.515625,3,4
5,773,0.0,0.11030656099319458,0.14453125,1,3
5,774,0.06461288651917131,0.09994500875473022,0.55859375,3,3
5,775,0.05900291400030256,0.09126734733581543,0.55859375,2,3
5,776,0.0,0.0,1.0,1,1
5,777,0.05637400271371008,0.0728875994682312,0.609375,1,3
5,778,0.0,0.11513936519622803,0.08984375,3,3
5,779,0.013300499413162472,0.08960336446762085,0.359375,1,2
5,780,0.0,0.0,1.0,3,4
5,781,0.02397943334653974,0.07396066188812256,0.4296875,1,0
5,782,0.03649507369846106,0.062077999114990234,0.53515625,1,1
5,783,0.03877001139335335,0.06382715702056885,0.54296875,1,1
5,784,0.019093373790383342,0.07188093662261963,0.40625,1,3
5,785,0.0,0.1145554780960083,0.08984375,4,4
5,786,0.030444274889305237,0.03494948148727417,0.6484375,3,5
5,787,0.0,0.10264050960540771,0.21875,1,3
5,788,0.05154377431608738,0.09391605854034424,0.51953125,1,1
5,789,0.03121751546859742,0.062435030937194824,0.5,1,2
5,790,0.0,0.11679667234420776,0.265625,2,4
5,791,0.018347402103245262,0.07763528823852539,0.39453125,2,3
5,792,0.05140150710940362,0.07832610607147217,0.5625,1,1
5,793,1.1920928955078125e-07,1.1920928955078125e-07,1.0,3,3
5,794,0.028714781394228346,0.10069841146469116,0.4140625,2,2
5,795,3.2067298889160156e-05,3.2067298889160156e-05,1.0,2,1
5,796,0.0002818437060341279,0.14430397748947144,0.30078125,1,2
5,797,0.00046813488006591797,0.00046813488006591797,0.9765625,2,2
5,798,0.04922928498126567,0.0896989107131958,0.51953125,1,2
5,799,0.05721177137456836,0.11012190580368042,0.5078125,3,5
5,800,0.05049782688729466,0.10510116815567017,0.4921875,2,3
5,801,0.07789779221639039,0.147172212600708,0.51171875,3,3
5,802,0.0498347356915474,0.07826805114746094,0.5546875,1,1
5,803,0.0,0.09478795528411865,0.19921875,2,3
5,804,0.025786037906073037,0.07294172048568726,0.44140625,1,2
5,805,0.0,0.10504388809204102,0.17578125,1,2
5,806,0.03377316473051906,0.07029211521148682,0.4921875,2,2
5,807,0.015008091926574707,0.015008091926574707,0.76171875,2,3
5,808,0.0,0.09614944458007812,0.19921875,1,1
5,809,0.007618546485900879,0.007618546485900879,0.828125,1,1
5,810,0.036403295584023006,0.06753075122833252,0.515625,1,3
5,811,0.0,0.11493802070617676,0.08984375,1,0
5,812,0.033606914337724454,0.14833396673202515,0.390625,2,4
5,813,0.0,0.11171579360961914,0.08984375,1,0
5,814,0.0,0.31430625915527344,0.125,1,2
5,815,0.05366009403951467,0.08300292491912842,0.55859375,1,1
5,816,0.030540721490979198,0.07239282131195068,0.46875,4,5
5,817,0.0,0.1872783899307251,0.296875,2,2
5,676,0.0720446490449831,0.1469596028327942,0.49609375,1,1
5,689,0.0761879966594279,0.14664757251739502,0.5078125,1,1
5,818,0.0,0.09037041664123535,0.26953125,1,0
5,819,0.05609173304401339,0.13941246271133423,0.4609375,1,2
5,820,0.00953221321105957,0.00953221321105957,0.82421875,2,3
5,821,0.0005186200141906738,0.0005186200141906738,0.97265625,2,2
5,822,0.03799410129431636,0.052433907985687256,0.58984375,1,1
5,823,0.06457596225664021,0.11560451984405518,0.5234375,1,1
5,824,0.002599000930786133,0.002599000930786133,0.91015625,1,1
5,825,0.07257599313743414,0.1423712968826294,0.50390625,1,1
5,826,0.06006452208384872,0.13607537746429443,0.4765625,1,1
5,827,0.03872564574703575,0.07596755027770996,0.50390625,1,2
5,828,0.03130175638943911,0.04047095775604248,0.609375,1,1
5,829,0.0,0.10204493999481201,0.09765625,1,0
5,830,0.06368682067841293,0.1325514316558838,0.4921875,2,2
5,831,0.03812228026799858,0.05641216039657593,0.5703125,1,1
5,832,0.05177491763606668,0.09268796443939209,0.5234375,1,1
5,833,0.03369293455034495,0.038678884506225586,0.6484375,2,3
5,834,0.026079833507537842,0.026079833507537842,0.7109375,1,2
5,835,0.04842422436922789,0.1449894905090332,0.43359375,2,3
5,836,0.00028252601623535156,0.00028252601623535156,0.98046875,1,0
5,837,0.0,0.18738847970962524,0.125,1,2
5,838,0.06464421283453704,0.1532307267189026,0.46875,1,1
5,839,0.055989741347730174,0.10776972770690918,0.5078125,1,1
5,840,0.03328029485419393,0.06173735857009888,0.515625,2,3
5,841,0.0,0.22094017267227173,0.10546875,1,3
5,842,0.06438703229650856,0.13968712091445923,0.484375,1,1
5,843,0.06894930917769672,0.16343539953231812,0.46875,2,3
5,844,0.0,0.11513787508010864,0.08984375,1,0
5,845,0.06026585225481541,0.1704757809638977,0.44140625,1,2
5,846,0.03632503305561841,0.16755330562591553,0.38671875,2,3
5,847,0.06440788367763163,0.12168574333190918,0.51171875,1,2
5,848,0.008256971836090088,0.008256971836090088,0.8671875,1,1
5,849,0.06251400313340129,0.15923964977264404,0.45703125,1,2
5,850,0.0369324665516615,0.06388318538665771,0.53125,2,3
5,851,0.0,0.11503368616104126,0.08984375,1,2
5,852,0.03631545882672072,0.06076312065124512,0.5390625,1,2
5,853,0.03243727236986161,0.04942822456359863,0.5625,1,1
5,854,0.0,0.18996620178222656,0.1484375,1,2
5,855,0.0025827884674072266,0.0025827884674072266,0.9140625,1,1
5,856,0.036083976738154895,0.08174777030944824,0.4765625,1,1
5,857,0.031126264249905947,0.03118717670440674,0.69921875,1,2
5,858,0.0,0.0889894962310791,0.27734375,1,0
5,859,0.0,0.10319697856903076,0.09375,1,0
5,860,0.05033263005316258,0.16519427299499512,0.421875,1,3
5,861,0.0,0.11400067806243896,0.08984375,2,2
5,862,0.06366385333240034,0.12254095077514648,0.5078125,1,2
5,863,0.0,0.11344963312149048,0.08984375,1,0
5,864,0.07152080372907223,0.14030134677886963,0.50390625,2,3
5,865,0.0007102489471435547,0.0007102489471435547,0.9765625,2,1
5,866,0.0,0.24380433559417725,0.08984375,2,3
5,867,0.0660344323841855,0.124758780002594,0.51171875,1,2
5,868,0.0766957923769951,0.14490127563476562,0.51171875,1,1
5,869,0.06964517477899791,0.13662195205688477,0.50390625,1,2
5,870,0.010342657566070557,0.010342657566070557,0.81640625,2,1
5,871,0.0,0.23236560821533203,0.12109375,1,2
5,872,0.04262699373066426,0.06130623817443848,0.578125,1,1
6,740,0.032141197007149465,0.15524804592132568,0.3828125,2,4
6,485,0.048082862515002496,0.12560421228408813,0.453125,1,3
6,873,0.03398287435993553,0.06191897392272949,0.51953125,5,7
6,874,0.030878302874043587,0.040957748889923096,0.6015625,2,4
6,875,0.03150600451044739,0.0698314905166626,0.48046875,2,3
6,876,0.04957374080549926,0.10531848669052124,0.48828125,2,3
6,877,0.04002991179004312,0.07425838708877563,0.515625,2,3
6,878,0.04705667879898102,0.07505613565444946,0.55078125,1,1
6,879,0.05700004100799562,0.09859466552734375,0.53125,1,1
6,880,0.015169958118349317,0.11768209934234619,0.3515625,2,3
6,881,0.053895827033557005,0.07861727476119995,0.57421875,1,1
6,882,0.009584546089172363,0.009584546089172363,0.85546875,3,4
6,883,0.03604543581604958,0.060311317443847656,0.5390625,1,2
6,884,0.07052650465629996,0.13835084438323975,0.50390625,2,4
6,885,0.05513835791498423,0.0782017707824707,0.58203125,1,1
6,886,0.04945552605204285,0.0901111364364624,0.51953125,1,1
6,887,0.03661420138087124,0.049203336238861084,0.59765625,2,2
6,888,0.03048391174525023,0.03422755002975464,0.65625,3,5
6,889,0.0002356863114982877,0.12067139148712158,0.30078125,4,6
6,890,0.03144770860671997,0.03144770860671997,0.72265625,2,2
6,891,0.05595772922970355,0.08280450105667114,0.5703125,4,6
6,892,0.06548118079081179,0.1172250509262085,0.5234375,1,3
6,893,0.04488274478353561,0.06641608476638794,0.5703125,2,3
6,894,0.05106468941085041,0.08984577655792236,0.52734375,3,5
6,895,0.021965764230117205,0.06576883792877197,0.43359375,2,2
6,896,0.037056728731840856,0.058199524879455566,0.5546875,2,2
6,897,0.02961413154844195,0.06291466951370239,0.48828125,1,1
6,898,0.053982535726390786,0.07874375581741333,0.57421875,2,3
6,899,0.039562644786201424,0.07760947942733765,0.50390625,1,3
6,900,0.0,0.24924194812774658,0.1484375,2,3
6,901,0.0006955265998840332,0.0006955265998840332,0.97265625,3,5
6,902,0.027045616763643924,0.03541523218154907,0.60546875,1,0
6,903,0.01603037118911743,0.01603037118911743,0.77734375,1,1
6,904,0.053854645695537336,0.08725816011428833,0.546875,4,6
6,905,0.08136891806498171,0.1456674337387085,0.5234375,4,7
6,906,0.0,0.0729527473449707,0.296875,2,5
6,907,0.058837929274886853,0.08706653118133545,0.5703125,1,1
6,908,0.04635545890778304,0.09647965431213379,0.4921875,4,7
6,909,3.1828880310058594e-05,3.1828880310058594e-05,1.0,1,0
6,910,0.015094452537596233,0.1515364646911621,0.33984375,1,3
6,911,0.06882661627605559,0.12540650367736816,0.51953125,3,6
6,912,0.047919146250933416,0.07412266731262207,0.55859375,3,5
6,913,0.010890960693359375,0.010890960693359375,0.734375,5,9
6,914,0.033393537858501084,0.08506214618682861,0.45703125,2,3
6,915,0.034244548995047815,0.07127320766448975,0.4921875,1,3
6,916,0.07394334138371052,0.1347295045852661,0.51953125,2,1
6,917,0.052657674299553044,0.08270162343978882,0.5546875,1,2
6,918,0.057800384238362326,0.09997904300689697,0.53125,2,3
6,868,0.08016108535230161,0.15144824981689453,0.51171875,1,1
6,689,0.08246390148997308,0.15297651290893555,0.515625,1,1
6,919,0.04072474804706872,0.05401831865310669,0.6015625,2,3
6,920,0.0,0.11419713497161865,0.125,1,0
6,921,0.0,0.11329901218414307,0.125,2,2
6,922,0.042697672266513116,0.06705892086029053,0.5546875,1,1
6,923,0.03944006061647088,0.04796510934829712,0.62890625,1,2
6,924,0.08482023724354805,0.17301976680755615,0.49609375,1,2
6,925,0.07864432560745628,0.14858263731002808,0.51171875,3,3
6,926,0.07655522192362697,0.13948851823806763,0.51953125,3,4
6,927,0.07765840413048865,0.1299382448196411,0.5390625,1,1
6,928,0.06552144885063173,0.16284942626953125,0.4609375,2,3
6,929,0.0019680929835885794,0.0916057825088501,0.30859375,1,0
6,930,0.040088182780891664,0.05847620964050293,0.57421875,1,2
6,931,0.055871865944936885,0.10960304737091064,0.50390625,3,5
6,932,0.04665518924593926,0.07005119323730469,0.56640625,2,3
6,933,0.0,0.09396958351135254,0.25390625,2,1
6,934,0.011773467063903809,0.011773467063903809,0.79296875,1,0
6,935,0.010603070259094238,0.010603070259094238,0.79296875,1,1
6,936,0.0784546807408333,0.15101051330566406,0.5078125,1,1
6,937,0.0,0.07475876808166504,0.25,1,2
6,938,0.0,0.112332284450531,0.125,2,2
6,939,0.07774400163907559,0.14165455102920532,0.51953125,1,1
6,940,0.0816683159209788,0.1488049030303955,0.51953125,1,1
6,941,0.0766501151956618,0.13721978664398193,0.5234375,1,1
6,942,0.0,0.11382770538330078,0.125,2,2
6,943,0.0835646837949753,0.14214324951171875,0.53515625,1,1
6,944,0.0820706121157855,0.1674109697341919,0.49609375,1,1
6,945,0.05465907813049854,0.0978512167930603,0.5234375,2,2
6,946,3.695487976074219e-05,3.695487976074219e-05,1.0,2,1
6,947,0.04636316467076541,0.0775749683380127,0.5390625,1,1
6,948,0.06410188553854825,0.14207863807678223,0.48046875,2,3
6,949,0.0,0.11419600248336792,0.125,2,2
6,950,0.0,0.10254746675491333,0.13671875,1,0
6,951,0.08705943170934917,0.15058928728103638,0.53125,1,1
6,952,0.07955516141373666,0.13997334241867065,0.52734375,1,1
6,953,0.0,0.11325907707214355,0.125,1,0
6,954,0.04837861738633366,0.09490364789962769,0.50390625,1,3
6,955,0.08118730830028655,0.14792847633361816,0.51953125,1,1
6,956,0.07851415756158532,0.16015636920928955,0.49609375,1,1
6,957,0.0,0.11127161979675293,0.125,1,0
6,958,0.04455145681276918,0.07838606834411621,0.52734375,1,1
6,959,0.07607340812683107,0.1521468162536621,0.5,1,1
6,960,0.057939313352108016,0.19015979766845703,0.421875,1,2
6,961,0.0,0.3281458020210266,0.0859375,2,3
6,962,0.08649074845016004,0.14712047576904297,0.53515625,1,1
6,963,0.03878136398270727,0.18732130527496338,0.3828125,1,2
6,964,0.03575566923245788,0.06291031837463379,0.52734375,1,2
6,965,0.07340143620967866,0.11892890930175781,0.546875,1,1
6,966,0.0806676782667637,0.13953328132629395,0.53125,1,1
6,967,0.029239992145448927,0.07267415523529053,0.4609375,1,0
6,968,0.07141774613410236,0.177504301071167,0.4609375,2,3
6,969,0.0,0.11420750617980957,0.125,1,0
6,970,0.0,0.12599217891693115,0.234375,1,2
6,971,0.07842820882797243,0.15685641765594482,0.5,1,1
6,972,0.0774108513724059,0.17537325620651245,0.4765625,1,2
6,801,0.07223157095722856,0.14734089374542236,0.49609375,3,3
6,774,0.06557270139455797,0.10971641540527344,0.5390625,3,3
6,973,3.0040740966796875e-05,3.0040740966796875e-05,1.0,3,1
6,974,0.0,0.11411643028259277,0.125,3,3
6,975,0.0,0.258994996547699,0.046875,3,3
6,976,6.771087646484375e-05,6.771087646484375e-05,0.99609375,2,1
6,977,0.04060467774979771,0.07965362071990967,0.50390625,3,2
6,978,0.052040493697859354,0.08049768209457397,0.55859375,3,3
6,979,0.06236129696480931,0.10266554355621338,0.54296875,3,2
6,980,0.0,0.11448335647583008,0.125,1,0
6,981,0.018065888434648517,0.07973909378051758,0.390625,2,3
6,982,0.035515838302671916,0.054936885833740234,0.55859375,1,2
6,983,0.08716311538591982,0.14826416969299316,0.53515625,1,1
6,984,0.0,0.11410439014434814,0.125,3,2
6,985,0.06357413972727956,0.09833824634552002,0.55859375,1,2
6,986,0.05810816888697446,0.09268343448638916,0.55078125,2,3
6,987,0.0,0.09502983093261719,0.23828125,3,4
6,988,0.02863932517357171,0.07295191287994385,0.45703125,4,3
6,989,0.04244353703688831,0.07467728853225708,0.52734375,1,2
6,990,0.009911886649206284,0.08319485187530518,0.34765625,2,1
6,991,0.08900310972239824,0.13767248392105103,0.55859375,3,3
6,992,0.02394543401896954,0.024717867374420166,0.6875,3,4
6,993,0.08063800167292358,0.130653977394104,0.546875,3,3
6,994,0.020268879015930004,0.10274916887283325,0.37890625,3,2
6,995,0.019297242164611816,0.019297242164611816,0.73046875,1,0
6,996,0.03263687738217414,0.05946648120880127,0.51953125,2,4
6,997,0.0,0.11313527822494507,0.125,4,3
6,998,0.022219503996893767,0.08068358898162842,0.41015625,2,0
6,999,0.046126283705234535,0.10933637619018555,0.46875,4,6
6,1000,0.015003595501184469,0.08001917600631714,0.375,2,1
6,1001,0.08117317489814015,0.13363558053970337,0.54296875,3,3
6,1002,0.0,0.15786224603652954,0.296875,3,3
6,1003,0.0,0.10104203224182129,0.12890625,2,3
6,1004,0.04249000363051892,0.07349622249603271,0.53125,2,3
6,1005,0.0,0.11414563655853271,0.125,3,1
6,1006,0.0475429657381028,0.07583177089691162,0.55078125,4,4
6,1007,0.03686428011860699,0.06068974733352661,0.54296875,1,2
6,1008,3.838539123535156e-05,3.838539123535156e-05,1.0,1,0
6,1009,0.0,0.10715550184249878,0.125,2,2
6,1010,0.014383971691131592,0.014383971691131592,0.74609375,4,5
6,1011,3.224611282348633e-05,3.224611282348633e-05,1.0,1,0
6,1012,0.0,0.21072423458099365,0.28515625,3,4
6,1013,0.017397582530975342,0.017397582530975342,0.734375,1,0
6,1014,0.0,0.15426337718963623,0.18359375,3,3
6,1015,0.02751614362932742,0.037973761558532715,0.58984375,3,3
6,1016,0.04378923273179681,0.08273094892501831,0.51171875,3,3
7,905,0.07685884181410076,0.14257872104644775,0.515625,4,7
7,993,0.06850349670276047,0.12707895040512085,0.515625,3,3
7,1017,0.07578840572386981,0.12680935859680176,0.5390625,3,3
7,1018,0.05793754826299847,0.09099394083023071,0.5546875,1,1
7,1019,0.0,0.2602458596229553,0.0625,2,4
7,1020,0.046820408198982484,0.07353389263153076,0.5546875,1,1
7,1021,0.06942410347983242,0.1311628818511963,0.51171875,2,2
7,1022,0.05731981422286482,0.10085135698318481,0.52734375,3,3
7,1023,0.06971841992344709,0.1317189335823059,0.51171875,3,2
7,1024,0.034144377335906036,0.07407593727111816,0.484375,3,5
7,1025,0.031533600762486465,0.09173411130905151,0.4375,1,2
7,1026,0.0,0.11230039596557617,0.09765625,3,1
7,1027,0.0,0.11339104175567627,0.09765625,2,2
7,1028,0.06131686503067614,0.10429978370666504,0.53515625,1,1
7,1029,0.021947904955595735,0.09287047386169434,0.39453125,2,2
7,1030,0.014985859394073486,0.014985859394073486,0.79296875,4,4
7,1031,0.0,0.11456298828125,0.09765625,3,2
7,1032,0.037668906501494355,0.04581111669540405,0.62890625,3,4
7,1033,0.057312202989123776,0.09748786687850952,0.53515625,4,8
7,1034,0.0763557292521,0.13434410095214844,0.52734375,2,1
7,1035,0.0013923048973083496,0.0013923048973083496,0.94140625,2,0
7,1036,0.00535738468170166,0.00535738468170166,0.8828125,4,4
7,1037,0.06639622128568591,0.09685146808624268,0.57421875,4,7
7,1038,0.038831996265798814,0.03929245471954346,0.6953125,3,4
7,1039,0.029952452285215262,0.08029139041900635,0.44921875,3,5
7,1040,0.03399499855004252,0.078757643699646,0.47265625,1,1
7,1041,0.04622103553265334,0.07488977909088135,0.546875,4,5
7,1042,0.07407801970839502,0.1399555206298828,0.51171875,3,3
7,1043,0.05834614951163531,0.09025144577026367,0.55859375,2,1
7,1044,0.0755337744485587,0.13522130250930786,0.5234375,2,3
7,1045,0.026797512546181682,0.08265256881713867,0.4296875,2,2
7,1046,0.017009973526000977,0.017009973526000977,0.77734375,2,3
7,1047,0.05338161264080555,0.08257216215133667,0.55859375,1,1
7,1048,0.02205062785651535,0.06602293252944946,0.43359375,3,3
7,1049,0.06467160070315005,0.11378645896911621,0.52734375,2,2
7,1050,0.0,0.0,1.0,2,3
7,1051,0.07640639739111067,0.13678348064422607,0.5234375,3,3
7,1052,0.01689755916595459,0.01689755916595459,0.83203125,3,6
7,1053,0.0,0.13256454467773438,0.23046875,2,5
7,1054,0.03483220655471087,0.06704545021057129,0.5078125,3,3
7,1055,0.028826791327446703,0.029459714889526367,0.69140625,4,7
7,1056,0.05682463268749417,0.09507912397384644,0.5390625,2,1
7,1057,0.05570865003392101,0.12085944414138794,0.484375,1,3
7,1058,0.0002459287643432617,0.0002459287643432617,0.984375,3,5
7,1059,0.00010460615158081055,0.00010460615158081055,0.9765625,2,2
7,1060,1.1920928955078125e-07,1.1920928955078125e-07,1.0,4,6
7,1061,0.0,0.1108211874961853,0.09765625,1,1
7,1062,0.07109948934521527,0.1343281865119934,0.51171875,2,4
7,1063,0.06263250578194858,0.1484622359275818,0.46875,3,6
7,1064,0.014674015343189245,0.13416242599487305,0.34375,3,5
7,1065,0.04477123473770917,0.0737069845199585,0.54296875,3,3
7,1066,0.03936871699988843,0.06696605682373047,0.53515625,4,5
7,1067,0.0829390734434128,0.1434621810913086,0.53125,4,6
7,1068,0.0,0.09430480003356934,0.21875,2,1
7,1069,0.05113505898043514,0.14075887203216553,0.4453125,2,4
7,1070,0.02610307815484703,0.026154160499572754,0.69921875,2,4
7,983,0.07567190937697889,0.14565420150756836,0.5078125,1,1
7,1001,0.07446562126278879,0.12880539894104004,0.53125,3,3
7,1071,0.0025407075881958008,0.0025407075881958008,0.9296875,1,2
7,1072,7.110834121704102e-05,7.110834121704102e-05,0.98046875,1,0
7,1073,0.005543708801269531,0.005543708801269531,0.85546875,2,1
7,1074,0.031236888957209892,0.04831808805465698,0.55859375,3,2
7,1075,0.031437661498785026,0.06051158905029297,0.5078125,1,1
7,1076,0.0003815293312072754,0.0003815293312072754,0.95703125,1,0
7,1077,6.437301635742188e-05,6.437301635742188e-05,0.98046875,2,1
7,1078,0.0,0.08821862936019897,0.234375,1,1
7,1079,0.05034249415621162,0.09338897466659546,0.515625,3,2
7,1080,0.04881854914128781,0.07667207717895508,0.5546875,1,1
7,1081,0.03514513280242682,0.05694401264190674,0.546875,2,1
7,1082,0.0294190343702212,0.04172450304031372,0.58203125,3,2
7,1083,0.02323798835277558,0.10256767272949219,0.390625,1,2
7,1084,0.0,0.1144329309463501,0.09765625,1,0
7,1085,0.0679829507134855,0.12170374393463135,0.5234375,3,3
7,1086,0.020765896188095215,0.07540524005889893,0.41015625,3,3
7,1087,0.0720156797906384,0.13121718168258667,0.51953125,3,3
7,1088,0.0,0.09474372863769531,0.26953125,1,2
7,1089,0.06095896102488042,0.09876894950866699,0.546875,3,2
7,1090,0.06035430170595647,0.11196160316467285,0.515625,1,1
7,1091,0.04238149663433433,0.08313918113708496,0.50390625,1,1
7,1092,0.053574989084154374,0.08680504560470581,0.546875,1,1
7,1093,0.04879752406850458,0.07663905620574951,0.5546875,1,2
7,1094,0.02008342801127583,0.07292705774307251,0.41015625,3,2
7,1095,0.07475402764976026,0.13620662689208984,0.51953125,1,1
7,1096,0.028795746853575114,0.03869664669036865,0.59765625,1,2
7,1097,0.0,0.11487555503845215,0.09765625,1,0
7,1098,0.0200904862722382,0.07295268774032593,0.41015625,3,2
7,1099,0.05406915955245496,0.10606670379638672,0.50390625,2,2
7,991,0.07126319478265943,0.1346374750137329,0.51171875,3,3
7,951,0.08123114332556726,0.1480083465576172,0.51953125,1,1
7,1100,0.052739806473255164,0.07693099975585938,0.57421875,1,1
7,1101,0.020720498170703653,0.07266366481781006,0.4140625,3,2
7,1102,0.07522358559072019,0.13954520225524902,0.515625,1,1
7,1103,0.07539494521915914,0.14512109756469727,0.5078125,1,1
7,1104,0.07957619894295932,0.14001035690307617,0.52734375,1,1
7,1105,0.08217766880989076,0.14214515686035156,0.53125,1,1
7,1106,0.0,0.22090768814086914,0.0703125,1,2
7,1107,0.05920671881176532,0.09298723936080933,0.5546875,1,1
7,1108,0.06712444766890259,0.09520143270492554,0.58203125,3,3
7,1109,0.08022579189855607,0.1636478304862976,0.49609375,1,1
7,1110,0.0730144400149584,0.14323139190673828,0.50390625,1,1
7,1111,0.055857348255813136,0.09661811590194702,0.53125,3,3
7,1112,0.04978023748844863,0.07818245887756348,0.5546875,3,3
7,1113,0.002185821533203125,0.002185821533203125,0.93359375,2,2
7,1114,0.06982293049804868,0.15475904941558838,0.48046875,1,1
7,1115,0.08071303856559099,0.14201056957244873,0.52734375,2,2
7,1116,0.0820331582799554,0.15217745304107666,0.515625,1,1
7,1117,3.1888484954833984e-05,3.1888484954833984e-05,0.984375,1,0
7,1118,0.05663828225806356,0.08895337581634521,0.5546875,3,2
7,1119,0.0,0.11491012573242188,0.09765625,1,0
7,1120,0.0,0.11457479000091553,0.09765625,1,0
7,1121,0.05503648647572846,0.116923987865448,0.48828125,2,3
7,1122,0.009879827499389648,0.009879827499389648,0.8203125,1,2
7,1123,0.05237976880744101,0.09716826677322388,0.515625,1,2
7,1124,0.0,0.0,1.0,1,0
7,1125,0.08464906364679338,0.14642000198364258,0.53125,1,1
7,1126,0.06524185789749028,0.11679661273956299,0.5234375,4,5
7,1127,0.0,0.1148490309715271,0.09765625,1,0
7,1128,0.0,0.11305558681488037,0.09765625,1,0
7,1129,0.018104195594787598,0.018104195594787598,0.74609375,1,0
7,1130,0.00014901161193847656,0.00014901161193847656,0.9765625,2,3
7,1131,0.0,0.11491888761520386,0.09765625,3,1
7,1132,0.041854491923004396,0.055516839027404785,0.6015625,1,2
7,1133,3.337860107421875e-06,3.337860107421875e-06,0.99609375,1,0
7,1134,0.04295422369614244,0.06746184825897217,0.5546875,3,4
7,1135,0.0,0.1966075897216797,0.234375,1,2
7,1136,0.07511460571549834,0.14458149671554565,0.5078125,1,1
7,1137,0.045062779448926456,0.07539916038513184,0.5390625,3,3
7,1138,0.08121070358902217,0.1295323371887207,0.55078125,2,2
7,1139,0.07610023766756059,0.14117145538330078,0.515625,1,1
7,1140,0.044534542132169015,0.06686711311340332,0.56640625,1,1
7,1141,0.015093809575773779,0.09540778398513794,0.36328125,1,1
7,1142,0.0775441115256399,0.1492578387260437,0.5078125,1,1
7,1143,0.031459196819923825,0.045889198780059814,0.57421875,1,1
7,1144,0.0766497498843819,0.16284096240997314,0.48828125,1,1
7,1145,0.06466559437103571,0.14332807064056396,0.48046875,1,1
7,1146,0.00027441978454589844,0.00027441978454589844,0.95703125,1,1
7,1147,0.04756714124232531,0.09331178665161133,0.50390625,2,2
7,1148,0.0,0.11491918563842773,0.09765625,1,0
7,1149,0.03451789915561677,0.061794281005859375,0.5234375,1,2
7,1150,0.06718314019963147,0.13982832431793213,0.4921875,1,1
7,1151,0.008369793067686263,0.08402615785598755,0.33984375,1,1
7,1152,0.042755530215799815,0.06927478313446045,0.546875,2,2
7,1153,0.02975591295398772,0.030108749866485596,0.6953125,3,2
7,1154,0.03785340418107808,0.07151639461517334,0.51171875,3,2
7,1155,0.08344947639852764,0.15480482578277588,0.515625,1,1
7,1156,0.0,0.11449933052062988,0.09765625,1,0
7,1157,0.04626489384099842,0.10481250286102295,0.4765625,1,2
7,1158,0.07978204451501371,0.16605043411254883,0.4921875,2,2
7,1159,0.020078536472283307,0.07290929555892944,0.41015625,1,0
7,1160,0.0,0.11481648683547974,0.09765625,1,0
8,1017,0.07856106944382192,0.1253061294555664,0.55078125,3,3
8,983,0.08342315314803274,0.14190250635147095,0.53515625,1,1
8,1161,0.041715533472597606,0.10122442245483398,0.46484375,3,4
8,1162,0.08251229708548637,0.14035314321517944,0.53515625,3,4
8,1163,3.49879264831543e-05,3.49879264831543e-05,0.98828125,1,0
8,1164,0.08073595166206361,0.1614719033241272,0.5,3,2
8,1165,0.03954110853374005,0.07335162162780762,0.515625,3,3
8,1166,0.06396519462578,0.10880458354949951,0.53515625,4,3
8,1167,0.0784333609044552,0.13566851615905762,0.53125,1,1
8,1168,0.0,0.11668670177459717,0.10546875,1,0
8,1169,5.14984130859375e-05,5.14984130859375e-05,0.98046875,1,0
8,1170,0.029054160462692383,0.04494178295135498,0.55859375,3,3
8,1171,0.0834307479672134,0.13735222816467285,0.54296875,3,3
8,1172,0.0010530352592468262,0.0010530352592468262,0.9375,1,0
8,1173,0.07683123601600529,0.12855422496795654,0.5390625,3,2
8,1174,0.0,0.11646080017089844,0.10546875,1,0
8,1175,0.028337344876490537,0.0759618878364563,0.44921875,1,1
8,1176,0.06207798561081291,0.1292029619216919,0.4921875,2,2
8,1177,0.037899824790656574,0.05450761318206787,0.578125,3,3
8,1178,0.038348696893081076,0.0686522126197815,0.5234375,3,3
8,1179,0.0,0.2492274045944214,0.15625,3,4
8,1180,0.044018968823365874,0.08020538091659546,0.51953125,1,1
8,1181,0.07422200718428941,0.14560025930404663,0.50390625,1,1
8,1182,0.06261131912469865,0.09540772438049316,0.5625,2,1
8,1183,0.07999606244266035,0.1338496208190918,0.5390625,2,1
8,1184,0.0,0.11668133735656738,0.10546875,3,3
8,1185,0.06328525277785958,0.10418665409088135,0.54296875,1,1
8,1186,0.0,0.11668670177459717,0.10546875,3,3
8,1187,0.08967538992874326,0.15004509687423706,0.5390625,4,4
8,1188,0.07946628704667093,0.13517189025878906,0.53515625,3,3
8,1189,0.08067741873674096,0.1444295048713684,0.5234375,1,1
8,1190,0.07801076234318317,0.12842929363250732,0.54296875,3,3
8,1191,0.07382081076502801,0.11960840225219727,0.546875,1,1
8,1192,0.027237248141318563,0.03612816333770752,0.6015625,1,0
8,1193,0.08240241743624212,0.12556558847427368,0.5625,1,1
8,1194,0.0,0.1854286789894104,0.2109375,1,2
8,1195,0.03885899670422078,0.06721556186676025,0.53125,4,6
8,1196,0.0037523508071899414,0.0037523508071899414,0.84375,2,1
8,1197,0.02335822675377131,0.07666289806365967,0.421875,1,0
8,1198,0.024114178027957685,0.09798777103424072,0.3984375,3,3
8,1199,0.08770715375430883,0.13774865865707397,0.5546875,3,4
8,1067,0.0846948513062671,0.13943332433700562,0.54296875,4,6
8,905,0.08619717927649619,0.1396612524986267,0.546875,4,7
8,1200,0.04106593457981945,0.07225346565246582,0.52734375,4,5
8,1201,0.08425883250311018,0.13871550559997559,0.54296875,3,4
8,1202,0.058814530377276256,0.09682649374008179,0.54296875,4,6
8,1203,0.08443678449839355,0.14362668991088867,0.53515625,4,7
8,1204,0.0,0.10217517614364624,0.1640625,2,3
8,1205,6.198883056640625e-06,6.198883056640625e-06,0.9921875,2,1
8,1206,0.025634788675233725,0.07906633615493774,0.4296875,2,1
8,1207,0.04930370766669513,0.09490036964416504,0.5078125,2,4
8,1208,0.027198079973459247,0.08388805389404297,0.4296875,5,9
8,1209,0.05107444105669857,0.08146452903747559,0.55078125,5,9
8,1210,0.08597585582174362,0.14624464511871338,0.53515625,3,3
8,1211,0.05066764412913472,0.08341425657272339,0.54296875,3,2
8,1212,0.07479331828653814,0.12118411064147949,0.546875,3,4
8,1213,0.030080291209742434,0.10548704862594604,0.4140625,4,7
8,1214,0.0,0.153420090675354,0.15625,4,8
8,1215,0.08249968348536642,0.13158828020095825,0.55078125,2,3
8,1216,0.08334449725225569,0.14920413494110107,0.5234375,2,2
8,1217,0.026147007942199707,0.026147007942199707,0.72265625,3,5
8,1218,0.06311145611107351,0.10225653648376465,0.546875,4,7
8,1219,0.07270720647647978,0.11419045925140381,0.5546875,2,1
8,1220,3.3736228942871094e-05,3.3736228942871094e-05,0.98828125,2,2
8,1221,0.07614643150009216,0.129524827003479,0.53515625,2,2
8,1222,0.039935094770044095,0.09925615787506104,0.4609375,3,3
8,1223,0.08061508787795903,0.15516889095306396,0.5078125,5,7
8,1224,0.04517684457823635,0.07559001445770264,0.5390625,2,3
8,1225,0.08360465685836972,0.13335072994232178,0.55078125,4,6
8,1226,0.023805427597835663,0.07570421695709229,0.42578125,2,2
8,1227,0.014609255827963356,0.07056546211242676,0.3828125,3,1
8,1228,0.07916244864463808,0.1303253173828125,0.54296875,4,5
8,1229,0.048333138227462775,0.07831192016601562,0.546875,3,3
8,1230,0.07818105281330646,0.13298571109771729,0.53515625,2,3
8,1231,0.053764829412102706,0.07521200180053711,0.5859375,2,3
8,1232,0.03877943148836494,0.06942331790924072,0.5234375,5,7
8,1233,0.08076688053552063,0.13296669721603394,0.54296875,4,7
8,1234,0.07794039114378394,0.1325763463973999,0.53515625,3,4
8,1235,0.08078504260629417,0.13516974449157715,0.5390625,2,2
8,1236,0.03815255733206869,0.06830108165740967,0.5234375,3,3
8,1237,0.08449606597423555,0.14615535736083984,0.53125,4,6
8,1238,3.4689903259277344e-05,3.4689903259277344e-05,0.984375,1,0
8,1239,0.036731898668222136,0.06462794542312622,0.52734375,4,4
8,1240,0.047369437292218215,0.07218199968338013,0.5625,2,2
8,1241,0.06963513325899841,0.120449960231781,0.53125,3,3
8,1242,0.0,0.381938099861145,0.05859375,4,5
8,1243,0.0,0.24043965339660645,0.12890625,2,3
8,1244,0.033637241460382945,0.048377156257629395,0.578125,4,5
8,1245,0.03234233404509724,0.06871068477630615,0.48828125,2,1
8,1246,0.0,0.21454250812530518,0.21875,2,4
8,1247,0.08599805622361602,0.1415787935256958,0.54296875,3,4
8,1248,0.07988210627809168,0.14300572872161865,0.5234375,3,4
8,1249,0.06867066328413786,0.11489993333816528,0.5390625,3,2
8,1125,0.08107037167064847,0.14263927936553955,0.52734375,1,1
8,1155,0.08883232902735473,0.15110349655151367,0.53515625,1,1
8,1250,0.0,0.11435455083847046,0.10546875,1,1
8,1251,0.03718762286007405,0.08424806594848633,0.4765625,1,1
8,1252,6.371736526489258e-05,6.371736526489258e-05,0.98046875,1,0
8,1253,0.0,0.11668384075164795,0.10546875,1,0
8,1254,0.04245837172493339,0.07600939273834229,0.5234375,1,1
8,1255,0.041940484195947654,0.08729076385498047,0.4921875,1,2
8,1256,0.0,0.09291011095046997,0.27734375,2,1
8,1257,0.0813807030208409,0.15664255619049072,0.5078125,2,2
8,1258,0.0,0.15370821952819824,0.16796875,2,3
8,1259,0.004687070846557617,0.004687070846557617,0.87890625,2,2
8,1260,0.0017484426498413086,0.0017484426498413086,0.90625,1,0
8,1261,0.03481973754242063,0.06459313631057739,0.515625,1,1
8,1262,0.08815732458606364,0.15782010555267334,0.5234375,1,1
8,1263,6.03795051574707e-05,6.03795051574707e-05,0.98046875,1,0
8,1264,0.0,0.11484348773956299,0.10546875,2,2
8,1265,0.06403135205619039,0.10891711711883545,0.53515625,2,2
8,1266,0.02335822675377131,0.07666289806365967,0.421875,1,0
8,1267,0.0,0.09790503978729248,0.1953125,2,2
8,1268,0.0008071660995483398,0.0008071660995483398,0.94921875,2,1
8,1269,0.05928758089430631,0.16770851612091064,0.44140625,2,3
8,1270,0.0,0.10388964414596558,0.1953125,1,1
8,1271,0.0,0.11663663387298584,0.10546875,1,0
8,1272,0.07922866847366096,0.14697492122650146,0.515625,2,2
8,1273,0.0005041956901550293,0.0005041956901550293,0.9609375,2,1
8,1274,0.0002359151840209961,0.0002359151840209961,0.97265625,1,0
8,1275,0.054874266963452115,0.10562264919281006,0.5078125,1,2
8,1276,0.011675834655761719,0.011675834655761719,0.77734375,1,0
8,1277,0.0,0.11139088869094849,0.10546875,1,0
8,1278,0.02914878819137812,0.0334622859954834,0.6484375,1,1
8,1279,0.023351725190877918,0.07664155960083008,0.421875,1,0
8,1280,0.0836029169149697,0.1640026569366455,0.50390625,1,1
8,1281,0.07258581742644311,0.12555384635925293,0.53125,1,1
8,1282,0.0005051493644714355,0.0005051493644714355,0.9609375,1,0
8,1283,0.010280370712280273,0.010280370712280273,0.7890625,2,2
8,1284,0.0,0.18682098388671875,0.10546875,1,2
8,1285,0.0,0.11666256189346313,0.10546875,1,0
8,1286,0.03801266173832119,0.050420939922332764,0.6015625,2,2
8,1287,0.08386050327681006,0.13805973529815674,0.54296875,1,1
8,1288,3.421306610107422e-05,3.421306610107422e-05,0.98828125,1,0
8,1289,0.0005939006805419922,0.0005939006805419922,0.9609375,2,2
8,1290,1.4603137969970703e-05,1.4603137969970703e-05,0.9921875,1,0
8,1291,0.0,0.19340932369232178,0.25,1,2
8,1292,0.0,0.11454033851623535,0.10546875,1,0
8,1293,0.08821866381913425,0.1452345848083496,0.54296875,1,1
8,1294,0.08070152997970582,0.16140305995941162,0.5,3,4
8,1295,0.00689983600750566,0.16822457313537598,0.31640625,2,3
8,1296,0.07686183904297651,0.15997260808944702,0.4921875,1,1
8,1297,0.07972064614295961,0.1594412922859192,0.5,1,1
8,1298,0.07476886501535775,0.14391601085662842,0.5078125,1,1
8,1299,0.039635214954614646,0.1153024435043335,0.4375,2,2
8,1300,0.07192490296438338,0.16294491291046143,0.4765625,2,2
8,1301,0.00013566017150878906,0.00013566017150878906,0.98046875,1,1
8,1302,0.047592686023563154,0.0916069746017456,0.5078125,1,2
8,1303,0.0,0.09485900402069092,0.23828125,1,0
8,1304,0.008235335350036621,0.008235335350036621,0.8046875,1,0
9,905,0.08234134875237943,0.14242827892303467,0.53125,4,7
9,1247,0.08450585033278914,0.14374417066574097,0.53515625,3,4
9,1305,0.0776734189130366,0.14674830436706543,0.51171875,4,7
9,1306,0.0837224260903895,0.15531116724014282,0.515625,4,7
9,1307,0.02882127859629691,0.0888945460319519,0.4296875,4,6
9,1308,0.07457526260986926,0.12685227394104004,0.53515625,3,4
9,1309,0.05890988046303393,0.19334524869918823,0.421875,2,2
9,1310,0.0772962160408497,0.13370156288146973,0.53125,4,4
9,1311,0.0,0.10843747854232788,0.09375,2,2
9,1312,0.07091849530115725,0.133986234664917,0.51171875,4,8
9,1313,0.02724301815032959,0.02724301815032959,0.75390625,3,3
9,1314,0.015866398811340332,0.015866398811340332,0.8203125,2,2
9,1315,0.046505001955665655,0.06089657545089722,0.60546875,3,4
9,1316,0.06353276036679746,0.09978151321411133,0.5546875,4,6
9,1317,0.0,0.10947144031524658,0.08984375,3,3
9,1318,0.06499185564462097,0.10699623823165894,0.54296875,5,8
9,1319,0.05102546839043499,0.06132638454437256,0.6328125,4,6
9,1320,0.08648606948554517,0.14959752559661865,0.53125,4,5
9,1321,0.07745465100742878,0.12751376628875732,0.54296875,4,4
9,1322,0.04033157066442073,0.05149567127227783,0.61328125,5,7
9,1323,0.01518714427947998,0.01518714427947998,0.81640625,3,3
9,1324,0.08238387911114843,0.14495033025741577,0.52734375,4,7
9,1325,0.03892248892225326,0.044186949729919434,0.65234375,4,5
9,1326,0.07851286162622274,0.15401756763458252,0.50390625,2,4
9,1327,0.07514145970344545,0.15028291940689087,0.5,2,3
9,1328,0.0,0.10536313056945801,0.09765625,3,2
9,1329,0.07118059694767,0.10846567153930664,0.5625,4,7
9,1330,0.07441681530326606,0.16859030723571777,0.4765625,3,2
9,1331,0.07088556862436236,0.14753419160842896,0.4921875,3,5
9,1332,0.0,0.11532384157180786,0.08984375,5,7
9,1333,0.026203457266092307,0.0986483097076416,0.40625,4,7
9,1334,0.0848842365667224,0.1546645164489746,0.51953125,4,6
9,1335,0.07395141199231149,0.14234256744384766,0.5078125,3,4
9,1336,0.045322691788896925,0.06340223550796509,0.5859375,2,3
9,1337,0.07905443990603091,0.1440422534942627,0.51953125,3,4
9,1338,0.052105175098404295,0.0682297945022583,0.60546875,4,7
9,1339,0.0056182146072387695,0.0056182146072387695,0.875,2,1
9,1340,0.07547682523727418,0.12229156494140625,0.546875,4,5
9,1341,0.07763129472732545,0.15526258945465088,0.5,5,8
9,1342,0.08299945481121541,0.15397000312805176,0.515625,2,2
9,1343,0.07708283001556994,0.14563250541687012,0.51171875,3,3
9,1344,0.07521980861201884,0.15343642234802246,0.49609375,3,3
9,1345,4.869699478149414e-05,4.869699478149414e-05,0.98828125,3,4
9,1346,0.037277099909260876,0.07312595844268799,0.50390625,4,8
9,1347,0.07776489341631533,0.144259512424469,0.515625,4,7
9,1348,0.0,0.25187432765960693,0.08984375,3,5
9,1349,0.07366976141929628,0.14733952283859253,0.5,4,5
9,1350,0.07381852192338557,0.12988001108169556,0.52734375,4,6
9,1351,0.04198956303298474,0.06398409605026245,0.5625,3,5
9,1352,0.07421749574132265,0.151391863822937,0.49609375,2,2
9,1353,0.06684028450399639,0.10829818248748779,0.546875,4,6
9,1354,0.02371060848236084,0.02371060848236084,0.76171875,4,8
9,1355,0.08545041689649226,0.14067721366882324,0.54296875,3,4
9,1356,0.08106186985969545,0.16212373971939087,0.5,2,3
9,1357,0.08203864004462959,0.14434289932250977,0.52734375,3,4
9,1358,0.08091484382748605,0.14485454559326172,0.5234375,4,6
9,1359,0.051042168401181705,0.07340896129608154,0.578125,3,4
9,1360,0.08557667140848936,0.150567889213562,0.52734375,2,3
9,1361,0.0778177483007312,0.1443575620651245,0.515625,4,6
9,1362,0.08152603846974672,0.13640958070755005,0.5390625,2,2
9,1155,0.08733935211785139,0.15366923809051514,0.52734375,1,1
9,1293,0.07970143854618074,0.14785194396972656,0.515625,1,1
9,1363,0.03174911916721613,0.03604334592819214,0.65234375,2,2
9,1364,0.04573185648769141,0.06397461891174316,0.5859375,1,1
9,1365,0.0,0.21831464767456055,0.109375,2,3
9,1366,0.03996838815510274,0.11627167463302612,0.4375,2,3
9,1367,0.08701141364872457,0.16141247749328613,0.515625,1,1
9,1368,0.05147869349457324,0.07104337215423584,0.58984375,1,2
9,1369,0.08219938573893161,0.144625723361969,0.52734375,1,1
9,1370,0.0,0.21242308616638184,0.21875,3,4
9,1371,0.0034065842628479004,0.0034065842628479004,0.8984375,1,0
9,1372,0.0,0.11739110946655273,0.08984375,1,0
9,1373,0.08067432395182551,0.16790753602981567,0.4921875,2,4
9,1374,0.08317877142690124,0.16010349988937378,0.5078125,1,1
9,1375,0.08855643123388292,0.15317869186401367,0.53125,1,1
9,1376,0.05389835825189949,0.0688178539276123,0.61328125,1,1
9,1377,0.08292738860473038,0.15667462348937988,0.51171875,1,1
9,1378,0.0495891550090164,0.0657762885093689,0.6015625,1,1
9,1379,0.08443208155222238,0.15384066104888916,0.51953125,2,3
9,1380,0.00390934944152832,0.00390934944152832,0.921875,1,2
9,1381,0.08239299198612572,0.14496636390686035,0.52734375,1,1
9,1382,0.042454038863070316,0.06192725896835327,0.57421875,1,2
9,1383,0.043176638544537134,0.06298130750656128,0.57421875,1,1
9,1384,0.07799718203023077,0.15012991428375244,0.5078125,1,1
9,1385,0.0,0.1156001091003418,0.08984375,1,0
9,1386,0.07483427412807943,0.1623523235321045,0.484375,1,1
9,1387,0.0,0.21037280559539795,0.125,2,3
9,1388,0.07778447866439821,0.1555689573287964,0.5,1,1
9,1389,0.07279955735430123,0.12180840969085693,0.5390625,1,1
9,1390,0.03867236315272749,0.04390299320220947,0.65234375,2,4
9,1391,0.08015560731291772,0.15428447723388672,0.5078125,1,1
9,1392,0.05411907238885761,0.07570755481719971,0.5859375,1,1
9,1393,0.08218683488667013,0.14216101169586182,0.53125,1,2
9,1394,0.04633725481107832,0.06664234399795532,0.578125,2,2
9,1395,0.0,0.07773572206497192,0.25,1,1
9,1396,0.010095389559865,0.06801104545593262,0.359375,1,1
9,1397,0.07754889596253635,0.1581873893737793,0.49609375,2,2
9,1398,0.037278740666806705,0.07312917709350586,0.50390625,1,1
9,1399,0.07537365658208729,0.15687525272369385,0.4921875,1,1
9,1400,0.0812098919413984,0.15631377696990967,0.5078125,1,1
9,1401,0.05752015113830567,0.0716552734375,0.62109375,3,4
9,1402,0.0808174575213343,0.15853846073150635,0.50390625,1,1
9,1403,0.0,0.1117548942565918,0.08984375,1,0
9,1404,0.03615001821890474,0.07523906230926514,0.4921875,1,0
9,1405,0.08551203785464169,0.15863102674484253,0.515625,1,1
9,1187,0.07852826651651414,0.15404778718948364,0.50390625,4,4
9,1199,0.08265747199766339,0.1406000852584839,0.53515625,3,4
9,1406,0.07899905438534917,0.1240721344947815,0.5546875,4,4
9,1407,0.003209233283996582,0.003209233283996582,0.91796875,1,1
9,1408,0.0,0.114834725856781,0.08984375,3,3
9,1409,0.0,0.11793911457061768,0.08984375,3,4
9,1410,0.07650837837718429,0.13461267948150635,0.52734375,3,3
9,1411,0.04216695204377175,0.07822275161743164,0.515625,3,2
9,1412,0.07987791113555433,0.14299821853637695,0.5234375,3,3
9,1413,0.09600983432028444,0.1580612063407898,0.54296875,3,3
9,1414,0.0,0.11748087406158447,0.08984375,3,4
9,1415,0.0836697448976338,0.1610485315322876,0.5078125,5,5
9,1416,0.0,0.11748039722442627,0.08984375,2,1
9,1417,0.07264975900761785,0.12357699871063232,0.53515625,1,1
9,1418,0.08077178103849293,0.14211392402648926,0.52734375,4,4
9,1419,0.082882147282362,0.14336371421813965,0.53125,3,2
9,1420,0.030333214905112985,0.08349788188934326,0.4453125,4,4
9,1421,0.08178477967157961,0.16682791709899902,0.49609375,2,1
9,1422,0.06819636584259571,0.09411466121673584,0.58984375,3,2
9,1423,0.044448385946452625,0.10535913705825806,0.46875,4,4
9,1424,0.06215558596886695,0.09066569805145264,0.57421875,3,4
9,1425,0.08738156105391683,0.14863574504852295,0.53515625,3,2
9,1426,0.0,0.11703264713287354,0.08984375,4,2
9,1427,0.0,0.11058497428894043,0.08984375,3,2
9,1428,0.00358426570892334,0.00358426570892334,0.875,4,4
9,1429,0.07342124660499395,0.13377821445465088,0.51953125,3,4
9,1430,0.07303481455892326,0.11833488941192627,0.546875,4,4
9,1431,0.04363241442479194,0.06188309192657471,0.58203125,1,2
9,1432,0.0849039973691106,0.1375659704208374,0.546875,3,3
9,1433,0.09646589704789223,0.14274722337722778,0.5703125,3,3
9,1434,0.0,0.19558465480804443,0.203125,3,5
9,1435,0.08518641255795957,0.12605619430541992,0.5703125,3,4
9,1436,0.005278825759887695,0.005278825759887695,0.875,1,0
9,1437,0.0208304082043469,0.08464419841766357,0.3984375,4,6
9,1438,0.042395655065774925,0.06658458709716797,0.5546875,4,2
9,1439,0.08627893682569267,0.14923924207687378,0.53125,1,1
9,1440,0.0,0.27224504947662354,0.14453125,4,7
9,1441,0.0,0.11793911457061768,0.08984375,4,3
9,1442,0.08100614463910462,0.15890860557556152,0.50390625,1,1
9,1443,0.0,0.11432623863220215,0.08984375,2,1
9,1444,3.0994415283203125e-06,3.0994415283203125e-06,0.99609375,1,2
9,1445,0.0777780970092863,0.14694607257843018,0.51171875,2,2
9,1446,0.08259660098701717,0.1532226800918579,0.515625,3,2
9,1447,0.08461867785081269,0.15697377920150757,0.515625,1,1
9,1448,0.07108302833512427,0.1510145664215088,0.48828125,2,2
10,1435,0.08130962820723654,0.13604748249053955,0.5390625,3,4
10,1247,0.08845647820271553,0.15835565328598022,0.5234375,3,4
10,1449,0.07586462399922313,0.13823020458221436,0.51953125,2,2
10,1450,0.050051310565322644,0.1085858941078186,0.484375,3,4
10,1451,0.07641024375334383,0.1590327024459839,0.4921875,2,4
10,1452,0.0661296828184277,0.12728720903396606,0.5078125,3,5
10,1453,0.0,0.30461597442626953,0.10546875,3,4
10,1454,0.05994568835012616,0.09868872165679932,0.54296875,4,4
10,1455,0.05255737155675889,0.08008742332458496,0.5625,4,4
10,1456,0.027909381082281474,0.030664384365081787,0.6640625,4,7
10,1457,0.0,0.2861539125442505,0.13671875,3,4
10,1458,0.08934701373800637,0.1599498987197876,0.5234375,3,3
10,1459,0.07929232390597464,0.15262281894683838,0.5078125,3,4
10,1460,0.005074679851531982,0.005074679851531982,0.8125,3,4
10,1461,0.0810062661767006,0.15890884399414062,0.50390625,2,2
10,1462,0.08419393678195776,0.15906751155853271,0.51171875,3,3
10,1463,0.0011976957321166992,0.0011976957321166992,0.91796875,4,7
10,1464,0.08774607768282296,0.15438485145568848,0.52734375,3,2
10,1465,0.0,0.18506669998168945,0.28515625,3,5
10,1466,0.041919003007933504,0.07919752597808838,0.51171875,2,2
10,1467,0.07673721562605353,0.1449795365333557,0.51171875,3,3
10,1468,0.0760136910248548,0.15820735692977905,0.4921875,2,2
10,1469,0.07605102646630259,0.14918822050094604,0.50390625,3,4
10,1470,0.08227286464534701,0.14475500583648682,0.52734375,3,4
10,1471,0.08823999483138324,0.15263134241104126,0.53125,3,3
10,1472,0.033455375349149115,0.07107532024383545,0.48828125,3,2
10,1473,0.04281443357467652,0.145172119140625,0.41796875,3,4
10,1474,0.06353377830237152,0.1246333122253418,0.50390625,4,6
10,1475,0.02808168297633529,0.06979525089263916,0.4609375,3,5
10,1476,0.085764616727829,0.15909957885742188,0.515625,3,4
10,1477,0.050201225327327854,0.08539211750030518,0.53515625,3,4
10,1478,0.009928882122039795,0.009928882122039795,0.8046875,1,1
10,1479,0.0,0.17600536346435547,0.21875,3,4
10,1480,0.08526444341987373,0.17392587661743164,0.49609375,5,7
10,1481,0.07120708934962751,0.14820337295532227,0.4921875,3,4
10,1482,0.06750027276575567,0.12752819061279297,0.51171875,4,4
10,1483,0.06342710182070734,0.1293811798095703,0.49609375,4,4
10,1484,0.08128935762215407,0.15946418046951294,0.50390625,3,2
10,1485,0.03885858319699765,0.06721484661102295,0.53125,5,8
10,1486,0.016681432723999023,0.016681432723999023,0.76171875,2,2
10,1487,0.021220386028289795,0.021220386028289795,0.76171875,3,1
10,1488,0.037175108212977655,0.07897782325744629,0.48828125,3,5
10,1489,0.027157306671142578,0.027157306671142578,0.71875,3,2
10,1490,0.0,0.29297107458114624,0.12890625,4,5
10,1491,0.02005047909915448,0.20129108428955078,0.33984375,2,2
10,1492,0.048441084567457444,0.07607924938201904,0.5546875,2,2
10,1493,0.06668953271582724,0.1388009786605835,0.4921875,2,1
10,1494,0.06775566015858205,0.13291531801223755,0.50390625,4,6
10,1495,0.08996159769594671,0.15560925006866455,0.53125,3,4
10,1496,0.049865868408232934,0.10378587245941162,0.4921875,4,5
10,1375,0.08066387102007867,0.16788578033447266,0.4921875,1,1
10,1155,0.07947931904345752,0.1688523292541504,0.48828125,1,1
10,1497,0.07954789022915067,0.15311473608016968,0.5078125,1,1
10,1498,0.05603016866371037,0.10991358757019043,0.50390625,1,2
10,1499,0.08291669003665449,0.179887056350708,0.484375,1,1
10,1500,0.012884020805358887,0.012884020805358887,0.76171875,1,0
10,1501,0.032158361049368984,0.07285434007644653,0.4765625,1,1
10,1502,0.07878964603878559,0.17849689722061157,0.4765625,1,1
10,1503,0.0,0.1178121566772461,0.09765625,1,1
10,1504,0.08727055764757098,0.1679794192314148,0.5078125,1,1
10,1505,0.0061700404621660735,0.08775168657302856,0.328125,2,3
10,1506,0.08544257562607528,0.1644608974456787,0.5078125,2,3
10,1507,0.05493812169879676,0.0950281023979187,0.53125,2,2
10,1508,0.0791675839573145,0.16477155685424805,0.4921875,1,1
10,1509,4.464387893676758e-05,4.464387893676758e-05,0.98046875,1,0
10,1510,0.0,0.21900469064712524,0.140625,1,2
10,1511,0.08191736170556398,0.15476638078689575,0.51171875,1,1
10,1512,0.07548117637634279,0.15096235275268555,0.5,1,1
10,1513,0.00019085407257080078,0.00019085407257080078,0.9609375,2,3
10,1514,0.08310175873339178,0.1541597843170166,0.515625,1,1
10,1515,0.0018117330037057426,0.08432793617248535,0.30859375,1,1
10,1516,0.08430382609367372,0.1686076521873474,0.5,1,1
10,1517,0.07547623268328608,0.18314611911773682,0.46484375,2,2
10,1518,0.03128505230415613,0.11360245943069458,0.41015625,2,3
10,1519,0.06285746686626227,0.1684975028038025,0.44921875,2,3
10,1520,0.004833319340832534,0.07982772588729858,0.32421875,1,1
10,1521,0.0,0.2082892656326294,0.25,3,5
10,1522,0.0,0.12137770652770996,0.09375,1,0
10,1523,0.05272347060963512,0.07801854610443115,0.5703125,1,1
10,1524,0.06137888738885523,0.09944933652877808,0.546875,1,1
10,1525,0.07778676319867374,0.1724104881286621,0.48046875,1,1
10,1526,0.08330644620582463,0.16034924983978271,0.5078125,1,1
10,1527,0.08316614851355554,0.15427923202514648,0.515625,1,1
10,1528,0.07447753497399391,0.1582261323928833,0.48828125,1,1
10,1529,0.0,0.2072460651397705,0.19140625,1,2
10,1530,0.08170471899211408,0.15156817436218262,0.515625,1,1
10,1531,0.08033545129001142,0.1742870807647705,0.484375,1,1
10,1532,0.06556880660355092,0.11341631412506104,0.53125,1,1
10,1533,0.072538984939456,0.171944260597229,0.46875,2,3
10,1534,0.07684844732284547,0.15369689464569092,0.5,1,1
10,1535,0.08406352996826173,0.16812705993652344,0.5,1,1
10,1536,0.047186345793306834,0.11449956893920898,0.46484375,1,2
10,1537,0.08016423322260381,0.17391562461853027,0.484375,2,2
10,1538,0.04750332899857313,0.07132464647293091,0.56640625,3,5
10,1539,0.06936574517749251,0.17669284343719482,0.45703125,1,1
10,1540,0.05220821592956782,0.0903061032295227,0.53125,1,1
10,1433,0.08773917541839184,0.1570715308189392,0.5234375,3,3
10,1413,0.08319127536378802,0.1731460690498352,0.4921875,3,3
10,1541,0.07631597691215576,0.15567243099212646,0.49609375,5,7
10,1542,0.08520571980625392,0.14991521835327148,0.52734375,1,1
10,1543,0.0,0.123604416847229,0.09375,1,0
10,1544,0.0,0.14156246185302734,0.25390625,3,4
10,1545,0.07981304172426464,0.15079069137573242,0.51171875,2,1
10,1546,0.07850667089223863,0.1703195571899414,0.484375,3,3
10,1547,0.0,0.12355446815490723,0.09375,1,0
10,1548,0.058109936304390444,0.09415280818939209,0.546875,4,5
10,1549,0.08487613557372244,0.17313379049301147,0.49609375,3,3
10,1550,0.08342897368129344,0.17018181085586548,0.49609375,2,2
10,1551,0.07511633972171695,0.1532253623008728,0.49609375,3,4
10,1552,0.09001004602760078,0.16113686561584473,0.5234375,3,2
10,1553,0.07350235269404949,0.1441885232925415,0.50390625,5,6
10,1554,0.07855944393668325,0.16689807176589966,0.48828125,2,1
10,1555,0.03704567905515433,0.1019752025604248,0.4453125,2,2
10,1556,0.08443496830295773,0.17223387956619263,0.49609375,3,3
10,1557,0.04681066563352943,0.08380091190338135,0.5234375,3,5
10,1558,0.07499634800478817,0.16622567176818848,0.48046875,3,3
10,1559,0.08167068846523763,0.1771838665008545,0.484375,2,3
10,1560,0.0,0.12279403209686279,0.09375,4,6
10,1561,0.02613067626953125,0.02613067626953125,0.72265625,3,4
10,1562,0.08349351468496026,0.16070932149887085,0.5078125,4,5
10,1563,0.07998205302283169,0.17352038621902466,0.484375,3,2
10,1564,0.08058659126982094,0.17483192682266235,0.484375,3,2
10,1565,0.08173795288894327,0.1603441834449768,0.50390625,3,3
10,1566,0.07798142265528442,0.1691800355911255,0.484375,3,3
10,1567,0.0,0.12256431579589844,0.09375,1,0
10,1568,0.0696953411679715,0.18682730197906494,0.44921875,4,5
10,1569,0.0,0.12267345190048218,0.09375,2,2
10,1570,0.0878615388646722,0.17922353744506836,0.49609375,3,3
10,1571,0.0,0.12403130531311035,0.09375,3,3
10,1572,0.038086043205112226,0.07195591926574707,0.51171875,3,3
10,1573,0.03164230752736331,0.08265745639801025,0.453125,3,3
10,1574,0.07418072223663331,0.1483614444732666,0.5,1,1
10,1575,0.033256736467592425,0.05144244432449341,0.55859375,2,2
10,1576,0.08602987602353097,0.1513652801513672,0.52734375,1,1
10,1577,0.03152113454416395,0.07648730278015137,0.46484375,1,1
10,1578,0.08361284399870784,0.1579696536064148,0.51171875,4,6
10,1579,0.08843532879836859,0.18787920475006104,0.48828125,4,6
10,1580,0.040291529847309,0.06741589307785034,0.5390625,3,3
10,1581,0.08396817161701621,0.174763023853302,0.4921875,4,5
10,1582,0.07581881107762457,0.16804862022399902,0.48046875,3,2
10,1583,3.4570693969726562e-06,3.4570693969726562e-06,0.9921875,3,3
10,1584,0.08274695277214052,0.165493905544281,0.5,3,2
10,1585,0.06514137983322145,0.12084197998046875,0.515625,3,5
10,1586,0.012871450278908018,0.09985125064849854,0.3515625,4,5
10,1587,0.062173859914764776,0.10939180850982666,0.52734375,3,4
10,1588,0.07990940799936654,0.14305460453033447,0.5234375,3,3
10,1589,0.048163727740757174,0.1115829348564148,0.47265625,4,4
10,1590,0.0,0.12287461757659912,0.09375,1,0
10,1591,0.08136574993841351,0.18433302640914917,0.4765625,2,3
10,1592,0.047049557790160186,0.06406748294830322,0.59375,3,3
11,1504,0.05205592862330378,0.1605580449104309,0.4296875,1,1
11,1506,0.05717159528285266,0.15737557411193848,0.4453125,2,3
11,1593,0.05924112908542157,0.14042341709136963,0.46875,2,3
11,1594,0.03862466220743955,0.08948338031768799,0.47265625,1,1
11,1595,0.030812422744929794,0.03422117233276367,0.66015625,1,1
11,1596,0.06066951272077859,0.17161762714385986,0.44140625,1,1
11,1597,0.06051376881077886,0.1541445255279541,0.45703125,1,1
11,1598,0.0006999969482421875,0.0006999969482421875,0.93359375,1,0
11,1599,0.07247770274989308,0.16064321994781494,0.48046875,1,1
11,1600,3.516674041748047e-05,3.516674041748047e-05,0.98046875,1,0
11,1601,0.06626120069995524,0.146864652633667,0.48046875,1,1
11,1602,0.05285712238401175,0.14951848983764648,0.44140625,1,1
11,1603,0.03028368821833283,0.07015949487686157,0.47265625,1,1
11,1604,0.06839520053472371,0.16596370935440063,0.46484375,1,1
11,1605,0.0,0.12132245302200317,0.125,1,0
11,1606,5.3942203521728516e-05,5.3942203521728516e-05,0.98046875,1,0
11,1607,0.0376729122363031,0.06303441524505615,0.5390625,1,2
11,1608,0.01685830950737,0.08991098403930664,0.375,1,1
11,1609,0.062328302534297116,0.15124213695526123,0.46484375,1,1
11,1610,0.05561542324721814,0.15732097625732422,0.44140625,1,1
11,1611,0.03806400729808957,0.08436697721481323,0.48046875,1,2
11,1612,0.05420252401381732,0.16717886924743652,0.4296875,1,1
11,1613,0.0714222479145974,0.1583038568496704,0.48046875,2,3
11,1614,0.06262370944023134,0.15564727783203125,0.4609375,2,4
11,1615,0.002421259880065918,0.002421259880065918,0.89453125,1,0
11,1616,0.06532251834869386,0.15483856201171875,0.46875,2,3
11,1617,0.03982831491157413,0.06774783134460449,0.53515625,1,1
11,1618,0.030951631022617228,0.1495022177696228,0.3828125,1,2
11,1619,0.0343707895372063,0.0730201005935669,0.48828125,1,2
11,1620,0.07111637899652125,0.15762591361999512,0.48046875,1,1
11,1621,0.03175212547648699,0.12409991025924683,0.40234375,1,2
11,1622,0.058977639768272645,0.15023159980773926,0.45703125,1,1
11,1623,0.0,0.12243324518203735,0.125,2,2
11,1624,0.0,0.2016754150390625,0.1484375,1,2
11,1625,0.026883488870225854,0.11375492811203003,0.39453125,1,2
11,1626,0.0,0.12233537435531616,0.125,1,0
11,1627,0.03371342550963164,0.07016777992248535,0.4921875,1,1
11,1628,0.05692823417484761,0.1487104892730713,0.453125,2,3
11,1629,0.0035921335220336914,0.0035921335220336914,0.87109375,1,0
11,1630,0.05371423391625286,0.14398789405822754,0.44921875,1,1
11,1631,0.05096283718012275,0.09628403186798096,0.51171875,1,2
11,1632,0.027366334339603785,0.03494155406951904,0.61328125,1,0
11,1633,0.0,0.12238967418670654,0.125,1,0
11,1634,0.05517163616605104,0.15187031030654907,0.4453125,1,1
11,1635,0.05160297092515976,0.08777648210525513,0.53515625,2,2
11,1636,0.059700909303501255,0.14838284254074097,0.4609375,1,1
11,1637,7.390975952148438e-05,7.390975952148438e-05,0.9765625,1,0
11,1638,0.03836637735366822,0.07673275470733643,0.5,2,2
11,1639,0.03349804691970349,0.04561436176300049,0.59375,1,0
11,1640,0.05426433589309455,0.1454625129699707,0.44921875,2,3
11,1641,0.03202353138476611,0.07959246635437012,0.4609375,3,5
11,1433,0.05673522176221014,0.14820629358291626,0.453125,3,3
11,1542,0.05978010222315789,0.14170098304748535,0.46875,1,1
11,1642,0.031304925447329886,0.07596266269683838,0.46484375,2,2
11,1643,0.058048864826560034,0.10768485069274902,0.515625,3,3
11,1644,0.056458331178873784,0.13699841499328613,0.46484375,1,2
11,1645,0.015449820552021268,0.10408300161361694,0.359375,4,4
11,1646,0.03498473367653788,0.0637444257736206,0.51953125,3,3
11,1647,0.06407840922474863,0.15188956260681152,0.46875,1,1
11,1648,0.0,0.1919538974761963,0.25,4,5
11,1649,0.032832666300237186,0.044708311557769775,0.59375,1,1
11,1650,0.026651602238416675,0.07753193378448486,0.4375,2,2
11,1651,0.03398304386064411,0.06541097164154053,0.5078125,1,0
11,1652,0.0,0.11913108825683594,0.125,1,0
11,1653,0.0,0.11720246076583862,0.18359375,3,4
11,1654,0.06366659584455193,0.17525428533554077,0.4453125,3,3
11,1655,0.0,0.12245762348175049,0.125,1,0
11,1656,0.014142795233055953,0.10198748111724854,0.35546875,2,2
11,1657,0.01956621883437038,0.19642949104309082,0.33984375,4,4
11,1658,0.0004284977912902832,0.0004284977912902832,0.95703125,4,3
11,1659,0.0057746171951293945,0.0057746171951293945,0.8203125,1,1
11,1660,0.0018116235733032227,0.0018116235733032227,0.9140625,1,0
11,1661,0.03125817328691483,0.13796710968017578,0.390625,3,4
11,1662,0.0,0.2663365602493286,0.078125,3,4
11,1663,0.04237932153046132,0.10045468807220459,0.46875,3,4
11,1664,6.771087646484375e-05,6.771087646484375e-05,0.97265625,2,1
11,1665,0.036585789872333414,0.057459890842437744,0.5546875,1,2
11,1666,0.022530383081175394,0.1891074776649475,0.34765625,4,3
11,1667,0.0,0.1189577579498291,0.125,2,3
11,1668,0.061642306274734444,0.1652401089668274,0.44921875,1,1
11,1669,0.0,0.12242025136947632,0.125,3,6
11,1670,0.05441420199349523,0.14586424827575684,0.44921875,4,5
11,1671,0.058503351872786886,0.1419607400894165,0.46484375,3,3
11,1672,0.06488398229703309,0.1407652497291565,0.484375,1,1
11,1673,0.0,0.12245392799377441,0.125,1,0
11,1552,0.06814925349317492,0.15439122915267944,0.4765625,3,2
11,1495,0.06172421760857106,0.1463092565536499,0.46875,3,4
11,1674,0.06291255354881288,0.1491260528564453,0.46875,3,5
11,1675,0.06814925349317492,0.15439122915267944,0.4765625,3,2
11,1676,0.06556904688477518,0.15542292594909668,0.46875,3,3
11,1677,0.060120397945865996,0.17006433010101318,0.44140625,3,3
11,1678,0.057753554196096964,0.13380008935928345,0.47265625,2,2
11,1679,0.04673391673713923,0.07693815231323242,0.54296875,4,6
11,1680,0.05307878740131856,0.15441101789474487,0.4375,4,5
11,1681,0.005792810930870477,0.09567481279373169,0.32421875,3,2
11,1682,0.03063431277405471,0.0313069224357605,0.69140625,3,5
11,1683,0.06715277023613454,0.16690397262573242,0.4609375,5,6
11,1684,0.0029370784759521484,0.0029370784759521484,0.86328125,3,4
11,1685,0.060625895392149694,0.1714942455291748,0.44140625,5,8
11,1686,0.05516302108298988,0.14787155389785767,0.44921875,4,4
11,1687,0.061781222000718124,0.16138768196105957,0.453125,3,3
11,1688,0.05300626158714296,0.10601252317428589,0.5,4,5
11,1689,0.06863549421541394,0.17483270168304443,0.45703125,3,3
11,1690,0.035414186306297786,0.0656958818435669,0.515625,1,1
11,1691,0.023041409440338615,0.08674412965774536,0.40625,2,3
11,1692,0.03512855025473983,0.07165664434432983,0.49609375,4,3
11,1693,0.0005234479904174805,0.0005234479904174805,0.953125,4,6
11,1694,0.0626498805359006,0.1636568307876587,0.453125,5,7
11,1695,0.05925291124731303,0.15093278884887695,0.45703125,2,2
11,1696,0.055043254047632224,0.15151691436767578,0.4453125,3,2
11,1697,0.0412194486707449,0.18193411827087402,0.390625,3,3
11,1698,0.034578829072415836,0.05692720413208008,0.54296875,4,4
11,1699,0.05902177118696273,0.15034401416778564,0.45703125,3,2
11,1700,0.00036203861236572266,0.00036203861236572266,0.9609375,3,3
11,1701,0.06238630414009095,0.12984466552734375,0.4921875,3,3
11,1702,0.03303432150278241,0.10505324602127075,0.42578125,4,6
11,1703,0.0475373212248087,0.156019926071167,0.421875,3,3
11,1704,0.0,0.12243378162384033,0.125,4,2
11,1705,0.056812296854332096,0.12069666385650635,0.48828125,3,4
11,1706,0.038901232415810234,0.07487756013870239,0.5078125,4,4
11,1707,0.06382283335551621,0.14458978176116943,0.4765625,1,1
11,1708,0.06649386975914241,0.14738035202026367,0.48046875,5,7
11,1709,0.04499133734498174,0.10423332452774048,0.47265625,4,5
11,1710,0.0,0.14010518789291382,0.23828125,5,7
11,1711,0.03542217914946378,0.09022963047027588,0.45703125,2,2
11,1712,0.06445025000721218,0.17276716232299805,0.44921875,3,2
11,1713,0.05124936718493701,0.11359167098999023,0.48046875,4,6
11,1714,0.05810352182015777,0.14441263675689697,0.4609375,4,4
11,1715,0.059140093624591834,0.1401839256286621,0.46875,4,6
11,1716,0.0655253757722676,0.16691040992736816,0.45703125,4,6
11,1717,0.03411716129630805,0.04906737804412842,0.578125,4,5
11,1718,0.06855525076389314,0.16250133514404297,0.46875,3,1
11,1719,0.06269987486302854,0.1558365821838379,0.4609375,2,2
11,1720,0.05189503845758737,0.08683091402053833,0.5390625,3,4
11,1721,0.03588326135650278,0.06656605005264282,0.515625,3,2
11,1722,0.0446146430913359,0.06601935625076294,0.5703125,3,4
11,1723,0.06885370460804553,0.15951627492904663,0.47265625,1,1
11,1724,0.05779695115052164,0.1549321413040161,0.44921875,3,2
11,1725,0.013958752155303955,0.013958752155303955,0.8125,3,3
11,1726,0.06264582136645915,0.14513421058654785,0.47265625,3,3
11,1727,0.06814490037504585,0.15103977918624878,0.48046875,3,3
11,1728,0.05413626902736724,0.15313684940338135,0.44140625,3,2
11,1729,0.05440944177098573,0.14977222681045532,0.4453125,1,1
11,1730,0.039649045094847686,0.0674428939819336,0.53515625,4,6
11,1731,0.055952461436390884,0.14252567291259766,0.45703125,3,4
11,1732,0.0001480579376220703,0.0001480579376220703,0.96484375,3,3
11,1733,0.05634322855621577,0.15509533882141113,0.4453125,4,6
11,1734,0.06655721669085325,0.1541959047317505,0.47265625,3,4
11,1735,0.059452923014760024,0.1346898078918457,0.4765625,4,6
11,1736,0.03803056338801981,0.05627644062042236,0.5703125,3,1
12,1672,0.07039816095493735,0.1380990743637085,0.50390625,1,1
12,1647,0.07727578701451422,0.14874136447906494,0.5078125,1,1
12,1737,0.020808143541216857,0.10050725936889648,0.3828125,1,1
12,1738,0.06524836865719409,0.12327367067337036,0.51171875,1,1
12,1739,0.07925753481686117,0.14974117279052734,0.51171875,1,1
12,1740,0.02393412357196212,0.07855302095413208,0.421875,2,2
12,1741,0.06244485499337316,0.1552027463912964,0.4609375,1,2
12,1742,0.07310275593772532,0.13086926937103271,0.5234375,3,4
12,1743,0.029498748714104298,0.03587496280670166,0.62890625,2,2
12,1744,0.04225581232458354,0.06846511363983154,0.546875,2,3
12,1745,0.0452219843864441,0.09044396877288818,0.5,4,5
12,1746,0.06462765391916038,0.12439608573913574,0.5078125,3,3
12,1747,0.07843518164008857,0.14041543006896973,0.5234375,1,1
12,1748,0.041293444344773896,0.07523930072784424,0.51953125,1,1
12,1749,0.029278310947120193,0.08282041549682617,0.44140625,3,4
12,1750,0.03135596215724946,0.047780513763427734,0.5625,1,1
12,1751,0.06892353296279909,0.13784706592559814,0.5,1,1
12,1752,0.0,0.09825891256332397,0.140625,1,1
12,1753,0.04428503196686507,0.12527036666870117,0.44140625,2,2
12,1754,0.07753884792327882,0.15507769584655762,0.5,1,1
12,1755,0.024652980035170916,0.07839953899383545,0.42578125,1,1
12,1756,0.028270075563341383,0.06133168935775757,0.484375,1,1
12,1757,0.0,0.1809234619140625,0.26953125,1,2
12,1758,0.06625501811504365,0.11861038208007812,0.5234375,4,7
12,1759,0.021053648088127378,0.021303296089172363,0.6953125,1,2
12,1760,0.06959989853203298,0.10605698823928833,0.5625,1,1
12,1761,0.044752440880984075,0.08614003658294678,0.5078125,2,2
12,1762,0.0,0.1609916090965271,0.203125,3,4
12,1763,0.0,0.1153479814529419,0.0859375,1,0
12,1764,9.167194366455078e-05,9.167194366455078e-05,0.984375,2,1
12,1765,0.013954971451312307,0.09401243925094604,0.359375,1,1
12,1766,0.08133755438029767,0.14561128616333008,0.5234375,1,1
12,1723,0.07990542915649713,0.15380293130874634,0.5078125,1,1
12,1689,0.0764439948834479,0.1694343090057373,0.48046875,3,3
12,1767,0.07685617881361397,0.14003688097000122,0.51953125,3,2
12,1768,0.06500758789479734,0.14103341102600098,0.484375,3,2
12,1769,0.0,0.11486989259719849,0.0859375,3,1
12,1770,0.08084618858993055,0.14997553825378418,0.515625,3,3
12,1771,0.07561121380422266,0.15423482656478882,0.49609375,3,3
12,1772,0.033912202343344695,0.05167573690414429,0.5625,3,2
12,1773,0.03859515977092088,0.07428842782974243,0.5078125,3,1
12,1774,0.08545789774507286,0.158530592918396,0.515625,4,3
12,1775,0.07429151283577086,0.13299739360809326,0.5234375,2,3
12,1776,0.03072818601503969,0.10775911808013916,0.4140625,4,5
12,1777,0.07736800517886878,0.14891886711120605,0.5078125,1,1
12,1778,0.0,0.11857187747955322,0.0859375,4,4
12,1779,0.0,0.11272299289703369,0.0859375,1,0
12,1780,0.07738071680068971,0.1547614336013794,0.5,4,4
12,1781,0.08138429280370475,0.16938519477844238,0.4921875,3,3
12,1782,0.07433185935951771,0.1404350996017456,0.51171875,5,5
12,1783,0.08085278735961766,0.15275508165359497,0.51171875,3,4
12,1784,0.06842132471501829,0.16218388080596924,0.46875,3,2
12,1785,0.081903517479077,0.1606689691543579,0.50390625,5,4
12,1786,0.07019096612930299,0.14038193225860596,0.5,2,1
12,1787,0.08475873526185752,0.1572335958480835,0.515625,4,5
12,1788,0.030767339980229742,0.052335143089294434,0.53515625,3,2
12,1789,0.020119547843933105,0.020119547843933105,0.73828125,3,3
12,1790,0.02722791326232255,0.07298791408538818,0.44921875,3,3
12,1791,0.05578103195875884,0.08897161483764648,0.55078125,4,3
12,1792,0.07471231895033272,0.13613063097000122,0.51953125,3,5
12,1793,0.0,0.2037336230278015,0.27734375,4,5
12,1794,0.0298533532768488,0.05439472198486328,0.51953125,2,1
12,1795,0.08078391943126918,0.14986002445220947,0.515625,5,7
12,1796,0.0016880035400390625,0.0016880035400390625,0.92578125,1,0
12,1797,0.0820764396339655,0.14954853057861328,0.51953125,3,3
12,1798,0.04766602744348348,0.08386600017547607,0.52734375,1,2
12,1799,0.0779466711683199,0.1589987874031067,0.49609375,4,2
12,1800,6.4373016357421875e-06,6.4373016357421875e-06,0.9921875,2,0
12,1801,0.08174102171324195,0.16035020351409912,0.50390625,2,1
12,1802,0.029199776588939134,0.06764835119247437,0.47265625,1,0
12,1803,0.048967528156936176,0.09083831310272217,0.515625,2,2
12,1804,0.07607144117355348,0.15214288234710693,0.5,3,2
12,1805,0.07760512770619245,0.15223687887191772,0.50390625,3,1
12,1806,0.05203550448641182,0.06992697715759277,0.59765625,5,7
12,1807,0.0,0.11635762453079224,0.0859375,3,1
12,1808,0.08340751379728319,0.15472698211669922,0.515625,1,1
12,1809,0.08562890952453019,0.15065979957580566,0.52734375,4,4
12,1810,0.06736337346956135,0.12496393918991089,0.515625,3,1
12,1811,3.2842159271240234e-05,3.2842159271240234e-05,0.98828125,3,1
12,1812,0.04097595484927297,0.07335555553436279,0.5234375,1,2
12,1813,0.07512378692626955,0.15024757385253906,0.5,2,1
12,1814,0.06590332905761899,0.1371646523475647,0.4921875,3,3
12,1815,0.04475046321749688,0.0702829360961914,0.5546875,4,5
12,1816,0.05267910892143846,0.08148550987243652,0.55859375,4,4
12,1817,0.030281560728326443,0.06711757183074951,0.48046875,1,0
12,1818,0.04903303727041931,0.07362145185470581,0.56640625,3,2
12,1819,0.04301376454532147,0.06554478406906128,0.5625,3,2
12,1820,0.08043176541104914,0.16406798362731934,0.49609375,3,2
12,1821,0.03204160288441927,0.09593743085861206,0.43359375,3,3
12,1822,0.07831095205619933,0.14795279502868652,0.51171875,1,1
12,1823,0.056030354462564005,0.10394036769866943,0.515625,2,2
12,1824,0.08230599970556797,0.14734500646591187,0.5234375,5,6
12,1825,0.08119442011229695,0.14535504579544067,0.5234375,3,4
12,1826,0.08047858206555249,0.16750013828277588,0.4921875,3,5
12,1827,0.07923593977466227,0.13941168785095215,0.52734375,3,1
12,1828,0.0,0.10547488927841187,0.109375,3,2
12,1829,0.08345731487497689,0.16063964366912842,0.5078125,4,4
12,1599,0.08073991374112667,0.15540915727615356,0.5078125,1,1
12,1613,0.08099018130451442,0.1530146598815918,0.51171875,2,3
12,1830,0.0796469869092107,0.16576933860778809,0.4921875,2,2
12,1831,0.00040972232818603516,0.00040972232818603516,0.94921875,1,0
12,1832,0.07231136551126839,0.13918578624725342,0.5078125,2,4
12,1833,0.0,0.11778616905212402,0.0859375,2,1
12,1834,0.0,0.11837756633758545,0.0859375,1,0
12,1835,0.03374603902921081,0.03414618968963623,0.6953125,1,1
12,1836,0.08571879845112564,0.15901458263397217,0.515625,1,1
12,1837,0.044591978192329414,0.07003402709960938,0.5546875,1,1
12,1838,0.06826035934500398,0.12437474727630615,0.51953125,1,1
12,1839,0.0,0.1185951828956604,0.0859375,2,1
12,1840,0.0036401748657226562,0.0036401748657226562,0.90234375,1,1
12,1841,0.0,0.1113249659538269,0.09765625,1,1
12,1842,0.04215523251332343,0.06520688533782959,0.55859375,1,2
12,1843,0.08268675953149797,0.15338993072509766,0.515625,1,1
12,1844,0.08354560029692949,0.16080957651138306,0.5078125,2,2
12,1845,0.0,0.11819523572921753,0.0859375,2,1
12,1846,0.08154001669026913,0.14857113361358643,0.51953125,2,2
12,1847,0.009492683690041309,0.1567823886871338,0.32421875,1,2
12,1848,0.07379376166500153,0.14203912019729614,0.5078125,1,1
12,1849,0.06866979831829668,0.1400754451751709,0.49609375,2,2
12,1850,0.04403215844649822,0.07747238874435425,0.52734375,2,2
12,1851,0.07497806218452753,0.14708340167999268,0.50390625,2,2
12,1852,0.00017082691192626953,0.00017082691192626953,0.9765625,1,0
12,1853,0.04227160080336035,0.09369289875030518,0.48046875,2,2
12,1854,0.0,0.09224748611450195,0.21875,1,1
12,1855,0.04324131435714663,0.05453091859817505,0.6171875,1,2
12,1856,0.03875187993980945,0.04448646306991577,0.6484375,1,2
12,1857,0.08082590438425542,0.1585550308227539,0.50390625,3,4
12,1858,0.08416566927917303,0.15901410579681396,0.51171875,2,4
12,1859,0.00015211105346679688,0.00015211105346679688,0.984375,1,0
12,1860,0.08564503444358708,0.16485059261322021,0.5078125,2,4
12,1861,0.011819839477539062,0.011819839477539062,0.78125,1,1
12,1862,0.03980986308306456,0.09894490242004395,0.4609375,1,2
12,1863,0.07215757342055441,0.12695765495300293,0.52734375,2,2
12,1864,0.0,0.1296842098236084,0.265625,2,2
12,1865,0.07362441485747696,0.16679513454437256,0.4765625,2,2
12,1866,0.08136427402496339,0.16272854804992676,0.5,1,1
12,1867,0.021161983488127593,0.0827094316482544,0.40234375,1,0
12,1868,0.07728476729243995,0.1487586498260498,0.5078125,2,3
12,1869,0.041945206001400955,0.08073663711547852,0.5078125,1,1
12,1870,0.08138326159678401,0.17289721965789795,0.48828125,3,5
12,1871,0.07655228278599681,0.13468992710113525,0.52734375,1,1
12,1872,0.07601851585786791,0.16149991750717163,0.48828125,1,1
12,1873,0.07267442462034525,0.13730370998382568,0.51171875,2,3
12,1874,0.07504484057426454,0.13434600830078125,0.5234375,1,1
12,1875,0.08708476647734643,0.1559000015258789,0.5234375,1,1
12,1876,0.07643407583236696,0.1528681516647339,0.5,1,1
12,1877,0.02270386973395944,0.07961905002593994,0.4140625,2,2
12,1878,0.07568772020749749,0.1484755277633667,0.50390625,1,1
12,1879,0.028560996055603027,0.028560996055603027,0.71484375,2,4
12,1880,0.001764059066772461,0.001764059066772461,0.91015625,1,1
13,1861,0.01216137409210205,0.01216137409210205,0.7109375,1,1
13,1881,3.337860107421875e-06,3.337860107421875e-06,0.99609375,1,1
13,1882,0.0,0.11009722948074341,0.09375,1,1
13,1883,0.010421514511108398,0.010421514511108398,0.73046875,1,0
13,1884,0.002917349338531494,0.002917349338531494,0.85546875,2,1
13,1885,0.0,0.10885751247406006,0.296875,2,2
13,1766,0.06591574579942973,0.15270978212356567,0.47265625,1,1
13,1825,0.06285273609682919,0.15251469612121582,0.46484375,3,4
13,1886,0.06740423105657102,0.15977299213409424,0.46875,3,2
13,1887,0.06591574579942973,0.15270978212356567,0.47265625,1,1
13,1888,0.03151240339502693,0.058457791805267334,0.515625,1,1
13,1889,0.0,0.25803935527801514,0.10546875,1,2
13,1890,0.05818227725103498,0.14460837841033936,0.4609375,4,5
13,1891,0.06133048003539444,0.15243303775787354,0.4609375,3,2
13,1892,0.03648879332467914,0.09781289100646973,0.44921875,1,1
13,1893,0.00013196468353271484,0.00013196468353271484,0.984375,2,0
13,1894,0.06665364443324508,0.15441930294036865,0.47265625,2,1
13,1895,0.06426846981048585,0.145599365234375,0.4765625,3,3
13,1896,0.06294379348400982,0.1527356505393982,0.46484375,1,1
13,1897,0.0061103105545043945,0.0061103105545043945,0.8046875,1,0
13,1898,0.027850498328916732,0.08338862657546997,0.43359375,2,2
13,1899,0.011391133535653354,0.08836758136749268,0.3515625,3,3
13,1900,0.0612177427392453,0.15215283632278442,0.4609375,2,3
13,1901,0.05348078522365541,0.1433621048927307,0.44921875,3,3
13,1902,0.0,0.12632131576538086,0.07421875,1,1
13,1903,0.059177096933126457,0.1507396697998047,0.45703125,1,1
13,1904,0.0,0.1259363889694214,0.07421875,1,0
13,1905,0.059849340701475746,0.1452268362045288,0.46484375,2,1
13,1906,0.020442594657652084,0.02048259973526001,0.69921875,3,3
13,1907,0.05847569322213531,0.14189362525939941,0.46484375,2,2
13,1908,0.06314766756258906,0.14629685878753662,0.47265625,3,2
13,1909,0.0,0.12145382165908813,0.08203125,1,1
13,1910,0.05786199937574566,0.14738976955413818,0.45703125,1,1
13,1911,0.06662918999791147,0.14768028259277344,0.48046875,3,5
13,1912,0.012433409690856934,0.012433409690856934,0.72265625,2,2
13,1913,0.061507404316216714,0.1566755771636963,0.45703125,2,1
13,1914,0.03595744096674026,0.07334744930267334,0.49609375,3,2
13,1915,0.06631306000053884,0.15363025665283203,0.47265625,3,5
13,1916,0.06167977349832655,0.14966845512390137,0.46484375,1,1
13,1917,0.021203882526606325,0.07435882091522217,0.4140625,1,0
13,1918,0.0,0.12269699573516846,0.07421875,1,0
13,1919,0.05960722547024489,0.1557086706161499,0.453125,2,2
13,1920,0.0625355950323865,0.15174514055252075,0.46484375,1,1
13,1921,0.0,0.12571805715560913,0.07421875,3,1
13,1922,0.07003586273640396,0.1487898826599121,0.48828125,1,2
13,1923,0.033524016384035356,0.10661053657531738,0.42578125,3,2
13,1924,0.04151564987841994,0.07304471731185913,0.52734375,1,2
13,1925,0.0,0.15146023035049438,0.2890625,2,2
13,1926,0.0,0.10444682836532593,0.18359375,1,0
13,1927,0.0617388237733394,0.12849706411361694,0.4921875,1,1
13,1928,0.0,0.18307757377624512,0.171875,2,3
13,1809,0.0624964067246765,0.15919482707977295,0.45703125,4,4
13,1774,0.06168986763805152,0.16536760330200195,0.44921875,4,3
13,1929,0.06140436721034349,0.1526166796684265,0.4609375,3,2
13,1930,0.06920429877936841,0.15013813972473145,0.484375,1,1
13,1931,0.0,0.1250225305557251,0.07421875,1,0
13,1932,4.208087921142578e-05,4.208087921142578e-05,0.984375,4,2
13,1933,0.053566963411867625,0.1703495979309082,0.42578125,4,4
13,1934,0.04198187682777644,0.10966694355010986,0.453125,4,4
13,1935,0.04205909371376038,0.08411818742752075,0.5,4,4
13,1936,0.06047999858856202,0.17108154296875,0.44140625,5,6
13,1937,0.05373797332867981,0.17089343070983887,0.42578125,4,3
13,1938,0.06788296694867314,0.17291581630706787,0.45703125,4,4
13,1939,0.06397574162110688,0.15900766849517822,0.4609375,4,5
13,1940,0.05832500010728837,0.16967272758483887,0.4375,4,5
13,1941,0.04105707805138082,0.10458320379257202,0.45703125,5,6
13,1942,0.033911032369360335,0.0455707311630249,0.59765625,2,3
13,1943,0.05648857809137554,0.16913539171218872,0.43359375,5,3
13,1944,0.06067892233841122,0.1545652151107788,0.45703125,3,3
13,1945,0.03404264710843564,0.07712316513061523,0.4765625,4,4
13,1946,0.015955090522766113,0.015955090522766113,0.71484375,4,5
13,1947,0.021534765372052792,0.02200758457183838,0.69140625,5,5
13,1948,0.0669314037077129,0.17049193382263184,0.45703125,3,3
13,1949,0.05689495289698244,0.15251421928405762,0.44921875,4,4
13,1950,0.052539854310452945,0.1670832633972168,0.42578125,4,4
13,1951,0.06228262837976218,0.17144465446472168,0.4453125,4,2
13,1952,0.04596092971041799,0.09764313697814941,0.48828125,4,4
13,1953,0.06194955401588232,0.16606372594833374,0.44921875,5,4
13,1954,0.0,0.2718557119369507,0.16796875,1,2
13,1955,0.045412749052047736,0.10764503479003906,0.46875,4,2
13,1956,0.061783762648701675,0.14645040035247803,0.46875,1,1
13,1957,0.053606285946443684,0.17047464847564697,0.42578125,4,3
13,1958,0.0,0.12168902158737183,0.07421875,2,0
13,1959,0.029285987373441465,0.10270154476165771,0.4140625,3,2
13,1960,0.00012558698654174805,0.00012558698654174805,0.984375,1,0
13,1961,0.06129163596779109,0.14528387784957886,0.46875,5,6
13,1962,0.052682183682918556,0.1450176239013672,0.4453125,5,6
13,1963,0.0,0.11366808414459229,0.078125,5,3
13,1964,0.06738916924223305,0.1760370135307312,0.453125,4,4
13,1965,0.05744625558145345,0.15399205684661865,0.44921875,3,2
13,1966,0.05623643752187491,0.1432490348815918,0.45703125,3,4
13,1967,0.013181842165067794,0.013338148593902588,0.6953125,3,1
13,1968,0.06336214859038593,0.16551744937896729,0.453125,3,2
13,1969,0.03314485109876842,0.05456644296646118,0.54296875,4,5
13,1970,0.05666867666877807,0.174785315990448,0.4296875,3,3
13,1971,0.06817764183506371,0.1544555425643921,0.4765625,4,3
13,1972,0.037646725075319416,0.0834420919418335,0.48046875,5,4
13,1973,0.05903470143675805,0.17173731327056885,0.4375,4,4
13,1974,0.042282172478735454,0.07843649387359619,0.515625,4,4
13,1975,0.00017571449279785156,0.00017571449279785156,0.9765625,1,0
13,1875,0.0655137747526169,0.16283035278320312,0.4609375,1,1
13,1836,0.06371613778173925,0.1664421558380127,0.453125,1,1
13,1976,0.06113387329969556,0.1638771891593933,0.44921875,1,1
13,1977,0.0664272913709283,0.15389490127563477,0.47265625,1,1
13,1978,5.8770179748535156e-05,5.8770179748535156e-05,0.984375,1,0
13,1979,0.06617513322271408,0.1773909330368042,0.44921875,2,1
13,1980,0.05338904261589052,0.106778085231781,0.5,2,4
13,1981,0.0,0.2797381281852722,0.09765625,3,5
13,1982,0.05764204869046808,0.1630537509918213,0.44140625,2,4
13,1983,0.03359628771431745,0.053586602210998535,0.55078125,1,1
13,1984,0.039841963676735766,0.07009994983673096,0.52734375,1,2
13,1985,0.06737627461552621,0.17162513732910156,0.45703125,1,1
13,1986,0.040997529868036515,0.07339417934417725,0.5234375,2,3
13,1987,0.04924407659564168,0.1669732928276062,0.41796875,3,6
13,1988,0.0,0.11513495445251465,0.0703125,2,1
13,1989,0.06358288787305356,0.15071499347686768,0.46875,1,1
13,1990,0.06649752706289293,0.1576237678527832,0.46875,1,1
13,1991,0.00014591217041015625,0.00014591217041015625,0.984375,2,1
13,1992,0.06066024350002409,0.15076720714569092,0.4609375,2,3
13,1993,0.03917873371392489,0.0815427303314209,0.4921875,3,4
13,1994,3.5762786865234375e-05,3.5762786865234375e-05,0.984375,1,0
13,1995,0.04201858048327268,0.08745330572128296,0.4921875,1,2
13,1996,0.031715211924165494,0.04152989387512207,0.60546875,1,1
13,1997,0.05363496474456043,0.15171879529953003,0.44140625,2,4
13,1998,0.0,0.21039676666259766,0.1484375,2,3
13,1999,0.00022363662719726562,0.00022363662719726562,0.9609375,2,3
13,2000,0.05061978846788407,0.1661367416381836,0.421875,2,4
13,2001,0.0628635275643319,0.17782390117645264,0.44140625,1,1
13,2002,0.05851528979837895,0.14198970794677734,0.46484375,2,2
13,2003,0.03548858594149352,0.04832488298416138,0.59375,2,4
13,2004,0.04817492165602744,0.16334807872772217,0.41796875,1,1
13,2005,0.03236873459536583,0.18211859464645386,0.37109375,2,3
13,2006,0.0,0.10651540756225586,0.17578125,2,3
13,2007,0.056156343547627344,0.09396094083786011,0.5390625,1,2
13,2008,0.06411313195712866,0.15934914350509644,0.4609375,2,3
13,2009,0.0,0.12608301639556885,0.07421875,2,4
13,2010,0.03564699308481068,0.06734782457351685,0.51171875,2,2
13,2011,0.06382936332374813,0.17570233345031738,0.4453125,2,2
13,2012,0.06416666065342726,0.17200696468353271,0.44921875,1,1
13,2013,0.06190396065358073,0.14341551065444946,0.47265625,1,1
13,2014,0.0,0.13244473934173584,0.28125,1,2
13,2015,0.056054067565128214,0.16783440113067627,0.43359375,2,2
13,2016,0.038688689470291145,0.08393478393554688,0.484375,3,6
13,2017,0.0,0.18816328048706055,0.20703125,1,2
13,2018,0.056071705184876926,0.16788721084594727,0.43359375,1,2
13,2019,0.06211712304502726,0.1543881893157959,0.4609375,2,2
13,2020,0.008361973101273183,0.1044226884841919,0.33203125,1,1
13,2021,0.05753812706097961,0.18297839164733887,0.42578125,1,2
13,2022,0.03789562126621605,0.08585202693939209,0.4765625,2,4
13,2023,0.014439873397350313,0.09127426147460938,0.36328125,2,2
14,1945,0.03864312684163452,0.07438075542449951,0.5078125,4,4
14,1942,0.022571061505004767,0.043445050716400146,0.5078125,2,3
14,2024,7.88569450378418e-05,7.88569450378418e-05,0.96484375,1,0
14,2025,0.03940830612555147,0.07445406913757324,0.51171875,4,4
14,2026,0.01663661003112793,0.01663661003112793,0.73828125,3,3
14,2027,0.04802781692706049,0.07906830310821533,0.54296875,4,5
14,2028,0.03701957874000073,0.0640338659286499,0.53125,2,2
14,2029,0.018842875957489014,0.018842875957489014,0.71875,3,3
14,2030,0.0001424551010131836,0.0001424551010131836,0.9765625,2,3
14,2031,0.022822532337158925,0.1007339358329773,0.390625,3,3
14,2032,0.03548515413422138,0.0723840594291687,0.49609375,4,5
14,1985,0.09357223100960256,0.1735832691192627,0.515625,1,1
14,1990,0.08937934297136964,0.1600077748298645,0.5234375,1,1
14,2033,3.415346145629883e-05,3.415346145629883e-05,0.984375,2,0
14,2034,0.04014624748378993,0.057738423347473145,0.578125,1,2
14,2035,0.1040217576082796,0.1659163236618042,0.55078125,1,1
14,2036,0.08339407853782178,0.1809227466583252,0.484375,1,1
14,2037,0.0,0.114238440990448,0.0703125,1,0
14,2038,0.001569509506225586,0.001569509506225586,0.90234375,2,2
14,2039,0.02607618062756956,0.028650224208831787,0.6640625,1,0
14,2040,0.025196147151291374,0.16974246501922607,0.359375,1,2
14,2041,0.0334739733953029,0.036778271198272705,0.6640625,1,1
14,2042,0.04487770376726986,0.08034050464630127,0.5234375,1,2
14,2043,0.0,0.11773371696472168,0.0703125,2,1
14,2044,0.0015082359313964844,0.0015082359313964844,0.92578125,1,1
14,2045,0.02793518803082407,0.07115828990936279,0.45703125,1,1
14,2046,0.0,0.1202704906463623,0.0703125,1,0
14,2047,0.013264654902741318,0.07897096872329712,0.3671875,1,1
14,2048,0.04982907068915666,0.08920449018478394,0.5234375,1,2
14,2049,0.0,0.12181419134140015,0.0703125,1,0
14,2050,0.006410014349967244,0.09116464853286743,0.328125,1,0
14,2051,0.034349196008406586,0.08749645948410034,0.45703125,2,2
14,2052,0.03135019994806499,0.04105192422866821,0.60546875,1,0
14,2053,0.08828478818759324,0.1731870174407959,0.50390625,2,1
14,2054,0.04444091813638807,0.08554041385650635,0.5078125,3,3
14,2055,0.07176575472112746,0.13076180219650269,0.51953125,2,2
14,2056,0.08406243938952686,0.17147397994995117,0.49609375,1,1
14,2057,0.0,0.12223780155181885,0.0703125,2,2
14,2058,0.0275398453231901,0.050179362297058105,0.51953125,1,2
14,2059,0.055367882363498225,0.09418058395385742,0.53515625,2,2
14,2060,0.0,0.1201215386390686,0.0703125,1,0
14,2061,0.09047323465347291,0.1809464693069458,0.5,1,1
14,2062,0.05922304769046605,0.18266385793685913,0.4296875,1,2
14,2063,0.07145146653056146,0.1401653289794922,0.50390625,1,1
14,2064,0.038686947897076614,0.07176709175109863,0.515625,1,2
14,2065,0.0860985937761143,0.17562741041183472,0.49609375,2,1
14,2066,0.027825451456010345,0.03305482864379883,0.63671875,1,1
14,2067,0.0854355823248625,0.16759777069091797,0.50390625,2,3
14,2068,0.04859509365633131,0.08130943775177002,0.5390625,2,1
14,2069,0.027287412434816364,0.0320439338684082,0.640625,1,0
14,2070,0.090598669834435,0.1680670976638794,0.515625,1,1
14,2071,0.0,0.1113998293876648,0.265625,1,2
14,2072,0.08992700092494489,0.15554940700531006,0.53125,1,1
14,2073,0.007863283157348633,0.007863283157348633,0.8203125,2,1
14,2074,0.03608781646471471,0.04388827085494995,0.62890625,1,2
14,2075,0.013856826350092893,0.17304134368896484,0.33203125,1,1
14,2076,3.3915042877197266e-05,3.3915042877197266e-05,0.984375,2,2
14,2077,0.043671543011441834,0.07428514957427979,0.53515625,1,2
14,1930,0.08550855820067228,0.15307825803756714,0.5234375,1,1
14,1971,0.08401394728571178,0.15585196018218994,0.515625,4,3
14,2078,0.00680851936340332,0.00680851936340332,0.8125,1,1
14,2079,0.08419173257425429,0.1788637638092041,0.48828125,3,4
14,2080,0.05558658298105002,0.12059462070465088,0.484375,5,7
14,2081,0.011836547171697024,0.09934937953948975,0.34765625,4,3
14,2082,3.337860107421875e-05,3.337860107421875e-05,0.984375,3,2
14,2083,0.0677097123116255,0.1468956470489502,0.484375,3,3
14,2084,5.4895877838134766e-05,5.4895877838134766e-05,0.97265625,4,4
14,2085,0.034263601759448654,0.0698922872543335,0.49609375,2,1
14,2086,0.0830308496952057,0.16606169939041138,0.5,3,3
14,2087,0.06987028289586307,0.14252424240112305,0.49609375,4,5
14,2088,4.6133995056152344e-05,4.6133995056152344e-05,0.98046875,1,0
14,2089,0.0002702474594116211,0.0002702474594116211,0.953125,3,1
14,2090,0.01653754711151123,0.01653754711151123,0.75,1,2
14,2091,0.008624568814411765,0.14244449138641357,0.32421875,1,2
14,2092,0.08785216999240221,0.16909891366958618,0.5078125,2,2
14,2093,0.07710596686229111,0.1484144926071167,0.5078125,4,4
14,2094,0.08679525379557164,0.17026501893997192,0.50390625,4,4
14,2095,0.08538697683252396,0.1613215208053589,0.51171875,3,3
14,2096,0.08308385335840286,0.16947782039642334,0.49609375,3,2
14,2097,0.07567347958683969,0.17143726348876953,0.4765625,2,1
14,2098,0.044597279280424125,0.06795775890350342,0.5625,4,4
14,2099,0.08196610934101047,0.16079175472259521,0.50390625,3,6
14,2100,5.334615707397461e-05,5.334615707397461e-05,0.97265625,1,0
14,2101,0.03825867804698647,0.07364076375961304,0.5078125,1,1
14,2102,0.07546186447143556,0.1509237289428711,0.5,4,5
14,2103,0.03552854480221868,0.05944645404815674,0.5390625,1,0
14,2104,0.036924805026501424,0.05464017391204834,0.5703125,4,5
14,2105,0.004049062728881836,0.004049062728881836,0.85546875,1,1
14,2106,0.08418073737993838,0.156161367893219,0.515625,1,1
14,2107,0.048287082114256925,0.0794951319694519,0.54296875,1,1
14,2108,0.04757479834370316,0.0703997015953064,0.5703125,4,5
14,2109,0.05669263971503825,0.08769375085830688,0.55859375,3,2
14,2110,0.03169276681728662,0.08495652675628662,0.44921875,1,1
14,2111,0.09086326556280257,0.16855794191360474,0.515625,4,4
14,2112,0.08834266604389997,0.1669057011604309,0.51171875,4,4
14,2113,0.08147000474855305,0.1511327624320984,0.515625,4,4
14,2114,0.08695859508588911,0.1454993486404419,0.5390625,3,2
14,2115,0.0,0.12184864282608032,0.0703125,1,0
14,2116,0.036159465322270996,0.06050211191177368,0.5390625,4,3
14,2117,0.03167226584628225,0.037193119525909424,0.640625,3,3
14,2118,0.0790050479117781,0.15206986665725708,0.5078125,4,3
14,2119,0.03243624791502953,0.09435999393463135,0.4375,2,2
14,2120,0.0,0.1203048825263977,0.0703125,1,0
14,2121,0.06688676378689708,0.1392114758491516,0.4921875,1,1
14,2122,0.0858237931970507,0.15364259481430054,0.5234375,3,3
14,2123,0.09082162985578181,0.1471540331840515,0.546875,5,5
14,2124,0.04648724058642984,0.08470273017883301,0.51953125,1,2
14,1922,0.08469167072325946,0.15161585807800293,0.5234375,1,2
14,1938,0.09041529614478351,0.17403244972229004,0.5078125,4,4
14,2125,0.054503202438354506,0.10900640487670898,0.5,4,6
14,2126,0.0393327649217099,0.06690490245819092,0.53515625,1,3
14,2127,0.0884756490122527,0.1702989935874939,0.5078125,4,4
14,2128,0.08891239017248155,0.15643692016601562,0.52734375,3,3
14,2129,0.0691775369923562,0.1086469292640686,0.5546875,3,5
14,2130,0.07078101066872479,0.147316575050354,0.4921875,1,2
14,2131,0.045002511469647295,0.18286734819412231,0.3984375,2,2
14,2132,0.0,0.2337437868118286,0.203125,1,2
14,2133,0.07965893077198417,0.15626579523086548,0.50390625,3,4
14,2134,0.044646650785580284,0.07855355739593506,0.52734375,3,2
14,2135,0.08598608477041127,0.14387214183807373,0.5390625,4,3
14,2136,0.014765788801014427,0.09947478771209717,0.359375,3,2
14,2137,0.07739170768763871,0.15181821584701538,0.50390625,2,3
14,2138,0.08864969527348877,0.15079283714294434,0.53515625,3,5
14,2139,0.0,0.12151336669921875,0.0703125,1,0
14,2140,0.02427232870832086,0.03442502021789551,0.58203125,1,1
14,2141,0.0,0.27853333950042725,0.109375,1,3
14,2142,0.06226746854372323,0.14425766468048096,0.47265625,1,1
14,2143,0.027635959908366207,0.08039551973342896,0.4375,2,3
14,2144,0.07124789943918587,0.11189854145050049,0.5546875,5,4
14,2145,0.03702495363540949,0.1876908540725708,0.37890625,1,2
14,2146,0.06718872254714371,0.14576536417007446,0.484375,3,3
14,2147,0.048754626419395215,0.08578133583068848,0.52734375,1,2
14,2148,0.09186317957937719,0.1588984727859497,0.53125,3,4
14,2149,0.06879295688122512,0.11899322271347046,0.53125,1,1
14,2150,0.09052943566348405,0.17759031057357788,0.50390625,5,4
14,2151,0.027636308223009113,0.08039653301239014,0.4375,4,3
14,2152,0.07986386376433076,0.16622072458267212,0.4921875,4,4
14,2153,0.08726787567138673,0.17453575134277344,0.5,4,4
14,2154,0.07911497354507448,0.15822994709014893,0.5,4,4
14,2155,0.040545779629610486,0.06896823644638062,0.53515625,3,3
14,2156,0.022554413997568197,0.18930917978286743,0.34765625,1,2
14,2157,0.08764738216996194,0.14908790588378906,0.53515625,1,2
14,2158,0.07094269793014975,0.16435593366622925,0.47265625,4,4
14,2159,0.034526328789070256,0.07998859882354736,0.47265625,4,5
14,2160,0.057968195062130703,0.09392315149307251,0.546875,3,3
14,2161,0.0,0.20713454484939575,0.28515625,1,2
14,2162,0.08348982478491963,0.1521238088607788,0.51953125,3,4
14,2163,0.061472407076507814,0.1692143678665161,0.4453125,1,2
14,2164,0.07635106192901732,0.13911652565002441,0.51953125,3,2
14,2165,0.08620529982727022,0.13749879598617554,0.55078125,3,3
15,2157,0.09359224233776332,0.1346045732498169,0.578125,1,2
15,1922,0.08833759813569488,0.13664305210113525,0.55859375,1,2
15,2166,0.06916452758014204,0.1196359395980835,0.53125,2,3
15,2167,0.0,0.11131656169891357,0.08984375,1,0
15,2168,0.06313636689446868,0.08061301708221436,0.61328125,1,2
15,2169,0.08204112458042802,0.13085687160491943,0.55078125,1,1
15,2170,0.044623353518545635,0.1513056755065918,0.41796875,1,2
15,2171,0.08379133162088694,0.11721628904342651,0.5859375,1,2
15,2172,0.0,0.09844934940338135,0.16796875,2,2
15,2173,0.06595077516976745,0.1600322127342224,0.46484375,1,2
15,2174,0.09785498282872142,0.1448027491569519,0.5703125,1,3
15,2175,0.09510370425414295,0.13872677087783813,0.57421875,1,2
15,2176,0.009604246588423853,0.1068994402885437,0.3359375,1,2
15,2177,0.003823995590209961,0.003823995590209961,0.87890625,1,1
15,2178,0.07812314550392331,0.12084305286407471,0.55859375,1,2
15,2179,0.010375529527664188,0.09486198425292969,0.34375,1,2
15,2180,0.0,0.24905931949615479,0.12109375,1,2
15,2181,0.035508839646354325,0.09774476289749146,0.4453125,1,2
15,2182,0.07379571837373079,0.09788447618484497,0.6015625,1,2
15,2183,0.04269852745346726,0.08376109600067139,0.50390625,1,2
15,2184,0.0,0.11131000518798828,0.08984375,1,3
15,2185,0.0,0.11170971393585205,0.08984375,2,2
15,2186,0.029479075921699408,0.03910177946090698,0.6015625,1,2
15,2092,0.08167402772232892,0.15430665016174316,0.51171875,2,2
15,2079,0.08742409839760514,0.16517025232315063,0.51171875,3,4
15,2187,0.033261525095440454,0.07705837488174438,0.47265625,1,1
15,2188,0.01768970489501953,0.01768970489501953,0.73046875,3,3
15,2189,0.05695383856073023,0.0968782901763916,0.53515625,2,3
15,2190,0.09185272408649327,0.15624117851257324,0.53515625,2,1
15,2191,0.03123917256016285,0.054963767528533936,0.52734375,4,5
15,2192,0.04629173618741334,0.06752526760101318,0.57421875,2,2
15,2193,0.012592911720275879,0.012592911720275879,0.76171875,3,2
15,2194,0.0320136653026566,0.0905579924583435,0.44140625,3,3
15,2195,0.061183484271168716,0.0892477035522461,0.57421875,2,2
15,2196,0.091946097323671,0.13040554523468018,0.58203125,3,3
15,2197,0.08350082114338876,0.15490007400512695,0.515625,3,4
15,2198,2.6702880859375e-05,2.6702880859375e-05,0.99609375,2,1
15,2199,0.06686728727072479,0.10343217849731445,0.55859375,2,2
15,2200,0.07774847745895387,0.15549695491790771,0.5,2,2
15,2201,0.003250718116760254,0.003250718116760254,0.875,2,1
15,2202,0.07722076866775753,0.11944723129272461,0.55859375,2,2
15,2203,0.0,0.20845568180084229,0.078125,4,6
15,2204,0.027591363526880745,0.06250786781311035,0.4765625,3,4
15,2205,0.008195720147341493,0.09122192859649658,0.3359375,2,2
15,2206,0.07032964448444547,0.14637714624404907,0.4921875,2,2
15,2207,0.0,0.10803365707397461,0.08984375,2,2
15,2208,0.0035570859909057617,0.0035570859909057617,0.859375,3,2
15,2209,0.08035441942047329,0.16391021013259888,0.49609375,2,2
15,2148,0.08501759986393155,0.14225167036056519,0.5390625,3,4
15,2111,0.09553013928234579,0.15478301048278809,0.546875,4,4
15,2210,0.08158621285110713,0.12072873115539551,0.5703125,3,3
15,2211,0.08829095796681942,0.16680800914764404,0.51171875,4,3
15,2212,0.02107715606689453,0.02107715606689453,0.76953125,4,4
15,2213,0.022145353490486745,0.05017000436782837,0.4765625,4,4
15,2214,0.02525000832974911,0.0714254379272461,0.44140625,4,4
15,2215,0.009707055753096942,0.08147561550140381,0.34765625,3,6
15,2216,0.0,0.33037424087524414,0.0859375,4,5
15,2217,0.0702217440120876,0.1523454785346985,0.484375,4,4
15,2218,3.1948089599609375e-05,3.1948089599609375e-05,0.99609375,5,4
15,2219,0.09067962085828186,0.1424170732498169,0.5546875,3,3
15,2220,0.07539336383342744,0.1398601531982422,0.515625,4,4
15,2221,0.027377221500501044,0.09941232204437256,0.41015625,3,4
15,2222,0.08355819433927537,0.15224838256835938,0.51953125,4,4
15,2223,0.0686708358116448,0.14292466640472412,0.4921875,5,5
15,2224,0.06726618250831963,0.12708592414855957,0.51171875,3,4
15,2225,0.09097687201574446,0.14740556478500366,0.546875,3,3
15,2226,0.07437320798635484,0.12050342559814453,0.546875,3,3
15,2227,0.08703181799501182,0.15312814712524414,0.52734375,5,4
15,2228,0.09549480676651002,0.16518020629882812,0.53125,5,5
15,2229,0.091572392731905,0.13953888416290283,0.5625,4,4
15,2230,0.09420335479080678,0.16294634342193604,0.53125,4,3
15,2231,0.00043320655822753906,0.00043320655822753906,0.9609375,4,3
15,2232,0.08983834495302291,0.143293559551239,0.55078125,4,3
15,2233,0.035912954248487956,0.09885716438293457,0.4453125,6,7
15,2234,0.09125134255737068,0.1242571473121643,0.59375,4,4
15,2235,0.008596515282988552,0.07859671115875244,0.34375,4,4
15,2236,0.05457212624605746,0.08193820714950562,0.56640625,4,4
15,2237,0.07734749722294511,0.1315678358078003,0.53515625,3,3
15,2238,0.0,0.10586708784103394,0.08984375,2,1
15,2239,0.0803097636671737,0.12058240175247192,0.56640625,4,4
15,2240,0.08734785160049797,0.14857840538024902,0.53515625,4,4
15,2241,0.06853217119351031,0.15189814567565918,0.48046875,5,5
15,2242,0.08886700426228346,0.14174425601959229,0.55078125,5,5
15,2243,0.08594648446887733,0.15386223793029785,0.5234375,3,3
15,2244,0.0041997432708740234,0.0041997432708740234,0.8515625,4,4
15,2245,0.08593985252082349,0.13924431800842285,0.546875,2,3
15,2246,0.02898722235113383,0.05579495429992676,0.5078125,2,3
15,2247,0.07833796646445991,0.13325262069702148,0.53515625,4,3
15,2248,0.004045844078063965,0.004045844078063965,0.91015625,4,5
15,2249,0.07875564391724767,0.15158981084823608,0.5078125,4,4
15,2250,0.07082050410099329,0.13892757892608643,0.50390625,5,4
15,2251,0.0513180282432586,0.15365397930145264,0.43359375,2,3
15,2252,0.08117384463548662,0.13152217864990234,0.546875,3,2
15,2253,0.07430768792983146,0.1053892970085144,0.58203125,6,6
15,2254,0.08963118167594077,0.1499711275100708,0.5390625,4,2
15,2255,0.06917852465994657,0.14696848392486572,0.48828125,3,2
15,2256,0.08446741127409042,0.15390503406524658,0.51953125,3,3
15,2257,0.02960731461644173,0.04031634330749512,0.59375,4,5
15,2258,0.08057374320924283,0.13937079906463623,0.53125,3,4
15,2259,3.921985626220703e-05,3.921985626220703e-05,0.99609375,4,3
15,2260,0.09024475375190379,0.15099775791168213,0.5390625,5,4
15,2261,0.08943748427554966,0.1426541805267334,0.55078125,4,6
15,2262,0.08769039856269957,0.15698421001434326,0.5234375,4,3
15,2263,0.0,0.11115849018096924,0.08984375,4,4
15,2264,0.08265271747950466,0.12410026788711548,0.56640625,5,6
15,2265,0.09383133333176376,0.15447473526000977,0.54296875,4,3
15,2266,0.09017784520983697,0.14383506774902344,0.55078125,4,4
15,2267,0.08747777296230198,0.15391278266906738,0.52734375,3,3
15,2268,0.09552447125315668,0.1455610990524292,0.5625,4,5
15,2035,0.09077432658523323,0.15188384056091309,0.5390625,1,1
15,1985,0.08967077219858767,0.1605294942855835,0.5234375,1,1
15,2269,2.8073787689208984e-05,2.8073787689208984e-05,0.99609375,1,0
15,2270,0.03249251842498779,0.03249251842498779,0.765625,1,1
15,2271,0.07655137521214785,0.156152606010437,0.49609375,1,1
15,2272,0.02780571451876313,0.0430106520652771,0.55859375,1,0
15,2273,0.08094130875542761,0.14748024940490723,0.51953125,1,1
15,2274,0.08527655666694046,0.13393127918243408,0.5546875,1,1
15,2275,0.04153182939626277,0.06058204174041748,0.57421875,1,2
15,2276,0.08816293242853136,0.15511828660964966,0.52734375,1,1
15,2277,0.06643771147355439,0.08812463283538818,0.6015625,2,2
15,2278,2.7000904083251953e-05,2.7000904083251953e-05,0.99609375,1,0
15,2279,0.03967406298033894,0.055500328540802,0.5859375,1,2
15,2280,0.06573431508149953,0.0907168984413147,0.58984375,1,2
15,2281,0.02780571451876313,0.0430106520652771,0.55859375,1,0
15,2282,0.0,0.11058413982391357,0.08984375,1,0
15,2283,0.04110190703067929,0.05829411745071411,0.58203125,1,2
15,2284,0.03545993473380805,0.059331655502319336,0.5390625,1,2
15,2285,0.08977447031065823,0.13095307350158691,0.57421875,2,2
15,2286,0.08345647528767587,0.1253070831298828,0.56640625,1,1
15,2287,0.0,0.11101460456848145,0.08984375,1,0
15,2288,0.04793918132781984,0.09587836265563965,0.5,2,2
15,2289,0.0006067156791687012,0.0006067156791687012,0.953125,2,2
15,2290,2.9861927032470703e-05,2.9861927032470703e-05,0.99609375,1,0
15,2291,0.08971724705770613,0.15011513233184814,0.5390625,1,1
15,2292,0.039809874724596746,0.0625234842300415,0.5546875,2,2
15,2293,0.03305912809446455,0.06363260746002197,0.5078125,1,1
15,2294,0.06291510083246978,0.11886543035507202,0.51171875,2,2
15,2295,0.08995188935659827,0.1530078649520874,0.53515625,1,1
15,2296,0.0901113278232515,0.14372897148132324,0.55078125,1,1
15,2297,0.03700444428250194,0.05902266502380371,0.55078125,1,1
15,2298,0.09108620195183904,0.15493732690811157,0.53515625,1,1
15,2299,0.032761729322373874,0.05666893720626831,0.53125,1,2
15,2300,0.08422031952068211,0.14091765880584717,0.5390625,1,1
15,2301,0.08918953465763481,0.13796085119247437,0.55859375,1,1
15,2302,0.0904315256047994,0.1513102650642395,0.5390625,1,1
15,2303,0.0,0.11171185970306396,0.08984375,1,0
15,2304,0.012775071896612646,0.09212446212768555,0.35546875,1,1
15,2305,0.0,0.1109471321105957,0.08984375,1,0
15,2306,0.0,0.18984580039978027,0.0859375,1,2
15,2307,0.08449402661062778,0.15963447093963623,0.51171875,2,2
16,2300,0.08087536320090295,0.15002965927124023,0.515625,1,1
16,2286,0.0841141127748415,0.13416332006454468,0.55078125,1,1
16,2308,0.08118426566943528,0.14283967018127441,0.52734375,1,1
16,2309,0.0011241436004638672,0.0011241436004638672,0.9453125,1,0
16,2310,0.08408896322362126,0.13412320613861084,0.55078125,1,2
16,2311,0.003800451988354328,0.0926586389541626,0.31640625,1,0
16,2312,0.054143619490787394,0.09209811687469482,0.53515625,2,2
16,2313,0.07890652678906919,0.1463773250579834,0.515625,1,1
16,2314,0.043534241383895285,0.06536519527435303,0.56640625,1,2
16,2315,0.08674178225919606,0.14754748344421387,0.53515625,1,1
16,2316,0.08624251373112203,0.1491762399673462,0.53125,1,2
16,2317,0.0458493521437049,0.07548189163208008,0.54296875,1,1
16,2318,0.0002803802490234375,0.0002803802490234375,0.98828125,1,1
16,2319,0.09670167230069639,0.15187501907348633,0.5546875,1,1
16,2320,0.0010030269622802734,0.0010030269622802734,0.94921875,1,0
16,2321,0.0,0.11155712604522705,0.08203125,1,1
16,2322,0.0775468358770013,0.13413506746292114,0.53125,2,3
16,2323,0.000306546688079834,0.000306546688079834,0.96875,1,0
16,2298,0.09288878808729352,0.16343319416046143,0.52734375,1,1
16,2035,0.09495156118646265,0.15887320041656494,0.5390625,1,1
16,2324,0.03452241979539395,0.07489609718322754,0.484375,1,0
16,2325,0.0700119733810425,0.14002394676208496,0.5,2,3
16,2326,0.0842460533604026,0.1508181095123291,0.5234375,1,1
16,2327,0.038294231286272414,0.09754550457000732,0.45703125,1,1
16,2328,0.083125663921237,0.16000127792358398,0.5078125,1,1
16,2329,0.0,0.11987501382827759,0.07421875,1,0
16,2330,0.09498035768046977,0.1700347661972046,0.5234375,1,1
16,2331,0.06730301957577468,0.11841630935668945,0.52734375,2,2
16,2332,0.09566993918269874,0.15259504318237305,0.55078125,1,1
16,2333,0.026316165924072266,0.026316165924072266,0.734375,1,1
16,2334,0.0,0.0,1.0,1,0
16,2335,0.09289722342509778,0.1634480357170105,0.52734375,1,1
16,2336,0.03296434041112662,0.07813769578933716,0.46875,1,1
16,2337,0.08227815304417165,0.13995486497879028,0.53515625,1,1
16,2338,0.002065300941467285,0.002065300941467285,0.921875,1,0
16,2339,0.0,0.20611464977264404,0.12109375,1,2
16,2340,0.0,0.0,1.0,1,0
16,2341,0.07859243836719544,0.15417367219924927,0.50390625,1,1
16,2342,0.07245291327126326,0.13945823907852173,0.5078125,2,2
16,2343,0.09171025373507292,0.1509827971458435,0.54296875,1,1
16,2344,0.09498631255701186,0.17307114601135254,0.51953125,2,3
16,2345,0.0,0.1132996678352356,0.07421875,1,0
16,2346,3.224611282348633e-05,3.224611282348633e-05,0.99609375,1,0
16,2347,0.09844310022890569,0.15950274467468262,0.546875,1,1
16,2348,0.07958495023194702,0.16907674074172974,0.48828125,1,1
16,2349,0.07677828334271909,0.17394018173217773,0.4765625,1,2
16,2350,0.0,0.11453354358673096,0.07421875,1,0
16,2351,0.045671929256059236,0.07768779993057251,0.53515625,1,1
16,2234,0.08302468433976175,0.1345210075378418,0.546875,4,4
16,2261,0.08181855781003834,0.15177935361862183,0.515625,4,6
16,2352,0.0,0.11790937185287476,0.07421875,4,3
16,2353,0.02706015110015869,0.02706015110015869,0.734375,4,6
16,2354,0.0,0.20741713047027588,0.0859375,2,3
16,2355,0.03296401351690293,0.07813692092895508,0.46875,4,4
16,2356,0.0,0.10023820400238037,0.2578125,3,2
16,2357,0.0001601689727976941,0.08200651407241821,0.30078125,3,4
16,2358,0.0831126195844263,0.1390642523765564,0.5390625,4,5
16,2359,0.0,0.11262392997741699,0.07421875,4,4
16,2360,0.06079686782322825,0.08390295505523682,0.58984375,3,2
16,2361,0.0801244725007564,0.14599192142486572,0.51953125,2,2
16,2362,0.08598116459324957,0.16866803169250488,0.50390625,4,5
16,2363,0.045647405320778496,0.05828297138214111,0.61328125,3,3
16,2364,0.08427169034257533,0.15086400508880615,0.5234375,4,6
16,2365,0.0,0.20037561655044556,0.14453125,4,7
16,2366,0.045407596975564964,0.06919252872467041,0.5625,3,4
16,2367,0.08517265599220993,0.1498570442199707,0.52734375,4,6
16,2368,0.08869952359236778,0.15087759494781494,0.53515625,3,2
16,2369,0.0,0.10880661010742188,0.28125,4,3
16,2370,0.09695792105048896,0.1499772071838379,0.55859375,4,3
16,2371,0.05494734807871283,0.09045994281768799,0.54296875,3,3
16,2372,0.08296391833573581,0.14350515604019165,0.53125,4,4
16,2373,0.08841077552642675,0.15555435419082642,0.52734375,4,6
16,2374,0.061886699870228774,0.09157800674438477,0.5703125,4,4
16,2375,0.07550694653764368,0.11337113380432129,0.56640625,3,1
16,2111,0.09223191579803826,0.1622774600982666,0.52734375,4,4
16,2268,0.09438425349071623,0.15292638540267944,0.546875,4,5
16,2376,0.08774052117951216,0.14924633502960205,0.53515625,5,4
16,2377,0.044271771796047694,0.07657819986343384,0.53125,4,5
16,2378,0.08382119843736292,0.1402498483657837,0.5390625,4,3
16,2379,0.09218055848032237,0.1621870994567871,0.52734375,3,3
16,2380,0.04203545581549407,0.07270997762680054,0.53125,5,5
16,2381,0.08278359472751619,0.14319324493408203,0.53125,5,3
16,2382,0.03871429525315762,0.08399033546447754,0.484375,3,3
16,2383,0.09049126552417876,0.15141022205352783,0.5390625,4,4
16,2384,0.0,0.10858297348022461,0.08203125,4,3
16,2385,0.088712215423584,0.1588134765625,0.5234375,5,5
16,2386,0.039599773474037654,0.06416165828704834,0.546875,3,2
16,2387,0.09023891203105451,0.1485605239868164,0.54296875,4,2
16,2388,0.0,0.1169741153717041,0.07421875,3,4
16,2389,0.0,0.09422051906585693,0.19921875,6,6
16,2390,0.07471601990982892,0.12300515174865723,0.54296875,3,3
16,2391,0.08465868234634401,0.169317364692688,0.5,4,4
16,2392,0.09437482245266439,0.16324293613433838,0.53125,5,7
16,2393,0.004896879196166992,0.004896879196166992,0.875,4,5
16,2394,0.0350512235891074,0.049712538719177246,0.58203125,4,3
16,2395,0.0,0.12066221237182617,0.07421875,4,3
16,2396,0.08958513801917435,0.1603761911392212,0.5234375,3,4
16,2397,0.023634791374206543,0.023634791374206543,0.7578125,1,1
16,2398,0.0846781439613551,0.1599823236465454,0.51171875,3,1
16,2399,0.08858520444482566,0.15322846174240112,0.53125,4,4
16,2400,0.08862838149070741,0.1533031463623047,0.53125,5,5
16,2401,0.09163852874189617,0.16123342514038086,0.52734375,5,5
16,2402,0.06582043692469598,0.10029780864715576,0.5625,3,2
16,2403,0.0786145052406937,0.10849225521087646,0.58984375,3,3
16,2404,0.05449163261801005,0.07948637008666992,0.57421875,5,5
16,2405,0.07926271995529534,0.1649695634841919,0.4921875,4,5
16,2406,0.0896222139708698,0.16329741477966309,0.51953125,5,7
16,2407,0.09663487528450788,0.17299669981002808,0.5234375,6,5
16,2408,0.019677281379699707,0.019677281379699707,0.76171875,3,3
16,2409,4.00543212890625e-05,4.00543212890625e-05,0.9921875,4,2
16,2410,0.06957607716321947,0.10602068901062012,0.5625,3,3
16,2411,0.09637038153596224,0.17252320051193237,0.5234375,2,1
16,2412,0.09492167597636582,0.14907944202423096,0.5546875,5,4
16,2413,0.09164661285467447,0.1558905839920044,0.53515625,3,2
16,2414,0.08929655235260726,0.15189313888549805,0.53515625,3,3
16,2415,9.59634780883789e-05,9.59634780883789e-05,0.98828125,2,0
16,2416,0.04073691065423191,0.07991302013397217,0.50390625,5,4
16,2417,0.08118963125161828,0.15339148044586182,0.51171875,4,5
16,2418,0.0,0.12027525901794434,0.07421875,4,4
16,2419,0.03230606950819493,0.03793740272521973,0.640625,4,2
16,2420,0.027535907691344622,0.08244669437408447,0.43359375,3,3
16,2421,0.0933185499161482,0.16418933868408203,0.52734375,3,4
16,2422,0.005874335765838623,0.005874335765838623,0.8515625,6,6
16,2423,0.08532297122292222,0.13400417566299438,0.5546875,3,2
16,2424,0.04072007769718767,0.05135142803192139,0.6171875,4,4
16,2425,0.08621455519460143,0.14665067195892334,0.53515625,4,3
16,2174,0.0997623100411147,0.15431511402130127,0.55859375,1,3
16,2175,0.09392363019287588,0.14751195907592773,0.5546875,1,2
16,2426,0.0429661674425006,0.07308530807495117,0.53515625,1,2
16,2427,0.04090955352876336,0.061424314975738525,0.56640625,2,4
16,2428,0.09421402215957643,0.14356422424316406,0.5625,1,3
16,2429,0.048550641164183624,0.08397948741912842,0.53125,1,1
16,2430,0.08554863324388863,0.14314019680023193,0.5390625,2,3
16,2431,0.04808392189443112,0.07327073812484741,0.5625,1,2
16,2432,0.08141293446533383,0.1432420015335083,0.52734375,1,2
16,2433,0.09150391072034837,0.15827703475952148,0.53125,1,3
16,2434,0.03319782309699804,0.07691079378128052,0.47265625,1,1
16,2435,0.0,0.0,1.0,1,2
16,2436,0.010497578652575616,0.13109171390533447,0.33203125,1,2
16,2437,0.03296434041112662,0.07813769578933716,0.46875,1,1
16,2438,0.06472137290984394,0.18307924270629883,0.44140625,1,3
16,2439,0.09266614867374302,0.14553701877593994,0.5546875,1,3
16,2440,0.08147385832853617,0.129952073097229,0.55078125,1,1
16,2441,0.031096938299015168,0.032760560512542725,0.6796875,1,1
16,2442,0.05438686988782138,0.18441110849380493,0.41796875,1,2
16,2443,0.08041849941946567,0.1640409231185913,0.49609375,1,2
16,2444,0.03365881356876344,0.07797878980636597,0.47265625,1,1
16,2445,0.09791663382202388,0.1514601707458496,0.55859375,1,3
16,2446,0.035603207536041744,0.0576862096786499,0.546875,1,3
16,2447,0.0,0.11158257722854614,0.2109375,1,3
17,2327,0.02912079216912389,0.09260773658752441,0.42578125,1,1
17,2338,0.0020238757133483887,0.0020238757133483887,0.91015625,1,0
17,2448,0.0,0.09109294414520264,0.25390625,1,0
17,2449,0.0015530586242675781,0.0015530586242675781,0.9453125,2,2
17,2450,0.0,0.2365078330039978,0.23828125,1,1
17,2351,0.03733288915827871,0.07770097255706787,0.4921875,1,1
17,2363,0.03375818021595479,0.05469679832458496,0.546875,3,3
17,2451,0.0,0.10580950975418091,0.11328125,1,0
17,2452,0.01424358040094376,0.0759657621383667,0.375,4,3
17,2453,0.031760456971824176,0.06890404224395752,0.484375,3,3
17,2454,0.062424920499324806,0.13543033599853516,0.484375,2,2
17,2455,0.0,0.10037052631378174,0.12890625,1,0
17,2456,0.03272283356636763,0.08133053779602051,0.4609375,2,2
17,2457,0.0077710747718811035,0.0077710747718811035,0.828125,1,0
17,2458,0.01917941309511662,0.06725931167602539,0.4140625,5,5
17,2316,0.07320699095726015,0.14641398191452026,0.5,1,2
17,2286,0.06595401722006501,0.12938106060028076,0.50390625,1,1
17,2459,0.03558933688327671,0.06850278377532959,0.5078125,1,2
17,2460,0.03175976185593755,0.08513611555099487,0.44921875,1,1
17,2461,0.043622664175927646,0.06747674942016602,0.55859375,1,1
17,2462,0.07310914527624847,0.1264590620994568,0.53125,1,1
17,2463,0.07832962879911066,0.14798808097839355,0.51171875,1,2
17,2464,0.003084421157836914,0.003084421157836914,0.8984375,1,2
17,2465,0.045445519732311375,0.07481706142425537,0.54296875,1,2
17,2466,0.07174544595181943,0.13554859161376953,0.51171875,1,1
17,2467,0.01954868203029037,0.06855428218841553,0.4140625,1,0
17,2468,0.0,0.09826678037643433,0.21484375,1,2
17,2469,0.0,0.11584550142288208,0.10546875,2,2
17,2470,0.028696135850623257,0.048812031745910645,0.53515625,1,1
17,2471,0.05374264030251653,0.17090827226638794,0.42578125,1,2
17,2472,0.06797151162754746,0.11959248781204224,0.52734375,1,1
17,2473,0.06737020472064616,0.14021766185760498,0.4921875,1,1
17,2474,0.004081249237060547,0.004081249237060547,0.89453125,2,3
17,2475,0.06358141894452275,0.14092504978179932,0.48046875,1,1
17,2476,0.0,0.1152603030204773,0.10546875,1,0
17,2477,0.06950017926283182,0.14176928997039795,0.49609375,1,1
17,2370,0.07142570579890163,0.14569705724716187,0.49609375,4,3
17,2407,0.08226737938821317,0.17122316360473633,0.4921875,6,5
17,2478,0.0025893449783325195,0.0025893449783325195,0.90234375,4,3
17,2479,0.07779536873567851,0.15869015455245972,0.49609375,3,2
17,2480,0.06790384370833637,0.1473168134689331,0.484375,4,4
17,2481,0.014214657247066501,0.07581150531768799,0.375,2,0
17,2482,0.06502250488847496,0.135331392288208,0.4921875,4,4
17,2483,0.06388782942667605,0.13860410451889038,0.484375,4,5
17,2484,0.04108789190649987,0.07355594635009766,0.5234375,5,8
17,2485,0.010961776366457347,0.09200704097747803,0.34765625,5,5
17,2486,0.04360020370222629,0.06954300403594971,0.55078125,3,1
17,2487,0.050695588812232024,0.0772504210472107,0.5625,3,2
17,2488,0.0,0.09903115034103394,0.140625,4,2
17,2489,0.0,0.19272077083587646,0.2578125,5,8
17,2490,0.06797609664499761,0.14441394805908203,0.48828125,5,4
17,2491,0.07773464918136598,0.15546929836273193,0.5,4,5
17,2492,0.001955814892426136,0.09103429317474365,0.30859375,4,5
17,2493,0.0,0.11574792861938477,0.10546875,2,0
17,2494,0.07591875689104201,0.1548621654510498,0.49609375,5,6
17,2495,0.0,0.11592316627502441,0.10546875,4,4
17,2496,0.07233959436416627,0.14467918872833252,0.5,4,3
17,2497,0.05556151736527682,0.14514029026031494,0.453125,4,3
17,2498,0.05622696271166207,0.10065805912017822,0.5234375,4,4
17,2499,0.06780320405960084,0.1305084228515625,0.5078125,4,4
17,2500,0.07103407045360656,0.15091055631637573,0.48828125,4,3
17,2501,0.07212595618329944,0.15986359119415283,0.48046875,3,3
17,2502,0.06267270375974478,0.15576905012130737,0.4609375,6,7
17,2503,0.011032525682821872,0.08558565378189087,0.3515625,4,4
17,2504,0.07480355654843153,0.15568870306015015,0.4921875,3,5
17,2505,0.030717907589860264,0.03922086954116821,0.61328125,3,1
17,2506,0.05908072460442782,0.1400431990623474,0.46875,4,5
17,2507,0.0,0.17566698789596558,0.12109375,3,3
17,2508,0.00472235027700663,0.09299397468566895,0.3203125,4,4
17,2509,0.050497777760028846,0.08734750747680664,0.53125,2,2
17,2510,0.06921727862209083,0.12840306758880615,0.515625,3,1
17,2511,0.07687687408179046,0.1600039005279541,0.4921875,4,3
17,2512,0.07578558730892838,0.14587301015853882,0.5078125,4,4
17,2513,0.07021573302336039,0.13774120807647705,0.50390625,4,3
17,2514,0.0658845901489258,0.13176918029785156,0.5,4,5
17,2515,0.07234114687889816,0.14756441116333008,0.49609375,3,3
17,2516,0.07465314329601826,0.14369326829910278,0.5078125,2,1
17,2517,0.0,0.11592340469360352,0.10546875,3,1
17,2518,0.07697052089497448,0.16019880771636963,0.4921875,4,2
17,2519,0.007217801874503496,0.09013450145721436,0.33203125,5,4
17,2520,0.06843289802782239,0.13424384593963623,0.50390625,4,3
17,2521,0.07960282196290792,0.16911470890045166,0.48828125,3,3
17,2522,0.029666884336620576,0.0943443775177002,0.42578125,4,4
17,2523,0.0,0.11132347583770752,0.10546875,3,2
17,2524,0.07740289997309448,0.16109871864318848,0.4921875,4,4
17,2525,0.0,0.10507035255432129,0.11328125,2,1
17,2526,0.0,0.08794999122619629,0.29296875,4,3
17,2527,0.08229125011712314,0.14731860160827637,0.5234375,5,7
17,2528,0.07199630001559855,0.14984595775604248,0.4921875,4,3
17,2529,0.0,0.08963656425476074,0.2734375,3,2
17,2530,0.0,0.11326682567596436,0.10546875,2,0
17,2347,0.07412703020963819,0.15748149156570435,0.48828125,1,1
17,2319,0.06690870481543244,0.14829981327056885,0.48046875,1,1
17,2531,0.0,0.20599722862243652,0.06640625,1,2
17,2532,0.07856950443238021,0.1635267734527588,0.4921875,1,1
17,2533,0.06868686969392003,0.14592397212982178,0.48828125,1,2
17,2534,0.025207617669366304,0.06116729974746704,0.46484375,1,1
17,2535,0.020294547080993652,0.020294547080993652,0.76171875,1,1
17,2536,0.07475951733067633,0.16219013929367065,0.484375,1,1
17,2537,0.00013178586959838867,0.00013178586959838867,0.98828125,1,0
17,2538,0.05228759243618698,0.09878689050674438,0.51171875,2,3
17,2539,0.0023355484008789062,0.0023355484008789062,0.8984375,1,1
17,2540,0.02262115012854338,0.062268972396850586,0.4453125,3,4
17,2541,0.07350724935531618,0.14701449871063232,0.5,1,1
17,2542,0.0,0.11568868160247803,0.10546875,1,0
17,2543,0.01989423448685557,0.0674559473991394,0.41796875,1,0
17,2544,0.07381408149376513,0.1601390242576599,0.484375,1,1
17,2545,0.00019115209579467773,0.00019115209579467773,0.98046875,1,0
17,2546,0.0001684427261352539,0.0001684427261352539,0.98046875,2,1
17,2547,0.06904624076560141,0.14979523420333862,0.484375,1,1
17,2548,0.054620755836367614,0.15035390853881836,0.4453125,1,1
17,2549,0.06964756641536952,0.1479649543762207,0.48828125,1,1
17,2550,0.0348479945678264,0.06349527835845947,0.51953125,1,2
17,2551,0.0,0.20010221004486084,0.10546875,1,2
17,2552,0.06136179249733687,0.16029202938079834,0.453125,1,1
17,2553,0.06284662929829211,0.13351649045944214,0.48828125,1,1
17,2554,0.07497093977872284,0.15292876958847046,0.49609375,1,1
17,2555,0.002871215343475342,0.002871215343475342,0.92578125,1,1
17,2556,0.00037932395935058594,0.00037932395935058594,0.9765625,2,1
17,2557,0.059770278632640846,0.15613460540771484,0.453125,1,2
17,2558,0.07166866306215526,0.15548455715179443,0.484375,1,1
17,2559,0.06845164811238648,0.14850527048110962,0.484375,1,1
17,2560,0.00010865926742553711,0.00010865926742553711,0.98828125,1,0
17,2174,0.06785115972161294,0.1503887176513672,0.48046875,1,3
17,2445,0.06390686880331488,0.14805573225021362,0.47265625,1,3
17,2561,0.04664011765271426,0.08811712265014648,0.51171875,2,2
17,2562,0.0,0.12809395790100098,0.24609375,1,3
17,2563,0.05259468534495682,0.1574764847755432,0.43359375,1,2
17,2564,0.07231885194778444,0.14463770389556885,0.5,1,2
17,2565,0.0,0.19320309162139893,0.17578125,1,3
17,2566,0.04005865752696992,0.11994171142578125,0.43359375,1,2
17,2567,0.06798731815069915,0.1261214017868042,0.515625,2,3
17,2568,0.02798874815925956,0.030751585960388184,0.6640625,1,1
17,2569,0.06613930128514768,0.1297445297241211,0.50390625,2,4
17,2570,0.06108702253550292,0.1681535243988037,0.4453125,1,2
17,2571,0.06825907854363324,0.12896180152893066,0.51171875,1,1
17,2572,0.028940588934347037,0.06148374080657959,0.48828125,1,2
17,2573,0.067532807122916,0.14651185274124146,0.484375,1,3
17,2574,0.0264780716970563,0.09968215227127075,0.40625,1,2
17,2575,0.07569488300941886,0.14301025867462158,0.51171875,1,3
17,2576,0.0413271978031844,0.08601433038711548,0.4921875,1,3
17,2577,0.0,0.17801570892333984,0.109375,1,2
17,2578,0.0,0.11198967695236206,0.10546875,1,2
17,2579,0.03484422573819757,0.10747134685516357,0.4296875,1,2
17,2580,0.031398387160152204,0.06159377098083496,0.50390625,1,3
17,2581,0.0678808093070984,0.13576161861419678,0.5,1,3
17,2582,0.061763840727508075,0.1339961290359497,0.484375,1,2
17,2583,0.06381259951740505,0.1328132152557373,0.4921875,2,3
17,2584,0.06154054403305055,0.1184539794921875,0.5078125,1,3
17,2585,0.028791125630959872,0.059922993183135986,0.4921875,1,3
18,2461,0.05286819115281106,0.06506854295730591,0.625,1,1
18,2327,0.044521315488964326,0.09458470344543457,0.48828125,1,1
18,2586,0.0,0.11893463134765625,0.0859375,1,0
18,2587,0.0,0.09292185306549072,0.21875,1,1
18,2588,0.004999931901693348,0.09846019744873047,0.3203125,1,1
18,2589,0.0,0.11893701553344727,0.0859375,2,1
18,2590,0.026625785976648334,0.07745683193206787,0.4375,1,0
18,2591,0.02656866237521172,0.07729065418243408,0.4375,1,0
18,2575,0.09511606581509115,0.14493876695632935,0.5625,1,3
18,2581,0.09417277364991607,0.1393539309501648,0.5703125,1,3
18,2592,0.04952373204287142,0.09023541212081909,0.51953125,1,3
18,2593,0.09202999097760768,0.1423545479774475,0.55859375,2,4
18,2594,0.08689340366981925,0.12323939800262451,0.58203125,1,3
18,2595,0.026775066973641518,0.05934560298919678,0.48046875,1,2
18,2596,0.03983946749940515,0.08126616477966309,0.49609375,1,2
18,2597,0.06433287449181081,0.18715018033981323,0.4375,1,3
18,2598,0.0003293988993391441,0.1686522364616394,0.30078125,1,3
18,2599,0.055776010733097806,0.10735833644866943,0.5078125,1,2
18,2600,0.07348835561424495,0.16288328170776367,0.48046875,1,2
18,2601,0.0,0.11894643306732178,0.0859375,1,3
18,2602,0.039341901428997524,0.09114503860473633,0.47265625,2,5
18,2603,0.09657567506656052,0.12978148460388184,0.59765625,1,3
18,2604,0.09818470664322378,0.15908408164978027,0.546875,1,3
18,2605,0.00828245840966702,0.1631007194519043,0.3203125,1,2
18,2606,0.0,0.2664238214492798,0.05078125,2,5
18,2607,0.03864803723990918,0.17058444023132324,0.390625,1,3
18,2608,0.04853751312475652,0.0825621485710144,0.53515625,1,3
18,2609,0.037921000272035606,0.06242942810058594,0.54296875,1,3
18,2610,0.0,0.1168069839477539,0.25,1,3
18,2511,0.1028803117806092,0.1640956997871399,0.55078125,4,3
18,2512,0.09509713971056045,0.14709889888763428,0.55859375,4,4
18,2611,0.051443119067698724,0.07196414470672607,0.5859375,4,4
18,2612,0.1056091863429174,0.16335922479629517,0.55859375,1,1
18,2613,0.09758495306596161,0.15326225757598877,0.5546875,1,1
18,2614,0.0,0.11014509201049805,0.0859375,3,2
18,2615,0.041130924830213196,0.06459826231002808,0.5546875,1,2
18,2616,0.10965963220223786,0.16962456703186035,0.55859375,3,1
18,2617,0.10383239272050561,0.15590083599090576,0.56640625,4,3
18,2618,0.061642925720661886,0.07156729698181152,0.64453125,4,3
18,2619,0.04229912674054504,0.07195067405700684,0.53515625,4,3
18,2620,0.002459108829498291,0.002459108829498291,0.94140625,4,3
18,2621,0.001592874526977539,0.001592874526977539,0.9375,4,2
18,2622,0.01463615894317627,0.01463615894317627,0.8203125,1,1
18,2623,0.10397327318787576,0.15843546390533447,0.5625,4,3
18,2624,0.09996415965724738,0.1594443917274475,0.55078125,1,1
18,2625,0.10285905841737987,0.1615455150604248,0.5546875,4,4
18,2626,0.09098485065624119,0.1628819704055786,0.5234375,1,1
18,2627,0.047595325391739614,0.08829277753829956,0.515625,2,2
18,2628,0.052242176607251174,0.09352445602416992,0.5234375,1,2
18,2629,0.08340702869463713,0.16361838579177856,0.50390625,5,6
18,2630,0.09955981373786928,0.16131210327148438,0.546875,4,3
18,2631,0.03947272058576346,0.07192182540893555,0.51953125,1,1
18,2632,0.040863990783691406,0.040863990783691406,0.734375,1,1
18,2633,0.0,0.11567723751068115,0.0859375,4,3
18,2463,0.10167482774704696,0.15045523643493652,0.5703125,1,2
18,2536,0.10705315112136306,0.16559278964996338,0.55859375,1,1
18,2634,0.06072286842390896,0.09996819496154785,0.54296875,1,2
18,2635,0.03354850108735264,0.07435858249664307,0.48046875,1,1
18,2636,0.07377672381699087,0.14472675323486328,0.50390625,2,2
18,2637,0.07252654433250429,0.0892634391784668,0.625,1,1
18,2638,0.007697939872741699,0.007697939872741699,0.91796875,2,2
18,2639,0.0,0.11894720792770386,0.0859375,1,0
18,2640,0.07287281542085113,0.10056841373443604,0.58984375,1,2
18,2641,0.09433470107614995,0.152846097946167,0.546875,1,2
18,2642,0.10522956959903242,0.1492452621459961,0.58203125,1,1
18,2643,0.057456202805042274,0.08755230903625488,0.5625,1,2
18,2644,0.0,0.10839998722076416,0.08984375,1,2
18,2645,0.0,0.09251725673675537,0.22265625,1,1
18,2646,0.09145372593775393,0.13340258598327637,0.57421875,1,1
18,2647,0.06729123182594778,0.08925676345825195,0.6015625,1,1
18,2648,0.05910905438940973,0.08622175455093384,0.57421875,1,3
18,2649,0.026629883795976642,0.07746875286102295,0.4375,1,2
18,2650,0.10866645188070835,0.16315901279449463,0.56640625,1,1
18,2651,0.10363817028701307,0.1579248309135437,0.5625,1,2
18,2652,0.0997349312528968,0.14145231246948242,0.58203125,1,2
18,2653,0.10445711482316257,0.1719679832458496,0.54296875,1,1
18,2654,0.02652305364608765,0.07715797424316406,0.4375,1,1
18,2655,0.08732810523360969,0.1311202049255371,0.56640625,1,2
18,2656,0.0,0.16982221603393555,0.1015625,1,3
18,2657,0.0,0.1936461329460144,0.0703125,1,2
18,2658,0.08889653580263258,0.15640902519226074,0.52734375,1,2
18,2659,0.10253115836530925,0.16103053092956543,0.5546875,1,1
18,2660,0.0,0.3178781270980835,0.0625,2,3
18,2661,0.04912779550068081,0.07376372814178467,0.56640625,1,2
18,2662,0.10008572228252889,0.15718984603881836,0.5546875,1,1
18,2532,0.10280010756105186,0.16656219959259033,0.546875,1,1
18,2554,0.10559162590652706,0.1562511920928955,0.5703125,1,1
18,2663,0.0,0.11893647909164429,0.0859375,2,1
18,2664,0.10527118016034366,0.17056596279144287,0.546875,1,1
18,2665,0.09959381725639106,0.14737582206726074,0.5703125,1,1
18,2666,0.10499034426175059,0.14489233493804932,0.58984375,1,1
18,2667,0.05283991782926024,0.07707703113555908,0.57421875,1,2
18,2668,0.07960302871651949,0.09916484355926514,0.62109375,2,2
18,2669,0.10064838721882553,0.15568572282791138,0.55859375,1,1
18,2670,0.1028418061323464,0.1479073166847229,0.578125,1,1
18,2671,0.038399024168029434,0.06996548175811768,0.51953125,1,1
18,2672,0.1042036763392389,0.1636573076248169,0.5546875,1,1
18,2673,0.00022298097610473633,0.00022298097610473633,0.9765625,1,0
18,2674,0.05177605617791415,0.08389031887054443,0.546875,1,2
18,2675,0.09874359518289567,0.17079973220825195,0.53125,1,1
18,2676,0.09464598982594909,0.146401047706604,0.55859375,1,1
18,2677,0.08583408314734699,0.15922844409942627,0.515625,1,1
18,2678,0.10125238029286267,0.14769577980041504,0.57421875,1,1
18,2679,0.1039704348659143,0.16082435846328735,0.55859375,1,1
18,2680,0.1022512740455568,0.16309237480163574,0.55078125,1,2
18,2527,0.10712019586935641,0.14985120296478271,0.5859375,5,7
18,2407,0.1090699788182974,0.17396831512451172,0.55078125,6,5
18,2681,0.09684114111587407,0.15942978858947754,0.54296875,3,4
18,2682,0.10783753870055081,0.17200255393981934,0.55078125,3,1
18,2683,0.0349598340690136,0.03760385513305664,0.671875,6,5
18,2684,0.10771979950368406,0.16414445638656616,0.5625,3,4
18,2685,0.10473052645102145,0.1549769639968872,0.5703125,3,3
18,2686,0.10712189483456315,0.16569912433624268,0.55859375,3,3
18,2687,0.02866500616073609,0.05733001232147217,0.5,3,4
18,2688,0.09294752031564714,0.1459789276123047,0.5546875,3,3
18,2689,0.10287112696096302,0.16156446933746338,0.5546875,3,3
18,2690,0.0952941484283656,0.15944641828536987,0.5390625,6,4
18,2691,0.09889016544912012,0.15773135423660278,0.55078125,5,8
18,2692,0.06249894434586168,0.06584250926971436,0.6796875,4,4
18,2693,0.10516896820627154,0.14915931224822998,0.58203125,4,1
18,2694,0.10109641263261439,0.16125035285949707,0.55078125,5,7
18,2695,0.09551569027826191,0.14774632453918457,0.55859375,4,6
18,2696,0.0455953081836924,0.07052809000015259,0.55859375,4,2
18,2697,0.10086884116753937,0.16877400875091553,0.5390625,5,7
18,2698,0.11467996425926687,0.16042661666870117,0.5859375,5,7
18,2699,0.10493049630895258,0.1623094081878662,0.55859375,3,2
18,2700,0.10772833460941912,0.16663718223571777,0.55859375,3,3
18,2701,0.09507631324231626,0.17020654678344727,0.5234375,7,6
18,2702,0.08424446848221125,0.13231033086776733,0.5546875,3,3
18,2703,0.10823015600908549,0.16741341352462769,0.55859375,4,2
18,2704,0.0,0.10547745227813721,0.09765625,4,3
18,2705,0.10713905096054079,0.16325950622558594,0.5625,3,4
18,2706,0.11173589155077936,0.1653432846069336,0.5703125,6,6
18,2707,0.061741418438032276,0.0808480978012085,0.60546875,4,4
18,2708,0.002993531525135043,0.09579300880432129,0.3125,5,2
18,2709,0.041841865517199046,0.07237511873245239,0.53125,6,9
18,2710,0.04803797462955118,0.07108509540557861,0.5703125,2,1
18,2711,0.10272679058834912,0.16644340753555298,0.546875,5,7
18,2712,0.09667619690299036,0.16722369194030762,0.53125,3,2
18,2713,0.10379591677337886,0.1605544090270996,0.55859375,6,8
18,2714,0.005526423454284668,0.005526423454284668,0.87890625,3,1
18,2715,0.10706269741058351,0.16314315795898438,0.5625,3,3
18,2716,0.07433182373642923,0.11326754093170166,0.5625,5,7
18,2717,0.1020298234652728,0.16273915767669678,0.55078125,5,4
18,2718,0.10995574155822398,0.1726912260055542,0.5546875,6,4
18,2719,0.10533997043967248,0.16051805019378662,0.5625,5,3
18,2720,0.0,0.10676795244216919,0.08984375,3,1
18,2721,0.09548093751072885,0.14128971099853516,0.5703125,5,7
18,2722,0.0007575750350952148,0.0007575750350952148,0.953125,3,2
18,2723,0.10282505396753551,0.16149210929870605,0.5546875,6,5
19,2618,0.05862259259447456,0.07392799854278564,0.6171875,4,3
19,2634,0.06117787677794696,0.10582119226455688,0.53125,1,2
19,2724,0.05752587202005089,0.07344949245452881,0.61328125,4,3
19,2725,0.0,0.10104912519454956,0.2265625,1,2
19,2726,0.005526363849639893,0.005526363849639893,0.859375,4,3
19,2727,0.0016449146205559397,0.07656329870223999,0.30859375,1,1
19,2728,0.050549964420497424,0.08894014358520508,0.52734375,4,2
19,2729,0.08727087196893991,0.12208384275436401,0.5859375,4,3
19,2730,0.059548132354393615,0.10477197170257568,0.52734375,1,2
19,2731,0.03126702993176878,0.07243764400482178,0.47265625,2,2
19,2732,0.06388130655977876,0.09060174226760864,0.58203125,1,3
19,2733,0.053059050813317306,0.08463001251220703,0.55078125,4,4
19,2662,0.11056379880756141,0.16127824783325195,0.57421875,1,1
19,2658,0.08527120715007187,0.1641310453414917,0.5078125,1,2
19,2734,0.03668041701894254,0.08130031824111938,0.48046875,1,0
19,2735,0.05296391411684455,0.10194557905197144,0.5078125,1,2
19,2736,0.04619967378675938,0.1121053695678711,0.46484375,1,2
19,2737,0.0810909343417734,0.09633076190948486,0.63671875,2,2
19,2738,0.10431893449276687,0.13837122917175293,0.6015625,1,1
19,2739,0.09718396875541659,0.1653096079826355,0.53515625,1,1
19,2740,0.0,0.0992136001586914,0.28125,1,1
19,2741,0.03835489554330707,0.05675637722015381,0.5703125,1,1
19,2742,0.09267490846104921,0.181799054145813,0.50390625,1,1
19,2612,0.10082007315941156,0.16869240999221802,0.5390625,1,1
19,2554,0.10631081834435464,0.16199743747711182,0.5625,1,1
19,2743,0.10085110331419857,0.1774424910545349,0.52734375,1,1
19,2744,0.06903759855777027,0.07751590013504028,0.65625,2,3
19,2745,0.11343983956612648,0.16088974475860596,0.58203125,1,1
19,2746,0.0,0.20987439155578613,0.25,1,2
19,2747,0.05747847724705935,0.06828069686889648,0.63671875,1,2
19,2748,0.053420747630298145,0.06995248794555664,0.60546875,1,1
19,2749,0.0,0.11239081621170044,0.0703125,1,0
19,2750,0.0,0.19386982917785645,0.078125,1,2
19,2751,3.981590270996094e-05,3.981590270996094e-05,0.9921875,1,0
19,2752,0.1117686392972246,0.1542467474937439,0.58984375,1,1
19,2753,0.08560541120823474,0.1409323811531067,0.54296875,1,1
19,2754,0.0,0.0,1.0,1,0
19,2755,0.012918641790747648,0.1837317943572998,0.328125,1,2
19,2756,0.0,0.23261243104934692,0.13671875,2,3
19,2757,0.0,0.11354601383209229,0.0703125,1,0
19,2758,0.09807036828715356,0.17869049310684204,0.51953125,1,1
19,2759,0.09007776807993652,0.16710078716278076,0.515625,1,1
19,2760,0.0,0.11805129051208496,0.0703125,1,0
19,2761,0.04579564835876227,0.05141967535018921,0.65625,1,1
19,2762,0.10636433050967754,0.17510783672332764,0.54296875,1,1
19,2763,0.08079616574104877,0.1288711428642273,0.55078125,1,1
19,2764,0.10131154861301185,0.16415035724639893,0.546875,1,1
19,2703,0.1084096629638225,0.17291510105133057,0.55078125,4,2
19,2715,0.10574448318220676,0.1686640977859497,0.55078125,3,3
19,2765,0.10706050042062999,0.15397465229034424,0.578125,5,5
19,2766,0.1052979953819886,0.1791115403175354,0.53515625,5,4
19,2767,0.09421710809692742,0.16866838932037354,0.5234375,4,3
19,2768,0.09331684187054635,0.1287822723388672,0.58984375,4,4
19,2769,0.08390964288264514,0.15021586418151855,0.5234375,4,4
19,2770,0.09607807442080231,0.16342848539352417,0.53515625,3,3
19,2771,0.09911252011079343,0.15331000089645386,0.55859375,4,2
19,2772,0.0,0.18881607055664062,0.109375,1,2
19,2773,0.04764539911411703,0.08529525995254517,0.5234375,4,3
19,2774,0.00015473365783691406,0.00015473365783691406,0.98046875,2,1
19,2775,0.10209389962255956,0.17659485340118408,0.53125,4,2
19,2776,0.07045729423407467,0.08180075883865356,0.64453125,1,1
19,2777,0.01881563663482666,0.01881563663482666,0.77734375,1,1
19,2778,0.11306631308980288,0.16035997867584229,0.58203125,3,3
19,2779,0.07599451579153539,0.08924126625061035,0.640625,5,4
19,2780,0.041955037042498596,0.04512810707092285,0.671875,4,3
19,2781,0.03117549419403076,0.03117549419403076,0.734375,3,2
19,2782,0.04864473151974381,0.07524502277374268,0.55859375,2,2
19,2783,0.04985648207366467,0.06974458694458008,0.5859375,4,2
19,2784,0.08985174261033536,0.1554192304611206,0.53125,4,5
19,2785,0.06453533819876613,0.08039438724517822,0.62109375,2,2
19,2650,0.10714259441010655,0.16827303171157837,0.5546875,1,1
19,2536,0.10693495755549522,0.17056292295455933,0.55078125,1,1
19,2786,0.07338542258366944,0.1700150966644287,0.47265625,1,1
19,2787,0.11591541906818749,0.16440081596374512,0.58203125,1,1
19,2788,0.10350811388343574,0.1509861946105957,0.57421875,1,1
19,2789,0.0,0.11651796102523804,0.0703125,1,0
19,2790,0.10201588459312917,0.1764599084854126,0.53125,1,1
19,2791,0.05535776424221695,0.08694225549697876,0.5546875,1,1
19,2792,0.10663796914741398,0.17555832862854004,0.54296875,1,1
19,2793,0.048632055753842,0.06803172826766968,0.5859375,1,1
19,2794,0.006180375814437871,0.19777202606201172,0.3125,1,2
19,2795,0.0,0.11821305751800537,0.0703125,1,0
19,2796,0.10989683493971826,0.15805387496948242,0.578125,1,1
19,2797,0.0,0.1191895604133606,0.0703125,1,0
19,2798,0.11078844033181669,0.1528940200805664,0.58984375,1,1
19,2799,0.10548969916999341,0.1682577133178711,0.55078125,1,1
19,2800,0.10673894919455053,0.16510677337646484,0.55859375,1,1
19,2801,0.0834499364718795,0.1200178861618042,0.578125,2,2
19,2802,0.05644613201729954,0.08475196361541748,0.56640625,1,1
19,2803,0.1120750466361642,0.16584515571594238,0.5703125,1,2
19,2804,0.09978899452835323,0.13236260414123535,0.6015625,2,2
19,2805,0.0,0.21859312057495117,0.03515625,1,2
19,2806,0.09933245717547835,0.1809900999069214,0.51953125,1,1
19,2616,0.11292919726110996,0.17468202114105225,0.55859375,3,1
19,2682,0.1131581246154383,0.17503613233566284,0.55859375,3,1
19,2807,0.07330023590475322,0.08914422988891602,0.62890625,1,1
19,2808,0.10883150389418007,0.1522451639175415,0.5859375,2,1
19,2809,0.10589149105362596,0.17432940006256104,0.54296875,3,3
19,2810,0.004617810249328613,0.004617810249328613,0.89453125,4,2
19,2811,0.11150000663474204,0.15813851356506348,0.58203125,4,3
19,2812,0.11718258354812862,0.15543389320373535,0.6015625,2,1
19,2813,0.10884991055354477,0.15227091312408447,0.5859375,3,1
19,2814,0.10806754231452943,0.15117645263671875,0.5859375,1,1
19,2815,0.0033392906188964844,0.0033392906188964844,0.921875,4,3
19,2816,0.0,0.11543959379196167,0.0703125,2,0
19,2817,0.10977366543374957,0.15569007396697998,0.58203125,1,1
19,2818,0.10407765489071609,0.1686321496963501,0.546875,3,1
19,2819,0.07741863559931518,0.09644365310668945,0.62109375,3,2
19,2820,0.09473247989080848,0.15595829486846924,0.54296875,2,2
19,2821,0.045660922536626465,0.06855833530426025,0.56640625,3,1
19,2822,0.0619028740329668,0.07903808355331421,0.61328125,4,3
19,2823,0.1135814249282703,0.16109055280685425,0.58203125,3,2
19,2824,0.10474152863025667,0.14262676239013672,0.59375,3,2
19,2825,0.04288465343415738,0.06948399543762207,0.546875,3,0
19,2826,0.09287949628196658,0.11858928203582764,0.61328125,2,2
19,2698,0.11105478007812054,0.16674500703811646,0.56640625,5,7
19,2706,0.10469447588548066,0.17235875129699707,0.54296875,6,6
19,2827,0.048015478067100055,0.06538277864456177,0.59375,4,3
19,2828,0.04996805568225683,0.09802162647247314,0.50390625,3,3
19,2829,0.04031267203390599,0.0548938512802124,0.59375,6,7
19,2830,0.07487022329587491,0.18167561292648315,0.46484375,5,7
19,2831,0.08298520219977946,0.11769646406173706,0.58203125,5,7
19,2832,0.09707894898019732,0.17080557346343994,0.52734375,6,4
19,2833,0.10027368040755393,0.16508078575134277,0.54296875,6,6
19,2834,0.11461065383628012,0.16959726810455322,0.5703125,4,5
19,2835,0.10095784720033409,0.16102933883666992,0.55078125,5,4
19,2836,0.1170717536006123,0.15330111980438232,0.60546875,7,6
19,2837,0.09292632364667953,0.16349923610687256,0.52734375,5,4
19,2838,0.0,0.11897468566894531,0.0703125,3,3
19,2839,6.717443466186523e-05,6.717443466186523e-05,0.9921875,3,3
19,2840,0.11586176359560342,0.15989547967910767,0.58984375,6,6
19,2841,0.11705665360204877,0.17074930667877197,0.57421875,6,6
19,2842,0.10100260935723783,0.1636497974395752,0.546875,6,5
19,2843,0.11019757390022279,0.16792011260986328,0.5625,5,5
19,2844,0.10529432352632286,0.16537022590637207,0.5546875,6,5
19,2845,0.10383461206220092,0.16561782360076904,0.55078125,3,4
19,2846,0.049980355193838484,0.07849675416946411,0.5546875,3,4
19,2847,0.09486581012606622,0.17598295211791992,0.515625,7,4
19,2848,0.11265209363773467,0.16669905185699463,0.5703125,6,5
19,2849,1.1324882507324219e-05,1.1324882507324219e-05,1.0,3,4
19,2850,0.006136536598205566,0.006136536598205566,0.89453125,5,5
19,2851,0.058762186672538526,0.15751957893371582,0.44921875,5,7
19,2852,0.0949593900004402,0.1730220913887024,0.51953125,5,7
19,2853,0.023305878043174747,0.05056190490722656,0.484375,6,6
19,2854,0.11693780962377788,0.15923446416854858,0.59375,6,3
19,2855,0.07898932741954924,0.14653092622756958,0.515625,5,6
19,2856,0.0,0.1045026183128357,0.22265625,3,4
19,2857,0.09846247988753022,0.1732398271560669,0.52734375,3,5
19,2858,0.0,0.0,1.0,7,5
19,2859,0.03946025704499335,0.07189911603927612,0.51953125,3,2
20,2612,0.09215773455798627,0.15940797328948975,0.53125,1,1
20,2804,0.08508464146871121,0.124112069606781,0.57421875,2,2
20,2860,0.09701742790639402,0.15237092971801758,0.5546875,1,1
20,2861,0.0,0.11862796545028687,0.05859375,1,0
20,2862,0.04820005642250181,0.10456961393356323,0.484375,2,2
20,2863,0.09680254734121264,0.16466081142425537,0.53515625,1,1
20,2864,0.07035458344034852,0.10262548923492432,0.57421875,2,2
20,2865,0.09338029799982907,0.156244158744812,0.5390625,1,1
20,2866,0.09662212617695333,0.1517500877380371,0.5546875,1,1
20,2867,0.08119195932522418,0.1656186580657959,0.49609375,1,1
20,2868,0.09143147396389396,0.150523841381073,0.54296875,1,1
20,2869,0.008349505718797449,0.08382248878479004,0.33984375,1,1
20,2870,0.02971091843210161,0.03793513774871826,0.61328125,1,0
20,2871,0.08391312719322742,0.15289509296417236,0.51953125,1,1
20,2872,0.09943534643389286,0.15860092639923096,0.55078125,1,1
20,2873,0.040849383920431144,0.05874967575073242,0.578125,2,2
20,2874,0.049278420396149165,0.06536412239074707,0.6015625,1,1
20,2752,0.09588707238435747,0.14611363410949707,0.5625,1,1
20,2762,0.0988804316148162,0.16544699668884277,0.5390625,1,1
20,2875,0.0960595802171156,0.15814310312271118,0.54296875,2,2
20,2876,0.0,0.20798861980438232,0.09765625,1,2
20,2877,0.09909380634780975,0.1487860083580017,0.56640625,1,1
20,2878,0.04331129556521774,0.06058847904205322,0.5859375,1,1
20,2879,0.0996948324609548,0.1695805788040161,0.53515625,1,1
20,2880,0.003520369529724121,0.003520369529724121,0.921875,1,1
20,2881,0.09294064238201828,0.1580917239189148,0.53515625,1,1
20,2882,0.10814887564629318,0.16985344886779785,0.5546875,1,1
20,2883,0.004083096981048584,0.004083096981048584,0.890625,1,1
20,2884,0.03441333770751953,0.03441333770751953,0.7109375,1,1
20,2885,0.0,0.2558555603027344,0.0390625,1,2
20,2886,0.10366923548281194,0.1556558609008789,0.56640625,1,1
20,2803,0.10560826142318548,0.15627580881118774,0.5703125,1,2
20,2658,0.08645079599227758,0.15210586786270142,0.52734375,1,2
20,2887,0.09400069876573981,0.13909929990768433,0.5703125,1,1
20,2888,0.08936341828666629,0.14253604412078857,0.55078125,1,2
20,2889,0.04927297588437796,0.06799936294555664,0.58984375,1,2
20,2890,0.05455772462300957,0.06557172536849976,0.6328125,2,3
20,2891,0.05414652801118792,0.08129918575286865,0.56640625,1,2
20,2892,0.0002722740173339844,0.0002722740173339844,0.98046875,1,1
20,2893,0.0,0.08777207136154175,0.22265625,1,1
20,2894,0.043509043287485845,0.06257480382919312,0.578125,1,2
20,2895,0.08454470755532385,0.15135276317596436,0.5234375,1,1
20,2896,0.025655388832092285,0.025655388832092285,0.75390625,1,1
20,2897,0.08599213720299305,0.1512988805770874,0.52734375,1,1
20,2778,0.1038810593308881,0.1515302062034607,0.57421875,3,3
20,2616,0.10410247533582152,0.16604506969451904,0.55078125,3,1
20,2898,0.08198415103834124,0.11017292737960815,0.59765625,3,4
20,2899,0.046399801969528205,0.07070446014404297,0.5625,3,3
20,2900,0.09265370061621071,0.1455174684524536,0.5546875,4,4
20,2901,0.0,0.18347477912902832,0.25390625,2,3
20,2902,0.03000915050506592,0.030364990234375,0.6953125,3,3
20,2903,0.10439639352262021,0.16395998001098633,0.5546875,5,7
20,2904,0.09541891515254976,0.14986038208007812,0.5546875,6,8
20,2905,0.03369941201526672,0.07807284593582153,0.47265625,2,2
20,2906,0.057143793324939914,0.08104604482650757,0.58203125,1,1
20,2907,2.9921531677246094e-05,2.9921531677246094e-05,0.99609375,3,1
20,2908,0.09429901395924391,0.1659144163131714,0.52734375,6,7
20,2909,0.09721370739862324,0.15751081705093384,0.546875,3,3
20,2910,0.001599133014678955,0.001599133014678955,0.9375,4,2
20,2911,3.24249267578125e-05,3.24249267578125e-05,0.99609375,2,1
20,2912,0.08828312624245883,0.14304101467132568,0.546875,3,3
20,2913,0.0,0.11837977170944214,0.05859375,5,7
20,2914,0.09360361914150418,0.15661782026290894,0.5390625,5,7
20,2915,0.09177467040717603,0.14413690567016602,0.5546875,4,4
20,2916,0.030294374097138647,0.03065359592437744,0.6953125,4,2
20,2917,0.0,0.28652894496917725,0.08203125,3,4
20,2918,0.0982760861515999,0.15923213958740234,0.546875,2,2
20,2919,0.0,0.11862790584564209,0.05859375,3,0
20,2920,0.0,0.16850411891937256,0.2890625,1,2
20,2921,0.0003451108932495117,0.0003451108932495117,0.97265625,1,0
20,2745,0.09670140664093198,0.1518746018409729,0.5546875,1,1
20,2765,0.0892982294317335,0.1470118761062622,0.54296875,5,5
20,2922,0.07142633642069997,0.11048424243927002,0.55859375,5,5
20,2923,0.0835817602928728,0.11854255199432373,0.58203125,1,2
20,2924,0.0,0.2099895477294922,0.12109375,1,2
20,2925,0.09502993733622135,0.146994948387146,0.55859375,5,5
20,2926,0.10119323653634639,0.1614047884941101,0.55078125,1,1
20,2927,0.09495010063983501,0.15887075662612915,0.5390625,1,1
20,2928,0.09489278309047224,0.15877485275268555,0.5390625,2,2
20,2929,0.09877298353239895,0.1551281213760376,0.5546875,1,1
20,2930,0.0016607309225946689,0.07729947566986084,0.30859375,1,1
20,2931,0.10045059490948917,0.1553797721862793,0.55859375,1,1
20,2932,0.0,0.09457015991210938,0.28125,1,0
20,2933,0.0,0.0,1.0,2,3
20,2934,0.09563384391367437,0.13378286361694336,0.5859375,6,7
20,2935,0.10782921523787083,0.16679322719573975,0.55859375,1,1
20,2787,0.10422316333279015,0.1542261838912964,0.5703125,1,1
20,2798,0.09266751492395998,0.14553916454315186,0.5546875,1,1
20,2936,0.1010081742424518,0.1562422513961792,0.55859375,1,1
20,2937,0.09734260104596616,0.14833158254623413,0.5625,1,1
20,2938,0.09235028363764287,0.14072424173355103,0.5625,1,1
20,2939,0.09866709774360062,0.15986567735671997,0.546875,1,1
20,2940,0.0285638845525682,0.07862746715545654,0.4453125,1,0
20,2941,0.10624433355405928,0.16434168815612793,0.55859375,1,1
20,2942,0.09498262451961638,0.15892517566680908,0.5390625,1,1
20,2943,0.0687544383108616,0.18925952911376953,0.4453125,1,2
20,2944,0.0854239754844457,0.16757500171661377,0.50390625,2,3
20,2945,0.0,0.10684090852737427,0.0625,1,0
20,2946,0.09002830786630513,0.15063560009002686,0.5390625,2,3
20,2947,0.0,0.1186261773109436,0.05859375,1,0
20,2948,3.0040740966796875e-05,3.0040740966796875e-05,0.99609375,1,0
20,2949,3.123283386230469e-05,3.123283386230469e-05,0.99609375,1,0
20,2950,0.001980006694793701,0.001980006694793701,0.95703125,2,2
20,2951,0.0,0.11853551864624023,0.05859375,1,0
20,2952,0.10049558873288335,0.16029202938079834,0.55078125,1,1
20,2953,0.0,0.11190509796142578,0.05859375,1,1
20,2954,0.07117283763363959,0.1171720027923584,0.54296875,2,2
20,2955,0.00963144097477198,0.08805888891220093,0.34375,1,0
20,2956,0.03935199975967407,0.03935199975967407,0.71875,2,4
20,2812,0.09890794206876309,0.14850693941116333,0.56640625,2,1
20,2836,0.0951301082968712,0.1449601650238037,0.5625,7,6
20,2957,0.04687099740840495,0.07361334562301636,0.5546875,2,4
20,2958,4.9233436584472656e-05,4.9233436584472656e-05,0.99609375,2,1
20,2959,0.040894130012020476,0.06842416524887085,0.5390625,7,3
20,2960,0.10490713361650707,0.1699761152267456,0.546875,3,5
20,2961,0.09877116885036231,0.16003429889678955,0.546875,3,1
20,2962,0.03513312432914973,0.05517840385437012,0.5546875,6,5
20,2963,0.029796382645145062,0.07589924335479736,0.45703125,2,1
20,2964,0.0,0.11192119121551514,0.05859375,2,0
20,2965,0.02976250648498535,0.02976250648498535,0.703125,6,6
20,2966,0.01145946979522705,0.01145946979522705,0.8046875,6,6
20,2967,0.0,0.10996031761169434,0.05859375,7,6
20,2968,0.08873576449695976,0.13725894689559937,0.55859375,3,3
20,2969,0.03425136581063271,0.04664015769958496,0.59375,7,7
20,2970,0.04550189385190607,0.06831955909729004,0.56640625,7,5
20,2971,0.0,0.19402432441711426,0.26953125,5,4
20,2972,0.09095311537384988,0.13859522342681885,0.5625,8,7
20,2973,0.09315813472494484,0.15093976259231567,0.546875,5,7
20,2974,0.0,0.14164280891418457,0.2265625,3,3
20,2975,0.030087011400610212,0.07300734519958496,0.46484375,2,0
20,2976,0.0,0.11853402853012085,0.05859375,7,6
20,2977,0.0,0.11157357692718506,0.05859375,2,0
20,2978,0.0031110048294067383,0.0031110048294067383,0.9296875,3,4
20,2979,0.0,0.1120837926864624,0.05859375,5,4
20,2980,0.03715280548203737,0.07019275426864624,0.51171875,2,2
20,2981,0.0957470654975623,0.14168351888656616,0.5703125,4,5
20,2982,0.07211474305950107,0.09952223300933838,0.58984375,2,1
20,2983,0.0,0.11861151456832886,0.05859375,2,1
20,2984,0.0298380816821009,0.09488880634307861,0.42578125,7,7
20,2985,0.10507206828333439,0.162528395652771,0.55859375,2,2
20,2986,0.03970797336660326,0.07789456844329834,0.50390625,7,6
20,2987,0.0,0.11851608753204346,0.05859375,5,3
20,2988,0.026310086250305176,0.026310086250305176,0.7109375,2,1
20,2989,0.09901179419830443,0.16042417287826538,0.546875,7,5
20,2990,0.0035953521728515625,0.0035953521728515625,0.9140625,7,6
20,2991,0.10001948243007065,0.15471291542053223,0.55859375,1,1
20,2992,0.057156116468831904,0.07887852191925049,0.58984375,7,7
20,2993,0.044926550122909255,0.0818590521812439,0.51953125,6,3
20,2994,0.1005841000005603,0.1579725742340088,0.5546875,6,4
20,2995,0.07551738736219706,0.11015641689300537,0.57421875,6,7
21,2942,0.06889462261460723,0.17123323678970337,0.4609375,1,1
21,2798,0.07508879271335901,0.15628236532211304,0.4921875,1,1
21,2996,0.0,0.1484360694885254,0.1640625,2,3
21,2997,0.0,0.1214989423751831,0.0625,3,2
21,2998,3.248453140258789e-05,3.248453140258789e-05,0.984375,2,1
21,2999,0.04236118856351823,0.10279113054275513,0.46484375,3,4
21,3000,0.07865646190475674,0.16710418462753296,0.48828125,1,1
21,3001,0.002995014190673828,0.002995014190673828,0.890625,1,0
21,3002,0.03424072230700404,0.06984561681747437,0.49609375,1,2
21,3003,0.023686870932579044,0.06890726089477539,0.4375,1,3
21,3004,0.0,0.11996984481811523,0.0625,1,1
21,3005,0.0,0.12414848804473877,0.0625,1,0
21,3006,0.055537327891215696,0.09942346811294556,0.5234375,1,1
21,3007,0.0,0.19623637199401855,0.24609375,1,3
21,3008,0.0,0.12609583139419556,0.0625,1,0
21,3009,0.041361147304996855,0.07961243391036987,0.5078125,1,1
21,3010,0.046728929388336844,0.09531956911087036,0.49609375,2,3
21,3011,0.0,0.11610347032546997,0.06640625,1,0
21,3012,0.0,0.11178117990493774,0.1171875,1,1
21,3013,0.0002808412536978762,0.14379072189331055,0.30078125,1,2
21,3014,6.616115570068359e-06,6.616115570068359e-06,0.9921875,1,2
21,3015,0.0010594725608825684,0.0010594725608825684,0.94921875,2,2
21,3016,0.03454966528806836,0.09773164987564087,0.44140625,1,2
21,2952,0.0809560234192759,0.1719895601272583,0.48828125,1,1
21,2944,0.06836141878739001,0.1785767674446106,0.453125,2,3
21,3017,0.0,0.19715875387191772,0.20703125,1,2
21,3018,0.06866861600428821,0.12738525867462158,0.515625,2,2
21,3019,0.05636523454450072,0.10270106792449951,0.51953125,1,2
21,3020,0.032954517984762795,0.07001125812530518,0.48828125,1,1
21,3021,0.03306448459625245,0.068817138671875,0.4921875,1,1
21,3022,0.0,0.10579943656921387,0.1953125,2,1
21,3023,0.069283434888348,0.1441996693611145,0.4921875,2,2
21,2985,0.07423541508615018,0.17596542835235596,0.46875,2,2
21,2960,0.06654879497364165,0.1831880807876587,0.4453125,3,5
21,3024,0.037598317489027984,0.05996990203857422,0.55078125,3,3
21,3025,0.06032394419889898,0.18061906099319458,0.43359375,3,4
21,3026,5.0187110900878906e-05,5.0187110900878906e-05,0.98828125,3,3
21,3027,0.0587880127131939,0.17101967334747314,0.4375,5,7
21,3028,0.035552225192077465,0.0604742169380188,0.53515625,5,7
21,3029,0.08229132089763881,0.17127299308776855,0.4921875,6,3
21,3030,0.0752409570850432,0.16676783561706543,0.48046875,3,4
21,3031,0.005834208335727457,0.0963585376739502,0.32421875,7,4
21,3032,0.03158079832792283,0.04812312126159668,0.5625,4,2
21,3033,0.04855043068528176,0.14123761653900146,0.4375,3,2
21,3034,0.0,0.11422574520111084,0.07421875,5,6
21,3035,0.0,0.12619006633758545,0.0625,1,0
21,3036,0.0,0.12477666139602661,0.0625,2,1
21,3037,3.6835670471191406e-05,3.6835670471191406e-05,0.984375,4,1
21,3038,0.07415230874903501,0.15753519535064697,0.48828125,3,5
21,3039,0.030503377085551623,0.033514440059661865,0.6640625,3,4
21,3040,0.0,0.10282456874847412,0.26171875,3,1
21,3041,0.023350367788225416,0.07917475700378418,0.41796875,3,2
21,3042,6.288290023803711e-05,6.288290023803711e-05,0.984375,2,1
21,3043,0.07368323486298324,0.17879533767700195,0.46484375,3,3
21,3044,0.07966645318083466,0.16924989223480225,0.48828125,2,2
21,3045,0.0,0.1262350082397461,0.0625,2,0
21,3046,0.021040555555373437,0.10162985324859619,0.3828125,5,7
21,3047,0.0782520475331694,0.17344176769256592,0.48046875,5,7
21,3048,0.07326584681868555,0.17366719245910645,0.46875,2,1
21,3049,0.0789169128984213,0.17120957374572754,0.484375,7,7
21,3050,0.001573324203491211,0.001573324203491211,0.94140625,3,4
21,3051,0.0,0.21320152282714844,0.28515625,1,1
21,3052,0.039290929213166244,0.05650830268859863,0.578125,5,8
21,3053,0.0,0.12540936470031738,0.0625,3,2
21,3054,0.07460445654578508,0.17283928394317627,0.47265625,6,9
21,2803,0.07774140965193511,0.16865932941436768,0.484375,1,2
21,2787,0.08352866768836976,0.1670573353767395,0.5,1,1
21,3055,0.06853370647877456,0.17457342147827148,0.45703125,1,1
21,3056,0.05615838966332377,0.17859065532684326,0.42578125,1,3
21,3057,0.08408675063401462,0.1715235710144043,0.49609375,2,2
21,3058,0.0007339119911193848,0.0007339119911193848,0.9609375,2,2
21,3059,0.042784634511917836,0.08727383613586426,0.49609375,1,1
21,3060,0.0,0.12600040435791016,0.0625,1,1
21,3061,0.07426458643749358,0.16824543476104736,0.4765625,1,1
21,3062,0.054480051621794715,0.10106444358825684,0.515625,2,2
21,3063,0.07273906725458802,0.154532790184021,0.48828125,1,2
21,3064,0.045830019982531674,0.09736502170562744,0.48828125,1,2
21,3065,0.06049499311484398,0.09959304332733154,0.54296875,1,1
21,3066,0.0,0.1749051809310913,0.140625,1,3
21,3067,0.023906489135697487,0.07602560520172119,0.42578125,1,1
21,3068,0.0,0.22631734609603882,0.0859375,1,3
21,3069,0.08249147725291552,0.17525160312652588,0.48828125,1,1
21,3070,0.036977161420509226,0.07117408514022827,0.5078125,2,4
21,3071,0.03149943053722382,0.07136154174804688,0.4765625,1,1
21,3072,0.01650918764062226,0.07974249124526978,0.3828125,1,1
21,3073,0.03363410173915327,0.09514176845550537,0.44140625,1,1
21,2941,0.07765013957396151,0.17591536045074463,0.4765625,1,1
21,2886,0.0713603049516678,0.16915035247802734,0.46875,1,1
21,3074,0.03537023777607829,0.05823010206222534,0.54296875,1,1
21,3075,0.07679042220115663,0.15358084440231323,0.5,1,1
21,3076,0.07480317796580495,0.1732996702194214,0.47265625,1,2
21,3077,0.02405530167743564,0.028576135635375977,0.63671875,1,0
21,3078,0.02405530167743564,0.028576135635375977,0.63671875,1,0
21,3079,0.0,0.12517136335372925,0.0625,1,0
21,3080,0.022899508476257324,0.022899508476257324,0.7421875,1,1
21,3081,0.01317175012081862,0.12042742967605591,0.34375,1,1
21,3082,0.0,0.1133391261100769,0.078125,1,0
21,3083,0.0,0.20158565044403076,0.04296875,1,2
21,3084,0.0,0.12150251865386963,0.0625,1,0
21,3085,0.0,0.1255413293838501,0.0625,1,0
21,3086,0.06648475443944336,0.16935420036315918,0.45703125,1,1
21,3087,0.0,0.12278294563293457,0.0625,1,0
21,3088,0.023117071366868917,0.03687208890914917,0.55078125,1,1
21,3089,0.004847884178161621,0.004847884178161621,0.859375,1,0
21,3090,0.022466383874416355,0.023668289184570312,0.6796875,1,0
21,3091,0.0,0.21119952201843262,0.0234375,2,3
21,3092,0.020889916224405173,0.08164608478546143,0.40234375,1,0
21,3093,0.04083044640719891,0.07574343681335449,0.515625,1,1
21,3094,0.00013190507888793945,0.00013190507888793945,0.97265625,1,0
21,3095,0.028619983233511455,0.05035543441772461,0.52734375,2,1
21,2935,0.07538467459380628,0.1786895990371704,0.46875,1,1
21,2926,0.06937240716069938,0.17242074012756348,0.4609375,1,1
21,3096,0.00013238191604614258,0.00013238191604614258,0.97265625,1,0
21,3097,0.003939032554626465,0.003939032554626465,0.89453125,1,1
21,3098,0.0,0.09933578968048096,0.27734375,1,1
21,3099,0.06963327142875643,0.17737430334091187,0.45703125,1,2
21,3100,0.003644108772277832,0.003644108772277832,0.8984375,1,1
21,3101,0.0033205151557922363,0.0033205151557922363,0.890625,1,1
21,3102,0.0028371810913085938,0.0028371810913085938,0.88671875,1,1
21,3103,0.07792466878890993,0.15584933757781982,0.5,1,1
21,3104,0.07470580749213697,0.16558170318603516,0.48046875,1,1
21,3105,3.248453140258789e-05,3.248453140258789e-05,0.984375,1,1
21,3106,0.06589111383073033,0.14604437351226807,0.48046875,1,1
21,3107,0.021807998418807987,0.02251148223876953,0.6875,1,0
21,3108,0.0045027211308479335,0.07436752319335938,0.32421875,1,1
21,3109,0.0723225239198655,0.1638457179069519,0.4765625,1,1
21,3110,0.007725954055786133,0.007725954055786133,0.8125,1,0
21,3111,4.494190216064453e-05,4.494190216064453e-05,0.984375,1,0
21,3112,0.07118579978123309,0.16491913795471191,0.47265625,1,1
21,3113,0.039857884403318174,0.0739392638206482,0.515625,1,2
21,3114,0.0,0.126137375831604,0.0625,1,0
21,3115,0.06743567134253682,0.16363537311553955,0.46484375,1,2
21,2882,0.07858006842434408,0.18204975128173828,0.47265625,1,1
21,2879,0.07104575762059541,0.18097227811813354,0.45703125,1,1
21,3116,0.003699183464050293,0.003699183464050293,0.8671875,2,2
21,3117,0.043017754331231124,0.06756162643432617,0.5546875,1,1
21,3118,0.06688121566548945,0.1841031312942505,0.4453125,1,1
21,3119,0.0712706856429577,0.16893792152404785,0.46875,1,1
21,3120,0.02085788198746741,0.02089869976043701,0.69921875,1,0
21,3121,0.07318743481300773,0.16221630573272705,0.48046875,1,1
21,3122,0.05796337500214578,0.10026097297668457,0.53125,1,1
21,3123,0.045583787374198444,0.08456122875213623,0.515625,1,2
21,3124,0.0,0.11676061153411865,0.0625,1,1
21,3125,0.029560631606727842,0.09117496013641357,0.4296875,1,1
21,3126,3.3736228942871094e-05,3.3736228942871094e-05,0.984375,1,1
21,3127,0.07255782932043077,0.18033790588378906,0.4609375,1,1
21,3128,0.06530206277966501,0.10580587387084961,0.546875,1,1
21,3129,0.027955838129855696,0.06476646661758423,0.47265625,1,1
21,3130,0.0743147167377174,0.1803276538848877,0.46484375,1,1
21,3131,3.248453140258789e-05,3.248453140258789e-05,0.984375,2,2
22,3010,0.05350636364892126,0.09101414680480957,0.53515625,2,3
22,3081,0.013007500441744929,0.10917770862579346,0.34765625,1,1
22,3132,0.008584022521972656,0.008584022521972656,0.8046875,1,0
22,3133,0.07760772644542159,0.12776577472686768,0.54296875,2,3
22,3134,0.05406306497752667,0.11028003692626953,0.49609375,2,2
22,3135,0.03645226545631886,0.07586812973022461,0.4921875,2,3
22,3136,0.0,0.11317652463912964,0.10546875,1,0
22,3103,0.0956634661415592,0.1479749083518982,0.55859375,1,1
22,2935,0.0904223150573671,0.17083477973937988,0.51171875,1,1
22,3137,3.123283386230469e-05,3.123283386230469e-05,0.98828125,1,1
22,3138,0.0973985599121079,0.16567462682724,0.53515625,1,1
22,3139,3.147125244140625e-05,3.147125244140625e-05,0.98828125,1,0
22,3140,0.0,0.11405783891677856,0.10546875,1,1
22,3141,0.0876374999061227,0.1466352939605713,0.5390625,1,1
22,3142,0.007023472804576161,0.0877077579498291,0.33203125,2,1
22,3143,0.004485964775085449,0.004485964775085449,0.875,2,2
22,3144,0.014204341918230062,0.1298682689666748,0.34375,1,2
22,3145,0.026985883712768555,0.026985883712768555,0.74609375,1,1
22,3146,3.4332275390625e-05,3.4332275390625e-05,0.98828125,1,0
22,3147,0.04581884504295886,0.06780129671096802,0.5703125,2,2
22,3148,0.03902364789973945,0.039880454540252686,0.69140625,2,2
22,3149,0.003656625747680664,0.003656625747680664,0.8828125,1,2
22,3150,4.500150680541992e-05,4.500150680541992e-05,0.984375,1,0
22,3151,0.09155422472395004,0.16390126943588257,0.5234375,1,1
22,3152,0.09233163576573135,0.14960062503814697,0.546875,1,1
22,3153,6.723403930664062e-05,6.723403930664062e-05,0.984375,1,0
22,3154,0.04617914382833988,0.0654950737953186,0.58203125,1,2
22,3155,0.044226289261132486,0.0705416202545166,0.55078125,1,1
22,3156,4.744529724121094e-05,4.744529724121094e-05,0.984375,2,1
22,2882,0.09555479395203294,0.17410695552825928,0.51953125,1,1
22,3130,0.09482359956018628,0.17277467250823975,0.51953125,1,1
22,3157,0.003448307514190674,0.003448307514190674,0.92578125,2,4
22,3158,0.09439687151461841,0.1529468297958374,0.546875,1,1
22,3159,0.05758855410385878,0.11297065019607544,0.50390625,1,2
22,3160,0.09851409867405893,0.17040276527404785,0.53125,2,3
22,3161,0.10217488603666426,0.16821074485778809,0.54296875,1,1
22,3162,0.005754935555160047,0.07186651229858398,0.33203125,1,1
22,3163,0.0287352716550231,0.03262186050415039,0.65234375,1,1
22,3164,0.04017607052810491,0.056202590465545654,0.5859375,1,1
22,3165,0.09399191476404668,0.16258060932159424,0.53125,1,1
22,3166,0.07272218819707633,0.11599302291870117,0.55078125,1,1
22,3167,3.4809112548828125e-05,3.4809112548828125e-05,0.98828125,2,1
22,3168,0.0,0.20954734086990356,0.15234375,1,2
22,3169,0.07306147506460549,0.14332365989685059,0.50390625,2,2
22,3170,0.0035719871520996094,0.0035719871520996094,0.87890625,1,1
22,3171,0.03911420144140721,0.05705547332763672,0.57421875,2,1
22,3172,0.0855558819603175,0.16467899084091187,0.5078125,1,1
22,3173,0.06986630894243719,0.1425161361694336,0.49609375,1,2
22,3174,0.09310360578820111,0.17271393537521362,0.515625,1,1
22,3049,0.09779720474034549,0.1636345386505127,0.5390625,7,7
22,3047,0.09560948610305788,0.16537857055664062,0.53125,5,7
22,3175,0.10191832599230112,0.17932021617889404,0.52734375,7,6
22,3176,3.516674041748047e-05,3.516674041748047e-05,0.98828125,4,4
22,3177,0.09937876299954952,0.1662808060646057,0.5390625,5,6
22,3178,0.05347053764853627,0.07799690961837769,0.57421875,7,6
22,3179,0.0,0.15230786800384521,0.234375,5,7
22,3180,0.03754236246459187,0.07975804805755615,0.48828125,1,2
22,3181,0.0,0.11317992210388184,0.10546875,7,6
22,3182,0.003798842430114746,0.003798842430114746,0.8828125,1,0
22,3183,0.04647680371999741,0.1008310317993164,0.484375,1,1
22,3184,0.09616393502801658,0.16919565200805664,0.52734375,1,1
22,3185,0.0,0.1544886827468872,0.1640625,5,7
22,3186,0.09815632109530271,0.1642354130744934,0.5390625,7,8
22,3187,0.018307829741388563,0.09280800819396973,0.37890625,1,1
22,3188,0.0,0.11322307586669922,0.10546875,7,6
22,3189,0.013702288269996647,0.10629653930664062,0.3515625,7,7
22,3190,0.09255645610392095,0.16284847259521484,0.52734375,7,7
22,3191,0.05178202176466585,0.08132636547088623,0.5546875,1,1
22,3192,0.04189100861549378,0.05704307556152344,0.59375,7,7
22,3029,0.10062772664241494,0.16050279140472412,0.55078125,6,3
22,3044,0.09640879486687483,0.16131144762039185,0.5390625,2,2
22,3193,0.03587765968404711,0.06537139415740967,0.51953125,4,5
22,3194,0.09187455382198097,0.1644747257232666,0.5234375,2,2
22,3195,0.000614166259765625,0.000614166259765625,0.96875,2,2
22,3196,0.04487064154818655,0.05151069164276123,0.6484375,1,2
22,3197,0.09324440080672504,0.15107953548431396,0.546875,3,5
22,3198,0.08917650184594096,0.15168893337249756,0.53515625,6,3
22,3199,0.09167956421151759,0.1439875364303589,0.5546875,2,2
22,3200,0.0003738999366760254,0.0003738999366760254,0.96875,2,1
22,3201,0.0963005719240755,0.1611303687095642,0.5390625,6,9
22,3202,3.230571746826172e-05,3.230571746826172e-05,0.98828125,4,4
22,3203,0.1006205517333001,0.16049134731292725,0.55078125,6,3
22,3204,0.08990599145181478,0.16985929012298584,0.51171875,3,3
22,3205,0.0940671623684466,0.14773738384246826,0.5546875,3,4
22,3206,0.08400371158495547,0.17483699321746826,0.4921875,2,1
22,3207,0.10138139105401935,0.1617048978805542,0.55078125,2,3
22,3208,0.09366948483511807,0.14940428733825684,0.55078125,2,1
22,3209,0.07129577128216626,0.11551719903945923,0.546875,5,3
22,3210,0.0863789082504809,0.13995569944381714,0.546875,3,6
22,3211,0.0605074919294566,0.09359467029571533,0.55859375,2,2
22,3212,0.0018204450607299805,0.0018204450607299805,0.89453125,6,4
22,3213,0.0982117084786296,0.1591278314590454,0.546875,6,4
22,3214,0.016306817531585693,0.016306817531585693,0.76953125,3,5
22,3215,0.027501706033945087,0.0283888578414917,0.6875,4,6
22,3216,0.0,0.11281627416610718,0.10546875,6,2
22,3217,0.0991147179156542,0.1714416742324829,0.53125,1,1
22,3218,0.0030600428581237793,0.0030600428581237793,0.88671875,2,2
22,3219,0.08609540993347765,0.16889214515686035,0.50390625,5,2
22,3220,0.0,0.11410152912139893,0.10546875,3,2
22,2787,0.093112027971074,0.15838325023651123,0.53515625,1,1
22,3069,0.09849734092131258,0.16754364967346191,0.53515625,1,1
22,3221,0.008553385734558105,0.008553385734558105,0.83984375,1,1
22,3222,0.025411434005945924,0.08911406993865967,0.4140625,1,1
22,3223,0.09332768712192775,0.15121448040008545,0.546875,1,1
22,3224,0.03347557736560703,0.07262498140335083,0.484375,2,3
22,3225,0.00012940168380737305,0.00012940168380737305,0.984375,1,0
22,3226,0.0,0.2955673933029175,0.12109375,1,3
22,3227,0.0449774181470275,0.08343636989593506,0.515625,1,1
22,3228,0.08761980326380582,0.13975495100021362,0.55078125,1,1
22,3229,0.08273225650191308,0.1534743309020996,0.515625,2,2
22,3230,0.04226802522316576,0.05021166801452637,0.63671875,1,1
22,3231,0.0,0.1971675157546997,0.16015625,2,5
22,3232,0.08626532275229694,0.14201879501342773,0.54296875,1,1
22,3233,0.028843976557254795,0.02977442741394043,0.6875,2,3
22,3234,0.0,0.10803931951522827,0.10546875,2,2
22,3235,0.08726476633455606,0.1436641812324524,0.54296875,1,2
22,3236,0.09878663602285088,0.16529005765914917,0.5390625,1,1
22,3237,0.03347563231363893,0.07262510061264038,0.484375,1,1
22,3238,0.0,0.12694942951202393,0.28125,2,3
22,3239,0.0206347331404686,0.07236289978027344,0.4140625,2,4
22,3240,3.9458274841308594e-05,3.9458274841308594e-05,0.984375,2,1
22,3241,0.0,0.10019791126251221,0.13671875,1,1
22,3242,0.0008108615875244141,0.0008108615875244141,0.9609375,1,0
22,3243,0.09646384487859906,0.14921295642852783,0.55859375,2,2
22,3244,0.08913111791480334,0.13787049055099487,0.55859375,1,1
22,3057,0.09389563649892808,0.1624140739440918,0.53125,2,2
22,2952,0.0983339734375477,0.16453266143798828,0.5390625,1,1
22,3245,0.0,0.09748101234436035,0.15625,1,1
22,3246,0.09091924456879498,0.17500245571136475,0.5078125,1,2
22,3247,0.04457338200882078,0.07000482082366943,0.5546875,1,2
22,3248,0.08987500239163639,0.16089510917663574,0.5234375,2,3
22,3249,0.08337556198239328,0.17352962493896484,0.4921875,1,2
22,3250,0.06321464921347798,0.08965623378753662,0.58203125,2,2
22,3251,0.0018182992935180664,0.0018182992935180664,0.90625,2,2
22,3252,0.0,0.11409759521484375,0.10546875,1,0
22,3253,0.09358874522149564,0.16188323497772217,0.53125,2,1
22,3254,0.023697495460510254,0.023697495460510254,0.76171875,2,2
22,3255,0.06672067125327887,0.10017883777618408,0.56640625,1,1
22,3256,0.0,0.20693188905715942,0.2890625,2,3
22,3257,0.0,0.11098921298980713,0.10546875,1,1
22,3258,0.040605514193885035,0.07144337892532349,0.52734375,2,2
22,3259,0.08735509263351561,0.15916657447814941,0.51953125,1,1
22,3260,0.033358555985614664,0.04482829570770264,0.59765625,1,0
22,3261,0.09854204789735378,0.16488081216812134,0.5390625,1,1
22,3262,0.09283120930194856,0.15790557861328125,0.53515625,2,2
22,3263,0.09721471974626185,0.18034034967422485,0.515625,1,2
22,3264,0.018487393856048584,0.018487393856048584,0.7578125,1,1
22,3265,0.0,0.11111259460449219,0.10546875,1,0
22,3266,0.04417699971236289,0.18693077564239502,0.39453125,3,3
22,3267,0.09239535033702852,0.1714000701904297,0.515625,3,3
23,3246,0.09121563495136799,0.17233359813690186,0.51171875,1,2
23,3133,0.08580417558550836,0.12169456481933594,0.58203125,2,3
23,3268,0.03906445589382202,0.06644850969314575,0.53515625,2,2
23,3269,0.0,0.20824819803237915,0.20703125,2,3
23,3270,8.0108642578125e-05,8.0108642578125e-05,0.98046875,1,1
23,3271,0.03782475460320712,0.0701676607131958,0.515625,1,1
23,3272,0.005384881049394611,0.1312885284423828,0.31640625,2,4
23,3273,0.06739624065812679,0.11095458269119263,0.54296875,2,4
23,3274,0.047384570585563786,0.18519771099090576,0.40234375,1,2
23,3275,0.016829073429107666,0.016829073429107666,0.76171875,1,1
23,3276,0.06629358348436655,0.09148871898651123,0.58984375,2,4
23,3277,0.0,0.19315069913864136,0.1796875,2,4
23,3278,0.025139134377241138,0.025950074195861816,0.6875,1,1
23,3279,0.07427271874621512,0.14569973945617676,0.50390625,1,2
23,3138,0.08912226569373162,0.1623864769935608,0.51953125,1,1
23,3130,0.09081918234005572,0.1684761643409729,0.515625,1,1
23,3280,0.0824594395235181,0.14263254404067993,0.53125,2,2
23,3281,0.09015819057822229,0.1703357696533203,0.51171875,1,2
23,3282,0.032563082873821265,0.07064533233642578,0.484375,2,3
23,3283,0.0,0.11318105459213257,0.08203125,1,0
23,3284,0.09724456258118154,0.1682068109512329,0.53125,1,1
23,3285,0.09368855343200268,0.1677221655845642,0.5234375,1,1
23,3286,0.08470475580543281,0.15713346004486084,0.515625,1,1
23,3287,0.03529239515773953,0.04192507266998291,0.63671875,1,0
23,3288,0.039013143628835685,0.05944859981536865,0.5625,1,2
23,3289,0.08987754536792637,0.1433560848236084,0.55078125,1,1
23,3290,0.00017714500427246094,0.00017714500427246094,0.96484375,1,1
23,3291,0.09495088283438237,0.1425655484199524,0.56640625,2,2
23,3292,0.09208354633301498,0.15407443046569824,0.5390625,1,2
23,3293,0.0921947944443673,0.1568230390548706,0.53515625,1,1
23,3294,0.08155238535255195,0.17692720890045166,0.484375,1,2
23,3295,0.010523461271077396,0.08163654804229736,0.3515625,1,1
23,3296,0.0017359256744384766,0.0017359256744384766,0.93359375,1,0
23,3261,0.0943630972178653,0.160511314868927,0.53515625,1,1
23,3263,0.09966436307877304,0.1753544807434082,0.52734375,1,2
23,3297,0.011644542217254639,0.011644542217254639,0.828125,1,0
23,3298,0.020172741147689525,0.08535903692245483,0.39453125,1,0
23,3299,0.09435976389795543,0.16321688890457153,0.53125,1,1
23,3300,0.037138931453228004,0.05832862854003906,0.5546875,1,0
23,3301,0.022114742430858318,0.0749850869178772,0.41796875,1,2
23,3302,0.09122633549850435,0.15018612146377563,0.54296875,1,1
23,3303,0.0776597745716572,0.1183387041091919,0.5625,1,2
23,3304,0.0,0.1984313726425171,0.2890625,2,3
23,3305,0.04293267556931824,0.0684782862663269,0.55078125,1,2
23,3306,0.0,0.09488320350646973,0.2421875,1,3
23,3307,0.011644542217254639,0.011644542217254639,0.828125,1,0
23,3308,1.1920928955078125e-07,1.1920928955078125e-07,1.0,2,1
23,3309,0.0,0.09092915058135986,0.26171875,3,2
23,3310,0.03716027457267047,0.06427723169326782,0.53125,1,1
23,3311,0.08921820111572744,0.1423044204711914,0.55078125,3,3
23,3236,0.09354384522885086,0.16180557012557983,0.53125,1,1
23,3069,0.10367571772076191,0.16536438465118408,0.55078125,1,1
23,3312,0.0,0.0937078595161438,0.1953125,1,0
23,3313,0.0,0.22912299633026123,0.2265625,2,3
23,3314,0.009588897228240967,0.009588897228240967,0.8359375,1,0
23,3315,0.039468401111662395,0.05597734451293945,0.58203125,1,1
23,3316,0.09272830560803415,0.16039490699768066,0.53125,2,2
23,3317,0.0015225410461425781,0.0015225410461425781,0.9375,2,2
23,3318,0.0399706531316042,0.06090766191482544,0.5625,1,1
23,3319,0.0,0.3433946967124939,0.046875,2,3
23,3320,0.0,0.09591686725616455,0.2890625,1,1
23,3321,0.09152534103486688,0.166765034198761,0.51953125,1,1
23,3322,0.0,0.11459559202194214,0.08203125,1,0
23,3323,0.093892605509609,0.17417758703231812,0.515625,1,1
23,3324,0.04610183893237264,0.06195312738418579,0.59765625,1,2
23,3325,0.09116052393801512,0.15506374835968018,0.53515625,1,1
23,3326,0.07290007174015047,0.14870452880859375,0.49609375,1,1
23,3327,0.0,0.0937078595161438,0.1953125,1,0
23,3328,0.08206388261169197,0.12321615219116211,0.56640625,1,1
23,3329,0.09520583413541318,0.1646803617477417,0.53125,1,1
23,3207,0.09464188967831434,0.15835505723953247,0.5390625,2,3
23,3029,0.09840922232251616,0.1569642424583435,0.55078125,6,3
23,3330,0.08513704035431148,0.15512514114379883,0.51953125,6,4
23,3331,0.0221784757450223,0.08349543809890747,0.40625,6,2
23,3332,0.033283937256783254,0.03656947612762451,0.6640625,6,4
23,3333,0.09756707958877088,0.16324949264526367,0.5390625,6,3
23,3334,0.08386983477976175,0.1297321915626526,0.55859375,7,11
23,3335,0.08607828686945142,0.14171087741851807,0.54296875,5,3
23,3336,0.0812383118318394,0.15936404466629028,0.50390625,6,3
23,3337,0.0,0.11393344402313232,0.08203125,5,2
23,3338,0.0,0.11411672830581665,0.08203125,2,2
23,3339,0.050431806594133384,0.10287284851074219,0.49609375,2,2
23,3340,0.09655571845360102,0.16424095630645752,0.53515625,1,1
23,3341,0.09429304907098414,0.1480921506881714,0.5546875,2,2
23,3342,0.09220721758902074,0.1594935655593872,0.53125,6,9
23,3343,0.09500898560509087,0.15896928310394287,0.5390625,6,4
23,3344,0.038346193148754544,0.06986922025680542,0.51953125,7,4
23,3345,0.08834269642829896,0.1766853928565979,0.5,2,4
23,3346,0.03428143844939769,0.0473102331161499,0.58984375,6,2
23,3347,0.0912139853462577,0.16329216957092285,0.5234375,2,2
23,3348,0.03782475460320712,0.0701676607131958,0.515625,1,1
23,3349,0.028179549844935543,0.11013686656951904,0.40234375,1,2
23,3350,0.0,0.1141120195388794,0.08203125,1,0
23,3351,0.03342430293560029,0.034502506256103516,0.6875,6,2
23,3352,0.0,0.11337888240814209,0.08203125,1,0
23,3353,0.04617968201637269,0.0604705810546875,0.60546875,6,4
23,3354,0.09829231596086176,0.1671949028968811,0.53515625,1,1
23,3355,0.09090508706867696,0.1496572494506836,0.54296875,5,2
23,3356,0.0871391328983009,0.14580142498016357,0.5390625,2,2
23,3357,0.00505673885345459,0.00505673885345459,0.87109375,2,4
23,3358,0.030401256750337783,0.06738287210464478,0.48046875,2,2
23,3359,0.046934362500906,0.062254905700683594,0.6015625,2,2
23,3175,0.0965436336118728,0.17590868473052979,0.51953125,7,6
23,3177,0.08772111497819425,0.16272902488708496,0.515625,5,6
23,3360,0.09741982072591783,0.16850996017456055,0.53125,5,6
23,3361,0.0858027111971751,0.15633803606033325,0.51953125,8,9
23,3362,0.040681062033399946,0.06488692760467529,0.55078125,8,9
23,3363,0.049486050382256515,0.08017992973327637,0.546875,7,6
23,3364,6.67572021484375e-06,6.67572021484375e-06,0.99609375,7,6
23,3365,0.09126319503411652,0.16338026523590088,0.5234375,6,4
23,3366,0.07765082316473128,0.13901126384735107,0.5234375,7,6
23,3367,0.03782475460320712,0.0701676607131958,0.515625,7,6
23,3368,0.04526015580631793,0.10031688213348389,0.48046875,8,7
23,3369,0.08584108320064844,0.15640795230865479,0.51953125,7,8
23,3370,0.0,0.11415648460388184,0.08203125,1,0
23,3371,0.0,0.23315531015396118,0.19921875,3,3
23,3372,0.09450306650251152,0.15812277793884277,0.5390625,5,5
23,3373,0.09076452534645797,0.15699809789657593,0.53125,8,7
23,3374,0.08939862472470851,0.1572924256324768,0.52734375,7,8
23,3375,0.09345412487164141,0.16730248928070068,0.5234375,7,4
23,3376,0.09692421928048135,0.15222454071044922,0.5546875,7,6
23,3377,0.05571266217157246,0.09802365303039551,0.52734375,8,7
23,3378,0.09081445913761856,0.16846740245819092,0.515625,4,4
23,3379,0.0715605146251619,0.10589301586151123,0.5703125,4,4
23,3380,0.03802995383739472,0.05178546905517578,0.59375,7,8
23,3381,0.0,0.11386573314666748,0.08203125,7,5
23,3382,0.031165817403234545,0.06357330083847046,0.49609375,7,7
23,3161,0.08864474203437568,0.16444242000579834,0.515625,1,1
23,3160,0.09217400709167124,0.16501080989837646,0.5234375,2,3
23,3383,0.09423140482977034,0.15766823291778564,0.5390625,1,1
23,3384,0.09390837000682951,0.15973782539367676,0.53515625,1,2
23,3385,0.041335552930831916,0.08267110586166382,0.5,2,2
23,3386,0.0010756850242614746,0.0010756850242614746,0.94140625,1,0
23,3387,0.04263818124309183,0.0565563440322876,0.6015625,2,4
23,3388,3.3020973205566406e-05,3.3020973205566406e-05,0.98828125,1,0
23,3389,0.0,0.11341530084609985,0.08203125,2,1
23,3390,0.08735578972846271,0.16205132007598877,0.515625,1,1
23,3391,0.01962458109483123,0.08661884069442749,0.390625,1,1
23,3392,0.035256508970633156,0.0876278281211853,0.4609375,2,3
23,3393,0.058017032453790314,0.13441050052642822,0.47265625,2,2
23,3394,0.055701757548376925,0.07900083065032959,0.58203125,1,1
23,3395,0.031105875968933105,0.031105875968933105,0.73046875,1,1
23,3396,0.037812839727848775,0.06326854228973389,0.5390625,1,1
23,3397,0.0015599727630615234,0.0015599727630615234,0.9375,1,0
23,3398,0.09339810232631864,0.15376150608062744,0.54296875,1,1
23,3399,0.010981202125549316,0.010981202125549316,0.83203125,3,3
23,3400,0.0,0.10928499698638916,0.08203125,1,1
23,3401,3.653764724731445e-05,3.653764724731445e-05,0.98828125,1,0
23,3402,0.09185756277292968,0.15888875722885132,0.53125,2,3
23,3403,2.9861927032470703e-05,2.9861927032470703e-05,0.98828125,1,0
24,3133,0.08787664701230825,0.13194382190704346,0.56640625,2,3
24,3279,0.07658760831691326,0.1562265157699585,0.49609375,1,2
24,3404,0.027804187964648012,0.039434194564819336,0.58203125,1,1
24,3405,0.04687274503521622,0.0613781213760376,0.60546875,1,1
24,3406,0.083389132283628,0.12339663505554199,0.5703125,2,3
24,3407,0.0822325001936406,0.15536177158355713,0.51171875,1,2
24,3408,0.012965062865987425,0.10882151126861572,0.34765625,2,3
24,3409,0.04776455601677299,0.10820996761322021,0.4765625,3,4
24,3410,0.00026237964630126953,0.00026237964630126953,0.97265625,2,3
24,3411,0.08673700527288021,0.16695243120193481,0.5078125,3,5
24,3412,0.04039976745843888,0.07494449615478516,0.515625,2,2
24,3413,0.07601532200351359,0.1212456226348877,0.55078125,2,3
24,3414,0.0,0.15673315525054932,0.09375,2,3
24,3384,0.09325558145064862,0.16991764307022095,0.51953125,1,2
24,3285,0.09502006927505137,0.17626911401748657,0.515625,1,1
24,3415,0.04616804234683514,0.07035130262374878,0.5625,1,3
24,3416,0.09795961994677783,0.16944366693496704,0.53125,1,1
24,3417,0.049331210553646095,0.06900978088378906,0.5859375,1,2
24,3418,5.4001808166503906e-05,5.4001808166503906e-05,0.98046875,2,1
24,3419,0.00013142824172973633,0.00013142824172973633,0.9765625,1,0
24,3420,0.10752905067056419,0.17702531814575195,0.54296875,1,1
24,3421,0.0,0.12339448928833008,0.078125,1,0
24,3422,0.09408159833401443,0.1684257984161377,0.5234375,2,1
24,3423,0.044459513621404774,0.06675446033477783,0.56640625,1,3
24,3424,0.05593885225243867,0.07142317295074463,0.61328125,2,2
24,3425,0.10120224254205824,0.16141915321350098,0.55078125,1,1
24,3426,0.055226478725671775,0.08948087692260742,0.546875,2,2
24,3427,0.10237143479753287,0.1865273118019104,0.51953125,1,1
24,3428,0.05239235609769822,0.08228492736816406,0.5546875,3,3
24,3429,0.0969713522354141,0.17668801546096802,0.51953125,1,1
24,3430,0.04944152384996415,0.0711069107055664,0.578125,1,1
24,3431,0.056307535851374275,0.08843392133712769,0.5546875,2,2
24,3432,0.1107579132076353,0.17132341861724854,0.55859375,1,1
24,3433,0.0,0.12347733974456787,0.078125,2,3
24,3434,0.09472713572904469,0.15849769115447998,0.5390625,1,1
24,3435,0.029140233993530273,0.029140233993530273,0.7421875,1,1
24,3436,0.012814164161682129,0.012814164161682129,0.80859375,2,2
24,3284,0.10074076638557018,0.17724835872650146,0.52734375,1,1
24,3383,0.1000985922291875,0.16479253768920898,0.54296875,1,1
24,3437,0.0,0.10586881637573242,0.1640625,1,0
24,3438,0.0,0.20113027095794678,0.1484375,2,3
24,3439,0.09848355222493411,0.16213369369506836,0.54296875,1,1
24,3440,0.0,0.2611175775527954,0.1015625,1,3
24,3441,0.10143261286430062,0.18481671810150146,0.51953125,1,1
24,3442,0.09338430571369828,0.1671774983406067,0.5234375,1,2
24,3443,0.094688483979553,0.1822575330734253,0.5078125,1,2
24,3444,0.03991064429283143,0.07982128858566284,0.5,1,1
24,3445,0.07315046153962614,0.12653052806854248,0.53125,1,1
24,3446,0.09873571805655958,0.1574850082397461,0.55078125,1,1
24,3447,0.10247878544032575,0.1609482765197754,0.5546875,1,2
24,3448,5.960464477539062e-07,5.960464477539062e-07,0.99609375,1,0
24,3449,0.09865677752532066,0.16781485080718994,0.53515625,1,1
24,3450,3.165006637573242e-05,3.165006637573242e-05,0.984375,1,1
24,3451,0.07599683245643975,0.18888533115386963,0.4609375,1,2
24,3452,0.0009274482727050781,0.0009274482727050781,0.92578125,2,2
24,3453,0.0,0.19488978385925293,0.16796875,1,2
24,3454,0.09918351285159589,0.1659541130065918,0.5390625,1,1
24,3360,0.09983327193185688,0.17872250080108643,0.5234375,5,6
24,3376,0.10495831747539343,0.16235244274139404,0.55859375,7,6
24,3455,0.09323258441872896,0.16987574100494385,0.51953125,7,6
24,3456,0.0935165307018906,0.17039310932159424,0.51953125,7,5
24,3457,0.09474804648198189,0.15853267908096313,0.5390625,5,5
24,3458,0.0896866098046303,0.16637516021728516,0.515625,7,5
24,3459,0.04675107100047172,0.07342499494552612,0.5546875,7,6
24,3460,0.10338145494461061,0.1575336456298828,0.5625,7,6
24,3461,0.09611863014288248,0.1751343011856079,0.51953125,8,6
24,3462,0.05986362113617361,0.08988320827484131,0.56640625,4,5
24,3463,0.050088787917047746,0.07989239692687988,0.55078125,5,5
24,3464,0.039741550455801196,0.08106642961502075,0.49609375,6,4
24,3465,0.09757815836928786,0.1716839075088501,0.52734375,6,5
24,3466,0.0,0.12036824226379395,0.078125,7,5
24,3467,0.0972537253983319,0.17410457134246826,0.5234375,5,6
24,3468,0.1001716705504805,0.17039167881011963,0.53515625,6,4
24,3469,0.10641627141740174,0.15978044271469116,0.56640625,7,5
24,3470,0.055657524615526206,0.08236026763916016,0.5703125,7,4
24,3471,0.09220306435599925,0.14939230680465698,0.546875,6,6
24,3472,0.10137975215911867,0.1642608642578125,0.546875,6,3
24,3473,0.00138932466506958,0.00138932466506958,0.95703125,7,7
24,3474,0.08727751951664688,0.16190612316131592,0.515625,7,5
24,3475,0.05355679499916733,0.10924732685089111,0.49609375,5,5
24,3476,0.0932959201745689,0.16414952278137207,0.52734375,4,2
24,3477,0.0938355529215187,0.1772834062576294,0.51171875,5,5
24,3029,0.10393722821027042,0.16578149795532227,0.55078125,6,3
24,3354,0.09999503509607167,0.1759362816810608,0.52734375,1,1
24,3478,3.516674041748047e-05,3.516674041748047e-05,0.984375,1,0
24,3479,0.10306062921881677,0.15704476833343506,0.5625,5,3
24,3480,0.10064348857849838,0.17408603429794312,0.53125,6,3
24,3481,0.09095961321145297,0.16283679008483887,0.5234375,2,1
24,3482,0.0009137392044067383,0.0009137392044067383,0.9375,7,3
24,3483,0.00010991096496582031,0.00010991096496582031,0.97265625,1,1
24,3484,0.0,0.12364029884338379,0.078125,1,0
24,3485,0.0855887297075242,0.17458736896514893,0.49609375,1,1
24,3486,0.053509142948314554,0.08034217357635498,0.56640625,6,3
24,3487,0.08478271274361761,0.16631704568862915,0.50390625,6,3
24,3488,0.1109665334224701,0.1716461181640625,0.55859375,6,4
24,3489,0.10704197641462089,0.16557550430297852,0.55859375,6,2
24,3490,0.0971658928319812,0.1680707335472107,0.53125,1,1
24,3491,0.04345007985830308,0.12640023231506348,0.4375,1,1
24,3492,0.08306474331766368,0.16943883895874023,0.49609375,1,1
24,3493,0.007288098335266113,0.007288098335266113,0.8359375,2,1
24,3494,0.017321531428024176,0.08366626501083374,0.3828125,1,1
24,3495,0.045006658416241414,0.052851855754852295,0.640625,7,5
24,3496,0.03236325143370778,0.035943567752838135,0.66015625,1,0
24,3497,0.0024852752685546875,0.0024852752685546875,0.91015625,1,1
24,3498,0.0,0.0,1.0,7,5
24,3499,0.0,0.12371867895126343,0.078125,2,2
24,3500,0.08804994774982335,0.1449568271636963,0.54296875,6,3
24,3501,0.10404395498335363,0.16595172882080078,0.55078125,6,3
24,3502,4.601478576660156e-05,4.601478576660156e-05,0.984375,6,2
24,3503,0.04168310319073499,0.07333934307098389,0.52734375,1,1
24,3504,0.0,0.12386393547058105,0.078125,1,0
24,3505,0.008122682571411133,0.008122682571411133,0.8359375,2,1
24,3506,3.707408905029297e-05,3.707408905029297e-05,0.984375,1,1
24,3507,0.03979380195960403,0.04620051383972168,0.64453125,2,2
24,3263,0.10783317754976453,0.18342387676239014,0.53515625,1,2
24,3261,0.09285995399113746,0.16919678449630737,0.51953125,1,1
24,3508,0.0,0.20915848016738892,0.1640625,1,2
24,3509,0.0,0.2412300705909729,0.10546875,2,3
24,3510,0.09587439708411695,0.17468929290771484,0.51953125,1,1
24,3511,0.1103143442887813,0.17325443029403687,0.5546875,1,2
24,3512,0.09495124453678729,0.17300724983215332,0.51953125,1,1
24,3513,0.045305305276997394,0.070079505443573,0.55859375,1,3
24,3514,0.0998996081762016,0.1671522855758667,0.5390625,1,1
24,3515,0.09534642659127714,0.1649235486984253,0.53125,1,2
24,3516,0.10292853391729297,0.1810976266860962,0.52734375,1,2
24,3517,0.10142940608784558,0.16971194744110107,0.5390625,1,1
24,3518,0.03912897524423898,0.07392632961273193,0.51171875,1,2
24,3519,0.0024397969245910645,0.0024397969245910645,0.90234375,1,2
24,3520,0.09795815823599698,0.18171948194503784,0.515625,1,2
24,3521,0.00013256072998046875,0.00013256072998046875,0.9765625,1,0
24,3522,0.09307491313666107,0.1726607084274292,0.515625,1,2
24,3069,0.11014348710887135,0.17298609018325806,0.5546875,1,1
24,3329,0.09108918858692051,0.1753295660018921,0.5078125,1,1
24,3523,0.0018067359924316406,0.0018067359924316406,0.91015625,1,1
24,3524,0.09777143876999618,0.15841448307037354,0.546875,1,1
24,3525,0.0013880133628845215,0.0013880133628845215,0.94140625,1,1
24,3526,0.0013774633407592773,0.0013774633407592773,0.92578125,2,2
24,3527,0.09974323492497207,0.16160929203033447,0.546875,1,1
24,3528,0.0,0.1216667890548706,0.078125,1,0
24,3529,0.0009741783142089844,0.0009741783142089844,0.9296875,1,0
24,3530,0.0,0.10391926765441895,0.19921875,1,0
24,3531,0.08492299751378597,0.16659224033355713,0.50390625,1,1
24,3532,0.037048477912321694,0.06518495082855225,0.52734375,1,1
24,3533,0.10255289729684593,0.1661616563796997,0.546875,1,1
24,3534,0.0,0.10391926765441895,0.19921875,1,0
24,3535,0.04374789795838297,0.06767046451568604,0.55859375,2,2
24,3536,0.02843054663389922,0.0997016429901123,0.4140625,2,2
24,3537,0.04362124262843282,0.06957656145095825,0.55078125,1,0
24,3538,0.10195863491389902,0.16262561082839966,0.55078125,1,1
24,3539,0.09276898484677078,0.1660759449005127,0.5234375,1,1
25,3537,0.0298571449238807,0.07244956493377686,0.46484375,1,0
25,3534,0.0,0.10857224464416504,0.1484375,1,0
25,3540,0.0,0.1286177635192871,0.078125,1,0
25,3541,6.145238876342773e-05,6.145238876342773e-05,0.984375,1,0
25,3542,0.011070966720581055,0.011070966720581055,0.78515625,1,0
25,3543,0.01919667224865407,0.08854681253433228,0.38671875,1,0
25,3469,0.08007386745885016,0.16665780544281006,0.4921875,7,5
25,3376,0.07726597180590035,0.16762787103652954,0.484375,7,6
25,3544,0.07876583188772203,0.1516094207763672,0.5078125,5,1
25,3545,0.08174667321145536,0.16036128997802734,0.50390625,7,6
25,3546,0.0019365549087524414,0.0019365549087524414,0.921875,7,5
25,3547,0.046025419374927885,0.11723887920379639,0.45703125,6,4
25,3548,0.05811235727742315,0.164384126663208,0.44140625,6,4
25,3549,0.08398280572146179,0.17479348182678223,0.4921875,7,6
25,3550,0.035197732038795955,0.0834316611289978,0.46875,7,7
25,3551,0.04635667335242034,0.17451924085617065,0.40625,7,7
25,3552,0.07554048323072494,0.17113596200942993,0.4765625,6,5
25,3553,0.08301015663892032,0.1800898313522339,0.484375,6,5
25,3554,0.03931626677513123,0.06800651550292969,0.53125,7,7
25,3555,0.061389893991872675,0.17365539073944092,0.44140625,6,5
25,3556,0.07631783187389375,0.18090152740478516,0.46875,7,6
25,3557,0.02255913615226746,0.08492851257324219,0.40625,8,6
25,3558,0.02255913615226746,0.08492851257324219,0.40625,7,5
25,3559,0.02960087999235839,0.07540124654769897,0.45703125,6,4
25,3560,0.0631484800251201,0.16085582971572876,0.45703125,7,5
25,3561,0.07388664735481144,0.18364059925079346,0.4609375,7,4
25,3562,0.08308125799521805,0.15991580486297607,0.5078125,7,5
25,3563,7.271766662597656e-06,7.271766662597656e-06,0.9921875,7,4
25,3564,0.0,0.1281072497367859,0.078125,7,5
25,3565,0.08179643203038724,0.18129771947860718,0.48046875,8,6
25,3566,5.078315734863281e-05,5.078315734863281e-05,0.98828125,6,4
25,3567,0.07714638300240041,0.18286550045013428,0.46875,6,2
25,3568,0.06648612581193449,0.18807125091552734,0.44140625,6,5
25,3569,0.0605483262334019,0.08959752321243286,0.5703125,7,7
25,3570,0.05278476001694799,0.08419251441955566,0.55078125,6,3
25,3571,0.05439775972627104,0.17299163341522217,0.42578125,7,4
25,3263,0.08154414093587549,0.18891674280166626,0.47265625,1,2
25,3516,0.07853344548493625,0.1861533522605896,0.46875,1,2
25,3572,0.02450307435356081,0.08308327198028564,0.41796875,1,1
25,3573,0.03516165073961021,0.19783258438110352,0.37109375,1,2
25,3574,0.0,0.20876246690750122,0.25390625,1,2
25,3575,0.05657484149560333,0.09166556596755981,0.546875,2,3
25,3576,0.04082304611802102,0.04391050338745117,0.671875,1,2
25,3577,0.0,0.2097039818763733,0.125,1,2
25,3578,0.07972783991135658,0.1693803071975708,0.48828125,1,1
25,3579,0.06703439727425577,0.1666097640991211,0.4609375,1,1
25,3580,0.012860925518907608,0.09274357557296753,0.35546875,1,0
25,3581,0.04903915873728693,0.08935248851776123,0.51953125,1,2
25,3582,0.0,0.11847388744354248,0.078125,1,0
25,3583,0.07003234955482186,0.17839086055755615,0.45703125,1,2
25,3584,0.0,0.12805205583572388,0.078125,1,0
25,3585,0.057731225155293955,0.09985941648483276,0.53125,2,2
25,3586,0.0805389820598066,0.18658804893493652,0.47265625,1,2
25,3587,0.05007251258939505,0.08113014698028564,0.546875,1,2
25,3588,0.0,0.09926784038543701,0.20703125,1,1
25,3589,0.04599762987345458,0.08532893657684326,0.515625,1,1
25,3590,0.07964642113074662,0.16920733451843262,0.48828125,2,2
25,3591,0.012860925518907608,0.09274357557296753,0.35546875,1,0
25,3592,0.03999898862093688,0.06480848789215088,0.546875,1,2
25,3593,0.03344285301864148,0.060935020446777344,0.51953125,1,3
25,3594,0.04166566440835596,0.053199052810668945,0.61328125,1,2
25,3069,0.0838961055269465,0.1782357096672058,0.48828125,1,1
25,3533,0.08025184355210514,0.17049354314804077,0.48828125,1,1
25,3595,0.0,0.10455626249313354,0.234375,1,0
25,3596,0.017615795135498047,0.017615795135498047,0.7109375,1,1
25,3597,0.034172012121416635,0.07259780168533325,0.48828125,1,1
25,3598,0.08031595172360541,0.1545931100845337,0.5078125,1,1
25,3599,0.06584699801169337,0.10185396671295166,0.55859375,1,1
25,3600,0.06919008377008141,0.14699304103851318,0.48828125,1,1
25,3601,0.043554622679948814,0.07056951522827148,0.546875,1,2
25,3602,0.07460445724427701,0.16901540756225586,0.4765625,1,1
25,3603,0.0,0.0,1.0,1,1
25,3604,0.03753672121092678,0.0532376766204834,0.58203125,1,1
25,3605,0.08315716730430724,0.17307507991790771,0.4921875,1,1
25,3606,0.054293046938255436,0.13174426555633545,0.46484375,2,2
25,3607,0.02255913615226746,0.08492851257324219,0.40625,2,2
25,3608,0.03555176686495543,0.07399392127990723,0.4921875,1,2
25,3609,0.0712614879012108,0.15794754028320312,0.48046875,1,1
25,3610,0.058565737330354764,0.10304349660873413,0.52734375,2,3
25,3611,0.0,0.10732042789459229,0.23046875,1,1
25,3511,0.08386768470518292,0.17817533016204834,0.48828125,1,2
25,3447,0.06930627766996623,0.16428154706954956,0.46875,1,2
25,3612,0.06729072611778976,0.12482917308807373,0.515625,1,2
25,3613,0.032743701944127686,0.1842283010482788,0.37109375,1,2
25,3614,0.0713038539979607,0.17302167415618896,0.46484375,1,1
25,3615,0.07854205020703377,0.17408454418182373,0.48046875,1,1
25,3616,0.03935740340966732,0.06277567148208618,0.55078125,1,1
25,3617,0.07887731946539135,0.16757339239120483,0.48828125,1,1
25,3618,0.047779578017070896,0.0739067792892456,0.55859375,1,1
25,3619,0.06414501415565611,0.19784486293792725,0.4296875,2,3
25,3620,0.0,0.15349936485290527,0.26953125,2,3
25,3621,0.08270171098411085,0.16869831085205078,0.49609375,1,1
25,3622,0.06927907466888429,0.13855814933776855,0.5,2,3
25,3623,0.050593894906342037,0.0860600471496582,0.53515625,1,1
25,3624,0.0801200824789703,0.17381983995437622,0.484375,1,1
25,3625,0.050974946469068534,0.148290753364563,0.4375,1,3
25,3626,0.06978722964413465,0.1482616662979126,0.48828125,1,1
25,3627,0.041870137443766005,0.04973900318145752,0.63671875,1,1
25,3628,0.05949546024203301,0.17307770252227783,0.4375,1,1
25,3629,0.022589480038732294,0.05900925397872925,0.453125,1,1
25,3630,0.05908149853348733,0.16263294219970703,0.4453125,2,3
25,3631,0.026248455047607422,0.026248455047607422,0.73828125,1,1
25,3432,0.08144801156595351,0.17670077085494995,0.484375,1,1
25,3420,0.08759685675613584,0.1823154091835022,0.4921875,1,1
25,3632,0.0704615921713412,0.15286582708358765,0.484375,1,1
25,3633,0.0,0.20267200469970703,0.22265625,1,2
25,3634,0.0779126174747944,0.17268943786621094,0.48046875,1,1
25,3635,0.015091538429260254,0.015091538429260254,0.79296875,1,1
25,3636,0.07451815344393255,0.17663562297821045,0.46875,1,1
25,3637,0.0800690861651674,0.17010527849197388,0.48828125,1,1
25,3638,0.004429638385772705,0.004429638385772705,0.8515625,1,0
25,3639,0.07492277864366771,0.13898718357086182,0.515625,1,1
25,3640,0.003833174705505371,0.003833174705505371,0.86328125,1,0
25,3641,4.601478576660156e-05,4.601478576660156e-05,0.98828125,1,0
25,3642,0.04198082466609777,0.04247862100601196,0.6953125,1,2
25,3643,0.08391308085992934,0.1646111011505127,0.50390625,1,1
25,3644,0.0,0.12594246864318848,0.078125,1,0
25,3645,0.0779240734409541,0.17271482944488525,0.48046875,1,1
25,3646,0.04008442349731923,0.0639352798461914,0.55078125,1,1
25,3647,0.0,0.18280750513076782,0.08984375,2,3
25,3648,0.05495912325568498,0.07584655284881592,0.58984375,1,1
25,3649,0.0552601821254939,0.0989273190498352,0.5234375,1,1
25,3650,4.935264587402344e-05,4.935264587402344e-05,0.98828125,1,0
25,3488,0.08159104129299523,0.17701107263565063,0.484375,6,4
25,3489,0.07726664619985969,0.17125767469406128,0.48046875,6,2
25,3651,0.08669102005660535,0.16686391830444336,0.5078125,6,4
25,3652,0.07920160889625551,0.158403217792511,0.5,6,4
25,3653,0.03401633724570275,0.07706356048583984,0.4765625,6,4
25,3654,0.07915719319134952,0.15528154373168945,0.50390625,7,3
25,3655,0.08065689727663995,0.17498445510864258,0.484375,5,2
25,3656,0.024545301566831774,0.09593278169631958,0.40234375,6,3
25,3657,0.07486891746520997,0.14973783493041992,0.5,6,3
25,3658,0.08597578108310701,0.17537689208984375,0.49609375,6,3
25,3659,0.034685981459915645,0.05365324020385742,0.55859375,6,3
25,3660,0.08013041701633485,0.16345328092575073,0.49609375,6,3
25,3661,0.08142715273424984,0.1567319631576538,0.5078125,6,3
25,3662,0.0789200559956953,0.1609843373298645,0.49609375,4,2
25,3663,0.0002676248550415039,0.0002676248550415039,0.96875,1,0
25,3664,0.07756065577268602,0.17190933227539062,0.48046875,7,4
25,3665,9.08970832824707e-05,9.08970832824707e-05,0.98046875,5,2
25,3666,0.0,0.13215219974517822,0.15234375,5,2
25,3667,0.0002630949020385742,0.0002630949020385742,0.96875,6,2
25,3668,0.07786017819307746,0.17257320880889893,0.48046875,5,3
25,3669,0.0739721041172743,0.15089130401611328,0.49609375,6,4
25,3670,0.08541305758990349,0.17422902584075928,0.49609375,6,5
25,3671,5.996227264404297e-05,5.996227264404297e-05,0.984375,5,2
25,3672,0.05652511899825186,0.08245259523391724,0.57421875,7,5
25,3673,0.000850975513458252,0.000850975513458252,0.94140625,1,0
25,3674,3.4689903259277344e-05,3.4689903259277344e-05,0.98828125,7,4
25,3675,0.0707520766882226,0.1336718201637268,0.51171875,6,4
26,3599,0.057690155692398555,0.09201669692993164,0.55078125,1,1
26,3604,0.03514268179424108,0.0512622594833374,0.57421875,1,1
26,3676,0.0,0.11681687831878662,0.08203125,1,1
26,3677,0.06585382902994753,0.09212338924407959,0.5859375,1,1
26,3678,0.00019544363021850586,0.00019544363021850586,0.94921875,2,2
26,3679,0.056242499500513084,0.07658553123474121,0.59375,1,1
26,3680,0.0,0.14440858364105225,0.23046875,1,2
26,3681,0.012132718227803709,0.08173620700836182,0.359375,1,1
26,3682,0.0,0.0,0.99609375,1,2
26,3605,0.0847921557724476,0.1632089614868164,0.5078125,1,1
26,3263,0.10220831190235914,0.1798304319381714,0.52734375,1,2
26,3683,0.05151031643617899,0.07513755559921265,0.57421875,1,3
26,3684,0.08518528693821283,0.16094046831130981,0.51171875,1,1
26,3685,0.00212782621383667,0.00212782621383667,0.91796875,2,2
26,3686,0.067904822062701,0.17297148704528809,0.45703125,1,2
26,3687,0.04876986774615944,0.08886182308197021,0.51953125,1,1
26,3688,0.06228713691234589,0.08834075927734375,0.58203125,2,2
26,3689,0.06347322184592487,0.10284268856048584,0.546875,1,1
26,3690,0.0,0.11657088994979858,0.08203125,1,1
26,3691,0.07998120971024038,0.1166677474975586,0.57421875,1,2
26,3692,3.3736228942871094e-05,3.3736228942871094e-05,0.984375,1,0
26,3693,0.0,0.18649733066558838,0.2109375,1,2
26,3694,0.04492481413763017,0.06199866533279419,0.58984375,1,2
26,3695,0.08308026706799866,0.15991389751434326,0.5078125,1,1
26,3696,0.07473709690384568,0.13379508256912231,0.5234375,1,1
26,3697,0.02384126000106335,0.07353448867797852,0.4296875,1,1
26,3698,0.09645453072153033,0.16970694065093994,0.52734375,1,1
26,3699,0.04943124577403069,0.07109212875366211,0.578125,1,2
26,3511,0.10241405735723676,0.16860449314117432,0.54296875,1,2
26,3621,0.0914612850174308,0.15820330381393433,0.53125,1,1
26,3700,0.07795359753072263,0.17660284042358398,0.4765625,1,2
26,3701,0.07736103900242598,0.1578041911125183,0.49609375,1,1
26,3702,2.9802322387695312e-05,2.9802322387695312e-05,0.98828125,2,2
26,3703,0.08178217289969326,0.14640724658966064,0.5234375,2,3
26,3704,5.793571472167969e-05,5.793571472167969e-05,0.984375,1,1
26,3705,0.03625827748328448,0.0627170205116272,0.53125,1,1
26,3706,0.08369502145797016,0.14003872871398926,0.5390625,1,1
26,3707,0.09472809825092555,0.16666936874389648,0.52734375,1,1
26,3708,6.318092346191406e-05,6.318092346191406e-05,0.98046875,1,0
26,3709,0.00025016069412231445,0.00025016069412231445,0.953125,1,0
26,3710,0.07923578075133265,0.1616283655166626,0.49609375,1,1
26,3711,0.0,0.11681759357452393,0.08203125,1,0
26,3712,0.0,0.3914841413497925,0.1328125,2,2
26,3713,0.0,0.20829755067825317,0.1484375,1,2
26,3714,0.08623864641413094,0.17591309547424316,0.49609375,1,2
26,3715,0.006937265396118164,0.006937265396118164,0.84375,2,2
26,3716,0.08845182973891498,0.1640845537185669,0.515625,1,2
26,3717,0.03012189688161016,0.030479073524475098,0.6953125,1,0
26,3718,0.09064910607412459,0.16228091716766357,0.5234375,1,1
26,3719,0.004234790802001953,0.004234790802001953,0.85546875,1,1
26,3069,0.09425473120063545,0.16873574256896973,0.5234375,1,1
26,3598,0.08167981635779144,0.14371156692504883,0.52734375,1,1
26,3720,0.08929483289830388,0.16870462894439697,0.51171875,1,1
26,3721,0.0781264351680875,0.1351376175880432,0.53125,1,2
26,3722,0.09037705790251495,0.15121912956237793,0.5390625,1,1
26,3723,0.019508063793182373,0.019508063793182373,0.7578125,2,1
26,3724,0.0,0.1984649896621704,0.26953125,1,2
26,3725,0.005273100454360249,0.08709120750427246,0.32421875,1,1
26,3726,3.0875205993652344e-05,3.0875205993652344e-05,0.98828125,1,0
26,3727,0.009460473200306303,0.18629854917526245,0.3203125,1,2
26,3728,0.0,0.11676579713821411,0.08203125,1,0
26,3729,0.041618099086917944,0.08841687440872192,0.48828125,1,1
26,3730,0.04184973915107549,0.06473433971405029,0.55859375,2,2
26,3731,0.09282141365110876,0.16055595874786377,0.53125,1,1
26,3732,3.719329833984375e-05,3.719329833984375e-05,0.98828125,1,0
26,3733,0.0886565282708034,0.15080446004867554,0.53515625,1,1
26,3734,0.0,0.1923019289970398,0.07421875,1,2
26,3735,0.08924500376451762,0.16261011362075806,0.51953125,1,1
26,3736,0.0003867149353027344,0.0003867149353027344,0.953125,1,1
26,3549,0.08551110443659128,0.16459280252456665,0.5078125,7,6
26,3562,0.08408270194195212,0.14793932437896729,0.52734375,7,5
26,3737,0.07816592627204956,0.1307874321937561,0.5390625,6,5
26,3738,0.07965448906179519,0.14513558149337769,0.51953125,6,5
26,3739,0.0411292186472565,0.10476696491241455,0.45703125,6,5
26,3740,0.08301263279281558,0.156835675239563,0.51171875,7,5
26,3741,0.08695923618506642,0.1584452986717224,0.51953125,7,5
26,3742,0.03790343063883484,0.07295697927474976,0.5078125,6,2
26,3743,0.08158021979033948,0.14111173152923584,0.53125,7,5
26,3744,0.08300244086422028,0.13664710521697998,0.54296875,7,6
26,3745,0.09015774168074132,0.16140127182006836,0.5234375,7,4
26,3746,0.06092440627980978,0.15519052743911743,0.45703125,7,6
26,3747,0.05263493582606316,0.07788753509521484,0.5703125,6,4
26,3748,0.07637775409966709,0.12779545783996582,0.5390625,8,6
26,3749,0.08594812930095942,0.14149659872055054,0.54296875,6,4
26,3750,0.0,0.11681687831878662,0.08203125,6,5
26,3751,0.09160683257505299,0.16993731260299683,0.515625,7,5
26,3752,0.052048919722437866,0.07281160354614258,0.5859375,8,6
26,3753,0.0,0.1166951060295105,0.08203125,7,4
26,3754,0.0,0.11681705713272095,0.08203125,7,6
26,3755,0.09243262186646463,0.17146921157836914,0.515625,9,8
26,3756,0.07168567925691606,0.1161489486694336,0.546875,7,5
26,3757,0.08247228758409621,0.15299206972122192,0.515625,8,7
26,3758,0.07908182637766005,0.12420213222503662,0.5546875,6,6
26,3759,0.09944552369415761,0.17201387882232666,0.53125,7,5
26,3760,0.08762141363695265,0.16254407167434692,0.515625,7,7
26,3761,0.08035649033263327,0.14385497570037842,0.5234375,7,6
26,3762,0.07458252971991898,0.1618061661720276,0.484375,6,5
26,3651,0.09004192147403957,0.155748188495636,0.53125,6,4
26,3658,0.09244412765838207,0.1654943823814392,0.5234375,6,3
26,3763,0.0,0.11632680892944336,0.08203125,6,5
26,3764,0.08143842243589462,0.11879336833953857,0.57421875,6,4
26,3765,0.07439221173990519,0.14054912328720093,0.51171875,6,4
26,3766,0.08848148304969074,0.1530490517616272,0.53125,6,4
26,3767,0.08162602037191392,0.14612770080566406,0.5234375,6,4
26,3768,0.014922965783625846,0.0888437032699585,0.3671875,6,3
26,3769,0.08829480735585095,0.16379326581954956,0.515625,6,3
26,3770,0.07673978188540788,0.16303223371505737,0.48828125,6,3
26,3771,0.0,0.11639726161956787,0.08203125,5,2
26,3772,0.09484178898856045,0.1668694019317627,0.52734375,6,5
26,3773,0.09329649154096843,0.15116393566131592,0.546875,7,4
26,3774,0.05293946852907539,0.0730593204498291,0.58984375,6,3
26,3775,0.09171121567487718,0.14403724670410156,0.5546875,6,4
26,3776,0.08200250985100867,0.16086316108703613,0.50390625,5,3
26,3777,0.08508281456306578,0.14969897270202637,0.52734375,5,2
26,3778,0.0867664683610201,0.15533018112182617,0.5234375,5,2
26,3779,0.08166617387905718,0.14619958400726318,0.5234375,6,4
26,3780,0.09384226240217687,0.1473841667175293,0.5546875,7,4
26,3781,0.09317828132770957,0.1697767972946167,0.51953125,5,2
26,3782,0.08493477269075812,0.1494385004043579,0.52734375,5,4
26,3783,0.031334385275840766,0.07259368896484375,0.47265625,5,3
26,3784,0.0,0.11681687831878662,0.08203125,5,2
26,3785,0.03999291872605682,0.06479865312576294,0.546875,6,4
26,3786,0.08654534211382271,0.16977477073669434,0.50390625,6,5
26,3787,0.0964413993060589,0.17265033721923828,0.5234375,6,2
26,3788,0.00011587142944335938,0.00011587142944335938,0.96484375,5,1
26,3789,0.0,0.10621654987335205,0.08203125,6,2
26,3420,0.09834350435994567,0.17303049564361572,0.52734375,1,1
26,3643,0.08602096489630641,0.1539955735206604,0.5234375,1,1
26,3790,0.09173518186435105,0.16422522068023682,0.5234375,2,3
26,3791,2.2292137145996094e-05,2.2292137145996094e-05,0.9921875,2,2
26,3792,0.07835940713994206,0.15984070301055908,0.49609375,1,1
26,3793,0.053542129229754216,0.07195162773132324,0.59765625,1,1
26,3794,0.08644914091564716,0.16639834642410278,0.5078125,1,1
26,3795,0.03492274088785053,0.04009068012237549,0.6484375,1,0
26,3796,0.08290251251310111,0.1433989405632019,0.53125,1,1
26,3797,0.0948779694736004,0.1669330596923828,0.52734375,1,1
26,3798,0.09365637646988036,0.14709222316741943,0.5546875,1,1
26,3799,0.08974409475922586,0.14540815353393555,0.546875,1,1
26,3800,0.0,0.11681711673736572,0.08203125,1,0
26,3801,0.0,0.2560129165649414,0.05859375,1,2
26,3802,4.416704177856445e-05,4.416704177856445e-05,0.984375,1,0
26,3803,0.0616399021819234,0.10662037134170532,0.53125,1,2
26,3804,0.0870387328322977,0.16444218158721924,0.51171875,1,1
26,3805,0.0037268400192260742,0.0037268400192260742,0.89453125,1,3
26,3806,0.0016869306564331055,0.0016869306564331055,0.9140625,1,0
26,3807,0.04960143100470305,0.06754237413406372,0.59375,1,2
26,3808,0.08644407382234932,0.14704108238220215,0.53515625,1,1
26,3809,0.0,0.11524248123168945,0.08203125,2,1
26,3810,0.08746867300942542,0.14878392219543457,0.53515625,1,2
26,3811,0.05122578260488809,0.06540548801422119,0.61328125,1,3
27,3722,0.11194836592767389,0.1504397988319397,0.59765625,1,1
27,3812,0.03410737751983107,0.0790179967880249,0.47265625,1,1
27,3813,0.10979438375215979,0.1698330044746399,0.55859375,1,1
27,3814,0.055344621185213334,0.1657102108001709,0.43359375,1,2
27,3815,0.09504934691358359,0.15160518884658813,0.55078125,1,1
27,3816,0.05316728027537466,0.06243497133255005,0.640625,1,1
27,3817,0.04156943270936609,0.0707094669342041,0.53515625,1,1
27,3818,0.004768361337482933,0.1162571907043457,0.31640625,2,4
27,3819,0.09522828832268716,0.14510977268218994,0.5625,1,1
27,3820,0.0,0.12120652198791504,0.0625,1,2
27,3821,0.11248974502086641,0.17141294479370117,0.5625,1,1
27,3822,0.045842851744964726,0.06783682107925415,0.5703125,1,1
27,3823,0.03626514924690128,0.06980359554290771,0.5078125,1,0
27,3824,0.0,0.12212049961090088,0.0625,1,0
27,3825,0.02557458868250251,0.07234358787536621,0.44140625,1,1
27,3826,0.10678512929007412,0.14164245128631592,0.6015625,1,1
27,3827,0.008895809063687924,0.09901422262191772,0.3359375,1,1
27,3069,0.10690854815766217,0.16790544986724854,0.5546875,1,1
27,3731,0.10689248412381859,0.16049546003341675,0.56640625,1,1
27,3828,0.11965312832035126,0.16738361120224,0.5859375,1,1
27,3829,0.04331709374673665,0.06700408458709717,0.55859375,1,1
27,3830,0.11484971456229688,0.16066408157348633,0.5859375,1,2
27,3831,0.0,0.12212073802947998,0.0625,1,0
27,3832,0.11933761835098268,0.16250228881835938,0.59375,1,2
27,3833,0.052198215038515634,0.060602009296417236,0.64453125,1,1
27,3834,0.0,0.19825637340545654,0.1484375,2,3
27,3835,0.0,0.11013901233673096,0.07421875,1,0
27,3836,0.10211515391711147,0.14482814073562622,0.58203125,1,1
27,3837,0.05580122291576118,0.07306963205337524,0.60546875,1,1
27,3838,0.09731598291546108,0.15522050857543945,0.55078125,1,1
27,3839,0.11442656535655261,0.16456854343414307,0.578125,2,2
27,3840,0.09575103060342373,0.15272438526153564,0.55078125,1,1
27,3787,0.11102448776364328,0.1717357635498047,0.55859375,6,2
27,3772,0.10753262310754509,0.16633445024490356,0.55859375,6,5
27,3841,0.0300523778423667,0.08055925369262695,0.44921875,6,2
27,3842,0.0,0.12206447124481201,0.0625,6,1
27,3843,0.10115367453545333,0.15886712074279785,0.5546875,5,2
27,3844,0.04652313166297973,0.14794933795928955,0.42578125,7,4
27,3845,0.0,0.12151694297790527,0.0625,5,2
27,3846,0.1062079753028229,0.15063291788101196,0.58203125,5,3
27,3847,0.0028225183486938477,0.0028225183486938477,0.89453125,7,5
27,3848,0.1101507857674733,0.16538769006729126,0.56640625,7,4
27,3849,0.10743593797087671,0.16371190547943115,0.5625,6,3
27,3850,0.035129140829667456,0.04376184940338135,0.62109375,5,2
27,3851,0.0631480496376753,0.08714771270751953,0.58984375,5,3
27,3852,0.11266904196236284,0.15979653596878052,0.58203125,6,2
27,3853,0.10370051674544813,0.16286706924438477,0.5546875,6,2
27,3854,0.02650594711303711,0.02650594711303711,0.703125,6,4
27,3855,0.03773094899952412,0.09856247901916504,0.453125,7,6
27,3856,0.07059725467115642,0.15993714332580566,0.4765625,7,3
27,3857,0.0,0.11101078987121582,0.0625,5,4
27,3858,0.10357417655177416,0.1626686453819275,0.5546875,6,4
27,3859,0.03338723187334836,0.0944434404373169,0.44140625,6,3
27,3860,0.09353644261136652,0.1326611042022705,0.58203125,7,5
27,3861,0.09502531331963839,0.14698779582977295,0.55859375,6,5
27,3862,0.10066997003741564,0.14896827936172485,0.5703125,7,4
27,3863,0.10663133184425534,0.17007863521575928,0.55078125,6,6
27,3864,0.04886140685994179,0.06929928064346313,0.58203125,5,1
27,3865,0.0,0.11685985326766968,0.0625,5,1
27,3866,0.04930716287344695,0.07091367244720459,0.578125,7,6
27,3867,0.11245663894806059,0.16403931379318237,0.57421875,5,4
27,3868,0.10155362612567843,0.15027588605880737,0.5703125,6,4
27,3869,0.10165560431778432,0.1482839584350586,0.57421875,6,5
27,3420,0.11121969833038749,0.17203772068023682,0.55859375,1,1
27,3797,0.10923908650875093,0.1664595603942871,0.5625,1,1
27,3870,0.04139216803014279,0.04499530792236328,0.66796875,1,1
27,3871,0.0,0.12199890613555908,0.0625,1,1
27,3872,0.10001157224178316,0.15239858627319336,0.5625,1,1
27,3873,0.06030588177964092,0.07999122142791748,0.6015625,1,1
27,3874,0.03845406265463681,0.06765800714492798,0.52734375,1,1
27,3875,0.001413583755493164,0.001413583755493164,0.921875,2,2
27,3876,0.0538586019538343,0.07856297492980957,0.57421875,1,2
27,3877,0.10437505634035917,0.14803332090377808,0.58203125,1,1
27,3878,0.052108204457908876,0.0657128095626831,0.6171875,2,2
27,3879,0.09760225890204312,0.15328943729400635,0.5546875,1,1
27,3880,0.10096091823652388,0.14520221948623657,0.578125,1,1
27,3881,0.04829939792398364,0.07045382261276245,0.57421875,1,1
27,3882,0.04751873505301774,0.06385719776153564,0.59765625,2,3
27,3883,5.960464477539063e-08,5.960464477539063e-08,1.0,2,2
27,3884,0.11682422982994468,0.16568976640701294,0.58203125,1,1
27,3885,0.0,0.11095064878463745,0.0625,1,0
27,3886,0.03772741626016796,0.0675399899482727,0.5234375,1,2
27,3887,0.05183270853012801,0.08398211002349854,0.546875,1,2
27,3888,0.10878986958414318,0.15646183490753174,0.578125,1,2
27,3889,0.0597799513489008,0.07729125022888184,0.609375,2,2
27,3759,0.11128936684690417,0.17214548587799072,0.55859375,7,5
27,3755,0.10731814254540951,0.17117410898208618,0.55078125,9,8
27,3890,0.0,0.12115979194641113,0.0625,7,5
27,3891,0.08557805581949653,0.1364983320236206,0.55078125,7,4
27,3892,0.1123486519791186,0.1737840175628662,0.55859375,7,4
27,3893,0.0,0.12192082405090332,0.0625,7,6
27,3894,0.10628009261563422,0.1643970012664795,0.55859375,10,7
27,3895,0.04577448882628233,0.07080525159835815,0.55859375,7,4
27,3896,0.0,0.12211960554122925,0.0625,7,4
27,3897,0.1093401520047337,0.1594933271408081,0.57421875,7,4
27,3898,0.0,0.11933159828186035,0.0625,7,3
27,3899,0.10391193057876082,0.14737647771835327,0.58203125,7,4
27,3900,0.11008508619852365,0.165289044380188,0.56640625,9,8
27,3901,0.11493810603860767,0.1630147099494934,0.58203125,7,5
27,3902,0.10395844513550402,0.15383446216583252,0.5703125,8,7
27,3903,0.09869594243355097,0.1460471749305725,0.5703125,6,3
27,3904,0.0432841437868774,0.0712587833404541,0.54296875,7,5
27,3905,0.0,0.12209165096282959,0.0625,6,4
27,3906,0.10329733218532057,0.15978318452835083,0.55859375,7,5
27,3907,0.10470945457927884,0.16445165872573853,0.5546875,8,6
27,3908,0.09819416608661415,0.16702795028686523,0.53515625,7,7
27,3909,0.1096196712460369,0.1645902395248413,0.56640625,5,4
27,3910,0.055898384191095836,0.08392953872680664,0.56640625,7,5
27,3911,0.0033262968063354492,0.0033262968063354492,0.875,7,4
27,3912,0.10899549536406995,0.17118310928344727,0.5546875,9,8
27,3913,0.045416386798024184,0.06353330612182617,0.5859375,9,8
27,3914,0.11873062234371902,0.166093111038208,0.5859375,7,5
27,3263,0.11269199999514969,0.17974549531936646,0.55078125,1,2
27,3735,0.10383395384997131,0.16307663917541504,0.5546875,1,1
27,3915,0.0637038628337905,0.08791476488113403,0.58984375,1,2
27,3916,0.10360176383983345,0.16524642705917358,0.55078125,1,1
27,3917,0.10896536195650698,0.1711357831954956,0.5546875,1,1
27,3918,0.036639021709561355,0.0910639762878418,0.4609375,1,1
27,3919,0.011269988492131237,0.09459400177001953,0.34765625,2,2
27,3920,0.053566507063806064,0.06755185127258301,0.6171875,1,2
27,3921,0.019770077546127144,0.09119170904159546,0.38671875,1,1
27,3922,0.044603263959288604,0.06899356842041016,0.55859375,1,1
27,3923,0.0,0.19134050607681274,0.1015625,2,3
27,3924,0.04696302954107524,0.07375788688659668,0.5546875,2,3
27,3925,0.0440264386124909,0.06514894962310791,0.5703125,1,4
27,3926,0.029602512717247013,0.07935333251953125,0.44921875,2,1
27,3927,0.11523804510943593,0.16344010829925537,0.58203125,1,1
27,3928,0.11198643408715726,0.16105914115905762,0.578125,1,1
27,3929,0.09761730488389732,0.1688515543937683,0.53125,1,2
27,3930,0.0022748708724975586,0.0022748708724975586,0.92578125,1,2
27,3931,0.0,0.11609184741973877,0.0625,2,1
27,3511,0.11580240132752807,0.16891974210739136,0.57421875,1,2
27,3698,0.10663215396925808,0.17007994651794434,0.55078125,1,1
27,3932,0.1154688094975427,0.16376739740371704,0.58203125,1,1
27,3933,0.04660911276005209,0.06520181894302368,0.5859375,2,4
27,3934,0.0,0.12193381786346436,0.0625,1,0
27,3935,0.03512086253613234,0.14861059188842773,0.39453125,1,2
27,3936,0.0,0.12195229530334473,0.0625,2,2
27,3937,0.00752568244934082,0.00752568244934082,0.83203125,1,0
27,3938,0.06868038279935719,0.09877628087997437,0.578125,1,2
27,3939,0.006090801209211355,0.19490563869476318,0.3125,1,2
27,3940,0.060066337697207935,0.07574868202209473,0.6171875,1,2
27,3941,0.10400443058460952,0.14957940578460693,0.578125,1,2
27,3942,0.0,0.0,1.0,2,3
27,3943,0.0,0.11965900659561157,0.2109375,1,2
27,3944,0.047655679984018214,0.07051938772201538,0.5703125,1,2
27,3945,0.11717892868909986,0.16619282960891724,0.58203125,2,3
27,3946,0.08991011977195741,0.1798202395439148,0.5,1,2
27,3947,3.230571746826172e-05,3.230571746826172e-05,0.98828125,2,2
27,3948,0.023055614903569225,0.027388572692871094,0.63671875,1,1
28,3722,0.09478584793396296,0.14886611700057983,0.5546875,1,1
28,3819,0.08594117790926249,0.14148515462875366,0.54296875,1,1
28,3949,0.08334197569638492,0.16349077224731445,0.50390625,1,2
28,3950,0.08962707687169315,0.1407639980316162,0.5546875,1,1
28,3951,0.09118004795163871,0.1432030200958252,0.5546875,1,1
28,3952,0.07857633847743274,0.1484541893005371,0.51171875,1,1
28,3953,0.05528469011187554,0.07629585266113281,0.58984375,1,2
28,3954,0.0003228513523936318,0.1652998924255371,0.30078125,1,2
28,3955,0.0,0.11869865655899048,0.0703125,1,0
28,3956,0.019374281167984012,0.08551406860351562,0.390625,1,0
28,3957,0.07857633847743274,0.1484541893005371,0.51171875,1,1
28,3958,0.0,0.19190764427185059,0.09375,1,2
28,3959,0.09658246650360526,0.14291971921920776,0.5703125,1,1
28,3927,0.09596407623030247,0.16056734323501587,0.5390625,1,1
28,3263,0.10499467165209354,0.1756773591041565,0.5390625,1,2
28,3960,0.08740906859748067,0.1592649221420288,0.51953125,1,1
28,3961,0.03310160839464516,0.03676360845565796,0.66015625,1,0
28,3962,0.06916555063799025,0.07852053642272949,0.65234375,1,2
28,3963,0.08676546812057497,0.1735309362411499,0.5,1,2
28,3964,0.04968441603705288,0.06505990028381348,0.60546875,1,2
28,3965,0.09566115890629591,0.15024083852767944,0.5546875,1,1
28,3966,0.00035750865936279297,0.00035750865936279297,0.95703125,1,0
28,3967,0.09718463453464211,0.16531074047088623,0.53515625,1,1
28,3968,0.023925483226776123,0.023925483226776123,0.734375,1,0
28,3969,0.004806816577911377,0.004806816577911377,0.89453125,1,0
28,3970,0.03125819494016469,0.07962286472320557,0.45703125,1,0
28,3971,0.032270718365907676,0.04225730895996094,0.60546875,2,2
28,3972,0.0353961973451078,0.03889024257659912,0.6640625,1,3
28,3973,0.060717271640896804,0.1872725486755371,0.4296875,1,2
28,3974,0.05289596389047802,0.06670624017715454,0.6171875,1,1
28,3975,0.09089768864214422,0.17173290252685547,0.51171875,1,2
28,3884,0.09558154328260572,0.16258388757705688,0.53515625,1,1
28,3420,0.09891788847744466,0.17110121250152588,0.53125,1,1
28,3976,0.09387907572090627,0.15968799591064453,0.53515625,1,1
28,3977,0.036979370634071536,0.0370517373085022,0.69921875,1,1
28,3978,0.0014827847480773926,0.0014827847480773926,0.9375,1,0
28,3979,0.0,0.11827051639556885,0.0703125,1,0
28,3980,0.053262161556631334,0.06974482536315918,0.60546875,1,2
28,3981,0.04628593102097512,0.06474971771240234,0.5859375,1,1
28,3982,0.09595650411210956,0.15797340869903564,0.54296875,1,1
28,3983,0.03862686944194139,0.04871171712875366,0.6171875,1,0
28,3984,6.389617919921875e-05,6.389617919921875e-05,0.984375,2,2
28,3985,0.025569368852302436,0.05432164669036865,0.48828125,1,1
28,3986,0.09406882280018182,0.16001075506210327,0.53515625,1,1
28,3987,0.0012156963348388672,0.0012156963348388672,0.9375,2,1
28,3988,0.022970192949287597,0.0778856873512268,0.41796875,2,2
28,3989,0.0896046820562333,0.16041117906570435,0.5234375,1,1
28,3990,0.050899210851639516,0.0666506290435791,0.60546875,1,2
28,3991,0.032404705882072456,0.05701446533203125,0.52734375,1,1
28,3992,0.09767577471211554,0.15579438209533691,0.55078125,1,1
28,3993,0.09272936359047891,0.16315269470214844,0.52734375,1,1
28,3994,0.060274142306298024,0.08919179439544678,0.5703125,1,2
28,3945,0.09158721985295416,0.16396033763885498,0.5234375,2,3
28,3511,0.10417930665425958,0.16616761684417725,0.55078125,1,2
28,3995,0.07869569212198259,0.1707296371459961,0.484375,1,2
28,3996,0.09959752438589932,0.1666468381881714,0.5390625,1,1
28,3997,0.07504802616313101,0.18652713298797607,0.4609375,1,2
28,3998,0.0011421442031860352,0.0011421442031860352,0.9609375,1,2
28,3999,0.10532577242702247,0.17065441608428955,0.546875,2,3
28,4000,0.08666253474075349,0.17000466585159302,0.50390625,2,4
28,4001,0.06945024244487287,0.18142104148864746,0.453125,2,4
28,4002,0.012843586038798099,0.18266433477401733,0.328125,1,2
28,4003,0.09353632968850435,0.16744965314865112,0.5234375,1,2
28,4004,0.08275005966424943,0.15077590942382812,0.51953125,1,1
28,4005,0.09280833054799588,0.16329163312911987,0.52734375,1,1
28,4006,0.04892980190925301,0.17767417430877686,0.41015625,1,2
28,4007,0.03649719501845539,0.06895411014556885,0.51171875,1,2
28,3914,0.09897250297944994,0.16293865442276,0.54296875,7,5
28,3901,0.09593144548125566,0.1605127453804016,0.5390625,7,5
28,4008,0.047826547175645835,0.1037592887878418,0.484375,8,7
28,4009,0.08932967379223557,0.1424822211265564,0.55078125,6,3
28,4010,0.0928928814828396,0.16067957878112793,0.53125,6,3
28,4011,0.08835122722666712,0.16098159551620483,0.51953125,7,5
28,4012,0.09233664046041669,0.1570643186569214,0.53515625,6,2
28,4013,0.03149092616513372,0.0802156925201416,0.45703125,6,1
28,4014,0.04613531078211964,0.06543290615081787,0.58203125,7,2
28,4015,0.08730743022169919,0.15907973051071167,0.51953125,8,6
28,4016,0.08610234735533596,0.16573083400726318,0.5078125,7,6
28,4017,0.0017061829566955566,0.0017061829566955566,0.9453125,7,5
28,4018,0.09028299618512393,0.15616518259048462,0.53125,7,5
28,4019,0.09699008683674039,0.16497981548309326,0.53515625,8,6
28,4020,0.0,0.11495590209960938,0.0703125,7,3
28,4021,0.09608494245912881,0.16344016790390015,0.53515625,7,5
28,4022,0.05133325117640198,0.10471165180206299,0.49609375,7,6
28,4023,0.05864392849616707,0.08093178272247314,0.58984375,8,6
28,4024,0.09077702939976008,0.14944642782211304,0.54296875,7,5
28,4025,0.08801614958792926,0.15224415063858032,0.53125,6,4
28,4026,0.0,0.1179419755935669,0.0703125,5,0
28,4027,0.09343664348125459,0.1616201400756836,0.53125,7,5
28,4028,0.0479551567696035,0.06047546863555908,0.6171875,5,4
28,4029,0.0,0.1182323694229126,0.0703125,5,3
28,4030,0.0002574920654296875,0.0002574920654296875,0.9765625,7,5
28,4031,0.04667231813073159,0.06619453430175781,0.58203125,7,3
28,4032,0.09839169972110541,0.1619824767112732,0.54296875,8,6
28,4033,0.08851745375432075,0.15574204921722412,0.52734375,7,5
28,4034,0.09887095540761949,0.1710200309753418,0.53125,10,9
28,4035,0.040520594920963056,0.06565362215042114,0.546875,6,6
28,4036,0.08775687636807562,0.16279536485671997,0.515625,4,3
28,4037,0.0,0.0,1.0,6,5
28,4038,0.09459243062883617,0.16361933946609497,0.53125,7,5
28,4039,0.07405269332230092,0.16065669059753418,0.484375,6,2
28,4040,0.0,0.179840087890625,0.17578125,5,4
28,4041,0.09480697475373746,0.1444677710533142,0.5625,7,4
28,4042,0.09105612547136845,0.17203223705291748,0.51171875,7,5
28,4043,0.07480467343702914,0.09922277927398682,0.6015625,6,2
28,4044,0.04640118358656765,0.07401061058044434,0.55078125,7,5
28,4045,0.03636709554120899,0.0756908655166626,0.4921875,8,5
28,4046,0.00373072852380574,0.09095871448516846,0.31640625,7,3
28,4047,0.08223640895448626,0.1613219976425171,0.50390625,7,5
28,4048,0.0,0.10561811923980713,0.078125,6,3
28,4049,0.09657394140958787,0.14716029167175293,0.5625,6,3
28,4050,0.09676172118633987,0.15433645248413086,0.55078125,5,2
28,4051,0.08788997808005662,0.16014117002487183,0.51953125,7,4
28,3832,0.09384641749784352,0.15963244438171387,0.53515625,1,2
28,3821,0.09403478587046267,0.1683419942855835,0.5234375,1,1
28,4052,0.015428708167746668,0.07821285724639893,0.37890625,1,1
28,4053,0.06963072158396245,0.10610395669937134,0.5625,2,3
28,4054,0.09434881375636907,0.15532666444778442,0.54296875,1,1
28,4055,0.09521021367982031,0.16195225715637207,0.53515625,1,2
28,4056,0.04732637072447688,0.06359869241714478,0.59765625,1,2
28,4057,0.04545721411705018,0.06189918518066406,0.59375,1,2
28,4058,0.04951972654089332,0.08285653591156006,0.5390625,1,2
28,4059,0.08886301750317217,0.16191411018371582,0.51953125,1,1
28,4060,0.09515295666642488,0.16185486316680908,0.53515625,1,2
28,4061,0.04979975963942707,0.06521093845367432,0.60546875,2,4
28,4062,0.0,0.0,1.0,1,1
28,4063,5.745887756347656e-05,5.745887756347656e-05,0.984375,1,0
28,4064,0.08303859119769187,0.16938549280166626,0.49609375,1,2
28,4065,0.08976275939494373,0.16651642322540283,0.515625,1,1
28,3828,0.10015293618198486,0.16488200426101685,0.54296875,1,1
28,3830,0.09597471531014891,0.15800338983535767,0.54296875,1,2
28,4066,0.07842695713043214,0.15685391426086426,0.5,1,1
28,4067,0.07267061434686185,0.13480925559997559,0.515625,1,2
28,4068,0.047009697183966644,0.08271121978759766,0.52734375,1,1
28,4069,0.0831853672862053,0.16011619567871094,0.5078125,1,1
28,4070,0.014857672154903417,0.07924091815948486,0.375,2,2
28,4071,0.0,0.1978798508644104,0.23046875,1,2
28,4072,0.05961674731224776,0.17850160598754883,0.43359375,1,2
28,4073,0.09466854156926276,0.1558530330657959,0.54296875,1,2
28,4074,0.08794869738630952,0.16024816036224365,0.51953125,1,2
28,4075,0.042440557852387435,0.06876444816589355,0.546875,2,2
28,4076,0.09670718386769296,0.15669012069702148,0.546875,1,1
28,4077,0.0,0.18581628799438477,0.23828125,1,2
28,4078,0.04285282129421831,0.06163102388381958,0.578125,2,4
28,4079,0.09458012878894807,0.16359806060791016,0.53125,1,1
28,4080,0.049440815113484866,0.06392347812652588,0.609375,2,1
28,4081,0.07859277795068921,0.11146676540374756,0.58203125,3,3
28,4082,0.0932325776666403,0.16126716136932373,0.53125,2,2
28,4083,0.046537552960217006,0.06693041324615479,0.578125,1,2
28,4084,0.09082153043709697,0.17158901691436768,0.51171875,1,1
29,3959,0.08546537836082281,0.1453763246536255,0.53515625,1,1
29,3819,0.08173832169268282,0.14381450414657593,0.52734375,1,1
29,4085,0.0013339519500732422,0.0013339519500732422,0.9375,1,1
29,4086,0.08538765646517278,0.1476975679397583,0.53125,1,1
29,4087,0.08312749536707999,0.1542075276374817,0.515625,1,1
29,4088,0.000448763370513916,0.000448763370513916,0.96875,1,0
29,4089,0.07034365134313704,0.13799214363098145,0.50390625,1,2
29,4090,0.038229954661801464,0.07499516010284424,0.50390625,1,1
29,4091,0.082595132291317,0.15049362182617188,0.51953125,1,1
29,4092,0.08772170392330737,0.15983456373214722,0.51953125,1,1
29,4093,0.0404416376259178,0.05735766887664795,0.58203125,1,2
29,4094,0.0,0.18169504404067993,0.09765625,2,3
29,4095,0.0013325810432434082,0.0013325810432434082,0.94140625,1,1
29,4076,0.08339361310936512,0.1575554609298706,0.51171875,1,1
29,4055,0.09308872930705549,0.16378498077392578,0.52734375,1,2
29,4096,0.0,0.10960257053375244,0.10546875,1,0
29,4097,0.04334231419488788,0.06063187122344971,0.5859375,1,2
29,4098,0.0789518989622593,0.1365654468536377,0.53125,1,2
29,4099,0.04571737255901099,0.06864309310913086,0.56640625,2,3
29,4100,0.03806965867988766,0.06267416477203369,0.54296875,1,2
29,4101,0.0,0.10220575332641602,0.10546875,1,0
29,4102,0.08906463207677008,0.149023175239563,0.5390625,1,1
29,4103,0.08678541309200229,0.15536409616470337,0.5234375,1,1
29,4104,0.090307439211756,0.1588914394378662,0.52734375,1,1
29,4105,0.07610667822882534,0.16511279344558716,0.484375,1,1
29,4106,0.03881391882896424,0.07762783765792847,0.5,1,1
29,4107,0.07681353925727309,0.15668737888336182,0.49609375,1,1
29,4108,0.07898842357099058,0.1643986701965332,0.4921875,1,1
29,4109,0.039965820033103235,0.05668282508850098,0.58203125,1,2
29,4110,0.03901510348077864,0.058579862117767334,0.56640625,1,2
29,4111,0.04139457782730461,0.059533774852752686,0.578125,1,1
29,4112,0.035606863908469684,0.05346250534057617,0.56640625,1,1
29,4113,0.03472630854230375,0.05906933546066284,0.53515625,1,1
29,4114,0.02958794008009136,0.07536828517913818,0.45703125,1,2
29,3420,0.08939841901883484,0.17207515239715576,0.5078125,1,1
29,3992,0.08588478737510742,0.1564875841140747,0.51953125,1,1
29,4115,0.03807183145545424,0.05325895547866821,0.5859375,1,1
29,4116,0.0919909856747836,0.16468316316604614,0.5234375,1,1
29,4117,0.08991504507139327,0.1456851363182068,0.546875,1,1
29,4118,0.0851616798900068,0.14983773231506348,0.52734375,1,1
29,4119,0.0008606314659118652,0.0008606314659118652,0.9375,1,0
29,4120,0.08432493964210154,0.15642887353897095,0.515625,1,1
29,4121,0.041975168511271484,0.06396216154098511,0.5625,1,1
29,4122,0.09325778554193677,0.1669510006904602,0.5234375,1,1
29,4123,0.0059110803995281475,0.07381641864776611,0.33203125,1,1
29,4124,0.09038224304094912,0.14644211530685425,0.546875,1,1
29,4125,0.0,0.10952401161193848,0.10546875,2,1
29,4126,0.00025278329849243164,0.00025278329849243164,0.97265625,1,0
29,4127,3.2901763916015625e-05,3.2901763916015625e-05,0.9921875,2,2
29,4128,0.0,0.10960054397583008,0.10546875,1,0
29,4129,0.025276895146816972,0.07150149345397949,0.44140625,2,2
29,4130,0.09140563011169435,0.16363525390625,0.5234375,1,1
29,3914,0.08884803252294661,0.16481953859329224,0.515625,7,5
29,4034,0.08425435796380044,0.17186546325683594,0.49609375,10,9
29,4131,0.09061322500929238,0.16809409856796265,0.515625,10,9
29,4132,0.059709961526095874,0.07623815536499023,0.61328125,6,3
29,4133,0.0391439077211544,0.054020702838897705,0.58984375,6,4
29,4134,0.030867588589899245,0.03504258394241333,0.65234375,10,9
29,4135,0.0916584567166865,0.15591073036193848,0.53515625,9,7
29,4136,0.0013284683227539062,0.0013284683227539062,0.93359375,7,6
29,4137,0.09094376489520074,0.16280841827392578,0.5234375,6,2
29,4138,0.0,0.10750412940979004,0.10546875,7,3
29,4139,0.09453025739639999,0.1663212776184082,0.52734375,7,5
29,4140,0.08018574118614198,0.16037148237228394,0.5,8,6
29,4141,0.0397816572804004,0.06345236301422119,0.55078125,6,4
29,4142,0.0,0.10806602239608765,0.10546875,9,7
29,4143,0.08554824767634274,0.16781878471374512,0.50390625,8,6
29,4144,0.0,0.2536969780921936,0.125,7,5
29,4145,0.0908227050676942,0.16259169578552246,0.5234375,8,6
29,4146,0.04487313469871879,0.06277334690093994,0.5859375,7,5
29,4147,0.07499070651829244,0.12971365451812744,0.53125,7,4
29,4148,0.09319752804003657,0.15852868556976318,0.53515625,7,3
29,4149,0.08473841659724714,0.15169954299926758,0.5234375,7,4
29,4150,0.08206914283800872,0.16099387407302856,0.50390625,6,4
29,4151,0.0003352165222167969,0.0003352165222167969,0.9765625,9,6
29,4152,0.08899547997862102,0.1650930643081665,0.515625,8,7
29,4153,0.043139484361745424,0.09561651945114136,0.48046875,6,2
29,4154,0.08961871371138842,0.16329103708267212,0.51953125,7,5
29,4155,0.08997102454304697,0.16106700897216797,0.5234375,8,7
29,4156,0.03876330424100161,0.067050039768219,0.53125,10,9
29,4157,0.04194167815148831,0.06032061576843262,0.578125,8,7
29,4158,0.08927083527669312,0.1598135232925415,0.5234375,5,1
29,4159,0.030181240173988048,0.06992214918136597,0.47265625,8,6
29,4160,0.0,0.1047903299331665,0.10546875,10,9
29,4161,0.04097974591422827,0.05977672338485718,0.57421875,7,4
29,4162,0.00481724739074707,0.00481724739074707,0.875,6,2
29,4163,0.07422017306089403,0.1202554702758789,0.546875,5,1
29,4164,0.08651033928617836,0.16970610618591309,0.50390625,5,3
29,4165,0.002854585647583008,0.002854585647583008,0.93359375,7,3
29,4166,0.056163965724408633,0.08077514171600342,0.578125,8,7
29,3828,0.09233468770980836,0.1652984619140625,0.5234375,1,1
29,3830,0.08946347888559104,0.16015839576721191,0.5234375,1,2
29,4167,0.07817563659045847,0.16608268022537231,0.48828125,1,2
29,4168,0.09281900175847115,0.16331040859222412,0.52734375,1,2
29,4169,0.05984893813729287,0.17410600185394287,0.4375,1,2
29,4170,0.0014151334762573242,0.0014151334762573242,0.94140625,2,2
29,4171,0.0926887111272663,0.16593223810195923,0.5234375,1,1
29,4172,0.08072752738371493,0.14451920986175537,0.5234375,1,2
29,4173,0.06844794738572092,0.17435497045516968,0.45703125,1,2
29,4174,0.034888818394392736,0.06472128629684448,0.515625,1,1
29,4175,0.08387496904470028,0.1475738286972046,0.52734375,1,1
29,4176,0.01809399807825685,0.07071852684020996,0.40234375,1,1
29,4177,0.0023143887519836426,0.0023143887519836426,0.94921875,2,4
29,4178,0.08590348064899446,0.16534805297851562,0.5078125,1,1
29,4179,0.04555835598148406,0.05965697765350342,0.60546875,1,2
29,4180,0.0759703649673611,0.1435307264328003,0.51171875,1,2
29,4181,0.04317880596499891,0.058025062084198,0.59765625,1,2
29,4182,0.08384597301483156,0.16769194602966309,0.5,1,1
29,4183,0.0,0.2788022756576538,0.1015625,2,3
29,4184,0.044773711822927005,0.06096845865249634,0.59375,1,2
29,4185,0.08238607365638019,0.14748835563659668,0.5234375,1,1
29,3263,0.09258839953690769,0.17821526527404785,0.5078125,1,2
29,3967,0.08409131574444474,0.16496074199676514,0.50390625,1,1
29,4186,0.0,0.10755228996276855,0.10546875,1,0
29,4187,0.09004598995670678,0.17332160472869873,0.5078125,1,2
29,4188,0.004589036107063297,0.11188507080078125,0.31640625,1,1
29,4189,0.0,0.10698431730270386,0.10546875,1,0
29,4190,0.0,0.1995640993118286,0.09765625,1,2
29,4191,0.07025314460042865,0.17047208547592163,0.46484375,1,2
29,4192,0.0890913554467261,0.171484112739563,0.5078125,1,1
29,4193,0.08302126359194519,0.16935014724731445,0.49609375,1,2
29,4194,0.0,0.19555383920669556,0.265625,1,2
29,4195,0.026100300252437595,0.027782440185546875,0.67578125,2,2
29,4196,0.04392258822917939,0.06061553955078125,0.58984375,1,2
29,4197,0.03968379832804204,0.052637577056884766,0.6015625,1,2
29,4198,0.0466782907024026,0.06035172939300537,0.609375,1,2
29,4199,0.05542876897379757,0.17096102237701416,0.4296875,1,2
29,4200,0.08964210329577328,0.16333365440368652,0.51953125,1,1
29,4201,0.03739626938477159,0.04108774662017822,0.6640625,1,1
29,4202,0.0886460510082543,0.1507866382598877,0.53515625,1,1
29,3999,0.08942164387553932,0.1721198558807373,0.5078125,2,3
29,3511,0.08995040226727725,0.1668645143508911,0.515625,1,2
29,4203,0.0816995940404013,0.17356926202774048,0.48828125,1,2
29,4204,0.0,0.10957133769989014,0.10546875,1,0
29,4205,0.016475319862365723,0.016475319862365723,0.76171875,1,1
29,4206,0.08778555016033353,0.16585314273834229,0.51171875,1,1
29,4207,0.05114392563700677,0.08557415008544922,0.5390625,3,4
29,4208,0.09039163775742055,0.17398691177368164,0.5078125,2,3
29,4209,0.02424964495003224,0.18811845779418945,0.3515625,2,2
29,4210,0.08272140892222525,0.17216813564300537,0.4921875,1,2
29,4211,0.06668129819445313,0.1787477731704712,0.44921875,2,3
29,4212,0.07413222151808442,0.16794556379318237,0.4765625,1,2
29,4213,0.08792909607291223,0.1661243438720703,0.51171875,1,1
29,4214,0.0,0.20021885633468628,0.14453125,2,4
29,4215,0.09155320655554534,0.1698378324508667,0.515625,1,2
29,4216,0.0,0.12274676561355591,0.25390625,1,2
29,4217,0.09335367847234012,0.1731778383255005,0.515625,1,2
29,4218,0.007217625388875609,0.175972580909729,0.31640625,2,3
29,4219,0.08520815428346397,0.13805878162384033,0.546875,2,3
29,4220,0.002468407154083252,0.002468407154083252,0.8984375,1,0
30,4092,0.08132682135328652,0.15653884410858154,0.5078125,1,1
30,4175,0.07754049310460688,0.14384323358535767,0.515625,1,1
30,4221,0.04744812310673297,0.08070909976959229,0.53515625,1,1
30,4222,0.03602996096014977,0.06807136535644531,0.51171875,2,3
30,4223,0.05090770404785872,0.0895695686340332,0.52734375,1,2
30,4224,0.04382357862778009,0.07710540294647217,0.52734375,2,2
30,4225,0.00469052791595459,0.00469052791595459,0.8828125,2,1
30,4226,2.9802322387695312e-05,2.9802322387695312e-05,0.99609375,1,0
30,4227,0.07231498556211592,0.15050923824310303,0.4921875,1,1
30,4228,0.0,0.08655256032943726,0.29296875,1,1
30,4229,0.0,0.10847121477127075,0.16015625,1,0
30,4230,0.08179698535241188,0.1574438214302063,0.5078125,1,1
30,4231,0.0,0.18882429599761963,0.2421875,2,3
30,4232,0.08119821175932886,0.15062856674194336,0.515625,1,1
30,4233,0.05861102719791235,0.10679304599761963,0.51953125,1,1
30,4234,0.0,0.1088869571685791,0.16015625,1,0
30,4102,0.07920553989242764,0.14431756734848022,0.51953125,1,1
30,4103,0.08011464588344099,0.15136051177978516,0.51171875,1,1
30,4235,0.08242548420093955,0.1501845121383667,0.51953125,1,1
30,4236,0.03603033954277635,0.06807208061218262,0.51171875,1,1
30,4237,0.0023516416549682617,0.0023516416549682617,0.90234375,1,0
30,4238,0.0004693269729614258,0.0004693269729614258,0.96875,1,0
30,4239,0.049439957365393646,0.0855177640914917,0.53125,2,2
30,4240,0.07893869897816332,0.15485292673110962,0.50390625,1,2
30,4241,0.0729500660672784,0.13059592247009277,0.5234375,1,1
30,4242,0.0004693269729614258,0.0004693269729614258,0.96875,2,1
30,4243,0.03387469344306738,0.061721861362457275,0.51953125,1,1
30,4244,0.07202371954917909,0.14404743909835815,0.5,1,1
30,4245,0.07778221601620318,0.13685393333435059,0.52734375,1,1
30,4246,0.0412365896627307,0.07513570785522461,0.51953125,1,1
30,4247,0.00013339519500732422,0.00013339519500732422,0.98046875,1,0
30,4248,0.07597743545193227,0.14904385805130005,0.50390625,1,1
30,3263,0.08676294528413565,0.176982581615448,0.49609375,1,2
30,4187,0.08559846878051759,0.17119693756103516,0.5,1,2
30,4249,0.08883845026139171,0.1618693470954895,0.51953125,1,1
30,4250,0.028751254081726074,0.028751254081726074,0.7265625,1,2
30,4251,0.04024669923819602,0.07205003499984741,0.5234375,1,1
30,4252,0.0060773491859436035,0.0060773491859436035,0.86328125,1,1
30,4253,0.08700715680606665,0.16747242212295532,0.5078125,1,2
30,4254,0.0,0.10757017135620117,0.16015625,1,1
30,4255,0.006354093551635742,0.006354093551635742,0.83984375,1,0
30,4256,0.018415451049804688,0.018415451049804688,0.765625,1,2
30,4257,0.036730809020809836,0.04575711488723755,0.62109375,1,2
30,4258,0.0821666157571599,0.17456144094467163,0.48828125,1,2
30,4259,0.021579916123300794,0.07567751407623291,0.4140625,2,4
30,4260,0.03286397736519576,0.06325697898864746,0.5078125,1,1
30,4261,0.07841052254661919,0.15092551708221436,0.5078125,1,2
30,4262,0.0,0.20259559154510498,0.234375,1,2
30,4263,0.07617532717995347,0.18932896852493286,0.4609375,1,2
30,4264,0.04958699236158282,0.08163517713546753,0.54296875,2,3
30,4265,0.055500537389889366,0.07871544361114502,0.58203125,1,3
30,4266,0.05134548526257277,0.14133810997009277,0.4453125,1,2
30,4055,0.09316900093108417,0.16115719079971313,0.53125,1,2
30,4168,0.08151860791258515,0.15991389751434326,0.50390625,1,2
30,4267,0.02594700292684138,0.1871107816696167,0.35546875,1,2
30,4268,0.09334505163133146,0.1614617109298706,0.53125,1,1
30,4269,0.044656493235379464,0.07994449138641357,0.5234375,1,2
30,4270,0.03119589155539871,0.05306410789489746,0.53515625,2,3
30,4271,0.03720664442516864,0.04634988307952881,0.62109375,2,2
30,4272,0.08092880924232305,0.15577274560928345,0.5078125,1,2
30,4273,0.08468442270532252,0.14899802207946777,0.52734375,1,1
30,4274,0.01138615608215332,0.01138615608215332,0.7734375,1,0
30,4275,0.08028488187119366,0.15168213844299316,0.51171875,1,2
30,4276,0.05422961956355722,0.10638147592544556,0.50390625,2,2
30,4277,0.0,0.10846221446990967,0.16015625,1,0
30,4278,0.08445396088063718,0.17577409744262695,0.4921875,1,2
30,4279,0.08509509474970402,0.16692984104156494,0.50390625,1,1
30,4280,0.07604400767013432,0.14917445182800293,0.50390625,1,2
30,4281,0.03627922222949565,0.08219009637832642,0.4765625,1,2
30,4282,0.043053711880929775,0.048876941204071045,0.65234375,1,2
30,4283,0.06488842482212932,0.1942858099937439,0.43359375,1,2
30,4284,0.040268710814416415,0.062288761138916016,0.55859375,1,2
30,4285,0.08506535785272719,0.15780240297317505,0.515625,1,2
30,4286,0.03510222770273686,0.052704811096191406,0.56640625,1,2
30,4148,0.08962310757488014,0.1550237536430359,0.53125,7,3
30,4208,0.08329886896535756,0.17337000370025635,0.4921875,2,3
30,4287,0.08744412660598756,0.1748882532119751,0.5,2,3
30,4288,0.031046869466081265,0.03237473964691162,0.68359375,2,3
30,4289,0.07609963417053224,0.15838623046875,0.4921875,1,2
30,4290,0.0,0.20209091901779175,0.2109375,2,4
30,4291,0.023410424357280142,0.09905898571014404,0.39453125,2,2
30,4292,0.08090957743115725,0.1474224328994751,0.51953125,6,2
30,4293,0.08271495951339604,0.148077130317688,0.5234375,1,1
30,4294,0.09291487047448756,0.17236381769180298,0.515625,2,3
30,4295,0.08231276273727418,0.16462552547454834,0.5,7,3
30,4296,0.03901047864928842,0.06320685148239136,0.546875,7,3
30,4297,0.042244252981618054,0.07562607526779175,0.5234375,2,2
30,4298,0.08008572459220888,0.16017144918441772,0.5,7,2
30,4299,3.1113624572753906e-05,3.1113624572753906e-05,0.99609375,2,3
30,4300,0.0,0.10688650608062744,0.16015625,7,3
30,4122,0.09558595065027477,0.16533786058425903,0.53125,1,1
30,4130,0.0756453978829086,0.1607072353363037,0.48828125,1,1
30,4301,0.0832054065540433,0.1439228653907776,0.53125,1,1
30,4302,0.08249015081673862,0.14513731002807617,0.52734375,1,1
30,4303,0.03339208662509919,0.05775928497314453,0.53125,1,2
30,4304,0.0,0.10844612121582031,0.16015625,1,0
30,4305,0.0,0.10819762945175171,0.16015625,1,0
30,4306,0.08499123249202968,0.15766489505767822,0.515625,1,1
30,4307,0.0,0.10819530487060547,0.16015625,1,0
30,4308,0.020048417616635568,0.09683763980865479,0.3828125,1,1
30,4309,0.08132318034768106,0.13833045959472656,0.53515625,1,1
30,4310,0.07974564784672113,0.15643590688705444,0.50390625,1,1
30,4311,3.999471664428711e-05,3.999471664428711e-05,0.9921875,1,0
30,4312,0.02553564053960145,0.02583843469619751,0.6953125,1,0
30,4313,0.012322008609771729,0.012322008609771729,0.76171875,1,0
30,4314,0.0,0.1044778823852539,0.16015625,1,0
30,4315,0.07776392367668451,0.14169085025787354,0.51953125,1,1
30,4316,0.03864615375641734,0.058025896549224854,0.56640625,1,1
30,4217,0.09373119147494437,0.17078423500061035,0.51953125,1,2
30,4116,0.0796371102333069,0.15927422046661377,0.5,1,1
30,4317,0.08539985422976316,0.15560400485992432,0.51953125,1,1
30,4318,0.08725757338106634,0.15352535247802734,0.52734375,2,3
30,4319,0.08767921011894943,0.15975713729858398,0.51953125,1,1
30,4320,0.0,0.10837340354919434,0.16015625,1,0
30,4321,0.03533580899238587,0.07067161798477173,0.5,1,1
30,4322,0.078344504814595,0.15981030464172363,0.49609375,1,2
30,4323,0.034370682202279575,0.06615710258483887,0.5078125,1,2
30,4324,0.0885715192416683,0.1673380732536316,0.51171875,1,1
30,4325,0.07762430235743524,0.18399834632873535,0.46875,1,2
30,4326,0.0,0.1934603452682495,0.05078125,1,2
30,4327,0.0,0.09844481945037842,0.16015625,1,1
30,4328,0.0,0.1057051420211792,0.16015625,1,0
30,4329,0.011230255942791707,0.18548035621643066,0.32421875,1,2
30,4330,0.04602923383936287,0.07701623439788818,0.5390625,2,2
30,4331,2.9146671295166016e-05,2.9146671295166016e-05,0.99609375,2,2
30,4332,0.026977845118381086,0.032047927379608154,0.63671875,2,3
30,4139,0.08425835566595198,0.16218149662017822,0.5078125,7,5
30,4135,0.07926426827907564,0.15256881713867188,0.5078125,9,7
30,4333,0.09307914215605707,0.16376811265945435,0.52734375,9,7
30,4334,0.0,0.10503053665161133,0.16015625,10,8
30,4335,0.03609424526803196,0.03616487979888916,0.69921875,8,7
30,4336,0.07336174929514529,0.15915769338607788,0.484375,8,5
30,4337,0.03301583696156741,0.06354928016662598,0.5078125,7,3
30,4338,0.07756028580479325,0.14653456211090088,0.51171875,9,8
30,4339,0.08893465786240996,0.15921169519424438,0.5234375,7,5
30,4340,0.0696310722269118,0.17306363582611084,0.4609375,8,7
30,4341,0.004416525363922119,0.004416525363922119,0.84765625,7,5
30,4342,0.08425357507076116,0.13438576459884644,0.55078125,6,2
30,4343,0.0900879849214107,0.15850532054901123,0.52734375,6,3
30,4344,0.07629013527184726,0.1587827205657959,0.4921875,7,7
30,4345,0.09415097208693625,0.16565394401550293,0.52734375,9,7
30,4346,0.07229801081120969,0.16024494171142578,0.48046875,9,7
30,4347,0.03602996096014977,0.06807136535644531,0.51171875,5,0
30,4348,0.07903292728587986,0.16449129581451416,0.4921875,8,7
30,4349,0.08483209251426162,0.15456950664520264,0.51953125,6,4
30,4350,0.07686159107834102,0.15077829360961914,0.50390625,7,6
30,4351,0.0,0.09613513946533203,0.16796875,9,6
30,4352,0.0,0.09908527135848999,0.16015625,8,5
30,4353,0.0941633984912187,0.16017162799835205,0.53515625,7,3
30,4354,0.07788553903810681,0.16210323572158813,0.4921875,6,2
31,4275,0.09321007831022145,0.15102392435073853,0.546875,1,2
31,4221,0.05348323099315167,0.08399820327758789,0.5546875,1,1
31,4355,7.742643356323242e-05,7.742643356323242e-05,0.96875,1,1
31,4356,0.004787921905517578,0.004787921905517578,0.85546875,1,1
31,4357,0.035905207507312305,0.056391000747680664,0.5546875,1,1
31,4358,0.09175062726717444,0.16143065690994263,0.52734375,1,1
31,4359,0.03527666267473251,0.06000548601150513,0.53515625,1,1
31,4360,0.08808918250724675,0.15498852729797363,0.52734375,2,3
31,4361,0.03485915064811707,0.05311870574951172,0.5625,1,2
31,4362,0.08657049387693407,0.14974355697631836,0.53125,1,2
31,4363,0.07240152207668872,0.11548155546188354,0.55078125,1,2
31,4364,0.04264715407043696,0.08208775520324707,0.5078125,1,1
31,4279,0.09560018219053747,0.16536247730255127,0.53125,1,1
31,4278,0.08928161347284914,0.171850323677063,0.5078125,1,2
31,4365,0.022005429491400722,0.07222294807434082,0.421875,1,1
31,4366,0.0,0.08861660957336426,0.2265625,1,1
31,4367,0.06550655094906689,0.17111915349960327,0.453125,1,2
31,4368,0.0,0.11082601547241211,0.07421875,1,0
31,4369,0.08751338906586172,0.14642763137817383,0.5390625,1,1
31,4370,0.0369354923022911,0.053877413272857666,0.57421875,1,1
31,4371,0.09245905978605153,0.16846632957458496,0.51953125,1,2
31,4372,0.006384849548339844,0.006384849548339844,0.84765625,1,0
31,4373,0.0859634941443801,0.1566309928894043,0.51953125,1,2
31,4374,0.02934660622850061,0.054440081119537354,0.515625,1,1
31,4375,0.04213273292407394,0.05517125129699707,0.60546875,2,2
31,4376,0.002649068832397461,0.002649068832397461,0.91015625,2,4
31,4377,0.0,0.113014817237854,0.07421875,2,2
31,4378,0.0029370784759521484,0.0029370784759521484,0.88671875,1,1
31,4379,0.0,0.1126394271850586,0.07421875,1,0
31,4380,0.03698559384793044,0.050363361835479736,0.59375,1,2
31,4381,0.07529195956885816,0.13967204093933105,0.515625,1,1
31,4382,0.07815680094063283,0.11084842681884766,0.58203125,2,2
31,4383,0.0,0.11112165451049805,0.07421875,1,0
31,4384,0.08297838782891633,0.14854872226715088,0.5234375,1,1
31,4385,3.147125244140625e-05,3.147125244140625e-05,0.984375,2,1
31,4249,0.0916693825274706,0.1585632562637329,0.53125,1,1
31,4187,0.08818211778998376,0.16973400115966797,0.5078125,1,2
31,4386,0.03839065041393042,0.0622025728225708,0.546875,1,1
31,4387,0.09377510868944229,0.15690475702285767,0.5390625,1,1
31,4388,4.088878631591797e-05,4.088878631591797e-05,0.984375,1,0
31,4389,0.0909004407003522,0.16862690448760986,0.515625,1,2
31,4390,0.07753034646157177,0.16471177339553833,0.48828125,1,2
31,4391,0.0,0.11224162578582764,0.07421875,1,0
31,4392,0.012308716773986816,0.012308716773986816,0.7734375,2,2
31,4393,0.09062176197767259,0.15675115585327148,0.53125,1,1
31,4394,0.06650419626384975,0.17372524738311768,0.453125,1,2
31,4395,0.09065416886005552,0.15950149297714233,0.52734375,1,1
31,4396,0.028722004964947704,0.08355492353439331,0.4375,1,1
31,4397,0.08805195253808053,0.17273026704788208,0.50390625,1,1
31,4294,0.08826194936409594,0.16988766193389893,0.5078125,2,3
31,4287,0.08944548806175591,0.17216575145721436,0.5078125,2,3
31,4398,0.09590422944165768,0.1604672074317932,0.5390625,2,3
31,4399,0.0716073182411492,0.15871405601501465,0.48046875,1,2
31,4400,0.039035657770000405,0.07657569646835327,0.50390625,3,4
31,4401,0.0037602782249450684,0.0037602782249450684,0.8671875,3,4
31,4402,0.04172681481577457,0.08684605360031128,0.4921875,1,2
31,4403,0.0,0.11254173517227173,0.07421875,2,1
31,4404,0.07200372393708677,0.1050310730934143,0.57421875,1,2
31,4405,0.08899133373051883,0.17129158973693848,0.5078125,3,4
31,4406,0.021550588775426153,0.07307219505310059,0.41796875,1,2
31,4407,0.048008543904870755,0.07426095008850098,0.55859375,1,2
31,4408,0.007153153419494629,0.007153153419494629,0.8203125,1,2
31,4409,0.03710997663438321,0.07142972946166992,0.5078125,3,5
31,4410,3.361701965332031e-05,3.361701965332031e-05,0.984375,1,1
31,4411,0.036661804188042886,0.09112060070037842,0.4609375,3,5
31,4412,0.04990343609824777,0.07959675788879395,0.55078125,2,3
31,4413,0.0,0.07919847965240479,0.2734375,1,1
31,4414,0.06449830299243332,0.1565077304840088,0.46484375,2,4
31,4415,0.00021519721485674688,0.11018097400665283,0.30078125,2,3
31,4416,0.0,0.10339951515197754,0.25390625,2,3
31,4268,0.09458920313045384,0.15826690196990967,0.5390625,1,1
31,4055,0.0946001394186169,0.1582852005958557,0.5390625,1,2
31,4417,0.044196318369358785,0.06635928153991699,0.56640625,1,3
31,4418,0.08083599829114975,0.1648925542831421,0.49609375,1,1
31,4419,0.0010569095611572266,0.0010569095611572266,0.9375,1,2
31,4420,0.03922494244761766,0.08333265781402588,0.48828125,2,2
31,4421,0.021550588775426153,0.07307219505310059,0.41796875,1,1
31,4422,0.03558710543438793,0.06484198570251465,0.51953125,1,1
31,4423,0.007236838340759277,0.007236838340759277,0.84765625,2,3
31,4424,0.08236230444163085,0.15278804302215576,0.515625,1,1
31,4425,0.06378682423382999,0.1804356575012207,0.44140625,1,2
31,4426,0.04224875266663731,0.059920668601989746,0.58203125,1,2
31,4427,0.08946217771153898,0.15740424394607544,0.52734375,1,1
31,4428,0.0,0.28115010261535645,0.1640625,2,3
31,4429,0.036956648924388,0.058946430683135986,0.55078125,2,2
31,4430,0.07241810578852893,0.09605717658996582,0.6015625,1,2
31,4431,0.044522900134325034,0.05905628204345703,0.6015625,1,2
31,4432,0.0,0.31135880947113037,0.1484375,1,2
31,4217,0.09391882014460863,0.1681343913078308,0.5234375,1,2
31,4301,0.09046132443472744,0.14207422733306885,0.5546875,1,1
31,4433,0.04215714056044818,0.08114457130432129,0.5078125,1,2
31,4434,0.04169443110004068,0.18403059244155884,0.390625,1,2
31,4435,0.08409835444763304,0.1560085415840149,0.515625,1,2
31,4436,0.04071201011538506,0.06203734874725342,0.5625,1,1
31,4437,0.08114080829545857,0.15917277336120605,0.50390625,2,4
31,4438,0.013334929943084717,0.013334929943084717,0.73828125,1,1
31,4439,0.0,0.11263048648834229,0.07421875,1,0
31,4440,0.034028632566332824,0.03584909439086914,0.6796875,1,2
31,4441,0.03614497184753418,0.03614497184753418,0.7109375,1,1
31,4442,0.03952251852024347,0.05934172868728638,0.56640625,1,1
31,4443,0.08238830976188184,0.1787407398223877,0.484375,1,2
31,4444,0.027623255038633946,0.038121581077575684,0.58984375,1,1
31,4445,0.0,0.11224311590194702,0.07421875,1,0
31,4446,0.013862576335668566,0.09338998794555664,0.359375,2,2
31,4447,0.018268256681039933,0.06633579730987549,0.41015625,1,1
31,4448,0.083881608908996,0.14758551120758057,0.52734375,1,2
31,4449,0.04070967889856548,0.044253408908843994,0.66796875,1,1
31,4353,0.09550307062454523,0.15722692012786865,0.54296875,7,3
31,4345,0.08795672887936236,0.1631661057472229,0.515625,9,7
31,4450,0.09041524352505804,0.16186225414276123,0.5234375,9,8
31,4451,0.08416952937841417,0.15336227416992188,0.51953125,8,7
31,4452,0.09292115957941861,0.15805858373641968,0.53515625,10,9
31,4453,0.09402309427969159,0.1599329710006714,0.53515625,6,2
31,4454,0.0932334801182151,0.15858983993530273,0.53515625,9,8
31,4455,0.0912785070249811,0.15526443719863892,0.53515625,7,3
31,4456,0.08855893136933447,0.1673142910003662,0.51171875,7,3
31,4457,0.0,0.0,1.0,7,2
31,4458,0.02151019289158285,0.07293522357940674,0.41796875,9,6
31,4459,0.0,0.11048674583435059,0.07421875,9,6
31,4460,0.0,0.09405171871185303,0.171875,8,3
31,4461,0.021549850469455126,0.07306969165802002,0.41796875,9,7
31,4462,0.08696111361496152,0.1431642770767212,0.54296875,9,7
31,4463,0.004653573036193848,0.004653573036193848,0.85546875,8,4
31,4464,0.08090935391373934,0.15286195278167725,0.51171875,5,3
31,4465,0.08660849882289769,0.1360231637954712,0.5546875,9,7
31,4466,0.09064100589603187,0.15418004989624023,0.53515625,9,7
31,4467,0.035563844256103046,0.07254457473754883,0.49609375,7,2
31,4468,0.03441090765409172,0.0662345290184021,0.5078125,9,8
31,4469,0.04125756211578847,0.07385969161987305,0.5234375,9,6
31,4470,0.08778999745845796,0.1337752342224121,0.5625,5,3
31,4471,0.021550483303144578,0.07307183742523193,0.41796875,6,3
31,4472,0.09091243450529875,0.16275233030319214,0.5234375,8,6
31,4122,0.08940912340767683,0.1629091501235962,0.51953125,1,1
31,4324,0.09902470512315632,0.1656883955001831,0.5390625,1,1
31,4473,0.0,0.10886836051940918,0.07421875,1,0
31,4474,0.09037715429440142,0.16179406642913818,0.5234375,1,1
31,4475,3.612041473388672e-05,3.612041473388672e-05,0.984375,1,0
31,4476,0.09807295922655614,0.16682177782058716,0.53515625,1,1
31,4477,0.07049181242473425,0.12619513273239136,0.5234375,2,4
31,4478,0.08387384517118336,0.1584627628326416,0.51171875,1,1
31,4479,0.08806450036354364,0.16045916080474854,0.51953125,1,1
31,4480,0.09642431465908886,0.1640174388885498,0.53515625,1,1
31,4481,3.8743019104003906e-05,3.8743019104003906e-05,0.984375,2,1
31,4482,0.09285590704530479,0.16061562299728394,0.53125,1,1
31,4483,0.09964825166389348,0.16673171520233154,0.5390625,2,3
31,4484,0.009290099143981934,0.009290099143981934,0.78515625,1,1
31,4485,0.0830318796215579,0.15128940343856812,0.51953125,1,1
31,4486,0.0,0.08993017673492432,0.2578125,1,0
31,4487,0.07806127297226341,0.15923255681991577,0.49609375,2,3
31,4488,0.04556858586147428,0.0684196949005127,0.56640625,1,1
32,4301,0.07437505130656065,0.15171325206756592,0.49609375,1,1
32,4435,0.061966750305145986,0.16187232732772827,0.453125,1,2
32,4489,0.04972574044950307,0.08748996257781982,0.52734375,1,2
32,4490,0.05120285879820586,0.16805040836334229,0.421875,1,1
32,4491,0.04901006910949946,0.17796564102172852,0.41015625,1,2
32,4492,0.0709192897193134,0.14466404914855957,0.49609375,1,1
32,4493,0.0,0.11014676094055176,0.25,1,2
32,4494,0.0503125973045826,0.06851077079772949,0.59375,1,1
32,4495,0.0567159140482545,0.15203428268432617,0.44921875,1,2
32,4496,0.029983589192852385,0.15199601650238037,0.37890625,2,4
32,4497,0.027292564511299137,0.028172969818115234,0.6875,2,2
32,4498,0.04395854333415628,0.063221275806427,0.578125,1,2
32,4499,0.04200865980237723,0.07391214370727539,0.52734375,2,4
32,4500,0.07366885500960053,0.15332704782485962,0.4921875,1,1
32,4501,0.039211061783134944,0.04217660427093506,0.671875,2,3
32,4502,0.0003904104232788086,0.0003904104232788086,0.96875,1,0
32,4275,0.06418932136148216,0.15953850746154785,0.4609375,1,2
32,4278,0.0675909898709506,0.18118631839752197,0.44921875,1,2
32,4503,0.06688737950753422,0.14825254678726196,0.48046875,1,2
32,4504,0.0,0.09397971630096436,0.2578125,2,3
32,4505,0.04463736945763231,0.08591854572296143,0.5078125,1,2
32,4506,0.05406567361205817,0.1719355583190918,0.42578125,1,1
32,4507,0.0069096679799258735,0.09827083349227905,0.328125,1,2
32,4508,0.04003209969960154,0.05309957265853882,0.6015625,2,2
32,4509,0.04271866939961911,0.06921505928039551,0.546875,1,2
32,4510,0.0,0.11754411458969116,0.10546875,1,1
32,4511,0.04595540498849005,0.0732995867729187,0.55078125,1,2
32,4512,0.03874579351395369,0.0608522891998291,0.5546875,1,2
32,4513,0.0,0.09183633327484131,0.23828125,2,4
32,4514,0.037787721841596074,0.06885164976119995,0.51953125,1,2
32,4515,0.017515728482976563,0.1949576735496521,0.3359375,1,2
32,4516,0.05401471175719053,0.1717734932899475,0.42578125,2,3
32,4517,0.045100679853931076,0.0821763277053833,0.51953125,1,2
32,4518,0.055418450385332114,0.1818861961364746,0.421875,2,4
32,4519,3.838539123535156e-05,3.838539123535156e-05,0.98828125,1,1
32,4520,0.06778457248583437,0.15356504917144775,0.4765625,1,1
32,4387,0.05903666536323727,0.1669987440109253,0.44140625,1,1
32,4249,0.0629036941099912,0.16862142086029053,0.44921875,1,1
32,4521,0.06267055671196432,0.16799646615982056,0.44921875,1,1
32,4522,0.0,0.20962655544281006,0.1640625,1,2
32,4523,0.0,0.14123034477233887,0.265625,2,3
32,4524,0.0,0.09436178207397461,0.234375,1,2
32,4525,0.05893425643444062,0.16222763061523438,0.4453125,1,1
32,4526,0.0,0.11461210250854492,0.10546875,1,0
32,4527,0.01779836416244507,0.01779836416244507,0.75,2,2
32,4528,0.0,0.11810588836669922,0.10546875,1,0
32,4529,0.0,0.11771821975708008,0.10546875,2,2
32,4530,0.06295757030602546,0.1687658429145813,0.44921875,1,1
32,4531,0.04611513833515347,0.06540429592132568,0.58203125,1,1
32,4532,0.0077086687088012695,0.0077086687088012695,0.828125,1,0
32,4533,0.0,0.22125780582427979,0.18359375,2,3
32,4534,0.04266008303966374,0.07772940397262573,0.51953125,2,2
32,4055,0.06285788933746518,0.16849863529205322,0.44921875,1,2
32,4268,0.061049822252243764,0.1680511236190796,0.4453125,1,1
32,4535,0.06930456985719503,0.14424365758895874,0.4921875,2,2
32,4536,0.05178485764190555,0.16996055841445923,0.421875,1,1
32,4537,0.0,0.11813962459564209,0.10546875,2,1
32,4538,0.0433338477741927,0.06506431102752686,0.56640625,1,1
32,4539,0.0016525983810424805,0.0016525983810424805,0.9375,1,1
32,4540,0.0,0.20004570484161377,0.078125,1,2
32,4541,0.05319494078867138,0.16407114267349243,0.4296875,1,1
32,4542,0.040629948140122,0.0691114068031311,0.53515625,1,2
32,4543,0.06974778277799489,0.1481778621673584,0.48828125,1,2
32,4544,0.03444893448613585,0.06630772352218628,0.5078125,1,2
32,4545,0.0,0.2182292938232422,0.08203125,1,2
32,4546,0.046552564483135946,0.08333885669708252,0.5234375,2,2
32,4547,0.0,0.3350989818572998,0.15625,1,2
32,4548,0.05739961005747319,0.16698068380355835,0.4375,1,1
32,4549,0.02674869261682034,0.07363080978393555,0.4453125,1,0
32,4550,0.0,0.22481441497802734,0.19921875,1,2
32,4551,0.06875377893447877,0.1708831787109375,0.4609375,1,1
32,4353,0.06374196708202363,0.16650962829589844,0.453125,7,3
32,4453,0.05671936017461122,0.16982638835906982,0.43359375,6,2
32,4552,0.05120922764763237,0.10658180713653564,0.4921875,8,4
32,4553,0.05446297489106656,0.17875027656555176,0.421875,10,9
32,4554,0.06394099432509394,0.17140203714370728,0.44921875,10,10
32,4555,0.06600207649171354,0.17241358757019043,0.453125,6,2
32,4556,0.06456549279391767,0.16866087913513184,0.453125,8,4
32,4557,0.06757750757969917,0.16795963048934937,0.4609375,6,3
32,4558,0.0,0.11812889575958252,0.10546875,7,3
32,4559,0.06309183372650297,0.178469717502594,0.44140625,6,3
32,4560,0.03587613021954895,0.06778073310852051,0.51171875,9,7
32,4561,0.0653326144674793,0.17513245344161987,0.44921875,6,3
32,4562,0.056774042779579766,0.16059839725494385,0.44140625,9,8
32,4563,0.03728082776069642,0.07456165552139282,0.5,7,4
32,4564,0.026845114189200107,0.08037835359573364,0.43359375,9,8
32,4565,0.06073275581002236,0.17667710781097412,0.4375,6,3
32,4566,0.07684422051534058,0.15674996376037598,0.49609375,7,3
32,4567,0.0029116272926330566,0.0029116272926330566,0.89453125,6,2
32,4568,0.05696016177535058,0.13501667976379395,0.46875,5,3
32,4569,0.005043447017669678,0.005043447017669678,0.87109375,7,3
32,4570,0.055143532808870084,0.1700812578201294,0.4296875,9,9
32,4571,0.023203732911497358,0.07615584135055542,0.421875,7,2
32,4572,0.06443673558533193,0.15273892879486084,0.46875,7,3
32,4279,0.06515028479043396,0.17464369535446167,0.44921875,1,1
32,4371,0.057769483420997865,0.17818057537078857,0.4296875,1,2
32,4573,0.03925397153943778,0.07555651664733887,0.5078125,2,3
32,4574,0.04703495744615794,0.15437114238739014,0.421875,1,2
32,4575,0.04538050433620811,0.08268618583679199,0.51953125,1,2
32,4576,0.0597741985693574,0.16908502578735352,0.44140625,1,1
32,4577,0.03499794332310558,0.06265366077423096,0.5234375,1,1
32,4578,0.0,0.10313791036605835,0.27734375,1,1
32,4579,0.03141449193935842,0.0940597653388977,0.43359375,1,1
32,4580,0.0,0.11784738302230835,0.10546875,1,0
32,4581,0.0001455545425415039,0.0001455545425415039,0.98046875,1,0
32,4582,0.0,0.11393439769744873,0.10546875,1,1
32,4583,0.06506378576159479,0.12523555755615234,0.5078125,1,1
32,4480,0.06454563955776395,0.17302286624908447,0.44921875,1,1
32,4398,0.06939108390361072,0.1683802604675293,0.46484375,2,3
32,4584,0.0700030258158222,0.15515822172164917,0.48046875,1,1
32,4585,0.0,0.19106101989746094,0.1171875,3,5
32,4586,0.05066954973153771,0.08915054798126221,0.52734375,2,4
32,4587,0.0,0.09308159351348877,0.25,2,2
32,4588,0.029698692262172706,0.18772506713867188,0.36328125,1,2
32,4589,0.06281467038206758,0.1729092001914978,0.4453125,1,1
32,4590,0.06986336887348445,0.16952627897262573,0.46484375,2,2
32,4591,0.06969178654253484,0.1450495719909668,0.4921875,1,1
32,4592,0.06874987483024599,0.1668243408203125,0.46484375,2,2
32,4593,0.04491969826631249,0.07903397083282471,0.52734375,2,3
32,4594,0.05050353147089482,0.18338871002197266,0.41015625,1,2
32,4595,0.06320382258854808,0.17398041486740112,0.4453125,1,2
32,4596,0.05500968731939793,0.18054461479187012,0.421875,1,3
32,4597,0.033734235912561424,0.06373405456542969,0.51171875,1,2
32,4598,0.06313018233049662,0.15318793058395386,0.46484375,2,3
32,4599,0.05641732970252634,0.14737588167190552,0.453125,2,4
32,4600,0.0,0.08490335941314697,0.25,1,1
32,4601,0.04601165652275086,0.09202331304550171,0.5,2,2
32,4602,0.06126230559311808,0.1686360239982605,0.4453125,1,1
32,4603,0.045338517054915435,0.0784233808517456,0.53125,2,3
32,4604,0.0,0.11785799264907837,0.10546875,1,0
32,4483,0.07245063176378609,0.17580437660217285,0.46484375,2,3
32,4324,0.07209377130493523,0.17493844032287598,0.46484375,1,1
32,4605,0.0646703587844968,0.1647324562072754,0.45703125,1,1
32,4606,0.05889833439141513,0.1092606782913208,0.515625,1,1
32,4607,0.03574235690757633,0.04507410526275635,0.6171875,3,4
32,4608,0.05630190996453167,0.16857647895812988,0.43359375,1,1
32,4609,0.04360544448718429,0.12003219127655029,0.4453125,2,2
32,4610,0.0,0.1933666467666626,0.140625,1,2
32,4611,0.06379110598936678,0.17100024223327637,0.44921875,1,2
32,4612,0.0568039877107367,0.1806437373161316,0.42578125,1,1
32,4613,0.05986450170166791,0.16478830575942993,0.4453125,2,3
32,4614,0.0,0.200778067111969,0.05859375,1,2
32,4615,0.003343820571899414,0.003343820571899414,0.890625,1,0
32,4616,0.060852852999232716,0.17213624715805054,0.44140625,2,4
32,4617,0.0042046308517456055,0.0042046308517456055,0.8828125,2,2
32,4618,0.03578649554401637,0.03849303722381592,0.671875,2,3
32,4619,0.032003957312554135,0.19053518772125244,0.3671875,1,2
32,4620,0.0,0.11518287658691406,0.10546875,1,0
32,4621,0.035413536941632635,0.04887259006500244,0.58984375,3,3
32,4622,0.0,0.1002962589263916,0.29296875,2,2
33,4530,0.09995714947581293,0.1700267791748047,0.53515625,1,1
33,4249,0.09092065086588265,0.16866439580917358,0.515625,1,1
33,4623,0.05572613258846105,0.07903540134429932,0.58203125,2,2
33,4624,0.07397469179704787,0.17138028144836426,0.47265625,1,1
33,4625,0.09706729860045017,0.17686283588409424,0.51953125,1,1
33,4626,0.04704458382911981,0.06672251224517822,0.58203125,1,2
33,4627,0.05364148237276823,0.0829741358757019,0.55859375,2,2
33,4628,0.05932095181196929,0.08077746629714966,0.59375,1,1
33,4629,0.025167260318994526,0.07762432098388672,0.4296875,1,0
33,4630,0.0277862548828125,0.0277862548828125,0.7265625,1,1
33,4631,0.1004625459900126,0.17088645696640015,0.53515625,1,1
33,4632,0.04503778042271734,0.05973923206329346,0.6015625,1,1
33,4633,0.05690440465696157,0.07853114604949951,0.58984375,1,2
33,4278,0.09574878332205118,0.18089807033538818,0.51171875,1,2
33,4279,0.09420353360474111,0.17475438117980957,0.515625,1,1
33,4634,0.03748919186182321,0.09317702054977417,0.4609375,1,2
33,4635,0.0,0.24002766609191895,0.0390625,1,2
33,4636,0.0772648947313428,0.1831464171409607,0.46875,1,3
33,4637,0.0645163601730019,0.09979569911956787,0.55859375,2,3
33,4638,0.08136494690552355,0.18850159645080566,0.47265625,2,4
33,4639,0.04265985032543541,0.06050372123718262,0.58203125,1,2
33,4640,0.03152619302272797,0.048039913177490234,0.5625,1,0
33,4641,0.03004682436585427,0.11311745643615723,0.40625,1,3
33,4642,0.07908793655224146,0.1680208444595337,0.48828125,1,1
33,4643,0.0,0.11204230785369873,0.08203125,1,1
33,4644,0.0,0.21188557147979736,0.0859375,1,2
33,4645,0.043724451214075095,0.06201362609863281,0.58203125,1,3
33,4646,0.09794952347874643,0.16942620277404785,0.53125,1,2
33,4647,0.00014728307723999023,0.00014728307723999023,0.984375,1,0
33,4648,0.0,0.130498468875885,0.28125,2,3
33,4520,0.09415083844214679,0.1525481939315796,0.546875,1,1
33,4503,0.09337530843913557,0.1466507911682129,0.5546875,1,2
33,4649,0.09593191836029293,0.16593629121780396,0.53125,1,1
33,4650,0.025616101454943422,0.07900869846343994,0.4296875,2,2
33,4651,0.029499326483346525,0.08344560861587524,0.44140625,1,1
33,4652,0.0961830895394087,0.16637074947357178,0.53125,1,1
33,4653,0.09285777644254269,0.1528719663619995,0.54296875,1,1
33,4654,0.0,0.3265911936759949,0.1484375,2,3
33,4655,0.07436839677393438,0.11332327127456665,0.5625,1,2
33,4656,0.09501845436170699,0.14697718620300293,0.55859375,1,1
33,4657,0.08716640132479371,0.1390317678451538,0.55078125,1,2
33,4658,0.0,0.12343376874923706,0.0625,1,1
33,4659,0.0017361640930175781,0.0017361640930175781,0.9296875,2,1
33,4660,0.0,0.09470367431640625,0.2109375,1,1
33,4661,0.0562437865883112,0.08088994026184082,0.578125,1,2
33,4543,0.09335289197042586,0.14889931678771973,0.55078125,1,2
33,4551,0.09031776315532626,0.17063724994659424,0.51171875,1,1
33,4662,0.10012413980439307,0.1761634349822998,0.52734375,1,1
33,4663,0.1059695959556848,0.16902315616607666,0.55078125,1,2
33,4664,0.08205540140625091,0.17432516813278198,0.48828125,1,1
33,4665,0.10038139007519932,0.1829013228416443,0.51953125,1,1
33,4666,0.0,0.122825026512146,0.0625,1,0
33,4667,0.09242019709199668,0.1683955192565918,0.51953125,1,1
33,4668,0.0,0.11875617504119873,0.0625,1,0
33,4669,0.05331727280281485,0.08504188060760498,0.55078125,1,2
33,4670,0.08288152748718859,0.12264549732208252,0.5703125,1,2
33,4671,0.07779940497130157,0.11681318283081055,0.56640625,2,3
33,4672,7.832050323486328e-05,7.832050323486328e-05,0.98828125,1,0
33,4673,0.06764472881332041,0.09462869167327881,0.5859375,2,3
33,4674,4.2438507080078125e-05,4.2438507080078125e-05,0.98828125,1,0
33,4675,0.014185789739713078,0.07981455326080322,0.37109375,1,1
33,4676,0.09519641287624837,0.1567220687866211,0.54296875,1,1
33,4677,0.05891389679163695,0.08717894554138184,0.5703125,2,3
33,4483,0.10493607167154552,0.17557930946350098,0.5390625,2,3
33,4584,0.09546465799212457,0.1546769142150879,0.546875,1,1
33,4678,0.10046943509951235,0.16810572147369385,0.5390625,1,1
33,4679,0.09529716381803156,0.17678314447402954,0.515625,2,3
33,4680,0.018192807678133253,0.07392632961273193,0.3984375,2,1
33,4681,0.08013368968386204,0.16345995664596558,0.49609375,1,1
33,4682,0.04758092528209091,0.06940579414367676,0.57421875,2,2
33,4683,0.09710248326882721,0.16247212886810303,0.5390625,1,1
33,4684,0.03970396262593568,0.07788670063018799,0.50390625,1,2
33,4685,0.09460707381367685,0.15328741073608398,0.546875,1,1
33,4686,0.0,0.12252926826477051,0.0625,1,0
33,4687,0.044513708911836154,0.04788029193878174,0.671875,2,2
33,4688,0.0,0.12301450967788696,0.0625,2,1
33,4689,0.0,0.10105258226394653,0.22265625,1,0
33,4690,0.0005934834480285645,0.0005934834480285645,0.9609375,1,0
33,4691,0.10049885977059604,0.16815495491027832,0.5390625,2,3
33,4692,0.09403898101300003,0.1683495044708252,0.5234375,2,2
33,4693,0.0793446358293295,0.12855839729309082,0.546875,2,1
33,4694,0.0,0.12285071611404419,0.0625,2,2
33,4695,0.0,0.18758714199066162,0.2734375,2,3
33,4696,0.10556845646351577,0.16329622268676758,0.55859375,2,2
33,4697,0.04403494228608907,0.054856181144714355,0.62109375,2,1
33,4698,0.05616105627268554,0.09881258010864258,0.52734375,2,3
33,4699,0.08029169845394792,0.13434427976608276,0.5390625,1,1
33,4700,0.04267624625936151,0.04590386152267456,0.671875,2,3
33,4701,0.0,0.12248390913009644,0.0625,2,1
33,4500,0.09832813276443632,0.152096688747406,0.55859375,1,1
33,4324,0.10613920679315926,0.17473721504211426,0.54296875,1,1
33,4702,0.08640769799239935,0.1357077956199646,0.5546875,1,2
33,4703,0.09278218774124981,0.14798903465270996,0.55078125,1,1
33,4704,0.031521713593974716,0.032213807106018066,0.69140625,1,1
33,4705,0.08190523646771909,0.14167392253875732,0.53125,1,1
33,4706,0.08916530292481185,0.14919161796569824,0.5390625,1,1
33,4707,0.006665691733360293,0.09480094909667969,0.328125,1,0
33,4708,0.00427091121673584,0.00427091121673584,0.88671875,2,3
33,4709,1.1920928955078125e-07,1.1920928955078125e-07,1.0,2,2
33,4710,0.04098886286374182,0.06340271234512329,0.55859375,1,1
33,4711,0.04378228448331357,0.06124734878540039,0.5859375,1,2
33,4712,0.0045403242111206055,0.0045403242111206055,0.85546875,1,1
33,4713,0.0,0.1199650764465332,0.0625,1,0
33,4714,0.05183480307459832,0.06618309020996094,0.61328125,1,2
33,4715,0.006665691733360293,0.09480094909667969,0.328125,1,0
33,4716,0.0,0.12241458892822266,0.0625,1,1
33,4717,0.08303321525454523,0.14362502098083496,0.53125,1,1
33,4718,0.0049101510085165535,0.09669220447540283,0.3203125,1,1
33,4719,0.0368145750835538,0.16249191761016846,0.390625,2,4
33,4720,0.09728607907891275,0.1482454538345337,0.5625,2,2
33,4721,0.06979396310634912,0.1482759714126587,0.48828125,1,1
33,4301,0.09219471365213396,0.14937877655029297,0.546875,1,1
33,4586,0.06890287483111025,0.08797574043273926,0.61328125,2,4
33,4722,0.0,0.11668616533279419,0.0625,1,1
33,4723,0.0,0.12068367004394531,0.0625,1,0
33,4724,0.08969435328617693,0.16638952493667603,0.515625,1,1
33,4725,0.043543836567550905,0.06838786602020264,0.5546875,2,3
33,4726,0.046945709269493825,0.08404266834259033,0.5234375,1,1
33,4727,0.05134271085262299,0.08880901336669922,0.53125,1,2
33,4728,0.031057622982189063,0.03605782985687256,0.64453125,2,4
33,4729,0.06076979823410512,0.09260159730911255,0.5625,1,1
33,4730,1.2934207916259766e-05,1.2934207916259766e-05,0.9921875,2,4
33,4731,0.04748278995975853,0.06642401218414307,0.5859375,1,1
33,4732,0.06414418271742763,0.08973175287246704,0.5859375,1,1
33,4733,0.01690053939819336,0.01690053939819336,0.7421875,1,1
33,4734,0.09219471365213396,0.14937877655029297,0.546875,1,1
33,4566,0.1000037993071601,0.15468865633010864,0.55859375,7,3
33,4557,0.09818859456572683,0.16701847314834595,0.53515625,6,3
33,4735,0.06668225023895503,0.09590256214141846,0.578125,7,3
33,4736,0.0,0.1228494644165039,0.0625,7,4
33,4737,0.0,0.12223649024963379,0.0625,5,2
33,4738,0.09702995815314354,0.1547642946243286,0.55078125,7,3
33,4739,0.09698258806020023,0.16496706008911133,0.53515625,7,3
33,4740,0.09565504593774678,0.16005027294158936,0.5390625,5,1
33,4741,0.08773300331085922,0.16275107860565186,0.515625,7,5
33,4742,0.025631542084738616,0.07905632257461548,0.4296875,7,3
33,4743,0.09047185094095768,0.15137773752212524,0.5390625,6,3
33,4744,0.09243487205822022,0.16263455152511597,0.52734375,7,3
33,4745,0.10529843950644137,0.17061012983322144,0.546875,6,4
33,4746,0.09648710815235974,0.1641242504119873,0.53515625,6,3
33,4747,0.10693683288991453,0.173264741897583,0.546875,7,4
33,4748,0.024129089782945815,0.02516108751296997,0.68359375,6,2
33,4749,0.09527565550524743,0.1519661545753479,0.55078125,6,1
33,4750,0.0896453456953168,0.17255043983459473,0.5078125,5,1
33,4751,0.083379571326077,0.1735379695892334,0.4921875,6,2
33,4752,0.08028053934685887,0.11386048793792725,0.58203125,8,4
33,4753,0.09938473498914392,0.1636173129081726,0.54296875,6,3
33,4754,0.09103914862498642,0.16888421773910522,0.515625,7,5
33,4755,0.0754791096551344,0.12039035558700562,0.55078125,6,3
33,4756,0.10034618270583452,0.15759891271591187,0.5546875,6,4
34,4652,0.08555991854518653,0.1745285987854004,0.49609375,1,1
34,4656,0.08140398981049658,0.15668737888336182,0.5078125,1,1
34,4757,0.09035039646551014,0.16760653257369995,0.515625,1,1
34,4758,0.07665878394618632,0.16286015510559082,0.48828125,1,1
34,4759,0.049345433246344335,0.0638001561164856,0.609375,1,1
34,4760,0.0,0.13006722927093506,0.06640625,1,0
34,4761,0.08408752270042898,0.18242716789245605,0.484375,1,1
34,4762,0.03615759266540409,0.09953057765960693,0.4453125,1,1
34,4763,0.021975968964397914,0.09699738025665283,0.390625,1,0
34,4764,0.0,0.12796008586883545,0.06640625,1,0
34,4765,0.048680463922210045,0.08869892358779907,0.51953125,1,1
34,4766,0.0,0.1253509521484375,0.06640625,2,1
34,4767,0.08936854382045568,0.18229758739471436,0.49609375,2,4
34,4768,0.03818428120575846,0.059064507484436035,0.55859375,1,1
34,4769,0.07303518231492491,0.13798528909683228,0.51171875,1,2
34,4770,0.031203183694742623,0.08826535940170288,0.44140625,1,0
34,4771,0.03334924206137658,0.09701597690582275,0.4375,1,1
34,4772,5.441904067993164e-05,5.441904067993164e-05,0.9921875,1,1
34,4646,0.08862880407832564,0.18078863620758057,0.49609375,1,2
34,4278,0.08536270656622948,0.1892021894454956,0.48046875,1,2
34,4773,0.030206153169274334,0.0878724455833435,0.4375,1,1
34,4774,0.08937681315001102,0.1823144555091858,0.49609375,1,2
34,4775,0.04135131672956051,0.19073760509490967,0.38671875,2,3
34,4776,0.0,0.20574629306793213,0.2734375,1,2
34,4777,0.08348924852907659,0.18112921714782715,0.484375,1,2
34,4778,0.0,0.20180821418762207,0.296875,1,2
34,4779,0.08197878673672677,0.15488243103027344,0.51171875,1,2
34,4780,0.0,0.23474109172821045,0.16015625,2,4
34,4781,0.06918361270800234,0.11034893989562988,0.55078125,1,2
34,4782,0.06074035400524736,0.17181801795959473,0.44140625,1,2
34,4500,0.08671147422865035,0.16085606813430786,0.515625,1,1
34,4703,0.0887364676455036,0.15612739324569702,0.52734375,1,1
34,4783,0.03886863589286805,0.03932952880859375,0.6953125,1,1
34,4784,0.0,0.13113510608673096,0.06640625,1,0
34,4785,0.0,0.13111650943756104,0.06640625,1,0
34,4786,0.0,0.20770084857940674,0.2421875,2,3
34,4787,0.0,0.1162838339805603,0.09765625,1,0
34,4788,0.07992737367749216,0.15100669860839844,0.51171875,2,3
34,4789,0.0,0.13095784187316895,0.06640625,1,0
34,4790,0.0882103298790753,0.15791499614715576,0.5234375,1,1
34,4791,0.08220252906903626,0.1553051471710205,0.51171875,1,1
34,4792,0.08578723808750512,0.1563098430633545,0.51953125,1,1
34,4793,0.08154916064813734,0.15696680545806885,0.5078125,2,3
34,4794,0.015664895530790094,0.07566440105438232,0.3828125,1,1
34,4795,0.04540756763890386,0.08740103244781494,0.5078125,1,1
34,4796,3.4689903259277344e-05,3.4689903259277344e-05,0.99609375,1,0
34,4797,0.0784679010976106,0.14297354221343994,0.51953125,1,1
34,4798,0.08826303551904859,0.1580093502998352,0.5234375,1,1
34,4631,0.08025533566251399,0.17788195610046387,0.48046875,1,1
34,4530,0.0838811235735193,0.17820388078689575,0.48828125,1,1
34,4799,0.07278340868651868,0.19012808799743652,0.453125,1,1
34,4800,0.08546850923448802,0.18157625198364258,0.48828125,1,1
34,4801,0.0019752979278564453,0.0019752979278564453,0.90625,1,0
34,4802,0.0,0.31102192401885986,0.07421875,2,2
34,4803,0.07684400537982584,0.17408907413482666,0.4765625,1,1
34,4804,0.09250209375750275,0.18868952989578247,0.49609375,1,2
34,4805,0.08055372862145306,0.1785433292388916,0.48046875,1,1
34,4806,0.06524268304929139,0.141543447971344,0.484375,1,1
34,4807,0.07784089306369425,0.16887515783309937,0.484375,2,2
34,4808,0.05889162933453918,0.0910952091217041,0.55859375,1,2
34,4809,0.07042292843107135,0.17088407278060913,0.46484375,2,2
34,4810,0.0688103921711445,0.09896326065063477,0.578125,2,2
34,4811,0.08106766047421844,0.1796824336051941,0.48046875,1,2
34,4812,0.0,0.21362853050231934,0.203125,1,2
34,4678,0.08417891990393402,0.1752016544342041,0.4921875,1,1
34,4720,0.08122837892733516,0.15634936094284058,0.5078125,2,2
34,4813,0.07350045035127552,0.19702738523483276,0.44921875,1,2
34,4814,3.4749507904052734e-05,3.4749507904052734e-05,0.99609375,1,0
34,4815,0.06837170384824277,0.1341238021850586,0.50390625,1,1
34,4816,0.0,0.13093900680541992,0.06640625,2,1
34,4817,0.001094222068786621,0.001094222068786621,0.93359375,1,0
34,4818,0.04771527461707593,0.07983732223510742,0.5390625,2,2
34,4819,0.05148641834966839,0.09217149019241333,0.5234375,2,2
34,4820,0.05536852276418359,0.09115332365036011,0.54296875,2,2
34,4821,0.0,0.11193668842315674,0.15625,1,0
34,4822,3.9458274841308594e-05,3.9458274841308594e-05,0.9921875,1,0
34,4823,0.03826443990692497,0.05075490474700928,0.6015625,2,2
34,4824,0.03204489778727294,0.08370912075042725,0.453125,1,0
34,4825,0.04287134646438063,0.07292401790618896,0.53515625,2,2
34,4826,0.049705095589160926,0.07688522338867188,0.55859375,2,2
34,4827,0.06807370064780117,0.12403464317321777,0.51953125,1,1
34,4828,0.0,0.12823879718780518,0.06640625,1,0
34,4829,0.021966570056974895,0.09695589542388916,0.390625,1,0
34,4830,0.0,0.13058513402938843,0.06640625,1,0
34,4831,0.0,0.12863975763320923,0.06640625,2,1
34,4663,0.07945360627491029,0.17610496282577515,0.48046875,1,2
34,4665,0.0804632529616356,0.19072771072387695,0.46875,1,1
34,4832,0.04228930827230216,0.07075858116149902,0.5390625,1,2
34,4833,0.0,0.13110601902008057,0.06640625,1,0
34,4834,0.07370421290397645,0.1503448486328125,0.49609375,1,2
34,4835,0.04858844401314855,0.09352362155914307,0.5078125,1,1
34,4836,0.08873941493220629,0.15613257884979248,0.52734375,2,2
34,4837,0.08466937311459334,0.1727120280265808,0.49609375,1,1
34,4838,0.0013855695724487305,0.0013855695724487305,0.9453125,1,1
34,4839,0.07636014639865608,0.1769067645072937,0.47265625,1,1
34,4840,0.048066937131807215,0.08758103847503662,0.51953125,1,2
34,4841,0.08200390334241094,0.18175756931304932,0.48046875,1,2
34,4842,0.03230539150536061,0.03708600997924805,0.6484375,1,1
34,4843,3.993511199951172e-05,3.993511199951172e-05,0.9921875,1,0
34,4844,8.529424667358398e-05,8.529424667358398e-05,0.98828125,1,0
34,4845,0.02342032478190959,0.09153592586517334,0.40234375,1,2
34,4846,0.0459731686860323,0.08230161666870117,0.5234375,2,2
34,4847,0.08652471331879498,0.1576535701751709,0.51953125,1,1
34,4848,0.0,0.12773752212524414,0.06640625,1,0
34,4849,0.0504362122155726,0.17101550102233887,0.41796875,1,2
34,4850,0.07938851497601719,0.16193991899490356,0.49609375,1,2
34,4851,0.0,0.11756473779678345,0.0859375,1,2
34,4852,0.004556775093078613,0.004556775093078613,0.84765625,1,0
34,4324,0.09146490693092348,0.18292981386184692,0.5,1,1
34,4696,0.07863703509792687,0.17060238122940063,0.484375,2,2
34,4853,0.049477109685540206,0.08145427703857422,0.54296875,2,2
34,4854,0.02028148295357824,0.20361018180847168,0.33984375,1,2
34,4855,0.07158466335386039,0.13279473781585693,0.515625,1,1
34,4856,0.0875355899333954,0.17507117986679077,0.5,1,1
34,4857,0.04538796655833722,0.16481304168701172,0.41015625,2,3
34,4858,0.07206889148801567,0.15973711013793945,0.48046875,1,1
34,4859,0.04269214672967792,0.08374857902526855,0.50390625,2,3
34,4860,0.08262063004076482,0.1792447566986084,0.484375,1,1
34,4861,0.08386285905726255,0.17816507816314697,0.48828125,2,2
34,4862,0.0006196498870849609,0.0006196498870849609,0.94921875,1,0
34,4863,0.07664854940958322,0.17364627122879028,0.4765625,2,3
34,4864,0.08497517090290786,0.1805281639099121,0.48828125,2,2
34,4865,3.3974647521972656e-05,3.3974647521972656e-05,0.9921875,1,0
34,4866,0.07053921860642733,0.09867781400680542,0.5859375,3,3
34,4867,0.08014099020510913,0.1738651990890503,0.484375,2,2
34,4747,0.08269535936415197,0.17940688133239746,0.484375,7,4
34,4745,0.08115159021690489,0.17986845970153809,0.48046875,6,4
34,4868,0.0,0.11424046754837036,0.12109375,6,3
34,4869,0.09048877190798522,0.15140604972839355,0.5390625,7,4
34,4870,0.07466031424701215,0.129142165184021,0.53125,6,4
34,4871,0.08027444919571282,0.1670752763748169,0.4921875,7,4
34,4872,0.08070598752237858,0.17145836353302002,0.48828125,6,5
34,4873,0.03120366833172739,0.08826673030853271,0.44140625,7,4
34,4874,0.07942545041441919,0.1760425567626953,0.48046875,7,5
34,4875,0.08539556339383127,0.18142127990722656,0.48828125,6,5
34,4876,0.03120366833172739,0.08826673030853271,0.44140625,7,3
34,4877,0.07987221656367184,0.16968703269958496,0.48828125,7,6
34,4878,0.08557435870170595,0.17114871740341187,0.5,7,2
34,4879,0.07490499480627479,0.16969627141952515,0.4765625,7,4
34,4880,0.08582196570932867,0.1750631332397461,0.49609375,7,6
34,4881,0.08040094375610353,0.16080188751220703,0.5,6,4
34,4882,0.0,0.131486177444458,0.06640625,6,3
34,4883,0.0729299990925938,0.18126291036605835,0.4609375,7,4
34,4884,0.0,0.113655686378479,0.12890625,7,4
34,4885,0.08317902218550445,0.14890789985656738,0.5234375,7,3
34,4886,0.044319570064544685,0.08863914012908936,0.5,6,4
34,4887,0.04898414900526405,0.08769190311431885,0.5234375,7,4
34,4888,0.08103315392509104,0.17580074071884155,0.484375,6,3
34,4889,0.08798905275762083,0.15751886367797852,0.5234375,6,3
34,4890,0.031202825484797362,0.0882643461227417,0.44140625,8,5
35,4841,0.0901995822787285,0.17041397094726562,0.51171875,1,2
35,4665,0.0899471794255078,0.17644810676574707,0.50390625,1,1
35,4891,0.029003484174609188,0.08437377214431763,0.4375,1,1
35,4892,0.03683903848286719,0.05531257390975952,0.56640625,1,0
35,4893,0.0023544467985630057,0.07534229755401611,0.3125,1,1
35,4894,0.06716444017365576,0.1848827600479126,0.4453125,1,2
35,4895,0.08543082792311908,0.14531755447387695,0.53515625,2,3
35,4896,0.08023076760582627,0.14116203784942627,0.52734375,1,2
35,4897,0.0,0.0,1.0,2,2
35,4898,0.0,0.11732780933380127,0.09765625,1,2
35,4899,0.0795812720898539,0.15317898988723755,0.5078125,1,2
35,4900,0.0,0.10479450225830078,0.2421875,1,3
35,4901,0.010629736818373207,0.1511784791946411,0.328125,1,3
35,4902,0.04892797954380513,0.18419945240020752,0.40625,1,2
35,4903,0.03346147108823062,0.07931607961654663,0.46875,2,5
35,4837,0.0855795443058014,0.15875625610351562,0.515625,1,1
35,4678,0.0851553473621607,0.16088390350341797,0.51171875,1,1
35,4904,0.0,0.20101428031921387,0.22265625,1,2
35,4905,0.0433640277478844,0.07901203632354736,0.51953125,1,2
35,4906,0.08605284092482181,0.1463755965232849,0.53515625,1,1
35,4907,0.04136142926290632,0.07035565376281738,0.53515625,2,2
35,4908,0.08124822448007764,0.1454513669013977,0.5234375,1,1
35,4909,0.0,0.1995270848274231,0.09375,2,3
35,4910,0.000401914119720459,0.000401914119720459,0.953125,1,0
35,4911,0.041941352188587196,0.05162012577056885,0.625,1,1
35,4912,0.029176895506680015,0.034262776374816895,0.640625,1,0
35,4913,0.03862666711211205,0.0875082015991211,0.4765625,2,4
35,4914,0.07439169404096903,0.12247121334075928,0.54296875,1,1
35,4915,0.08527399413287641,0.16413640975952148,0.5078125,1,1
35,4916,0.0,0.1127164363861084,0.09765625,1,0
35,4917,0.05965796462260188,0.10870063304901123,0.51953125,2,2
35,4918,0.01588397542946041,0.07326662540435791,0.38671875,1,1
35,4919,0.0,0.11865514516830444,0.09765625,2,1
35,4889,0.08557481621392073,0.14318400621414185,0.5390625,6,3
35,4880,0.08499135798774661,0.1605740785598755,0.51171875,7,6
35,4920,0.08725888375192882,0.1618715524673462,0.515625,6,4
35,4921,0.08652630541473628,0.16051256656646729,0.515625,8,7
35,4922,0.086696345359087,0.14047002792358398,0.546875,7,5
35,4923,0.07915920019149782,0.1583184003829956,0.5,6,4
35,4924,0.08054401294793935,0.1467563509941101,0.51953125,6,4
35,4925,0.045181028312072165,0.10467278957366943,0.47265625,7,6
35,4926,0.0,0.20177632570266724,0.1171875,6,3
35,4927,0.0915056853555143,0.1697496771812439,0.515625,7,5
35,4928,0.08174621500074865,0.1438283920288086,0.52734375,6,2
35,4929,0.08694514713715763,0.14313799142837524,0.54296875,6,2
35,4930,0.08731074689421804,0.14373987913131714,0.54296875,6,3
35,4931,0.08966261497698726,0.16051489114761353,0.5234375,7,7
35,4932,0.0730483252555132,0.12635385990142822,0.53125,6,2
35,4703,0.07975891558453442,0.1427851915359497,0.5234375,1,1
35,4798,0.07925454352516682,0.14440685510635376,0.51953125,1,1
35,4933,0.08729466004297139,0.13710081577301025,0.5546875,1,1
35,4934,0.07902904530055822,0.13442814350128174,0.53515625,1,1
35,4935,0.01672758138738573,0.08079737424850464,0.3828125,2,2
35,4936,0.0,0.10017895698547363,0.203125,1,0
35,4937,0.08743010228499772,0.14628827571868896,0.5390625,1,1
35,4938,0.0817948621697724,0.14391398429870605,0.52734375,1,1
35,4939,0.08516956213861705,0.14487314224243164,0.53515625,1,1
35,4940,0.06676576822064818,0.09339910745620728,0.5859375,2,2
35,4941,0.041521065169945366,0.06521099805831909,0.5546875,1,2
35,4942,0.0,0.20092368125915527,0.125,1,2
35,4943,0.0903184935450554,0.1511211395263672,0.5390625,1,1
35,4944,0.05797063582576812,0.17357289791107178,0.43359375,1,2
35,4945,0.08261591754853727,0.14290320873260498,0.53125,1,2
35,4946,0.0018497705459594727,0.0018497705459594727,0.91015625,1,0
35,4947,0.03229461342561991,0.03367584943771362,0.68359375,1,1
35,4774,0.09163173381239177,0.16998350620269775,0.515625,1,2
35,4646,0.08664327173028143,0.16369503736495972,0.51171875,1,2
35,4948,0.09572922717779876,0.16843080520629883,0.52734375,1,2
35,4949,0.03853988507762552,0.07022213935852051,0.51953125,1,2
35,4950,0.07437371893320234,0.16484564542770386,0.48046875,1,2
35,4951,0.08710774779319765,0.17421549558639526,0.5,1,2
35,4952,0.0970217613503337,0.162337064743042,0.5390625,1,2
35,4953,0.07272832095623018,0.1349163055419922,0.515625,1,1
35,4954,0.0014597773551940918,0.0014597773551940918,0.8984375,1,3
35,4955,0.09564367099665107,0.16268956661224365,0.53515625,1,2
35,4956,0.06083331862464548,0.15891152620315552,0.453125,1,1
35,4957,0.03387040551751853,0.05319523811340332,0.5546875,1,1
35,4958,0.03346745856106282,0.08121013641357422,0.46484375,1,1
35,4959,0.0,0.1198541522026062,0.09765625,1,1
35,4960,0.04294056177604944,0.07824045419692993,0.51953125,1,2
35,4757,0.08594185649417342,0.15385395288467407,0.5234375,1,1
35,4767,0.09100978879723699,0.16582566499710083,0.51953125,2,4
35,4961,0.08080882206559183,0.13977742195129395,0.53125,1,1
35,4962,0.031003655400127176,0.07897448539733887,0.45703125,1,1
35,4963,0.0,0.11870026588439941,0.09765625,2,2
35,4964,0.04490690329112113,0.08484256267547607,0.51171875,2,3
35,4965,0.04378105245996267,0.05200904607772827,0.63671875,1,2
35,4966,0.0,0.1919625997543335,0.09375,1,2
35,4967,0.0010477304458618164,0.0010477304458618164,0.93359375,1,0
35,4968,0.0,0.11873894929885864,0.09765625,2,2
35,4969,0.04927172791212798,0.07983267307281494,0.546875,3,4
35,4970,0.07906905561685564,0.1521930694580078,0.5078125,2,4
35,4971,0.02606262266635895,0.06177806854248047,0.46875,1,1
35,4972,0.025214251130819324,0.07335054874420166,0.4375,1,1
35,4973,0.03716092673130334,0.054206252098083496,0.57421875,1,0
35,4974,0.04545846255496145,0.0672680139541626,0.5703125,2,4
35,4975,0.08394314791075887,0.16157478094100952,0.5078125,1,1
35,4976,0.0,0.37538230419158936,0.10546875,3,6
35,4977,0.07382285641506316,0.18348205089569092,0.4609375,2,4
35,4978,0.0,0.1149335503578186,0.09765625,2,1
35,4979,0.08998723910190166,0.16109603643417358,0.5234375,1,1
35,4869,0.08114839578047396,0.13803315162658691,0.53515625,7,4
35,4878,0.086417677346617,0.15745854377746582,0.51953125,7,2
35,4980,0.0865340167656541,0.16052687168121338,0.515625,7,2
35,4981,0.08828200027346612,0.15270400047302246,0.53125,7,4
35,4982,0.0401177186286077,0.06824010610580444,0.53515625,7,5
35,4983,0.07974641863256694,0.13793975114822388,0.53125,7,5
35,4984,0.0878441850654781,0.154557466506958,0.52734375,8,4
35,4985,0.07877839892171325,0.13860666751861572,0.52734375,7,3
35,4986,0.08402714878320695,0.14534425735473633,0.53125,7,4
35,4987,0.03023964376188815,0.08106124401092529,0.44921875,6,1
35,4988,0.0885422737337649,0.1672828197479248,0.51171875,6,2
35,4989,0.0731003920082003,0.13086503744125366,0.5234375,8,4
35,4990,0.009958277223631741,0.0772520899772644,0.3515625,6,2
35,4991,0.08488273783586921,0.1493469476699829,0.52734375,6,4
35,4992,0.08732577972114088,0.16199564933776855,0.515625,7,4
35,4993,0.0,0.11891031265258789,0.09765625,8,4
35,4324,0.09346857480704786,0.1673283576965332,0.5234375,1,1
35,4856,0.09135372599121185,0.16073232889175415,0.52734375,1,1
35,4994,0.04500004881992937,0.0866166353225708,0.5078125,2,2
35,4995,0.05816727713681758,0.08997476100921631,0.55859375,2,1
35,4996,0.044958951883018024,0.07776683568954468,0.53125,1,2
35,4997,0.09035734389908613,0.16175860166549683,0.5234375,1,1
35,4998,0.08777233120054008,0.16282403469085693,0.515625,3,3
35,4999,0.0755914179608226,0.16059255599975586,0.48828125,1,1
35,5000,0.046990944072604186,0.06953573226928711,0.5703125,1,1
35,5001,0.08023918163962664,0.1574040651321411,0.50390625,1,1
35,5002,0.09167985850945116,0.16130614280700684,0.52734375,1,1
35,5003,0.08288871007971467,0.15660154819488525,0.51171875,2,2
35,5004,0.03451684012543411,0.0410037636756897,0.63671875,2,2
35,5005,0.08979583089239897,0.15799129009246826,0.52734375,2,3
35,5006,0.0,0.11893749237060547,0.09765625,1,0
35,5007,0.0921152997761965,0.17088055610656738,0.515625,2,2
35,5008,0.031219445401802663,0.07952415943145752,0.45703125,2,2
35,4804,0.09304863028228284,0.17261195182800293,0.515625,1,2
35,4800,0.09151255036704244,0.1667417287826538,0.51953125,1,1
35,5009,0.0,0.2619537115097046,0.15625,2,3
35,5010,0.07170958304777743,0.16245710849761963,0.4765625,1,1
35,5011,0.05494509264826775,0.07481884956359863,0.59375,1,2
35,5012,0.038813480758108206,0.045062363147735596,0.64453125,1,3
35,5013,0.07645039446651937,0.15911626815795898,0.4921875,1,1
35,5014,0.08132502832449974,0.16589009761810303,0.49609375,1,2
35,5015,0.0,0.11639672517776489,0.09765625,1,1
35,5016,0.08199688233435155,0.14940357208251953,0.51953125,2,2
35,5017,0.07462832285091282,0.1336003541946411,0.5234375,1,1
35,5018,0.08962558337952943,0.16330355405807495,0.51953125,2,3
35,5019,0.0,0.11774158477783203,0.09765625,1,0
35,5020,0.07399205234833063,0.15719473361968994,0.48828125,1,2
35,5021,0.06642745714634658,0.15049052238464355,0.4765625,1,1
35,5022,0.009989673737436536,0.14207535982131958,0.328125,2,4
36,4933,0.06757479580119254,0.14064347743988037,0.4921875,1,1
36,4945,0.06883514614310117,0.14623898267745972,0.48828125,1,2
36,5023,0.051919634104706354,0.16511088609695435,0.42578125,1,2
36,5024,0.06706387130543591,0.14864373207092285,0.48046875,2,3
36,5025,0.002288430929183962,0.07322978973388672,0.3125,1,2
36,5026,0.04851308465003969,0.09702616930007935,0.5,1,1
36,5027,0.029083292465657,0.0456768274307251,0.5546875,2,2
36,5028,0.06692993722390385,0.13652640581130981,0.49609375,1,1
36,5029,0.07554983953014018,0.14541923999786377,0.5078125,1,1
36,5030,0.06794319720938803,0.141410231590271,0.4921875,1,1
36,5031,0.0027316808700561523,0.0027316808700561523,0.9296875,1,0
36,5032,0.055709279375150814,0.10150587558746338,0.51953125,1,1
36,4988,0.07654259959235789,0.17340624332427979,0.4765625,6,2
36,4981,0.06751439324580134,0.15641343593597412,0.47265625,7,4
36,5033,0.029281162656843666,0.07648956775665283,0.453125,7,4
36,5034,0.0698311032028869,0.16178065538406372,0.47265625,7,5
36,5035,0.0716599114239216,0.1660175323486328,0.47265625,8,7
36,5036,0.0,0.12090301513671875,0.109375,8,5
36,5037,0.0,0.11697173118591309,0.109375,6,1
36,5038,0.0005390048027038574,0.0005390048027038574,0.9609375,8,3
36,5039,0.06661610561423005,0.14152467250823975,0.48828125,8,5
36,5040,0.06993419444188477,0.1620194911956787,0.47265625,6,2
36,5041,0.05878043174743653,0.1248779296875,0.48828125,8,4
36,5042,0.061762012541294105,0.14986801147460938,0.46484375,6,3
36,5043,0.0,0.11525332927703857,0.109375,7,4
36,5044,0.06597791612148286,0.15639209747314453,0.46875,7,3
36,5045,0.03940437245182694,0.06593149900436401,0.5390625,8,4
36,5046,0.03343559638597072,0.05251234769821167,0.5546875,7,4
36,5047,0.07476594718173148,0.1693812608718872,0.4765625,6,2
36,4931,0.07238343125209214,0.16398370265960693,0.4765625,7,7
36,4930,0.07484048162586988,0.1468135118484497,0.50390625,6,3
36,5048,0.07035800826270135,0.16300135850906372,0.47265625,7,6
36,5049,0.06428681011311711,0.15599453449249268,0.46484375,7,8
36,5050,0.06690845405682923,0.15158021450042725,0.4765625,7,7
36,5051,0.0644966783002019,0.14942216873168945,0.47265625,6,4
36,5052,0.07214999198913576,0.14429998397827148,0.5,6,2
36,5053,0.05769378365948797,0.13999629020690918,0.46484375,8,7
36,5054,0.07219287240877749,0.15025508403778076,0.4921875,5,2
36,5055,0.0731950990157202,0.16223329305648804,0.48046875,7,6
36,5056,0.07466039061546327,0.1493207812309265,0.5,7,7
36,5057,0.07602237188257278,0.15507352352142334,0.49609375,6,2
36,4841,0.07139827660284938,0.17325079441070557,0.46484375,1,2
36,4665,0.06068448023870588,0.18169856071472168,0.43359375,1,1
36,5058,0.021110007888637487,0.022947609424591064,0.66796875,2,2
36,5059,0.03919783607125283,0.06351041793823242,0.546875,1,1
36,5060,0.024951574625447396,0.07695907354354858,0.4296875,1,0
36,5061,0.0,0.12078779935836792,0.109375,1,0
36,5062,0.0,0.2230823040008545,0.2734375,1,3
36,5063,0.03125680843368173,0.04372537136077881,0.5859375,2,1
36,5064,4.363059997558594e-05,4.363059997558594e-05,0.9921875,1,0
36,5065,0.024951574625447396,0.07695907354354858,0.4296875,1,2
36,5066,0.0751949092373252,0.17420721054077148,0.47265625,1,2
36,5067,3.731250762939453e-05,3.731250762939453e-05,0.9921875,1,0
36,5068,0.06960590067319573,0.1448708176612854,0.4921875,1,1
36,5069,0.0,0.15969109535217285,0.25,2,3
36,4767,0.07054921006783844,0.17119050025939941,0.46484375,2,4
36,4757,0.0786002278327942,0.15720045566558838,0.5,1,1
36,5070,0.023026712238788608,0.0669867992401123,0.4375,2,5
36,5071,0.02856822148896754,0.06332004070281982,0.48046875,2,3
36,5072,0.0,0.18640625476837158,0.23828125,3,6
36,5073,0.03758712369017304,0.09120666980743408,0.46484375,3,5
36,5074,0.06627853470854463,0.14080750942230225,0.48828125,1,2
36,5075,0.0685784430243075,0.15887856483459473,0.47265625,1,1
36,5076,0.037600819254294045,0.05564051866531372,0.5703125,2,3
36,5077,0.0,0.23631179332733154,0.19140625,3,5
36,4927,0.07775369519367815,0.17614996433258057,0.4765625,7,5
36,4920,0.06721785617992283,0.16706573963165283,0.4609375,6,4
36,5078,0.07674798136577012,0.17010807991027832,0.48046875,8,6
36,5079,0.05833237618207932,0.169694185256958,0.4375,5,4
36,5080,0.06950815417803825,0.1686643362045288,0.46484375,7,5
36,5081,0.06560855638235809,0.1365511417388916,0.4921875,7,5
36,5082,4.935264587402344e-05,4.935264587402344e-05,0.9921875,6,3
36,5083,0.07531673857010902,0.16693580150604248,0.48046875,7,4
36,5084,0.06490981508977713,0.15037930011749268,0.47265625,8,7
36,5085,0.0,0.11280030012130737,0.109375,7,4
36,5086,0.05645170249044896,0.1307840347290039,0.47265625,6,5
36,5087,0.06468526297248901,0.14985907077789307,0.47265625,6,4
36,5088,4.303455352783203e-05,4.303455352783203e-05,0.9921875,7,4
36,5089,0.04092794656753541,0.0818558931350708,0.5,6,4
36,5090,0.0679157921113074,0.16480040550231934,0.46484375,7,5
36,5007,0.0746627412736416,0.17697834968566895,0.46875,2,2
36,4943,0.07694649696350099,0.15389299392700195,0.5,1,1
36,5091,0.0,0.11819881200790405,0.109375,1,0
36,5092,0.037677268614061184,0.07118362188339233,0.51171875,2,2
36,5093,0.0,0.20160531997680664,0.23828125,2,4
36,5094,0.06700637273024769,0.16259366273880005,0.46484375,1,2
36,5095,0.0001780096208676721,0.09114092588424683,0.30078125,2,3
36,5096,0.053068008972331895,0.10026133060455322,0.51171875,1,1
36,5097,0.0659804956521839,0.1680697202682495,0.45703125,2,3
36,5098,0.00017261505126953125,0.00017261505126953125,0.9765625,1,0
36,5099,8.177757263183594e-05,8.177757263183594e-05,0.98828125,1,0
36,5100,0.07866336370352657,0.1671188473701477,0.48828125,2,2
36,5101,0.0043174028396606445,0.0043174028396606445,0.87890625,1,1
36,5102,0.07492071390151979,0.14984142780303955,0.5,1,1
36,5103,0.07400302030146123,0.16054892539978027,0.484375,1,1
36,5104,0.06856123544275762,0.1625155210494995,0.46875,2,2
36,5105,0.005579888820648193,0.005579888820648193,0.86328125,1,0
36,5106,0.028155447333119813,0.07171934843063354,0.45703125,1,0
36,5107,0.04133413778617979,0.11080145835876465,0.44921875,3,4
36,5108,0.04565043933689595,0.07896292209625244,0.53125,1,2
36,5109,0.055117860669270165,0.17528164386749268,0.42578125,1,2
36,5110,0.03653985529672355,0.09307664632797241,0.45703125,1,1
36,5111,0.0047110915184021,0.0047110915184021,0.83984375,2,3
36,5112,0.0,0.12086331844329834,0.109375,2,1
36,4804,0.07210647244937719,0.17921608686447144,0.4609375,1,2
36,4800,0.07302215974777938,0.17308956384658813,0.46875,1,1
36,5113,0.05739719420671464,0.17185592651367188,0.43359375,1,1
36,5114,0.04546460160054267,0.08918726444244385,0.50390625,1,1
36,5115,0.06761159282177688,0.15663862228393555,0.47265625,1,1
36,5116,0.06850079656578602,0.1586986780166626,0.47265625,2,3
36,5117,0.038256531814113266,0.09283101558685303,0.46484375,2,2
36,5118,0.06395660352427514,0.1714438796043396,0.44921875,1,1
36,5119,0.0701633153948933,0.17025411128997803,0.46484375,1,1
36,5120,0.0,0.12046325206756592,0.109375,1,0
36,5121,0.06978779286146165,0.16542291641235352,0.46875,1,1
36,5122,0.0665577268227935,0.14439642429351807,0.484375,1,1
36,5123,0.028532954282127328,0.10360902547836304,0.41015625,2,2
36,4324,0.0747153947595507,0.17309629917144775,0.47265625,1,1
36,5002,0.06829117354936899,0.16571128368377686,0.46484375,1,1
36,5124,0.08039331156760456,0.17441260814666748,0.484375,1,1
36,5125,0.06623118300922216,0.16461342573165894,0.4609375,1,1
36,5126,0.038590596290305264,0.06564247608184814,0.53515625,1,1
36,5127,0.034139332361519344,0.07105422019958496,0.4921875,1,1
36,5128,0.06515064742416145,0.15443116426467896,0.46875,1,1
36,5129,0.034240484237670905,0.0684809684753418,0.5,1,2
36,5130,0.0058019161224365234,0.0058019161224365234,0.859375,1,0
36,5131,3.3855438232421875e-05,3.3855438232421875e-05,0.99609375,2,3
36,5132,0.0,0.2467029094696045,0.109375,2,3
36,5133,0.041747568175196655,0.0788736343383789,0.51171875,2,3
36,5134,0.0,0.2047939896583557,0.26953125,1,2
36,5135,0.06967247463762762,0.16514956951141357,0.46875,1,1
36,5136,0.07341612386517228,0.16272318363189697,0.48046875,1,1
36,5137,0.026411890983581543,0.026411890983581543,0.71875,1,2
36,5138,0.030149519443511963,0.030149519443511963,0.734375,1,1
36,4952,0.06501610949635507,0.16561317443847656,0.45703125,1,2
36,4948,0.08055551815778018,0.1747645139694214,0.484375,1,2
36,5139,0.0,0.21467041969299316,0.2109375,2,4
36,5140,0.07880450924858452,0.16401588916778564,0.4921875,1,1
36,5141,0.06904539093375207,0.16366314888000488,0.46875,1,1
36,5142,0.06746631488204004,0.1762385368347168,0.453125,1,2
36,5143,0.01770771481096745,0.06666433811187744,0.40625,2,4
36,5144,0.049376702168956406,0.09328734874725342,0.51171875,1,3
36,5145,0.0029563009738922145,0.09460163116455078,0.3125,1,1
36,5146,0.03643766045570374,0.07287532091140747,0.5,1,1
36,5147,0.02828426053747535,0.08994746208190918,0.42578125,1,2
36,5148,0.07162111392244698,0.16592764854431152,0.47265625,1,2
36,5149,0.0707046778406948,0.16018050909042358,0.4765625,1,2
36,5150,0.06977731175720693,0.17342710494995117,0.4609375,1,2
36,5151,0.04347453126683832,0.07921338081359863,0.51953125,1,2
36,5152,0.0,0.19950705766677856,0.27734375,1,2
37,4800,0.07106536114588381,0.1766284704208374,0.4609375,1,1
37,4804,0.07674440369009973,0.18191266059875488,0.46875,1,2
37,5153,0.06715811812318863,0.13699185848236084,0.49609375,2,3
37,5154,0.06304317712783815,0.1735382080078125,0.4453125,1,2
37,5155,0.04401048226282001,0.08977437019348145,0.49609375,1,1
37,5156,0.07185485085938127,0.16646915674209595,0.47265625,1,1
37,5157,0.05713886115700008,0.10599672794342041,0.515625,1,1
37,5158,3.427267074584961e-05,3.427267074584961e-05,0.9921875,1,0
37,5159,0.07377285510301591,0.1671314239501953,0.4765625,1,1
37,5160,0.0697340526385233,0.1545620560646057,0.48046875,1,1
37,5161,0.06654077256098391,0.17382079362869263,0.453125,1,1
37,5162,0.0,0.1156846284866333,0.1171875,1,1
37,5066,0.07645335816778244,0.17712271213531494,0.47265625,1,2
37,4841,0.081913746194914,0.17402422428131104,0.48828125,1,2
37,5163,0.06951814785134049,0.18635231256484985,0.44921875,1,3
37,5164,0.0001125335693359375,0.0001125335693359375,0.98828125,1,2
37,5165,0.025400008074939254,0.08336412906646729,0.421875,2,4
37,5166,0.07301129400730134,0.15195846557617188,0.4921875,1,2
37,5167,0.05493452446535231,0.19264709949493408,0.4140625,1,2
37,5168,0.0849170731380582,0.1732172966003418,0.49609375,1,2
37,5169,0.0,0.12720167636871338,0.09765625,1,2
37,5170,0.07997484575025739,0.16990506649017334,0.48828125,1,2
37,5171,0.0679407916031778,0.14140522480010986,0.4921875,1,1
37,5057,0.08198151458054782,0.15779900550842285,0.5078125,6,2
37,4930,0.07227165601216258,0.15041905641555786,0.4921875,6,3
37,5172,0.07128407829441132,0.15144169330596924,0.48828125,7,3
37,5173,0.025400008074939254,0.08336412906646729,0.421875,6,2
37,5174,0.0,0.1271662712097168,0.09765625,6,2
37,5175,0.0,0.10074472427368164,0.26953125,6,1
37,5176,0.07354827411472799,0.16662263870239258,0.4765625,5,2
37,5177,0.0781403792789206,0.153286874294281,0.50390625,7,3
37,5178,0.07270820601843299,0.1764293909072876,0.46484375,6,2
37,5179,0.07825820997823031,0.15351802110671997,0.50390625,6,1
37,5180,0.0,0.12749242782592773,0.09765625,6,1
37,5181,0.0,0.10475677251815796,0.203125,6,2
37,5182,0.0,0.0,1.0,7,3
37,5183,0.07954800268635155,0.13531088829040527,0.53515625,5,3
37,5184,0.07347886939533056,0.15293163061141968,0.4921875,6,1
37,5185,0.0,0.12720054388046265,0.09765625,6,3
37,4988,0.06957086501643063,0.1772153377532959,0.45703125,6,2
37,5047,0.06812320940662177,0.1735277771949768,0.45703125,6,2
37,5186,0.07019619760103525,0.17446821928024292,0.4609375,6,2
37,5187,0.06629626126959921,0.17318207025527954,0.453125,6,3
37,5188,0.07306251861155034,0.17318522930145264,0.46875,5,3
37,5189,0.06510156486183406,0.17006123065948486,0.453125,6,1
37,5190,0.0,0.11098629236221313,0.14453125,6,2
37,5191,0.06937705923337491,0.16072875261306763,0.47265625,8,7
37,5192,0.06502681318670513,0.10880303382873535,0.5390625,7,3
37,5193,0.06767472461797298,0.16421544551849365,0.46484375,9,8
37,5194,0.07040167506784202,0.16687804460525513,0.46875,6,1
37,5195,9.483098983764648e-05,9.483098983764648e-05,0.98828125,6,1
37,5196,0.054439568426460035,0.16300034523010254,0.43359375,6,3
37,5197,0.03195573086850346,0.049430012702941895,0.55859375,6,1
37,5198,0.06512531428597869,0.1580291986465454,0.46484375,6,2
37,4943,0.08149589831009509,0.15686428546905518,0.5078125,1,1
37,5102,0.08107214444316925,0.15316951274871826,0.51171875,1,1
37,5199,0.0,0.10712575912475586,0.1953125,1,0
37,5200,0.0,0.12700027227401733,0.09765625,1,0
37,5201,0.0003285408020019531,0.0003285408020019531,0.96875,1,0
37,5202,0.00014036893844604492,0.00014036893844604492,0.98828125,1,0
37,5203,0.020429384429007772,0.07984614372253418,0.40234375,1,1
37,5204,0.03300137165933848,0.07011079788208008,0.48828125,2,3
37,5205,0.0,0.10295963287353516,0.22265625,2,1
37,5206,0.0727136922068894,0.15775173902511597,0.484375,1,1
37,5207,0.0680421228753403,0.16510695219039917,0.46484375,1,2
37,5208,0.0,0.12291276454925537,0.09765625,1,0
37,5209,0.0009494423866271973,0.0009494423866271973,0.93359375,1,0
37,5210,0.06731487065553667,0.14300918579101562,0.48828125,2,2
37,5211,0.0,0.10391992330551147,0.20703125,1,0
37,4927,0.07283769408240916,0.18103349208831787,0.4609375,7,5
37,5078,0.08008060231804849,0.17373418807983398,0.484375,8,6
37,5212,0.04210459184832872,0.11286675930023193,0.44921875,7,6
37,5213,0.06480872631073,0.12961745262145996,0.5,7,6
37,5214,0.07857920229434968,0.17047691345214844,0.484375,8,5
37,5215,0.03573184669949115,0.07591164112091064,0.48828125,8,6
37,5216,0.0,0.11014717817306519,0.15234375,7,3
37,5217,0.06790218385867776,0.16476738452911377,0.46484375,8,5
37,5218,0.07794725429266693,0.17276620864868164,0.48046875,7,4
37,5219,0.05408995808102191,0.11491310596466064,0.48828125,8,6
37,5220,0.07621928583830596,0.16893625259399414,0.48046875,7,5
37,5221,0.009458528598770503,0.11811625957489014,0.33203125,6,5
37,5222,0.08042674453463407,0.1577720046043396,0.50390625,8,6
37,5223,0.0630312461871654,0.17350536584854126,0.4453125,7,3
37,5224,0.06946469144895674,0.13626790046691895,0.50390625,6,4
37,5225,0.07440992491319777,0.1548694372177124,0.4921875,7,5
37,5226,0.032226711511611945,0.11301422119140625,0.4140625,8,6
37,5227,0.07985673286020757,0.16620588302612305,0.4921875,7,5
37,4757,0.08774924802128227,0.1598847508430481,0.51953125,1,1
37,4767,0.07864420511759819,0.1781674027442932,0.4765625,2,4
37,5228,0.029338782420381907,0.07473361492156982,0.45703125,2,1
37,5229,0.04395254782866687,0.07733231782913208,0.52734375,2,3
37,5230,0.07928772107698025,0.1650215983390808,0.4921875,1,1
37,5231,0.07290864526294173,0.17691576480865479,0.46484375,1,1
37,5232,0.035681233508512385,0.07580411434173584,0.48828125,1,2
37,5233,0.08157054847106339,0.15411114692687988,0.51171875,1,1
37,5234,0.06951968674547972,0.14769327640533447,0.48828125,1,1
37,5235,0.07160646189004184,0.15534961223602295,0.484375,1,1
37,5236,0.06658686976879837,0.16961431503295898,0.45703125,1,1
37,5237,0.0,0.20474624633789062,0.0703125,1,2
37,5100,0.07126732787583025,0.17293304204940796,0.46484375,2,2
37,5007,0.07487000222317876,0.18167507648468018,0.46484375,2,2
37,5238,0.029729485511779785,0.029729485511779785,0.70703125,2,3
37,5239,0.0,0.12537503242492676,0.09765625,1,0
37,5240,0.07333648833446206,0.16990172863006592,0.47265625,2,2
37,5241,0.0,0.12629175186157227,0.09765625,2,1
37,5242,0.0,0.27176785469055176,0.0703125,2,3
37,5243,0.0,0.11650621891021729,0.10546875,1,0
37,5244,0.0661004255525768,0.14974963665008545,0.4765625,2,3
37,5245,0.0013749003410339355,0.0013749003410339355,0.9140625,1,1
37,5246,0.06171669531613589,0.13389384746551514,0.484375,2,2
37,5247,0.00043457746505737305,0.00043457746505737305,0.95703125,2,1
37,5248,0.05097931809723378,0.08259940147399902,0.546875,2,3
37,5249,0.06655663764104248,0.16953730583190918,0.45703125,2,2
37,5250,0.07351468282286079,0.16294163465499878,0.48046875,3,3
37,5251,0.06894950347486885,0.1673087477684021,0.46484375,2,3
37,5252,0.06597920646890999,0.14314132928848267,0.484375,2,2
37,5253,0.07045082235708834,0.1528424620628357,0.484375,2,3
37,5124,0.0789582133293152,0.1788787841796875,0.4765625,1,1
37,5140,0.0782886096276343,0.16984647512435913,0.484375,1,1
37,5254,0.06839370727539064,0.13678741455078125,0.5,1,1
37,5255,0.0001583099365234375,0.0001583099365234375,0.98828125,1,0
37,5256,0.06679005315527321,0.15473532676696777,0.47265625,1,1
37,5257,0.07239124947227539,0.16771185398101807,0.47265625,1,1
37,5258,0.07043901644647123,0.16696655750274658,0.46875,2,3
37,5259,0.06121198600158096,0.16408658027648926,0.44921875,1,1
37,5260,3.1948089599609375e-05,3.1948089599609375e-05,0.9921875,2,3
37,5261,0.06391419284045698,0.16695952415466309,0.453125,1,1
37,5262,0.0,0.25867968797683716,0.05859375,1,2
37,5263,0.07223541627172382,0.16735082864761353,0.47265625,1,1
37,5264,0.06428985856473447,0.16794085502624512,0.453125,1,1
37,5265,0.035406855633482344,0.08591616153717041,0.46484375,2,3
37,5266,0.0,0.21025532484054565,0.21484375,2,3
37,5267,0.07652645080816002,0.17729204893112183,0.47265625,1,1
37,5268,0.03645415720529855,0.06526058912277222,0.5234375,1,1
37,4948,0.06814878340810539,0.17802131175994873,0.453125,1,2
37,5148,0.07499873684719206,0.16990864276885986,0.4765625,1,2
37,5269,0.03109510941430927,0.09590780735015869,0.4296875,1,2
37,5270,0.006184985861182218,0.1979195475578308,0.3125,1,2
37,5271,0.0,0.12182974815368652,0.09765625,1,1
37,5272,0.0,0.1557384729385376,0.2421875,1,2
37,5273,0.0,0.1834275722503662,0.15234375,1,2
37,5274,0.03797724191099406,0.0546189546585083,0.578125,1,1
37,5275,0.07934220088645817,0.16184544563293457,0.49609375,1,1
37,5276,0.0378967858850956,0.09899568557739258,0.453125,1,3
37,5277,0.062037167139351375,0.17076897621154785,0.4453125,1,2
37,5278,0.07923763722646983,0.1922733187675476,0.46484375,1,2
37,5279,0.02962319157086313,0.07940876483917236,0.44921875,1,1
37,5280,0.06719871424138547,0.18013477325439453,0.44921875,2,3
37,5281,0.06465007690712811,0.1688818335533142,0.453125,2,2
37,5282,0.07665536552667619,0.16990280151367188,0.48046875,1,2
38,5188,0.09083672566339375,0.16850870847702026,0.515625,5,3
38,5194,0.08630682108923794,0.1601054072380066,0.515625,6,1
38,5283,0.05442604795098306,0.09743404388427734,0.5234375,7,2
38,5284,0.00878037442453206,0.0977293848991394,0.3359375,6,5
38,5285,0.07050281763076784,0.14100563526153564,0.5,7,3
38,5286,0.08022004365921022,0.1604400873184204,0.5,5,3
38,5287,0.046188426436856396,0.06374251842498779,0.58984375,6,4
38,5288,0.051072557223960764,0.0714457631111145,0.5859375,5,3
38,5289,0.029226052109152082,0.06477808952331543,0.48046875,6,1
38,5290,0.06587368808686735,0.08970034122467041,0.59375,6,2
38,5291,0.003000319004058838,0.003000319004058838,0.8984375,6,2
38,5292,0.08380014775320889,0.1583235263824463,0.51171875,6,1
38,5293,0.0773552826140076,0.15779244899749756,0.49609375,6,4
38,5294,0.03958454902749509,0.061230480670928955,0.55859375,5,2
38,5295,0.0924020977690816,0.17141258716583252,0.515625,4,2
38,5296,0.0,0.10844939947128296,0.07421875,5,3
38,5267,0.0815934087149799,0.16982042789459229,0.4921875,1,1
38,5007,0.0868753492832184,0.17375069856643677,0.5,2,2
38,5297,0.08108681440353395,0.16217362880706787,0.5,2,3
38,5298,0.0,0.18709874153137207,0.29296875,1,2
38,5299,0.04442380997352303,0.07313501834869385,0.54296875,1,1
38,5300,0.0,0.0,1.0,3,3
38,5301,0.024385721306316558,0.07301455736160278,0.43359375,1,0
38,5302,0.0967794837197289,0.15932828187942505,0.54296875,1,1
38,5303,0.039323480799794204,0.042746543884277344,0.66796875,2,2
38,5304,0.00011658668518066406,0.00011658668518066406,0.96484375,3,2
38,5305,0.09286256739869715,0.16338706016540527,0.52734375,2,2
38,5306,0.09551546419970693,0.1680546998977661,0.52734375,1,2
38,5307,0.07549057295545937,0.17489218711853027,0.47265625,2,2
38,5308,2.9861927032470703e-05,2.9861927032470703e-05,0.98828125,2,1
38,5309,0.028731035185046497,0.02995985746383667,0.68359375,2,3
38,5310,0.04790937225334347,0.06988489627838135,0.57421875,1,2
38,5311,0.03631131863221527,0.061765432357788086,0.53515625,1,1
38,5312,0.08804929605685176,0.16635143756866455,0.51171875,1,1
38,5313,0.0,0.33799290657043457,0.05859375,3,4
38,5314,0.0,0.225663423538208,0.14453125,1,2
38,5315,0.0476805150974542,0.08110439777374268,0.53515625,2,2
38,4804,0.09109219233505429,0.1753353476524353,0.5078125,1,2
38,5159,0.07994747161865236,0.1598949432373047,0.5,1,1
38,5316,0.07268728176131846,0.1512840986251831,0.4921875,1,1
38,5317,0.08233829878736289,0.16795700788497925,0.49609375,1,1
38,5318,0.023258192930370576,0.09450948238372803,0.3984375,2,3
38,5319,0.08599406480789186,0.1719881296157837,0.5,1,1
38,5320,0.07469997787848116,0.12498819828033447,0.5390625,1,3
38,5321,0.07099346793256701,0.17226850986480713,0.46484375,1,2
38,5322,0.03225596062839032,0.047051429748535156,0.57421875,1,1
38,5323,0.07181155681610109,0.14362311363220215,0.5,1,1
38,5324,0.08042727829888464,0.1708662509918213,0.48828125,2,3
38,5325,0.0,0.11418485641479492,0.07421875,1,0
38,5326,0.08579954272136094,0.15916436910629272,0.515625,1,1
38,5230,0.0824683695100248,0.15873610973358154,0.5078125,1,1
38,5124,0.09748852020129563,0.17152619361877441,0.52734375,1,1
38,5327,0.08458882942795755,0.1463158130645752,0.53125,1,1
38,5328,0.08150227833539249,0.16625165939331055,0.49609375,1,1
38,5329,0.08707457082346083,0.16760218143463135,0.5078125,1,1
38,5330,0.04758930345997215,0.07474148273468018,0.5546875,1,1
38,5331,0.09218312753364445,0.17100638151168823,0.515625,1,1
38,5332,0.07598533923737706,0.15814834833145142,0.4921875,1,1
38,5333,0.04476237623021007,0.061774492263793945,0.58984375,1,2
38,5334,0.010024141054600482,0.16556000709533691,0.32421875,1,2
38,5335,0.020932985469698913,0.19138729572296143,0.34375,1,2
38,5275,0.08760266681201757,0.1568271517753601,0.5234375,1,1
38,5278,0.07988884090445937,0.1850818395614624,0.47265625,1,2
38,5336,0.08085080469027163,0.15562260150909424,0.5078125,1,1
38,5337,0.08134385943412782,0.16268771886825562,0.5,1,1
38,5338,0.07734403712674977,0.1488727331161499,0.5078125,1,1
38,5339,0.08191481232643129,0.16382962465286255,0.5,2,3
38,5340,0.024259316269308332,0.024791955947875977,0.69140625,1,1
38,5341,0.0,0.11166560649871826,0.07421875,2,1
38,5342,0.08749365969561042,0.15663200616836548,0.5234375,1,1
38,5343,0.0,0.11484181880950928,0.07421875,1,1
38,5344,0.032458077184855945,0.0806725025177002,0.4609375,1,1
38,5345,0.03348260908387602,0.0551224946975708,0.54296875,1,0
38,5346,0.0747384869027883,0.14385753870010376,0.5078125,1,1
38,5347,0.08153544506058098,0.1696997880935669,0.4921875,2,4
38,5348,0.03864265093579889,0.05405747890472412,0.5859375,1,1
38,5222,0.08511351561173798,0.15237104892730713,0.5234375,8,6
38,5078,0.09266030834987761,0.16883301734924316,0.51953125,8,6
38,5349,0.07736738864332439,0.161024808883667,0.4921875,8,6
38,5350,0.0792426767293364,0.1616424322128296,0.49609375,8,5
38,5351,0.0,0.11484241485595703,0.07421875,9,8
38,5352,2.968311309814453e-05,2.968311309814453e-05,0.98828125,8,6
38,5353,0.06527021527290346,0.15471458435058594,0.46875,8,7
38,5354,0.0012052059173583984,0.0012052059173583984,0.93359375,8,5
38,5355,0.08285548875574024,0.14093691110610962,0.53515625,8,7
38,5356,0.08013857167679818,0.14601761102676392,0.51953125,8,7
38,5357,0.07905638404190542,0.14665532112121582,0.515625,9,7
38,5358,0.0,0.11413085460662842,0.07421875,7,4
38,5359,0.09091004775837065,0.16564393043518066,0.51953125,8,7
38,5360,0.0833484355825931,0.15747010707855225,0.51171875,7,4
38,5361,4.112720489501953e-05,4.112720489501953e-05,0.98828125,6,4
38,5362,0.09092934825457634,0.16567909717559814,0.51953125,7,5
38,5363,0.07970934943296017,0.15342551469802856,0.5078125,8,5
38,5364,0.0,0.1804107427597046,0.14453125,8,7
38,4943,0.08519668597728015,0.15251994132995605,0.5234375,1,1
38,5102,0.08451754529960455,0.1487044095993042,0.52734375,1,1
38,5365,0.0664745941758156,0.08181488513946533,0.625,1,1
38,5366,0.032947652041912086,0.05020594596862793,0.5625,2,1
38,5367,0.014044941170141103,0.08877789974212646,0.36328125,1,1
38,5368,0.012762367725372314,0.012762367725372314,0.82421875,1,1
38,5369,0.0632428601384163,0.10246944427490234,0.546875,2,2
38,5370,0.0,0.0,0.99609375,2,1
38,5371,0.029584590811282403,0.14289915561676025,0.3828125,1,2
38,5372,0.04972435464151204,0.06955975294113159,0.5859375,1,2
38,5373,0.037113564554601915,0.0451357364654541,0.62890625,1,1
38,5374,0.05075539276003838,0.08779311180114746,0.53125,2,2
38,5375,0.007682740688323975,0.007682740688323975,0.8515625,1,0
38,5057,0.08410305716097356,0.15324115753173828,0.51953125,6,2
38,5183,0.08280618663411589,0.132077157497406,0.55078125,5,3
38,5376,0.03907199867535383,0.06432431936264038,0.54296875,5,1
38,5377,0.0,0.11520940065383911,0.07421875,6,4
38,5378,0.03888602741062642,0.06300520896911621,0.546875,4,3
38,5379,0.08315748628228904,0.13473618030548096,0.546875,6,4
38,5380,0.07109101396054031,0.11703729629516602,0.54296875,6,4
38,5381,0.0802223972277716,0.12795597314834595,0.55078125,5,3
38,5382,0.024178619263693697,0.1360379457473755,0.37109375,6,4
38,5383,0.07895410084165634,0.14916789531707764,0.51171875,5,1
38,5384,0.08399387099780144,0.1616724133491516,0.5078125,6,3
38,5385,0.04839019442442805,0.07966488599777222,0.54296875,6,1
38,5386,0.024385721306316558,0.07301455736160278,0.43359375,6,1
38,5387,0.08550633303821088,0.14790284633636475,0.53125,6,2
38,5388,0.0,0.09536266326904297,0.21484375,6,1
38,5168,0.08047611918300392,0.1674950122833252,0.4921875,1,2
38,4841,0.08639727893751116,0.16948431730270386,0.50390625,1,2
38,5389,0.0,0.11523228883743286,0.07421875,1,1
38,5390,0.07722230162471534,0.1335737109184265,0.53125,1,2
38,5391,0.0,0.20290738344192505,0.11328125,1,2
38,5392,0.07891521463170649,0.14378857612609863,0.51953125,1,1
38,5393,0.0,0.168198823928833,0.171875,1,4
38,5394,0.08640795014798643,0.15468835830688477,0.5234375,1,3
38,5395,0.009998440742492676,0.009998440742492676,0.8046875,1,1
38,5396,0.08116874797269703,0.15057390928268433,0.515625,1,1
38,5397,0.05413345620036126,0.08770990371704102,0.546875,1,1
38,5398,0.09014921565540136,0.16425764560699463,0.51953125,1,2
38,5399,0.016919397516176108,0.07804262638092041,0.38671875,2,4
38,5400,0.03019928932189942,0.06039857864379883,0.5,1,1
38,4757,0.0853978260420263,0.15560030937194824,0.51953125,1,1
38,5233,0.0805963408201933,0.14951205253601074,0.515625,1,1
38,5401,0.046703669475391514,0.06623899936676025,0.58203125,1,1
38,5402,0.08545065857470037,0.15297460556030273,0.5234375,1,1
38,5403,0.041446026414632804,0.07977581024169922,0.5078125,1,2
38,5404,0.07920612045563759,0.1325278878211975,0.5390625,1,1
38,5405,0.06854547047987582,0.1319371461868286,0.5078125,2,2
38,5406,0.0849104691296816,0.1468721628189087,0.53125,1,1
38,5407,0.07833485491573812,0.16642093658447266,0.48828125,1,1
38,5408,0.0758689269423485,0.13123273849487305,0.53125,1,1
38,5409,0.07875589653849603,0.13622641563415527,0.53125,1,1
38,5410,0.03766006731893868,0.05341261625289917,0.58203125,1,1
38,5411,0.0715080115478486,0.13510000705718994,0.51171875,1,1
38,5412,0.05035908077843488,0.17660170793533325,0.4140625,1,2
39,4943,0.07927025354001672,0.15550333261489868,0.50390625,1,1
39,5102,0.07876366423442961,0.1516052484512329,0.5078125,1,1
39,5413,0.031092518940567974,0.07370078563690186,0.46875,2,3
39,5414,0.08351446711458267,0.14950841665267944,0.5234375,1,1
39,5415,0.012919072061777117,0.08703374862670898,0.359375,1,0
39,5416,0.08065864047966899,0.1443958878517151,0.5234375,1,1
39,5417,0.043097452959045775,0.06666433811187744,0.55859375,1,1
39,5418,0.09835642902180554,0.1544739007949829,0.5546875,1,1
39,5419,3.409385681152344e-05,3.409385681152344e-05,0.99609375,1,1
39,5420,0.09207371436059476,0.15405797958374023,0.5390625,1,1
39,5402,0.0912363526877016,0.15519273281097412,0.53515625,1,1
39,4757,0.08372241212055088,0.15817666053771973,0.51171875,1,1
39,5421,0.08719151350669564,0.15340912342071533,0.52734375,1,1
39,5422,0.0002791881561279297,0.0002791881561279297,0.95703125,2,1
39,5423,0.05405994039028884,0.08490395545959473,0.5546875,1,1
39,5424,0.08592045377008618,0.15117275714874268,0.52734375,1,1
39,5425,0.0,0.11657261848449707,0.07421875,1,0
39,5426,8.344650268554688e-07,8.344650268554688e-07,0.99609375,1,0
39,5427,0.005611777305603027,0.005611777305603027,0.81640625,1,0
39,5428,0.0,0.21403348445892334,0.0859375,1,2
39,5429,0.0,0.11533379554748535,0.07421875,1,0
39,5430,0.07662421464920045,0.15324842929840088,0.5,1,1
39,5431,0.06646294705569745,0.11496293544769287,0.53125,1,1
39,5432,0.05095067352522165,0.0743212103843689,0.57421875,1,2
39,5433,0.09193528071045877,0.15638160705566406,0.53515625,1,1
39,5434,0.08777882950380446,0.1571425199508667,0.5234375,1,1
39,5435,0.07758728857152165,0.136510968208313,0.52734375,1,1
39,5275,0.08445250871591271,0.15955603122711182,0.51171875,1,1
39,5342,0.09058421314693989,0.15937840938568115,0.52734375,1,1
39,5436,0.0,0.11059564352035522,0.07421875,1,0
39,5437,0.038954313844442374,0.059358954429626465,0.5625,1,2
39,5438,0.05332526983693243,0.08505463600158691,0.55078125,2,2
39,5439,0.060614643618464484,0.10664844512939453,0.52734375,1,1
39,5440,0.0,0.11316287517547607,0.07421875,1,0
39,5441,0.06804522685706617,0.1445608139038086,0.48828125,1,1
39,5442,0.0,0.14231252670288086,0.15234375,2,4
39,5443,0.0,0.11753678321838379,0.07421875,1,0
39,5444,0.08263802528381349,0.1561279296875,0.51171875,1,1
39,5445,0.0409231031080708,0.0652729868888855,0.55078125,1,1
39,5446,0.08350175176747145,0.1607251763343811,0.5078125,1,1
39,5447,0.08711692923679949,0.15595757961273193,0.5234375,1,1
39,5448,0.03869351302273572,0.058097004890441895,0.56640625,1,1
39,5398,0.1013326537795365,0.1695500612258911,0.5390625,1,2
39,5394,0.08527115453034641,0.15818417072296143,0.515625,1,3
39,5449,0.0031951644923538017,0.148720383644104,0.30859375,1,4
39,5450,0.010708770016208295,0.08988344669342041,0.34765625,1,1
39,5451,0.04554601456038655,0.19272363185882568,0.39453125,1,3
39,5452,0.0,0.11713624000549316,0.07421875,1,1
39,5453,0.08333184104412796,0.1574387550354004,0.51171875,1,2
39,5454,0.0931236556498334,0.18267935514450073,0.50390625,1,2
39,5455,0.0,0.11713624000549316,0.07421875,1,0
39,5456,0.03364367131143809,0.05819445848464966,0.53125,1,1
39,5457,0.059679756173864014,0.1642797589302063,0.4453125,1,3
39,5458,0.03326093335635961,0.18713843822479248,0.37109375,2,4
39,5459,0.10005550808273257,0.16472160816192627,0.54296875,2,3
39,5460,0.09447769541293384,0.17214441299438477,0.51953125,1,2
39,5461,0.004245528252795341,0.10351002216339111,0.31640625,1,4
39,5462,0.0622762585990131,0.13510781526565552,0.484375,2,3
39,5362,0.09191144909709693,0.16746854782104492,0.51953125,7,5
39,5359,0.08855337882414462,0.16730380058288574,0.51171875,8,7
39,5463,0.08779514394700529,0.16286635398864746,0.515625,9,8
39,5464,0.0,0.10421401262283325,0.08203125,8,7
39,5465,0.08705960959196092,0.16150188446044922,0.515625,7,6
39,5466,0.09061359928455205,0.14917737245559692,0.54296875,8,6
39,5467,0.09328570985235275,0.16997253894805908,0.51953125,8,5
39,5468,0.08406941464636476,0.15883225202560425,0.51171875,8,6
39,5469,0.0038584470748901367,0.0038584470748901367,0.8828125,8,6
39,5470,0.0770731568336487,0.15414631366729736,0.5,8,6
39,5471,0.0,0.11713624000549316,0.07421875,7,6
39,5472,0.09829681762494148,0.17597192525863647,0.5234375,9,7
39,5473,2.9802322387695312e-06,2.9802322387695312e-06,0.99609375,6,3
39,5474,0.041198289487510927,0.06675165891647339,0.546875,7,4
39,5475,0.04114462342113257,0.07116907835006714,0.53125,7,3
39,5476,0.0,0.11713027954101562,0.07421875,8,5
39,5477,0.09496437618508936,0.1700061559677124,0.5234375,8,6
39,5478,0.08309064153581859,0.15413916110992432,0.515625,6,4
39,5479,0.0,0.11754107475280762,0.07421875,6,2
39,5480,0.08765637176111342,0.15422701835632324,0.52734375,8,8
39,4804,0.09382703481242062,0.17726731300354004,0.51171875,1,2
39,5324,0.09312490839511157,0.1727534532546997,0.515625,2,3
39,5481,0.04622364114038647,0.07609808444976807,0.54296875,2,4
39,5482,0.08893563970923425,0.1620464324951172,0.51953125,2,2
39,5483,0.08319922978989781,0.16321074962615967,0.50390625,2,3
39,5484,0.07421781413722785,0.14559203386306763,0.50390625,1,1
39,5485,0.08618620270863177,0.15988165140151978,0.515625,2,4
39,5486,0.038040435640141375,0.055489182472229004,0.57421875,3,4
39,5487,0.031021906528621915,0.07027971744537354,0.4765625,1,0
39,5488,0.034860227722674615,0.04001891613006592,0.6484375,1,1
39,5489,0.09483658650424333,0.17279833555221558,0.51953125,1,1
39,5490,0.0032662153244018555,0.0032662153244018555,0.890625,1,3
39,5491,0.038080740254372365,0.05051124095916748,0.6015625,2,3
39,5492,0.06578466272912921,0.15240609645843506,0.47265625,2,4
39,5295,0.09820853895507754,0.17279303073883057,0.52734375,4,2
39,5188,0.090022184769623,0.1700788140296936,0.51171875,5,3
39,5493,0.08136862493120135,0.1659790277481079,0.49609375,5,4
39,5494,0.09234753949567677,0.1653214693069458,0.5234375,5,3
39,5495,0.04570539691485465,0.06393760442733765,0.5859375,7,2
39,5496,0.08401824161410333,0.16171932220458984,0.5078125,4,2
39,5497,0.02185635478235782,0.11079657077789307,0.37890625,5,3
39,5498,0.022954624844715003,0.02393639087677002,0.68359375,6,0
39,5499,0.09479851683136077,0.161251962184906,0.53515625,4,2
39,5500,0.07565806736238302,0.14562755823135376,0.5078125,7,3
39,5501,0.02546994737349451,0.05645287036895752,0.48046875,3,2
39,5502,0.013818122679367667,0.08226603269577026,0.3671875,7,2
39,5503,0.07058297737967224,0.15644365549087524,0.48046875,5,2
39,5504,0.09385921480134131,0.15704548358917236,0.5390625,6,1
39,5505,0.0840985686518252,0.1618739366531372,0.5078125,5,3
39,5078,0.09362258529290558,0.17058634757995605,0.51953125,8,6
39,5357,0.08207611250691117,0.14954793453216553,0.51953125,9,7
39,5506,0.03387666447088123,0.10448706150054932,0.4296875,10,9
39,5507,0.07006952143274249,0.11535561084747314,0.54296875,7,4
39,5508,0.08264721091836692,0.1505885124206543,0.51953125,8,6
39,5509,0.08802268048748375,0.15757906436920166,0.5234375,8,7
39,5510,0.08986854320392014,0.16088354587554932,0.5234375,8,5
39,5511,0.0,0.11706888675689697,0.07421875,9,7
39,5512,3.3855438232421875e-05,3.3855438232421875e-05,0.99609375,8,4
39,5305,0.09021742164622994,0.16438192129135132,0.51953125,2,2
39,5331,0.09296978171914817,0.17246568202972412,0.515625,1,1
39,5513,0.09367823507636787,0.16203802824020386,0.53125,1,1
39,5514,0.08895142190158369,0.1488337516784668,0.5390625,2,2
39,5515,0.08141869306564332,0.16283738613128662,0.5,1,1
39,5516,0.0,0.11713242530822754,0.07421875,1,0
39,5517,0.08630963694304229,0.16612982749938965,0.5078125,1,2
39,5518,0.0,0.10182178020477295,0.11328125,2,1
39,5519,0.041111106052994735,0.06264549493789673,0.5625,1,2
39,5520,0.0,0.09993398189544678,0.1328125,1,1
39,5521,0.08519604499451817,0.16096079349517822,0.51171875,2,2
39,5522,0.09525916597340257,0.1620355248451233,0.53515625,1,1
39,5523,0.0,0.11485552787780762,0.07421875,3,3
39,5524,0.08148258924484254,0.16296517848968506,0.5,1,1
39,5525,0.0005112886428833008,0.0005112886428833008,0.9375,1,0
39,5526,0.08936042233835907,0.168828547000885,0.51171875,2,2
39,5527,0.08779728622175755,0.16587531566619873,0.51171875,2,2
39,5528,0.08679423155263068,0.16398024559020996,0.51171875,2,3
39,5124,0.0971788454335183,0.1739705204963684,0.5234375,1,1
39,5302,0.0898933478165418,0.16092795133590698,0.5234375,1,1
39,5529,0.03136256663128734,0.07105147838592529,0.4765625,1,0
39,5530,0.09631442604586483,0.16383051872253418,0.53515625,1,1
39,5531,0.03512564906850458,0.040323615074157715,0.6484375,1,2
39,5532,0.08945093164220454,0.16593796014785767,0.515625,1,1
39,5533,0.08923657494597138,0.15975219011306763,0.5234375,1,2
39,5534,0.08648805285338314,0.1634017825126648,0.51171875,1,1
39,5535,0.09258893737569453,0.17175918817520142,0.515625,1,2
39,5536,0.0,0.11333107948303223,0.07421875,1,0
39,5537,0.08975363429635765,0.16649949550628662,0.515625,1,1
39,5538,0.08442867128178479,0.16250932216644287,0.5078125,1,1
39,5539,0.07898255810141565,0.16111183166503906,0.49609375,1,1
39,5540,0.02856159175280482,0.029188692569732666,0.69140625,2,3
39,5541,0.0898933478165418,0.16092795133590698,0.5234375,1,1
39,5542,0.003106236457824707,0.003106236457824707,0.86328125,1,0
