generation,genome_id,fitness,diversity,agreement,num_nodes,num_connections
0,1,0.05824679136276245,0.05824679136276245,0.7578125,1,4
0,2,0.07056758645921947,0.12857866287231445,0.51953125,1,4
0,3,0.10959410667419434,0.10959410667419434,0.7109375,1,4
0,4,0.07238937704823913,0.11546218395233154,0.55078125,1,4
0,5,0.07597040408290924,0.12117397785186768,0.55078125,1,4
0,6,0.0,0.17288070917129517,0.265625,1,4
0,7,0.06940636504441501,0.15723919868469238,0.4765625,1,4
0,8,0.08675869612488897,0.0943109393119812,0.66796875,1,4
0,9,0.059737650677561774,0.11081767082214355,0.515625,1,4
0,10,0.1126756980083883,0.11749482154846191,0.68359375,1,4
0,11,0.06056857109069824,0.06056857109069824,0.765625,1,4
0,12,0.004856586456298828,0.004856586456298828,0.94921875,1,4
0,13,0.041296342387795455,0.15546858310699463,0.40625,1,4
0,14,0.07257241290062667,0.13968825340270996,0.5078125,1,4
0,15,0.039270579814910896,0.17333221435546875,0.390625,1,4
0,16,0.08408130705356599,0.0944070816040039,0.65625,1,4
0,17,0.07925115013495089,0.11086499691009521,0.5859375,1,4
0,18,0.07825183868408203,0.07825183868408203,0.73828125,1,4
0,19,0.0905427932739258,0.18108558654785156,0.5,1,4
0,20,0.05891209072433413,0.142952561378479,0.46484375,1,4
0,21,0.011507630348205566,0.011507630348205566,0.921875,1,4
0,22,0.10033816983923317,0.11782830953598022,0.640625,1,4
0,23,0.07681745290756227,0.1536349058151245,0.5,1,4
0,24,0.04536456428468228,0.14888882637023926,0.421875,1,4
0,25,0.06025761365890503,0.06025761365890503,0.8125,1,4
0,26,0.057617889018729336,0.13053256273269653,0.4765625,1,4
0,27,0.05348294973373413,0.05348294973373413,0.8203125,1,4
0,28,0.0,0.19723963737487793,0.1328125,1,4
0,29,0.10004655597731472,0.10432553291320801,0.68359375,1,4
0,30,0.11437662318348886,0.11806619167327881,0.6875,1,4
0,31,0.058304263628087945,0.14147764444351196,0.46484375,1,4
0,32,0.08900084369815887,0.10332977771759033,0.64453125,1,4
0,33,0.08083075308240951,0.09830248355865479,0.62890625,1,4
0,34,0.08084341697394849,0.09077155590057373,0.65625,1,4
0,35,0.046775639057159424,0.046775639057159424,0.8046875,1,4
0,36,0.06247006042394788,0.13271647691726685,0.48828125,1,4
0,37,0.07162954728119077,0.08222943544387817,0.6484375,1,4
0,38,0.038020193576812744,0.038020193576812744,0.8359375,1,4
0,39,0.07528585195541382,0.07528585195541382,0.73046875,1,4
0,40,0.0930068250745535,0.12664759159088135,0.59375,1,4
0,41,0.07962404820136727,0.10561531782150269,0.6015625,1,4
0,42,0.07982713356614114,0.09824877977371216,0.625,1,4
0,43,0.011344880796968942,0.16134941577911377,0.328125,1,4
0,44,0.0,0.17656630277633667,0.19140625,1,4
0,45,0.017017662525177002,0.017017662525177002,0.9140625,1,4
0,46,0.0,0.18292880058288574,0.18359375,1,4
0,47,0.09667148895096035,0.1029018759727478,0.67578125,1,4
0,48,0.08713516965508462,0.10472583770751953,0.6328125,1,4
0,49,0.07506646751426162,0.12768781185150146,0.53515625,1,4
0,50,0.0654513635672629,0.13351035118103027,0.49609375,1,4
0,51,0.0840143132954836,0.09433186054229736,0.65625,1,4
0,52,0.050666309427469976,0.13946855068206787,0.4453125,1,4
0,53,0.1078480852302164,0.11246073246002197,0.68359375,1,4
0,54,0.046951354946941144,0.17049002647399902,0.41015625,1,4
0,55,0.0,0.17348527908325195,0.24609375,1,4
0,56,0.0863000296521932,0.09381234645843506,0.66796875,1,4
0,57,0.060145020484924316,0.060145020484924316,0.7734375,1,4
0,58,0.094058096408844,0.094058096408844,0.73046875,1,4
0,59,0.08991466183215381,0.11201047897338867,0.62109375,1,4
0,60,0.10125010181218388,0.1878262758255005,0.515625,1,4
0,61,0.05327636376023293,0.15498578548431396,0.4375,1,4
0,62,0.07313840836286546,0.14347457885742188,0.50390625,1,4
0,63,0.07616367994342,0.11781209707260132,0.55859375,1,4
0,64,0.05729115009307861,0.05729115009307861,0.7890625,1,4
0,65,0.07302641868591309,0.07302641868591309,0.74609375,1,4
0,66,0.05981522798538208,0.05981522798538208,0.74609375,1,4
0,67,0.0982934260973707,0.20882254838943481,0.48828125,1,4
0,68,0.06331312656402588,0.06331312656402588,0.75390625,1,4
0,69,0.06641097925603391,0.06855326890945435,0.6875,1,4
0,70,0.0,0.16817247867584229,0.26953125,1,4
0,71,0.015444674994796521,0.15505242347717285,0.33984375,1,4
0,72,0.06083428720012308,0.12661445140838623,0.4921875,1,4
0,73,0.04285883903503418,0.04285883903503418,0.79296875,1,4
0,74,0.11410205997526647,0.11778277158737183,0.6875,1,4
0,75,0.033601582050323486,0.033601582050323486,0.87109375,1,4
0,76,0.04722112417221069,0.04722112417221069,0.8125,1,4
0,77,0.08141692494973542,0.13622701168060303,0.5390625,1,4
0,78,0.08520974684506656,0.09165418148040771,0.671875,1,4
0,79,0.06928867101669312,0.06928867101669312,0.7421875,1,4
0,80,0.08788297697901727,0.09071791172027588,0.6875,1,4
0,81,0.0,0.181513249874115,0.24609375,1,4
0,82,0.09054964443203063,0.09843188524246216,0.66796875,1,4
0,83,0.03581528132781387,0.14553511142730713,0.3984375,1,4
0,84,0.08519570843782277,0.10361093282699585,0.62890625,1,4
0,85,0.0063972990028560205,0.15597224235534668,0.31640625,1,4
0,86,0.06039170594885946,0.13101929426193237,0.484375,1,4
0,87,0.06664000579621644,0.13072675466537476,0.50390625,1,4
0,88,0.08809750992804767,0.12324023246765137,0.5859375,1,4
0,89,0.07039296021685006,0.12601816654205322,0.5234375,1,4
0,90,0.047445476055145264,0.047445476055145264,0.80078125,1,4
0,91,0.09916404588147999,0.11512923240661621,0.64453125,1,4
0,92,0.08221211354248227,0.12343871593475342,0.56640625,1,4
0,93,0.033424675464630134,0.14752960205078125,0.390625,1,4
0,94,0.07562215486541392,0.10030710697174072,0.6015625,1,4
0,95,0.0874951151199639,0.10515844821929932,0.6328125,1,4
0,96,0.00180530129000545,0.15405237674713135,0.3046875,1,4
0,97,0.06790468120016159,0.13070374727249146,0.5078125,1,4
0,98,0.08282028674148025,0.16894018650054932,0.49609375,1,4
0,99,0.0879585212096572,0.11667037010192871,0.6015625,1,4
0,100,0.06004245462827385,0.14923173189163208,0.4609375,1,4
0,101,0.08359528519213201,0.11383187770843506,0.59375,1,4
0,102,0.0944644999690354,0.11767840385437012,0.62109375,1,4
0,103,0.0,0.1757686734199524,0.234375,1,4
0,104,0.028881549835205078,0.028881549835205078,0.89453125,1,4
0,105,0.0633622407913208,0.0633622407913208,0.73828125,1,4
0,106,0.0,0.1701362133026123,0.22265625,1,4
0,107,0.07637953758239746,0.07637953758239746,0.72265625,1,4
0,108,0.06844838906545193,0.15857726335525513,0.47265625,1,4
0,109,0.09789371956139804,0.10529744625091553,0.671875,1,4
0,110,0.0,0.20430827140808105,0.09375,1,4
0,111,0.09477597614750267,0.10088419914245605,0.67578125,1,4
0,112,0.07596147060394287,0.07596147060394287,0.71484375,1,4
0,113,0.09020135714672507,0.1035495400428772,0.6484375,1,4
0,114,0.0,0.17652976512908936,0.2109375,1,4
0,115,0.11644790996797384,0.12142837047576904,0.68359375,1,4
0,116,0.0739689802285284,0.17136704921722412,0.47265625,1,4
0,117,0.07496793218888344,0.12752020359039307,0.53515625,1,4
0,118,0.10540142608806492,0.12521004676818848,0.63671875,1,4
0,119,0.060327266575768604,0.10992014408111572,0.51953125,1,4
0,120,0.0884687601355836,0.10043460130691528,0.65234375,1,4
0,121,0.08648625249043108,0.10274004936218262,0.63671875,1,4
0,122,0.059709906578063965,0.059709906578063965,0.83984375,1,4
0,123,0.07816402951721103,0.1209062933921814,0.55859375,1,4
0,124,0.05618166364729405,0.1301584243774414,0.47265625,1,4
0,125,0.03516409546136857,0.14288902282714844,0.3984375,1,4
0,126,0.07152882521040739,0.14031708240509033,0.50390625,1,4
0,127,0.06347811222076416,0.06347811222076416,0.80859375,1,4
0,128,0.06830954551696777,0.06830954551696777,0.71484375,1,4
0,129,0.030437946319580078,0.030437946319580078,0.8984375,1,4
0,130,0.09543471201322974,0.12185180187225342,0.61328125,1,4
0,131,0.05703854560852051,0.05703854560852051,0.83203125,1,4
0,132,0.027750492095947266,0.027750492095947266,0.80078125,1,4
0,133,0.06875168962869795,0.10634702444076538,0.55859375,1,4
0,134,0.09571091318503024,0.15031898021697998,0.5546875,1,4
0,135,0.057784472592175014,0.14021635055541992,0.46484375,1,4
0,136,0.06792759895324707,0.06792759895324707,0.75,1,4
0,137,0.035402221139520414,0.14385664463043213,0.3984375,1,4
0,138,0.08103098068386318,0.11034005880355835,0.59375,1,4
0,139,0.06815099716186523,0.06815099716186523,0.765625,1,4
0,140,0.030492722988128662,0.030492722988128662,0.8359375,1,4
0,141,0.07099687529262157,0.1293608546257019,0.51953125,1,4
0,142,0.0,0.17393195629119873,0.2734375,1,4
0,143,0.0664503574371338,0.13290071487426758,0.5,1,4
0,144,0.07638585567474365,0.07638585567474365,0.7265625,1,4
0,145,0.08187164226546885,0.11298727989196777,0.58984375,1,4
0,146,0.07795797754079105,0.12631165981292725,0.546875,1,4
0,147,0.0,0.19328123331069946,0.1171875,1,4
0,148,0.07925823889672758,0.13709533214569092,0.53125,1,4
0,149,0.10238959919661285,0.13238251209259033,0.609375,1,4
0,150,0.05786418914794922,0.05786418914794922,0.78515625,1,4
1,130,0.12290846742689611,0.12816524505615234,0.68359375,1,4
1,48,0.09142297110520305,0.1086045503616333,0.63671875,1,4
1,151,0.07786263967864217,0.13699543476104736,0.52734375,1,3
1,152,0.07475648284889759,0.1060258150100708,0.58203125,1,3
1,153,0.09937636088579894,0.12085676193237305,0.62890625,1,4
1,154,0.09179210662841797,0.09179210662841797,0.7265625,1,3
1,155,0.0709832743741572,0.13167911767959595,0.515625,1,4
1,156,0.07384922495111824,0.13220560550689697,0.5234375,1,3
1,157,0.09366271225735547,0.13102543354034424,0.5859375,1,3
1,158,0.07969853840768339,0.13335180282592773,0.5390625,2,5
1,159,0.08779549039900304,0.126267671585083,0.578125,1,3
1,160,0.07828037522267552,0.1377304196357727,0.52734375,2,5
1,161,0.08100795140489937,0.13779425621032715,0.53515625,1,3
1,162,0.07796661509200932,0.1304539442062378,0.5390625,1,3
1,163,0.08086233027279378,0.13101744651794434,0.546875,2,3
1,164,0.07805811241269113,0.12647390365600586,0.546875,1,2
1,165,0.08100781124085189,0.13779401779174805,0.53515625,2,5
1,166,0.0,0.18090415000915527,0.23046875,1,3
1,167,0.08740007877349855,0.13519287109375,0.55859375,1,4
1,168,0.0,0.18328088521957397,0.19140625,1,3
1,169,0.10440058435779066,0.1300562024116516,0.62109375,2,6
1,170,0.09829454461578281,0.11158937215805054,0.65234375,1,3
1,171,0.1416157688945532,0.1785893440246582,0.6171875,2,5
1,172,0.10875640669837595,0.12346625328063965,0.65234375,1,4
1,173,0.08515246398746969,0.15796399116516113,0.515625,1,3
1,174,0.07358709478285165,0.14435476064682007,0.50390625,1,3
1,175,0.08178166742436589,0.1265021562576294,0.55859375,1,4
1,176,0.0923149836016819,0.120883047580719,0.60546875,1,3
1,177,0.08745354413986206,0.08745354413986206,0.7421875,1,3
1,178,0.11569652985781433,0.1390531063079834,0.6328125,1,3
1,179,0.09969289088621737,0.1339704990386963,0.59765625,1,4
1,180,0.010439363773912197,0.17241787910461426,0.32421875,1,3
1,181,0.10060085402801634,0.14468437433242798,0.578125,1,3
1,182,0.07779576675966383,0.13016808032989502,0.5390625,1,4
1,183,0.07428292930126192,0.1378002166748047,0.515625,1,4
1,184,0.08669996261596681,0.1282958984375,0.5703125,1,3
1,185,0.07323193643242122,0.13585054874420166,0.515625,1,4
1,115,0.11614918056875469,0.13041311502456665,0.65625,1,4
1,30,0.12110957130789758,0.12501633167266846,0.6875,1,4
1,186,0.08674320392310621,0.11811840534210205,0.59375,1,3
1,187,0.08100504300091417,0.1377893090248108,0.53515625,2,4
1,188,0.08978814980946483,0.12734496593475342,0.58203125,1,4
1,189,0.06548041640780868,0.16274744272232056,0.4609375,1,3
1,190,0.11324829980731012,0.12181329727172852,0.671875,2,6
1,191,0.07578063011169434,0.07578063011169434,0.7265625,1,3
1,192,0.015565833076834686,0.17325448989868164,0.3359375,1,3
1,193,0.10550721781328322,0.13471245765686035,0.61328125,1,3
1,194,0.07573515176773071,0.07573515176773071,0.75390625,1,4
1,195,0.10365098901093008,0.14114177227020264,0.59375,2,4
1,196,0.09563604556024076,0.17741179466247559,0.515625,1,3
1,197,0.10125625506043436,0.10452258586883545,0.6875,1,3
1,198,0.10780311201233418,0.13764387369155884,0.61328125,2,5
1,199,0.12370637769345195,0.16198891401290894,0.60546875,1,4
1,200,0.09920231311116369,0.10138040781021118,0.69140625,2,4
1,201,0.08641588687896729,0.08641588687896729,0.7421875,1,4
1,202,0.09837605617940427,0.10471630096435547,0.67578125,1,3
1,203,0.12166419508866967,0.15931475162506104,0.60546875,1,3
1,204,0.09940055664628746,0.12382745742797852,0.62109375,2,4
1,205,0.11909287981688978,0.13826656341552734,0.64453125,1,4
1,206,0.05755380366463215,0.13333731889724731,0.47265625,1,3
1,207,0.03789782524108887,0.03789782524108887,0.8203125,1,3
1,208,0.08208072558045389,0.13733768463134766,0.5390625,1,4
1,209,0.07170006597880275,0.15232545137405396,0.48828125,2,6
1,210,0.09666394721716644,0.12657785415649414,0.60546875,2,6
1,211,0.08029019832611084,0.08029019832611084,0.7734375,1,3
1,212,0.0701061832951382,0.15538686513900757,0.48046875,1,4
1,213,0.10167533159255981,0.10167533159255981,0.72265625,2,5
1,214,0.09419524110853673,0.12178778648376465,0.609375,1,4
1,215,0.09565657284110786,0.13025575876235962,0.59375,1,3
1,216,0.09272884437814356,0.1456354856491089,0.5546875,1,4
1,217,0.05068588489666582,0.16118741035461426,0.42578125,1,4
1,218,0.10335266625043006,0.1598687767982483,0.55859375,1,4
1,219,0.14588141371496025,0.17533165216445923,0.6328125,1,3
1,220,0.08214228227734567,0.13744068145751953,0.5390625,1,2
1,221,0.0838762780185789,0.11896026134490967,0.58203125,1,4
1,222,0.10824707220308484,0.16743957996368408,0.55859375,1,3
1,223,0.09430096403229983,0.10037857294082642,0.67578125,1,3
1,224,0.060219448059797294,0.14274239540100098,0.46875,1,3
1,225,0.075592041015625,0.075592041015625,0.7421875,1,3
1,226,0.11050193605478856,0.18796342611312866,0.53515625,1,3
1,227,0.08451385644730182,0.20507627725601196,0.46484375,1,3
1,228,0.09041562548372896,0.12150341272354126,0.59765625,1,4
1,229,0.08662166912108661,0.16068947315216064,0.515625,1,3
1,230,0.08107236237265171,0.1293116807937622,0.55078125,1,3
1,231,0.10121958656236531,0.14978158473968506,0.5703125,2,5
1,232,0.07419632945675404,0.11140328645706177,0.56640625,1,4
1,233,0.08803757303394379,0.11830770969390869,0.59765625,1,4
1,234,0.08522199280560018,0.12256646156311035,0.578125,1,3
1,235,0.04951794375665487,0.20953047275543213,0.39453125,1,4
1,236,0.0692439079284668,0.0692439079284668,0.7734375,1,3
1,237,0.05868907668627799,0.16155272722244263,0.4453125,2,5
1,238,0.09044281067326666,0.09061980247497559,0.69921875,1,4
1,239,0.08909761905670166,0.08909761905670166,0.7265625,1,4
1,240,0.08154308795928956,0.12425613403320312,0.5625,1,3
1,241,0.07831718679517509,0.14528405666351318,0.515625,1,3
1,242,0.09197208634577693,0.10925686359405518,0.63671875,1,3
1,243,0.10472619533538818,0.10472619533538818,0.703125,1,4
1,244,0.09244601335376502,0.13485002517700195,0.57421875,1,4
1,245,0.1315388530492783,0.13309860229492188,0.6953125,1,3
1,246,0.09692484140396118,0.09692484140396118,0.76953125,1,3
1,247,0.07253513776231559,0.13704055547714233,0.51171875,1,3
1,248,0.08443122892640532,0.13060057163238525,0.55859375,1,4
1,249,0.08332622935995461,0.13500958681106567,0.546875,1,3
1,250,0.09122454386670144,0.15517264604568481,0.53515625,1,3
1,251,0.11209462035913022,0.13964098691940308,0.62109375,1,4
1,252,0.11469316855072977,0.14829015731811523,0.609375,1,4
1,253,0.1032942719757557,0.10556221008300781,0.69140625,2,5
1,254,0.0846696523949504,0.08919930458068848,0.6796875,1,4
1,255,0.08994715218432249,0.13120496273040771,0.57421875,1,4
1,256,0.05452777119353414,0.07050055265426636,0.609375,2,5
1,257,0.0890054744668305,0.1465299129486084,0.54296875,1,4
1,258,0.07805333251599224,0.12449628114700317,0.55078125,1,4
1,259,0.11858489736914636,0.1331479549407959,0.65625,1,4
1,260,0.11658291763160379,0.1323513388633728,0.65234375,2,6
1,261,0.071817958727479,0.1876060962677002,0.453125,1,3
1,262,0.06431210041046143,0.06431210041046143,0.7578125,2,4
1,263,0.09506332874298096,0.09506332874298096,0.734375,1,4
1,264,0.08078474015928806,0.1374145746231079,0.53515625,1,3
1,265,0.08771842438727619,0.15172916650772095,0.53125,1,3
1,266,0.0,0.1855025291442871,0.20703125,2,4
1,267,0.062057316303253174,0.062057316303253174,0.80078125,1,3
1,268,0.089515233412385,0.12695789337158203,0.58203125,2,5
1,269,0.08701384905725719,0.09664011001586914,0.66015625,1,4
1,270,0.09523387695662679,0.13142788410186768,0.58984375,1,3
1,271,0.11083403765223922,0.1550465226173401,0.5859375,1,4
1,272,0.09040733985602857,0.10263538360595703,0.65234375,1,3
1,273,0.09641934034880252,0.10708612203598022,0.66015625,1,4
1,274,0.12340941303409637,0.13136303424835205,0.67578125,1,4
1,275,0.10769307136069985,0.12503141164779663,0.64453125,1,4
1,276,0.09762324276380242,0.11872470378875732,0.62890625,1,3
1,277,0.09078598022460938,0.09078598022460938,0.70703125,1,3
1,278,0.09703308844473214,0.1152690052986145,0.63671875,1,4
1,279,0.07944401353597642,0.14222145080566406,0.5234375,2,5
1,280,0.08627778291702272,0.1725555658340454,0.5,1,3
1,281,0.03719459730200471,0.18855082988739014,0.37890625,1,3
1,282,0.06168435141444207,0.17944538593292236,0.4375,1,4
1,283,0.09244223125278951,0.09943366050720215,0.671875,2,4
1,284,0.14098972082138064,0.17352581024169922,0.625,1,4
1,285,0.14457476139068604,0.14457476139068604,0.71484375,1,4
1,286,0.0881500244140625,0.0881500244140625,0.75,1,4
1,287,0.09973207954317333,0.11711657047271729,0.640625,1,4
1,288,0.0946034488733858,0.14633524417877197,0.55859375,1,3
1,289,0.0963004343211651,0.15360069274902344,0.55078125,1,4
1,290,0.1425988040864468,0.15022754669189453,0.6796875,1,3
1,291,0.10454237670637669,0.14427411556243896,0.58984375,2,5
1,292,0.0,0.1844610571861267,0.25390625,1,3
1,293,0.13621699204668405,0.16371619701385498,0.6328125,1,4
1,294,0.10629253368824722,0.12482059001922607,0.640625,2,5
1,295,0.09248542785644531,0.09248542785644531,0.71484375,1,3
1,296,0.0937339549418539,0.11265677213668823,0.6328125,1,3
2,290,0.12094598589465023,0.13288486003875732,0.6640625,1,3
2,171,0.1329865239094943,0.16979825496673584,0.61328125,2,5
2,297,0.0733839785680175,0.1361325979232788,0.515625,1,2
2,298,0.07145662594120951,0.202131450176239,0.44140625,1,3
2,299,0.09395789913833143,0.11704730987548828,0.62109375,1,4
2,300,0.10896001767832787,0.11844485998153687,0.66796875,2,4
2,301,0.10387956723570825,0.14145302772521973,0.59375,3,5
2,302,0.04457761370576919,0.15115058422088623,0.41796875,1,3
2,303,0.08229202032089233,0.08229202032089233,0.70703125,1,3
2,304,0.11863195686601104,0.17304718494415283,0.57421875,2,5
2,305,0.09342684922739865,0.1538088321685791,0.54296875,1,4
2,306,0.07973887212574483,0.13792669773101807,0.53125,1,3
2,307,0.08076946996152402,0.13970935344696045,0.53125,2,5
2,308,0.10861682984977962,0.1630845069885254,0.56640625,1,4
2,309,0.10271409782581033,0.1249159574508667,0.62890625,2,5
2,310,0.0,0.17617684602737427,0.21875,1,4
2,311,0.13583858497440818,0.18497169017791748,0.59375,2,5
2,312,0.10689239227212967,0.14178472757339478,0.6015625,2,5
2,313,0.10760935046710075,0.11697661876678467,0.66796875,2,4
2,314,0.08972586225718261,0.12904393672943115,0.578125,1,4
2,315,0.09441979951225223,0.12363922595977783,0.60546875,1,3
2,316,0.09963888558559121,0.11975377798080444,0.6328125,2,5
2,317,0.09180403966456653,0.12021398544311523,0.60546875,1,4
2,318,0.0,0.17695832252502441,0.22265625,1,3
2,319,0.07704796688631178,0.12891685962677002,0.5390625,2,4
2,320,0.11187601089477539,0.11187601089477539,0.7265625,1,4
2,321,0.06713965092785658,0.1369541883468628,0.49609375,2,5
2,322,0.029701747000217445,0.1434650421142578,0.3828125,1,3
2,323,0.09674036502838135,0.09674036502838135,0.703125,2,5
2,324,0.13462741021066907,0.1463465690612793,0.66796875,1,2
2,325,0.0,0.18467772006988525,0.23828125,1,4
2,326,0.04225531336851419,0.15343773365020752,0.41015625,1,3
2,327,0.0,0.17054897546768188,0.29296875,1,2
2,328,0.07855456764809789,0.12337404489517212,0.5546875,1,3
2,329,0.06056571006774902,0.06056571006774902,0.77734375,1,1
2,330,0.06631669099442662,0.14088857173919678,0.48828125,3,6
2,331,0.09639321919530631,0.12462961673736572,0.609375,1,4
2,332,0.07803875114768745,0.14743852615356445,0.51171875,1,2
2,333,0.08284954307600857,0.12085175514221191,0.57421875,1,3
2,334,0.07398325088433923,0.1348022222518921,0.51953125,1,3
2,335,0.09136326797306539,0.11521673202514648,0.6171875,1,4
2,336,0.10813475959002973,0.12845706939697266,0.63671875,1,4
2,337,0.12396094202995302,0.18343353271484375,0.5703125,1,4
2,338,0.1263493299484253,0.1263493299484253,0.75,2,6
2,339,0.13903359556570652,0.1578385829925537,0.65234375,1,4
2,340,0.06745032058097424,0.13758790493011475,0.49609375,1,3
2,341,0.07990034390240909,0.12945878505706787,0.546875,1,3
2,342,0.09775854274630548,0.11479902267456055,0.640625,1,3
2,343,0.08544237934984268,0.1406639814376831,0.54296875,2,5
2,344,0.07926630973815918,0.07926630973815918,0.80078125,1,2
2,345,0.10299116419628264,0.12830042839050293,0.62109375,1,1
2,346,0.08268877607770266,0.1383550763130188,0.5390625,2,3
2,347,0.08304643630981445,0.08304643630981445,0.71875,1,2
2,348,0.11985232890583576,0.14237678050994873,0.63671875,1,4
2,349,0.08879599417559804,0.1295257806777954,0.57421875,1,4
2,350,0.07524472405202688,0.19166815280914307,0.45703125,2,4
2,351,0.1341761103831232,0.16714882850646973,0.62109375,1,4
2,352,0.09863983327522875,0.12753432989120483,0.609375,2,5
2,353,0.0033660922199487734,0.1566762924194336,0.30859375,1,2
2,354,0.10945446859113873,0.12025898694992065,0.6640625,3,6
2,219,0.1326596271246672,0.17151951789855957,0.609375,1,3
2,285,0.12381351366639139,0.12780749797821045,0.6875,1,4
2,355,0.08120899344794454,0.12017053365707397,0.5703125,1,4
2,356,0.049900963203981526,0.14115631580352783,0.44140625,1,3
2,357,0.03845423739403487,0.14476889371871948,0.40625,1,3
2,358,0.07396380789577962,0.1372082233428955,0.515625,1,3
2,359,0.09847916080616416,0.1257389783859253,0.61328125,2,5
2,360,0.09506349940784277,0.09524953365325928,0.69921875,1,3
2,361,0.058156484737992294,0.17937421798706055,0.4296875,2,5
2,362,0.03799551725387573,0.03799551725387573,0.84375,2,5
2,363,0.058023929595947266,0.058023929595947266,0.7890625,2,5
2,364,0.06381155247800054,0.12517821788787842,0.50390625,2,4
2,365,0.07504919439088555,0.1367444396018982,0.51953125,1,2
2,366,0.08742483612149955,0.12936854362487793,0.5703125,1,4
2,367,0.03906396217644215,0.14706432819366455,0.40625,1,3
2,368,0.10970145603641869,0.1418362259864807,0.609375,1,3
2,369,0.09344834648072721,0.1255788803100586,0.59765625,1,3
2,370,0.09105617250315846,0.11923468112945557,0.60546875,1,2
2,371,0.1114216889254749,0.13084381818771362,0.640625,1,3
2,372,0.07241154043003918,0.15383696556091309,0.48828125,1,4
2,373,0.1084783219266683,0.11792123317718506,0.66796875,2,3
2,374,0.07713205716572703,0.17869508266448975,0.47265625,1,3
2,375,0.0,0.17555010318756104,0.2265625,1,2
2,376,0.0933609821368009,0.12884318828582764,0.58984375,1,2
2,377,0.06849755602888764,0.13437068462371826,0.50390625,1,3
2,378,0.07795580103993417,0.11878979206085205,0.5625,2,4
2,379,0.08165027480572463,0.1412329077720642,0.53125,2,5
2,380,0.09830853436142208,0.1434016227722168,0.57421875,1,4
2,381,0.06742894672788681,0.14325153827667236,0.48828125,1,3
2,382,0.09190605604089798,0.10917842388153076,0.63671875,1,3
2,383,0.08127024513669313,0.14299094676971436,0.52734375,2,5
2,384,0.07334840297698975,0.07334840297698975,0.703125,1,3
2,385,0.0,0.17595314979553223,0.265625,1,4
2,386,0.11546838283538818,0.11546838283538818,0.703125,1,3
2,387,0.09426321834325792,0.13750076293945312,0.57421875,1,3
2,388,0.08173026586882771,0.11591660976409912,0.58203125,2,5
2,389,0.08936862368136646,0.11702489852905273,0.60546875,1,4
2,390,0.09951299428939821,0.12247753143310547,0.625,1,4
2,391,0.08623307151719929,0.10874712467193604,0.6171875,1,4
2,392,0.09681153483688833,0.12517046928405762,0.609375,1,3
2,393,0.06516542064491661,0.15097147226333618,0.47265625,3,5
2,394,0.10146366921253504,0.12954962253570557,0.61328125,1,3
2,395,0.08525455626659097,0.10885369777679443,0.61328125,2,5
2,396,0.10007318295538427,0.12777423858642578,0.61328125,1,2
2,397,0.12010681629180908,0.12010681629180908,0.703125,1,4
2,398,0.1125151515007019,0.1125151515007019,0.70703125,2,5
2,399,0.0,0.20374953746795654,0.1640625,1,2
2,400,0.07727162854280324,0.15158265829086304,0.50390625,2,4
2,401,0.032842278480529785,0.032842278480529785,0.8359375,1,3
2,402,0.06516408920288086,0.06516408920288086,0.8125,1,4
2,403,0.06532764807343484,0.15485072135925293,0.46875,1,3
2,404,0.08988425426650794,0.1067766547203064,0.63671875,1,4
2,405,0.09951112256385387,0.13030612468719482,0.60546875,1,2
2,406,0.07922540407162161,0.139393150806427,0.52734375,1,3
2,407,0.05353619903326035,0.13984966278076172,0.453125,1,3
2,408,0.07529779721517117,0.1477106213569641,0.50390625,1,3
2,409,0.07562093855813147,0.14555609226226807,0.5078125,1,4
2,410,0.08493591612204911,0.10981613397598267,0.609375,1,3
2,411,0.07774494262412192,0.12596648931503296,0.546875,1,3
2,412,0.10465306835249068,0.15051227807998657,0.578125,1,3
2,413,0.07836973655503245,0.12902027368545532,0.54296875,1,3
2,414,0.03898912202566863,0.14678257703781128,0.40625,1,3
2,415,0.12376429978758098,0.15607714653015137,0.6171875,1,4
2,416,0.08561929292045535,0.1324383020401001,0.55859375,1,2
2,417,0.060569982975721366,0.15822362899780273,0.453125,1,3
2,418,0.079960766248405,0.15390944480895996,0.5078125,1,2
2,419,0.06338887847959997,0.14360666275024414,0.4765625,1,2
2,420,0.08565332158468665,0.1121598482131958,0.60546875,2,5
2,421,0.08822239027358593,0.0892685055732727,0.6953125,1,3
2,422,0.08455466572195293,0.1369999647140503,0.546875,2,5
2,423,0.11268687993288042,0.13869154453277588,0.625,1,4
2,424,0.07852646545507015,0.1252509355545044,0.55078125,1,3
2,425,0.0710083991289139,0.15085601806640625,0.48828125,1,3
2,426,0.08786513749510051,0.11218690872192383,0.61328125,1,3
2,427,0.10607821284793319,0.12042582035064697,0.65234375,1,2
2,428,0.10123233473859729,0.11621290445327759,0.6484375,2,5
2,429,0.1030330819776282,0.18773287534713745,0.51953125,2,4
2,430,0.06288068322464825,0.1282665729522705,0.49609375,2,4
2,431,0.08523623063229026,0.21184927225112915,0.4609375,2,5
2,432,0.03560194512829185,0.14466822147369385,0.3984375,1,3
2,433,0.0869629012886435,0.12165302038192749,0.5859375,1,4
2,434,0.09240406355820598,0.10607820749282837,0.6484375,1,3
2,435,0.07275758660398425,0.1374608278274536,0.51171875,1,1
2,436,0.07549667987041177,0.13283264636993408,0.52734375,1,3
2,437,0.07484043040312828,0.16955000162124634,0.4765625,1,2
2,438,0.07054186589084567,0.2391883134841919,0.41796875,2,4
2,439,0.14111691608559343,0.16383641958236694,0.64453125,2,5
2,440,0.12036255165003241,0.16837602853775024,0.5859375,1,3
2,441,0.07020807266235352,0.07020807266235352,0.80078125,2,4
2,442,0.08775946218520404,0.1195022463798523,0.59375,1,3
3,339,0.134750671684742,0.14648056030273438,0.66796875,1,4
3,311,0.13277184776961806,0.18323230743408203,0.58984375,2,5
3,443,0.03355066699441523,0.13112932443618774,0.40234375,2,4
3,444,0.07084258925169708,0.11478292942047119,0.546875,3,5
3,445,0.1159462700597942,0.16675418615341187,0.578125,1,2
3,446,0.06656159344129266,0.11322104930877686,0.53515625,1,2
3,447,0.09722351701930167,0.09741377830505371,0.69921875,2,4
3,448,0.07514370977878572,0.10657501220703125,0.58203125,1,2
3,449,0.061995828291401274,0.13170897960662842,0.48828125,1,2
3,450,0.08470133366063239,0.12181764841079712,0.578125,1,2
3,451,0.10337786120362581,0.12002146244049072,0.64453125,2,6
3,452,0.09691611421294512,0.11786472797393799,0.62890625,1,1
3,453,0.09531699749641122,0.11066281795501709,0.64453125,3,5
3,454,0.01782830536831171,0.14964085817337036,0.34765625,2,5
3,455,0.09405396878719331,0.27361154556274414,0.4375,2,5
3,456,0.09957609931007029,0.1143115758895874,0.6484375,3,7
3,457,0.06802541401702912,0.11199039220809937,0.54296875,1,2
3,458,0.0647460767067969,0.12010866403579712,0.515625,1,2
3,459,0.10044684691820295,0.10474294424057007,0.68359375,1,2
3,460,0.03877168404869736,0.14078795909881592,0.41015625,3,6
3,461,0.11165510071441534,0.189924955368042,0.53515625,2,4
3,462,0.08032960875425489,0.09326249361038208,0.64453125,1,2
3,463,0.0958971476648003,0.14190560579299927,0.5703125,1,4
3,464,0.10208525694906713,0.10537832975387573,0.6875,1,2
3,465,0.08401302923448385,0.08942759037017822,0.67578125,1,2
3,466,0.02820006478577853,0.13621163368225098,0.3828125,1,2
3,467,0.08940217550843955,0.12014150619506836,0.59765625,3,6
3,468,0.07168671733234079,0.07475274801254272,0.68359375,1,2
3,469,0.0,0.1692982316017151,0.234375,2,4
3,470,0.08926733559928836,0.14019900560379028,0.5546875,2,4
3,471,0.07942183397244663,0.28839701414108276,0.41015625,2,5
3,472,0.08687054156325759,0.1232069730758667,0.58203125,2,5
3,473,0.07358111406210811,0.12516123056411743,0.53515625,1,1
3,474,0.10117444349452855,0.11881035566329956,0.640625,2,5
3,475,0.052285969257354736,0.052285969257354736,0.77734375,4,8
3,476,0.0757583947852254,0.12274777889251709,0.546875,1,3
3,477,0.07412433298304678,0.14004302024841309,0.51171875,2,5
3,478,0.07591799623332919,0.1107407808303833,0.57421875,4,8
3,479,0.05106148170307279,0.12691009044647217,0.4609375,3,6
3,480,0.0936915152706206,0.1310657262802124,0.5859375,2,4
3,481,0.046726548811420805,0.13217675685882568,0.44140625,4,7
3,482,0.08623309456743301,0.17590177059173584,0.49609375,2,4
3,483,0.06608190014958383,0.1143038272857666,0.53125,3,5
3,484,0.13958787545561793,0.20075559616088867,0.578125,1,3
3,485,0.0748509829863906,0.11238622665405273,0.56640625,1,3
3,486,0.052001118659973145,0.052001118659973145,0.8046875,1,2
3,487,0.07568676886148752,0.10734522342681885,0.58203125,2,2
3,488,0.07004890451207758,0.08726286888122559,0.62109375,1,4
3,489,0.06803572177886963,0.06803572177886963,0.78125,1,4
3,490,0.06877397024072708,0.10969555377960205,0.55078125,2,4
3,491,0.1048029223456979,0.14864015579223633,0.58203125,1,2
3,492,0.08487400319427253,0.10973608493804932,0.609375,1,2
3,493,0.08383889682590963,0.0973367691040039,0.64453125,2,5
3,494,0.0,0.15174973011016846,0.26953125,1,2
3,495,0.07195899658836426,0.11846625804901123,0.54296875,3,6
3,496,0.08168712537735702,0.09592616558074951,0.640625,1,2
3,497,0.0772668980062008,0.11774003505706787,0.5625,1,2
3,498,0.0759270857088268,0.07682740688323975,0.6953125,3,4
3,439,0.10134211275726558,0.1478266716003418,0.57421875,2,5
3,324,0.13187519204802814,0.14335477352142334,0.66796875,1,2
3,499,0.05722081661224365,0.05722081661224365,0.75,1,2
3,500,0.052548071136698134,0.13385379314422607,0.45703125,1,2
3,501,0.0602067243307829,0.14271223545074463,0.46875,1,2
3,502,0.08262928272597493,0.11403286457061768,0.58984375,1,2
3,503,0.09591545979492368,0.09802138805389404,0.69140625,1,3
3,504,0.08365386724472046,0.08365386724472046,0.71484375,2,5
3,505,0.07079847203567625,0.1095130443572998,0.55859375,1,4
3,506,0.07428883388638498,0.11491203308105469,0.55859375,2,3
3,507,0.08344644773751499,0.10029244422912598,0.6328125,1,3
3,508,0.10427586175501348,0.11456918716430664,0.6640625,1,4
3,509,0.07472806109581144,0.11919242143630981,0.55078125,1,4
3,510,0.06543996185064317,0.11715126037597656,0.5234375,1,3
3,511,0.08872316963970663,0.09748125076293945,0.6640625,2,6
3,512,0.10163791198283435,0.10932481288909912,0.671875,1,4
3,513,0.10033177700825037,0.10052812099456787,0.69921875,2,4
3,514,0.09300687164068223,0.10442876815795898,0.65625,1,2
3,515,0.08173195773269983,0.10702496767044067,0.60546875,1,4
3,516,0.0775774158537388,0.11479663848876953,0.5703125,1,3
3,517,0.059748681960627444,0.12187778949737549,0.49609375,2,3
3,518,0.08891669986769558,0.12970185279846191,0.57421875,1,3
3,519,0.09140801243484022,0.1212458610534668,0.6015625,2,5
3,520,0.08037884463556112,0.10262835025787354,0.61328125,2,3
3,521,0.1061907436233014,0.13558518886566162,0.61328125,1,3
3,522,0.05951278470456601,0.12911248207092285,0.484375,1,2
3,523,0.07452746259514244,0.11887246370315552,0.55078125,1,2
3,524,0.07540408521890642,0.1635885238647461,0.484375,2,5
3,525,0.000347137451171875,0.000347137451171875,0.99609375,2,3
3,526,0.09016462648287417,0.1703479290008545,0.51171875,1,3
3,527,0.07319753849878909,0.1224743127822876,0.5390625,2,7
3,528,0.06841382384300233,0.13682764768600464,0.5,1,2
3,529,0.1661921315826476,0.19516140222549438,0.640625,3,7
3,530,0.07185177714563908,0.10632401704788208,0.5703125,1,3
3,531,0.09339471347630025,0.10486423969268799,0.65625,2,5
3,532,0.004507720470428467,0.004507720470428467,0.94921875,1,2
3,533,0.08140894095413388,0.344474196434021,0.39453125,1,3
3,534,0.0229256262537092,0.14491260051727295,0.36328125,1,3
3,535,0.10371370241045953,0.11906147003173828,0.6484375,2,4
3,536,0.07242017833050342,0.08221536874771118,0.65234375,1,2
3,537,0.07722335995640607,0.12317246198654175,0.55078125,1,4
3,538,0.07487079687416555,0.11408883333206177,0.5625,2,3
3,539,0.08913155086338521,0.15417349338531494,0.53125,1,3
3,540,0.07304799556732178,0.07304799556732178,0.73046875,1,3
3,541,0.1111799366772175,0.15989923477172852,0.578125,2,4
3,542,0.08196780458092691,0.15205621719360352,0.515625,2,6
3,543,0.03864913526922465,0.14550262689590454,0.40625,1,3
3,544,0.09553389251232149,0.11758017539978027,0.625,1,1
3,545,0.07435798645019533,0.14871597290039062,0.5,2,3
3,546,0.08255896461196245,0.12770450115203857,0.55859375,1,4
3,547,0.08278325479477645,0.1070328950881958,0.609375,1,2
3,548,0.09913671016693115,0.09913671016693115,0.703125,1,4
3,549,0.08250990696251394,0.10278606414794922,0.62109375,1,3
3,550,0.0868036448955536,0.13632965087890625,0.5546875,2,4
3,551,0.09112675581127407,0.11491847038269043,0.6171875,1,2
3,552,0.11292287334799768,0.13898199796676636,0.625,1,3
3,553,0.02266925573348999,0.02266925573348999,0.86328125,1,4
3,554,0.023675149306654937,0.14094972610473633,0.3671875,2,4
3,555,0.12297726050019266,0.2612628936767578,0.48828125,1,3
3,556,0.09241231193300338,0.12753397226333618,0.58984375,1,4
3,557,0.06256181176286192,0.1873195767402649,0.43359375,1,3
3,558,0.1218318808823824,0.13104605674743652,0.671875,1,3
3,559,0.0951918363571167,0.0951918363571167,0.73046875,1,2
3,560,0.08088035928085448,0.183233380317688,0.4765625,2,5
3,561,0.08493228245060892,0.100894033908844,0.63671875,1,3
3,562,0.08373132091946901,0.11555373668670654,0.58984375,1,3
3,563,0.11122152442112566,0.12352585792541504,0.66015625,1,4
3,564,0.09278999408707024,0.10652124881744385,0.6484375,2,3
3,565,0.023571267724037177,0.14033126831054688,0.3671875,1,2
3,566,0.07494178041815759,0.21801245212554932,0.4375,1,1
3,567,0.07597746688406916,0.12118524312973022,0.55078125,1,2
3,568,0.10712854517623784,0.10733819007873535,0.69921875,1,3
3,569,0.08634094963781537,0.12776464223861694,0.5703125,1,4
3,570,0.11172578390687705,0.12683725357055664,0.65234375,1,3
3,571,0.0729210040299222,0.12005001306533813,0.54296875,1,3
3,572,0.1133900322020054,0.1447772979736328,0.61328125,1,4
3,573,0.08687762590125205,0.09444022178649902,0.66796875,1,3
3,574,0.09933563286904247,0.1208072304725647,0.62890625,1,3
3,575,0.12275047367438675,0.13203412294387817,0.671875,2,5
3,576,0.05876633571460844,0.15351206064224243,0.453125,1,3
3,577,0.0939252767711878,0.12143874168395996,0.609375,1,3
3,578,0.08096022892277689,0.08442288637161255,0.68359375,1,2
3,579,0.014814496040344238,0.014814496040344238,0.90234375,2,6
3,580,0.0649876855313778,0.11634159088134766,0.5234375,2,2
3,581,0.09115630597807468,0.13686811923980713,0.56640625,2,5
3,582,0.07058355398476125,0.16730916500091553,0.46875,1,2
3,583,0.1048111477866769,0.12168550491333008,0.64453125,2,6
3,584,0.12415801361203195,0.1394054889678955,0.65625,2,4
3,585,0.10508708236739041,0.15550458431243896,0.5703125,2,6
3,586,0.09415613638702781,0.14137226343154907,0.56640625,1,2
3,587,0.10940234421286733,0.16922658681869507,0.55859375,2,5
3,588,0.06890201289206745,0.12781822681427002,0.515625,1,2
4,521,0.1277650140691549,0.13888680934906006,0.66796875,1,3
4,509,0.07232032855972649,0.12946856021881104,0.5234375,1,4
4,589,0.07679925556294621,0.12249600887298584,0.55078125,1,3
4,590,0.041067302227020264,0.041067302227020264,0.80859375,1,2
4,591,0.11526887223590167,0.12019890546798706,0.68359375,1,2
4,592,0.08836638391949238,0.14785486459732056,0.5390625,1,3
4,593,0.07563993986696006,0.12255585193634033,0.546875,1,3
4,594,0.08085054461844267,0.12506186962127686,0.55859375,1,4
4,595,0.07627429021522404,0.12557053565979004,0.54296875,1,4
4,596,0.11787652969360352,0.11787652969360352,0.73828125,2,5
4,597,0.06436526775360107,0.06436526775360107,0.72265625,1,4
4,598,0.09057714883238079,0.11015558242797852,0.62890625,1,4
4,599,0.051959872245788574,0.051959872245788574,0.81640625,1,3
4,600,0.11072245147079231,0.1178584098815918,0.67578125,1,2
4,601,0.05861227028071881,0.13278532028198242,0.4765625,1,2
4,602,0.06257504224777222,0.06257504224777222,0.734375,1,3
4,603,0.08368775434792043,0.12752419710159302,0.5625,1,4
4,604,0.10087086749263109,0.11711084842681885,0.64453125,1,1
4,605,0.10313088155817242,0.1350460648536682,0.60546875,2,5
4,606,0.07683143054600806,0.12254732847213745,0.55078125,1,3
4,607,0.06597590446472168,0.06597590446472168,0.734375,1,3
4,608,0.07470356021076442,0.1292169690132141,0.53125,1,4
4,609,0.08503568172454834,0.08503568172454834,0.703125,1,3
4,610,0.09629184845834972,0.14248967170715332,0.5703125,1,2
4,611,0.0815420155413449,0.11253237724304199,0.58984375,2,4
4,612,0.012166857719421387,0.012166857719421387,0.90234375,1,2
4,613,0.051959872245788574,0.051959872245788574,0.81640625,1,3
4,614,0.07682974892668427,0.12254464626312256,0.55078125,1,3
4,484,0.1453291161451489,0.20611774921417236,0.58203125,1,3
4,311,0.1244518590392545,0.18153661489486694,0.57421875,2,5
4,615,0.06743848090991379,0.12980639934539795,0.5078125,1,1
4,616,0.1291931458981708,0.12944597005844116,0.69921875,3,7
4,617,0.08332004444673659,0.11655700206756592,0.5859375,2,5
4,618,0.10219897516071798,0.12001347541809082,0.640625,2,5
4,619,0.024137325701303784,0.15257173776626587,0.36328125,1,3
4,620,0.10584771633148193,0.10584771633148193,0.765625,3,5
4,621,0.09283419745042922,0.14580094814300537,0.5546875,2,5
4,622,0.11218644585460426,0.13174188137054443,0.640625,2,3
4,623,0.09294335544109346,0.12656116485595703,0.59375,2,3
4,624,0.11089588212780656,0.11333072185516357,0.69140625,2,5
4,625,0.0,0.16463184356689453,0.140625,2,6
4,626,0.09819612454157324,0.1253775954246521,0.61328125,3,6
4,627,0.12893932778388265,0.15141499042510986,0.640625,3,5
4,628,0.028053827583789832,0.1496204137802124,0.375,1,1
4,629,0.08018988592084499,0.12790411710739136,0.55078125,1,1
4,630,0.10534640459809454,0.10765939950942993,0.69140625,2,4
4,631,0.11582437716424467,0.15771830081939697,0.59375,2,4
4,632,0.09857780404854567,0.11444860696792603,0.64453125,2,5
4,633,0.08362511964514853,0.12026983499526978,0.578125,1,3
4,634,0.07682982366532089,0.12254476547241211,0.55078125,1,3
4,635,0.12036914564669134,0.12425202131271362,0.6875,2,3
4,636,0.11590673681348564,0.11845159530639648,0.69140625,2,5
4,637,0.040734100621193654,0.16552269458770752,0.3984375,2,4
4,638,0.1149587631225586,0.1149587631225586,0.734375,2,4
4,639,0.05600941181182861,0.05600941181182861,0.80078125,1,1
4,640,0.0862278873100877,0.11009645462036133,0.61328125,2,3
4,641,0.12971210479736328,0.12971210479736328,0.7265625,1,1
4,642,0.07859624130651356,0.10291886329650879,0.60546875,1,1
4,643,0.08688406390137972,0.1364559531211853,0.5546875,3,6
4,644,0.11587703227996826,0.11587703227996826,0.71875,2,4
4,645,0.12650699773803356,0.14855867624282837,0.640625,2,4
4,646,0.0,0.1884961724281311,0.125,2,4
4,647,0.05662643909454346,0.05662643909454346,0.78125,1,3
4,648,0.08416974509600551,0.11937648057937622,0.58203125,1,2
4,649,0.10648303572088481,0.14895987510681152,0.5859375,2,4
4,650,0.09185128682292999,0.1302710771560669,0.58203125,2,6
4,651,0.09086613322142513,0.11898583173751831,0.60546875,3,5
4,652,0.057451844215393066,0.057451844215393066,0.7890625,1,0
4,653,0.036196231376379735,0.14146924018859863,0.40234375,1,2
4,654,0.079328206833452,0.12458908557891846,0.5546875,1,1
4,655,0.10712193767540158,0.13027656078338623,0.62890625,2,5
4,656,0.08113887067884208,0.1427597999572754,0.52734375,1,2
4,657,0.06885077920742334,0.1232573390007019,0.5234375,3,5
4,658,0.0631847893819213,0.13423490524291992,0.48828125,2,5
4,659,0.08761700056493284,0.13975048065185547,0.55078125,1,2
4,529,0.1778136086650193,0.1953660249710083,0.6640625,3,7
4,339,0.14833457767963412,0.15311956405639648,0.6875,1,4
4,660,0.10113978013396265,0.13772225379943848,0.59375,1,4
4,661,0.0022296905517578125,0.0022296905517578125,0.9453125,1,2
4,662,0.0018054801039397762,0.15406763553619385,0.3046875,2,3
4,663,0.09051289432682098,0.12163412570953369,0.59765625,1,3
4,664,0.09734860807657243,0.1805887222290039,0.515625,1,3
4,665,0.12351294653490187,0.1301206350326538,0.6796875,1,3
4,666,0.09652762766927482,0.13882625102996826,0.578125,1,3
4,667,0.10080692102201284,0.14917093515396118,0.5703125,3,8
4,668,0.08281997311860324,0.15363705158233643,0.515625,1,2
4,669,0.08721742592751981,0.15086257457733154,0.53125,1,2
4,670,0.019784346106462184,0.14267021417617798,0.35546875,2,5
4,671,0.13290452957153323,0.1400146484375,0.6796875,2,5
4,672,0.06926395976915957,0.21363341808319092,0.4296875,1,2
4,673,0.1162523627281189,0.1162523627281189,0.71484375,2,4
4,674,0.05209141969680786,0.05209141969680786,0.81640625,3,4
4,675,0.10580849647521973,0.10580849647521973,0.70703125,1,2
4,676,0.1341819581575692,0.14586234092712402,0.66796875,3,7
4,677,0.12047678232192993,0.12047678232192993,0.7109375,2,5
4,678,0.055607446935027845,0.1349337100982666,0.46484375,3,4
4,679,0.11817167559638621,0.13124489784240723,0.66015625,2,4
4,680,0.042157649993896484,0.042157649993896484,0.8125,1,2
4,681,0.08340847562067212,0.08787065744400024,0.6796875,1,2
4,682,0.054901123046875,0.054901123046875,0.734375,1,3
4,683,0.09833295084536077,0.10150498151779175,0.6875,1,3
4,684,0.06477370485663415,0.06686317920684814,0.6875,1,2
4,685,0.10167224681936206,0.129815936088562,0.61328125,1,3
4,686,0.11113765044137837,0.13357388973236084,0.6328125,1,4
4,687,0.07981144264340402,0.12161743640899658,0.5625,1,2
4,688,0.11471077613532545,0.118411123752594,0.6875,1,4
4,689,0.013155279681086545,0.18709731101989746,0.328125,1,2
4,690,0.1484007393009961,0.15016043186187744,0.6953125,3,7
4,691,0.06235706806182861,0.06235706806182861,0.765625,1,3
4,692,0.07709459064062686,0.12692099809646606,0.54296875,1,3
4,693,0.02507305145263672,0.02507305145263672,0.84375,1,3
4,694,0.11015536263585092,0.12368321418762207,0.65625,1,2
4,695,0.23678396549075845,0.2879652976989746,0.62890625,3,6
4,696,0.07610680512152614,0.12529480457305908,0.54296875,2,4
4,697,0.12269111000932754,0.12538492679595947,0.69140625,1,2
4,698,0.09602047945372762,0.18141138553619385,0.51171875,4,9
4,699,0.1247247918508947,0.13703668117523193,0.6640625,1,3
4,700,0.08425679511856289,0.14824563264846802,0.52734375,1,3
4,701,0.09451058018021287,0.11359018087387085,0.6328125,1,3
4,702,0.02660284191370011,0.1418818235397339,0.375,3,5
4,703,0.0821918696165085,0.13752365112304688,0.5390625,2,3
4,704,0.0811511278152466,0.09987831115722656,0.625,2,4
4,705,0.08262319350615145,0.09484994411468506,0.6484375,1,2
4,706,0.08952177967876197,0.1660693883895874,0.515625,1,2
4,707,0.08946648822166027,0.11715304851531982,0.60546875,1,1
4,708,0.033344541676342494,0.14717590808868408,0.390625,1,2
4,709,0.10960328427609058,0.13994234800338745,0.61328125,1,2
4,710,0.09707033634185791,0.09707033634185791,0.72265625,1,2
4,711,0.07591121504083277,0.11922252178192139,0.5546875,2,2
4,712,0.11515560699626805,0.12652289867401123,0.6640625,2,5
4,713,0.06663357897195966,0.11723846197128296,0.52734375,2,5
4,714,0.08864104747772217,0.08864104747772217,0.76171875,1,3
4,715,0.10529077053070068,0.10529077053070068,0.77734375,1,2
4,716,0.09707272052764893,0.09707272052764893,0.734375,1,3
4,717,0.09977070218883456,0.12133634090423584,0.62890625,1,2
4,718,0.07322920626029374,0.22586357593536377,0.4296875,1,2
4,719,0.09242071583867074,0.12584948539733887,0.59375,2,5
4,720,0.04103076457977295,0.04103076457977295,0.83203125,2,4
4,721,0.12248692265711726,0.13314926624298096,0.66796875,3,7
4,722,0.10192312672734262,0.13878893852233887,0.59375,1,3
4,723,0.006697893142700195,0.006697893142700195,0.92578125,2,3
4,724,0.04627735354006291,0.1309061050415039,0.44140625,2,2
4,725,0.11734584812074901,0.12362360954284668,0.6796875,2,4
4,726,0.07781480764970185,0.1168363094329834,0.56640625,1,2
4,727,0.11723268032073975,0.11723268032073975,0.7265625,2,5
4,728,0.12465092958882452,0.14981520175933838,0.6328125,2,5
4,729,0.08388516888953747,0.14268839359283447,0.53515625,3,7
4,730,0.12029732414521278,0.13217216730117798,0.6640625,2,5
4,731,0.06371439923532309,0.14760982990264893,0.47265625,1,2
4,732,0.09074404614511879,0.1362491250038147,0.56640625,1,2
5,596,0.10438665281981231,0.1122814416885376,0.671875,2,5
5,591,0.10467519890516998,0.11753004789352417,0.65625,1,2
5,733,0.10755950317252429,0.1277737021446228,0.63671875,1,1
5,734,0.1005685329437256,0.14068603515625,0.5859375,2,5
5,735,0.0723773881327361,0.12110203504562378,0.5390625,1,1
5,736,0.004377126693725586,0.004377126693725586,0.9453125,1,1
5,737,0.06114701554179193,0.23020052909851074,0.40625,2,5
5,738,0.09454456926323475,0.12071526050567627,0.61328125,3,5
5,739,0.07037012767978014,0.15597188472747803,0.48046875,1,1
5,740,0.07236748491413893,0.12108546495437622,0.5390625,1,3
5,741,0.10820904280990364,0.1242220401763916,0.6484375,1,2
5,742,0.1051036915741861,0.13093209266662598,0.62109375,2,5
5,743,0.08784060878679158,0.16295069456100464,0.515625,2,3
5,744,0.0723590422421694,0.12107133865356445,0.5390625,3,6
5,745,0.07412865478545429,0.12403225898742676,0.5390625,1,1
5,746,0.08426411019172521,0.10247796773910522,0.62890625,1,2
5,747,0.0659104387741536,0.14002549648284912,0.48828125,1,2
5,748,0.06751441152300687,0.12301558256149292,0.51953125,2,2
5,749,0.06123069534078241,0.0645064115524292,0.6796875,2,4
5,750,0.050870537757873535,0.050870537757873535,0.7734375,1,3
5,751,0.009477793471887713,0.15653645992279053,0.32421875,1,0
5,752,0.09714250266551973,0.11956000328063965,0.625,1,3
5,753,0.09704186907038094,0.1152794361114502,0.63671875,1,1
5,754,0.08380096242763103,0.1643911600112915,0.50390625,2,5
5,755,0.0723716171924025,0.12109237909317017,0.5390625,3,6
5,756,0.10697472759056838,0.14007943868637085,0.60546875,3,5
5,757,0.10040746373124422,0.10470187664031982,0.68359375,2,3
5,758,0.0718845664523542,0.16653800010681152,0.47265625,2,5
5,759,0.09032267332077026,0.09032267332077026,0.71484375,1,1
5,760,0.09522989916149528,0.11312693357467651,0.63671875,1,2
5,761,0.10442807595245542,0.15232813358306885,0.57421875,2,5
5,762,0.0822051267605275,0.12342822551727295,0.56640625,1,1
5,763,0.07882153987884523,0.15764307975769043,0.5,1,2
5,764,0.05528581142425537,0.05528581142425537,0.76953125,1,1
5,765,0.003675731131806975,0.1710885763168335,0.30859375,1,2
5,766,0.07237001415342094,0.12108969688415527,0.5390625,1,2
5,484,0.14767816383391622,0.19588398933410645,0.6015625,1,3
5,641,0.10246463771909477,0.12032544612884521,0.640625,1,1
5,767,0.08201194158755244,0.09521567821502686,0.64453125,1,1
5,768,0.07108595198951663,0.1295231580734253,0.51953125,1,1
5,769,0.07967059314250947,0.1477947235107422,0.515625,2,4
5,770,0.0,0.18746137619018555,0.13671875,3,6
5,771,0.07839697971940042,0.10136175155639648,0.609375,2,5
5,772,0.0,0.19286727905273438,0.13671875,1,2
5,773,0.107279593590647,0.12178969383239746,0.65234375,1,1
5,774,0.0,0.164398193359375,0.2421875,1,0
5,775,0.08607517532072963,0.15683448314666748,0.51953125,2,5
5,776,0.04082667827606201,0.04082667827606201,0.8046875,1,1
5,777,0.1291353087872267,0.32095766067504883,0.4609375,2,4
5,778,0.10868906415998937,0.1207132339477539,0.66015625,1,1
5,779,0.0804884983226657,0.13041174411773682,0.546875,1,2
5,780,0.08124496741220356,0.15349602699279785,0.51171875,2,4
5,781,0.08980141673237087,0.10082966089248657,0.65625,4,8
5,782,0.05039709736593068,0.12837469577789307,0.45703125,1,1
5,783,0.06835100101307036,0.13156282901763916,0.5078125,1,1
5,784,0.07004703884012999,0.13741028308868408,0.50390625,1,1
5,785,0.06848341226577759,0.06848341226577759,0.73046875,1,1
5,786,0.07236851798370482,0.12108719348907471,0.5390625,1,1
5,787,0.15801290050148967,0.17741799354553223,0.65625,1,2
5,788,0.10492245107889177,0.12181472778320312,0.64453125,2,1
5,789,0.07333088270388545,0.12072479724884033,0.54296875,2,2
5,790,0.05296754371374846,0.13836419582366943,0.453125,2,2
5,791,0.10205819387920202,0.11716097593307495,0.6484375,1,1
5,792,0.10236102622002365,0.11368513107299805,0.66015625,2,3
5,793,0.03212947247084231,0.14820080995559692,0.38671875,1,0
5,794,0.09968675673007966,0.12269139289855957,0.625,3,5
5,795,0.09688844531774522,0.12851524353027344,0.6015625,2,4
5,796,0.06732177105732264,0.1271909475326538,0.51171875,1,1
5,797,0.11127925408072771,0.18319928646087646,0.54296875,3,7
5,798,0.07101772609166802,0.11882704496383667,0.5390625,2,3
5,799,0.08826493285596372,0.11861324310302734,0.59765625,2,3
5,800,0.10201877786312254,0.12119168043136597,0.63671875,2,3
5,801,0.07736353902146222,0.12150347232818604,0.5546875,3,5
5,802,0.09497129544615747,0.11688774824142456,0.625,3,7
5,803,0.0,0.16755080223083496,0.23046875,1,0
5,804,0.07022161688655616,0.12794828414916992,0.51953125,1,1
5,805,0.10780470818281175,0.12956809997558594,0.6328125,2,3
5,806,0.09965421818196775,0.11702513694763184,0.640625,2,4
5,807,0.051160335540771484,0.051160335540771484,0.76953125,1,0
5,808,0.05896203825250269,0.12271773815155029,0.4921875,3,5
5,695,0.23250245349481705,0.2794395685195923,0.6328125,3,6
5,529,0.15187353431247178,0.19391334056854248,0.61328125,3,7
5,809,0.08390816836617888,0.14763224124908447,0.52734375,1,2
5,810,0.10004494339227678,0.11884689331054688,0.63671875,1,2
5,811,0.08364486624486746,0.1334148645401001,0.55078125,1,1
5,812,0.09976207616273315,0.14978939294815063,0.56640625,3,6
5,813,0.09107580862473698,0.0990038514137268,0.66796875,4,8
5,814,0.12039833865128459,0.13371789455413818,0.66015625,2,3
5,815,0.169107623398304,0.2576878070831299,0.5625,3,6
5,816,0.10013182961847635,0.21272820234298706,0.48828125,3,6
5,817,0.07544830557890238,0.12421071529388428,0.54296875,3,5
5,818,0.10936848493292929,0.17444443702697754,0.55078125,2,4
5,819,0.09952332405373455,0.11822724342346191,0.63671875,2,3
5,820,0.104675694485195,0.11378759145736694,0.66796875,3,5
5,821,0.09049945126753302,0.1709805130958557,0.51171875,2,4
5,822,0.09662651154212655,0.12816780805587769,0.6015625,3,6
5,823,0.09002663753926755,0.11788654327392578,0.60546875,3,5
5,824,0.08759528654627503,0.14656466245651245,0.5390625,2,4
5,825,0.06296464800834657,0.06499576568603516,0.6875,3,7
5,826,0.08699579467065634,0.12169903516769409,0.5859375,1,3
5,827,0.1305361380800605,0.2831970453262329,0.484375,3,5
5,828,0.09271669993177058,0.14561641216278076,0.5546875,3,7
5,829,0.13818079233169556,0.13818079233169556,0.70703125,2,4
5,830,0.081935852766037,0.16387170553207397,0.5,3,5
5,831,0.09559369087219238,0.09559369087219238,0.73828125,2,5
5,832,0.06514400243759155,0.06514400243759155,0.73828125,2,3
5,833,0.08631674421485515,0.16307812929153442,0.51171875,4,8
5,834,0.07370680617168547,0.12332642078399658,0.5390625,1,2
5,835,0.07826175238005818,0.1309477686882019,0.5390625,3,4
5,836,0.08315346331801267,0.12485212087631226,0.56640625,3,4
5,837,0.0,0.17561686038970947,0.171875,2,4
5,838,0.0999037603614852,0.1244543194770813,0.62109375,2,4
5,839,0.10434068366885187,0.13840007781982422,0.6015625,2,4
5,840,0.11512583121657373,0.17035961151123047,0.5703125,3,6
5,841,0.10320866270922126,0.13177764415740967,0.61328125,2,4
5,842,0.09192190412431957,0.12192749977111816,0.6015625,3,8
5,843,0.17462440021336081,0.20046567916870117,0.6484375,3,5
5,844,0.09540069848299028,0.14983177185058594,0.5546875,2,3
5,845,0.09254548465833069,0.10506272315979004,0.65234375,2,4
5,846,0.06872657174244524,0.21197593212127686,0.4296875,1,2
5,847,0.08633766067214312,0.14213788509368896,0.54296875,1,2
5,848,0.06621998548507692,0.1324399709701538,0.5,2,2
5,849,0.09162174654193224,0.16402214765548706,0.5234375,4,9
5,850,0.04258471180219204,0.1354246735572815,0.42578125,3,5
5,851,0.06302547454833984,0.06302547454833984,0.73046875,1,1
5,852,0.0879116461146623,0.10565906763076782,0.6328125,1,1
5,853,0.11781275260727855,0.20039910078048706,0.53515625,3,7
5,854,0.08144757593981923,0.1385420560836792,0.53515625,1,3
5,855,0.0898968391120434,0.1369856595993042,0.5625,3,5
5,856,0.094734032638371,0.10754728317260742,0.65234375,2,3
5,857,0.09323509829118849,0.13042724132537842,0.5859375,3,6
5,858,0.1323952979873866,0.2812713384628296,0.48828125,4,6
5,859,0.10706390999257566,0.11516118049621582,0.671875,3,4
5,860,0.1026523878099397,0.1219443678855896,0.63671875,1,2
5,861,0.01840103510767222,0.18473196029663086,0.33984375,2,4
5,862,0.06484405207447709,0.19415295124053955,0.43359375,3,6
5,863,0.05776095215696842,0.15483564138412476,0.44921875,1,2
5,864,0.13335815875325355,0.13906186819076538,0.68359375,1,3
5,865,0.09970669029280545,0.12891370058059692,0.609375,1,2
5,866,0.059836378321051605,0.14183437824249268,0.46875,1,3
5,867,0.10501962527632715,0.1205606460571289,0.6484375,1,3
5,868,0.09971853764727714,0.18839812278747559,0.51171875,2,4
5,869,0.07647390849888326,0.11653167009353638,0.5625,1,3
5,870,0.08054133143741639,0.09350830316543579,0.64453125,2,3
5,871,0.09904893836937846,0.13138097524642944,0.6015625,3,7
5,872,0.09383122995495798,0.12777018547058105,0.59375,3,7
5,873,0.1627779304981232,0.1680288314819336,0.6875,3,5
5,874,0.09452659450471403,0.1287170648574829,0.59375,1,3
5,875,0.1435260727303103,0.17879647016525269,0.62109375,3,7
5,876,0.06648920360021295,0.12797921895980835,0.5078125,2,4
6,741,0.10542569984681906,0.13133323192596436,0.62109375,1,2
6,733,0.09376167901791634,0.13874560594558716,0.5703125,1,1
6,877,0.048801222816109664,0.12748074531555176,0.453125,1,1
6,878,0.1449843477457762,0.2277054786682129,0.5546875,3,6
6,879,0.10687680169939996,0.11742687225341797,0.6640625,1,2
6,880,0.10474216681905092,0.12738239765167236,0.62890625,1,1
6,881,0.09953215415589513,0.13735973834991455,0.58984375,2,3
6,882,0.09544272464700045,0.12036126852035522,0.6171875,1,2
6,883,0.052287936210632324,0.052287936210632324,0.73828125,1,1
6,884,0.07085728622041644,0.09047114849090576,0.61328125,1,0
6,885,0.048052583821117885,0.1255251169204712,0.453125,1,2
6,886,0.10892692697234453,0.1544891595840454,0.58203125,1,2
6,887,0.08954434283077718,0.14063405990600586,0.5546875,1,2
6,888,0.06315666437149048,0.06315666437149048,0.71484375,3,5
6,889,0.09602389042265715,0.12109416723251343,0.6171875,1,2
6,890,0.030173301696777344,0.030173301696777344,0.8671875,1,3
6,891,0.04156911082100124,0.13219493627548218,0.42578125,2,4
6,892,0.05674338340759277,0.05674338340759277,0.73828125,1,1
6,893,0.0994035074254498,0.14499884843826294,0.57421875,2,5
6,894,0.06954996450804175,0.07037466764450073,0.6953125,2,1
6,895,0.007931207539513712,0.15618377923965454,0.3203125,2,4
6,896,0.09209360089153053,0.11613774299621582,0.6171875,1,1
6,897,0.07594995736144484,0.24153029918670654,0.42578125,2,6
6,898,0.18300860933959487,0.28742456436157227,0.5546875,3,6
6,899,0.09446172195021064,0.12369412183761597,0.60546875,1,2
6,900,0.07252050912939013,0.07562220096588135,0.68359375,2,4
6,901,0.08720268635079266,0.2689625024795532,0.4296875,2,6
6,902,0.053704776801168926,0.13347983360290527,0.4609375,2,4
6,903,0.051056094700470574,0.15747421979904175,0.4296875,2,5
6,904,0.036468786653131254,0.14253449440002441,0.40234375,2,2
6,905,0.005316436290740967,0.005316436290740967,0.953125,1,2
6,906,0.07043061777949335,0.1669466495513916,0.46875,2,4
6,907,0.09711753064766528,0.12881910800933838,0.6015625,1,2
6,908,0.097994455951266,0.1251201033592224,0.61328125,1,1
6,909,0.09807683899998666,0.149450421333313,0.5625,2,6
6,910,0.09311635792255403,0.13779067993164062,0.5703125,3,6
6,911,0.12210931116715075,0.16196882724761963,0.6015625,2,4
6,912,0.10654959431849421,0.12370383739471436,0.64453125,2,3
6,913,0.07763322442770006,0.13428449630737305,0.53125,1,2
6,914,0.09142825147137047,0.13149231672286987,0.578125,1,1
6,843,0.16616916446946564,0.21759235858917236,0.60546875,3,5
6,787,0.12629686854779723,0.19245237112045288,0.5625,1,2
6,915,0.09250134392641486,0.13119304180145264,0.58203125,1,1
6,916,0.10551601648330691,0.21103203296661377,0.5,1,2
6,917,0.09694674750790001,0.12534528970718384,0.609375,1,2
6,918,0.0,0.15910989046096802,0.2578125,1,1
6,919,0.10523000266402961,0.11561751365661621,0.6640625,1,1
6,920,0.14576696569565686,0.17316168546676636,0.63671875,1,3
6,921,0.09348784899339081,0.13078081607818604,0.5859375,1,1
6,922,0.08962338278070094,0.1326218843460083,0.5703125,2,2
6,923,0.08765328791923822,0.11779129505157471,0.59765625,1,1
6,924,0.05347253591753543,0.14333999156951904,0.44921875,4,6
6,925,0.09141852753236891,0.12125980854034424,0.6015625,3,4
6,926,0.08881291188299657,0.1042940616607666,0.640625,3,6
6,927,0.051563744316808886,0.13822323083877563,0.44921875,1,1
6,928,0.10182452527806164,0.14644426107406616,0.578125,1,2
6,929,0.09128931700251998,0.22151720523834229,0.46484375,1,2
6,930,0.04496729071252049,0.13463890552520752,0.43359375,1,1
6,931,0.05066809337586165,0.12294816970825195,0.46484375,1,2
6,932,0.029647615039721138,0.13675296306610107,0.38671875,1,1
6,933,0.11280001152772458,0.14402395486831665,0.61328125,3,6
6,934,0.07179067796096207,0.14083075523376465,0.50390625,1,2
6,935,0.0,0.19554173946380615,0.1171875,4,7
6,936,0.0,0.16270160675048828,0.21875,1,1
6,937,0.11612381180748345,0.1333080530166626,0.6484375,1,1
6,938,0.048052583821117885,0.1255251169204712,0.453125,1,0
6,939,0.0763336520176381,0.11988598108291626,0.5546875,3,7
6,940,0.10904806409962477,0.13261902332305908,0.62890625,2,2
6,941,0.09541904833167793,0.1475968360900879,0.55859375,2,3
6,942,0.057400574441999204,0.14266550540924072,0.4609375,2,3
6,943,0.11265340936370195,0.1307903528213501,0.64453125,1,1
6,944,0.040707452222704894,0.12555551528930664,0.4296875,1,1
6,945,0.0,0.17282170057296753,0.1953125,1,2
6,946,0.057733856141567244,0.1071004867553711,0.515625,2,2
6,947,0.09904024261049928,0.14046704769134521,0.58203125,2,3
6,948,0.06905599648598583,0.11014539003372192,0.55078125,1,2
6,949,0.0,0.16924238204956055,0.2109375,1,1
6,950,0.08447678759694101,0.13907432556152344,0.54296875,2,2
6,951,0.11506904708221556,0.13994145393371582,0.62890625,1,2
6,952,0.1202284023165703,0.1479734182357788,0.625,3,6
6,953,0.0457558420021087,0.129430890083313,0.44140625,1,0
6,954,0.09391290647909047,0.13137543201446533,0.5859375,2,1
6,955,0.06664345390163363,0.1387050747871399,0.4921875,2,4
6,956,0.09664341621100904,0.1315995454788208,0.59375,1,1
6,957,0.07779606571421029,0.12807583808898926,0.54296875,2,2
6,958,0.06666593323461713,0.14163053035736084,0.48828125,1,2
6,959,0.08381723158527167,0.11887651681900024,0.58203125,2,3
6,695,0.2182006684597582,0.3182870149612427,0.57421875,3,6
6,815,0.12928395555354658,0.29289108514785767,0.4765625,3,6
6,960,0.06517477217130364,0.09644359350204468,0.5703125,4,5
6,961,0.10555084655061366,0.1364697813987732,0.609375,2,4
6,962,0.031120338244363673,0.13168275356292725,0.39453125,4,8
6,963,0.14845983451232317,0.40866363048553467,0.4453125,3,6
6,964,0.02435989701189101,0.1756657361984253,0.35546875,3,6
6,965,0.19577602553181353,0.3330143690109253,0.53515625,3,6
6,966,0.019011479336768392,0.1474829912185669,0.3515625,2,3
6,967,0.23968794778920713,0.3546827435493469,0.5703125,2,4
6,968,0.06632351875305176,0.06632351875305176,0.734375,3,6
6,969,0.06457489728927614,0.12914979457855225,0.5,3,5
6,970,0.05415269592776895,0.12268221378326416,0.4765625,2,1
6,971,0.07497559080366047,0.13661032915115356,0.51953125,3,6
6,972,0.11428106599487366,0.13268005847930908,0.64453125,1,3
6,973,0.10843171144369991,0.26311391592025757,0.46484375,4,6
6,974,0.04799029231071473,0.12536239624023438,0.453125,1,1
6,975,0.062406915239989764,0.17653226852416992,0.44140625,3,6
6,976,0.08270791918039323,0.10179436206817627,0.625,2,4
6,977,0.08728908246848734,0.1310616135597229,0.56640625,3,6
6,978,0.08418154867831619,0.0934944748878479,0.66015625,3,3
6,979,0.1068452565232292,0.12404710054397583,0.64453125,4,7
6,980,0.09392198082059623,0.10782074928283691,0.6484375,3,6
6,981,0.06964930589310826,0.14796864986419678,0.48828125,3,6
6,982,0.18676450708881023,0.2933233976364136,0.5546875,3,5
6,983,0.0,0.1720905303955078,0.203125,1,3
6,984,0.05886036157608032,0.05886036157608032,0.734375,2,2
6,985,0.07102301274426283,0.12940847873687744,0.51953125,2,5
6,986,0.0368083289358765,0.20709741115570068,0.37109375,4,4
6,987,0.11990705423522742,0.25474029779434204,0.48828125,4,6
6,988,0.13657603750471028,0.1660972237586975,0.62890625,3,6
6,989,0.10561990737915039,0.10561990737915039,0.703125,5,5
6,990,0.0781083101173863,0.17312318086624146,0.48046875,2,2
6,991,0.07522980216890575,0.10973691940307617,0.57421875,3,5
6,992,0.08928269706666471,0.13211774826049805,0.5703125,2,2
6,993,0.0853206585161388,0.13197636604309082,0.55859375,4,4
6,994,0.07458263263106348,0.14355754852294922,0.5078125,4,7
6,995,0.06802596000488849,0.16506773233413696,0.46484375,3,4
6,996,0.20987820113077763,0.2783876657485962,0.6015625,3,7
6,997,0.0466288581956178,0.12499463558197021,0.44921875,4,7
6,998,0.10582347097806634,0.1636906862258911,0.55859375,3,8
6,999,0.041872008237987764,0.13742607831954956,0.421875,3,5
6,1000,0.09431958035565914,0.1095048189163208,0.64453125,2,3
6,1001,0.051697534276172526,0.13858187198638916,0.44921875,4,8
6,1002,0.05492794234305621,0.12443852424621582,0.4765625,2,3
6,1003,0.02923405170440674,0.02923405170440674,0.84375,3,4
6,1004,0.045402980409562595,0.15922141075134277,0.4140625,4,7
6,1005,0.10687113646417858,0.12268614768981934,0.6484375,2,4
6,1006,0.1518968837335706,0.20683830976486206,0.59375,3,6
6,1007,0.053663976490497596,0.17065811157226562,0.42578125,2,4
6,1008,0.1434861244633794,0.2123262882232666,0.5703125,2,4
6,1009,0.12735947500914338,0.13993144035339355,0.6640625,2,4
6,1010,0.1948004073929042,0.44131773710250854,0.4765625,3,5
6,1011,0.08808168687392028,0.12492471933364868,0.58203125,2,4
6,1012,0.07114298082888128,0.0765235424041748,0.671875,3,3
6,1013,0.056597566232085235,0.1282210350036621,0.4765625,4,4
6,1014,0.10544237215071918,0.1363295316696167,0.609375,4,5
6,1015,0.0,0.5660465955734253,0.1875,3,5
6,1016,0.07231337449047716,0.10548275709152222,0.57421875,2,2
6,1017,0.09692785236984493,0.1138235330581665,0.640625,3,5
6,1018,0.07605556631460787,0.2277219295501709,0.43359375,3,5
6,1019,0.13987092860043052,0.18552827835083008,0.6015625,2,4
6,1020,0.1200849743327126,0.13336986303329468,0.66015625,3,4
7,965,0.25100132031366235,0.3165336847305298,0.6171875,3,6
7,1010,0.19095734856091442,0.42324745655059814,0.48046875,3,5
7,1021,0.12203405215404929,0.1558140516281128,0.61328125,3,6
7,1022,0.11268421285785736,0.13082611560821533,0.64453125,3,6
7,1023,0.0575401857495308,0.1673896312713623,0.4375,3,4
7,1024,0.09417815797496588,0.12024742364883423,0.61328125,2,3
7,1025,0.09535642713308336,0.12984704971313477,0.59375,3,4
7,1026,0.0826050164178014,0.09700405597686768,0.640625,4,6
7,1027,0.07035920140333475,0.08872884511947632,0.6171875,3,4
7,1028,0.20650485344231131,0.4212369918823242,0.49609375,2,3
7,1029,0.16499218100216242,0.24773019552230835,0.56640625,3,7
7,1030,0.05603158473968506,0.05603158473968506,0.76171875,3,5
7,1031,0.23495596495922658,0.3076661229133606,0.60546875,3,6
7,1032,0.1707988234702498,0.34840238094329834,0.49609375,3,4
7,1033,0.08549791201949121,0.1816387176513672,0.48828125,1,1
7,1034,0.07375110138673337,0.08017104864120483,0.66796875,3,4
7,1035,0.16644885716959837,0.24630582332611084,0.5703125,4,8
7,1036,0.12085186515469105,0.1435641646385193,0.63671875,3,6
7,1037,0.27832503849640494,0.44393277168273926,0.55078125,3,4
7,1038,0.10972815845161678,0.15781128406524658,0.578125,4,8
7,1039,0.05193429603241385,0.13921654224395752,0.44921875,3,4
7,1040,0.015996217727661133,0.015996217727661133,0.890625,2,4
7,1041,0.05898150289431215,0.13362181186676025,0.4765625,3,6
7,1042,0.16953268065117302,0.39276349544525146,0.47265625,3,5
7,1043,0.13652256876230243,0.18590307235717773,0.59375,2,5
7,1044,0.06277492968365551,0.12082993984222412,0.5078125,3,3
7,1045,0.11522798007354142,0.25539708137512207,0.48046875,3,6
7,1046,0.08142808545380832,0.12226152420043945,0.56640625,4,9
7,1047,0.07907142769545318,0.12418580055236816,0.5546875,3,7
7,1048,0.10992484074085952,0.1386244297027588,0.6171875,2,4
7,1049,0.16934987762942913,0.24018597602844238,0.58203125,3,6
7,1050,0.21171989862341437,0.3725106120109558,0.52734375,2,4
7,1051,0.1930550902616233,0.28567689657211304,0.5703125,3,5
7,1052,0.05739415436983109,0.17702293395996094,0.4296875,4,8
7,1053,0.2579851737245918,0.41800129413604736,0.546875,2,4
7,1054,0.23534000571817162,0.3247818946838379,0.58984375,3,6
7,1055,0.2504348088987172,0.3653066158294678,0.57421875,3,5
7,1056,0.09008109383285047,0.12266361713409424,0.59375,4,5
7,1057,0.05656637996435166,0.13408327102661133,0.46875,3,6
7,1058,0.1112151648849249,0.14379334449768066,0.609375,3,5
7,1059,0.062159647815860815,0.13205701112747192,0.48828125,3,4
7,1060,0.18578747101128104,0.28310471773147583,0.5625,3,5
7,1061,0.24137668311595922,0.42469024658203125,0.52734375,3,5
7,1062,0.05414545303210617,0.11503100395202637,0.48828125,3,6
7,1063,0.14147029467858377,0.2532615065574646,0.5234375,3,7
7,1064,0.061995492549613125,0.06599104404449463,0.67578125,3,5
7,1065,0.0758052575401962,0.0980108380317688,0.609375,3,5
7,1066,0.13455757498741153,0.269115149974823,0.5,2,3
7,1067,0.08714900072664024,0.12896037101745605,0.5703125,2,4
7,1068,0.27306794282048946,0.4424391984939575,0.546875,2,3
7,1069,0.20408346422482285,0.30642443895339966,0.56640625,2,5
7,1070,0.056430492550134666,0.13376116752624512,0.46875,3,4
7,1071,0.06988168554380537,0.12510287761688232,0.5234375,3,7
7,996,0.1575658996589482,0.25529664754867554,0.546875,3,7
7,843,0.18596692197024825,0.20880496501922607,0.65625,3,5
7,1072,0.10681286640465261,0.11611080169677734,0.66796875,4,7
7,1073,0.09894926659762861,0.12326526641845703,0.62109375,3,3
7,1074,0.07258788496255876,0.12555742263793945,0.53125,1,2
7,1075,0.13294878182932737,0.1561233401298523,0.640625,1,3
7,1076,0.10494038555771114,0.14289754629135132,0.59375,1,3
7,1077,0.08286858466453852,0.12087953090667725,0.57421875,3,5
7,1078,0.04747172351926566,0.14641880989074707,0.4296875,1,1
7,1079,0.14046912884805354,0.17935210466384888,0.61328125,3,6
7,1080,0.07623196602799,0.1364712119102478,0.5234375,1,1
7,1081,0.06104466319084168,0.12705230712890625,0.4921875,3,4
7,1082,0.0,0.20012187957763672,0.10546875,3,6
7,1083,0.12712363968603316,0.14431774616241455,0.65234375,3,5
7,1084,0.1108565926551819,0.16892433166503906,0.5625,4,9
7,1085,0.08155883615836503,0.13008761405944824,0.55078125,4,7
7,1086,0.11856614286080004,0.14084887504577637,0.63671875,2,3
7,1087,0.08459321735426785,0.22097820043563843,0.453125,4,6
7,1088,0.12125127925537528,0.15481460094451904,0.61328125,4,7
7,1089,0.05850932653993369,0.15684175491333008,0.44921875,3,6
7,1090,0.05636457866057754,0.15515410900115967,0.4453125,3,6
7,1091,0.11595319863408805,0.13311219215393066,0.6484375,1,2
7,1092,0.05908745527267456,0.05908745527267456,0.7421875,1,0
7,1093,0.09788650553673507,0.12656033039093018,0.609375,3,4
7,1094,0.05665164906531573,0.13428539037704468,0.46875,1,1
7,1095,0.08979993779212238,0.1454986333847046,0.546875,1,3
7,1096,0.09938601404428483,0.1223212480545044,0.625,4,7
7,1097,0.06308615999296309,0.12868571281433105,0.49609375,2,2
7,1098,0.11864020861685277,0.13932061195373535,0.640625,2,3
7,1099,0.08624297939240934,0.13973546028137207,0.546875,1,2
7,1100,0.12339023430831732,0.14007937908172607,0.65234375,4,7
7,1101,0.1166257787263021,0.14183467626571655,0.62890625,3,6
7,1102,0.08285853732377292,0.14094209671020508,0.53515625,1,1
7,1103,0.03673676180187614,0.4587615132331848,0.33203125,4,7
7,1104,0.12820405466482046,0.1616760492324829,0.6171875,1,2
7,1105,0.082786567742005,0.13204586505889893,0.55078125,3,5
7,1106,0.02105738734826446,0.1633542776107788,0.3515625,1,1
7,1107,0.11726595112122597,0.1575857400894165,0.59765625,3,6
7,1108,0.08173311408609153,0.14137619733810425,0.53125,3,3
7,1109,0.173532227287069,0.23017746210098267,0.6015625,3,4
7,1110,0.06616749218665065,0.15329301357269287,0.47265625,3,6
7,1111,0.09120699309278281,0.14108151197433472,0.55859375,3,4
7,967,0.2297571485396475,0.33998745679855347,0.5703125,2,4
7,695,0.22656109917443248,0.29667335748672485,0.60546875,3,6
7,1112,0.0,0.18520736694335938,0.15625,1,0
7,1113,0.09069839387666435,0.136180579662323,0.56640625,1,1
7,1114,0.0,0.170850932598114,0.29296875,3,6
7,1115,0.275275718420744,0.395902156829834,0.578125,3,5
7,1116,0.08236625511199237,0.09672367572784424,0.640625,1,1
7,1117,0.10759989125654103,0.15922296047210693,0.5703125,3,6
7,1118,0.11443502176553012,0.13136935234069824,0.6484375,3,5
7,1119,0.07715284405276181,0.12305998802185059,0.55078125,3,6
7,1120,0.07749327155761422,0.11467212438583374,0.5703125,3,7
7,1121,0.07250992907211186,0.13451117277145386,0.515625,3,5
7,1122,0.12428120267577471,0.12575489282608032,0.6953125,2,4
7,1123,0.10408452060073616,0.1540210247039795,0.5703125,2,3
7,1124,0.1326240592170507,0.1652153730392456,0.62109375,2,4
7,1125,0.08533052308484913,0.13199162483215332,0.55859375,3,4
7,1126,0.047757239663042135,0.14299243688583374,0.43359375,4,7
7,1127,0.07731200521811844,0.13602662086486816,0.52734375,5,7
7,1128,0.094025582424365,0.13335484266281128,0.58203125,4,6
7,1129,0.0862329915398732,0.1419655680656433,0.54296875,3,4
7,1130,0.09321173792704941,0.14639389514923096,0.5546875,1,2
7,1131,0.09038260800298305,0.13980633020401,0.55859375,1,2
7,1132,0.10118340142071248,0.1136094331741333,0.65625,2,3
7,1133,0.0,0.16716992855072021,0.26171875,3,5
7,1134,0.0780020314268768,0.08133816719055176,0.68359375,3,4
7,1135,0.11327617848291995,0.11461937427520752,0.6953125,2,3
7,1136,0.0051302313804626465,0.0051302313804626465,0.9140625,5,8
7,1137,0.11088593397289516,0.1594763994216919,0.578125,2,4
7,1138,0.06336474418640137,0.06336474418640137,0.7109375,2,4
7,1139,0.02317589428275824,0.15613234043121338,0.359375,4,3
7,1140,0.0,0.5934501886367798,0.1796875,2,3
7,1141,0.12564504146575928,0.12564504146575928,0.71875,4,5
7,1142,0.0,0.18293637037277222,0.171875,1,1
7,1143,0.2498187595047057,0.3150423765182495,0.6171875,3,5
7,1144,0.061976082855835564,0.12642133235931396,0.49609375,3,3
7,1145,0.11382517707534136,0.12116110324859619,0.67578125,4,6
7,1146,0.06924194213934244,0.13081872463226318,0.51171875,3,4
7,1147,0.07798928557895125,0.11061084270477295,0.58203125,1,3
7,1148,0.10447199153713883,0.1089402437210083,0.68359375,2,4
7,1149,0.11508604139089586,0.14164435863494873,0.625,2,4
7,1150,0.0,0.18514394760131836,0.16015625,3,5
7,1151,0.160280796000734,0.18399947881698608,0.6484375,3,3
7,1152,0.08896173164248468,0.1150212287902832,0.609375,3,4
7,1153,0.13657885498832914,0.1937074065208435,0.58203125,3,8
7,1154,0.09279651660472156,0.12470293045043945,0.59765625,3,6
7,1155,0.15995533112436536,0.25513124465942383,0.55078125,5,6
7,1156,0.09267935832031073,0.2147141695022583,0.47265625,2,2
7,1157,0.11664284812286499,0.22451555728912354,0.5078125,5,7
7,1158,0.10798367997631432,0.1345198154449463,0.62109375,2,4
7,1159,0.0,0.17375266551971436,0.265625,2,3
7,1160,0.10167502239346506,0.1788921356201172,0.52734375,4,6
7,1161,0.14177152980118993,0.16648399829864502,0.640625,1,2
7,1162,0.11802773945964874,0.13108503818511963,0.66015625,2,2
7,1163,0.003548240289092069,0.16515445709228516,0.30859375,3,4
7,1164,0.06575323641300203,0.13685226440429688,0.4921875,3,4
8,1048,0.1060850494541228,0.15045857429504395,0.58203125,2,4
8,1024,0.07784711499698461,0.12815988063812256,0.54296875,2,3
8,1165,0.07018026069272311,0.1985209584236145,0.44140625,2,3
8,1166,0.06401215936057271,0.18107306957244873,0.44140625,2,4
8,1167,0.0,0.18632292747497559,0.1796875,1,0
8,1168,0.0,0.18137770891189575,0.21484375,1,1
8,1169,0.0764269530773163,0.22233295440673828,0.4375,3,5
8,1170,0.0784886875189841,0.16335856914520264,0.4921875,2,3
8,1171,0.10229511838406326,0.13395166397094727,0.60546875,2,4
8,1172,0.07685878546908499,0.12071073055267334,0.5546875,1,0
8,1173,0.07143727701622994,0.14572066068649292,0.49609375,2,3
8,1174,0.06254267692565918,0.06254267692565918,0.73828125,2,3
8,1175,0.07999914791435005,0.09394395351409912,0.640625,1,0
8,1176,0.1328571225749329,0.18842893838882446,0.58203125,2,4
8,1177,0.06888750940561296,0.13513565063476562,0.50390625,2,3
8,1178,0.0964911673218012,0.15390491485595703,0.55078125,3,7
8,1179,0.08200871036387981,0.18578964471817017,0.4765625,2,3
8,1180,0.06122472835704685,0.15993398427963257,0.453125,2,4
8,1181,0.034831322263926275,0.16824185848236084,0.3828125,2,4
8,1182,0.08837456558831037,0.12534010410308838,0.58203125,2,3
8,1183,0.11273996881209315,0.14217454195022583,0.6171875,2,5
8,1184,0.09897238202393056,0.14645624160766602,0.5703125,2,3
8,1185,0.1048279730603099,0.13904643058776855,0.6015625,2,4
8,1053,0.20252097211778167,0.43936753273010254,0.484375,2,4
8,1143,0.16778300190344456,0.3422505855560303,0.49609375,3,5
8,1186,0.08698280050884934,0.14319998025894165,0.54296875,2,3
8,1187,0.1591177694499493,0.2578110694885254,0.546875,3,4
8,1188,0.10342342779040338,0.1552867889404297,0.56640625,3,5
8,1189,0.06824144441634418,0.1480492353439331,0.484375,3,5
8,1190,0.09319150983355941,0.14636212587356567,0.5546875,2,4
8,1191,0.07906814385205509,0.1466771364212036,0.515625,4,6
8,1192,0.05383566766977311,0.15228652954101562,0.44140625,3,3
8,1193,0.04770089173689485,0.16727983951568604,0.4140625,4,6
8,1194,0.15058802871499213,0.29540640115737915,0.50390625,3,5
8,1195,0.09062139689922334,0.14682960510253906,0.546875,2,3
8,1196,0.09898443217389287,0.1403878927230835,0.58203125,3,4
8,1197,0.16354941111058,0.2568628787994385,0.5546875,2,4
8,1198,0.10478250705637039,0.17823469638824463,0.53515625,4,6
8,1199,0.20214077970013025,0.3275192379951477,0.546875,2,4
8,1200,0.10126955620944501,0.13432645797729492,0.6015625,3,5
8,1201,0.07894182833842935,0.14132243394851685,0.5234375,2,3
8,1202,0.18885399680584672,0.3380882740020752,0.5234375,3,6
8,1203,0.18714361405000093,0.35357022285461426,0.51171875,3,6
8,1204,0.1603087945841253,0.22425711154937744,0.5859375,2,3
8,1205,0.07061514956876637,0.11815345287322998,0.5390625,2,5
8,1206,0.19455266254954043,0.396856427192688,0.49609375,3,6
8,1207,0.1376575171016157,0.23032891750335693,0.5390625,2,3
8,1208,0.2009933819063008,0.4183276891708374,0.4921875,1,3
8,1209,0.21311291959136727,0.4623466730117798,0.484375,2,4
8,1210,0.10880413348786534,0.18205136060714722,0.5390625,2,4
8,1211,0.07644330058246852,0.11311841011047363,0.5703125,3,7
8,1212,0.1419092582073063,0.23362553119659424,0.54296875,3,7
8,1213,0.1346821044571698,0.3268115520477295,0.46484375,3,6
8,1214,0.084113193792291,0.2254762053489685,0.44921875,3,6
8,1215,0.0822341898456216,0.13759446144104004,0.5390625,3,6
8,1216,0.07651518681086601,0.11488497257232666,0.56640625,2,3
8,1217,0.1715756531339139,0.35710054636001587,0.4921875,4,8
8,1218,0.16921744274441156,0.3197023272514343,0.51171875,2,5
8,1219,0.07579464418813588,0.12478089332580566,0.54296875,2,3
8,1220,0.20500323176383975,0.3321571350097656,0.546875,3,3
8,1221,0.15673691011033955,0.27577078342437744,0.52734375,4,8
8,1222,0.08128374535590412,0.14810419082641602,0.51953125,2,4
8,1223,0.10326357372105123,0.17861807346343994,0.53125,2,4
8,1224,0.1047323513776064,0.1811586618423462,0.53125,4,9
8,1225,0.122323586139828,0.2354499101638794,0.5078125,2,4
8,1226,0.14461179822683337,0.4206888675689697,0.4375,3,5
8,1227,0.07386189699172974,0.07386189699172974,0.71875,3,7
8,1228,0.1755332946777344,0.35106658935546875,0.5,4,7
8,1229,0.10884152469225229,0.1292966604232788,0.63671875,3,5
8,1230,0.0769620123319328,0.23737680912017822,0.4296875,4,7
8,1231,0.15876663522794845,0.2572421431541443,0.546875,3,6
8,1232,0.04707759618759155,0.04707759618759155,0.74609375,3,6
8,1233,0.22350564110092824,0.4001219868659973,0.5234375,2,4
8,1234,0.08877999940887095,0.1562039852142334,0.52734375,2,2
8,1037,0.22385869279969486,0.47558361291885376,0.48828125,3,4
8,1115,0.18070106673985722,0.4283284544944763,0.46875,3,5
8,1235,0.06687525426968934,0.09618014097213745,0.578125,2,3
8,1236,0.20347970677539712,0.3844339847564697,0.51171875,2,4
8,1237,0.14399683335796,0.24493813514709473,0.53515625,2,4
8,1238,0.07229776831809433,0.11902397871017456,0.54296875,3,5
8,1239,0.031954020494595184,0.39903557300567627,0.33203125,4,6
8,1240,0.19783509336411956,0.36699843406677246,0.515625,2,3
8,1241,0.2105289346072823,0.44726479053497314,0.48828125,4,5
8,1242,0.08604732272215189,0.13310039043426514,0.55859375,3,4
8,1243,0.11259497702121736,0.16661453247070312,0.5703125,3,6
8,1244,0.09264162648469211,0.1313920021057129,0.58203125,2,2
8,1245,0.13755879458040002,0.23793953657150269,0.53125,2,4
8,1246,0.06421742774546148,0.10404849052429199,0.546875,2,1
8,1247,0.09086652856785805,0.1495937705039978,0.54296875,3,6
8,1248,0.08457311615347864,0.14628863334655762,0.53125,3,3
8,1249,0.08741187769919635,0.15119892358779907,0.53125,2,3
8,1250,0.2225663871504367,0.4055302143096924,0.51953125,2,3
8,1251,0.14334670279640707,0.31772083044052124,0.48046875,3,5
8,1252,0.03774690628051758,0.03774690628051758,0.7734375,3,3
8,1253,0.1427694812882692,0.2511957883834839,0.52734375,3,3
8,1254,0.11376919643953445,0.444655179977417,0.40234375,3,4
8,1255,0.21506972890347248,0.4139688014984131,0.5078125,3,5
8,1256,0.05503253883216531,0.1647757887840271,0.43359375,2,3
8,1257,0.08381628990173341,0.1676325798034668,0.5,3,5
8,1258,0.0,0.18153059482574463,0.23046875,3,5
8,1259,0.07471646775957198,0.1411617398262024,0.51171875,2,3
8,1260,0.1151004182174802,0.2347865104675293,0.49609375,2,3
8,1261,0.18133252859115603,0.362665057182312,0.5,3,5
8,1262,0.07627102429978551,0.11286348104476929,0.5703125,3,6
8,1263,0.07244919845834376,0.11738604307174683,0.546875,4,8
8,1264,0.07614131318405272,0.12336820363998413,0.546875,3,5
8,1265,0.13482431787997487,0.27502012252807617,0.49609375,3,6
8,1266,0.12777123693376782,0.23702490329742432,0.515625,4,6
8,1267,0.09401314426213504,0.28996825218200684,0.4296875,3,4
8,1268,0.09381797583773734,0.13124263286590576,0.5859375,3,4
8,1269,0.07920429552905263,0.1243944764137268,0.5546875,3,4
8,1270,0.10622190311551095,0.14464259147644043,0.59375,1,1
8,1271,0.0,0.5959451794624329,0.17578125,4,5
8,1272,0.12319798301905396,0.37998414039611816,0.4296875,3,5
8,1273,0.15028528030961755,0.3330998420715332,0.48046875,3,5
8,1274,0.2118090419098735,0.3543994426727295,0.5390625,3,5
8,1275,0.036319864215329296,0.16752946376800537,0.38671875,3,5
8,1276,0.12198580428957942,0.4592406749725342,0.40625,3,5
8,1277,0.10218808928038926,0.2890624403953552,0.44140625,3,6
8,1278,0.09902365808375181,0.1465321183204651,0.5703125,2,2
8,1279,0.09623388200998308,0.1664586067199707,0.53125,2,4
8,1280,0.1539878316689283,0.3141106367111206,0.49609375,3,5
8,1281,0.08876471011899413,0.14613354206085205,0.54296875,4,6
8,1282,0.08508761227130891,0.15232467651367188,0.5234375,1,1
8,1283,0.22559783631004396,0.4695369601249695,0.4921875,3,4
8,1284,0.10648953914642337,0.19403076171875,0.51953125,3,5
8,1285,0.16225120006129148,0.403265118598938,0.4609375,2,4
8,1286,0.15321584162302318,0.2522395849227905,0.54296875,3,5
8,1287,0.1886437477078289,0.3564044237136841,0.51171875,3,4
8,1288,0.14016360417008403,0.21358263492584229,0.5625,3,5
8,1289,0.15780051064211878,0.33524423837661743,0.48828125,3,5
8,1290,0.06617361260578038,0.14356309175491333,0.484375,3,4
8,1291,0.034279584884643555,0.034279584884643555,0.8125,4,4
8,1292,0.05832592875231058,0.14153021574020386,0.46484375,3,6
8,1293,0.07698868063744159,0.1227981448173523,0.55078125,2,3
8,1294,0.12162090511992575,0.28176426887512207,0.47265625,3,4
8,1295,0.08238702546805145,0.14014005661010742,0.53515625,4,5
8,1296,0.10857351380400361,0.22597414255142212,0.4921875,3,5
8,1297,0.15850017778575423,0.41404128074645996,0.453125,2,3
8,1298,0.09728707163594665,0.14191162586212158,0.57421875,3,3
8,1299,0.18814518954604867,0.4676229953765869,0.4609375,3,4
8,1300,0.07471163198351861,0.13612937927246094,0.51953125,3,4
8,1301,0.21029100846499207,0.45622456073760986,0.484375,2,3
8,1302,0.02327251434326172,0.02327251434326172,0.83203125,2,6
8,1303,0.07224460411816837,0.23711049556732178,0.421875,3,2
8,1304,0.17293730378150943,0.3458746075630188,0.5,2,3
8,1305,0.14835088187828663,0.35997939109802246,0.46484375,2,3
8,1306,0.14603361824993047,0.2569388747215271,0.52734375,3,4
8,1307,0.05777213582769037,0.1509149670600891,0.453125,3,6
8,1308,0.13918546051718297,0.18704187870025635,0.59765625,3,4
9,1210,0.13332818646449598,0.16214734315872192,0.62890625,2,4
9,1244,0.1108590413350612,0.11560046672821045,0.68359375,2,2
9,1309,0.08431357145309448,0.08431357145309448,0.703125,3,2
9,1310,0.08582112123258413,0.13478654623031616,0.5546875,2,4
9,1311,0.09673434495925905,0.11905765533447266,0.625,1,2
9,1312,0.09378089010715486,0.12125205993652344,0.609375,2,4
9,1313,0.13740434590727094,0.16514325141906738,0.6328125,2,3
9,1314,0.0864138579927385,0.137831449508667,0.55078125,2,4
9,1315,0.1211004168726504,0.17664790153503418,0.57421875,3,6
9,1316,0.09250484593212606,0.12596404552459717,0.59375,2,2
9,1317,0.10305124893784524,0.12683230638504028,0.625,2,4
9,1318,0.10190037265419961,0.12247180938720703,0.6328125,2,3
9,1319,0.16515895165503028,0.18959951400756836,0.6484375,2,3
9,1320,0.0844392813742161,0.1286693811416626,0.5625,3,5
9,1321,0.10775606823153795,0.14293032884597778,0.6015625,3,5
9,1322,0.06398126855492593,0.13880681991577148,0.484375,2,3
9,1323,0.1104425839148462,0.14841628074645996,0.59765625,2,3
9,1324,0.07278525829315186,0.07278525829315186,0.73828125,2,4
9,1325,0.0948070725426078,0.13083887100219727,0.58984375,2,4
9,1326,0.0822557278443128,0.08406174182891846,0.69140625,2,4
9,1327,0.08486721664667131,0.11556386947631836,0.59375,2,3
9,1328,0.07333074789494277,0.11516976356506348,0.5546875,3,7
9,1329,0.1425734227523208,0.16367173194885254,0.6484375,2,3
9,1330,0.07047052518464626,0.14374864101409912,0.49609375,3,5
9,1331,0.08534507523290814,0.11778080463409424,0.58984375,2,4
9,1208,0.2816472637932748,0.42288386821746826,0.56640625,1,3
9,1299,0.29979049810208386,0.4781705141067505,0.55078125,3,4
9,1332,0.09667642414569856,0.11898636817932129,0.625,1,2
9,1333,0.31434218515641993,0.4651537537574768,0.5703125,3,4
9,1334,0.05992827052250505,0.16496384143829346,0.4453125,2,4
9,1335,0.06685983715578915,0.12631821632385254,0.51171875,2,2
9,1336,0.12915905565023425,0.15896499156951904,0.625,3,4
9,1337,0.09266644646413626,0.15762531757354736,0.53515625,1,2
9,1338,0.05819567991420627,0.1318415403366089,0.4765625,3,4
9,1339,0.019925594329833984,0.019925594329833984,0.859375,1,1
9,1340,0.0839558281004429,0.08666408061981201,0.6875,1,3
9,1341,0.09804140520282091,0.13530242443084717,0.58984375,3,4
9,1342,0.12415239214897157,0.1528029441833496,0.625,1,2
9,1343,0.0904603300150484,0.13992655277252197,0.55859375,1,1
9,1344,0.06630560336634518,0.12762582302093506,0.5078125,1,2
9,1345,0.060507118701934814,0.060507118701934814,0.7734375,2,3
9,1346,0.3067376924445853,0.3916451334953308,0.61328125,1,2
9,1347,0.11359940213151277,0.12092077732086182,0.67578125,2,5
9,1348,0.030426084995269775,0.030426084995269775,0.83203125,2,3
9,1349,0.21568358200602236,0.3191618323326111,0.5703125,1,3
9,1350,0.18387585983145985,0.3027152419090271,0.54296875,1,3
9,1351,0.29655612818896776,0.40382111072540283,0.59375,1,3
9,1352,0.0817751007853076,0.08527261018753052,0.68359375,3,4
9,1353,0.11374994402285667,0.12913519144058228,0.65234375,2,4
9,1354,0.1529083047062159,0.4448241591453552,0.4375,3,4
9,1355,0.05981184542179109,0.20975112915039062,0.4140625,2,4
9,1356,0.08385375211946668,0.11892831325531006,0.58203125,3,5
9,1357,0.047716617584228516,0.047716617584228516,0.80859375,3,3
9,1358,0.1045357156544924,0.19392132759094238,0.515625,1,2
9,1359,0.10432414454407991,0.12112009525299072,0.64453125,2,2
9,1360,0.0,0.16556644439697266,0.234375,1,1
9,1361,0.09655391261912884,0.14497244358062744,0.56640625,3,4
9,1362,0.21225960599258545,0.314095139503479,0.5703125,1,2
9,1363,0.08974830165971072,0.1579076647758484,0.52734375,1,2
9,1364,0.07745293283369394,0.11980634927749634,0.55859375,1,1
9,1283,0.31843722099438315,0.4712134599685669,0.5703125,3,4
9,1037,0.33686448284424847,0.47776901721954346,0.58203125,3,4
9,1365,0.11822644271887842,0.22756367921829224,0.5078125,2,4
9,1366,0.11091641872189942,0.2020968198776245,0.51953125,2,4
9,1367,0.2470224990975112,0.33195674419403076,0.59765625,2,4
9,1368,0.23267014173325154,0.28296226263046265,0.62890625,3,3
9,1369,0.1493833079002798,0.1816728115081787,0.62890625,4,6
9,1370,0.07643937878310682,0.07890516519546509,0.6875,1,2
9,1371,0.12271254044026138,0.14748549461364746,0.6328125,3,5
9,1372,0.0954765413189307,0.27007728815078735,0.44140625,2,5
9,1373,0.23621191363781693,0.2711670398712158,0.6484375,3,4
9,1374,0.25155428005382424,0.35677504539489746,0.58203125,3,5
9,1375,0.16631922754459086,0.2295295000076294,0.58984375,2,3
9,1376,0.24382003513164824,0.4782983064651489,0.50390625,3,5
9,1377,0.10198185383342208,0.122569739818573,0.6328125,2,3
9,1378,0.11884111259132625,0.13797426223754883,0.64453125,3,5
9,1379,0.30640352517366415,0.3771120309829712,0.625,3,4
9,1380,0.25265983585268265,0.31862521171569824,0.6171875,3,3
9,1381,0.20822337863501167,0.39339619874954224,0.51171875,3,5
9,1382,0.10199330979958178,0.12258350849151611,0.6328125,2,3
9,1383,0.0,0.1662624478340149,0.2265625,3,3
9,1384,0.1286000116961077,0.15639716386795044,0.62890625,2,4
9,1385,0.07874167640693487,0.1385420560836792,0.52734375,2,4
9,1386,0.1457402628147975,0.1958504319190979,0.59765625,3,3
9,1387,0.28136498294770723,0.42874664068222046,0.5625,2,3
9,1388,0.36062361951917415,0.44924402236938477,0.62109375,3,4
9,1389,0.13415217259898785,0.41377055644989014,0.4296875,3,4
9,1390,0.07519750355277212,0.11290651559829712,0.56640625,2,4
9,1391,0.08481144998222591,0.12197601795196533,0.578125,4,5
9,1392,0.20626801252365118,0.41253602504730225,0.5,4,5
9,1393,0.29430564539507037,0.44189000129699707,0.56640625,4,5
9,1394,0.08653646707534791,0.1730729341506958,0.5,2,4
9,1395,0.07228813320398332,0.07462000846862793,0.6875,3,4
9,1396,0.09539485210552813,0.126534104347229,0.6015625,2,1
9,1397,0.08710369048640133,0.14113003015518188,0.546875,1,1
9,1398,0.08875000872649254,0.12247979640960693,0.58984375,2,3
9,1399,0.2824793789768592,0.3435378670692444,0.62890625,3,5
9,1400,0.058154806494712837,0.15589141845703125,0.44921875,3,4
9,1401,0.08246225165203215,0.10272669792175293,0.62109375,2,5
9,1402,0.07626423379406334,0.14960646629333496,0.50390625,4,6
9,1403,0.1038387668086216,0.1709499955177307,0.54296875,4,6
9,1404,0.22138966829515996,0.35311996936798096,0.55078125,3,5
9,1405,0.27991202892735606,0.39157092571258545,0.5859375,4,5
9,1406,0.08024487271904947,0.16368675231933594,0.49609375,3,4
9,1407,0.0,0.16392409801483154,0.25,3,3
9,1408,0.18401825102046135,0.36098599433898926,0.50390625,2,3
9,1409,0.23825611756183213,0.45013701915740967,0.51171875,3,5
9,1410,0.29462410532869404,0.4121517539024353,0.5859375,1,2
9,1411,0.28771766717545694,0.41969072818756104,0.57421875,3,6
9,1412,0.3358533319551498,0.4899057149887085,0.57421875,4,5
9,1413,0.10826602578163148,0.22533416748046875,0.4921875,3,5
9,1414,0.07555835181847216,0.12642443180084229,0.5390625,3,6
9,1415,0.09593977872282268,0.1306414008140564,0.59375,4,3
9,1416,0.3477177115855739,0.47986918687820435,0.58984375,2,3
9,1417,0.3238554242998362,0.44099462032318115,0.59375,1,2
9,1418,0.3164001556579024,0.42518866062164307,0.59765625,4,6
9,1419,0.312735521234572,0.40434491634368896,0.609375,2,2
9,1420,0.3402479783399031,0.41379326581954956,0.62890625,2,5
9,1421,0.07506603654474021,0.09705507755279541,0.609375,1,2
9,1422,0.1716732733184472,0.3805052638053894,0.48046875,2,4
9,1423,0.19025833904743197,0.2899174690246582,0.5625,2,5
9,1424,0.34753195242956286,0.40811091661453247,0.640625,2,3
9,1425,0.26012698234990245,0.45768046379089355,0.52734375,3,4
9,1426,0.08819794654846191,0.08819794654846191,0.71875,5,6
9,1427,0.08289954252541067,0.0984792709350586,0.63671875,3,3
9,1428,0.1822012648917735,0.45284974575042725,0.4609375,4,5
9,1429,0.20743830339051786,0.258414626121521,0.62109375,2,4
9,1430,0.3152858885005117,0.43511152267456055,0.58984375,2,3
9,1431,0.2870016000233591,0.4309232234954834,0.56640625,3,4
9,1432,0.22092284983955326,0.3469708561897278,0.5546875,3,4
9,1433,0.07270460785366596,0.09282982349395752,0.61328125,4,8
9,1434,0.10048443824052812,0.1445169448852539,0.578125,3,4
9,1435,0.09133599512279035,0.13515615463256836,0.5703125,2,2
9,1436,0.08173304796218873,0.10059452056884766,0.625,2,3
9,1437,0.12106158770620824,0.12496680021286011,0.6875,3,5
9,1438,0.34082545340061193,0.46410274505615234,0.59375,1,2
9,1439,0.06227914988994599,0.13803863525390625,0.48046875,4,7
9,1440,0.3010206248145551,0.36608684062957764,0.62890625,4,4
9,1441,0.32842585444450384,0.4091339111328125,0.62109375,2,4
9,1442,0.1618531808489934,0.2503589987754822,0.55859375,2,2
9,1443,0.18034863402135673,0.2832469344139099,0.5546875,3,4
9,1444,0.09605411358643325,0.12908059358596802,0.59765625,2,4
9,1445,0.2176844424102456,0.41127097606658936,0.51171875,3,5
9,1446,0.29862752754706895,0.47631555795669556,0.55078125,1,2
9,1447,0.20743087702430787,0.2522674798965454,0.62890625,4,8
9,1448,0.2794852810911835,0.4457833766937256,0.55078125,2,4
9,1449,0.11018760967999698,0.14068841934204102,0.61328125,2,3
9,1450,0.2716068611480296,0.4078085422515869,0.56640625,1,2
9,1451,0.03778183460235596,0.03778183460235596,0.84765625,3,4
9,1452,0.10356255993247034,0.12746161222457886,0.625,3,4
10,1319,0.16297197947278622,0.19587242603302002,0.6328125,2,3
10,1329,0.12349627050571145,0.16380852460861206,0.6015625,2,3
10,1453,0.15924805379472676,0.23910558223724365,0.56640625,2,2
10,1454,0.088725910987705,0.10790419578552246,0.62890625,3,5
10,1455,0.09009413165040316,0.1333184838294983,0.5703125,2,3
10,1456,0.12966995779424909,0.14885878562927246,0.6484375,2,3
10,1457,0.16522021614946428,0.4208594560623169,0.45703125,2,4
10,1458,0.06656277994625272,0.12812083959579468,0.5078125,2,3
10,1459,0.12542236386798325,0.1730896234512329,0.58984375,2,2
10,1460,0.08607799629680814,0.10855156183242798,0.6171875,3,6
10,1461,0.11960979260038586,0.16964048147201538,0.58203125,2,3
10,1462,0.13060566550120714,0.17551207542419434,0.59765625,2,3
10,1463,0.11882758350111546,0.16398847103118896,0.58984375,2,3
10,1464,0.05388214439153672,0.13392066955566406,0.4609375,2,2
10,1465,0.09201517095789315,0.10682940483093262,0.64453125,1,2
10,1466,0.0874758039135486,0.10042065382003784,0.6484375,2,3
10,1467,0.08720132661983372,0.1048053503036499,0.6328125,2,4
10,1468,0.10870028426870705,0.14233899116516113,0.60546875,2,3
10,1469,0.09457574808038773,0.11501848697662354,0.62890625,2,1
10,1470,0.14395532989874485,0.20138013362884521,0.5859375,1,2
10,1471,0.0916290581226349,0.18325811624526978,0.5,2,3
10,1472,0.12581852450966838,0.1713273525238037,0.59375,2,3
10,1473,0.08954403176903726,0.13250446319580078,0.5703125,3,7
10,1474,0.11888602096587421,0.16188734769821167,0.59375,3,4
10,1475,0.1161092498805374,0.16242605447769165,0.5859375,1,2
10,1476,0.10831847600638868,0.14183902740478516,0.60546875,2,4
10,1477,0.04234779300168157,0.15377354621887207,0.41015625,2,3
10,1478,0.09758679277729244,0.14234882593154907,0.57421875,2,3
10,1479,0.08734577405266465,0.13931787014007568,0.55078125,3,6
10,1480,0.09917092113755645,0.1581791639328003,0.55078125,4,7
10,1346,0.2712913062423468,0.39017176628112793,0.578125,1,2
10,1208,0.27799603505991405,0.41740167140960693,0.56640625,1,3
10,1481,0.13078267523087564,0.14369255304336548,0.6640625,2,3
10,1482,0.09206343872938307,0.11754733324050903,0.61328125,1,3
10,1483,0.0033932924270629883,0.0033932924270629883,0.9609375,1,1
10,1484,0.10921924258582295,0.12000054121017456,0.6640625,1,1
10,1485,0.205787742510438,0.34432458877563477,0.5390625,1,3
10,1486,0.1565686444519088,0.22838503122329712,0.57421875,1,3
10,1487,0.11705477489158513,0.1286095380783081,0.6640625,1,2
10,1488,0.13136569759808484,0.17424672842025757,0.6015625,2,3
10,1489,0.12496273790020497,0.1303073763847351,0.68359375,1,1
10,1490,0.18423755094408992,0.25087666511535645,0.59375,2,4
10,1491,0.19175092130899432,0.2797050476074219,0.57421875,1,2
10,1492,0.09973402786999942,0.20757651329040527,0.4921875,1,3
10,1493,0.07888199435546996,0.13878893852233887,0.52734375,1,1
10,1494,0.10218980372883381,0.1512172818183899,0.5703125,1,3
10,1495,0.0714376224204898,0.12569093704223633,0.52734375,1,2
10,1496,0.09040139708667995,0.13001549243927002,0.578125,1,1
10,1497,0.003537372103892272,0.16464859247207642,0.30859375,1,4
10,1498,0.10021703504025938,0.11252439022064209,0.65625,1,2
10,1499,0.047441959381103516,0.047441959381103516,0.7890625,2,3
10,1500,0.08247120387386532,0.12029987573623657,0.57421875,2,3
10,1501,0.1487884968519211,0.18312430381774902,0.625,1,3
10,1502,0.07838225364685059,0.07838225364685059,0.7265625,2,4
10,1503,0.11265047220513226,0.12788701057434082,0.65234375,1,1
10,1504,0.06773161888122559,0.06773161888122559,0.74609375,1,2
10,1505,0.07374282623641194,0.17893993854522705,0.46484375,1,1
10,1506,0.08327537961304189,0.13078832626342773,0.5546875,1,3
10,1507,0.2667436024639756,0.36812055110931396,0.58984375,1,3
10,1508,0.0803984773810953,0.1547519564628601,0.5078125,1,1
10,1509,0.0714676711941138,0.1257438063621521,0.52734375,1,1
10,1510,0.2614069310948253,0.4105532169342041,0.5546875,1,2
10,1511,0.08847609721124174,0.1221017837524414,0.58984375,1,3
10,1388,0.2733475626446307,0.44289225339889526,0.546875,3,4
10,1416,0.2833709819242359,0.4741370677947998,0.5390625,2,3
10,1512,0.2348148031160236,0.38045942783355713,0.546875,2,4
10,1513,0.2550229516346008,0.40676558017730713,0.55078125,4,5
10,1514,0.12048254790715876,0.4225141406059265,0.4140625,3,3
10,1515,0.03434789180755615,0.03434789180755615,0.89453125,3,5
10,1516,0.2731674746610225,0.43570637702941895,0.55078125,2,5
10,1517,0.089023798936978,0.10826647281646729,0.62890625,3,4
10,1518,0.0898141049547121,0.10196191072463989,0.65234375,1,2
10,1519,0.054283931385725744,0.13491928577423096,0.4609375,2,1
10,1520,0.1013723984360695,0.17534685134887695,0.53125,5,7
10,1521,0.25124121340923017,0.3717789053916931,0.5703125,3,4
10,1522,0.09722736757248641,0.16817706823349,0.53125,1,3
10,1523,0.14161726087331775,0.17429816722869873,0.625,5,8
10,1524,0.27715455880388623,0.43528568744659424,0.5546875,3,5
10,1525,0.0,0.18725615739822388,0.17578125,1,2
10,1526,0.07389259338378906,0.07389259338378906,0.75,3,5
10,1527,0.08525164250750096,0.2285279631614685,0.44921875,2,1
10,1528,0.09833831351716073,0.22782450914382935,0.47265625,2,2
10,1529,0.08311180234886707,0.11469876766204834,0.58984375,2,2
10,1530,0.08490920066833496,0.08490920066833496,0.70703125,2,3
10,1531,0.2132389240432531,0.36271870136260986,0.53515625,2,2
10,1532,0.15451971767470243,0.43709444999694824,0.44140625,1,2
10,1533,0.2613165308721364,0.4104112386703491,0.5546875,2,3
10,1534,0.04983866214752197,0.04983866214752197,0.796875,3,5
10,1535,0.07921695150434972,0.15247774124145508,0.5078125,3,5
10,1536,0.28546200704295194,0.4286115765571594,0.56640625,3,2
10,1537,0.27003704034723347,0.45933210849761963,0.53515625,2,2
10,1538,0.10694980854168536,0.13323187828063965,0.62109375,2,2
10,1539,0.09687989694066347,0.12068736553192139,0.62109375,4,6
10,1540,0.2684866879135371,0.42167234420776367,0.5546875,1,2
10,1541,0.18307038047350946,0.3458746671676636,0.51171875,3,4
10,1542,0.2352397546637804,0.41389262676239014,0.52734375,3,4
10,1543,0.2935216668993235,0.39968907833099365,0.59375,2,4
10,1544,0.23059170355554673,0.32704418897628784,0.58203125,1,2
10,1545,0.25478509208187466,0.4263070821762085,0.5390625,3,3
10,1546,0.07762759574688972,0.07933199405670166,0.69140625,4,5
10,1547,0.20296940300613645,0.44034039974212646,0.484375,3,4
10,1548,0.07935968879610301,0.16517138481140137,0.4921875,2,3
10,1549,0.2866121153347195,0.44333958625793457,0.55859375,1,2
10,1550,0.12953086057677868,0.43920397758483887,0.41796875,3,5
10,1551,0.19397819845471534,0.4706959128379822,0.46484375,1,2
10,1552,0.1284143251832575,0.14908874034881592,0.64453125,3,3
10,1553,0.0,0.5935209393501282,0.296875,3,7
10,1554,0.2637181738391519,0.36891722679138184,0.5859375,3,5
10,1555,0.11814775690436365,0.12708330154418945,0.671875,4,5
10,1556,0.14606872410513463,0.1658252477645874,0.65234375,2,3
10,1557,0.0877207616576925,0.0914725661277771,0.68359375,2,2
10,1558,0.08831100421957674,0.44767558574676514,0.37890625,3,4
10,1559,0.07339783664792777,0.17398005723953247,0.46875,4,4
10,1560,0.0,0.2121438980102539,0.12109375,3,3
10,1561,0.09740373794920744,0.1362587809562683,0.5859375,4,5
10,1562,0.07315342500805856,0.32288408279418945,0.390625,1,2
10,1563,0.0903247892856598,0.18064957857131958,0.5,1,2
10,1564,0.19317850936204198,0.27782976627349854,0.578125,2,3
10,1565,0.08299344521947206,0.14117157459259033,0.53515625,3,4
10,1566,0.11508459434844555,0.12644487619400024,0.6640625,4,3
10,1567,0.0916923845652491,0.17649060487747192,0.5078125,4,8
10,1568,0.28838026220910257,0.44607460498809814,0.55859375,3,5
10,1569,0.06816430285107346,0.15791910886764526,0.47265625,2,2
10,1570,0.27339800598565495,0.43607407808303833,0.55078125,2,3
10,1571,0.08064331160858275,0.20541977882385254,0.45703125,3,3
10,1572,0.25871645612642175,0.4328850507736206,0.5390625,3,6
10,1573,0.11131690954789521,0.12230527400970459,0.6640625,2,3
10,1574,0.08827289566397668,0.11708736419677734,0.6015625,2,3
10,1575,0.14027806743979457,0.21062278747558594,0.56640625,3,4
10,1576,0.29789432371035224,0.42843228578567505,0.578125,3,7
10,1577,0.2800470963120461,0.39175987243652344,0.5859375,3,5
10,1578,0.11839784309267999,0.14572042226791382,0.625,2,3
10,1579,0.07019412564113738,0.1351104974746704,0.5078125,2,2
10,1580,0.08531785849481822,0.08719110488891602,0.69140625,2,1
10,1581,0.07126820739358665,0.19617915153503418,0.4453125,2,3
10,1582,0.09277038462460042,0.14136439561843872,0.5625,3,5
10,1583,0.04082162119448186,0.15368139743804932,0.40625,2,3
10,1584,0.25228708377107983,0.47664570808410645,0.51171875,3,5
10,1585,0.17352118855342272,0.208551287651062,0.6328125,3,5
10,1586,0.3107480790931732,0.42884910106658936,0.58984375,3,4
10,1587,0.28948136162944144,0.454645574092865,0.5546875,3,5
10,1588,0.20485568465664988,0.3943086862564087,0.5078125,3,5
10,1589,0.08438253402709961,0.08438253402709961,0.703125,3,4
10,1590,0.09097072435542942,0.22610199451446533,0.4609375,1,1
10,1591,0.0,0.16015255451202393,0.28125,2,3
10,1592,0.09449923783540727,0.10728073120117188,0.65234375,1,2
10,1593,0.2753704281058163,0.4607505202293396,0.5390625,4,5
10,1594,0.12097894353792073,0.13151001930236816,0.66796875,5,7
10,1595,0.11330807209014893,0.11330807209014893,0.7109375,4,3
10,1596,0.29206332121975725,0.43218618631362915,0.5703125,3,3
11,1457,0.17092775925993922,0.40516209602355957,0.46875,2,4
11,1319,0.16934434196446094,0.21095937490463257,0.62109375,2,3
11,1597,0.05470460071228445,0.15474450588226318,0.44140625,2,3
11,1598,0.09394983365200461,0.11995589733123779,0.61328125,1,1
11,1599,0.12494197441264988,0.16360688209533691,0.60546875,1,2
11,1600,0.09773418121039869,0.1425638198852539,0.57421875,3,3
11,1601,0.09095474705100062,0.4850919842720032,0.375,2,5
11,1602,0.11173694045282902,0.16298949718475342,0.57421875,2,3
11,1603,0.1958510312251747,0.2739773988723755,0.5859375,2,3
11,1604,0.10782709508202971,0.13597899675369263,0.6171875,2,3
11,1605,0.16606130171567204,0.23230433464050293,0.5859375,2,4
11,1606,0.05593807785771788,0.17253190279006958,0.4296875,1,2
11,1607,0.10841120034456254,0.1334291696548462,0.625,1,2
11,1608,0.15690324478782716,0.18216431140899658,0.64453125,2,5
11,1609,0.14453044440597299,0.26811444759368896,0.515625,2,3
11,1610,0.19290365371853116,0.27743446826934814,0.578125,2,3
11,1611,0.048797871684655554,0.17112678289413452,0.4140625,2,2
11,1612,0.07748789805918933,0.16127562522888184,0.4921875,1,2
11,1613,0.1548052034340799,0.21655809879302979,0.5859375,2,3
11,1614,0.1268599794711918,0.15428102016448975,0.62890625,3,3
11,1615,0.1398592900950462,0.18551284074783325,0.6015625,2,2
11,1616,0.12269543437287213,0.18156087398529053,0.5703125,2,4
11,1617,0.08271639130543919,0.16226357221603394,0.50390625,2,1
11,1618,0.077277768868953,0.14874517917633057,0.5078125,1,1
11,1619,0.10003704624250533,0.13805651664733887,0.58984375,2,3
11,1620,0.12092492030933501,0.17391449213027954,0.578125,1,2
11,1621,0.18747062655165794,0.3415834903717041,0.51953125,2,3
11,1622,0.06861634855158628,0.4337230920791626,0.36328125,3,3
11,1623,0.15994063112884763,0.21779149770736694,0.59375,2,2
11,1624,0.12483732029795648,0.15364593267440796,0.625,2,3
11,1625,0.1370680709369481,0.18181049823760986,0.6015625,1,2
11,1626,0.08924349560402335,0.14932245016098022,0.5390625,3,4
11,1627,0.12924791593104604,0.167108416557312,0.609375,2,4
11,1628,0.0822114832699299,0.15250825881958008,0.515625,2,3
11,1629,0.07163186161778869,0.15218055248260498,0.48828125,2,1
11,1576,0.3047685297206045,0.4150039553642273,0.59375,3,7
11,1587,0.2825231745373458,0.43701469898223877,0.55859375,3,5
11,1630,0.26939729694277054,0.36683887243270874,0.59375,3,5
11,1631,0.2901515581179411,0.4232410192489624,0.57421875,2,3
11,1632,0.22320430330000823,0.4216996431350708,0.51171875,4,5
11,1633,0.08806819212622942,0.1695147156715393,0.5078125,3,7
11,1634,0.2778298200573773,0.4573918581008911,0.54296875,2,3
11,1635,0.0,0.2011004090309143,0.2109375,4,5
11,1636,0.11927839159034194,0.16029012203216553,0.59765625,1,2
11,1637,0.20045357686467472,0.33539944887161255,0.5390625,2,2
11,1638,0.29003556375391787,0.40573281049728394,0.5859375,3,6
11,1639,0.20846773788798603,0.3224636912345886,0.55859375,3,6
11,1640,0.13194196356926116,0.16046148538589478,0.62890625,4,6
11,1641,0.26345580443739897,0.4268651008605957,0.546875,3,3
11,1642,0.22933111875317996,0.37754833698272705,0.54296875,2,3
11,1643,0.2649847343564034,0.4362449645996094,0.54296875,3,4
11,1644,0.2658268893137575,0.43070685863494873,0.546875,4,6
11,1645,0.19479313236661258,0.2341175675392151,0.6328125,4,6
11,1646,0.16000869916751984,0.24750590324401855,0.55859375,4,8
11,1647,0.09822649694979192,0.15915179252624512,0.546875,3,6
11,1648,0.09182000719010831,0.22821283340454102,0.4609375,1,1
11,1649,0.0820499947294593,0.17800676822662354,0.484375,2,2
11,1650,0.10822675842791799,0.4074419140815735,0.40625,3,4
11,1651,0.10107985883951189,0.12440598011016846,0.625,4,4
11,1652,0.26850832020863896,0.42170631885528564,0.5546875,3,7
11,1653,0.11965578049421312,0.1472686529159546,0.625,2,3
11,1654,0.08447302225977184,0.1390681266784668,0.54296875,4,7
11,1655,0.2578754117712379,0.3761601448059082,0.57421875,3,5
11,1656,0.04046076536178589,0.04046076536178589,0.859375,2,3
11,1657,0.09443357773125173,0.10157561302185059,0.671875,2,2
11,1658,0.0,0.19624650478363037,0.2421875,1,3
11,1659,0.16587370634078982,0.2527599334716797,0.5625,3,5
11,1660,0.21893315901979807,0.44658875465393066,0.49609375,3,4
11,1661,0.1114235306158662,0.16253232955932617,0.57421875,2,1
11,1662,0.1099210884422064,0.1496797800064087,0.59375,3,4
11,1663,0.11803119024261834,0.154557466506958,0.60546875,1,2
11,1664,0.17584857344627383,0.4168262481689453,0.46875,4,6
11,1665,0.0,0.1986624002456665,0.2265625,3,4
11,1666,0.16123105422593656,0.2742534875869751,0.53515625,1,3
11,1667,0.25565898721106356,0.37292706966400146,0.57421875,1,2
11,1668,0.1784911183640361,0.2641255855560303,0.5703125,3,5
11,1669,0.12756906822323802,0.143235445022583,0.65625,4,6
11,1670,0.10623409028630705,0.36021095514297485,0.41796875,4,6
11,1671,0.09286645078100265,0.21514761447906494,0.47265625,1,1
11,1672,0.08500303397886456,0.21126967668533325,0.4609375,3,4
11,1673,0.05208547320216895,0.17094719409942627,0.421875,3,7
11,1674,0.10573744727298619,0.2200714349746704,0.4921875,4,7
11,1675,0.12306782137602569,0.2669945955276489,0.484375,3,5
11,1676,0.2888052219059319,0.4336313009262085,0.56640625,3,3
11,1677,0.024519069585949186,0.16518110036849976,0.359375,2,3
11,1678,0.0809316474478692,0.09187805652618408,0.65234375,4,9
11,1679,0.07037898874841632,0.14951884746551514,0.48828125,2,3
11,1680,0.09186651278287174,0.14428114891052246,0.5546875,3,5
11,1681,0.2157897910801694,0.440176784992218,0.49609375,2,2
11,1682,0.09849146381020547,0.15008223056793213,0.5625,2,1
11,1683,0.17305316636338833,0.23882269859313965,0.58984375,5,5
11,1684,0.2137049739249051,0.31172919273376465,0.57421875,1,3
11,1685,0.220878676744178,0.38862502574920654,0.52734375,2,3
11,1686,0.2467545783147216,0.3651397228240967,0.5703125,2,4
11,1687,0.03934931755065918,0.03934931755065918,0.84765625,2,2
11,1688,0.12579595274291935,0.1339033842086792,0.67578125,1,1
11,1689,0.2010259106755257,0.30632519721984863,0.5625,4,7
11,1690,0.14767201384529474,0.2154076099395752,0.57421875,4,6
11,1586,0.2858764354605228,0.41700494289398193,0.57421875,3,4
11,1543,0.2901036739349366,0.3950347900390625,0.59375,2,4
11,1691,0.1208813712000847,0.17144393920898438,0.58203125,3,5
11,1692,0.14492096588946882,0.2594389319419861,0.5234375,2,4
11,1693,0.21906208293512466,0.4653933048248291,0.48828125,1,3
11,1694,0.29396422463469213,0.45471203327178955,0.55859375,3,3
11,1695,0.07896035199519248,0.09602779150009155,0.62890625,3,4
11,1696,0.18653039215132597,0.21904486417770386,0.640625,1,2
11,1697,0.12157118041068317,0.16554373502731323,0.59375,1,2
11,1698,0.14158940990455451,0.38975149393081665,0.4453125,3,4
11,1699,0.11494673299603166,0.1607998013496399,0.5859375,1,3
11,1700,0.2265138234943152,0.43599653244018555,0.5078125,3,5
11,1701,0.16144889220595363,0.19870632886886597,0.625,3,5
11,1702,0.2242745379917324,0.29748332500457764,0.6015625,3,4
11,1703,0.11459915572777392,0.1427609920501709,0.62109375,3,4
11,1704,0.04883778095245361,0.04883778095245361,0.8125,3,2
11,1705,0.24188933137338614,0.4114529490470886,0.53515625,3,2
11,1706,0.11806633137166501,0.1799106001853943,0.5625,3,3
11,1707,0.018514037132263184,0.018514037132263184,0.86328125,2,3
11,1708,0.11570534633938225,0.14773350954055786,0.61328125,1,1
11,1709,0.2197799475397915,0.35055243968963623,0.55078125,2,3
11,1710,0.2052007347811014,0.40253937244415283,0.50390625,1,3
11,1711,0.3136751488782466,0.4511283040046692,0.578125,3,5
11,1712,0.10255664587020875,0.12622356414794922,0.625,4,5
11,1713,0.2878028478007764,0.38174885511398315,0.6015625,3,4
11,1714,0.2128316382877529,0.35611045360565186,0.5390625,3,5
11,1715,0.206645954400301,0.3148890733718872,0.5625,4,5
11,1716,0.25821448210626846,0.4466412663459778,0.53125,3,4
11,1717,0.2616419687401504,0.38165438175201416,0.57421875,3,3
11,1718,0.20790305559057745,0.34227126836776733,0.54296875,3,4
11,1719,0.20857016032096004,0.39405137300491333,0.51171875,4,8
11,1720,0.09538866207003595,0.14535415172576904,0.5625,1,1
11,1721,0.15706019103527072,0.23932981491088867,0.5625,3,4
11,1722,0.1350993597880006,0.1453169584274292,0.671875,3,4
11,1723,0.0728851694148034,0.1486741304397583,0.49609375,4,5
11,1724,0.03269505500793457,0.03269505500793457,0.859375,3,4
11,1725,0.23486063489690426,0.31152498722076416,0.6015625,3,3
11,1726,0.1874213591217995,0.42460060119628906,0.4765625,3,4
11,1727,0.1984172738157213,0.4047396183013916,0.49609375,3,5
11,1728,0.10689359903335571,0.10689359903335571,0.703125,2,3
11,1729,0.2099692134652287,0.2680903673171997,0.61328125,2,4
11,1730,0.04922962584532799,0.19240891933441162,0.40234375,4,4
11,1731,0.08387574856169523,0.11575305461883545,0.58984375,2,4
11,1732,0.11080250563099982,0.14509177207946777,0.60546875,3,5
11,1733,0.12850126693956557,0.14271724224090576,0.66015625,1,1
11,1734,0.11655646841973068,0.14519929885864258,0.62109375,1,1
11,1735,0.10185475577600302,0.12099683284759521,0.63671875,3,3
11,1736,0.24835519585758453,0.41554856300354004,0.5390625,3,5
11,1737,0.12747062626294794,0.1463339924812317,0.6484375,1,1
11,1738,0.23296648811083293,0.39627522230148315,0.53515625,1,2
11,1739,0.1342220474034548,0.1507054567337036,0.65625,2,2
11,1740,0.24599118554033345,0.4328092336654663,0.52734375,1,2
12,1603,0.1699015465565026,0.25510144233703613,0.56640625,2,3
12,1610,0.16271886473987254,0.26788443326950073,0.54296875,2,3
12,1741,0.14610777853522453,0.37217503786087036,0.45703125,2,4
12,1742,0.011801271233707672,0.16784030199050903,0.328125,2,4
12,1743,0.11984209797810766,0.43517130613327026,0.41015625,3,5
12,1744,0.11514901672489943,0.12788784503936768,0.66015625,2,2
12,1745,0.034694753354415304,0.14680755138397217,0.39453125,1,1
12,1746,0.1253369513433427,0.17533475160598755,0.5859375,2,3
12,1747,0.14275195822119716,0.21752679347991943,0.5625,3,4
12,1748,0.10421672137454153,0.12238293886184692,0.640625,1,2
12,1749,0.16104170156177136,0.2222462296485901,0.58984375,3,5
12,1750,0.06731659173965455,0.13463318347930908,0.5,1,1
12,1751,0.16326927090995016,0.27318257093429565,0.5390625,2,3
12,1752,0.06907336553558709,0.12813609838485718,0.515625,2,4
12,1753,0.17218919796869162,0.2548002004623413,0.5703125,1,2
12,1754,0.09888588136527689,0.1402481198310852,0.58203125,2,4
12,1755,0.08482262399047615,0.13743412494659424,0.546875,1,1
12,1756,0.10076742433011533,0.11314237117767334,0.65625,2,4
12,1757,0.14775076392106715,0.18632608652114868,0.6171875,2,3
12,1758,0.004826154559850697,0.15443694591522217,0.3125,2,3
12,1759,0.12761440197937193,0.15159761905670166,0.63671875,2,4
12,1760,0.1489272275939584,0.18780970573425293,0.6171875,2,2
12,1761,0.05901003128383309,0.1307927966117859,0.48046875,2,2
12,1762,0.14944972854573282,0.27230697870254517,0.51953125,1,2
12,1763,0.1578615512698889,0.2405509352684021,0.5625,2,3
12,1764,0.1635043227579445,0.2318953275680542,0.58203125,2,3
12,1765,0.1046766481595114,0.12434905767440796,0.63671875,2,3
12,1766,0.06116600614041091,0.1326991319656372,0.484375,1,1
12,1767,0.08241302322130652,0.12374037504196167,0.56640625,2,2
12,1768,0.05637433496303857,0.15111863613128662,0.44921875,2,3
12,1769,0.14411092747468504,0.18400198221206665,0.61328125,2,3
12,1770,0.12360423780046405,0.14032232761383057,0.65234375,2,5
12,1771,0.08565896586515011,0.11216723918914795,0.60546875,2,3
12,1772,0.13948811590671542,0.16570281982421875,0.63671875,2,3
12,1773,0.112636991776526,0.4240451455116272,0.40625,2,3
12,1774,0.08128926716744901,0.12386935949325562,0.5625,2,2
12,1775,0.05656438786536456,0.1477600336074829,0.453125,2,3
12,1776,0.17699351138435307,0.29138481616973877,0.54296875,1,2
12,1576,0.2933874791488052,0.4048905372619629,0.58984375,3,7
12,1694,0.26629325863905257,0.4529639482498169,0.53515625,3,3
12,1777,0.2614725076127798,0.43749648332595825,0.5390625,2,2
12,1778,0.06708976114168765,0.17984271049499512,0.44921875,3,7
12,1779,0.13531721825711432,0.24655663967132568,0.51953125,4,5
12,1780,0.1239947658032179,0.1279945969581604,0.6875,3,2
12,1781,0.11413973988965155,0.12277215719223022,0.671875,2,4
12,1782,0.03360271453857422,0.03360271453857422,0.86328125,2,3
12,1783,0.03515958786010742,0.03515958786010742,0.859375,3,5
12,1784,0.11298680654726924,0.1802157163619995,0.55078125,4,5
12,1785,0.07094229967333378,0.2006765604019165,0.44140625,2,2
12,1786,0.0802783314138651,0.1078805923461914,0.59765625,2,3
12,1787,0.2353131414856762,0.3247448205947876,0.58984375,4,4
12,1788,0.19245134945958856,0.35701119899749756,0.515625,4,5
12,1789,0.17902822117321196,0.22576957941055298,0.6171875,4,4
12,1790,0.22097983304411178,0.38880300521850586,0.52734375,3,7
12,1791,0.24080532335210597,0.43876272439956665,0.51953125,2,3
12,1792,0.25809033331461256,0.3992213010787964,0.55859375,2,3
12,1793,0.17740851803682747,0.25161540508270264,0.58203125,4,8
12,1794,0.2309076884994284,0.39277321100234985,0.53515625,4,8
12,1795,0.21756669925525787,0.37008023262023926,0.53515625,3,6
12,1796,0.249157878337428,0.3634439706802368,0.57421875,3,4
12,1797,0.25422438466921454,0.42536890506744385,0.5390625,4,6
12,1798,0.07890288252383472,0.11347830295562744,0.578125,3,5
12,1799,0.08535559102892877,0.1501789093017578,0.52734375,3,4
12,1800,0.08272105897776784,0.10972326993942261,0.6015625,4,10
12,1801,0.2021347880363465,0.40426957607269287,0.5,2,2
12,1802,0.24798713321797555,0.4218252897262573,0.53515625,3,5
12,1803,0.2309333034791053,0.39281678199768066,0.53515625,3,3
12,1804,0.20363444439135495,0.3057502508163452,0.56640625,3,5
12,1805,0.03202146291732788,0.03202146291732788,0.80859375,3,5
12,1806,0.22675262391567233,0.2790801525115967,0.625,3,3
12,1807,0.08193354471586646,0.1212427020072937,0.5703125,4,6
12,1808,0.07516643218696119,0.11453932523727417,0.5625,5,8
12,1809,0.07309034024365248,0.1433802843093872,0.50390625,4,5
12,1810,0.22068239562213426,0.3817209005355835,0.53125,4,5
12,1811,0.18907301290892067,0.4587932825088501,0.46484375,4,4
12,1812,0.24670462054200473,0.3704186677932739,0.56640625,3,3
12,1813,0.06747956841718407,0.19088143110275269,0.44140625,2,1
12,1814,0.2555775557411835,0.3837410807609558,0.56640625,4,6
12,1815,0.0441164888907224,0.14958703517913818,0.41796875,2,3
12,1816,0.10959790810011329,0.12724292278289795,0.64453125,3,5
12,1817,0.0,0.2030181884765625,0.13671875,4,5
12,1818,0.2285992935067043,0.3646194338798523,0.55078125,3,7
12,1819,0.10832428629510106,0.12576425075531006,0.64453125,3,3
12,1820,0.07212307560257615,0.13141286373138428,0.51953125,2,3
12,1821,0.2087480211630464,0.3492777347564697,0.5390625,3,4
12,1822,0.10700676951091738,0.12423461675643921,0.64453125,3,3
12,1823,0.22536369354929778,0.338375985622406,0.56640625,2,5
12,1824,0.21945279662031683,0.3295009732246399,0.56640625,3,5
12,1825,0.22282999753952032,0.4456599950790405,0.5,3,4
12,1826,0.25348157936241483,0.4043070673942566,0.55078125,3,5
12,1827,0.26649086922407156,0.4387245178222656,0.54296875,3,3
12,1828,0.045745909214019775,0.045745909214019775,0.7734375,2,4
12,1829,0.11272474005818368,0.11636102199554443,0.6875,3,5
12,1830,0.19132863543927672,0.40647411346435547,0.48828125,3,7
12,1831,0.08568404335528614,0.2079157829284668,0.46484375,4,7
12,1832,0.0,0.16740357875823975,0.20703125,3,3
12,1833,0.14170993259176615,0.18322092294692993,0.609375,3,7
12,1834,0.2589366035535932,0.44789034128189087,0.53125,3,7
12,1835,0.0742301791906357,0.12027168273925781,0.546875,3,4
12,1836,0.2153774378821254,0.4672595262527466,0.484375,4,6
12,1837,0.0,0.19252288341522217,0.16796875,2,3
12,1711,0.2395632546395064,0.43649959564208984,0.51953125,3,5
12,1543,0.26680318545550114,0.3837169408798218,0.578125,2,4
12,1838,0.07329154573380949,0.09242677688598633,0.6171875,3,4
12,1839,0.21531545766629284,0.385459840297699,0.5234375,3,5
12,1840,0.09911059960722925,0.12198227643966675,0.625,3,3
12,1841,0.09958399180322887,0.2981696128845215,0.43359375,3,5
12,1842,0.0,0.18964266777038574,0.1796875,2,2
12,1843,0.24530956428498035,0.41045260429382324,0.5390625,3,5
12,1844,0.10746115003712477,0.12199580669403076,0.65234375,3,5
12,1845,0.2539904942968861,0.4468836188316345,0.52734375,3,4
12,1846,0.06126749515533447,0.06126749515533447,0.7734375,2,3
12,1847,0.21824273362290117,0.32768410444259644,0.56640625,3,5
12,1848,0.19532455457374456,0.3558938503265381,0.51953125,3,5
12,1849,0.12273635889869185,0.12798577547073364,0.68359375,1,1
12,1850,0.055326561792753644,0.13425213098526,0.46484375,1,1
12,1851,0.0731702446937561,0.0731702446937561,0.703125,3,4
12,1852,0.10987970174755902,0.11229223012924194,0.69140625,2,2
12,1853,0.17612661491148177,0.2899576425552368,0.54296875,3,5
12,1854,0.24448493961244827,0.42289286851882935,0.53125,2,3
12,1855,0.28074143035337334,0.454872190952301,0.546875,2,3
12,1856,0.1180310556665063,0.12695777416229248,0.671875,2,3
12,1857,0.11806492076721044,0.11829596757888794,0.69921875,3,3
12,1858,0.13473260402679443,0.13473260402679443,0.70703125,3,4
12,1859,0.23843491380102935,0.3744744658470154,0.5546875,2,4
12,1860,0.059477925300598145,0.059477925300598145,0.796875,2,4
12,1861,0.22345719847362494,0.38009995222091675,0.53515625,3,4
12,1862,0.23912525828927758,0.32561737298965454,0.59375,2,3
12,1863,0.23560293146874758,0.36443716287612915,0.55859375,4,5
12,1864,0.1203450735192746,0.1780828833580017,0.5703125,3,4
12,1865,0.08865022519603373,0.13118183612823486,0.5703125,3,5
12,1866,0.2238325281068683,0.3312203884124756,0.5703125,2,3
12,1867,0.08067846298217773,0.08067846298217773,0.72265625,3,5
12,1868,0.15188012318685654,0.22154593467712402,0.57421875,3,4
12,1869,0.1078241989016533,0.16430354118347168,0.5625,4,5
12,1870,0.2944476432166994,0.46244537830352783,0.5546875,3,4
12,1871,0.08891586586833002,0.24475765228271484,0.4453125,3,3
12,1872,0.24987354129552847,0.4396400451660156,0.52734375,2,4
12,1873,0.0,0.15670955181121826,0.27734375,3,3
12,1874,0.24663548730313783,0.4266127347946167,0.53125,3,5
12,1875,0.20190989167895174,0.3960837721824646,0.50390625,3,4
12,1876,0.1650550796184689,0.2340947389602661,0.58203125,2,3
12,1877,0.12147849798202517,0.206634521484375,0.53515625,1,3
12,1878,0.09705456579104067,0.1572529673576355,0.546875,2,4
12,1879,0.05918419361114502,0.05918419361114502,0.7578125,2,3
12,1880,0.19687663833610716,0.2956036329269409,0.56640625,3,5
12,1881,0.20044317597057676,0.39320653676986694,0.50390625,2,3
12,1882,0.25372401857748633,0.4542192220687866,0.5234375,4,6
12,1883,0.07213181583210827,0.15012800693511963,0.4921875,2,3
12,1884,0.07064568996429443,0.07064568996429443,0.765625,3,7
13,1776,0.18600381840951744,0.3062185049057007,0.54296875,1,2
13,1753,0.1763852704316378,0.27283763885498047,0.55859375,1,2
13,1885,0.04784834384918213,0.04784834384918213,0.86328125,2,2
13,1886,0.1593772249761969,0.33171194791793823,0.4921875,2,3
13,1887,0.18869378697127107,0.27137982845306396,0.578125,2,3
13,1888,0.061243528383784,0.1560034155845642,0.45703125,1,2
13,1889,0.12794929067604247,0.1633666753768921,0.61328125,2,4
13,1890,0.13104066066443923,0.1884629726409912,0.578125,3,4
13,1891,0.2009332592133433,0.30169451236724854,0.56640625,3,4
13,1892,0.10079490928910674,0.14295566082000732,0.58203125,1,1
13,1893,0.18838812783360484,0.24988269805908203,0.6015625,2,3
13,1894,0.13934799749404195,0.4573472738265991,0.421875,1,2
13,1895,0.14559521595947447,0.190651535987854,0.60546875,1,2
13,1896,0.0783484820276499,0.15369510650634766,0.50390625,2,2
13,1897,0.15479235723614695,0.19051367044448853,0.625,2,4
13,1898,0.16799650958273563,0.2257590889930725,0.59765625,2,3
13,1899,0.0,0.20059072971343994,0.27734375,1,2
13,1900,0.1409811095800251,0.3987973928451538,0.44140625,2,3
13,1901,0.10023191990330817,0.13832545280456543,0.58984375,2,3
13,1902,0.15490300557576123,0.20816361904144287,0.59765625,1,2
13,1903,0.14983739343006167,0.1822250485420227,0.62890625,2,2
13,1904,0.09344278089702131,0.15634870529174805,0.5390625,3,4
13,1905,0.10344650130718948,0.13901472091674805,0.59765625,1,2
13,1906,0.1036330859642476,0.1357036828994751,0.60546875,1,2
13,1907,0.102886262931861,0.1382618546485901,0.59765625,1,1
13,1908,0.08757519768550993,0.14896512031555176,0.53515625,2,2
13,1909,0.09923477901611479,0.21994894742965698,0.48046875,3,4
13,1910,0.09955072589218618,0.13738536834716797,0.58984375,2,3
13,1911,0.07668502861633898,0.15642523765563965,0.49609375,2,2
13,1912,0.10701098665595056,0.13835763931274414,0.609375,1,1
13,1913,0.02620697021484375,0.02620697021484375,0.8828125,1,1
13,1914,0.11784142348915341,0.4132521152496338,0.4140625,1,3
13,1915,0.0922886661719531,0.1427546739578247,0.55859375,1,1
13,1916,0.20635112957097593,0.26347076892852783,0.61328125,1,2
13,1917,0.06107143126428128,0.15178918838500977,0.4609375,2,1
13,1918,0.07971121289301665,0.1452389359474182,0.51953125,1,1
13,1919,0.1428511035628617,0.427717924118042,0.43359375,1,2
13,1920,0.1833237153477967,0.24316513538360596,0.6015625,1,2
13,1921,0.08206920349039139,0.13959944248199463,0.53515625,1,0
13,1576,0.3020044772420079,0.42832767963409424,0.58203125,3,7
13,1827,0.2431268985383213,0.4593393802642822,0.51171875,3,3
13,1922,0.09479394927620889,0.31111860275268555,0.421875,4,5
13,1923,0.08162502176128329,0.22468823194503784,0.4453125,2,1
13,1924,0.2087037798482925,0.3736235499382019,0.5234375,2,5
13,1925,0.24782362161204222,0.3164231777191162,0.61328125,3,3
13,1926,0.18369704252108934,0.30242085456848145,0.54296875,2,2
13,1927,0.2707579375710339,0.4457494020462036,0.54296875,3,3
13,1928,0.18499289522878828,0.4488927125930786,0.46484375,3,4
13,1929,0.09211660455912353,0.1541297435760498,0.5390625,2,1
13,1930,0.05361688183620573,0.17597335577011108,0.421875,3,4
13,1931,0.0,0.1853991150856018,0.296875,3,3
13,1932,0.3111137114465237,0.44744443893432617,0.578125,3,8
13,1933,0.12459289585240187,0.15712207555770874,0.6171875,3,5
13,1934,0.16848729830235246,0.3125561475753784,0.515625,4,4
13,1935,0.3036448345519603,0.46968626976013184,0.55859375,1,2
13,1936,0.27305097994394606,0.4040523171424866,0.5703125,3,6
13,1937,0.12114184768870474,0.13454365730285645,0.66015625,3,3
13,1938,0.25933088781312114,0.4201816916465759,0.546875,3,6
13,1939,0.22897640313021844,0.3894881010055542,0.53515625,1,2
13,1940,0.11504013091325761,0.14158785343170166,0.625,4,4
13,1941,0.04263011924922468,0.3897610902786255,0.34375,3,3
13,1942,0.07202951377257706,0.22216331958770752,0.4296875,3,2
13,1943,0.09794720448553564,0.11911869049072266,0.62890625,3,5
13,1944,0.0881079153623432,0.19960731267929077,0.4765625,4,8
13,1945,0.09448040672577919,0.2007218599319458,0.48828125,3,7
13,1946,0.17797634378075602,0.2633638381958008,0.5703125,4,8
13,1947,0.29176655807532376,0.4653722047805786,0.55078125,2,3
13,1948,0.29287086054682737,0.4462794065475464,0.5625,2,2
13,1949,0.2790745259262622,0.39039933681488037,0.5859375,5,7
13,1950,0.11433859728276731,0.1283801794052124,0.65625,4,3
13,1951,0.2217856645584107,0.4435713291168213,0.5,4,7
13,1952,0.276218815939501,0.38119685649871826,0.58984375,3,3
13,1953,0.08025162457488479,0.17787373065948486,0.48046875,3,5
13,1954,0.13458239659667018,0.1389237642288208,0.6875,5,8
13,1955,0.1181079698726535,0.1386955976486206,0.640625,2,2
13,1956,0.08843935001641513,0.13889861106872559,0.5546875,3,5
13,1957,0.27619070210494107,0.4086983799934387,0.5703125,2,2
13,1958,0.10321597382426263,0.1240530014038086,0.6328125,4,5
13,1959,0.2649584622122348,0.40984511375427246,0.55859375,4,5
13,1960,0.07568141177762301,0.1429848074913025,0.51171875,4,8
13,1961,0.2663022950291634,0.3829965591430664,0.578125,3,4
13,1962,0.14468744397163394,0.42090892791748047,0.4375,2,2
13,1963,0.06525909900665283,0.06525909900665283,0.8359375,2,5
13,1964,0.07985238358378412,0.1537008285522461,0.5078125,2,3
13,1965,0.07822033134289087,0.14252245426177979,0.51953125,3,3
13,1966,0.24591314606368547,0.3984415531158447,0.546875,3,3
13,1967,0.06185301765799523,0.17993605136871338,0.4375,3,4
13,1870,0.2766017391113565,0.4866669774055481,0.52734375,3,4
13,1855,0.28931134683080023,0.4762939214706421,0.54296875,2,3
13,1968,0.2798888722900302,0.43293988704681396,0.55859375,2,5
13,1969,0.26288595423102384,0.3677530288696289,0.5859375,3,3
13,1970,0.2826320824678988,0.42436254024505615,0.56640625,2,3
13,1971,0.08972132205963135,0.08972132205963135,0.70703125,3,4
13,1972,0.2283565034158528,0.35864579677581787,0.5546875,4,7
13,1973,0.22589741297997537,0.29963594675064087,0.6015625,3,4
13,1974,0.23760018590837723,0.3849724531173706,0.546875,3,6
13,1975,0.12523297208826992,0.13908737897872925,0.66015625,3,6
13,1976,0.23301997873932126,0.33512985706329346,0.578125,2,3
13,1977,0.20974119182210418,0.3452973961830139,0.54296875,4,6
13,1978,0.1277985451743007,0.1419367790222168,0.66015625,3,6
13,1979,0.15071240952238443,0.18113791942596436,0.6328125,3,5
13,1980,0.11068875517230482,0.14494282007217407,0.60546875,4,5
13,1981,0.08635653241071853,0.48587411642074585,0.37109375,3,5
13,1982,0.26629304839298135,0.45296359062194824,0.53515625,3,5
13,1983,0.08074768027290703,0.27379345893859863,0.41796875,3,4
13,1984,0.2924532215110958,0.4593130350112915,0.5546875,1,2
13,1985,0.08268129825592041,0.08268129825592041,0.7421875,2,3
13,1986,0.2979327098000795,0.4608505964279175,0.55859375,3,4
13,1987,0.17256083479151132,0.3591510057449341,0.4921875,4,6
13,1988,0.26618968450929975,0.3775321841239929,0.58203125,3,5
13,1989,0.1681547637563199,0.4179380536079407,0.4609375,3,4
13,1990,0.07385001750662924,0.16021698713302612,0.484375,3,5
13,1991,0.08589578419923784,0.32337236404418945,0.40625,2,4
13,1992,0.25638295966200536,0.4361065626144409,0.53515625,2,3
13,1993,0.27594606159254914,0.46171367168426514,0.5390625,3,5
13,1994,0.09467393474187703,0.15100640058517456,0.55078125,3,5
13,1995,0.30912602343596524,0.43842804431915283,0.58203125,4,5
13,1996,0.0901956893503666,0.12281966209411621,0.59375,3,5
13,1997,0.12305851047858599,0.19938594102859497,0.546875,4,7
13,1998,0.08362113602925093,0.12197726964950562,0.57421875,3,4
13,1999,0.09663053671829404,0.126534104347229,0.60546875,4,5
13,2000,0.10160934925079346,0.10160934925079346,0.73828125,2,3
13,2001,0.27062879002187407,0.4316571354866028,0.55078125,4,6
13,2002,0.0365447998046875,0.0365447998046875,0.86328125,3,3
13,2003,0.11303147091530265,0.13122928142547607,0.64453125,3,3
13,2004,0.29918213956989353,0.4185280203819275,0.5859375,3,6
13,2005,0.197889159899205,0.4204118251800537,0.48828125,2,3
13,2006,0.13311058958061042,0.13603317737579346,0.69140625,5,7
13,2007,0.262337263673544,0.39975202083587646,0.5625,4,6
13,2008,0.27383638266474014,0.3830716609954834,0.5859375,4,6
13,2009,0.1354470562655479,0.5503880381584167,0.3984375,3,5
13,2010,0.10239921463653447,0.28187310695648193,0.4453125,4,6
13,2011,0.12319083185866476,0.135351300239563,0.6640625,2,2
13,2012,0.14063215814530852,0.14815568923950195,0.6796875,3,4
13,2013,0.02931874478235842,0.4169777035713196,0.328125,2,3
13,2014,0.09303740691393615,0.23123860359191895,0.4609375,3,5
13,2015,0.13323830068111422,0.18387603759765625,0.58984375,4,6
13,2016,0.3008213415741921,0.48740673065185547,0.546875,4,7
13,2017,0.2564342032419518,0.3966595530509949,0.55859375,2,4
13,2018,0.30964577337726956,0.45820415019989014,0.5703125,3,3
13,2019,0.18342131376266482,0.3668426275253296,0.5,4,5
13,2020,0.2564351158216596,0.37405920028686523,0.57421875,2,4
13,2021,0.11185141559690238,0.13933801651000977,0.62109375,3,4
13,2022,0.21543904393911364,0.3187999725341797,0.5703125,1,2
13,2023,0.2701655765995384,0.4377366304397583,0.546875,3,4
13,2024,0.2869434646563605,0.44385212659835815,0.55859375,3,4
13,2025,0.17121428577229383,0.44725364446640015,0.453125,3,4
13,2026,0.23959939193446192,0.370618999004364,0.55859375,3,5
13,2027,0.23642390384338802,0.4466754198074341,0.51171875,3,3
13,2028,0.19559257384389642,0.2528873682022095,0.609375,2,3
14,1916,0.14146049134433272,0.2624194622039795,0.515625,1,2
14,1891,0.18790040630847218,0.29970407485961914,0.55078125,3,4
14,2029,0.10497359570581467,0.11917179822921753,0.65234375,2,3
14,2030,0.10783541877754034,0.1775296926498413,0.54296875,2,3
14,2031,0.030428409576416016,0.030428409576416016,0.859375,1,2
14,2032,0.07636287121567877,0.13913804292678833,0.51953125,2,2
14,2033,0.04000139236450195,0.04000139236450195,0.83984375,3,5
14,2034,0.12715894565917554,0.15464460849761963,0.62890625,2,4
14,2035,0.08398726209998132,0.12798058986663818,0.5625,1,1
14,2036,0.14930136175826195,0.18157315254211426,0.62890625,3,5
14,2037,0.16781582788098606,0.2762755751609802,0.54296875,3,5
14,2038,0.1673189266584814,0.21633154153823853,0.609375,1,2
14,2039,0.11654365970753135,0.12405478954315186,0.67578125,1,2
14,2040,0.02115940768271685,0.16414570808410645,0.3515625,1,1
14,2041,0.11515834485180677,0.14005005359649658,0.62890625,3,4
14,2042,0.11577373207546773,0.2109471559524536,0.51953125,1,2
14,2043,0.015059582889080061,0.4819066524505615,0.3125,1,2
14,2044,0.037427570205181844,0.16519755125045776,0.390625,2,1
14,2045,0.1083892604801804,0.13668793439865112,0.6171875,1,3
14,2046,0.08243399718776347,0.12946689128875732,0.5546875,1,1
14,2047,0.11035582062322648,0.13420945405960083,0.62890625,1,1
14,2048,0.1342458985745907,0.4140596389770508,0.4296875,1,2
14,2049,0.11731672286987305,0.11731672286987305,0.734375,2,4
14,2050,0.060091495513916016,0.060091495513916016,0.80078125,2,2
14,2051,0.08675322099588814,0.40015900135040283,0.38671875,2,2
14,2052,0.1232077474705875,0.1325259804725647,0.671875,2,3
14,2053,0.12413686513900757,0.12413686513900757,0.7109375,2,3
14,2054,0.134979072958231,0.2056823968887329,0.5625,3,4
14,2055,0.0398944616317749,0.0398944616317749,0.83984375,2,3
14,2056,0.09756630915217103,0.13837659358978271,0.58203125,1,2
14,2057,0.0,0.1826554536819458,0.21875,2,2
14,2058,0.10707401856780054,0.13338661193847656,0.62109375,1,1
14,2020,0.24738045583944773,0.38265496492385864,0.55859375,2,4
14,2017,0.20546319382265216,0.3811491131782532,0.515625,2,4
14,2059,0.12593511072918775,0.12742841243743896,0.6953125,2,4
14,2060,0.23737280047498646,0.3030794858932495,0.61328125,2,4
14,2061,0.13944290182553234,0.19243872165679932,0.58984375,3,5
14,2062,0.07829895615577699,0.15659791231155396,0.5,2,4
14,2063,0.09504685085266831,0.38622212409973145,0.3984375,3,5
14,2064,0.1777865141630173,0.24870681762695312,0.5859375,2,4
14,2065,0.196832632413134,0.3293408751487732,0.5390625,2,4
14,2066,0.019713759422302246,0.019713759422302246,0.87109375,2,4
14,2067,0.13656271714717153,0.18114018440246582,0.6015625,2,4
14,2068,0.09337794780731201,0.09337794780731201,0.73828125,3,5
14,2069,0.23091126582585278,0.31030595302581787,0.59765625,2,4
14,2070,0.2199426973238588,0.40074968338012695,0.51953125,2,3
14,2071,0.0759127140045166,0.0759127140045166,0.7421875,2,4
14,2072,0.09183884714730085,0.13025343418121338,0.58203125,2,5
14,2073,0.10073010763153435,0.1490572690963745,0.5703125,2,4
14,2074,0.11265719064977021,0.15977972745895386,0.58203125,2,4
14,2075,0.2105668187141419,0.4211336374282837,0.5,2,2
14,2076,0.20037213584873828,0.4441148638725281,0.48046875,2,4
14,2077,0.11338084004819395,0.15439093112945557,0.59375,3,6
14,2078,0.21488069789484146,0.2466791868209839,0.6484375,1,2
14,1947,0.2529454990290106,0.46088290214538574,0.51953125,2,3
14,2023,0.26689165923744446,0.43243205547332764,0.546875,3,4
14,2079,0.08964125812053682,0.17254257202148438,0.5078125,3,4
14,2080,0.07556516956537963,0.1973947286605835,0.453125,2,2
14,2081,0.11885308194905521,0.12521147727966309,0.6796875,2,2
14,2082,0.12037779833190144,0.1268177628517151,0.6796875,2,2
14,2083,0.09122106037102641,0.12760978937149048,0.5859375,3,5
14,2084,0.23187154799234128,0.4079664349555969,0.52734375,2,3
14,2085,0.12685455987229946,0.1322801113128662,0.68359375,2,3
14,2086,0.15761669562198224,0.40149128437042236,0.45703125,3,4
14,2087,0.25651297532022005,0.3447103500366211,0.59765625,3,4
14,2088,0.24036580137908464,0.39571475982666016,0.54296875,2,4
14,2089,0.22655830997973683,0.372983455657959,0.54296875,2,2
14,2090,0.06859220936894418,0.19954097270965576,0.4375,2,3
14,2091,0.0721164788119495,0.2293393611907959,0.42578125,2,3
14,2092,0.2541067656129599,0.4322347640991211,0.53515625,2,2
14,2093,0.1445007994771004,0.17165756225585938,0.63671875,2,3
14,2094,0.1311412579379976,0.24327653646469116,0.515625,3,4
14,1935,0.2619407154852525,0.4608716368675232,0.52734375,1,2
14,1948,0.24829494743607944,0.436862587928772,0.52734375,2,2
14,2095,0.07517298636958004,0.23185884952545166,0.4296875,1,2
14,2096,0.2236454607918859,0.43047547340393066,0.5078125,2,2
14,2097,0.09185628790874036,0.13027817010879517,0.58203125,3,6
14,2098,0.2598999057663605,0.4572809338569641,0.52734375,2,5
14,2099,0.09129933128133418,0.12771928310394287,0.5859375,1,3
14,2100,0.25294132484123116,0.45281803607940674,0.5234375,1,2
14,2101,0.1674254992976785,0.3632282018661499,0.484375,1,3
14,2102,0.1776373498141766,0.2628622055053711,0.5703125,1,2
14,2103,0.09310073172673584,0.24320191144943237,0.453125,1,2
14,2104,0.09835330105852337,0.1092340350151062,0.66015625,1,2
14,2105,0.12130427360534668,0.12130427360534668,0.7265625,2,4
14,2106,0.2862238065572456,0.47121089696884155,0.54296875,2,5
14,2107,0.26085723564028745,0.3751654624938965,0.578125,3,3
14,2108,0.06950604356825353,0.20219939947128296,0.4375,1,1
14,2109,0.23712125443853443,0.3782120943069458,0.55078125,5,6
14,2110,0.0634547956287861,0.33842557668685913,0.375,2,3
14,2111,0.18308754544705155,0.43398529291152954,0.46875,2,5
14,2112,0.22112580598331993,0.43377935886383057,0.50390625,2,2
14,2113,0.0695098696742207,0.21439188718795776,0.4296875,3,4
14,2114,0.12186732329428197,0.1283869743347168,0.6796875,2,2
14,2115,0.0,0.1767699122428894,0.25390625,3,4
14,2116,0.20682196039706474,0.3907485008239746,0.51171875,1,2
14,2117,0.20174271310679617,0.4115229845046997,0.49609375,1,2
14,2118,0.07570825575385244,0.17539650201797485,0.47265625,1,2
14,2119,0.12107151933014394,0.12497705221176147,0.6875,2,2
14,2120,0.062131216633133604,0.3927306532859802,0.36328125,3,4
14,2121,0.12850498605985197,0.12875646352767944,0.69921875,1,1
14,2122,0.28080349322408443,0.4155242443084717,0.5703125,1,2
14,2123,0.11991698283236475,0.13613635301589966,0.65234375,3,7
14,2124,0.11139299394562842,0.11981767416000366,0.671875,1,1
14,2125,0.27787338662892586,0.45022523403167725,0.546875,2,2
14,2126,0.12571038096211853,0.15288293361663818,0.62890625,3,6
14,2127,0.09515911317430438,0.09724843502044678,0.69140625,2,3
14,2128,0.07274758815765381,0.07274758815765381,0.734375,1,1
14,2129,0.08085874153766782,0.31602805852890015,0.40234375,3,3
14,1932,0.2887244372395799,0.4335100054740906,0.56640625,3,8
14,2018,0.29188667424023157,0.4447796940803528,0.5625,3,3
14,2130,0.06413112720474602,0.18140959739685059,0.44140625,3,3
14,2131,0.28782360767945653,0.44521355628967285,0.55859375,4,4
14,2132,0.0930315898731351,0.1337982416152954,0.578125,2,3
14,2133,0.2012023837305606,0.3872767686843872,0.5078125,4,8
14,2134,0.2312987255863846,0.4290758967399597,0.515625,3,5
14,2135,0.1903128626290709,0.3960983157157898,0.4921875,3,4
14,2136,0.09461214998736979,0.09668946266174316,0.69140625,3,4
14,2137,0.15852208924479785,0.32993215322494507,0.4921875,4,8
14,2138,0.10573731875047089,0.11139404773712158,0.6796875,3,5
14,2139,0.05736887454986572,0.05736887454986572,0.83984375,3,3
14,2140,0.16977161495015028,0.34630703926086426,0.49609375,2,3
14,2141,0.07210415275767447,0.1984802484512329,0.4453125,4,3
14,2142,0.10840377444401385,0.12729984521865845,0.640625,3,2
14,2143,0.21517967991530898,0.4668304920196533,0.484375,5,7
14,2144,0.08028779597952963,0.28155720233917236,0.4140625,3,5
14,2145,0.13796767056919637,0.18540537357330322,0.59765625,4,8
14,2146,0.19590426469221714,0.4077357053756714,0.4921875,3,6
14,2147,0.0753127932548523,0.0753127932548523,0.7421875,5,8
14,2148,0.08876956498716028,0.32234054803848267,0.41015625,3,4
14,2149,0.07069539837539197,0.23970890045166016,0.41796875,4,6
14,2150,0.0743122845888138,0.15787506103515625,0.48828125,3,7
14,2151,0.1732409284450114,0.32137447595596313,0.515625,4,7
14,2152,0.11822093767113985,0.12454551458358765,0.6796875,3,7
14,2153,0.09718245314434172,0.34080421924591064,0.4140625,2,2
14,2154,0.11966367007698865,0.12478166818618774,0.68359375,3,3
14,2155,0.1885667368769646,0.326169490814209,0.53125,3,4
14,2156,0.10117638669908048,0.20638370513916016,0.49609375,4,7
14,2157,0.14541660714894536,0.3446912169456482,0.46875,2,4
14,2158,0.23578422539867466,0.44546687602996826,0.51171875,3,6
14,2159,0.10379733075387777,0.1630191206932068,0.5546875,4,8
14,2160,0.1267702579498291,0.1267702579498291,0.7109375,3,5
14,2161,0.17211927357129755,0.30812960863113403,0.5234375,5,9
14,2162,0.0989507269114256,0.1087183952331543,0.6640625,4,7
14,2163,0.12761281686834994,0.12912601232528687,0.6953125,3,6
14,2164,0.10120916890446098,0.10140722990036011,0.69921875,3,5
14,2165,0.1718394117197022,0.38087350130081177,0.48046875,4,4
14,2166,0.2626432736869902,0.412494957447052,0.5546875,3,4
14,2167,0.07285833358764648,0.07285833358764648,0.7109375,5,8
14,2168,0.14071698486804965,0.40935850143432617,0.4375,3,6
15,1891,0.1695471382699907,0.270430326461792,0.55078125,3,4
15,2037,0.2209570845589042,0.23277783393859863,0.6796875,3,5
15,2169,0.14257442904636267,0.3543597459793091,0.4609375,2,3
15,2170,0.17065707570873204,0.18165576457977295,0.67578125,3,5
15,2171,0.0651921587996185,0.12788653373718262,0.50390625,3,4
15,2172,0.07327543990686537,0.1187247633934021,0.546875,1,2
15,2173,0.0650994721800089,0.1107339859008789,0.53515625,3,4
15,2174,0.07441719062626363,0.19948482513427734,0.44921875,3,5
15,2175,0.15595836192369464,0.18526840209960938,0.63671875,2,4
15,2176,0.09721171145793052,0.11548119783401489,0.63671875,3,4
15,2177,0.06657173554413022,0.10297501087188721,0.55859375,3,4
15,2178,0.11257709632627667,0.2867635488510132,0.45703125,3,5
15,2179,0.0,0.16034328937530518,0.18359375,2,3
15,2180,0.1491362578235567,0.16041547060012817,0.671875,1,2
15,2181,0.05925157747697086,0.15092939138412476,0.45703125,3,4
15,2182,0.03215901274234057,0.1167759895324707,0.41015625,2,4
15,2183,0.0800011968240142,0.10893779993057251,0.59375,4,6
15,2184,0.08015362545847894,0.1221388578414917,0.5625,2,3
15,2185,0.19786658952943983,0.26245516538619995,0.6015625,1,2
15,2186,0.07654995634220542,0.12602436542510986,0.54296875,2,3
15,2187,0.059638781240209944,0.14471590518951416,0.46484375,3,4
15,2188,0.12847431516274813,0.16004586219787598,0.62109375,1,3
15,2189,0.09100867609959097,0.1081123948097229,0.63671875,4,7
15,2190,0.1718914080411196,0.17743629217147827,0.6875,1,2
15,2191,0.10028225183486938,0.10028225183486938,0.703125,1,2
15,2192,0.0,0.14682650566101074,0.28125,1,2
15,2166,0.23803365370258692,0.3738442659378052,0.5546875,3,4
15,2098,0.3018891240935773,0.4004332423210144,0.6015625,2,5
15,2193,0.12897130846977237,0.2579426169395447,0.5,2,4
15,2194,0.06280576903373004,0.16406404972076416,0.453125,3,4
15,2195,0.1000343724153936,0.1293373703956604,0.609375,2,4
15,2196,0.2659746399149299,0.38252532482147217,0.578125,2,4
15,2197,0.09308513998985292,0.11456632614135742,0.625,3,3
15,2198,0.13550612237304452,0.35397517681121826,0.453125,2,4
15,2199,0.009055018424987793,0.009055018424987793,0.92578125,2,5
15,2200,0.12548375735059383,0.12572932243347168,0.69921875,2,3
15,2201,0.07091703498736025,0.08834433555603027,0.62109375,2,4
15,2202,0.22399240394588563,0.35727137327194214,0.55078125,1,2
15,2203,0.1990537277888507,0.3174937963485718,0.55078125,2,5
15,2204,0.10106080397963525,0.2709064483642578,0.44921875,3,5
15,2205,0.1126953548518941,0.1151697039604187,0.69140625,3,5
15,2206,0.23457213817164305,0.295815110206604,0.6171875,2,4
15,2207,0.224068668903783,0.3465956449508667,0.55859375,2,4
15,2208,0.15171273425221446,0.206587553024292,0.59375,1,2
15,2209,0.11648634076118472,0.2200775146484375,0.51171875,2,4
15,2210,0.0930226342752576,0.1173093318939209,0.6171875,2,2
15,2211,0.21804594248533254,0.37716054916381836,0.53125,3,5
15,2212,0.11426043510437014,0.22852087020874023,0.5,1,2
15,2213,0.16349133430048826,0.406347393989563,0.4609375,1,1
15,2214,0.19499208172783258,0.3430788516998291,0.52734375,3,6
15,2215,0.24628342874348166,0.36978626251220703,0.56640625,2,3
15,2216,0.15407817810773852,0.234785795211792,0.5625,3,5
15,2217,0.15192574239335957,0.3367358446121216,0.48046875,2,5
15,2218,0.10222514905035497,0.11477911472320557,0.65625,1,2
15,2219,0.24360493267886346,0.40104734897613525,0.54296875,3,4
15,2220,0.23557631473522636,0.26743918657302856,0.65234375,2,5
15,2221,0.24043531820643696,0.3231046795845032,0.59765625,3,4
15,2023,0.2770318980328739,0.38754189014434814,0.5859375,3,4
15,2087,0.27381306327879434,0.3143324851989746,0.6484375,3,4
15,2222,0.27266541868448263,0.3921480178833008,0.578125,2,4
15,2223,0.07054032012820245,0.15980815887451172,0.4765625,2,3
15,2224,0.26891738735139376,0.4289274215698242,0.55078125,2,3
15,2225,0.12619388103485107,0.12619388103485107,0.7265625,2,4
15,2226,0.09400966134853662,0.11855405569076538,0.6171875,3,4
15,2227,0.28480563871562486,0.359163761138916,0.6171875,3,3
15,2228,0.08540789037942888,0.11630010604858398,0.59375,2,1
15,2229,0.1597494542365894,0.2204628586769104,0.58984375,1,2
15,2230,0.2772848531603814,0.3412736654281616,0.625,4,7
15,2231,0.21785964095033708,0.3421599268913269,0.5546875,3,6
15,2232,0.1033103526569903,0.11112374067306519,0.671875,2,2
15,2233,0.252016841666773,0.3898266553878784,0.55859375,1,2
15,2234,0.0,0.16034042835235596,0.1796875,3,4
15,2235,0.08384093455970289,0.11416637897491455,0.59375,2,2
15,2236,0.0919441452715546,0.12039744853973389,0.60546875,2,4
15,2237,0.23375004949048164,0.3615710735321045,0.55859375,2,4
15,2238,0.07373656891286375,0.10040724277496338,0.59375,4,5
15,2239,0.07118695601820947,0.08761471509933472,0.625,2,4
15,2240,0.11962923116516323,0.14902716875076294,0.62109375,2,3
15,2241,0.228271977044642,0.35309743881225586,0.55859375,2,3
15,2242,0.06396677694283427,0.10702937841415405,0.5390625,3,5
15,2243,0.021650663344189528,0.13685357570648193,0.36328125,3,5
15,2244,0.0474625825881958,0.0474625825881958,0.7890625,2,0
15,2245,0.28910034417640423,0.388502299785614,0.59765625,2,4
15,2246,0.021188974380493164,0.021188974380493164,0.90625,2,3
15,2247,0.24803919252008202,0.308992862701416,0.62109375,3,4
15,2248,0.057427897118031986,0.136125385761261,0.46875,3,4
15,1932,0.2850869465619326,0.388203501701355,0.59375,3,8
15,2106,0.28399814211297786,0.41426509618759155,0.57421875,2,5
15,2249,0.0,0.18058013916015625,0.12890625,3,6
15,2250,0.009534478187561035,0.009534478187561035,0.92578125,2,1
15,2251,0.09826958179473877,0.09826958179473877,0.7265625,3,9
15,2252,0.2161354083800689,0.3802794814109802,0.52734375,2,5
15,2253,0.18733705766499045,0.25509727001190186,0.59375,3,4
15,2254,0.26509486418217426,0.3658452033996582,0.58984375,1,2
15,2255,0.29497028351761406,0.37662041187286377,0.61328125,2,5
15,2256,0.29280038550496107,0.37384986877441406,0.61328125,2,5
15,2257,0.11952997720800343,0.23448026180267334,0.50390625,1,1
15,2258,0.11276665562763812,0.2300260066986084,0.49609375,3,2
15,2259,0.0593004885595292,0.11203634738922119,0.51171875,2,5
15,2260,0.24982467247173196,0.38643574714660645,0.55859375,2,2
15,2261,0.08771037845872344,0.12794220447540283,0.57421875,3,7
15,2262,0.06100697116926314,0.11115860939025879,0.51953125,4,4
15,2263,0.09270038874819876,0.11141455173492432,0.6328125,2,4
15,2264,0.061768766492605216,0.17969095706939697,0.4375,3,8
15,2265,0.0032197104301303673,0.1498628854751587,0.30859375,2,4
15,2266,0.12025942793115975,0.24531006813049316,0.49609375,1,1
15,2267,0.20889214915223425,0.38061487674713135,0.51953125,2,2
15,2268,0.1252765178214759,0.24575316905975342,0.50390625,1,2
15,2269,0.07281319960020484,0.090706467628479,0.62109375,2,2
15,2270,0.10052706627175213,0.2560689449310303,0.45703125,2,5
15,2271,0.08090798277407886,0.16839385032653809,0.4921875,1,1
15,2272,0.13407490309327844,0.2243344783782959,0.5390625,4,9
15,2273,0.07174955913797022,0.0862342119216919,0.6328125,3,7
15,2274,0.27473851898685103,0.3791539669036865,0.58984375,3,8
15,2275,0.2902244338765741,0.41740143299102783,0.578125,3,8
15,2276,0.27384430775418883,0.3291274309158325,0.6328125,4,4
15,2277,0.06374127441085876,0.11214959621429443,0.52734375,3,7
15,2278,0.2812837804667652,0.3057692050933838,0.66796875,3,4
15,2279,0.2916791890747846,0.3868905305862427,0.6015625,3,7
15,2280,0.10249194060452284,0.2090672254562378,0.49609375,1,1
15,2281,0.0639910362660885,0.10534858703613281,0.54296875,3,3
15,2282,0.059767159633338465,0.10889959335327148,0.51953125,1,2
15,2283,0.06660712696611883,0.10792040824890137,0.546875,1,2
15,2018,0.2650702899554745,0.39799410104751587,0.56640625,3,3
15,2131,0.28734548867214477,0.39655226469039917,0.58984375,4,4
15,2284,0.18192408489994707,0.304395854473114,0.5390625,3,5
15,2285,0.016341567039489746,0.016341567039489746,0.890625,2,4
15,2286,0.22168645542114976,0.3535933494567871,0.55078125,4,8
15,2287,0.03292536735534668,0.03292536735534668,0.8984375,3,7
15,2288,0.0022237300872802734,0.0022237300872802734,0.96484375,3,2
15,2289,0.242802020162344,0.3699840307235718,0.5625,3,6
15,2290,0.07688516227062793,0.14008969068527222,0.51953125,3,2
15,2291,0.27722743619233375,0.3775011897087097,0.59375,3,3
15,2292,0.1276274882256985,0.26033973693847656,0.49609375,3,5
15,2293,0.23102434584870937,0.35735487937927246,0.55859375,4,3
15,2294,0.10064016818068923,0.2094624638557434,0.4921875,3,5
15,2295,0.2806846405146644,0.3334351181983948,0.63671875,4,4
15,2296,0.08812741388101132,0.17976588010787964,0.49609375,5,5
15,2297,0.027450203895568848,0.027450203895568848,0.89453125,5,9
15,2298,0.10304774378892036,0.1120179295539856,0.66796875,4,4
15,2299,0.20601805776823315,0.3504360318183899,0.53515625,4,4
15,2300,0.018548011779785156,0.018548011779785156,0.8828125,3,3
15,2301,0.20039383973926309,0.3147289752960205,0.5546875,3,7
15,2302,0.28348348475992685,0.38602006435394287,0.59375,4,4
15,2303,0.1275010406970978,0.25500208139419556,0.5,3,3
15,2304,0.1011163592338562,0.1011163592338562,0.703125,2,4
15,2305,0.30012683733366435,0.3832043409347534,0.61328125,3,6
15,2306,0.10244402964599432,0.1413782835006714,0.58984375,5,6
15,2307,0.27962741185911005,0.3570305109024048,0.61328125,4,4
15,2308,0.17613249609712514,0.23669248819351196,0.59765625,3,3
16,2037,0.20302864862605932,0.26930224895477295,0.6015625,3,5
16,2185,0.15938657266087833,0.2904125452041626,0.51953125,1,2
16,2309,0.1043290263041854,0.11462759971618652,0.6640625,1,2
16,2310,0.0,0.1781647801399231,0.23828125,2,2
16,2311,0.0633966587483883,0.15027356147766113,0.46875,1,1
16,2312,0.05768537521362305,0.05768537521362305,0.7734375,3,5
16,2313,0.050492585636675365,0.13189899921417236,0.453125,1,1
16,2314,0.02022615610621871,0.49313294887542725,0.31640625,4,6
16,2315,0.08355119382031263,0.15223562717437744,0.51953125,1,1
16,2316,0.05010027601383627,0.15000784397125244,0.43359375,3,4
16,2317,0.07420807541348041,0.222190260887146,0.43359375,4,7
16,2318,0.06573244486935438,0.12652260065078735,0.5078125,4,7
16,2319,0.0,0.18738240003585815,0.1953125,3,4
16,2320,0.037291663466021426,0.15153437852859497,0.3984375,1,1
16,2321,0.10238306410610677,0.1472475528717041,0.578125,4,6
16,2322,0.09566414542496206,0.13026607036590576,0.59375,4,7
16,2323,0.10178629227448256,0.1299615502357483,0.61328125,1,1
16,2324,0.029819581657648097,0.1590377688407898,0.375,1,1
16,2325,0.17014374583959582,0.20940768718719482,0.625,1,2
16,2326,0.06983920931816102,0.13967841863632202,0.5,3,6
16,2327,0.07719298882875593,0.14065057039260864,0.51953125,2,3
16,2328,0.1256380768027157,0.15100163221359253,0.6328125,3,5
16,2329,0.10258713387884201,0.13607412576675415,0.6015625,1,1
16,2278,0.24317681393586102,0.31843101978302,0.60546875,3,4
16,2276,0.2630734133999795,0.3317576050758362,0.6171875,4,4
16,2330,0.0,0.18248850107192993,0.19921875,4,5
16,2331,0.2435719119384885,0.3149212598800659,0.609375,4,4
16,2332,0.13116161758080128,0.20288443565368652,0.55859375,4,4
16,2333,0.24455150077119472,0.3161877989768982,0.609375,3,4
16,2334,0.2833881480619312,0.3664008378982544,0.609375,3,4
16,2335,0.17837148765102032,0.26394855976104736,0.5703125,4,7
16,2336,0.12336211558431388,0.18522405624389648,0.56640625,3,4
16,2337,0.11630010581575335,0.14487993717193604,0.62109375,3,4
16,2338,0.04911082983016968,0.04911082983016968,0.8046875,2,2
16,2339,0.112398439203389,0.33653801679611206,0.43359375,2,2
16,2340,0.23421491310000422,0.29904747009277344,0.61328125,3,4
16,2341,0.055215518688783057,0.14801228046417236,0.44921875,3,3
16,2342,0.11424599401652814,0.2532205581665039,0.48046875,3,4
16,2343,0.11706681014038624,0.16155850887298584,0.58984375,2,2
16,2344,0.09615226322785021,0.14873099327087402,0.55859375,4,5
16,2345,0.2858657815959305,0.37433063983917236,0.60546875,2,3
16,2279,0.23529277741909033,0.40699291229248047,0.53125,3,7
16,2275,0.24587390804663306,0.4401658773422241,0.5234375,3,8
16,2346,0.23114196583628657,0.3233461380004883,0.5859375,3,6
16,2347,0.09649599273689093,0.13685858249664307,0.58203125,2,4
16,2348,0.26480157673358923,0.39759063720703125,0.56640625,5,8
16,2349,0.13154750433750453,0.134435772895813,0.69140625,4,9
16,2350,0.10804173978976908,0.2041231393814087,0.51171875,3,6
16,2351,0.1170074548572302,0.13740324974060059,0.640625,3,6
16,2352,0.03787654638290405,0.03787654638290405,0.8359375,3,7
16,2353,0.09216903825290503,0.10236561298370361,0.66015625,5,9
16,2354,0.24378549121320253,0.38287782669067383,0.5546875,1,2
16,2355,0.10440384736284615,0.1691606640815735,0.546875,3,6
16,2356,0.08542939682956786,0.1979178786277771,0.47265625,3,8
16,2357,0.06285359757021071,0.13636034727096558,0.484375,3,7
16,2358,0.3096361458301545,0.3810906410217285,0.625,3,8
16,2359,0.3088079520966858,0.4149860143661499,0.59765625,2,4
16,2360,0.08501902478747071,0.1422540545463562,0.5390625,3,6
16,2361,0.230212152004242,0.3982048034667969,0.53125,3,8
16,2362,0.2734776773722843,0.43620115518569946,0.55078125,3,7
16,2363,0.2701020465465263,0.38308101892471313,0.58203125,2,4
16,2364,0.24350173678249123,0.36560964584350586,0.56640625,2,3
16,2365,0.2762462049722672,0.3483695983886719,0.6171875,3,8
16,2366,0.11533946916460994,0.22200679779052734,0.5078125,3,7
16,2367,0.11903686879668386,0.1382015347480774,0.64453125,2,2
16,2368,0.09990472672507168,0.13425517082214355,0.59765625,4,8
16,2369,0.17321203905157748,0.26792919635772705,0.55859375,3,7
16,2370,0.09012127993628384,0.14154016971588135,0.5546875,3,9
16,2371,0.011363029479980469,0.011363029479980469,0.90234375,4,9
16,2372,0.06636795797385277,0.1779078245162964,0.44921875,3,3
16,2373,0.11860166676342489,0.1376962661743164,0.64453125,3,4
16,2374,0.17792731337249282,0.2360072135925293,0.6015625,3,7
16,2375,0.2864234950393439,0.37032532691955566,0.609375,3,8
16,2376,0.06166875665076078,0.13668572902679443,0.48046875,3,9
16,2377,0.06842899904586376,0.11639750003814697,0.53515625,2,5
16,2378,0.2729095516260714,0.4352949857711792,0.55078125,3,7
16,2379,0.039822968188673265,0.1757703423500061,0.390625,3,7
16,2305,0.31672482518479234,0.4095028042793274,0.609375,3,6
16,2131,0.2690144050866366,0.40992671251296997,0.5625,4,4
16,2380,0.10940613644197585,0.14145439863204956,0.609375,5,4
16,2381,0.27226830297149723,0.4088016748428345,0.56640625,4,4
16,2382,0.09776479762513192,0.13865810632705688,0.58203125,4,3
16,2383,0.05096456897445024,0.13661706447601318,0.44921875,3,2
16,2384,0.0827742599649355,0.10311537981033325,0.62109375,4,4
16,2385,0.3201000280678273,0.4417552947998047,0.58984375,4,4
16,2386,0.11433636723086239,0.23322796821594238,0.49609375,3,3
16,2387,0.25484702736139303,0.3883383274078369,0.5625,3,3
16,2388,0.041976094245910645,0.041976094245910645,0.8515625,3,3
16,2389,0.1158556581940502,0.1643160581588745,0.58203125,4,7
16,2390,0.2716119156684727,0.39619743824005127,0.57421875,5,5
16,2391,0.09057673334609719,0.12500077486038208,0.58984375,4,7
16,2392,0.1457810630090535,0.2806011438369751,0.5078125,4,4
16,2393,0.28828279813751584,0.4032808542251587,0.5859375,3,4
16,2394,0.312974825501442,0.38519978523254395,0.625,2,2
16,2395,0.26840540114790207,0.39717793464660645,0.5703125,3,5
16,2396,0.08774102258030327,0.11489361524581909,0.60546875,1,2
16,2397,0.1656506806612015,0.3926534652709961,0.46875,4,5
16,2398,0.16848167683929208,0.2819039821624756,0.5390625,4,5
16,2399,0.27486096695065504,0.41883575916290283,0.5625,2,2
16,2400,0.2708434388041497,0.33334577083587646,0.625,5,5
16,2401,0.2042749356478453,0.2937886714935303,0.578125,3,3
16,2402,0.30070591019466525,0.43863654136657715,0.57421875,3,3
16,2403,0.2927632704377175,0.39865636825561523,0.59375,3,3
16,2404,0.2552597341127694,0.4271012544631958,0.5390625,5,5
16,2405,0.143763248808682,0.2127363681793213,0.5703125,4,5
16,2406,0.19064692081883552,0.34129798412323,0.5234375,3,6
16,2407,0.02899867296218872,0.02899867296218872,0.8203125,4,5
16,2408,0.14332807995378974,0.2983088493347168,0.4921875,4,2
16,2409,0.21221774443984034,0.26119107007980347,0.625,5,6
16,2410,0.08627906860783698,0.12236809730529785,0.58203125,5,4
16,2411,0.22397480544168505,0.32670968770980835,0.57421875,3,2
16,2412,0.1322419526986778,0.30637049674987793,0.47265625,4,3
16,2413,0.13724397798068824,0.20606720447540283,0.56640625,4,6
16,2414,0.16545910458080473,0.25593674182891846,0.55859375,4,4
16,2415,0.13784938841126862,0.3344970941543579,0.46484375,2,1
16,2416,0.09530511661432685,0.14102953672409058,0.5703125,4,4
16,2417,0.1001480540726334,0.13458216190338135,0.59765625,2,2
16,2098,0.28770035761408513,0.4319723844528198,0.56640625,2,5
16,2255,0.28912618104368454,0.4044606685638428,0.5859375,2,5
16,2418,0.31278920918703085,0.42592573165893555,0.59375,2,5
16,2419,0.296699739759788,0.4327927827835083,0.57421875,2,4
16,2420,0.2402999510522932,0.3187398314476013,0.6015625,2,5
16,2421,0.28098141180817043,0.4346298575401306,0.55859375,2,5
16,2422,0.23755216435529294,0.3730880618095398,0.5546875,2,4
16,2423,0.09289910085499288,0.16630887985229492,0.5234375,1,2
16,2424,0.18153746938332918,0.2610875964164734,0.578125,2,5
16,2425,0.12336199264973403,0.15949833393096924,0.609375,3,7
16,2426,0.043149702250957496,0.1513195037841797,0.4140625,1,1
16,2427,0.29487681807950145,0.4363495111465454,0.5703125,2,4
16,2428,0.1663081152364612,0.26526403427124023,0.55078125,2,5
16,2429,0.21567449427675459,0.35506540536880493,0.54296875,2,5
16,2430,0.2541818774770946,0.32454144954681396,0.61328125,2,6
16,2431,0.09749567322432996,0.14021849632263184,0.578125,2,3
16,2432,0.06396974460221828,0.17147910594940186,0.44921875,2,5
16,2433,0.1957036377862096,0.3170894384384155,0.546875,2,2
16,2434,0.10740727884694935,0.13062357902526855,0.62890625,2,5
16,2435,0.21966735692694786,0.3115503787994385,0.58203125,2,5
16,2436,0.06557616475038232,0.1519230604171753,0.47265625,2,5
16,2437,0.09758085012435916,0.19516170024871826,0.5,1,1
16,2438,0.0690470337867737,0.13809406757354736,0.5,2,2
16,2439,0.10393555567134173,0.13609975576400757,0.60546875,1,1
16,2440,0.23152119584847247,0.4218464493751526,0.51953125,3,7
16,2441,0.19187788374256345,0.33759957551956177,0.52734375,2,2
16,2442,0.2543854170944542,0.39349043369293213,0.55859375,2,5
16,2443,0.05615812540054321,0.05615812540054321,0.7890625,3,6
16,2444,0.09853253886103631,0.2009906768798828,0.49609375,2,4
16,2445,0.10400169389322401,0.1361863613128662,0.60546875,2,3
16,2446,0.22844795789569622,0.3951532244682312,0.53125,3,6
16,2447,0.12530265457462522,0.1881377100944519,0.56640625,2,6
16,2448,0.2834626205731184,0.4384678602218628,0.55859375,2,4
17,2037,0.17272478330414745,0.26717549562454224,0.55859375,3,5
17,2374,0.20522412378340962,0.230427086353302,0.65625,3,7
17,2449,0.18114424496889117,0.22294676303863525,0.625,3,6
17,2450,0.10019062366336585,0.11632108688354492,0.64453125,2,3
17,2451,0.16951181960757825,0.19243913888931274,0.65234375,3,2
17,2452,0.16692672041244808,0.30415117740631104,0.51953125,1,2
17,2453,0.10959287686273457,0.12723708152770996,0.64453125,3,6
17,2454,0.11519689136184753,0.1368464231491089,0.63671875,3,6
17,2455,0.16847310122102502,0.38167357444763184,0.4765625,3,5
17,2456,0.07731392153073104,0.12728208303451538,0.54296875,2,3
17,2457,0.10732052964158358,0.1305180788040161,0.62890625,4,7
17,2458,0.07775189541280271,0.1259777545928955,0.546875,3,7
17,2459,0.08204330969601871,0.1269068717956543,0.55859375,4,6
17,2460,0.10198867134749891,0.1170811653137207,0.6484375,1,2
17,2461,0.07718438131269069,0.13129037618637085,0.53515625,1,2
17,2462,0.06669085007160903,0.13880372047424316,0.4921875,4,7
17,2463,0.053480342030525214,0.13970375061035156,0.453125,1,1
17,2464,0.12006121873855594,0.24012243747711182,0.5,3,6
17,2465,0.07187118194997312,0.15929889678955078,0.48046875,3,5
17,2466,0.07439703110139818,0.189508855342865,0.45703125,2,1
17,2467,0.14135716867167505,0.26706594228744507,0.51171875,3,4
17,2468,0.10292863659560682,0.11556899547576904,0.65625,1,1
17,2469,0.22046568617224696,0.30425453186035156,0.58984375,4,9
17,2345,0.21553340367972854,0.3728145360946655,0.53125,2,3
17,2334,0.22490601241588595,0.36440467834472656,0.546875,3,4
17,2470,0.19776973966509107,0.3668771982192993,0.515625,2,2
17,2471,0.08204330969601871,0.1269068717956543,0.55859375,1,2
17,2472,0.16655846452340486,0.25763726234436035,0.55859375,2,2
17,2473,0.22520198416896167,0.26145899295806885,0.64453125,2,3
17,2474,0.11142047494649888,0.12790870666503906,0.6484375,4,6
17,2475,0.08227305952459575,0.11203140020370483,0.59375,3,4
17,2476,0.09777565661352129,0.1349356770515442,0.58984375,3,4
17,2477,0.12793609499931338,0.26627349853515625,0.4921875,3,4
17,2478,0.0855360059067607,0.14081811904907227,0.54296875,3,4
17,2479,0.12955091369803998,0.16138702630996704,0.62109375,2,2
17,2480,0.07677667634561659,0.3248732089996338,0.39453125,3,4
17,2481,0.1410521243233234,0.32678139209747314,0.47265625,1,2
17,2482,0.21569794742390516,0.3440415859222412,0.55078125,3,5
17,2483,0.06564515037462117,0.3027956485748291,0.38671875,3,4
17,2484,0.24838814127724623,0.39618295431137085,0.55078125,2,5
17,2485,0.1376754634547979,0.19259518384933472,0.5859375,3,5
17,2486,0.07553921639919282,0.12239265441894531,0.546875,2,4
17,2487,0.07321012439206244,0.2567368745803833,0.4140625,2,2
17,2488,0.22269186819903555,0.3248382806777954,0.57421875,3,4
17,2489,0.11598381958901884,0.1302274465560913,0.65625,4,3
17,2490,0.22817691101226958,0.29878920316696167,0.60546875,4,6
17,2491,0.09529953170567752,0.3342010974884033,0.4140625,2,1
17,2358,0.2173036970198155,0.37587666511535645,0.53125,3,8
17,2359,0.24889975704718387,0.40976423025131226,0.54296875,2,4
17,2492,0.08788824162911625,0.2980051636695862,0.41796875,3,8
17,2493,0.26065867091529077,0.38022005558013916,0.57421875,2,4
17,2494,0.0810699686408043,0.19216585159301758,0.46875,2,2
17,2495,0.026277455035597096,0.1564425230026245,0.3671875,1,1
17,2496,0.11383980698883535,0.12782013416290283,0.65625,2,3
17,2497,0.0804010236170143,0.11728012561798096,0.57421875,3,8
17,2498,0.15865129744634035,0.38497376441955566,0.46484375,4,10
17,2499,0.07698428630828857,0.07698428630828857,0.71484375,3,8
17,2500,0.09176119614858182,0.10653454065322876,0.64453125,3,9
17,2501,0.18265805719420317,0.28254055976867676,0.55859375,3,8
17,2502,0.08559648878872396,0.11353731155395508,0.6015625,3,7
17,2503,0.07839797786436976,0.1599193811416626,0.49609375,4,9
17,2504,0.23228711460251364,0.3205687403678894,0.58984375,2,3
17,2505,0.20605155453085902,0.31398332118988037,0.5625,3,5
17,2506,0.18828866002149883,0.38407886028289795,0.49609375,2,5
17,2507,0.20959826116450134,0.27446115016937256,0.60546875,3,9
17,2508,0.08461266104131938,0.18356645107269287,0.484375,4,9
17,2509,0.06970713450573386,0.24445241689682007,0.4140625,3,6
17,2510,0.0,0.17354893684387207,0.21875,4,10
17,2511,0.07803699141368271,0.1893599033355713,0.46484375,3,9
17,2512,0.08353373268619181,0.12184977531433105,0.57421875,2,4
17,2513,0.07673840690404178,0.1243356466293335,0.546875,3,8
17,2514,0.07131195068359375,0.07131195068359375,0.7421875,3,8
17,2515,0.23076895205304032,0.4359915256500244,0.51171875,2,2
17,2516,0.11862449639011176,0.14091819524765015,0.63671875,3,4
17,2517,0.04348325729370117,0.04348325729370117,0.8203125,2,5
17,2518,0.2013945418875665,0.3950728178024292,0.50390625,2,3
17,2519,0.10537383402697743,0.13126862049102783,0.62109375,3,6
17,2520,0.11234439222607763,0.13345783948898315,0.63671875,3,4
17,2521,0.17291255760937932,0.35271406173706055,0.49609375,4,8
17,2522,0.22762900404632094,0.368816614151001,0.546875,3,7
17,2523,0.2603590660728515,0.41527676582336426,0.55078125,2,3
17,2418,0.24700815742835408,0.42016005516052246,0.53515625,2,5
17,2427,0.21513241529464727,0.43026483058929443,0.5,2,4
17,2524,0.16414257127325985,0.39829856157302856,0.46484375,2,5
17,2525,0.08204330969601871,0.1269068717956543,0.55859375,2,5
17,2526,0.09528246300760658,0.2852901816368103,0.43359375,2,4
17,2527,0.2192691965028644,0.36098337173461914,0.54296875,2,5
17,2528,0.24625127157196408,0.418872594833374,0.53515625,2,4
17,2529,0.2217499613761902,0.35929107666015625,0.546875,2,3
17,2530,0.19996943499427292,0.4248313307762146,0.48828125,2,4
17,2531,0.09607955161482097,0.11547589302062988,0.6328125,3,6
17,2532,0.23212089575827125,0.33383679389953613,0.578125,1,2
17,2533,0.07552528381347656,0.07552528381347656,0.71875,3,6
17,2534,0.08476939459796996,0.11698633432388306,0.58984375,1,2
17,2535,0.06466405279934408,0.29827022552490234,0.38671875,2,5
17,2536,0.2144005066948012,0.3772270083427429,0.52734375,2,5
17,2537,0.10805774433538319,0.12404835224151611,0.6484375,3,5
17,2538,0.2292135453317315,0.4330528974533081,0.51171875,2,5
17,2539,0.08466691640205683,0.10810339450836182,0.61328125,3,6
17,2540,0.2267817144747824,0.38575494289398193,0.53515625,2,4
17,2541,0.09419408859685065,0.1069343090057373,0.65234375,3,5
17,2542,0.09713569271843882,0.17090541124343872,0.52734375,3,7
17,2543,0.13390785455703738,0.14403533935546875,0.671875,2,3
17,2544,0.0783848762512207,0.0783848762512207,0.7109375,1,1
17,2545,0.20599901117384437,0.29216480255126953,0.58203125,2,5
17,2546,0.21456801006570464,0.4130030870437622,0.5078125,1,2
17,2547,0.2502035696525127,0.4402207136154175,0.52734375,2,5
17,2548,0.2579074893146754,0.41136646270751953,0.55078125,2,5
17,2549,0.23567234002985066,0.42941009998321533,0.51953125,2,4
17,2550,0.23820283450186258,0.38594889640808105,0.546875,3,5
17,2551,0.21849776990711692,0.3329489827156067,0.5625,2,4
17,2552,0.2420748020522297,0.39222246408462524,0.546875,2,4
17,2385,0.27220774628221994,0.42751646041870117,0.5546875,4,4
17,2305,0.26240820146631455,0.4059002995491028,0.55859375,3,6
17,2553,0.11094516469165684,0.12595105171203613,0.65234375,2,3
17,2554,0.24067081231623894,0.4464617967605591,0.515625,5,6
17,2555,0.20199503423646095,0.34359288215637207,0.53515625,2,2
17,2556,0.23412448843009775,0.3982449769973755,0.53515625,4,4
17,2557,0.10011568665504457,0.13632774353027344,0.59375,5,3
17,2558,0.2000626830849797,0.37797820568084717,0.51171875,3,3
17,2559,0.10086593194864692,0.13208019733428955,0.60546875,3,2
17,2560,0.07831981778144838,0.22783946990966797,0.4375,2,1
17,2561,0.10479508037678899,0.1305476427078247,0.62109375,4,4
17,2562,0.08695415686815978,0.27652502059936523,0.42578125,3,2
17,2563,0.21999280340969568,0.3805280923843384,0.53125,2,2
17,2564,0.13876409083604815,0.3719749450683594,0.44921875,3,3
17,2565,0.06482911109924316,0.06482911109924316,0.7578125,4,4
17,2566,0.09859871864318848,0.09859871864318848,0.703125,5,4
17,2567,0.07185709476470947,0.07185709476470947,0.7265625,5,6
17,2568,0.1833279388956726,0.3739597797393799,0.49609375,4,8
17,2569,0.18353903293609622,0.3670780658721924,0.5,2,4
17,2570,0.2215241137892008,0.3479151725769043,0.5546875,3,5
17,2571,0.2821290341671557,0.4236072301864624,0.56640625,5,5
17,2572,0.20506658102385703,0.31720268726348877,0.55859375,2,3
17,2573,0.08715454465709628,0.24653661251068115,0.44140625,3,5
17,2574,0.2298095752485097,0.41140735149383545,0.5234375,3,3
17,2575,0.2311623422428966,0.41382908821105957,0.5234375,5,6
17,2576,0.0984578497009352,0.16747647523880005,0.53515625,3,4
17,2577,0.24986765626817944,0.33143067359924316,0.6015625,4,5
17,2578,0.18960666703060272,0.3172503709793091,0.5390625,3,4
17,2579,0.09014021931216122,0.28665709495544434,0.42578125,4,4
17,2580,0.15807142015546563,0.22733867168426514,0.578125,1,3
17,2581,0.19481786247342828,0.3680691719055176,0.51171875,2,3
17,2582,0.06876688287593426,0.18433845043182373,0.44921875,4,3
17,2583,0.11998238763771953,0.1494671106338501,0.62109375,3,6
17,2584,0.2160490601090715,0.40818125009536743,0.51171875,3,3
17,2585,0.27725998696405446,0.45645374059677124,0.54296875,2,4
17,2586,0.2388643762096763,0.3252621293067932,0.59375,5,5
17,2587,0.22621599119156605,0.42738962173461914,0.51171875,2,4
17,2588,0.07891861489042641,0.276755690574646,0.4140625,4,4
18,2473,0.2335374134127051,0.2485886812210083,0.67578125,2,3
18,2334,0.2531168041750789,0.3589911460876465,0.58203125,3,4
18,2589,0.039194310083985336,0.30405282974243164,0.3515625,3,5
18,2590,0.2547182780690492,0.37692415714263916,0.5703125,2,3
18,2591,0.07068228721618655,0.3769721984863281,0.375,1,1
18,2592,0.27059929375536745,0.3252273201942444,0.6328125,2,4
18,2593,0.03660063503775747,0.4570615887641907,0.33203125,2,3
18,2594,0.06828511529602112,0.32982999086380005,0.3828125,2,2
18,2595,0.05699390172958374,0.05699390172958374,0.74609375,1,2
18,2596,0.2734386592637748,0.31390267610549927,0.6484375,3,4
18,2597,0.03519787639379502,0.2371225357055664,0.359375,2,3
18,2598,0.28970072313677525,0.3893091082572937,0.59765625,2,2
18,2599,0.11994224216323347,0.13038307428359985,0.66796875,2,2
18,2600,0.09718474722467364,0.12408626079559326,0.61328125,2,4
18,2601,0.2638176856562496,0.34993433952331543,0.6015625,3,5
18,2602,0.12956419412512335,0.13240891695022583,0.69140625,3,4
18,2603,0.09206904494203628,0.1287960410118103,0.5859375,2,2
18,2604,0.03960694512352348,0.26682573556900024,0.359375,1,1
18,2605,0.10949349403381349,0.1229400634765625,0.65625,3,3
18,2606,0.04128867213148625,0.34655410051345825,0.34765625,3,3
18,2607,0.11634777509607376,0.1350795030593872,0.64453125,2,2
18,2608,0.05982730910182001,0.3366107940673828,0.37109375,2,2
18,2609,0.18039643089286986,0.2489567995071411,0.58984375,3,3
18,2587,0.27561540203168994,0.4328683614730835,0.5546875,2,4
18,2529,0.2185470433905721,0.3541015386581421,0.546875,2,3
18,2610,0.11368311149999501,0.13504815101623535,0.63671875,2,3
18,2611,0.2817531167529524,0.3737243413925171,0.6015625,2,4
18,2612,0.2583757704123855,0.3034137487411499,0.640625,3,5
18,2613,0.10790574341081084,0.13607817888259888,0.6171875,2,4
18,2614,0.108144439291209,0.27547240257263184,0.45703125,2,3
18,2615,0.08493869239464404,0.12568962574005127,0.5703125,2,3
18,2616,0.25668110791593796,0.37982869148254395,0.5703125,3,9
18,2617,0.07028657780028881,0.13279235363006592,0.51171875,1,0
18,2618,0.039495651377365,0.18217813968658447,0.38671875,3,5
18,2619,0.11579729930963369,0.14082711935043335,0.62890625,3,5
18,2620,0.2766228541731835,0.3105940818786621,0.65625,2,3
18,2621,0.09573333011940123,0.14166319370269775,0.5703125,2,5
18,2622,0.05399399856105448,0.18934881687164307,0.4140625,3,6
18,2623,0.10169266723096372,0.14422893524169922,0.58203125,3,6
18,2624,0.15144668240100148,0.2241060733795166,0.5703125,4,10
18,2625,0.09726179484277965,0.16544198989868164,0.53515625,2,3
18,2626,0.12031918158754708,0.15173256397247314,0.6171875,2,4
18,2627,0.17530421912670138,0.2266559600830078,0.609375,2,4
18,2628,0.12139607302378864,0.12658816576004028,0.68359375,2,3
18,2629,0.13971387571655217,0.18295013904571533,0.60546875,3,6
18,2630,0.14418747276067737,0.17746150493621826,0.625,4,7
18,2631,0.06799023225903512,0.36261457204818726,0.375,3,5
18,2632,0.07981197326444091,0.12534886598587036,0.5546875,2,3
18,2548,0.26425931090489035,0.4087636470794678,0.55859375,2,5
18,2547,0.258109750924632,0.45413124561309814,0.52734375,2,5
18,2633,0.0,0.173431396484375,0.19921875,1,2
18,2634,0.24744223989546305,0.42800819873809814,0.53125,3,6
18,2635,0.25497676804661756,0.45646190643310547,0.5234375,2,4
18,2636,0.10623698285780848,0.12060606479644775,0.65234375,2,5
18,2637,0.11207168409600855,0.13160711526870728,0.640625,1,1
18,2638,0.12163487076759341,0.24326974153518677,0.5,2,5
18,2639,0.1774069964885712,0.21834707260131836,0.625,1,2
18,2640,0.11212005559355022,0.13166391849517822,0.640625,2,5
18,2641,0.06898866267874838,0.132790207862854,0.5078125,3,5
18,2642,0.08680331707000732,0.08680331707000732,0.71875,1,2
18,2643,0.07367582572624089,0.13189518451690674,0.5234375,3,6
18,2644,0.06898866267874838,0.132790207862854,0.5078125,2,4
18,2645,0.20331653882749381,0.42316287755966187,0.4921875,2,5
18,2646,0.03425639867782593,0.03425639867782593,0.83984375,2,4
18,2647,0.09362638299353422,0.09966051578521729,0.67578125,3,6
18,2648,0.20939365460071716,0.42712968587875366,0.49609375,2,5
18,2649,0.22513436467852446,0.2874533534049988,0.61328125,3,5
18,2650,0.0781861401628703,0.12871801853179932,0.54296875,3,5
18,2651,0.12888704147189858,0.1386348009109497,0.671875,2,3
18,2652,0.07419754983857275,0.12414753437042236,0.5390625,1,1
18,2653,0.25982214312534785,0.40190011262893677,0.55859375,2,5
18,2654,0.27561566233634954,0.4199857711791992,0.5625,2,4
18,2655,0.04835152626037598,0.04835152626037598,0.7890625,3,6
18,2656,0.2892718096263707,0.39921069145202637,0.58984375,2,4
18,2657,0.2607106647919864,0.44346797466278076,0.53515625,1,2
18,2658,0.06898810528218748,0.13278913497924805,0.5078125,2,5
18,2659,0.28905720915645366,0.3600907325744629,0.62109375,2,4
18,2660,0.2742825775640086,0.3184414505958557,0.64453125,2,4
18,2661,0.09855254588183017,0.1118822693824768,0.65234375,2,4
18,2662,0.2509609860135243,0.38819342851638794,0.55859375,2,5
18,2663,0.1124395817751065,0.1305420994758606,0.64453125,2,5
18,2664,0.22802542103454476,0.43890607357025146,0.5078125,2,6
18,2493,0.2987710828892887,0.3814733028411865,0.61328125,2,4
18,2523,0.2861331824678928,0.42341095209121704,0.5703125,2,3
18,2665,0.11759747192263605,0.1213909387588501,0.6875,3,6
18,2666,0.20257479138672355,0.22745239734649658,0.65625,3,6
18,2667,0.11375549947842957,0.13358443975448608,0.640625,1,1
18,2668,0.08262385055422784,0.12590301036834717,0.5625,5,6
18,2669,0.1623956548282877,0.39405959844589233,0.46484375,3,5
18,2670,0.054738984443247325,0.16883349418640137,0.4296875,3,5
18,2671,0.2598595791496337,0.38453209400177,0.5703125,2,3
18,2672,0.0,0.16880494356155396,0.2578125,3,5
18,2673,0.11463415529578926,0.13461625576019287,0.640625,2,3
18,2674,0.1032413672655821,0.1065717339515686,0.6875,2,3
18,2675,0.1179861528798938,0.13855254650115967,0.640625,2,3
18,2676,0.23717771936208015,0.39046621322631836,0.54296875,2,3
18,2677,0.26274110749363905,0.37787485122680664,0.578125,2,4
18,2678,0.2537663918919862,0.35499560832977295,0.5859375,2,4
18,2679,0.09277059324085714,0.09387063980102539,0.6953125,2,5
18,2680,0.1303336888086051,0.13730627298355103,0.6796875,5,6
18,2681,0.02570159453898669,0.19938206672668457,0.3515625,2,3
18,2682,0.27784603298641747,0.3733783960342407,0.59765625,6,6
18,2683,0.19408601522445684,0.3881720304489136,0.5,6,8
18,2684,0.22914158133789903,0.40316319465637207,0.52734375,2,3
18,2685,0.09263735020067544,0.10755175352096558,0.64453125,2,3
18,2686,0.242968887090683,0.3702383041381836,0.5625,2,4
18,2687,0.132125907111913,0.46334564685821533,0.4140625,4,4
18,2688,0.10565637797117235,0.13003861904144287,0.625,1,1
18,2689,0.10018941597081722,0.12634724378585815,0.6171875,3,6
18,2690,0.27116497140377765,0.3742222785949707,0.58984375,3,6
18,2571,0.2597922733984888,0.4346851110458374,0.5390625,5,5
18,2585,0.24181479262188083,0.4654480218887329,0.5078125,2,4
18,2691,0.09544082731008531,0.09851956367492676,0.6875,4,5
18,2692,0.11716688051819803,0.13155579566955566,0.65625,3,4
18,2693,0.25330760236829525,0.4104224443435669,0.546875,3,2
18,2694,0.22751393378712242,0.40029942989349365,0.52734375,5,5
18,2695,0.2528976170578972,0.2749120593070984,0.66796875,4,4
18,2696,0.1001583083998412,0.101345956325531,0.6953125,6,6
18,2697,0.029040098190307617,0.029040098190307617,0.87890625,2,1
18,2698,0.09227350354194643,0.14492034912109375,0.5546875,5,7
18,2699,0.19902096712030473,0.2903097867965698,0.57421875,5,6
18,2700,0.24817295768298211,0.3519793748855591,0.58203125,4,4
18,2701,0.04754640022292734,0.3005402088165283,0.36328125,6,6
18,2702,0.15800172835588458,0.1699514389038086,0.671875,5,5
18,2703,0.29011531849391764,0.352824330329895,0.62890625,5,4
18,2704,0.24101526592858138,0.27981817722320557,0.64453125,3,5
18,2705,0.11205456219613555,0.4218524694442749,0.40625,5,6
18,2706,0.11024226585868747,0.12799102067947388,0.64453125,3,4
18,2707,0.29233094234950846,0.4089438319206238,0.5859375,5,5
18,2708,0.26011479413136845,0.36891627311706543,0.58203125,3,3
18,2709,0.11862170055974276,0.1730322241783142,0.57421875,3,5
18,2710,0.10649445606395604,0.12363982200622559,0.64453125,5,5
18,2711,0.1719551403075457,0.30254650115966797,0.52734375,4,5
18,2712,0.28109449613839393,0.337841272354126,0.6328125,4,4
18,2713,0.30489087291061884,0.4151705503463745,0.59375,2,2
18,2714,0.20307146757841113,0.3512587547302246,0.53125,4,4
18,2715,0.05545759201049805,0.05545759201049805,0.79296875,5,4
18,2716,0.049016594886779785,0.049016594886779785,0.80078125,4,5
18,2717,0.06771159172058105,0.06771159172058105,0.7421875,3,5
18,2718,0.056006431579589844,0.056006431579589844,0.796875,2,2
18,2719,0.2553470183629543,0.4072824716567993,0.55078125,5,5
18,2720,0.07094308082014324,0.136552095413208,0.5078125,2,4
18,2721,0.2792599573731423,0.3752784729003906,0.59765625,5,5
18,2722,0.27691677119582897,0.38738083839416504,0.5859375,3,6
18,2723,0.22979133739136162,0.3665207624435425,0.55078125,5,6
18,2724,0.08946625189855696,0.08964133262634277,0.69921875,5,5
18,2725,0.211317126872018,0.4398145079612732,0.4921875,3,4
18,2726,0.1177830694941804,0.13081330060958862,0.66015625,2,2
18,2727,0.08555114269256592,0.08555114269256592,0.734375,5,5
18,2728,0.04783107258845122,0.20239263772964478,0.39453125,3,4
19,2727,0.09146296977996826,0.09146296977996826,0.74609375,5,5
19,2652,0.07690696604549886,0.12460875511169434,0.546875,1,1
19,2729,0.06035659136250616,0.13377737998962402,0.48046875,4,4
19,2730,0.08636844158172607,0.08636844158172607,0.74609375,6,6
19,2731,0.03066662012133748,0.1554585099220276,0.37890625,4,3
19,2732,0.09431517042685301,0.11749237775802612,0.62109375,6,6
19,2733,0.08196711540222168,0.08196711540222168,0.71484375,5,5
19,2734,0.033755420241504915,0.16304504871368408,0.3828125,6,5
19,2735,0.10544617823325099,0.13135874271392822,0.62109375,5,5
19,2736,0.06722438335418701,0.06722438335418701,0.8046875,1,1
19,2523,0.24291744688525801,0.467570424079895,0.5078125,2,3
19,2587,0.28125637955963617,0.48649752140045166,0.53125,2,4
19,2737,0.0,0.1743651032447815,0.25,1,0
19,2738,0.12985182553529742,0.13404059410095215,0.6875,1,1
19,2739,0.04578798543661834,0.38431882858276367,0.34765625,2,2
19,2740,0.11737771274056287,0.13325363397598267,0.65234375,3,5
19,2741,0.11479717260226609,0.3160008192062378,0.4453125,2,4
19,2742,0.19653135898988697,0.37130647897720337,0.51171875,2,5
19,2743,0.10663727880455555,0.2716332674026489,0.45703125,2,4
19,2744,0.18692025204654786,0.232854425907135,0.62109375,3,5
19,2745,0.12582871201448145,0.15123075246810913,0.6328125,3,5
19,2746,0.09884469758253546,0.13641101121902466,0.58984375,3,4
19,2747,0.07625889871269466,0.14146578311920166,0.515625,1,1
19,2748,0.1115241050720215,0.13726043701171875,0.625,3,5
19,2749,0.26263214601203805,0.43943679332733154,0.5390625,3,8
19,2750,0.20670460932888093,0.23729318380355835,0.6484375,3,4
19,2751,0.2566238609142602,0.45941054821014404,0.5234375,2,4
19,2752,0.2021295016165823,0.4294203519821167,0.48828125,2,4
19,2753,0.20073644001968208,0.28470098972320557,0.58203125,3,5
19,2754,0.06598579883575441,0.1319715976715088,0.5,2,3
19,2755,0.07014752260874958,0.12781327962875366,0.51953125,3,7
19,2756,0.08996683917939664,0.09779834747314453,0.66796875,3,4
19,2757,0.11937239801045509,0.12706583738327026,0.67578125,2,3
19,2758,0.09476817026734353,0.1257028579711914,0.6015625,2,4
19,2759,0.035957515239715576,0.035957515239715576,0.84375,2,3
19,2760,0.25327144889160996,0.46983689069747925,0.515625,1,2
19,2761,0.016889238730072982,0.1695547103881836,0.33984375,2,2
19,2762,0.22999535000417387,0.43452996015548706,0.51171875,3,9
19,2763,0.1523456752765924,0.516562819480896,0.41796875,3,4
19,2764,0.0,0.17132866382598877,0.2890625,2,4
19,2765,0.10311903245747092,0.45514607429504395,0.390625,3,4
19,2766,0.04005818918813021,0.18477290868759155,0.38671875,3,8
19,2767,0.0,0.17915183305740356,0.25,2,3
19,2768,0.07394179468974472,0.3571528196334839,0.3828125,3,4
19,2769,0.09289491176605226,0.11433219909667969,0.625,2,4
19,2770,0.25157421489711856,0.3059524893760681,0.62890625,3,5
19,2771,0.13211958180181685,0.47975337505340576,0.41015625,3,4
19,2772,0.037387503311038024,0.16502070426940918,0.390625,3,4
19,2773,0.06599584221839906,0.1319916844367981,0.5,3,6
19,2774,0.003971397876739502,0.003971397876739502,0.9609375,1,2
19,2775,0.26133522845339036,0.47616952657699585,0.51953125,1,2
19,2776,0.11504940665327014,0.3254436254501343,0.44140625,2,3
19,2777,0.0742229127790779,0.20995652675628662,0.44140625,1,1
19,2656,0.30414280085824436,0.45006102323532104,0.5703125,2,4
19,2659,0.3316602930426598,0.408197283744812,0.625,2,4
19,2778,0.19455290213227275,0.34230613708496094,0.52734375,2,4
19,2779,0.12923220591619614,0.13076460361480713,0.6953125,1,1
19,2780,0.2103779093595222,0.4291374087333679,0.49609375,2,4
19,2781,0.06602323055267335,0.13204646110534668,0.5,3,4
19,2782,0.06373249134048821,0.13826709985733032,0.484375,2,5
19,2783,0.0,0.17706632614135742,0.22265625,2,4
19,2784,0.07949929567985238,0.13522803783416748,0.53515625,1,1
19,2785,0.27566490881145006,0.42006081342697144,0.5625,1,2
19,2786,0.11371233873069288,0.12629222869873047,0.66015625,2,3
19,2787,0.19039492611773315,0.4313371777534485,0.4765625,2,5
19,2788,0.24440513923764234,0.40236473083496094,0.54296875,1,2
19,2789,0.1175599324051291,0.19670158624649048,0.5390625,3,5
19,2790,0.29972362914122647,0.37797659635543823,0.6171875,2,4
19,2791,0.22806618874892595,0.3424336910247803,0.56640625,2,4
19,2792,0.09863666945602746,0.2790164351463318,0.44140625,2,3
19,2793,0.24407575931400066,0.4527782201766968,0.515625,2,4
19,2794,0.25641127442941075,0.49354350566864014,0.5078125,2,4
19,2795,0.26685814477968967,0.4695236086845398,0.52734375,2,3
19,2796,0.2652385195251555,0.47483259439468384,0.5234375,3,5
19,2797,0.09367642388679089,0.1029234528541565,0.6640625,1,2
19,2798,0.26806525478605187,0.427568256855011,0.55078125,2,3
19,2799,0.27741086063906556,0.4718749523162842,0.53515625,1,2
19,2800,0.2705714907497168,0.46801555156707764,0.53125,2,4
19,2801,0.11232727160677315,0.33632493019104004,0.43359375,2,3
19,2802,0.27663067495450383,0.41535162925720215,0.56640625,2,3
19,2803,0.07108978275209667,0.12296611070632935,0.53125,2,4
19,2804,0.2896283228183166,0.44800513982772827,0.55859375,1,2
19,2805,0.22994431853294378,0.45988863706588745,0.5,2,4
19,2493,0.2836632282705978,0.4259107708930969,0.56640625,2,4
19,2669,0.09840866737067702,0.4343554973602295,0.390625,3,5
19,2806,0.010780751705169678,0.010780751705169678,0.9375,4,6
19,2807,0.1020968242082745,0.24774205684661865,0.46484375,2,2
19,2808,0.29054832598194485,0.42381978034973145,0.57421875,2,3
19,2809,0.2799210614757613,0.4925071597099304,0.52734375,2,2
19,2810,0.0,0.4653054475784302,0.28515625,3,5
19,2811,0.16261965245939794,0.44764119386672974,0.4453125,3,5
19,2812,0.08233171422034503,0.11211127042770386,0.59375,2,4
19,2813,0.12220660806633533,0.36590516567230225,0.43359375,2,3
19,2814,0.09124630491714926,0.10839468240737915,0.63671875,2,3
19,2815,0.2500825156457723,0.42538952827453613,0.53515625,2,3
19,2816,0.21501363767310983,0.39886587858200073,0.515625,3,5
19,2817,0.042064821347594275,0.3845926523208618,0.34375,2,3
19,2818,0.11934033827856184,0.13254284858703613,0.66015625,2,2
19,2819,0.2991173753980548,0.4184374213218689,0.5859375,2,3
19,2820,0.10179340513423087,0.31396520137786865,0.4296875,3,6
19,2713,0.28401272092014557,0.46757078170776367,0.54296875,2,2
19,2707,0.2525987215340138,0.45220470428466797,0.5234375,5,5
19,2821,0.10250858450308444,0.11143183708190918,0.66796875,6,6
19,2822,0.030430316925048828,0.030430316925048828,0.89453125,6,7
19,2823,0.27991641685366636,0.4265393018722534,0.5625,3,5
19,2824,0.22201978974044326,0.3541250228881836,0.55078125,3,5
19,2825,0.1055151103064418,0.12250280380249023,0.64453125,2,4
19,2826,0.11257705464959146,0.32749688625335693,0.4375,2,1
19,2827,0.1457732040435076,0.22213059663772583,0.5625,5,5
19,2828,0.09829132072627546,0.18233752250671387,0.515625,4,5
19,2829,0.04805886745452881,0.04805886745452881,0.8203125,2,4
19,2830,0.12157899001613262,0.399028480052948,0.421875,5,4
19,2831,0.029293179512023926,0.029293179512023926,0.90234375,6,8
19,2832,0.19251766428351405,0.45633816719055176,0.46875,2,4
19,2833,0.12323273532092573,0.36897754669189453,0.43359375,2,1
19,2834,0.11851685587316753,0.12111902236938477,0.69140625,6,7
19,2835,0.2180924012791366,0.3973783254623413,0.51953125,5,4
19,2836,0.11559682711958887,0.1297929286956787,0.65625,2,3
19,2837,0.1239428030094132,0.12666410207748413,0.69140625,5,3
19,2838,0.07613459229469301,0.36774444580078125,0.3828125,5,5
19,2839,0.20889480435289445,0.3231242895126343,0.55859375,3,5
19,2840,0.09008697909303011,0.15073376893997192,0.5390625,6,5
19,2841,0.2360874766018242,0.33483874797821045,0.58203125,3,7
19,2842,0.0,0.5368897318840027,0.26953125,6,6
19,2843,0.22354004299268132,0.4223339557647705,0.51171875,5,5
19,2844,0.2802356713218615,0.40877681970596313,0.57421875,2,2
19,2845,0.22410402051173156,0.3812001943588257,0.53515625,7,8
19,2846,0.24033844855148348,0.3229745030403137,0.59765625,5,5
19,2847,0.2555157961323858,0.4419732689857483,0.53125,5,3
19,2848,0.017903010360896594,0.1636846661567688,0.34375,5,5
19,2849,0.2867320134537295,0.4305184483528137,0.56640625,5,5
19,2850,0.23004320659674707,0.35583722591400146,0.55859375,4,5
19,2851,0.1258583664894104,0.1258583664894104,0.7109375,2,3
19,2852,0.27411230653524404,0.3942289352416992,0.578125,5,4
19,2853,0.10594473034143449,0.14052772521972656,0.6015625,2,2
19,2854,0.07602858543395996,0.07602858543395996,0.77734375,5,3
19,2855,0.22409286117181187,0.4011732339859009,0.5234375,5,4
19,2856,0.12367215659469367,0.13028836250305176,0.6796875,5,6
19,2857,0.0729206968098879,0.17284905910491943,0.46875,3,4
19,2858,0.13397589535452428,0.1874198317527771,0.5859375,5,6
19,2859,0.1551142459502444,0.4644356369972229,0.43359375,2,2
19,2860,0.16488760709762576,0.32977521419525146,0.5,2,3
19,2861,0.23222788143903023,0.4469950199127197,0.5078125,2,2
19,2862,0.28509564895648515,0.4547320008277893,0.55078125,5,4
19,2863,0.24543143087066713,0.32138335704803467,0.60546875,2,3
19,2864,0.2357672420330346,0.32537150382995605,0.58984375,5,4
19,2865,0.265269524184987,0.4367138147354126,0.54296875,5,5
19,2866,0.28956201742403215,0.43476760387420654,0.56640625,5,4
19,2867,0.0644309180788696,0.14926981925964355,0.47265625,2,1
19,2868,0.10227532451972367,0.1430736780166626,0.5859375,5,3
20,2830,0.06819179211743177,0.34568512439727783,0.37890625,5,4
20,2735,0.06625642790459098,0.11657488346099854,0.52734375,5,5
20,2869,0.0595763318706304,0.11687004566192627,0.50390625,5,5
20,2870,0.07063757826108487,0.09249728918075562,0.60546875,6,5
20,2871,0.06425566645339133,0.11503112316131592,0.5234375,4,3
20,2872,0.0742526650428772,0.0742526650428772,0.72265625,5,4
20,2873,0.0,0.15370678901672363,0.21484375,5,3
20,2874,0.07779007684439422,0.09349417686462402,0.6328125,6,6
20,2875,0.08131516654975714,0.09440672397613525,0.64453125,5,4
20,2876,0.06116970628499986,0.10950660705566406,0.5234375,5,4
20,2877,0.06752842571586372,0.11117219924926758,0.54296875,6,5
20,2878,0.08034173748455943,0.31400740146636963,0.40234375,6,7
20,2879,0.06704434845596553,0.12437212467193604,0.515625,5,3
20,2849,0.25108222942799335,0.37154364585876465,0.5703125,5,5
20,2862,0.22619813401252037,0.39126163721084595,0.53125,5,4
20,2880,0.16028977045789364,0.29205822944641113,0.51953125,5,5
20,2881,0.11476816143840553,0.12090802192687988,0.6796875,2,2
20,2882,0.19891483453102413,0.42259085178375244,0.48828125,2,3
20,2883,0.11529270559549334,0.19942522048950195,0.53125,1,3
20,2884,0.058161818538792445,0.24610620737075806,0.39453125,4,6
20,2885,0.003716139472089713,0.17296940088272095,0.30859375,1,2
20,2886,0.06018209457397461,0.06018209457397461,0.75,2,2
20,2887,0.09156199358403684,0.12468016147613525,0.59375,1,1
20,2888,0.15011995122767988,0.1916743516921997,0.61328125,2,4
20,2889,0.14002904796507212,0.17029660940170288,0.62890625,1,2
20,2890,0.2286529038101435,0.35911130905151367,0.5546875,5,3
20,2891,0.15688479819800707,0.2964022755622864,0.51171875,3,8
20,2892,0.05843653727788479,0.1653011441230774,0.44140625,5,4
20,2893,0.24589423323050144,0.3692018985748291,0.56640625,2,2
20,2894,0.2597347237169743,0.3536813259124756,0.59375,5,5
20,2895,0.10575292387511584,0.19979888200759888,0.51171875,3,5
20,2896,0.07859539822675289,0.08280009031295776,0.6796875,1,2
20,2897,0.21589717024471614,0.36724036931991577,0.53515625,5,4
20,2898,0.10539420391432942,0.11705386638641357,0.66015625,1,1
20,2899,0.07954014313872905,0.3668878674507141,0.38671875,2,1
20,2900,0.10673340177163483,0.12828052043914795,0.6328125,2,1
20,2901,0.2325352192856372,0.416286826133728,0.5234375,2,3
20,2902,0.1604111711494625,0.3555433750152588,0.48046875,1,2
20,2903,0.10858337720856072,0.18168199062347412,0.5390625,3,5
20,2904,0.05911488400306554,0.11596482992172241,0.50390625,5,4
20,2905,0.0,0.4031263589859009,0.296875,3,7
20,2906,0.1972976214019582,0.35948890447616577,0.51953125,2,4
20,2907,0.22813194640912118,0.3528808355331421,0.55859375,2,2
20,2908,0.040192868560552604,0.16332340240478516,0.3984375,1,1
20,2909,0.08537219092249872,0.10025358200073242,0.640625,5,4
20,2910,0.18924992159008983,0.35754966735839844,0.51171875,2,2
20,2911,0.19971360079944137,0.40738391876220703,0.49609375,3,5
20,2912,0.0526770871365443,0.2058829665184021,0.40234375,2,1
20,2913,0.19978486653417352,0.36402082443237305,0.51953125,2,3
20,2914,0.09330010600388051,0.1191263198852539,0.61328125,1,3
20,2915,0.09646895201876761,0.10951685905456543,0.65234375,2,1
20,2916,0.1890641273930669,0.37088441848754883,0.50390625,6,7
20,2917,0.08984656259417535,0.1223442554473877,0.59375,3,4
20,2918,0.0770036381436512,0.35518795251846313,0.38671875,5,4
20,2919,0.10301737487316133,0.11695098876953125,0.65234375,2,2
20,2920,0.20447529852390292,0.35976409912109375,0.52734375,2,3
20,2921,0.20057555101811889,0.3150143623352051,0.5546875,6,7
20,2922,0.19065775815397504,0.40504884719848633,0.48828125,6,6
20,2923,0.06197301857173444,0.24221515655517578,0.40234375,2,3
20,2924,0.17386674857698384,0.4218946695327759,0.46484375,2,3
20,2925,0.09928462584502996,0.13888996839523315,0.5859375,3,7
20,2926,0.23173574265092617,0.3877408504486084,0.5390625,2,4
20,2927,0.09362740453798325,0.12581950426101685,0.59765625,5,6
20,2819,0.22071756422519687,0.3576183319091797,0.546875,2,3
20,2808,0.22258624131791296,0.3664442300796509,0.54296875,2,3
20,2928,0.11017842404544355,0.13242101669311523,0.6328125,1,2
20,2929,0.21497350651770836,0.391695499420166,0.51953125,1,2
20,2930,0.21620020084083083,0.3294479250907898,0.5625,1,3
20,2931,0.09900979441590609,0.11366146802902222,0.6484375,3,5
20,2932,0.08933910506311805,0.14707916975021362,0.54296875,2,2
20,2933,0.07110687205567957,0.11167705059051514,0.5546875,2,2
20,2934,0.11009887978434564,0.12361979484558105,0.65625,2,2
20,2935,0.08469297585543246,0.0848587155342102,0.69921875,2,3
20,2936,0.11139444098807873,0.12371790409088135,0.66015625,1,1
20,2937,0.22039307840168482,0.3812204599380493,0.53125,2,4
20,2938,0.03501358372159303,0.14227741956710815,0.3984375,3,4
20,2939,0.04355280846357346,0.2934083938598633,0.359375,2,3
20,2940,0.09026910504326226,0.31656014919281006,0.4140625,1,1
20,2941,0.0,0.1578478217124939,0.19140625,3,4
20,2942,0.12284553050994874,0.13793182373046875,0.65625,1,3
20,2943,0.23277285415679222,0.38321447372436523,0.54296875,2,2
20,2944,0.1140661023091525,0.12399542331695557,0.66796875,2,2
20,2945,0.10052475286647679,0.11804741621017456,0.640625,2,2
20,2946,0.11681254534050824,0.12306177616119385,0.6796875,2,3
20,2947,0.17549247411079708,0.22407019138336182,0.61328125,3,4
20,2948,0.06814858317375184,0.1578826904296875,0.47265625,3,3
20,2656,0.23629026580601936,0.3828500509262085,0.546875,2,4
20,2790,0.22032662504352632,0.3213881254196167,0.57421875,2,4
20,2949,0.0595763318706304,0.11687004566192627,0.50390625,2,2
20,2950,0.0,0.4328749179840088,0.25390625,3,6
20,2951,0.1656981706619263,0.33139634132385254,0.5,2,4
20,2952,0.10031219432130457,0.11387991905212402,0.65234375,2,2
20,2953,0.2455455427989364,0.36335062980651855,0.5703125,2,4
20,2954,0.2448117508320138,0.32898586988449097,0.59765625,1,2
20,2955,0.17645112413447353,0.2729395031929016,0.55859375,2,3
20,2956,0.188641480403021,0.37005531787872314,0.50390625,1,2
20,2957,0.09960882226005198,0.11832880973815918,0.63671875,2,3
20,2958,0.1489570677513257,0.19505375623703003,0.60546875,3,6
20,2959,0.23414307553321126,0.3027304410934448,0.609375,2,3
20,2960,0.10390272736549379,0.14943313598632812,0.578125,3,5
20,2961,0.10961915273219348,0.12872707843780518,0.640625,2,4
20,2962,0.22777042351663115,0.34707874059677124,0.5625,2,3
20,2963,0.10945470724254848,0.11650896072387695,0.67578125,2,2
20,2964,0.14433602162171158,0.1798054575920105,0.62109375,2,3
20,2965,0.05611598491668701,0.05611598491668701,0.77734375,2,3
20,2966,0.25389471929520374,0.3757054805755615,0.5703125,3,4
20,2967,0.15567973675206306,0.22389894723892212,0.578125,3,5
20,2968,0.088197133038193,0.11698687076568604,0.6015625,2,4
20,2969,0.06344399275258185,0.22248852252960205,0.4140625,2,4
20,2970,0.2364589367061854,0.3956437110900879,0.5390625,2,4
20,2971,0.20709318621084097,0.34650886058807373,0.5390625,2,4
20,2972,0.0426443845499307,0.3308170437812805,0.3515625,1,2
20,2973,0.09665698371827604,0.11096048355102539,0.6484375,2,4
20,2974,0.21714974706992513,0.4179724454879761,0.5078125,2,4
20,2659,0.22324956289958212,0.3453286290168762,0.55859375,2,4
20,2804,0.23104554531164473,0.3865860104560852,0.5390625,1,2
20,2975,0.2104093384696171,0.37020474672317505,0.52734375,1,2
20,2976,0.10257427766919137,0.1080617904663086,0.6796875,1,1
20,2977,0.10907889716327192,0.1224745512008667,0.65625,1,1
20,2978,0.07708367705345155,0.29019737243652344,0.40625,1,2
20,2979,0.1735702161677182,0.39322102069854736,0.4765625,3,5
20,2980,0.23562877764925366,0.43710845708847046,0.515625,4,5
20,2981,0.2423483625752852,0.3865494132041931,0.55078125,1,2
20,2982,0.2138766042189673,0.34113651514053345,0.55078125,2,4
20,2983,0.23271839134395125,0.34436941146850586,0.5703125,2,4
20,2984,0.1863942265044898,0.2607482075691223,0.5859375,1,2
20,2985,0.06443349085748197,0.36252689361572266,0.37109375,2,4
20,2986,0.2144644604995847,0.2920367121696472,0.59375,3,5
20,2987,0.0579567204695195,0.15953677892684937,0.4453125,2,3
20,2988,0.0,0.15863037109375,0.18359375,1,1
20,2989,0.11581372004002334,0.1220095157623291,0.6796875,2,3
20,2990,0.07344228401780131,0.41321372985839844,0.37109375,1,1
20,2991,0.059575025341473534,0.11686748266220093,0.50390625,1,1
20,2992,0.07666485873050989,0.09550464153289795,0.62109375,1,0
20,2993,0.0,0.1508021354675293,0.203125,5,4
20,2994,0.03211855888366699,0.03211855888366699,0.85546875,5,5
20,2995,0.0918053525965661,0.09573185443878174,0.68359375,2,4
20,2996,0.09936057939194144,0.12083756923675537,0.62890625,2,4
20,2997,0.20806977059692147,0.3599044680595398,0.53125,1,2
20,2998,0.23954758711624893,0.31367868185043335,0.60546875,4,3
20,2999,0.23492275737226015,0.4063528776168823,0.53125,1,2
20,3000,0.1780441028531641,0.23616212606430054,0.6015625,2,4
20,3001,0.17641325807198885,0.24678575992584229,0.5859375,1,3
20,3002,0.0622937041334808,0.2434685230255127,0.40234375,3,4
20,3003,0.05989441857673229,0.2340911626815796,0.40234375,1,1
20,3004,0.1153416344895959,0.12151217460632324,0.6796875,1,1
20,3005,0.07706303987652065,0.12103152275085449,0.5546875,6,6
20,3006,0.06233370909467341,0.11563354730606079,0.515625,1,1
20,3007,0.0,0.19117796421051025,0.125,1,2
20,3008,0.23731644009239974,0.351173460483551,0.5703125,5,4
21,2804,0.275258643552661,0.3958775997161865,0.578125,1,2
21,2659,0.26335577224381274,0.3634451627731323,0.58984375,2,4
21,3009,0.25191070139408117,0.3838639259338379,0.5625,1,2
21,3010,0.12977282830979678,0.13813656568527222,0.67578125,3,4
21,3011,0.10526846232824029,0.1250520944595337,0.63671875,2,3
21,3012,0.10974238812923433,0.14556503295898438,0.6015625,2,4
21,3013,0.2531463578343392,0.3640756607055664,0.578125,3,5
21,3014,0.10293516516685487,0.12668943405151367,0.625,2,4
21,3015,0.009098737500607974,0.17917513847351074,0.3203125,2,3
21,3016,0.12067357474006714,0.17602527141571045,0.57421875,2,3
21,3017,4.9591064453125e-05,4.9591064453125e-05,0.99609375,3,5
21,3018,0.1455131166148931,0.3371163606643677,0.47265625,2,4
21,3019,0.09267183113843204,0.13713288307189941,0.5703125,1,1
21,3020,0.12111294572241606,0.3085066080093384,0.45703125,1,1
21,3021,0.0021489704959094576,0.18337881565093994,0.3046875,2,3
21,3022,0.047967568971216686,0.16821503639221191,0.4140625,1,1
21,3023,0.0,0.1986614465713501,0.203125,2,3
21,3024,0.2025223525706679,0.3334130048751831,0.54296875,1,2
21,3025,0.1558705712668598,0.38740646839141846,0.4609375,1,2
21,3026,0.19940756796859208,0.25460517406463623,0.61328125,1,2
21,3027,0.02980971336364746,0.02980971336364746,0.859375,1,1
21,3028,0.06393151963129641,0.1588977575302124,0.4609375,1,2
21,3029,0.0781301222741604,0.14493703842163086,0.515625,1,1
21,3030,0.22866619448177522,0.41664445400238037,0.51953125,1,3
21,3031,0.09413839876651765,0.2459125518798828,0.453125,1,1
21,2943,0.2241904814727605,0.4013479948043823,0.5234375,2,2
21,2901,0.2805173532105983,0.4339120388031006,0.55859375,2,3
21,3032,0.12145806220360102,0.13203084468841553,0.66796875,1,1
21,3033,0.08597234264016153,0.10095834732055664,0.640625,2,2
21,3034,0.116855894215405,0.13722527027130127,0.640625,2,2
21,3035,0.10478709544986488,0.1426888108253479,0.59375,3,3
21,3036,0.12810264807194474,0.15043246746063232,0.640625,3,4
21,3037,0.19171881233341997,0.3760920763015747,0.50390625,2,3
21,3038,0.1303959384094924,0.13065111637115479,0.69921875,2,2
21,3039,0.10071723558939995,0.10948455333709717,0.66796875,1,1
21,3040,0.23775217868387705,0.425626277923584,0.5234375,2,4
21,3041,0.23425632272847,0.33224165439605713,0.58203125,2,3
21,3042,0.09633648861199619,0.13855135440826416,0.578125,2,3
21,3043,0.10634592175483705,0.14105987548828125,0.6015625,2,3
21,3044,0.0,0.1974492073059082,0.19921875,2,3
21,3045,0.12130698561668397,0.14245223999023438,0.640625,2,2
21,3046,0.0,0.19696545600891113,0.20703125,2,3
21,3047,0.2135921471053735,0.3891785740852356,0.51953125,2,3
21,3048,0.28137289697770035,0.3990662693977356,0.58203125,2,4
21,3049,0.11773074325174095,0.1382526159286499,0.640625,3,4
21,3050,0.2474422024097294,0.3715261220932007,0.56640625,1,2
21,3051,0.10041111800819638,0.4080197811126709,0.3984375,1,1
21,3052,0.07626039627939464,0.14678692817687988,0.5078125,2,3
21,3053,0.009774744510650635,0.009774744510650635,0.8984375,1,1
21,3054,0.12469879665877671,0.17685812711715698,0.58203125,3,5
21,2954,0.24147798679769042,0.33780527114868164,0.5859375,1,2
21,2999,0.28851471701636916,0.4208533763885498,0.57421875,1,2
21,3055,0.23249578697141263,0.3044446110725403,0.60546875,1,2
21,3056,0.1161606984678656,0.14648836851119995,0.6171875,1,1
21,3057,0.11624742869753392,0.1291077733039856,0.66015625,1,1
21,3058,0.27538061281666165,0.3960530161857605,0.578125,1,3
21,3059,0.10607080347836019,0.30856961011886597,0.4375,1,1
21,3060,0.05065488815307617,0.05065488815307617,0.80859375,1,2
21,3061,0.03689962439239026,0.16286730766296387,0.390625,2,3
21,3062,0.0,0.19868457317352295,0.203125,1,2
21,3063,0.0,0.1970367431640625,0.20703125,2,2
21,3064,0.2584308178629727,0.38241785764694214,0.5703125,1,2
21,3065,0.007343173027038574,0.007343173027038574,0.9375,2,2
21,3066,0.1065639201551676,0.1532604694366455,0.578125,1,1
21,3067,0.12433203868567946,0.23064494132995605,0.515625,1,3
21,3068,0.11526787071488799,0.17829954624176025,0.55859375,1,2
21,3069,0.11422891961410643,0.15151607990264893,0.6015625,1,2
21,3070,0.2520623032469303,0.32183516025543213,0.61328125,1,2
21,3071,0.11122180963866414,0.30615895986557007,0.4453125,1,1
21,3072,0.09451087564229968,0.3999137878417969,0.39453125,2,3
21,3073,0.06422358751296997,0.06422358751296997,0.82421875,1,2
21,3074,0.0875527383759618,0.27004218101501465,0.4296875,1,3
21,3075,0.17323828535154465,0.2898627519607544,0.5390625,1,2
21,3076,0.2827052157372237,0.36551785469055176,0.609375,1,2
21,2966,0.27520373044535523,0.39579862356185913,0.578125,3,4
21,2953,0.25495427683927124,0.3772733807563782,0.5703125,2,4
21,3077,0.2396830033976585,0.3022603392601013,0.6171875,2,5
21,3078,0.0445709228515625,0.0445709228515625,0.81640625,3,6
21,3079,0.0,0.23858529329299927,0.109375,2,3
21,3080,0.11907318164594473,0.13224613666534424,0.66015625,2,3
21,3081,0.26023357105441397,0.39073193073272705,0.56640625,3,5
21,3082,0.24789622658863666,0.30881476402282715,0.62109375,2,3
21,3083,0.09768001711927356,0.2763103246688843,0.44140625,2,3
21,3084,0.23125147586688405,0.3933579921722412,0.53515625,2,4
21,3085,0.11913919262588026,0.13231945037841797,0.66015625,3,6
21,3086,0.10624858969822527,0.14093077182769775,0.6015625,4,5
21,3087,0.25648425891995436,0.3402070999145508,0.6015625,2,3
21,3088,0.1332942247390747,0.1332942247390747,0.703125,1,1
21,3089,0.27234791452065116,0.3809894323348999,0.5859375,2,3
21,3090,0.21059128735214475,0.341211199760437,0.546875,3,4
21,3091,0.17771151545457545,0.36250317096710205,0.49609375,2,4
21,3092,0.2369195295032114,0.28813016414642334,0.62890625,2,3
21,3093,0.08919261675328018,0.2927347421646118,0.421875,3,3
21,3094,0.2662926800549031,0.3829827308654785,0.578125,1,2
21,3095,0.0962564558722079,0.14040827751159668,0.57421875,3,5
21,3096,0.026613354682922363,0.026613354682922363,0.85546875,2,3
21,3097,0.11872212309390308,0.13330203294754028,0.65625,3,4
21,3098,0.16387861222028735,0.38845300674438477,0.46875,2,3
21,3099,0.25123554863967007,0.3772217035293579,0.56640625,3,4
21,3100,0.03683627396821977,0.19646012783050537,0.375,1,3
21,3101,0.17797701293602589,0.23607313632965088,0.6015625,3,4
21,3102,0.30237481882795697,0.43487614393234253,0.578125,2,3
21,3103,0.12400533258914949,0.1280055046081543,0.6875,2,5
21,3104,0.015073418617248535,0.015073418617248535,0.89453125,2,3
21,3105,0.12698368146084252,0.39166051149368286,0.4296875,2,3
21,3106,0.21774999937042597,0.3419877290725708,0.5546875,4,6
21,2894,0.25000714953057473,0.36468279361724854,0.57421875,5,5
21,2849,0.28336807060986763,0.39106321334838867,0.58984375,5,5
21,3107,0.12423254142049701,0.12447565793991089,0.69921875,5,4
21,3108,0.2776454400736839,0.442848801612854,0.55078125,5,4
21,3109,0.0,0.19482195377349854,0.24609375,2,2
21,3110,0.21822748973499986,0.3276612162590027,0.56640625,4,3
21,3111,0.08801440405659379,0.29843294620513916,0.41796875,6,6
21,3112,0.08938193321228027,0.08938193321228027,0.71484375,5,4
21,3113,0.3100404050201178,0.42218267917633057,0.59375,1,2
21,3114,0.22809478268027308,0.31478309631347656,0.58984375,3,3
21,3115,0.2861323119141162,0.41737818717956543,0.57421875,1,2
21,3116,0.283566564321518,0.38613319396972656,0.59375,5,4
21,3117,0.1246180534362793,0.1246180534362793,0.7109375,2,3
21,3118,0.024883430451154726,0.49001216888427734,0.3203125,4,4
21,3119,0.1524447328411043,0.22558295726776123,0.5703125,3,3
21,3120,0.08763079182244839,0.27028292417526245,0.4296875,1,2
21,3121,0.22697805380448705,0.40633833408355713,0.5234375,5,4
21,3122,0.120516219525598,0.13100701570510864,0.66796875,2,2
21,3123,0.2924983822740615,0.43282997608184814,0.5703125,3,2
21,3124,0.06802207685541363,0.17327016592025757,0.45703125,4,5
21,3125,0.10442362027242781,0.1460789442062378,0.5859375,2,3
21,3126,0.10499793291091922,0.20999586582183838,0.5,6,7
21,3127,0.2031065467745066,0.35131943225860596,0.53125,1,3
21,3128,0.2422252986580134,0.3987760543823242,0.54296875,4,3
21,3129,0.10228065156843515,0.10665518045425415,0.68359375,2,2
21,3130,0.10713707352988423,0.32078468799591064,0.43359375,3,5
21,3131,0.12284068344160917,0.4165194034576416,0.41796875,5,4
21,3132,0.16384438890963796,0.38837188482284546,0.46875,5,6
21,3133,0.09274160861968996,0.2422637939453125,0.453125,2,3
21,3134,0.11201665375847371,0.3168647885322571,0.44140625,2,3
21,3135,0.04505674843676389,0.17609965801239014,0.40234375,2,3
21,3136,0.18411752837710085,0.3755704164505005,0.49609375,5,5
21,3137,0.037284255027770996,0.037284255027770996,0.86328125,6,6
21,3138,0.08560895733535291,0.2490442395210266,0.4375,5,5
21,3139,0.09158889297395946,0.29126405715942383,0.42578125,5,5
21,3140,0.25453307735733693,0.3937188386917114,0.55859375,5,4
21,3141,0.09113869816064836,0.26513075828552246,0.4375,5,4
21,3142,0.19908754702191803,0.3175477385520935,0.55078125,5,4
21,3143,0.08730912441387774,0.2170013189315796,0.4609375,2,4
21,3144,0.1000633720541373,0.1547808051109314,0.55859375,3,4
21,3145,0.12229443772230299,0.1388353705406189,0.65234375,5,4
21,3146,0.22262095776386562,0.3072289228439331,0.58984375,5,5
21,3147,0.2439345780294389,0.3890794515609741,0.55078125,5,5
21,3148,0.09043970587663354,0.14889109134674072,0.54296875,3,4
22,3041,0.2584491819143296,0.3717021942138672,0.578125,2,3
22,2943,0.2144829332828522,0.44640350341796875,0.4921875,2,2
22,3149,0.13232397288084033,0.3065605163574219,0.47265625,3,4
22,3150,0.23422183794900778,0.5081422924995422,0.484375,2,4
22,3151,0.1755481641739607,0.23904430866241455,0.59375,2,3
22,3152,0.16958443494513634,0.3679119944572449,0.484375,3,5
22,3153,0.2690713199554012,0.47341758012771606,0.52734375,2,3
22,3154,0.16023813188076022,0.34763526916503906,0.484375,2,2
22,3155,0.08117498620413245,0.11202585697174072,0.58984375,2,3
22,3156,0.27073503285646444,0.46829843521118164,0.53125,3,4
22,3157,0.25480459479149437,0.46427029371261597,0.51953125,2,4
22,3158,0.1841768212616444,0.26488351821899414,0.578125,2,3
22,3159,0.19427903846371922,0.33046799898147583,0.53515625,2,4
22,3160,0.11509165994357319,0.13362115621566772,0.64453125,2,2
22,3161,0.26053501479327684,0.4359278678894043,0.5390625,2,2
22,3162,0.1120322495698929,0.33544158935546875,0.43359375,2,3
22,3163,0.2226885871496052,0.39865928888320923,0.5234375,2,2
22,3164,0.0,0.17064309120178223,0.21875,3,2
22,2966,0.26089934352785354,0.4295191764831543,0.54296875,3,4
22,3089,0.2801466141827405,0.42063069343566895,0.56640625,2,3
22,3165,0.06752613605931403,0.5238391160964966,0.3515625,2,1
22,3166,0.13942594360560182,0.20337915420532227,0.57421875,3,4
22,3167,0.11880066711455585,0.25773704051971436,0.484375,2,2
22,3168,0.06588669272605331,0.12004977464675903,0.51953125,3,6
22,3169,0.0788068361580372,0.09699302911758423,0.625,2,2
22,3170,0.2775069423951209,0.4568603038787842,0.54296875,3,5
22,3171,0.2714785188436509,0.46958446502685547,0.53125,3,4
22,3172,0.09926021145656706,0.13885581493377686,0.5859375,3,4
22,3173,0.2003908306360245,0.3053574562072754,0.5625,3,5
22,3174,0.2666210015304387,0.3404238224029541,0.61328125,2,4
22,3175,0.193750617094338,0.3800778388977051,0.50390625,4,6
22,3176,0.10258475155569614,0.18049275875091553,0.52734375,3,4
22,3177,0.205993541283533,0.26301419734954834,0.61328125,2,4
22,3178,0.2866586213931442,0.46445953845977783,0.546875,3,5
22,3179,0.07089586649090053,0.08520817756652832,0.6328125,3,3
22,3180,0.11780282948166133,0.13676881790161133,0.64453125,2,3
22,3181,0.1027598404325545,0.11930394172668457,0.64453125,4,6
22,3182,0.0,0.1943017840385437,0.12890625,3,4
22,3183,0.2868332135258243,0.48790234327316284,0.53515625,3,4
22,3184,0.0,0.21577119827270508,0.10546875,2,2
22,3185,0.0792414052411914,0.0999300479888916,0.6171875,2,3
22,3186,0.2344272085465491,0.36818015575408936,0.5546875,2,4
22,3187,0.07152164727449419,0.08802664279937744,0.625,3,5
22,3188,0.27559003024362033,0.3475421071052551,0.6171875,2,3
22,3189,0.11176231445278974,0.2374369502067566,0.48828125,3,4
22,3190,0.07285194634459914,0.1304202675819397,0.5234375,3,6
22,3191,0.26330666569992905,0.3683415651321411,0.5859375,1,2
22,3192,0.02266669273376465,0.02266669273376465,0.875,2,4
22,2999,0.25902280001901096,0.4557377099990845,0.52734375,1,2
22,2804,0.2707766494713724,0.4387267231941223,0.546875,1,2
22,3193,0.07514226622879507,0.11119318008422852,0.5703125,1,1
22,3194,0.04193645715713501,0.04193645715713501,0.80078125,1,2
22,3195,0.11643236468080433,0.23750346899032593,0.49609375,1,1
22,3196,0.09716088976711036,0.13973701000213623,0.578125,1,1
22,3197,0.11486265622079374,0.12896859645843506,0.65625,2,3
22,3198,0.10544179938733579,0.17084240913391113,0.546875,1,2
22,3199,0.2461822335608304,0.4052903652191162,0.54296875,1,2
22,3200,0.28136434778571134,0.4163541793823242,0.5703125,1,2
22,3201,0.02007836778648199,0.48952972888946533,0.31640625,2,4
22,3202,0.17619750543963167,0.31001073122024536,0.52734375,2,4
22,3203,0.22201069537550217,0.41944456100463867,0.51171875,1,2
22,3204,0.0,0.17799878120422363,0.17578125,1,1
22,3205,0.11676297266967597,0.4239903688430786,0.41015625,1,2
22,3206,0.10442730365321042,0.36621081829071045,0.4140625,1,2
22,3207,0.10472446493804456,0.1244058609008789,0.63671875,1,2
22,3208,0.10402481723576786,0.1362166404724121,0.60546875,1,1
22,3209,0.15299030253663662,0.24788302183151245,0.546875,3,4
22,3210,0.09659881319385023,0.13331156969070435,0.58984375,1,1
22,3211,0.126199402846396,0.1386568546295166,0.6640625,2,3
22,3212,0.05568899586796761,0.1320035457611084,0.46875,1,2
22,3213,0.0,0.1909886598587036,0.20703125,1,3
22,3214,0.07599914679303767,0.09584128856658936,0.6171875,1,1
22,3215,0.28201403014827525,0.4234345555305481,0.56640625,1,2
22,3216,0.18744992418214682,0.360805869102478,0.5078125,2,3
22,3217,0.16668336535803976,0.20033305883407593,0.6328125,2,3
22,3218,0.10345518786925824,0.12289804220199585,0.63671875,1,1
22,3219,0.2590304833138362,0.44060999155044556,0.53515625,1,2
22,3220,0.09458376094698907,0.12879490852355957,0.59375,1,1
22,3221,0.10485306987538935,0.13556760549545288,0.609375,2,3
22,3123,0.2864132119575516,0.487187922000885,0.53515625,3,2
22,3058,0.24960781121626502,0.43917250633239746,0.52734375,1,3
22,3222,0.13669267902150753,0.3762723207473755,0.4453125,2,4
22,3223,0.2414386607706547,0.3287675380706787,0.59375,2,2
22,3224,0.07409205520525576,0.09010720252990723,0.62890625,1,3
22,3225,0.25258810911327606,0.3632727861404419,0.578125,1,2
22,3226,0.07682466949336232,0.1153496503829956,0.56640625,3,3
22,3227,0.09092775732278825,0.15728044509887695,0.53125,3,3
22,3228,0.0758391027338803,0.08072686195373535,0.67578125,3,3
22,3229,0.2197378082200885,0.4573404788970947,0.4921875,1,3
22,3230,0.1830336399143562,0.2748188376426697,0.56640625,3,2
22,3231,0.08186246710829438,0.11451798677444458,0.5859375,3,2
22,3232,0.10247757146134974,0.12462830543518066,0.62890625,1,2
22,3233,0.08181329746730627,0.11444920301437378,0.5859375,3,2
22,3234,0.1179786864668131,0.26727914810180664,0.4765625,4,4
22,3235,0.27328223828226333,0.457256555557251,0.5390625,3,3
22,3236,0.0866979544516653,0.21548229455947876,0.4609375,3,3
22,3237,0.10814867704175414,0.2397061586380005,0.48046875,1,2
22,3238,0.10125446924939753,0.21967071294784546,0.484375,3,2
22,3239,0.18579049268737438,0.3576117753982544,0.5078125,3,2
22,3240,0.2973771365359426,0.4160029888153076,0.5859375,2,2
22,3241,0.14765475783497098,0.3203357458114624,0.484375,3,4
22,3242,0.05569025315344334,0.13200652599334717,0.46875,2,4
22,3243,0.13085318915545943,0.226340651512146,0.53125,3,3
22,3113,0.2640123357996345,0.45666998624801636,0.53125,1,2
22,3102,0.27058444730937486,0.4680379629135132,0.53125,2,3
22,3244,0.10280413145665081,0.12806743383407593,0.62109375,1,1
22,3245,0.24285595002584165,0.38735902309417725,0.55078125,1,3
22,3246,0.05230158451013268,0.14396995306015015,0.4453125,1,1
22,3247,0.05568899586796761,0.1320035457611084,0.46875,2,2
22,3248,0.05866265296936035,0.05866265296936035,0.7734375,2,3
22,3249,0.28702641092240816,0.4373735785484314,0.5625,1,2
22,3250,0.0,0.1683056354522705,0.28515625,2,3
22,3251,0.0923363242764026,0.2046588659286499,0.48046875,1,1
22,3252,0.10483778698835523,0.12749868631362915,0.62890625,2,3
22,3253,0.04239410161972046,0.04239410161972046,0.8515625,5,6
22,3254,0.09880257747136058,0.1261519193649292,0.61328125,1,1
22,3255,0.23880658671259886,0.38692712783813477,0.546875,4,4
22,3256,0.2877714163623751,0.4320790767669678,0.56640625,5,5
22,3257,0.10037665034178646,0.11924093961715698,0.63671875,5,3
22,3258,0.28770542610436683,0.4518563747406006,0.5546875,5,4
22,3259,0.14325920515693727,0.25205743312835693,0.52734375,6,5
22,3260,0.09134438761975618,0.1863279938697815,0.49609375,1,3
22,3261,0.25107869482599204,0.4004744291305542,0.55078125,2,2
22,3262,0.26241568650584673,0.3827829957008362,0.57421875,5,5
22,3263,0.06461253797169776,0.13179928064346313,0.49609375,1,1
22,3264,0.1045330003835261,0.1124388575553894,0.671875,6,6
22,3265,0.10559293953701855,0.12121880054473877,0.6484375,5,3
22,3266,0.12010792084038259,0.1635512113571167,0.59375,2,3
22,3267,0.09504286106675865,0.13863801956176758,0.57421875,1,1
22,3268,0.09094310179352762,0.13857996463775635,0.5625,1,1
22,3269,0.09930729540064932,0.10795187950134277,0.66796875,3,4
22,3270,0.10489729489199819,0.12178552150726318,0.64453125,4,3
22,3271,0.2932052669348196,0.440237820148468,0.56640625,1,2
22,3272,0.06324362754821777,0.06324362754821777,0.80078125,2,2
22,3273,0.09569724462926389,0.13387155532836914,0.5859375,1,1
22,3274,0.0935479234904051,0.22174322605133057,0.46875,1,2
22,3275,0.10860289656557144,0.1369573473930359,0.6171875,5,5
22,3276,0.08824639767408372,0.13447070121765137,0.5625,5,5
22,3277,0.0,0.17755281925201416,0.1796875,1,2
22,3278,0.0622638463973999,0.0622638463973999,0.72265625,2,3
22,3279,0.10410638619214298,0.1363234519958496,0.60546875,6,5
22,3280,0.07856647297739984,0.11972033977508545,0.5625,1,1
22,3281,0.10352807864546777,0.12741917371749878,0.625,6,6
22,3282,0.08202508999966086,0.11022794246673584,0.59765625,6,4
22,3283,0.14873539074324074,0.3159855604171753,0.48828125,1,1
22,3284,0.2811035769991577,0.41596829891204834,0.5703125,5,5
22,3285,0.060109056066721685,0.1277005672454834,0.48828125,2,2
22,3286,0.08425062289461495,0.13438105583190918,0.55078125,1,1
22,3287,0.10245855501852931,0.137687087059021,0.59765625,5,4
22,3288,0.22201317548751837,0.4440263509750366,0.5,2,3
23,3156,0.32839970674831426,0.44131404161453247,0.59765625,3,4
23,3153,0.28441739315167075,0.4466923475265503,0.5546875,2,3
23,3289,0.05048790760338307,0.11967504024505615,0.46875,2,2
23,3290,0.1182129274820909,0.11844426393508911,0.69921875,2,3
23,3291,0.32920137373730546,0.4003589153289795,0.62890625,3,2
23,3292,0.07419743016362192,0.10671091079711914,0.578125,2,3
23,3293,0.06620940275024624,0.3725188374519348,0.37109375,2,3
23,3294,0.11607209709472956,0.1289130449295044,0.66015625,1,2
23,3295,0.10714280989486726,0.1140480637550354,0.67578125,2,2
23,3296,0.06791198439896108,0.17740273475646973,0.453125,2,2
23,3297,0.29631809913553303,0.40893495082855225,0.58984375,3,4
23,3298,0.0621842695400119,0.11535632610321045,0.515625,1,2
23,3299,0.2690129934344441,0.4428766965866089,0.54296875,3,3
23,3300,0.2768735401332379,0.42190253734588623,0.5625,3,3
23,3301,0.09463383711408825,0.24105733633041382,0.45703125,2,3
23,3302,0.04615771770477295,0.04615771770477295,0.828125,3,4
23,3303,0.12362110614776611,0.12362110614776611,0.7109375,3,3
23,3304,0.2909696951974184,0.4368811845779419,0.56640625,2,3
23,3305,0.22234524041414266,0.42797279357910156,0.5078125,2,3
23,3306,0.25127610983327037,0.3946422338485718,0.5546875,2,2
23,3307,0.0,0.20905709266662598,0.12109375,2,3
23,3308,0.0952269700355828,0.12631142139434814,0.6015625,3,2
23,3309,0.10134605015628041,0.1591692566871643,0.5546875,3,4
23,3310,0.275016209576279,0.43865513801574707,0.55078125,3,4
23,3311,0.3072070837952197,0.3874138593673706,0.6171875,2,4
23,3312,0.09317418280988933,0.2260909080505371,0.46484375,3,4
23,3313,0.10225440887734295,0.3251817226409912,0.42578125,1,1
23,3314,0.11698414199054243,0.2907567024230957,0.4609375,2,2
23,3170,0.2930573839694262,0.433657169342041,0.5703125,3,5
23,3058,0.26294497272465384,0.406730592250824,0.55859375,1,3
23,3315,0.06508583016693593,0.11258089542388916,0.53125,3,5
23,3316,0.14965311111882332,0.14994597434997559,0.69921875,2,4
23,3317,0.16390517132822427,0.30966585874557495,0.51171875,3,6
23,3318,0.11310325912199916,0.12294876575469971,0.66796875,1,2
23,3319,0.23880416399333632,0.39314383268356323,0.54296875,1,3
23,3320,0.051591878058388836,0.11952507495880127,0.47265625,2,4
23,3321,0.09516010340303184,0.2309098243713379,0.46484375,1,2
23,3322,0.10802656423766167,0.11743015050888062,0.66796875,1,2
23,3323,0.12581673986278477,0.13254767656326294,0.6796875,2,5
23,3324,0.2610867060720921,0.42302656173706055,0.546875,3,5
23,3325,0.23800167371518913,0.33755362033843994,0.58203125,1,2
23,3326,0.08009160007350148,0.10762965679168701,0.59765625,3,6
23,3327,0.25156867317855364,0.36180663108825684,0.578125,1,2
23,3328,0.0,0.5301781892776489,0.28125,1,1
23,3329,0.12963073980063203,0.4254547357559204,0.421875,1,1
23,3330,0.11927236965857449,0.37930095195770264,0.42578125,3,4
23,3331,0.14860321395099166,0.15186595916748047,0.69140625,2,3
23,3332,0.24327667802572256,0.39416980743408203,0.546875,4,7
23,3333,0.10311150224879385,0.2693524956703186,0.453125,1,3
23,3200,0.2972741196863354,0.394311785697937,0.6015625,1,2
23,2804,0.3034365866333247,0.41319024562835693,0.59375,1,2
23,3334,0.09814245020970704,0.11266577243804932,0.6484375,1,1
23,3335,0.07431062497198583,0.12853729724884033,0.53125,1,2
23,3336,0.07368366792798044,0.21435248851776123,0.4375,1,2
23,3337,0.11089248920325191,0.12316042184829712,0.66015625,1,1
23,3338,0.0,0.16000330448150635,0.21484375,1,1
23,3339,0.10013163392432035,0.108847975730896,0.66796875,1,2
23,3340,0.10931998747400941,0.3371797204017639,0.4296875,1,1
23,3341,0.048740834463387735,0.12114226818084717,0.4609375,2,4
23,3342,0.0,0.16710257530212402,0.1875,1,2
23,3343,0.2748062694445253,0.3553050756454468,0.609375,1,2
23,3344,0.16761801880784336,0.3000714182853699,0.5234375,1,2
23,3345,0.08057728596031667,0.12098407745361328,0.56640625,2,3
23,3346,0.2788605499081314,0.4379650354385376,0.5546875,1,2
23,3347,0.29527340421918785,0.36783450841903687,0.62109375,1,2
23,3348,0.12616470828652385,0.18145036697387695,0.578125,2,3
23,3349,0.0,0.1615772247314453,0.2109375,1,1
23,3350,0.30577715951949364,0.42198896408081055,0.58984375,1,2
23,3351,0.21249616006389263,0.3337363004684448,0.5546875,1,2
23,3352,0.2530817426741124,0.38564836978912354,0.5625,1,2
23,3353,0.0,0.16733920574188232,0.1875,1,1
23,3354,0.1030010241083801,0.2560025453567505,0.4609375,2,3
23,3355,0.07380451844073833,0.19784247875213623,0.44921875,1,1
23,3356,0.11674231092911215,0.18620580434799194,0.55078125,1,2
23,3357,0.25741475122049456,0.3246215581893921,0.6171875,1,2
23,3358,0.07531179767102004,0.12202417850494385,0.546875,2,4
23,3359,0.07679775450378658,0.13512182235717773,0.52734375,1,1
23,3360,0.11904041655361654,0.13079118728637695,0.6640625,1,1
23,3361,0.27516595926135784,0.3307158946990967,0.6328125,1,2
23,3178,0.3209246154874564,0.4370037317276001,0.59375,3,5
23,3089,0.3060410879552365,0.3956894874572754,0.609375,2,3
23,3362,0.04874001909047366,0.1211402416229248,0.4609375,3,4
23,3363,0.008459150791168213,0.008459150791168213,0.921875,2,2
23,3364,0.10201584175229074,0.12555795907974243,0.625,1,2
23,3365,0.2627352147828788,0.34849852323532104,0.6015625,2,3
23,3366,0.28442284092307096,0.4334062337875366,0.5625,3,5
23,3367,0.10055245552212001,0.12680506706237793,0.6171875,3,5
23,3368,0.24925884511321786,0.3742537498474121,0.56640625,3,4
23,3369,0.27521962288301444,0.4132329821586609,0.56640625,1,2
23,3370,0.0,0.16736698150634766,0.1875,2,4
23,3371,0.16619565896689895,0.23902297019958496,0.578125,3,5
23,3372,0.0535883903503418,0.0535883903503418,0.77734375,2,3
23,3373,0.07677421381231399,0.11527389287948608,0.56640625,2,2
23,3374,0.12947995262220505,0.21316313743591309,0.54296875,3,5
23,3375,0.2167480050120503,0.3626633286476135,0.5390625,4,5
23,3376,0.08797582180704923,0.11232823133468628,0.61328125,3,5
23,3377,0.138937967363745,0.2674294710159302,0.5078125,2,3
23,3378,0.09942952287383379,0.2471258044242859,0.4609375,2,2
23,3379,0.17880784906446937,0.27246910333633423,0.5625,1,2
23,3380,0.1841354375937954,0.4265943169593811,0.47265625,2,2
23,3381,0.27845321525819605,0.44413721561431885,0.55078125,3,4
23,3382,0.26351893879473215,0.3282766342163086,0.62109375,2,3
23,3383,0.08716521225869657,0.12536120414733887,0.578125,3,4
23,3384,0.11261612712405623,0.12507474422454834,0.66015625,1,2
23,3385,0.06388168665580453,0.1807039976119995,0.44140625,1,1
23,3386,0.049549221992492676,0.049549221992492676,0.76953125,3,4
23,3387,0.26950740208849316,0.45094048976898193,0.5390625,4,6
23,3388,0.2688369965180755,0.3475872278213501,0.609375,1,2
23,3389,0.10599848069250585,0.16152149438858032,0.5625,2,2
23,3240,0.3134670278523118,0.40023720264434814,0.61328125,2,2
23,3271,0.28364431997761136,0.41374897956848145,0.57421875,1,2
23,3390,0.24516582163050776,0.3792293071746826,0.55859375,1,3
23,3391,0.250807325122878,0.34612762928009033,0.58984375,3,4
23,3392,0.09756803698837758,0.19902324676513672,0.49609375,4,4
23,3393,0.19562938367016616,0.3072461485862732,0.5546875,1,3
23,3394,0.0,0.16371405124664307,0.19921875,1,2
23,3395,0.07558985380455853,0.154191255569458,0.49609375,5,5
23,3396,0.27168018114753073,0.3304044008255005,0.62890625,2,2
23,3397,0.23685974255204204,0.36092913150787354,0.5625,1,2
23,3398,0.3115897402167321,0.4028635025024414,0.609375,1,2
23,3399,0.10558486590161921,0.1254279613494873,0.63671875,5,4
23,3400,0.2706537432968617,0.43852758407592773,0.546875,6,6
23,3401,0.0,0.15393787622451782,0.2265625,3,3
23,3402,0.30057107890024787,0.44477570056915283,0.5703125,1,2
23,3403,0.0784982116892934,0.22205018997192383,0.44140625,3,3
23,3404,0.2792012395802886,0.4385001063346863,0.5546875,3,4
23,3405,0.15924235945567491,0.21976304054260254,0.58984375,3,2
23,3406,0.03183412551879883,0.03183412551879883,0.8359375,4,5
23,3407,0.2673470912268386,0.42642277479171753,0.55078125,5,4
23,3408,0.2877248588483781,0.4197012186050415,0.57421875,4,4
23,3409,0.11391142231877895,0.12382727861404419,0.66796875,2,1
23,3410,0.27524660271592444,0.3347417116165161,0.62890625,3,5
23,3411,0.22506634611636403,0.32830190658569336,0.57421875,1,3
23,3412,0.10019732220098378,0.22208237648010254,0.48046875,4,6
23,3413,0.0745171308517456,0.0745171308517456,0.703125,1,1
23,3414,0.10938446922227742,0.11765724420547485,0.671875,3,3
23,3415,0.08514730725437404,0.14017820358276367,0.54296875,1,2
23,3416,0.11033905879594387,0.11164742708206177,0.6953125,2,2
23,3417,0.2671756613999606,0.4071248173713684,0.5625,1,2
23,3418,0.17670937324874106,0.2909170389175415,0.54296875,3,4
23,3419,0.11161501077003778,0.12263280153274536,0.6640625,2,1
23,3420,0.12381345545873047,0.3502347469329834,0.44140625,1,1
23,3421,0.06337298406288029,0.12431788444519043,0.50390625,6,5
23,3422,0.09469490172341467,0.26066553592681885,0.4453125,1,1
23,3423,0.05365365138277412,0.12430167198181152,0.47265625,2,2
23,3424,0.2688044109381736,0.41579413414001465,0.55859375,2,3
23,3425,0.27160532632842666,0.39062339067459106,0.578125,1,2
23,3426,0.11236365279182794,0.21627891063690186,0.5078125,5,5
23,3427,0.09529884206131102,0.1351606845855713,0.58203125,5,4
23,3428,0.09007415408268572,0.2185685634613037,0.46484375,1,1
24,3170,0.25163109507411724,0.42102980613708496,0.5390625,3,5
24,3366,0.2911562223453075,0.43084388971328735,0.5703125,3,5
24,3429,0.11278430279344322,0.18567705154418945,0.54296875,4,8
24,3430,0.09271147358231248,0.1314910650253296,0.58203125,3,6
24,3431,0.2557356338948012,0.4143564701080322,0.546875,2,3
24,3432,0.12689142627641561,0.18249553442001343,0.578125,3,3
24,3433,0.06020939350128174,0.06020939350128174,0.80859375,4,6
24,3434,0.23887985595501965,0.37517327070236206,0.5546875,2,3
24,3435,0.04684412479400635,0.04684412479400635,0.81640625,2,3
24,3436,0.18734709103591743,0.3296278715133667,0.52734375,3,6
24,3437,0.23858919600024825,0.3805534839630127,0.55078125,3,5
24,3438,0.20063232164829972,0.3721874952316284,0.515625,2,3
24,3439,0.23766085971146828,0.39765477180480957,0.5390625,4,6
24,3440,0.29709477955475455,0.4396315813064575,0.5703125,1,2
24,3441,0.0773782206233591,0.17926537990570068,0.47265625,3,4
24,3442,0.08440413419157268,0.10264825820922852,0.62890625,3,6
24,3443,0.22976282250601804,0.4186425805091858,0.51953125,3,5
24,3444,0.20716596161946657,0.3204500675201416,0.55859375,3,4
24,3445,0.07089656591415407,0.1417931318283081,0.5,3,5
24,3446,0.08121163956820966,0.11846256256103516,0.57421875,1,2
24,3447,0.0,0.17030072212219238,0.21875,1,1
24,3448,0.10389443300664426,0.2582230567932129,0.4609375,3,5
24,3449,0.09464597702026367,0.09464597702026367,0.73046875,1,1
24,3450,0.1607743697240949,0.34879863262176514,0.484375,2,2
24,3451,0.0,0.1608620285987854,0.2578125,2,2
24,3452,0.156230557942763,0.23457491397857666,0.56640625,2,4
24,3453,0.07257997349370272,0.14237910509109497,0.50390625,3,5
24,3454,0.23661688552238053,0.4024845361709595,0.53515625,2,3
24,3455,0.1048910327954218,0.19111818075180054,0.51953125,4,7
24,3456,0.15349993249401453,0.3261077404022217,0.48828125,2,3
24,3457,0.12059467448852958,0.1449400782585144,0.6328125,2,4
24,3350,0.27819752320647245,0.42392003536224365,0.5625,1,2
24,2804,0.2675157827325166,0.40166592597961426,0.56640625,1,2
24,3458,0.0869015163043514,0.11992877721786499,0.58984375,2,3
24,3459,0.2222801281604916,0.3719196915626526,0.5390625,1,2
24,3460,0.25346599426120525,0.32771360874176025,0.609375,1,2
24,3461,0.2677279636263848,0.38504695892333984,0.578125,2,3
24,3462,0.12879868224263194,0.3746870756149292,0.4375,1,1
24,3463,0.049305679276585586,0.14343470335006714,0.4375,1,1
24,3464,0.108162181917578,0.10944473743438721,0.6953125,1,1
24,3465,0.11295890808105469,0.11295890808105469,0.703125,1,2
24,3466,0.1734736366197467,0.3052182197570801,0.52734375,1,2
24,3467,0.16274691093713048,0.2408277988433838,0.5703125,1,2
24,3468,0.28925406606867915,0.3836737871170044,0.6015625,1,2
24,3469,0.12191361282020809,0.31846821308135986,0.453125,1,1
24,3470,0.12932299345266077,0.3466668725013733,0.44921875,1,1
24,3471,0.08759523904882373,0.2029355764389038,0.47265625,1,1
24,3472,0.12630192073993388,0.3217242956161499,0.45703125,1,2
24,3473,0.09951784694567324,0.24734532833099365,0.4609375,1,1
24,3474,0.0,0.16444337368011475,0.25390625,1,2
24,3475,0.08294036658480765,0.15386039018630981,0.515625,1,1
24,3476,0.13612937647849324,0.21379828453063965,0.5546875,2,3
24,3477,0.03410971164703369,0.03410971164703369,0.87890625,2,3
24,3478,0.131032956764102,0.35125064849853516,0.44921875,1,1
24,3479,0.09802959510125221,0.11781960725784302,0.6328125,1,1
24,3480,0.08149961929302664,0.166246235370636,0.49609375,1,1
24,3481,0.21691192290745678,0.3689664602279663,0.53515625,1,2
24,3482,0.1915054828859866,0.3152759075164795,0.54296875,1,2
24,3483,0.08453590027056636,0.16583287715911865,0.50390625,1,1
24,3240,0.23571706493385142,0.3759723901748657,0.55078125,2,2
24,3398,0.28312534233555203,0.390728235244751,0.58984375,1,2
24,3484,0.07034272234886886,0.1237645149230957,0.52734375,2,3
24,3485,0.2552681033266709,0.394855797290802,0.55859375,1,2
24,3486,0.06399294734001161,0.1255340576171875,0.50390625,1,2
24,3487,0.17167674610391262,0.3724512457847595,0.484375,1,2
24,3488,0.0844273747643456,0.1105545163154602,0.60546875,2,4
24,3489,0.12758900830522182,0.33329373598098755,0.453125,2,2
24,3490,0.05175679922103882,0.05175679922103882,0.80859375,2,4
24,3491,0.16555362730287018,0.23159414529800415,0.5859375,3,6
24,3492,0.156305140350014,0.19711387157440186,0.6171875,2,3
24,3493,0.0922845534514636,0.20906943082809448,0.4765625,1,1
24,3494,0.25599952018819755,0.35811954736709595,0.5859375,1,2
24,3495,0.05074178730137647,0.14353477954864502,0.44140625,1,1
24,3496,0.12944784946739676,0.30683934688568115,0.46875,2,2
24,3497,0.09522103797644378,0.2065812349319458,0.484375,3,4
24,3498,0.10673493240028621,0.12534010410308838,0.640625,1,2
24,3499,0.0,0.195029616355896,0.140625,1,1
24,3500,0.10794043843634428,0.22465652227401733,0.4921875,1,2
24,3501,0.12941177375614646,0.3562302589416504,0.4453125,2,2
24,3502,0.0996593930758536,0.21172451972961426,0.48828125,1,1
24,3503,0.1277241623029113,0.34238100051879883,0.44921875,2,1
24,3504,0.18896312650758776,0.27563852071762085,0.57421875,1,3
24,3505,0.19944520317949357,0.3283470869064331,0.54296875,3,4
24,3506,0.1291413756553084,0.17822206020355225,0.58984375,1,2
24,3507,0.13554779533296826,0.36335325241088867,0.44921875,1,1
24,3508,0.10093642026185991,0.13050365447998047,0.609375,1,1
24,3509,0.11569330154452474,0.13134139776229858,0.65234375,1,2
24,3510,0.2525583975948394,0.4157874584197998,0.54296875,2,5
24,3511,0.24018622376024729,0.3954191207885742,0.54296875,1,2
24,3512,0.0,0.5066757798194885,0.2890625,1,1
24,3513,0.07779303565621377,0.1652698516845703,0.48828125,1,3
24,3514,0.03176712989807129,0.03176712989807129,0.86328125,1,2
24,3515,0.2678273203782738,0.42063677310943604,0.5546875,3,5
24,3516,0.09387403819710018,0.2225162386894226,0.46875,1,1
24,3517,0.23757664673030382,0.39751386642456055,0.5390625,4,5
24,3518,0.12529251468367877,0.3751448392868042,0.43359375,3,3
24,3519,0.0769793528597802,0.16354119777679443,0.48828125,2,3
24,3520,0.2661569099873305,0.38278746604919434,0.578125,2,4
24,3178,0.26680675428360706,0.43229448795318604,0.546875,3,5
24,3089,0.25247271358966833,0.3847203254699707,0.5625,2,3
24,3521,0.0,0.17029428482055664,0.21875,2,2
24,3522,0.22770642489194876,0.4224119186401367,0.515625,2,3
24,3523,0.1719427452189848,0.3652891516685486,0.48828125,3,4
24,3524,0.27544969366863375,0.4393465518951416,0.55078125,2,3
24,3525,0.24592864222358918,0.39226001501083374,0.55078125,3,4
24,3526,0.08919639873784037,0.13010984659194946,0.57421875,2,3
24,3527,0.06544556049630047,0.12140625715255737,0.515625,3,6
24,3528,0.24902419419959193,0.4099690914154053,0.54296875,3,4
24,3529,0.18634849786758426,0.3336029052734375,0.5234375,2,3
24,3530,0.07913326506968589,0.14950639009475708,0.51171875,3,5
24,3531,0.08879820734728129,0.1416345238685608,0.55078125,3,5
24,3532,0.26165743544697767,0.3987160921096802,0.5625,2,3
24,3533,0.12264212511945517,0.31240183115005493,0.45703125,2,2
24,3534,0.24714833695907149,0.3605126738548279,0.57421875,3,3
24,3535,0.11681965133175255,0.13877415657043457,0.63671875,3,5
24,3536,0.10859755729325117,0.2407010793685913,0.48046875,2,3
24,3537,0.23727107536979025,0.4323230981826782,0.51953125,3,5
24,3538,0.1134256501682103,0.21041280031204224,0.515625,3,5
24,3539,0.0,0.1680314540863037,0.234375,2,3
24,3540,0.0,0.16699481010437012,0.2421875,3,5
24,3541,0.14565392304211858,0.19833725690841675,0.59375,3,5
24,3542,0.061127877561375506,0.12469112873077393,0.49609375,1,2
24,3543,0.21358947479166093,0.2660773992538452,0.62109375,3,5
24,3544,0.27348856732714927,0.45024484395980835,0.54296875,3,5
24,3291,0.24221200193278497,0.3863319158554077,0.55078125,3,2
24,3156,0.2846848368644715,0.4338054656982422,0.5625,3,4
24,3545,0.2311723027378321,0.32338857650756836,0.5859375,3,2
24,3546,0.25980986049398785,0.4080449342727661,0.5546875,2,3
24,3547,0.23476047220174226,0.5203348994255066,0.48046875,3,5
24,3548,0.10715365083888174,0.1244051456451416,0.64453125,2,2
24,3549,0.10739473951980473,0.11674332618713379,0.66796875,2,2
24,3550,0.12301253399346025,0.12571340799331665,0.69140625,3,4
24,3551,0.23361007007770243,0.3223944902420044,0.58984375,3,5
24,3552,0.17418726161122325,0.3553142547607422,0.49609375,3,2
24,3553,0.0,0.16245079040527344,0.29296875,4,5
24,3554,0.08172717690467836,0.1937236785888672,0.46875,3,3
24,3555,0.00756767531856895,0.18450713157653809,0.31640625,2,3
24,3556,0.17186740203760567,0.28756898641586304,0.5390625,2,2
24,3557,0.05221202317625285,0.12376183271408081,0.46875,4,4
24,3558,0.060895430506207056,0.1242169737815857,0.49609375,3,3
24,3559,0.16341987717896703,0.31455254554748535,0.5078125,4,6
24,3560,0.06395095610059799,0.1254516839981079,0.50390625,2,1
24,3561,0.21642231149598962,0.380784273147583,0.52734375,2,2
24,3562,0.1932429959997535,0.27792251110076904,0.578125,3,2
24,3563,0.28838199935853487,0.43943923711776733,0.5625,3,4
24,3564,0.05956086143851281,0.17326796054840088,0.4375,2,3
24,3565,0.2942287954501808,0.4551212787628174,0.55859375,3,2
24,3566,0.11187431775033475,0.1178593635559082,0.6796875,4,4
24,3567,0.11683001602068546,0.38344210386276245,0.421875,4,5
24,3568,0.24422505474649375,0.40206825733184814,0.54296875,4,4
25,3170,0.24913577735424047,0.45394134521484375,0.51953125,3,5
25,3534,0.2561127184890211,0.3961622714996338,0.55859375,3,3
25,3569,0.08762099291197957,0.16554224491119385,0.51171875,3,5
25,3570,0.23074752464890486,0.4280533790588379,0.515625,3,4
25,3571,0.12418870464898647,0.14098584651947021,0.65234375,3,2
25,3572,0.15590430144220593,0.28921377658843994,0.515625,3,4
25,3573,0.13689911365509033,0.13689911365509033,0.7109375,3,3
25,3574,0.10377770988270642,0.1629883050918579,0.5546875,2,4
25,3575,0.08804738800972702,0.13828301429748535,0.5546875,3,5
25,3576,0.2616264412645251,0.3610585927963257,0.58984375,4,7
25,3577,0.27676838601473724,0.415558397769928,0.56640625,3,3
25,3578,0.21561285748612138,0.34390586614608765,0.55078125,3,3
25,3579,0.10124548757448795,0.1912829875946045,0.51171875,3,4
25,3580,0.218734622001648,0.4374692440032959,0.5,3,5
25,3581,0.2097765698563308,0.3822263479232788,0.51953125,3,5
25,3582,0.2464520344510675,0.4057345390319824,0.54296875,2,3
25,3583,0.2432497555855662,0.35482585430145264,0.57421875,2,4
25,3584,0.16646410804241898,0.274050235748291,0.54296875,3,4
25,3585,0.24006543285213414,0.3313032388687134,0.58984375,2,3
25,3586,0.16467815486248585,0.18695169687271118,0.65234375,4,6
25,3544,0.2559530070284382,0.46636277437210083,0.51953125,3,5
25,3178,0.2770274411886931,0.4560708999633789,0.54296875,3,5
25,3587,0.11814423836767675,0.14199495315551758,0.6328125,3,5
25,3588,0.261576212826185,0.4449402689933777,0.53515625,2,3
25,3589,0.21454370347782972,0.44652998447418213,0.4921875,3,5
25,3590,0.1437648516148329,0.34885120391845703,0.46484375,2,3
25,3591,0.12891775369644165,0.12891775369644165,0.73046875,3,5
25,3592,0.10196058428846301,0.17343461513519287,0.53515625,3,5
25,3593,0.06423145695589484,0.1596432328224182,0.4609375,4,6
25,3594,0.16488159913569692,0.3058673143386841,0.515625,3,4
25,3595,0.2279226183891297,0.4558452367782593,0.5,3,6
25,3596,0.2168394271284342,0.33042198419570923,0.5625,3,5
25,3597,0.03595173358917236,0.03595173358917236,0.875,2,3
25,3598,0.24349096720106905,0.43589991331100464,0.5234375,2,4
25,3599,0.2087343581952155,0.452847421169281,0.484375,3,6
25,3600,0.1391529589891434,0.22908782958984375,0.54296875,3,5
25,3601,0.07647058949805798,0.17324310541152954,0.4765625,4,5
25,3602,0.09612147230654956,0.12749791145324707,0.6015625,3,5
25,3603,0.09728418570011856,0.11831235885620117,0.62890625,3,4
25,3604,0.23754794010892516,0.44066864252090454,0.515625,2,3
25,3605,0.09704918041825296,0.11944514513015747,0.625,3,5
25,3606,0.24246352352201944,0.43406057357788086,0.5234375,3,5
25,3607,0.11605100752785803,0.12225949764251709,0.6796875,3,4
25,3608,0.2154837409034372,0.3997379541397095,0.515625,3,4
25,3609,0.12446786090731622,0.36208832263946533,0.4375,3,3
25,3610,0.039136290550231934,0.039136290550231934,0.8984375,4,6
25,3611,0.19993244158104065,0.323941171169281,0.546875,3,5
25,3366,0.2526368219405413,0.46032047271728516,0.51953125,3,5
25,3468,0.2652483712881804,0.41658639907836914,0.5546875,1,2
25,3612,0.1063385526649654,0.1779259443283081,0.5390625,1,3
25,3613,0.052348486147820956,0.1835782527923584,0.4140625,3,5
25,3614,0.22118581132963303,0.460354208946228,0.4921875,1,2
25,3615,0.2224729447625578,0.4203178882598877,0.51171875,1,2
25,3616,0.08053028583526611,0.08053028583526611,0.76171875,1,1
25,3617,0.18524657003581527,0.38555383682250977,0.4921875,2,3
25,3618,0.14784825523383918,0.3766084909439087,0.45703125,1,2
25,3619,0.20520523190498358,0.41041046380996704,0.5,2,3
25,3620,0.0845292111625895,0.13482540845870972,0.55078125,1,1
25,3621,0.16865353100001815,0.3997713327407837,0.46875,4,6
25,3622,0.09934794274158777,0.11534273624420166,0.64453125,1,2
25,3623,0.09253799507860096,0.12770742177963257,0.58984375,2,3
25,3624,0.08944880962371826,0.08944880962371826,0.71484375,2,4
25,3625,0.0,0.1851203441619873,0.2265625,1,3
25,3626,0.13306490145623687,0.2886831760406494,0.484375,2,2
25,3627,0.18843668978661302,0.3843808174133301,0.49609375,1,3
25,3628,0.10569796594791116,0.26270562410354614,0.4609375,1,1
25,3629,0.11230744281783701,0.14896738529205322,0.6015625,1,1
25,3630,0.13433027267456055,0.13433027267456055,0.703125,1,1
25,3631,0.17073429189622405,0.424349308013916,0.4609375,2,3
25,3632,0.23352446383796638,0.45810163021087646,0.50390625,3,5
25,3633,0.02837772388011218,0.15966367721557617,0.37109375,1,1
25,3634,0.19903592253103855,0.2903316020965576,0.57421875,1,3
25,3635,0.13021987676620483,0.13021987676620483,0.71875,1,2
25,3636,0.07864237017929555,0.20543313026428223,0.453125,1,2
25,3637,0.14092768880072984,0.2993982434272766,0.48828125,1,2
25,3638,0.1013407234568149,0.11765635013580322,0.64453125,1,2
25,3639,0.1116080046631396,0.2773946523666382,0.4609375,1,3
25,3640,0.17657700064592066,0.2470148205757141,0.5859375,1,3
25,3641,0.07361101917922498,0.18750667572021484,0.45703125,2,4
25,3642,0.15942748775705698,0.40610384941101074,0.45703125,3,6
25,3643,0.14906179532408717,0.3166790008544922,0.48828125,2,3
25,3644,0.1817433966789395,0.42105257511138916,0.47265625,2,4
25,3645,0.2180250060046092,0.35893505811691284,0.54296875,1,2
25,3646,0.24895529728382831,0.43062537908554077,0.53125,2,4
25,3647,0.13638253638055178,0.13664942979812622,0.69921875,1,1
25,3648,0.13498103909660134,0.36183398962020874,0.44921875,1,1
25,3649,0.21609506011009222,0.4321901202201843,0.5,1,2
25,3650,0.17520766181405636,0.3573957085609436,0.49609375,1,2
25,3651,0.08821684448048474,0.18360579013824463,0.4921875,2,3
25,3652,0.14912642352283004,0.3895547389984131,0.453125,2,3
25,3653,0.12500414159148934,0.14035552740097046,0.65625,2,3
25,3654,0.24025950138457125,0.4624543786048889,0.5078125,3,3
25,3565,0.25807423889637,0.4787464141845703,0.515625,3,2
25,3563,0.23479592800140386,0.4695918560028076,0.5,3,4
25,3655,0.22111158678308132,0.4510324001312256,0.49609375,3,3
25,3656,0.2496517004910857,0.4469289183616638,0.5234375,3,3
25,3657,0.246348760672845,0.38105911016464233,0.55859375,3,3
25,3658,0.08419236168265344,0.10885477066040039,0.609375,3,3
25,3659,0.22752323769964283,0.43793946504592896,0.5078125,2,3
25,3660,0.0,0.20894449949264526,0.15234375,3,3
25,3661,0.09443332767114045,0.15300589799880981,0.546875,3,4
25,3662,0.26126924692653125,0.4760493040084839,0.51953125,1,2
25,3663,0.16774850129149857,0.3800320029258728,0.4765625,4,3
25,3664,0.033297753427177675,0.1608344316482544,0.3828125,3,3
25,3665,0.09692054754123093,0.12222492694854736,0.6171875,2,3
25,3666,0.26156393415294593,0.3870541453361511,0.5703125,3,3
25,3667,0.1408089010510594,0.14390051364898682,0.69140625,3,2
25,3668,0.24562666553538298,0.4178101420402527,0.53515625,2,3
25,3669,0.08452932327054442,0.13482558727264404,0.55078125,3,1
25,3670,0.08620503777638079,0.18314099311828613,0.48828125,4,6
25,3671,0.07980539416894318,0.11318659782409668,0.58203125,3,2
25,3672,0.25771852675825363,0.46137022972106934,0.5234375,3,5
25,3673,0.09900818311143668,0.21034103631973267,0.48828125,3,5
25,3674,0.08201454346999527,0.13288432359695435,0.546875,3,4
25,3675,0.0,0.18184256553649902,0.23828125,2,2
25,3676,0.1695618946105242,0.4019244909286499,0.46875,2,3
25,3677,0.2157737701199949,0.4490901231765747,0.4921875,4,6
25,3678,0.13855993747711182,0.13855993747711182,0.70703125,2,2
25,3679,0.03340590000152588,0.03340590000152588,0.91015625,4,3
25,3680,0.11716215114574881,0.271434485912323,0.47265625,3,3
25,3681,0.1267250345554203,0.14386522769927979,0.65234375,4,5
25,3440,0.23817084613256162,0.4672163724899292,0.50390625,1,2
25,3515,0.20616207795683297,0.4569479823112488,0.48046875,3,5
25,3682,0.10148066841065885,0.17553412914276123,0.53125,3,5
25,3683,0.20437399623915556,0.41689038276672363,0.49609375,3,7
25,3684,0.11273715202696623,0.26118290424346924,0.47265625,2,4
25,3685,0.25821132725104695,0.4250938892364502,0.54296875,1,2
25,3686,0.12905228510499003,0.13881254196166992,0.671875,2,3
25,3687,0.26775844569783663,0.39057642221450806,0.57421875,1,2
25,3688,0.2635581674985588,0.44831156730651855,0.53515625,2,3
25,3689,0.12277537409681828,0.14584916830062866,0.63671875,3,4
25,3690,0.24547437345609074,0.45537275075912476,0.515625,1,2
25,3691,0.12355388235300781,0.257152795791626,0.4921875,4,7
25,3692,0.10975677054375411,0.23811638355255127,0.484375,1,1
25,3693,0.08984460425563158,0.1608406901359558,0.5234375,2,2
25,3694,0.249746784567833,0.4319944381713867,0.53125,2,4
25,3695,0.1420889731962234,0.34478461742401123,0.46484375,1,2
25,3696,0.25160878174938267,0.4426931142807007,0.52734375,1,2
25,3697,0.16149345482699576,0.40138179063796997,0.4609375,2,5
25,3698,0.21321446471847597,0.43492352962493896,0.49609375,2,2
25,3699,0.0,0.1794096827507019,0.28515625,1,2
25,3700,0.24670715513639158,0.41964805126190186,0.53515625,2,3
25,3701,0.17669501330237838,0.4093567728996277,0.47265625,2,4
25,3702,0.0845712423324585,0.0845712423324585,0.73046875,1,2
25,3703,0.14628338813781738,0.14628338813781738,0.703125,1,1
25,3704,0.22046808851882818,0.3215944766998291,0.57421875,2,4
25,3705,0.17614544054958972,0.3455420136451721,0.50390625,4,8
25,3706,0.2220894573256374,0.42748045921325684,0.5078125,2,3
25,3707,0.0788833498954773,0.0788833498954773,0.7578125,1,1
25,3708,0.2832391913980246,0.3908853530883789,0.58984375,1,2
26,3666,0.27402283810079103,0.3542921543121338,0.609375,3,3
26,3565,0.25261769955977803,0.45223867893218994,0.5234375,3,2
26,3709,0.24149395385757091,0.3203235864639282,0.6015625,3,4
26,3710,0.2747498808894307,0.4125276803970337,0.56640625,3,3
26,3711,0.09128327248618008,0.25821566581726074,0.44140625,3,2
26,3712,0.18814967130310836,0.28250038623809814,0.56640625,4,3
26,3713,0.013051501940935855,0.16298460960388184,0.33203125,3,2
26,3714,0.1048292472260073,0.13384681940078735,0.61328125,4,4
26,3715,0.28034915542230016,0.4403029680252075,0.5546875,3,3
26,3716,0.2635183415841312,0.44091957807540894,0.5390625,3,3
26,3717,0.09899895708076657,0.2402249574661255,0.46484375,3,3
26,3718,0.22252122522331777,0.37232309579849243,0.5390625,3,4
26,3719,0.30215463438071316,0.41698968410491943,0.58984375,3,3
26,3720,0.11136638652533294,0.147719144821167,0.6015625,3,3
26,3721,0.13571280241012576,0.35451507568359375,0.453125,4,6
26,3722,0.06134742521680893,0.20801246166229248,0.41796875,2,3
26,3723,0.27408261783421045,0.45859575271606445,0.5390625,2,2
26,3724,0.07102916901931168,0.16455626487731934,0.47265625,3,4
26,3725,0.28557330742478376,0.4351593255996704,0.5625,3,3
26,3726,0.07599089667201044,0.19850683212280273,0.453125,2,1
26,3727,0.21494336193427446,0.31806647777557373,0.5703125,3,3
26,3728,0.20378496497869494,0.3105294704437256,0.5625,4,7
26,3729,0.08976426953449847,0.11754298210144043,0.60546875,3,3
26,3730,0.10287857311777772,0.13471567630767822,0.60546875,3,1
26,3731,0.2790941875427962,0.3800431489944458,0.59375,3,2
26,3732,0.0,0.18115335702896118,0.1796875,4,3
26,3733,0.18942436855286363,0.2975008487701416,0.5546875,3,2
26,3468,0.281291725113988,0.3830355405807495,0.59375,1,2
26,3662,0.28360528033226734,0.4595123529434204,0.546875,1,2
26,3734,0.21267975459340963,0.328978955745697,0.55859375,2,3
26,3735,0.09507006185594948,0.30233460664749146,0.42578125,2,3
26,3736,0.08162599685601891,0.16650402545928955,0.49609375,1,3
26,3737,0.08386117860209198,0.22480064630508423,0.44921875,1,1
26,3738,0.114038152853027,0.13868772983551025,0.62890625,1,1
26,3739,0.0,0.1773313283920288,0.19921875,2,2
26,3740,0.2624342571943999,0.37743353843688965,0.578125,1,2
26,3741,0.07286652375478299,0.13766664266586304,0.51171875,2,2
26,3742,0.06608250737190248,0.2487812042236328,0.40625,1,2
26,3743,0.1363681657239795,0.15145444869995117,0.66015625,2,3
26,3744,0.1946746066678316,0.3818904161453247,0.50390625,1,2
26,3745,0.07272922061383726,0.1349179744720459,0.515625,1,2
26,3746,0.07834989670664073,0.20466911792755127,0.453125,1,1
26,3747,0.22451457288116222,0.401928186416626,0.5234375,3,3
26,3748,0.08055913262069227,0.13934552669525146,0.53125,1,1
26,3749,0.09908260474912824,0.1405271291732788,0.58203125,1,1
26,3750,0.25583473872393375,0.41451704502105713,0.546875,1,2
26,3751,0.1248259348794818,0.3260759115219116,0.453125,1,1
26,3752,0.17286196304485205,0.28923308849334717,0.5390625,1,2
26,3753,0.0,0.1780824065208435,0.20703125,3,3
26,3754,0.3180009247735143,0.3734322786331177,0.640625,3,5
26,3755,0.11970096081495286,0.17712974548339844,0.5703125,2,3
26,3756,0.07395008020102979,0.13474178314208984,0.51953125,1,2
26,3757,0.030768170952796946,0.18317794799804688,0.3671875,2,4
26,3758,0.2851058314554394,0.4477735757827759,0.5546875,3,5
26,3759,0.10272512491792442,0.13116025924682617,0.61328125,1,1
26,3760,0.11087513552047315,0.4026104211807251,0.41015625,1,2
26,3761,0.12321181409060956,0.33028507232666016,0.44921875,1,2
26,3762,0.07895266637206079,0.14646291732788086,0.515625,3,7
26,3687,0.2502576730912552,0.36504822969436646,0.57421875,1,2
26,3576,0.23007821105420592,0.3308990001678467,0.578125,4,7
26,3763,0.014484405517578125,0.014484405517578125,0.921875,4,7
26,3764,0.07716058846563102,0.13124990463256836,0.53515625,1,2
26,3765,0.10088633932173253,0.1338181495666504,0.6015625,5,8
26,3766,0.23838782252278182,0.3687449097633362,0.55859375,1,2
26,3767,0.23434051743242892,0.3518543839454651,0.56640625,1,2
26,3768,0.28090250073000794,0.4156707525253296,0.5703125,1,2
26,3769,0.11131043219938876,0.1337815523147583,0.6328125,1,1
26,3770,0.2207880085334182,0.3467590808868408,0.5546875,2,4
26,3771,0.10683595994487406,0.12840378284454346,0.6328125,4,6
26,3772,0.1139991949312389,0.1308690309524536,0.6484375,1,2
26,3773,0.27292729716282343,0.39811617136001587,0.57421875,1,2
26,3774,0.22202851809561258,0.3974776268005371,0.5234375,1,2
26,3775,0.10312049137428404,0.21462476253509521,0.4921875,5,10
26,3776,0.09221582533791663,0.16508567333221436,0.5234375,2,4
26,3777,0.08142104104626925,0.08666855096817017,0.67578125,1,1
26,3778,0.08427685406059028,0.2766009569168091,0.421875,1,1
26,3779,0.0834915484301746,0.2075129747390747,0.4609375,1,1
26,3780,0.11529539048206063,0.29368776082992554,0.45703125,1,1
26,3781,0.23590909875929358,0.3212379217147827,0.59375,1,2
26,3782,0.20044027897529307,0.31970536708831787,0.55078125,1,2
26,3783,0.23464171402156356,0.36295032501220703,0.55859375,3,5
26,3784,0.20930305123329168,0.41860610246658325,0.5,4,6
26,3785,0.27399584033992147,0.43702763319015503,0.55078125,1,2
26,3786,0.11622497392818333,0.12769782543182373,0.6640625,2,3
26,3787,0.06199453189037741,0.1706516146659851,0.4453125,4,7
26,3788,0.24178627855144444,0.3577877879142761,0.5703125,1,2
26,3178,0.2671478119445965,0.4398060441017151,0.54296875,3,5
26,3588,0.24510875937994575,0.4169291853904724,0.53515625,2,3
26,3789,0.24747711885720497,0.4009755849838257,0.546875,3,5
26,3790,0.11116904520895333,0.2464006543159485,0.48046875,4,6
26,3791,0.08395926270168276,0.1021072268486023,0.62890625,3,4
26,3792,0.10408867173828186,0.12966763973236084,0.62109375,3,4
26,3793,0.09640616178512576,0.19281232357025146,0.5,3,4
26,3794,0.2590908510610462,0.4197927713394165,0.546875,3,5
26,3795,0.2127825538627804,0.41741251945495605,0.50390625,2,3
26,3796,0.08376656728796662,0.22454702854156494,0.44921875,2,2
26,3797,0.24560936819761997,0.41095423698425293,0.5390625,3,4
26,3798,0.23785893432796007,0.4114316701889038,0.53125,2,3
26,3799,0.1550322659313679,0.26816391944885254,0.53125,3,4
26,3800,0.17490268475376072,0.2789725065231323,0.55078125,3,4
26,3801,0.0,0.17079240083694458,0.2890625,2,4
26,3802,0.07274907734245063,0.1349548101425171,0.515625,2,3
26,3803,0.20796709135174754,0.45118284225463867,0.484375,3,4
26,3804,0.24625420372467494,0.39277929067611694,0.55078125,3,5
26,3805,0.26110434858128434,0.35088038444519043,0.59765625,1,2
26,3806,0.1935650599189103,0.4290273189544678,0.48046875,3,6
26,3807,0.2257764916867018,0.35459375381469727,0.5546875,3,5
26,3808,0.12434248812496664,0.15121936798095703,0.62890625,2,5
26,3809,0.25677880586590623,0.38554471731185913,0.56640625,3,5
26,3810,0.21899571502581242,0.3493015766143799,0.55078125,2,4
26,3811,0.23000004328787332,0.38483667373657227,0.5390625,2,3
26,3812,0.1322143524885178,0.18495559692382812,0.5859375,2,3
26,3813,0.08462968608364464,0.2610265016555786,0.4296875,3,3
26,3814,0.2314330626977608,0.32823747396469116,0.58203125,2,4
26,3815,0.0936866996344179,0.14713984727859497,0.5546875,3,4
26,3816,0.08918908145278694,0.1282719373703003,0.578125,3,4
26,3708,0.25555750215426093,0.36245274543762207,0.58203125,1,2
26,3577,0.271494256798178,0.390463650226593,0.578125,3,3
26,3817,0.1142085751052946,0.13259589672088623,0.64453125,3,3
26,3818,0.23972819373011595,0.41466498374938965,0.53125,4,5
26,3819,0.12026758724823595,0.3709458112716675,0.4296875,1,1
26,3820,0.09183119377121331,0.135888934135437,0.5703125,1,2
26,3821,0.08122832700610162,0.08384859561920166,0.6875,1,1
26,3822,0.10388485109433535,0.47918057441711426,0.38671875,4,3
26,3823,0.1759099145419896,0.2603060007095337,0.5703125,1,2
26,3824,0.27469331177417194,0.41244274377822876,0.56640625,2,3
26,3825,0.09897091030143203,0.1295987367630005,0.60546875,1,1
26,3826,0.06061876716557891,0.18150180578231812,0.43359375,2,2
26,3827,0.15056304377503696,0.17885911464691162,0.63671875,3,4
26,3828,0.277622665045783,0.37307822704315186,0.59765625,2,3
26,3829,0.2854331955313683,0.43494582176208496,0.5625,2,3
26,3830,0.10582873318344356,0.2695736885070801,0.45703125,3,3
26,3831,0.0971687729470432,0.2475144863128662,0.45703125,2,3
26,3832,0.10990201926324518,0.329063355922699,0.43359375,1,1
26,3833,0.0925216292962432,0.11667752265930176,0.6171875,2,3
26,3834,0.09094611043110491,0.11469066143035889,0.6171875,4,5
26,3835,0.12269506696611644,0.14085173606872559,0.6484375,2,4
26,3836,0.2692001257091761,0.4102097153663635,0.5625,1,2
26,3837,0.11079357471317054,0.13316035270690918,0.6328125,3,2
26,3838,0.10195151926018299,0.25339406728744507,0.4609375,1,1
26,3839,0.1849049938609824,0.29492634534835815,0.55078125,3,3
26,3840,0.14409801224246624,0.18171966075897217,0.6171875,2,3
26,3841,0.09755734819918872,0.1261347532272339,0.609375,2,4
26,3842,0.12160601955838503,0.3097625970840454,0.45703125,2,3
26,3843,0.11820054240524772,0.44499027729034424,0.40625,2,2
26,3844,0.27764840296003973,0.41687971353530884,0.56640625,3,3
26,3845,0.26190383895300334,0.41774070262908936,0.55078125,2,3
26,3846,0.26552572473883634,0.3929166793823242,0.5703125,3,3
26,3847,0.17209694464690986,0.24408209323883057,0.58203125,2,4
26,3848,0.1129443703684956,0.1357453465461731,0.6328125,1,1
27,3178,0.27650379762053495,0.44800615310668945,0.546875,3,5
27,3794,0.2514405101537705,0.4349241256713867,0.53125,3,5
27,3849,0.2020507174311206,0.2715222239494324,0.59765625,3,6
27,3850,0.0,0.17865777015686035,0.19921875,3,3
27,3851,0.10787802189588548,0.16438555717468262,0.5625,4,6
27,3852,0.24713092530146247,0.3941776752471924,0.55078125,2,4
27,3853,0.12105436716228726,0.21671271324157715,0.5234375,3,6
27,3854,0.1919177742674947,0.39943861961364746,0.4921875,3,4
27,3855,0.2795503558591009,0.4197354316711426,0.56640625,3,5
27,3856,0.0369565486907959,0.0369565486907959,0.83203125,3,5
27,3857,0.07244841009378435,0.1103975772857666,0.5625,4,5
27,3858,0.0660653014201671,0.15305626392364502,0.47265625,4,5
27,3859,0.08118186797946693,0.14533257484436035,0.5234375,4,7
27,3860,0.23675983934663242,0.3897782564163208,0.54296875,3,6
27,3861,0.10537323821336032,0.15154802799224854,0.578125,2,4
27,3862,0.24501509033143526,0.42380988597869873,0.53125,3,4
27,3863,0.06998487212695183,0.17394298315048218,0.4609375,4,5
27,3864,0.16462272964417937,0.19785642623901367,0.6328125,4,8
27,3865,0.09822923364117743,0.12862753868103027,0.60546875,3,4
27,3866,0.24538407195359474,0.39758431911468506,0.546875,4,7
27,3867,0.26094654668122536,0.4227994680404663,0.546875,3,4
27,3868,0.2074921005405486,0.36507201194763184,0.52734375,3,5
27,3869,0.2283762693405152,0.4567525386810303,0.5,3,5
27,3870,0.25566199258901184,0.38386785984039307,0.56640625,3,5
27,3768,0.2696682490641252,0.43012505769729614,0.55078125,1,2
27,3828,0.2486229613423348,0.37885403633117676,0.5625,2,3
27,3871,0.10261420905590059,0.24323368072509766,0.46875,1,1
27,3872,0.10086599353235216,0.13920050859451294,0.58984375,1,1
27,3873,0.1319824475795031,0.1362399458885193,0.6875,3,4
27,3874,0.26200101501308387,0.44566285610198975,0.53515625,3,5
27,3875,0.12469809874892236,0.13412904739379883,0.671875,3,2
27,3876,0.2562885428778828,0.3444087505340576,0.59765625,1,3
27,3877,0.11631561559624971,0.32902538776397705,0.44140625,1,2
27,3878,0.20290211588144305,0.4223003387451172,0.4921875,1,2
27,3879,0.11328574037179352,0.1629278063774109,0.578125,2,4
27,3880,0.09041053615510465,0.09427738189697266,0.68359375,2,2
27,3881,0.22988827130757278,0.44249171018600464,0.5078125,1,2
27,3882,0.21421499701682484,0.39031344652175903,0.51953125,1,2
27,3883,0.22754591517150408,0.41460323333740234,0.51953125,1,2
27,3884,0.10106004774570466,0.10432004928588867,0.6875,1,2
27,3885,0.24259155243635183,0.39305973052978516,0.546875,1,2
27,3886,0.08592602005228402,0.0905228853225708,0.6796875,1,2
27,3887,0.1168717951513827,0.17294323444366455,0.5703125,3,5
27,3888,0.15596630563959482,0.3876444101333618,0.4609375,1,1
27,3889,0.249895507702604,0.4114035367965698,0.54296875,1,2
27,3890,0.2532204894814641,0.3358779549598694,0.6015625,1,2
27,3891,0.12096128426492216,0.13290166854858398,0.6640625,3,5
27,3892,0.14556050486862662,0.42344874143600464,0.4375,1,2
27,3893,0.08022673800587656,0.09107780456542969,0.65234375,1,1
27,3894,0.25442607607692486,0.4635806083679199,0.51953125,2,2
27,3895,0.0819133056793362,0.08288460969924927,0.6953125,1,1
27,3896,0.24066322681028401,0.39620441198349,0.54296875,1,2
27,3897,0.08540967316366734,0.11477625370025635,0.59765625,1,2
27,3898,0.23856239754240965,0.40579384565353394,0.53515625,1,2
27,3899,0.17318604001775387,0.2562752962112427,0.5703125,2,3
27,3900,0.23076557018794125,0.40602052211761475,0.52734375,1,2
27,3901,0.26446898281574255,0.4030003547668457,0.5625,1,2
27,3829,0.2362955958815292,0.44643300771713257,0.51171875,2,3
27,3844,0.2614262155257166,0.4235766530036926,0.546875,3,3
27,3902,0.06961251155007632,0.13655787706375122,0.50390625,2,2
27,3903,0.0894317615311593,0.18613439798355103,0.4921875,4,4
27,3904,0.22675756551325324,0.30877625942230225,0.59375,3,4
27,3905,0.06787254568189384,0.12823152542114258,0.51171875,2,2
27,3906,0.2601951304823161,0.4215819835662842,0.546875,1,2
27,3907,0.260878399014473,0.4512491226196289,0.53125,4,5
27,3908,0.11392392986454071,0.1369226574897766,0.6328125,1,2
27,3909,0.24472434725612405,0.33773279190063477,0.58984375,1,2
27,3910,0.08580961532425137,0.11531370878219604,0.59765625,2,3
27,3911,0.08083915710449219,0.08083915710449219,0.72265625,1,1
27,3912,0.06979882717132568,0.06979882717132568,0.75390625,1,1
27,3913,0.1498761323746294,0.2467414140701294,0.54296875,1,2
27,3914,0.16767712263390425,0.37987029552459717,0.4765625,3,2
27,3915,0.11179348477162422,0.23750317096710205,0.48828125,2,2
27,3916,0.19469954690430316,0.4136355519294739,0.48828125,3,3
27,3917,0.22696230141445997,0.3510715961456299,0.55859375,3,3
27,3918,0.21066242991946643,0.3838404417037964,0.51953125,2,3
27,3919,0.2238911208696664,0.4079439640045166,0.51953125,3,3
27,3920,0.13242545025423172,0.40844476222991943,0.4296875,3,3
27,3921,0.2783238713163883,0.40598809719085693,0.57421875,3,4
27,3922,0.13034770032390955,0.237501859664917,0.51953125,3,3
27,3923,0.08767240121960641,0.10790449380874634,0.625,3,3
27,3924,0.2423205021768809,0.40545129776000977,0.5390625,2,4
27,3925,0.1104901044163853,0.27461618185043335,0.4609375,2,3
27,3926,0.017648238223046075,0.34753453731536865,0.3203125,4,5
27,3927,0.2177353284787387,0.35845816135406494,0.54296875,2,3
27,3928,0.18216982705052945,0.33192509412765503,0.51953125,3,4
27,3929,0.23120830720290547,0.38685834407806396,0.5390625,2,4
27,3930,0.08558353036642076,0.24897027015686035,0.4375,2,3
27,3931,0.20111091993749144,0.35384464263916016,0.52734375,2,3
27,3932,0.14026755630038681,0.15411370992660522,0.6640625,1,2
27,3719,0.2653250747825951,0.4231976270675659,0.55078125,3,3
27,3725,0.23758501675911253,0.44886910915374756,0.51171875,3,3
27,3933,0.19520310184452686,0.3687970042228699,0.51171875,3,3
27,3934,0.23546191770583397,0.39397549629211426,0.5390625,3,3
27,3935,0.10340415965765717,0.45640456676483154,0.390625,3,3
27,3936,0.2723324303515256,0.4029890298843384,0.5703125,3,3
27,3937,0.05837392830289901,0.13523733615875244,0.47265625,3,3
27,3938,0.13446696742903444,0.1716884970664978,0.61328125,4,3
27,3939,0.11600703280419113,0.13622844219207764,0.640625,3,3
27,3940,0.06643116520717741,0.16511046886444092,0.4609375,3,3
27,3941,0.1320724034449086,0.13772112131118774,0.68359375,4,4
27,3942,0.13456035242415967,0.13482367992401123,0.69921875,3,4
27,3943,0.24115041736513382,0.41712504625320435,0.53125,4,5
27,3944,0.08315876871347429,0.14145278930664062,0.53515625,3,3
27,3945,0.22551726037636405,0.4340783357620239,0.5078125,3,4
27,3946,0.21685684635303917,0.35701191425323486,0.54296875,4,4
27,3947,0.253699416294694,0.38658958673477173,0.5625,3,3
27,3948,0.0,0.21388423442840576,0.125,3,4
27,3949,0.2436186859849841,0.43612855672836304,0.5234375,4,5
27,3950,0.21409093961119655,0.46446847915649414,0.484375,3,3
27,3951,0.21696348488330847,0.4024829864501953,0.515625,3,3
27,3952,0.13883205060847106,0.4415031671524048,0.42578125,2,2
27,3953,0.11750382778700443,0.11773377656936646,0.69921875,4,5
27,3954,0.2610095143318177,0.4367218017578125,0.5390625,4,4
27,3955,0.2942446824163199,0.4292116165161133,0.57421875,3,3
27,3956,0.07990520680323245,0.11655688285827637,0.57421875,4,3
27,3957,0.24772860063239938,0.4213855266571045,0.53515625,4,5
27,3958,0.2570653762668372,0.38039731979370117,0.5703125,2,2
27,3754,0.2434266228228808,0.38231420516967773,0.5546875,3,5
27,3758,0.22174248110968622,0.45231932401657104,0.49609375,3,5
27,3959,0.2510362570174039,0.3942655324935913,0.5546875,1,3
27,3960,0.08784211683087052,0.1281343698501587,0.57421875,1,1
27,3961,0.2641762979328633,0.38535118103027344,0.57421875,3,5
27,3962,0.1282146158628166,0.14885687828063965,0.64453125,4,6
27,3963,0.10586200444959105,0.12723320722579956,0.6328125,3,3
27,3964,0.266588899656199,0.45346683263778687,0.53515625,3,6
27,3965,0.11512588604819031,0.12786215543746948,0.66015625,3,5
27,3966,0.11152458284050228,0.13248395919799805,0.63671875,1,1
27,3967,0.22478728520218288,0.382362425327301,0.53515625,1,2
27,3968,0.11866979487240317,0.3894803524017334,0.421875,4,7
27,3969,0.2420697640627623,0.36345958709716797,0.56640625,3,5
27,3970,0.22351061273366216,0.33074402809143066,0.5703125,3,5
27,3971,0.2869944497942925,0.39080095291137695,0.59375,1,2
27,3972,0.06570996972732247,0.22280466556549072,0.41796875,4,6
27,3973,0.12637698650360107,0.12637698650360107,0.72265625,3,5
27,3974,0.0,0.20216476917266846,0.14453125,1,2
27,3975,0.11157407797873022,0.23221921920776367,0.4921875,1,1
27,3976,0.23458537599071866,0.392508864402771,0.5390625,3,4
27,3977,0.1298195701092482,0.27019357681274414,0.4921875,2,4
27,3978,0.05941408965736628,0.13460183143615723,0.4765625,1,2
27,3979,0.11943088378757241,0.19350826740264893,0.546875,2,4
27,3980,0.06517239985987545,0.14445137977600098,0.48046875,2,3
27,3981,0.22382607520557946,0.3807274103164673,0.53515625,1,2
27,3982,0.1280377832008526,0.36218422651290894,0.44140625,1,2
27,3983,0.05935057764872909,0.13445794582366943,0.4765625,3,6
27,3984,0.22030986472964292,0.40141868591308594,0.51953125,3,6
27,3985,0.13358306279405954,0.4684556722640991,0.4140625,1,2
27,3986,0.17402521893382075,0.3621988296508789,0.4921875,3,4
27,3987,0.18641643738374117,0.43187880516052246,0.47265625,2,3
27,3988,0.12227463978342713,0.27701157331466675,0.4765625,1,2
28,3936,0.25914434483274823,0.40699970722198486,0.5546875,3,3
28,3719,0.24832198116928345,0.43691015243530273,0.52734375,3,3
28,3989,0.21737197972834113,0.4434041976928711,0.49609375,3,3
28,3990,0.23339500464499002,0.3970041275024414,0.53515625,3,4
28,3991,0.08568069222383203,0.12498152256011963,0.57421875,2,2
28,3992,0.08244466513860972,0.2000553011894226,0.46484375,3,2
28,3993,0.19026326143648478,0.40421074628829956,0.48828125,3,3
28,3994,0.07410036399960519,0.10226249694824219,0.58984375,3,3
28,3995,0.1041369321756065,0.25269246101379395,0.46484375,3,2
28,3996,0.0,0.20523595809936523,0.125,3,2
28,3997,0.262142931111157,0.4459042549133301,0.53515625,4,4
28,3998,0.0,0.19980698823928833,0.1484375,3,3
28,3999,0.0891033010557294,0.21621274948120117,0.46484375,3,2
28,4000,0.07615434331819416,0.1892768144607544,0.4609375,4,4
28,4001,0.16036862332839522,0.42988866567611694,0.44921875,3,4
28,4002,0.2314528597053141,0.387267529964447,0.5390625,3,2
28,4003,0.23052335262764248,0.3461230397224426,0.56640625,3,3
28,4004,0.1740670055150986,0.38581085205078125,0.48046875,3,3
28,4005,0.08686804119497539,0.22127580642700195,0.45703125,3,2
28,4006,0.1871430672472343,0.4335622191429138,0.47265625,3,4
28,4007,0.09201235999353231,0.1445102095603943,0.5546875,4,4
28,4008,0.22641687374562028,0.33504462242126465,0.5703125,4,4
28,4009,0.12338614370673896,0.1726057529449463,0.5859375,4,4
28,4010,0.2095624508801848,0.36871469020843506,0.52734375,2,3
28,4011,0.0896265310002491,0.21748238801956177,0.46484375,2,2
28,3178,0.24031454790383583,0.44580090045928955,0.515625,3,5
28,3874,0.2177829332649708,0.4442424774169922,0.49609375,3,5
28,4012,0.14697746839374307,0.3188663721084595,0.484375,3,4
28,4013,0.15343185514211657,0.3193378448486328,0.4921875,4,5
28,4014,0.027249813079833984,0.027249813079833984,0.8515625,1,2
28,4015,0.17349444958381358,0.3539010286331177,0.49609375,3,5
28,4016,0.2323995707556606,0.4019884467124939,0.53125,3,4
28,4017,0.15950076980516317,0.23602426052093506,0.5703125,1,2
28,4018,0.11537969112396243,0.2307593822479248,0.5,3,4
28,4019,0.22145225200802093,0.39644598960876465,0.5234375,1,2
28,4020,0.13236108748242262,0.23288273811340332,0.52734375,4,6
28,4021,0.154223807156086,0.4486510753631592,0.4375,2,3
28,4022,0.115471662953496,0.27371060848236084,0.46875,2,4
28,4023,0.06971226981841029,0.15793222188949585,0.4765625,3,3
28,4024,0.24869801988825205,0.36277318000793457,0.57421875,1,2
28,4025,0.18734671839047226,0.3980146050453186,0.48828125,2,4
28,4026,0.07504099840298296,0.1064293384552002,0.58203125,3,5
28,4027,0.0803510171826929,0.1780940294265747,0.48046875,3,3
28,4028,0.11665674566756935,0.1567670702934265,0.59765625,2,3
28,4029,0.08223611302673818,0.13324332237243652,0.546875,3,4
28,4030,0.21511629084125167,0.37848639488220215,0.52734375,2,4
28,4031,0.1264523610007018,0.17451107501983643,0.58984375,1,2
28,4032,0.23248797655105596,0.43128204345703125,0.515625,3,5
28,4033,0.171376338461414,0.43654072284698486,0.45703125,3,6
28,4034,0.0,0.17257213592529297,0.19921875,1,2
28,4035,0.19645723304711285,0.4173697233200073,0.48828125,3,5
28,4036,0.07054595695808531,0.08190369606018066,0.64453125,3,5
28,4037,0.178681715275161,0.36448222398757935,0.49609375,3,5
28,4038,0.03634831053204835,0.15380442142486572,0.39453125,3,5
28,4039,0.07587167411111297,0.1460387110710144,0.5078125,4,5
28,3855,0.24991310038603848,0.4181552529335022,0.5390625,3,5
28,3768,0.24418747995514428,0.4296357035636902,0.52734375,1,2
28,4040,0.07210783218033613,0.16705524921417236,0.47265625,3,5
28,4041,0.19912177720107144,0.3832719922065735,0.5078125,2,2
28,4042,0.09153626672923566,0.13352298736572266,0.57421875,1,1
28,4043,0.1626403166446835,0.25941383838653564,0.55078125,2,3
28,4044,0.23645232478156689,0.3657510280609131,0.55859375,2,2
28,4045,0.08735785097815098,0.12926942110061646,0.5703125,3,4
28,4046,0.03118325164541603,0.14383625984191895,0.38671875,3,4
28,4047,0.09007184905931356,0.4154665470123291,0.38671875,3,4
28,4048,0.18194761499762538,0.35692405700683594,0.50390625,3,4
28,4049,0.04946894804015757,0.41521477699279785,0.34765625,1,2
28,4050,0.022190709132701162,0.14949530363082886,0.359375,1,2
28,4051,0.21513319015502935,0.4302663803100586,0.5,3,6
28,4052,0.18392314715310934,0.4166754484176636,0.4765625,1,2
28,4053,0.21670663077384236,0.47014319896698,0.484375,2,3
28,4054,0.07425070088356735,0.12843364477157593,0.53125,3,3
28,4055,0.08064706809818746,0.12289077043533325,0.5625,1,2
28,4056,0.21658348571509126,0.4507753849029541,0.4921875,1,2
28,4057,0.0,0.21058893203735352,0.125,2,3
28,4058,0.06283411977346988,0.16843491792678833,0.44921875,2,2
28,4059,0.21075517265126115,0.39096611738204956,0.515625,2,2
28,4060,0.15476217865943911,0.45021724700927734,0.4375,1,2
28,4061,0.21249086223542693,0.4422574043273926,0.4921875,3,6
28,4062,0.20889470411930236,0.36753982305526733,0.52734375,1,2
28,4063,0.21811136882752183,0.4449124336242676,0.49609375,3,6
28,4064,0.18566410057246688,0.3158140182495117,0.53515625,4,5
28,4065,0.24877729173749688,0.36288881301879883,0.57421875,3,5
28,3971,0.26919221342541283,0.404183030128479,0.56640625,1,2
28,3964,0.2304026898927987,0.469984769821167,0.49609375,3,6
28,4066,0.12598464544862512,0.2337106466293335,0.515625,3,5
28,4067,0.08387403446249665,0.15846312046051025,0.51171875,3,5
28,4068,0.09048675186932088,0.14211416244506836,0.5546875,2,3
28,4069,0.2238022980745882,0.3514931797981262,0.5546875,3,5
28,4070,0.12291928986087443,0.272444486618042,0.48046875,3,5
28,4071,0.08707791985943915,0.12701964378356934,0.57421875,2,3
28,4072,0.06370434351265432,0.12994670867919922,0.49609375,1,1
28,4073,0.18196702422574165,0.29483264684677124,0.546875,1,2
28,4074,0.10865374212153257,0.2636526823043823,0.46484375,3,5
28,4075,0.20539495162665847,0.4189729690551758,0.49609375,4,7
28,4076,0.15809124126099053,0.4733492136001587,0.43359375,2,3
28,4077,0.07877436548005791,0.1296864151954651,0.54296875,4,7
28,4078,0.2655933843925596,0.387418270111084,0.57421875,1,2
28,4079,0.11189407366327943,0.1484190821647644,0.6015625,2,5
28,4080,0.1232198235811666,0.39185434579849243,0.42578125,4,6
28,4081,0.2579726063413546,0.36587804555892944,0.58203125,3,5
28,4082,0.11680834135040642,0.13409388065338135,0.6484375,3,4
28,4083,0.0671848012134433,0.1398317813873291,0.4921875,4,6
28,4084,0.14269034471362832,0.45377302169799805,0.42578125,3,5
28,4085,0.19245912507176402,0.3570256233215332,0.515625,4,5
28,4086,0.12109152344055475,0.342535138130188,0.44140625,3,7
28,4087,0.21557464241050187,0.4397379159927368,0.49609375,3,6
28,4088,0.08268074656371029,0.3498557209968567,0.39453125,3,6
28,4089,0.002645730972290039,0.002645730972290039,0.9609375,2,2
28,4090,0.24314626073464754,0.3401390314102173,0.5859375,3,5
28,4091,0.14053872716613117,0.3114970922470093,0.48046875,1,2
28,4092,0.19308644067496064,0.4018709659576416,0.4921875,1,3
28,4093,0.09145509568043055,0.11975705623626709,0.60546875,1,2
28,3955,0.22697754169348633,0.4288284182548523,0.51171875,3,3
28,3921,0.2378456331789494,0.4114086627960205,0.53125,3,4
28,4094,0.2296051180455834,0.47787731885910034,0.4921875,3,4
28,4095,0.1273365824017674,0.18842869997024536,0.5703125,3,4
28,4096,0.08866297826170923,0.13510549068450928,0.5625,1,2
28,4097,0.23260112002026295,0.40925008058547974,0.52734375,1,2
28,4098,0.18550351168960336,0.40244829654693604,0.484375,3,2
28,4099,0.10120745422318579,0.13424408435821533,0.6015625,3,2
28,4100,0.24515433469787246,0.46316981315612793,0.51171875,3,4
28,4101,0.043146744836121805,0.15130913257598877,0.4140625,3,4
28,4102,0.2144851551856846,0.35887712240219116,0.5390625,2,3
28,4103,0.06925842817872764,0.11979836225509644,0.53125,1,1
28,4104,0.08393679978325964,0.16156256198883057,0.5078125,1,2
28,4105,0.227320026839152,0.32240402698516846,0.58203125,1,2
28,4106,0.09737545112147929,0.1743224859237671,0.5234375,1,2
28,4107,0.1346847419627011,0.29219740629196167,0.484375,3,4
28,4108,0.08531128661707045,0.15272510051727295,0.5234375,3,4
28,4109,0.09477095433976503,0.1344119906425476,0.58203125,4,5
28,4110,0.25383998849429196,0.40487873554229736,0.55078125,3,3
28,4111,0.08988543285522611,0.12404674291610718,0.58984375,2,3
28,4112,0.20580074563622477,0.31360113620758057,0.5625,1,2
28,4113,0.10201513953506948,0.1353154182434082,0.6015625,5,6
28,4114,0.2557112462818623,0.3896552324295044,0.5625,2,2
28,4115,0.14973915880545977,0.33188939094543457,0.48046875,3,3
28,4116,0.17821344640105966,0.3866325616836548,0.484375,1,2
28,4117,0.08383571484591813,0.1942257285118103,0.47265625,1,1
28,4118,0.11984598822891715,0.43518543243408203,0.41015625,3,2
28,4119,0.1388514335267246,0.25299620628356934,0.51953125,2,3
28,4120,0.08608799986541273,0.14890897274017334,0.53125,4,4
28,4121,0.12635009177029136,0.3675639033317566,0.4375,2,3
28,4122,0.0,0.16530776023864746,0.2890625,2,3
28,4123,0.2378264222061262,0.4184437394142151,0.52734375,4,5
28,4124,0.10260528058279307,0.1278197169303894,0.62109375,3,4
28,4125,0.06249988311901689,0.13008105754852295,0.4921875,3,3
28,4126,0.07719592330977322,0.08573603630065918,0.66015625,3,3
28,4127,0.10210105776786806,0.14282989501953125,0.5859375,1,2
28,4128,0.06915567163378002,0.11571145057678223,0.5390625,3,4
29,4100,0.2987574795261026,0.46921420097351074,0.5546875,3,4
29,3768,0.33122329367324715,0.4229085445404053,0.61328125,1,2
29,4129,0.11095786001533271,0.2692437171936035,0.46484375,3,4
29,4130,0.12874289811588827,0.13704025745391846,0.67578125,1,2
29,4131,0.1661447295919061,0.4232144355773926,0.45703125,4,5
29,4132,0.07332334574311973,0.24861955642700195,0.41796875,1,2
29,4133,0.09542259946465494,0.2775930166244507,0.4375,2,2
29,4134,0.07835104898549618,0.0909653902053833,0.64453125,1,2
29,4135,0.29710746381897485,0.37011927366256714,0.62109375,1,2
29,4136,0.3215448071714491,0.42650502920150757,0.6015625,3,4
29,4137,0.034340858459472656,0.034340858459472656,0.87109375,3,4
29,4138,0.08532989281229676,0.23488658666610718,0.4453125,1,3
29,4139,0.32089724019169813,0.41489744186401367,0.609375,3,3
29,4140,0.2553095221519471,0.3142271041870117,0.625,2,4
29,4141,0.21487473463639623,0.38467085361480713,0.5234375,3,4
29,4142,0.1377407815307379,0.1436319351196289,0.68359375,2,1
29,4143,0.13084156997501853,0.14690983295440674,0.65625,3,4
29,4144,0.09685783833265306,0.1192096471786499,0.625,3,3
29,4145,0.11386069818399848,0.290033221244812,0.45703125,1,1
29,4146,0.06606965488754214,0.12038314342498779,0.51953125,3,3
29,4147,0.2057366271037609,0.3886979818344116,0.51171875,3,3
29,4148,0.2934963696170599,0.44067490100860596,0.56640625,3,3
29,4149,0.3004034589976073,0.4320409297943115,0.578125,3,4
29,4150,0.26407402090262627,0.38520199060440063,0.57421875,3,4
29,4151,0.08988915476948024,0.10319113731384277,0.6484375,2,5
29,4152,0.08898827922530474,0.10571229457855225,0.63671875,3,4
29,4153,0.018707477487623695,0.1451246738433838,0.3515625,2,3
29,4154,0.3066219664178789,0.4289356470108032,0.5859375,2,4
29,4155,0.12232117727398874,0.3195328712463379,0.453125,4,4
29,4156,0.3129357816651464,0.40460383892059326,0.609375,4,5
29,4157,0.30243297363631433,0.4289354085922241,0.58203125,3,4
29,4158,0.29514920269139117,0.4073218107223511,0.58984375,3,4
29,4159,0.09119570069015027,0.2579679489135742,0.44140625,4,4
29,4160,0.1804528031498194,0.26322460174560547,0.57421875,4,5
29,4161,0.211960626533255,0.4411538243293762,0.4921875,3,4
29,4114,0.3173836324131117,0.3859867453575134,0.62890625,2,2
29,4032,0.3198886159807444,0.43559300899505615,0.59375,3,5
29,4162,0.22343774326145652,0.26238560676574707,0.640625,3,4
29,4163,0.11388111114501953,0.11388111114501953,0.7265625,2,3
29,4164,0.10786303714849056,0.274755597114563,0.45703125,3,4
29,4165,0.303200550377369,0.3970298767089844,0.60546875,3,6
29,4166,0.150368198286742,0.18731999397277832,0.62109375,2,2
29,4167,0.2570398964453489,0.3409441113471985,0.6015625,4,7
29,4168,0.08344235399272294,0.22367793321609497,0.44921875,2,2
29,4169,0.07747591566294433,0.175520658493042,0.4765625,4,7
29,4170,0.08729751489590855,0.2340121865272522,0.44921875,2,3
29,4171,0.26981367974076426,0.40511614084243774,0.56640625,3,5
29,4172,0.09375043690670283,0.20779317617416382,0.48046875,3,3
29,4173,0.22899491514544937,0.2852686047554016,0.62109375,3,4
29,4174,0.0,0.16003882884979248,0.2421875,3,5
29,4175,0.19954107701778415,0.245589017868042,0.625,3,4
29,4176,0.06932201050221921,0.14427995681762695,0.4921875,2,3
29,4177,0.06832770444452764,0.06846141815185547,0.69921875,3,6
29,4178,0.27361674502026295,0.3408558964729309,0.62109375,2,3
29,4179,0.2946473574265838,0.3809581995010376,0.609375,3,3
29,4180,0.10459562053438277,0.280381977558136,0.44921875,3,6
29,4181,0.11478644609451294,0.11478644609451294,0.71875,3,3
29,4182,0.06533491611480713,0.06533491611480713,0.703125,2,2
29,4183,0.1133958101272583,0.1133958101272583,0.70703125,2,1
29,4184,0.06355386727955194,0.13501900434494019,0.48828125,3,3
29,4185,0.08525998750701548,0.13814276456832886,0.546875,2,1
29,4186,0.08052735612727703,0.2001456618309021,0.4609375,2,1
29,4187,0.30737604014575487,0.4683825373649597,0.5625,3,6
29,4188,0.08453645068220796,0.10160249471664429,0.6328125,3,5
29,4081,0.30673116305843,0.36865341663360596,0.6328125,3,5
29,3855,0.3483679464552552,0.41869574785232544,0.6328125,3,5
29,4189,0.012222579680383209,0.1526331901550293,0.33203125,3,4
29,4190,0.10613257717341186,0.13551092147827148,0.61328125,4,6
29,4191,0.12271016882732512,0.34711384773254395,0.44140625,1,1
29,4192,0.26296965766232466,0.3729652762413025,0.58203125,3,4
29,4193,0.07027335651218893,0.1156911849975586,0.54296875,4,5
29,4194,0.23031894245650622,0.31785255670547485,0.58984375,1,2
29,4195,0.2093116528121755,0.41060370206832886,0.50390625,3,5
29,4196,0.10532059893012048,0.10871803760528564,0.6875,4,7
29,4197,0.13594532012939453,0.13594532012939453,0.7109375,1,2
29,4198,0.30587154440581804,0.41650593280792236,0.59375,3,4
29,4199,0.08516910136677326,0.3328746557235718,0.40234375,3,4
29,4200,0.2871498836902902,0.366635262966156,0.61328125,3,5
29,4201,0.12656129663810137,0.3483837842941284,0.4453125,2,3
29,4202,0.14057385921478271,0.14057385921478271,0.703125,3,4
29,4203,0.10124265821650626,0.20651888847351074,0.49609375,3,5
29,4204,0.0645528177265078,0.12195956707000732,0.51171875,3,5
29,4205,0.2307445595506579,0.26789391040802,0.64453125,4,7
29,4206,0.11986172921024264,0.12498819828033447,0.68359375,3,5
29,4207,0.10628417087718846,0.12339568138122559,0.64453125,1,1
29,4208,0.28649929910898214,0.39012670516967773,0.59375,3,5
29,4209,0.27855934994295245,0.41220343112945557,0.5703125,3,6
29,4210,0.10275850701145829,0.10501468181610107,0.69140625,1,2
29,4211,0.28435553237795835,0.4465951919555664,0.5546875,3,6
29,4212,0.20396658335812393,0.34127742052078247,0.5390625,2,3
29,4213,0.15146435284987095,0.41693413257598877,0.4453125,3,5
29,4214,0.3314868402667344,0.4285890460014343,0.609375,2,3
29,4215,0.323291139677167,0.4076972007751465,0.6171875,3,5
29,4216,0.32769549451768404,0.4403676986694336,0.59765625,3,6
29,3997,0.3073779623955489,0.44207167625427246,0.578125,4,4
29,3936,0.3302914240630344,0.40168458223342896,0.62890625,3,3
29,4217,0.18481828225776556,0.400961697101593,0.484375,3,4
29,4218,0.22970433218870318,0.4185360074043274,0.51953125,4,5
29,4219,0.08249768055975439,0.10942697525024414,0.6015625,3,3
29,4220,0.3048392047639937,0.4264417290687561,0.5859375,4,4
29,4221,0.09986503457184882,0.28249114751815796,0.44140625,3,3
29,4222,0.33350359322503215,0.44817280769348145,0.59765625,3,2
29,4223,0.26278046169318264,0.38885432481765747,0.5703125,4,6
29,4224,0.08944403752684595,0.13629567623138428,0.5625,3,2
29,4225,0.2809886364266277,0.44130730628967285,0.5546875,3,4
29,4226,0.07501786760985853,0.12154793739318848,0.546875,3,3
29,4227,0.013840359402820473,0.17283570766448975,0.33203125,4,4
29,4228,0.10213497281074525,0.10985946655273438,0.671875,4,4
29,4229,0.11393110733479263,0.12254774570465088,0.671875,3,3
29,4230,0.3053634022362531,0.39986205101013184,0.60546875,3,2
29,4231,0.2436277931556106,0.2860950231552124,0.640625,2,2
29,4232,0.30856344476342207,0.42017149925231934,0.59375,4,4
29,4233,0.0956255493219942,0.3472360372543335,0.41015625,3,4
29,4234,0.3252387258689851,0.4549787640571594,0.5859375,4,4
29,4235,0.048123072134330876,0.12900006771087646,0.44921875,2,2
29,4236,0.33318550069816416,0.4598139524459839,0.58984375,5,6
29,4237,0.06458086438942702,0.12201255559921265,0.51171875,4,5
29,4238,0.061618288513273015,0.11430639028549194,0.515625,4,4
29,4239,0.08336139516904952,0.21234345436096191,0.45703125,4,4
29,4240,0.06723838252946736,0.11830258369445801,0.52734375,3,2
29,4241,0.03509414196014404,0.03509414196014404,0.890625,4,3
29,4242,0.09307176992297174,0.1418236494064331,0.5625,4,4
29,3971,0.30595095362514263,0.4006314277648926,0.60546875,1,2
29,4078,0.29921227321028715,0.3773317337036133,0.6171875,1,2
29,4243,0.11591677973046902,0.39304232597351074,0.41796875,1,1
29,4244,0.0,0.16671758890151978,0.21875,3,5
29,4245,0.0,0.16606909036636353,0.2265625,1,1
29,4246,0.12112681148573758,0.16944515705108643,0.5859375,2,3
29,4247,0.3063091230578721,0.41162800788879395,0.59765625,1,2
29,4248,0.18514523282647136,0.24880409240722656,0.59765625,1,2
29,4249,0.09505747025832535,0.12608659267425537,0.6015625,1,1
29,4250,0.09660770907066764,0.24011236429214478,0.4609375,1,1
29,4251,0.003293933463282888,0.1533176302909851,0.30859375,1,0
29,4252,0.30532819032669073,0.39476776123046875,0.609375,1,2
29,4253,0.3147424645721913,0.3920879364013672,0.62109375,1,2
29,4254,0.08754222409334035,0.08771353960037231,0.69921875,2,2
29,4255,0.06458755268249662,0.12202519178390503,0.51171875,1,2
29,4256,0.08184522064402701,0.10195803642272949,0.62109375,1,1
29,4257,0.08604158274829389,0.15961337089538574,0.515625,1,2
29,4258,0.3106686617247761,0.40680909156799316,0.60546875,2,4
29,4259,0.26788575528189545,0.33782637119293213,0.6171875,1,2
29,4260,0.2997085992246867,0.40811383724212646,0.59375,3,6
29,4261,0.07403571670874955,0.18401110172271729,0.4609375,3,6
29,4262,0.10633474029600622,0.11683130264282227,0.6640625,2,4
29,4263,0.24394848896190527,0.2800484895706177,0.6484375,1,2
29,4264,0.10884749097749594,0.21352458000183105,0.50390625,1,2
29,4265,0.2613883124431596,0.34227830171585083,0.60546875,3,6
29,4266,0.12275673402473332,0.3379110097885132,0.4453125,2,2
29,4267,0.11307166144251825,0.12695765495300293,0.65625,1,1
29,4268,0.23603171482682234,0.40827107429504395,0.53125,3,5
30,3768,0.29150396212935453,0.4134349822998047,0.58203125,1,2
30,4165,0.288937233388424,0.3934464454650879,0.59375,3,6
30,4269,0.05612826347351074,0.05612826347351074,0.83203125,3,5
30,4270,0.2975229837466032,0.4162070155143738,0.5859375,3,5
30,4271,0.08546173572540283,0.08546173572540283,0.7421875,3,6
30,4272,0.08853457495570184,0.1116495132446289,0.6171875,3,5
30,4273,0.24714260327164086,0.34107011556625366,0.58984375,2,4
30,4274,0.08455721754580738,0.2608029842376709,0.4296875,1,2
30,4275,0.08919001347385348,0.13198059797286987,0.5703125,2,3
30,4276,0.1405172939412296,0.16888463497161865,0.6328125,1,2
30,4277,0.10326781379990281,0.12864506244659424,0.62109375,1,1
30,4278,0.09247234067879619,0.12108910083770752,0.60546875,3,6
30,4279,0.08965673949569465,0.15508192777633667,0.53125,4,7
30,4280,0.08533537830226125,0.13199913501739502,0.55859375,4,7
30,4281,0.09223055094480516,0.10355710983276367,0.65625,1,2
30,4282,0.3135571801103652,0.3954218626022339,0.6171875,1,2
30,4283,0.21371450694277885,0.28719639778137207,0.59765625,1,2
30,4284,0.11036923015490176,0.11748242378234863,0.67578125,1,1
30,4285,0.09272094815969469,0.11988162994384766,0.609375,2,4
30,4286,0.09537144098430873,0.12986749410629272,0.59375,4,7
30,4287,0.0756746402475983,0.18808454275131226,0.4609375,1,1
30,4288,0.27842499548569327,0.40043145418167114,0.578125,1,2
30,4289,0.24144449015147987,0.37347304821014404,0.55859375,1,2
30,4290,0.24093548534438017,0.31958281993865967,0.6015625,3,4
30,4291,0.09285486594308169,0.09682625532150269,0.68359375,1,2
30,4292,0.0,0.16826605796813965,0.21484375,1,0
30,4293,0.11520804860629143,0.12263309955596924,0.67578125,1,1
30,4294,0.11963860283140094,0.12226539850234985,0.69140625,1,1
30,4295,0.24482460203580564,0.43075668811798096,0.52734375,1,2
30,4296,0.03782130754552782,0.13263362646102905,0.4140625,2,3
30,4214,0.28342054598033434,0.41939687728881836,0.5703125,2,3
30,4216,0.2989221693715081,0.42395609617233276,0.58203125,3,6
30,4297,0.09173911437392236,0.13575267791748047,0.5703125,1,3
30,4298,0.2803701022639871,0.38178056478500366,0.59375,1,2
30,4299,0.10460183629766108,0.11370730400085449,0.66796875,1,2
30,4300,0.07701741904020311,0.11735987663269043,0.5625,2,4
30,4301,0.09046682610642166,0.10270291566848755,0.65234375,4,6
30,4302,0.2388914627954364,0.30126214027404785,0.6171875,1,3
30,4303,0.0,0.17014801502227783,0.1875,3,5
30,4304,0.2690645924303681,0.3924816846847534,0.57421875,2,4
30,4305,0.08584435237571598,0.12175154685974121,0.58203125,3,6
30,4306,0.29952351213432854,0.38243401050567627,0.61328125,2,3
30,4307,0.07958111492916943,0.12498629093170166,0.5546875,1,3
30,4308,0.024769029580056674,0.1474621295928955,0.3671875,2,2
30,4309,0.2703501163050533,0.3888181447982788,0.578125,2,3
30,4310,0.07799603976309301,0.13050317764282227,0.5390625,3,5
30,4311,0.11217323853634299,0.12324613332748413,0.6640625,1,1
30,4312,0.11711177788674833,0.1314939260482788,0.65625,1,2
30,4313,0.3014220873592422,0.41597872972488403,0.58984375,2,4
30,4314,0.053761929273605354,0.12743568420410156,0.46875,1,2
30,4315,0.0,0.1881842017173767,0.203125,1,2
30,4316,0.18805482110474261,0.266714870929718,0.58203125,2,4
30,4317,0.30995268560945993,0.4220632314682007,0.59375,2,3
30,4318,0.09508712496608497,0.26897573471069336,0.44140625,1,1
30,4319,0.1081117275170982,0.11628824472427368,0.671875,3,5
30,4320,0.08386389305815102,0.117317795753479,0.5859375,3,4
30,4321,0.10270591126754881,0.11790454387664795,0.6484375,1,1
30,4322,0.11606991291046143,0.11606991291046143,0.703125,1,1
30,4323,0.12425018067006025,0.19818097352981567,0.55078125,2,4
30,4324,0.0695396475493908,0.1202847957611084,0.53125,2,2
30,4325,0.09317691251635553,0.11467927694320679,0.625,3,6
30,4326,0.05942283209878952,0.12624269723892212,0.48828125,2,3
30,4327,0.28290209220722323,0.40687042474746704,0.578125,3,6
30,4328,0.11393862706609072,0.1251857876777649,0.6640625,2,2
30,4329,0.05942168179899455,0.12624025344848633,0.48828125,1,1
30,4330,0.18845801940187815,0.24366289377212524,0.609375,2,3
30,4331,0.10495105013251306,0.2888975143432617,0.4453125,3,4
30,4332,0.316790521144867,0.414825439453125,0.60546875,2,3
30,4333,0.05942283209878952,0.12624269723892212,0.48828125,4,6
30,4334,0.0,0.1695537567138672,0.1953125,1,2
30,4335,0.06286039948463441,0.1257207989692688,0.5,2,3
30,4336,0.2526273978874088,0.36332929134368896,0.578125,2,4
30,4337,0.09392752032727004,0.24536168575286865,0.453125,2,3
30,4338,0.09577280678786339,0.24395859241485596,0.45703125,2,3
30,4339,0.26617626578081405,0.39965468645095825,0.56640625,3,5
30,4340,0.0,0.1992701292037964,0.13671875,2,3
30,4222,0.26882671786006546,0.4425700306892395,0.54296875,3,2
30,4236,0.29352847114205366,0.44728147983551025,0.5625,5,6
30,4341,0.26173524837940937,0.4308953285217285,0.54296875,3,3
30,4342,0.11541994591243566,0.12035644054412842,0.68359375,3,1
30,4343,0.11419983208179475,0.3322176933288574,0.4375,5,6
30,4344,0.05345311923883856,0.16998755931854248,0.42578125,4,4
30,4345,0.31851671775802975,0.45174670219421387,0.58203125,5,5
30,4346,0.032557452446781106,0.15017491579055786,0.38671875,2,2
30,4347,0.0,0.1891939640045166,0.19921875,4,5
30,4348,0.0770184025168419,0.2375507354736328,0.4296875,4,4
30,4349,0.09533905948046596,0.12172967195510864,0.61328125,3,2
30,4350,0.2914929029066116,0.4022759199142456,0.58984375,6,7
30,4351,0.25492548255715525,0.38276201486587524,0.56640625,4,5
30,4352,0.08856036071665586,0.12388771772384644,0.5859375,2,2
30,4353,0.11124155111610891,0.11719274520874023,0.6796875,3,3
30,4354,0.2728542787954212,0.4220585823059082,0.55859375,3,3
30,4355,0.08956779143773021,0.130651593208313,0.57421875,3,1
30,4356,0.2609547260217369,0.43663012981414795,0.5390625,3,2
30,4357,0.09024508297443391,0.11107087135314941,0.625,4,5
30,4358,0.18605938518885526,0.256771981716156,0.58984375,3,3
30,4359,0.16451246710494163,0.3727008104324341,0.4765625,4,5
30,4360,0.20694127492606643,0.3579524755477905,0.53125,3,4
30,4361,0.060779922874644406,0.12398135662078857,0.49609375,3,3
30,4362,0.22176762018352753,0.39701056480407715,0.5234375,3,2
30,4363,0.06857984990347178,0.31633228063583374,0.38671875,5,6
30,4364,0.24676668655592954,0.39359670877456665,0.55078125,3,2
30,4365,0.22860167454928165,0.38885068893432617,0.53515625,4,4
30,4366,0.06571848783642055,0.2156914472579956,0.421875,3,3
30,4367,0.07699394226074219,0.07699394226074219,0.76171875,2,1
30,4368,0.3003978226333857,0.43203282356262207,0.578125,3,2
30,4369,0.07362293824553491,0.11742973327636719,0.55078125,4,4
30,4370,0.10421569226309658,0.12674212455749512,0.62890625,2,1
30,4371,0.2790114842355252,0.4593372344970703,0.54296875,5,6
30,4372,0.08565187302883716,0.12860339879989624,0.56640625,4,4
30,4373,0.06777698919177057,0.12133502960205078,0.5234375,3,2
30,4374,0.2296044717077166,0.34474337100982666,0.56640625,5,7
30,4375,0.043254305724985904,0.1466636061668396,0.41796875,5,6
30,4376,0.09550611628219487,0.2373744249343872,0.4609375,6,6
30,4377,0.2009836385259405,0.4656272530555725,0.47265625,4,5
30,3855,0.3093433937756345,0.40507370233535767,0.60546875,3,5
30,4032,0.3013528045266867,0.42156457901000977,0.5859375,3,5
30,4378,0.16220985946711156,0.2587272524833679,0.55078125,3,5
30,4379,0.26701542921364313,0.39512109756469727,0.5703125,3,4
30,4380,0.29420249909162527,0.4006161689758301,0.59375,2,5
30,4381,0.22328481357544663,0.3040474057197571,0.59375,3,5
30,4382,0.26415784726850694,0.3138023614883423,0.63671875,3,5
30,4383,0.23245381610468033,0.3005463480949402,0.609375,3,6
30,4384,0.2706158137880266,0.3785663843154907,0.5859375,3,5
30,4385,0.10299419425427915,0.12378644943237305,0.6328125,4,5
30,4386,0.07719716150313617,0.20165789127349854,0.453125,2,1
30,4387,0.17890274338424209,0.34435415267944336,0.5078125,4,6
30,4388,0.21761042950674897,0.4111311435699463,0.51171875,2,4
30,4389,0.2975548775866628,0.4051811099052429,0.59375,4,7
30,4390,0.08313743770122531,0.44339966773986816,0.375,3,5
30,4391,0.1635930552147329,0.2569314241409302,0.5546875,3,4
30,4392,0.11171052488498391,0.11768680810928345,0.6796875,3,5
30,4393,0.2491557245375589,0.4383770823478699,0.52734375,3,6
30,4394,0.23617720324546101,0.321603000164032,0.59375,3,3
30,4395,0.06416946323588492,0.21060746908187866,0.421875,1,3
30,4396,0.2953633714932949,0.4189087152481079,0.58203125,3,5
30,4397,0.2366269482299686,0.4236118793487549,0.5234375,3,4
30,4398,0.09682694729417564,0.11370503902435303,0.640625,2,3
30,4399,0.06067073345184326,0.06067073345184326,0.8125,4,5
30,4400,0.09528505487833173,0.10817283391952515,0.65234375,3,7
30,4401,0.10961221414618195,0.12583285570144653,0.6484375,3,4
30,4402,0.1984188355272636,0.4596852660179138,0.47265625,2,4
30,4403,0.10338962334208192,0.11737358570098877,0.65234375,3,5
30,4404,0.06328888004645707,0.12415289878845215,0.50390625,4,5
30,4405,0.2840462755411864,0.43283241987228394,0.5625,4,6
30,4406,0.07975678937509657,0.11802160739898682,0.5703125,3,6
30,4407,0.06097634136676789,0.12438201904296875,0.49609375,3,5
30,4408,0.2557051333133132,0.4209679365158081,0.54296875,3,4
30,4409,0.11578428745269775,0.11578428745269775,0.7109375,1,1
30,4410,0.13331654272042218,0.41119319200515747,0.4296875,2,2
31,3855,0.21690065017901367,0.40979015827178955,0.51171875,3,5
31,4216,0.18889021244831386,0.42792826890945435,0.4765625,3,6
31,4411,0.0,0.17006301879882812,0.20703125,4,8
31,4412,0.19997405447065833,0.35799551010131836,0.5234375,3,6
31,4413,0.2240866401698441,0.43132466077804565,0.5078125,2,4
31,4414,0.2083166063530371,0.4617233872413635,0.48046875,3,5
31,4415,0.21563734835945073,0.3608049750328064,0.5390625,3,4
31,4416,0.09671342372894288,0.22406005859375,0.47265625,3,5
31,4417,0.20024879882112148,0.4084756374359131,0.49609375,2,3
31,4418,0.21702132339123642,0.4100181460380554,0.51171875,3,6
31,4419,0.0,0.21600162982940674,0.16015625,3,6
31,4420,0.21811446058563894,0.38376152515411377,0.52734375,2,4
31,4421,0.13426198018714788,0.2794395685195923,0.4921875,4,6
31,4422,0.21064040809869772,0.4054431915283203,0.5078125,3,5
31,4423,0.060037623625248684,0.24396240711212158,0.3984375,2,3
31,4424,0.20539928274229172,0.3742506504058838,0.51953125,4,5
31,4425,0.12958454503677788,0.41209495067596436,0.42578125,4,7
31,4426,0.02665711892768741,0.179584801197052,0.359375,2,4
31,4427,0.1996658309362829,0.4155646562576294,0.4921875,3,6
31,4428,0.06688921444583686,0.1703844666481018,0.45703125,3,4
31,4429,0.08853408880531789,0.1434476375579834,0.546875,4,5
31,4430,0.20727309770882132,0.4695744514465332,0.4765625,4,5
31,4431,0.025165307801216848,0.19522178173065186,0.3515625,2,3
31,4432,0.1949828290380538,0.37530529499053955,0.5078125,4,7
31,4433,0.053750227787531926,0.2100772261619568,0.40234375,3,4
31,4434,0.15180003864225003,0.24990874528884888,0.54296875,3,5
31,4435,0.12928224075585606,0.2236233353614807,0.53125,4,6
31,4436,0.1929347128607333,0.4276301860809326,0.48046875,3,4
31,4437,0.20992359984666115,0.3894234895706177,0.515625,3,6
31,4438,0.1716594268800691,0.32431596517562866,0.51171875,2,4
31,4439,0.03802651865407825,0.1609055995941162,0.39453125,3,3
31,4440,0.11002456024289133,0.12353634834289551,0.65625,3,4
31,4441,0.09305597748607398,0.12185335159301758,0.60546875,3,5
31,4442,0.21211035817395898,0.36079901456832886,0.53515625,2,4
31,4443,0.19844745472073558,0.4305300712585449,0.484375,3,6
31,4444,0.05432365927845241,0.19726037979125977,0.41015625,3,4
31,4445,0.1984501227270812,0.36158883571624756,0.51953125,3,5
31,4446,0.17521439841948452,0.39694589376449585,0.4765625,2,3
31,4447,0.0416054737288505,0.21091091632843018,0.37890625,2,3
31,4448,0.2040214181179181,0.32541733980178833,0.55078125,3,7
31,4449,0.0,0.16642922163009644,0.24609375,5,5
31,4282,0.20472067082300788,0.394048810005188,0.5078125,1,2
31,4032,0.18911759031470868,0.41916972398757935,0.48046875,3,5
31,4450,0.0683426317991689,0.12452465295791626,0.51953125,4,5
31,4451,0.10603935830295087,0.12173128128051758,0.6484375,4,7
31,4452,0.19133601419162008,0.4064897894859314,0.48828125,3,5
31,4453,0.14452447835356,0.3135446310043335,0.484375,3,4
31,4454,0.17867624131031337,0.3143719434738159,0.52734375,3,4
31,4455,0.058828532695770264,0.058828532695770264,0.75390625,3,5
31,4456,0.19019534997642043,0.3660902976989746,0.5078125,3,4
31,4457,0.22365620476193732,0.4225534200668335,0.51171875,1,2
31,4458,0.21531305951066318,0.45742857456207275,0.48828125,1,2
31,4459,0.08635600423440339,0.09192156791687012,0.67578125,1,3
31,4460,0.1989552658051253,0.3758859634399414,0.51171875,1,2
31,4461,0.18381195934489372,0.3905050754547119,0.48828125,3,4
31,4462,0.029956817626953125,0.029956817626953125,0.88671875,4,6
31,4463,0.05228754878044129,0.3522529602050781,0.359375,1,2
31,4464,0.19367090193554762,0.30417025089263916,0.5546875,2,2
31,4465,0.1155879538273439,0.12564975023269653,0.66796875,3,5
31,4466,0.052875967696309104,0.19906246662139893,0.40625,1,1
31,4467,0.1034880611114204,0.13050711154937744,0.6171875,5,7
31,4468,0.19661415182054046,0.46604835987091064,0.46875,1,2
31,4469,0.05952560272999109,0.23264968395233154,0.40234375,4,5
31,4470,0.10501096467487515,0.13081657886505127,0.62109375,3,5
31,4471,0.08302369085140528,0.10600531101226807,0.61328125,2,3
31,4472,0.12789268512278798,0.20721852779388428,0.546875,2,3
31,4473,0.10394834354519845,0.12793642282485962,0.625,3,4
31,4474,0.08127558976411821,0.10003149509429932,0.625,3,7
31,4475,0.07961986120790245,0.1145094633102417,0.578125,1,2
31,4476,0.07260756718460473,0.4085173010826111,0.37109375,3,4
31,4477,0.2260982375591994,0.3910888433456421,0.53125,3,5
31,4478,0.09844685648567976,0.12569773197174072,0.61328125,1,1
31,4479,0.08047820068895818,0.1208353042602539,0.56640625,4,5
31,4332,0.2126828322652728,0.4172168970108032,0.50390625,2,3
31,4317,0.23608847835566854,0.4301683306694031,0.51953125,2,3
31,4480,0.09036407759413125,0.17393386363983154,0.5078125,1,3
31,4481,0.0613462650217116,0.2080085277557373,0.41796875,1,2
31,4482,0.055501911789178855,0.1315600872039795,0.46875,1,1
31,4483,0.10851216572336854,0.1786438226699829,0.54296875,3,5
31,4484,0.18606656533665958,0.4124072790145874,0.48046875,1,2
31,4485,0.05891365534625948,0.18170958757400513,0.4296875,2,3
31,4486,0.12285012006759644,0.12285012006759644,0.703125,2,3
31,4487,0.06331301014870407,0.2383548617362976,0.40625,2,3
31,4488,0.08225233701523396,0.3793981671333313,0.38671875,4,4
31,4489,0.2028867201879621,0.3833136558532715,0.51171875,2,5
31,4490,0.07219855382572861,0.2821806073188782,0.40234375,1,1
31,4491,0.08480624947696926,0.09958899021148682,0.640625,4,6
31,4492,0.05570086161606015,0.21770107746124268,0.40234375,2,4
31,4493,0.10007328679785134,0.12620079517364502,0.6171875,3,5
31,4494,0.0,0.20408016443252563,0.16015625,3,5
31,4495,0.094387442804873,0.12852758169174194,0.59375,1,1
31,4496,0.10204486688598992,0.13029170036315918,0.61328125,3,3
31,4497,0.14914478827267888,0.27667438983917236,0.515625,2,3
31,4498,0.07539692125283184,0.3822101354598999,0.37890625,1,2
31,4499,0.10758083104155959,0.11948239803314209,0.66015625,2,2
31,4500,0.13591172080487016,0.15602421760559082,0.6484375,3,4
31,4501,0.1023629716364667,0.13755863904953003,0.59765625,2,2
31,4502,0.19864882621914154,0.38236165046691895,0.5078125,2,5
31,4503,0.16981051093898716,0.3534267544746399,0.4921875,3,2
31,4504,0.11192507017403842,0.12567025423049927,0.65625,3,4
31,4505,0.08046827628277244,0.12082040309906006,0.56640625,2,2
31,4506,0.08547502965666355,0.11957162618637085,0.5859375,1,2
31,4507,0.20632818946614864,0.45731616020202637,0.48046875,2,3
31,4508,0.07603929389733823,0.11761969327926636,0.55859375,2,3
31,4509,0.10537159559316935,0.2441188097000122,0.47265625,2,4
31,4510,0.07739780750125648,0.11131370067596436,0.578125,3,5
31,4511,0.05673594027757646,0.3025916814804077,0.375,4,5
31,4512,0.07193656358867885,0.317513108253479,0.390625,1,1
31,4513,0.18574269756209108,0.3159477114677429,0.53515625,3,5
31,4514,0.10628632153384389,0.1277431845664978,0.6328125,2,4
31,4515,0.1893330754246563,0.3389459252357483,0.5234375,1,2
31,4516,0.10502162668854,0.12772226333618164,0.62890625,2,2
31,4517,0.09313544258475305,0.2709394693374634,0.4375,3,6
31,4518,0.16494480799883607,0.25905442237854004,0.5546875,2,4
31,4519,0.17334394343197349,0.2900395393371582,0.5390625,4,6
31,4520,0.005734682083129883,0.005734682083129883,0.94140625,2,2
31,4521,0.11715457355603577,0.12470507621765137,0.67578125,2,4
31,4345,0.2075731414370239,0.45032817125320435,0.484375,5,5
31,4368,0.20412943325936797,0.42485475540161133,0.4921875,3,2
31,4522,0.2217349093407393,0.383541464805603,0.53125,5,5
31,4523,0.20011465984862303,0.3925620913505554,0.50390625,6,7
31,4524,0.23475214024074378,0.3424304723739624,0.57421875,3,2
31,4525,0.2121960334479809,0.3609447479248047,0.53515625,5,4
31,4526,0.07905228808522226,0.1204606294631958,0.5625,5,3
31,4527,0.17181317415088418,0.4488180875778198,0.453125,3,3
31,4528,0.08587715530302377,0.10443967580795288,0.62890625,6,5
31,4529,0.20694976975210014,0.45869386196136475,0.48046875,3,3
31,4530,0.10711862705647948,0.4032701253890991,0.40625,5,6
31,4531,0.05297025712206961,0.2337997555732727,0.390625,5,4
31,4532,0.11155448108911516,0.12525415420532227,0.65625,5,5
31,4533,0.18983435910195115,0.28502988815307617,0.56640625,3,2
31,4534,0.13498478801921013,0.22585690021514893,0.5390625,6,6
31,4535,0.19226087583228949,0.3700660467147827,0.5078125,5,6
31,4536,0.18343137099873277,0.42496317625045776,0.47265625,3,2
31,4537,0.0991934535559267,0.1315726637840271,0.6015625,7,8
31,4538,0.187497447244823,0.4247729778289795,0.4765625,2,2
31,4539,0.21026329230517152,0.34067976474761963,0.546875,6,7
31,4540,0.050418635364621885,0.18308043479919434,0.41015625,6,6
31,4541,0.09165793657302856,0.09165793657302856,0.71484375,5,3
31,4542,0.06697078421711923,0.28338050842285156,0.39453125,7,9
31,4543,0.09384911879897119,0.12134027481079102,0.609375,5,7
31,4544,0.20961648225784307,0.41923296451568604,0.5,5,5
31,4545,0.05273904954083265,0.2061251401901245,0.40234375,5,3
31,4546,0.21235700743272903,0.4419788122177124,0.4921875,5,5
31,4547,0.17665892047807577,0.32771509885787964,0.515625,5,5
31,4548,0.08379169832915069,0.1357637643814087,0.546875,5,5
31,4549,0.08842584514059128,0.10266220569610596,0.64453125,5,5
31,4550,0.07306738756597043,0.07859349250793457,0.671875,6,7
31,4551,0.06839484698139132,0.16999107599258423,0.4609375,5,7
31,4552,0.20824556192383173,0.4247877597808838,0.49609375,5,4
32,4413,0.24732104921713477,0.45879846811294556,0.515625,2,4
32,4332,0.30123867699876433,0.43324214220046997,0.578125,2,3
32,4553,0.08227002760395409,0.10374939441680908,0.6171875,1,2
32,4554,0.10118086077272893,0.14551854133605957,0.578125,3,6
32,4555,0.2391003121156246,0.40670883655548096,0.53515625,2,3
32,4556,0.23231717012822634,0.37641263008117676,0.546875,2,3
32,4557,0.10702643729746343,0.14196252822875977,0.6015625,3,4
32,4558,0.08492202032357456,0.09535104036331177,0.65625,2,2
32,4559,0.15112900827080014,0.3423807621002197,0.4765625,2,3
32,4560,0.17132083000615242,0.30143046379089355,0.52734375,3,6
32,4561,0.05251911329105497,0.13719278573989868,0.453125,3,5
32,4562,0.19756889110431078,0.36650460958480835,0.515625,3,5
32,4563,0.21996847004629677,0.39378970861434937,0.5234375,4,5
32,4564,0.13287910725921395,0.22233366966247559,0.5390625,1,2
32,4565,0.1897276416420937,0.3948802947998047,0.4921875,4,2
32,4566,0.09204584732651712,0.14026033878326416,0.5625,5,6
32,4567,0.21703699766658252,0.3885417580604553,0.5234375,2,4
32,4568,0.17060106922872367,0.3864944577217102,0.4765625,6,7
32,4569,0.25052264425903564,0.35045790672302246,0.5859375,6,7
32,4570,0.2638832537923009,0.4808121919631958,0.51953125,6,7
32,4571,0.0678945779800415,0.0678945779800415,0.7265625,1,1
32,4572,0.2419450690504164,0.42569029331207275,0.52734375,2,4
32,4573,0.22213317453861242,0.41207313537597656,0.515625,1,2
32,4574,0.1673840596340597,0.42637133598327637,0.45703125,2,2
32,4575,0.0,0.17137813568115234,0.19140625,3,4
32,4576,0.15873181074857715,0.3945178985595703,0.4609375,2,4
32,4577,0.1108929328620434,0.3225976228713989,0.4375,1,1
32,4578,0.10666998685337604,0.11847078800201416,0.66015625,2,4
32,4579,0.09009132487699391,0.12777495384216309,0.58203125,6,6
32,4580,0.1276950244791806,0.3173779249191284,0.4609375,6,7
32,4581,0.0,0.16613233089447021,0.265625,2,5
32,4582,0.0805600869935006,0.24120914936065674,0.43359375,6,6
32,4583,0.23973137827124452,0.394670307636261,0.54296875,1,2
32,4584,0.27263126522302633,0.4488334655761719,0.54296875,2,3
32,4477,0.2548038866370917,0.41284680366516113,0.546875,3,5
32,4457,0.25728316046297556,0.4450303316116333,0.53125,1,2
32,4585,0.2361352848820389,0.4380480647087097,0.515625,2,3
32,4586,0.09458498843014242,0.175462007522583,0.515625,1,3
32,4587,0.10756065510213376,0.12076985836029053,0.65625,3,5
32,4588,0.1609976987820119,0.3420366048812866,0.48828125,3,5
32,4589,0.287189289694652,0.4728003740310669,0.54296875,3,4
32,4590,0.08471909537911416,0.24645555019378662,0.4375,2,4
32,4591,0.1862166470382363,0.39561378955841064,0.48828125,1,2
32,4592,0.1547326418804005,0.43769675493240356,0.44140625,1,2
32,4593,0.07885957695543767,0.21707582473754883,0.4453125,1,1
32,4594,0.2557920855470002,0.42799198627471924,0.5390625,1,2
32,4595,0.09113939513918014,0.145368754863739,0.55078125,1,3
32,4596,0.05751478672027588,0.05751478672027588,0.76171875,1,2
32,4597,0.19905606703832748,0.4142955541610718,0.4921875,3,5
32,4598,0.2598733548074961,0.39019107818603516,0.56640625,3,3
32,4599,0.10721192392520608,0.3210088014602661,0.43359375,3,5
32,4600,0.2683169692754746,0.4214057922363281,0.5546875,3,5
32,4601,0.1213965890929103,0.12922048568725586,0.67578125,3,5
32,4602,0.1765269725583494,0.3912632465362549,0.48046875,3,5
32,4603,0.2655686773359776,0.40467607975006104,0.5625,1,3
32,4604,0.1459113699384034,0.28085196018218994,0.5078125,2,3
32,4605,0.1840873454930261,0.4080204367637634,0.48046875,1,2
32,4606,0.2483477862551809,0.41553616523742676,0.5390625,3,5
32,4607,0.12325363280251625,0.4045247435569763,0.421875,1,2
32,4608,0.23153164051473146,0.4295079708099365,0.515625,1,2
32,4609,0.064634014852345,0.13184309005737305,0.49609375,1,1
32,4610,0.2732168369693682,0.46474093198776245,0.53515625,2,2
32,4611,0.1811004928313196,0.43944764137268066,0.46484375,1,2
32,4612,0.08060854393988849,0.11928200721740723,0.5703125,1,2
32,4613,0.21951930178329354,0.42253339290618896,0.5078125,1,2
32,4614,0.22912464290857318,0.34914231300354004,0.5625,1,2
32,4615,0.07644124422222377,0.12005496025085449,0.5546875,2,3
32,4616,0.08556419657543303,0.11204314231872559,0.60546875,1,1
32,4617,0.0,0.21636927127838135,0.1171875,4,6
32,4618,0.0984292645007372,0.27094507217407227,0.4453125,1,1
32,4619,0.09686964075081053,0.3786050081253052,0.40234375,3,6
32,4620,0.0,0.16916131973266602,0.2421875,2,4
32,4524,0.243958666571416,0.3558599352836609,0.57421875,3,2
32,4522,0.2700749407522381,0.3939554691314697,0.57421875,5,5
32,4621,0.1998176663182676,0.433502733707428,0.484375,5,5
32,4622,0.1723904496757314,0.4183123707771301,0.46484375,3,2
32,4623,0.0,0.1682184934616089,0.23828125,5,5
32,4624,0.2493666135706008,0.462593138217926,0.515625,3,2
32,4625,0.09977262571919711,0.13064855337142944,0.60546875,5,3
32,4626,0.24710887740366166,0.3941425085067749,0.55078125,5,5
32,4627,0.2318171532824636,0.43003761768341064,0.515625,5,6
32,4628,0.2157595074968413,0.4076341986656189,0.51171875,5,4
32,4629,0.23325516725890344,0.44068872928619385,0.51171875,6,7
32,4630,0.23397077294066554,0.43403273820877075,0.515625,4,3
32,4631,0.26923474133946007,0.4579674005508423,0.53515625,5,5
32,4632,0.07115137740038337,0.12964236736297607,0.51953125,5,4
32,4633,0.21086797211319214,0.41365671157836914,0.50390625,5,6
32,4634,0.10503566858824344,0.31449276208877563,0.43359375,6,6
32,4635,0.08318636426702143,0.12309658527374268,0.5703125,4,3
32,4636,0.200253376737237,0.4344480037689209,0.484375,6,7
32,4637,0.09651244571432473,0.33845460414886475,0.4140625,4,2
32,4638,0.18895939411595467,0.39328134059906006,0.4921875,5,5
32,4639,0.22022234275937086,0.3942441940307617,0.5234375,6,6
32,4640,0.0790622658096254,0.11870932579040527,0.56640625,3,1
32,4641,0.08961071865633131,0.13454747200012207,0.56640625,4,2
32,4642,0.0519336462020874,0.0519336462020874,0.78125,5,6
32,4643,0.12758308323100212,0.39350926876068115,0.4296875,5,4
32,4644,0.10731808794662358,0.2667323350906372,0.4609375,4,3
32,4645,0.26182983303442603,0.4687303304672241,0.5234375,5,5
32,4646,0.177012087777257,0.43995237350463867,0.4609375,5,5
32,4647,0.26396378409117466,0.3796333074569702,0.578125,5,6
32,4648,0.0,0.16388165950775146,0.28125,4,4
32,4649,0.22128604445606476,0.3961484432220459,0.5234375,5,4
32,4650,0.2442506209481508,0.43725985288619995,0.5234375,5,5
32,4651,0.25045900628902024,0.4563523530960083,0.51953125,4,4
32,4652,0.08895990788005294,0.22660434246063232,0.45703125,6,6
32,4317,0.2242864215513692,0.4399794936180115,0.50390625,2,3
32,4420,0.247253857087344,0.40061384439468384,0.546875,2,4
32,4653,0.11632171366363765,0.24210047721862793,0.4921875,3,4
32,4654,0.08657797239720823,0.10284900665283203,0.63671875,2,4
32,4655,0.07804776448756458,0.12448740005493164,0.55078125,2,1
32,4656,0.25167312310077256,0.38929498195648193,0.55859375,2,2
32,4657,0.23406756878830498,0.4505360722541809,0.5078125,1,2
32,4658,0.10238982201553883,0.12163245677947998,0.63671875,3,5
32,4659,0.08788197836838664,0.13593828678131104,0.55859375,3,3
32,4660,0.27032703347504144,0.47562694549560547,0.52734375,3,4
32,4661,0.028665602207183838,0.028665602207183838,0.84375,2,4
32,4662,0.10148652910720558,0.12642604112625122,0.62109375,5,7
32,4663,0.09006018610671164,0.20403015613555908,0.4765625,3,6
32,4664,0.08000459522008897,0.12191176414489746,0.5625,4,6
32,4665,0.0793246552348137,0.18802881240844727,0.46875,2,2
32,4666,0.06216538371518256,0.2867448329925537,0.38671875,4,6
32,4667,0.09043083339929582,0.19618892669677734,0.484375,4,5
32,4668,0.1809247471392155,0.392514705657959,0.484375,3,4
32,4669,0.09379863273352386,0.13490140438079834,0.578125,3,4
32,4670,0.09988370956853033,0.14365297555923462,0.578125,3,4
32,4671,0.2454278258373961,0.36850160360336304,0.56640625,2,3
32,4672,0.22190426196902996,0.39725518226623535,0.5234375,3,6
32,4673,0.09873507951851936,0.3139898180961609,0.42578125,3,4
32,4674,0.12955432815942916,0.439283549785614,0.41796875,4,8
32,4675,0.1113019536715001,0.25215309858322144,0.4765625,4,7
32,4676,0.1156971867894754,0.13134580850601196,0.65234375,2,3
32,4677,0.10676464531570674,0.12831807136535645,0.6328125,3,5
32,4678,0.25396593846380716,0.4546523094177246,0.5234375,4,5
32,4679,0.07594749110285194,0.2273983359336853,0.43359375,4,4
32,4680,0.07132926909253003,0.12996649742126465,0.51953125,2,3
32,4681,0.15804181026760492,0.2069498896598816,0.60546875,2,3
32,4682,0.26613837084732955,0.37745940685272217,0.58203125,2,2
32,4683,0.26481869816780096,0.4290733337402344,0.546875,2,2
32,4684,0.07990725536365063,0.09071511030197144,0.65234375,3,4
32,4685,0.2814453910104931,0.4560127854347229,0.546875,2,4
32,4686,0.2627269034273923,0.4395953416824341,0.5390625,2,4
32,4687,0.1494463789276779,0.28765618801116943,0.5078125,3,4
32,4688,0.20873233373276892,0.2632289528846741,0.6171875,3,5
32,4689,0.09249044279567899,0.12764179706573486,0.58984375,3,4
32,4690,0.08796119852922858,0.12475383281707764,0.58203125,2,2
32,4691,0.11567475460469724,0.12442326545715332,0.671875,2,2
32,4692,0.17286985460668805,0.33274197578430176,0.5078125,2,3
32,4693,0.10004076873883606,0.12615978717803955,0.6171875,2,3
32,4694,0.10535876732319595,0.1345229148864746,0.61328125,2,4
33,4522,0.3246656847186387,0.3812587857246399,0.640625,5,5
33,4631,0.32691950490698224,0.4336341619491577,0.6015625,5,5
33,4695,0.29678107425570494,0.42091941833496094,0.58203125,5,5
33,4696,0.2384665666613728,0.3204590082168579,0.59765625,3,2
33,4697,0.11337102670222522,0.14123106002807617,0.62109375,2,1
33,4698,0.20368659752421084,0.28109848499298096,0.58984375,5,6
33,4699,0.2893047512043268,0.40471047163009644,0.5859375,2,3
33,4700,0.10708319349214436,0.24259555339813232,0.4765625,5,5
33,4701,0.3065366602968425,0.4119337797164917,0.59765625,5,5
33,4702,0.05055809020996094,0.05055809020996094,0.875,4,5
33,4703,0.0,0.183671772480011,0.1796875,5,6
33,4704,0.3145091611659155,0.3570480942726135,0.65234375,5,5
33,4705,0.0656351320212707,0.11959141492843628,0.51953125,4,4
33,4706,0.301251731812954,0.4332609176635742,0.578125,4,5
33,4707,0.11576725565828384,0.14079058170318604,0.62890625,5,6
33,4708,0.11208552122116092,0.22417104244232178,0.5,5,4
33,4709,0.10318838665261866,0.2337719202041626,0.4765625,5,4
33,4710,0.3145453718025238,0.37804514169692993,0.6328125,6,9
33,4711,0.3256608720403165,0.4264408349990845,0.60546875,5,6
33,4712,0.261370562016964,0.39827895164489746,0.5625,5,8
33,4713,0.13910833536647263,0.29553306102752686,0.48828125,5,5
33,4714,0.08261707471683623,0.1297544240951538,0.5546875,4,5
33,4715,0.3089463205542416,0.43817317485809326,0.58203125,4,3
33,4716,0.31625620881095534,0.35903143882751465,0.65234375,5,6
33,4717,0.18493547756224873,0.2904508113861084,0.5546875,5,6
33,4718,0.34847628790885216,0.4092198610305786,0.640625,5,5
33,4719,0.11214014003053309,0.23339736461639404,0.4921875,4,2
33,4720,0.28021191852167254,0.3014044165611267,0.671875,6,7
33,4721,0.311779210343957,0.4245504140853882,0.59375,5,4
33,4722,0.09953839075751604,0.12105381488800049,0.62890625,5,5
33,4723,0.30150399042759096,0.4276178479194641,0.58203125,5,5
33,4724,0.25958957802504307,0.43434596061706543,0.5390625,4,5
33,4725,0.11820743826683613,0.19460517168045044,0.54296875,6,6
33,4726,0.33492635458242154,0.41723185777664185,0.62109375,4,3
33,4727,0.12368858605623247,0.12897872924804688,0.68359375,6,7
33,4728,0.120935439132154,0.30057740211486816,0.4609375,4,3
33,4729,0.10254660749342294,0.1342809796333313,0.60546875,5,4
33,4730,0.302306013298221,0.42875534296035767,0.58203125,5,5
33,4685,0.33493686234578496,0.4442685842514038,0.6015625,2,4
33,4682,0.2972089916002006,0.3794788122177124,0.61328125,2,2
33,4731,0.338779564248398,0.4120074510574341,0.62890625,4,5
33,4732,0.2165133085800335,0.34534209966659546,0.55078125,4,5
33,4733,0.25797384663019335,0.3990411162376404,0.55859375,5,4
33,4734,0.31499614776112145,0.3924039602279663,0.62109375,2,2
33,4735,0.12010134640149774,0.2449876070022583,0.49609375,2,3
33,4736,0.12138280470389874,0.2578755021095276,0.48828125,3,3
33,4737,0.09356719453353436,0.12252277135848999,0.60546875,2,5
33,4738,0.26762865239288663,0.3795730471611023,0.58203125,3,4
33,4739,0.3027105140499771,0.4353589415550232,0.578125,4,4
33,4740,0.028813339769840247,0.15367114543914795,0.375,2,2
33,4741,0.23710826667957013,0.4171801805496216,0.52734375,1,2
33,4742,0.32824051007628446,0.36455345153808594,0.66015625,2,2
33,4743,0.2070347000844777,0.24883043766021729,0.6328125,2,3
33,4744,0.32234707125462597,0.3580080270767212,0.66015625,2,2
33,4745,0.11669266084209086,0.13396108150482178,0.6484375,2,1
33,4746,0.29793368233367806,0.41678154468536377,0.5859375,2,2
33,4747,0.0646849754266441,0.13462889194488525,0.4921875,1,2
33,4748,0.11826504184864463,0.30125224590301514,0.45703125,5,6
33,4749,0.12007086444646121,0.15330743789672852,0.61328125,3,5
33,4750,0.13011676073074344,0.2602335214614868,0.5,3,2
33,4751,0.33124147960916167,0.4393669366836548,0.6015625,2,4
33,4752,0.29312552418559795,0.4749375581741333,0.546875,2,2
33,4753,0.1178083457052708,0.19087934494018555,0.546875,4,6
33,4754,0.19902312755584722,0.39804625511169434,0.5,4,4
33,4755,0.335524017456919,0.45088791847229004,0.59765625,4,5
33,4756,0.011355064809322362,0.16149425506591797,0.328125,2,3
33,4757,0.18359401775524023,0.19957566261291504,0.66796875,5,6
33,4758,0.31010947749018675,0.42227673530578613,0.59375,2,3
33,4759,0.20825591974426066,0.3794556260108948,0.51953125,4,5
33,4760,0.3310041800141335,0.407389760017395,0.625,2,4
33,4761,0.09183409763500096,0.21275591850280762,0.47265625,4,5
33,4762,0.14348575915209952,0.3048328161239624,0.48828125,2,3
33,4763,0.10644037788733841,0.14118516445159912,0.6015625,2,1
33,4764,0.006703079910948877,0.163427472114563,0.31640625,4,3
33,4765,0.16974541055969897,0.23425781726837158,0.58984375,2,3
33,4589,0.30701992125250405,0.46098005771636963,0.56640625,3,4
33,4610,0.32791318511590367,0.4406602382659912,0.59765625,2,2
33,4766,0.12216014193836602,0.23963981866836548,0.50390625,2,1
33,4767,0.315145374275744,0.42350244522094727,0.59765625,2,4
33,4768,0.13425540551543239,0.29126596450805664,0.484375,1,3
33,4769,0.13209190056659284,0.16657894849777222,0.6171875,4,6
33,4770,0.07473653554916383,0.100433349609375,0.59765625,3,6
33,4771,0.30992095731198793,0.44572901725769043,0.578125,3,4
33,4772,0.1400715094059706,0.3320213556289673,0.46875,3,4
33,4773,0.29897471377626067,0.44241344928741455,0.5703125,3,4
33,4774,0.3071185480803252,0.3970825672149658,0.609375,1,2
33,4775,0.3076014067046345,0.4362657070159912,0.58203125,3,4
33,4776,0.02578216791152954,0.02578216791152954,0.9140625,2,3
33,4777,0.30282834102399653,0.36828529834747314,0.62890625,3,3
33,4778,0.27607687376439577,0.42068856954574585,0.5625,3,4
33,4779,0.2560203683096916,0.35332190990448,0.58984375,3,4
33,4780,0.13808810245245698,0.2816777229309082,0.49609375,3,3
33,4781,0.09143188688904048,0.1372818946838379,0.56640625,2,1
33,4782,0.10735171521082522,0.13879817724227905,0.609375,3,5
33,4783,0.10989454272203149,0.12205207347869873,0.66015625,3,3
33,4784,0.1542946017580107,0.35746079683303833,0.47265625,4,6
33,4785,0.07812210428528489,0.08583372831344604,0.6640625,4,6
33,4786,0.10205999156460169,0.19644629955291748,0.5078125,3,3
33,4787,0.06867227819748224,0.13218122720718384,0.5078125,1,2
33,4788,0.10600358247756961,0.21200716495513916,0.5,3,4
33,4789,0.2998840478248895,0.38772886991500854,0.609375,4,6
33,4790,0.09757780900690706,0.1509360671043396,0.55859375,3,5
33,4791,0.07804122485686095,0.12447696924209595,0.55078125,3,4
33,4792,0.0,0.16714900732040405,0.2734375,3,4
33,4793,0.16192912613041702,0.41247618198394775,0.45703125,1,2
33,4794,0.2244781802874059,0.4320783019065857,0.5078125,1,2
33,4795,0.1266215810319409,0.3225385546684265,0.45703125,3,4
33,4796,0.06928992038592698,0.1359250545501709,0.50390625,4,6
33,4797,0.09412631043232979,0.11870115995407104,0.6171875,1,3
33,4798,0.3340331031940878,0.44306981563568115,0.6015625,4,4
33,4799,0.34704886004328733,0.41227149963378906,0.63671875,2,2
33,4800,0.1002576188184321,0.12643325328826904,0.6171875,1,2
33,4801,0.28782603563740855,0.4520457983016968,0.5546875,3,5
33,4332,0.3391835116781295,0.41249871253967285,0.62890625,2,3
33,4584,0.3233479666523636,0.42889678478240967,0.6015625,2,3
33,4802,0.10049835196696223,0.20916730165481567,0.4921875,2,2
33,4803,0.11011888296343389,0.2006436586380005,0.51953125,2,4
33,4804,0.20349598093889656,0.23360973596572876,0.6484375,3,5
33,4805,0.12398636131547393,0.16235554218292236,0.60546875,2,2
33,4806,0.12482650531455876,0.2598015069961548,0.4921875,6,6
33,4807,0.1545602446421981,0.21046501398086548,0.59375,2,3
33,4808,0.1097201267257333,0.14186036586761475,0.609375,3,2
33,4809,0.09476374671794477,0.45772677659988403,0.3828125,2,3
33,4810,0.10824002511799337,0.13994669914245605,0.609375,2,3
33,4811,0.20028824592009192,0.3929026126861572,0.50390625,3,3
33,4812,0.13963862799573692,0.33883875608444214,0.46484375,6,8
33,4813,0.018107910640537746,0.16555804014205933,0.34375,1,1
33,4814,0.10164013970643283,0.11935722827911377,0.640625,1,1
33,4815,0.06345050863455982,0.13479942083358765,0.48828125,3,3
33,4816,0.31691242684610194,0.462276816368103,0.57421875,6,8
33,4817,0.29973646381404256,0.42511099576950073,0.58203125,3,3
33,4818,0.10997078195214273,0.13868236541748047,0.6171875,3,2
33,4819,0.06345278117805721,0.13480424880981445,0.48828125,2,3
33,4820,0.29494182206690317,0.42418599128723145,0.578125,6,7
33,4821,0.26637084316462284,0.4607495665550232,0.53125,1,2
33,4822,0.29865138395689433,0.3766244053840637,0.6171875,2,2
33,4823,0.2851504703285173,0.364082396030426,0.61328125,6,8
33,4824,0.1433731238357723,0.3248099088668823,0.4765625,2,2
33,4825,0.11458274920005354,0.20160263776779175,0.52734375,4,3
33,4826,0.12183762621134521,0.28880029916763306,0.46875,2,4
33,4827,0.10917515913024546,0.13121521472930908,0.6328125,2,4
33,4828,0.12095885723829271,0.2740306854248047,0.4765625,6,7
33,4829,0.3020416237413884,0.33913445472717285,0.65625,2,2
33,4830,0.20129439234733584,0.36035919189453125,0.5234375,2,4
33,4831,0.2050337309483439,0.4182361364364624,0.49609375,3,3
33,4832,0.314892175141722,0.37846195697784424,0.6328125,6,7
33,4833,0.129300901433453,0.3213692307472229,0.4609375,4,5
33,4834,0.11774259805679324,0.23548519611358643,0.5,2,2
33,4835,0.31656624074094003,0.3760601282119751,0.63671875,2,5
33,4836,0.31069082720205193,0.40170127153396606,0.609375,1,2
34,4726,0.28783151856623596,0.4321693181991577,0.56640625,4,3
34,4522,0.3017729264684022,0.4055321216583252,0.59765625,5,5
34,4837,0.11596087156794968,0.19090664386749268,0.54296875,3,2
34,4838,0.28706935350783175,0.44404685497283936,0.55859375,5,6
34,4839,0.08936283993534745,0.12501031160354614,0.5859375,4,4
34,4840,0.027437249198555953,0.1543722152709961,0.37109375,3,2
34,4841,0.2881540707312525,0.4457247257232666,0.55859375,4,2
34,4842,0.27699651801958686,0.36741507053375244,0.6015625,6,7
34,4843,0.2515884067397565,0.29887068271636963,0.63671875,5,5
34,4844,0.04394400655291975,0.14900219440460205,0.41796875,3,1
34,4845,0.13560841232538226,0.16690266132354736,0.625,5,6
34,4846,0.2693404869642109,0.3619483709335327,0.59765625,5,5
34,4847,0.27026543021202093,0.36802101135253906,0.59375,5,5
34,4848,0.10883110412396492,0.1425102949142456,0.60546875,4,3
34,4849,0.23526542377658194,0.4001857042312622,0.53515625,4,4
34,4850,0.13276542350649836,0.31470322608947754,0.46875,4,3
34,4851,0.10097241820767523,0.21451401710510254,0.48828125,5,4
34,4852,0.2632675752975047,0.3492046594619751,0.6015625,5,5
34,4853,0.10460223723202945,0.13524329662322998,0.609375,6,4
34,4854,0.2581774950958789,0.405481219291687,0.5546875,4,3
34,4855,0.09068768331781031,0.12029039859771729,0.6015625,4,4
34,4856,0.06315862387418748,0.13998794555664062,0.48046875,4,2
34,4857,0.25592871126718825,0.3394702076911926,0.6015625,4,2
34,4858,0.2800211675930769,0.4926832914352417,0.52734375,4,3
34,4859,0.2973193493671716,0.4669555425643921,0.5546875,4,3
34,4860,0.2095369650050998,0.3395029306411743,0.546875,5,5
34,4861,0.1129384777741507,0.19210797548294067,0.53515625,4,5
34,4862,0.07630400836933406,0.1767767071723938,0.47265625,5,5
34,4863,0.11732126399874689,0.1516880989074707,0.609375,4,3
34,4731,0.3028349096421153,0.42950546741485596,0.58203125,4,5
34,4685,0.3091851884964854,0.46423113346099854,0.56640625,2,4
34,4864,0.11274176929146053,0.2735724449157715,0.46484375,5,7
34,4865,0.2541555734351278,0.35554003715515137,0.5859375,1,2
34,4866,0.09705708362162115,0.21988153457641602,0.4765625,2,4
34,4867,0.3005236515309662,0.4262274503707886,0.58203125,3,5
34,4868,0.23946394678205254,0.3704094886779785,0.55859375,2,2
34,4869,0.2486874558962882,0.4029366374015808,0.546875,2,4
34,4870,0.10735307319555433,0.2604965567588806,0.46484375,3,5
34,4871,0.006982326507568359,0.006982326507568359,0.94140625,4,5
34,4872,0.023029277450405065,0.16607028245925903,0.35546875,4,4
34,4873,0.07389293052256109,0.1836562156677246,0.4609375,2,4
34,4874,0.12747694551944735,0.19425058364868164,0.5625,3,4
34,4875,0.14223500154912475,0.3915286064147949,0.4453125,3,5
34,4876,0.04401647974736989,0.15435916185379028,0.4140625,1,2
34,4877,0.2907666615210474,0.45666420459747314,0.5546875,1,2
34,4878,0.10644732974469663,0.1449495553970337,0.59375,1,2
34,4879,0.09102505235932769,0.2318648099899292,0.45703125,2,3
34,4880,0.29938121652230626,0.4430149793624878,0.5703125,4,5
34,4881,0.2868060730397702,0.4370378255844116,0.5625,2,3
34,4882,0.10114957275800408,0.13592803478240967,0.59765625,2,1
34,4883,0.2984754536300898,0.4548197388648987,0.5625,2,4
34,4884,0.22499320842325693,0.38917744159698486,0.53125,2,4
34,4885,0.11259500635787846,0.15130877494812012,0.59765625,4,5
34,4886,0.09007840021513404,0.13139641284942627,0.57421875,1,1
34,4887,0.24463368579745298,0.39636850357055664,0.546875,2,5
34,4888,0.26570489129517233,0.43743056058883667,0.54296875,2,4
34,4889,0.28154857549816376,0.42273569107055664,0.56640625,4,6
34,4890,0.10910144494846465,0.12117123603820801,0.66015625,1,1
34,4891,0.11485047591850163,0.14483606815338135,0.6171875,2,1
34,4892,0.06740856170654298,0.13481712341308594,0.5,2,2
34,4893,0.31010808539576834,0.43982088565826416,0.58203125,4,4
34,4894,0.1509301627520472,0.32064831256866455,0.48828125,5,5
34,4895,0.1520600582007319,0.3164827227592468,0.4921875,2,3
34,4896,0.2668084541801364,0.41270673274993896,0.55859375,2,3
34,4897,0.26718645263463264,0.3638283610343933,0.59375,2,2
34,4898,0.2815729180583731,0.4491131901741028,0.55078125,1,2
34,4799,0.27605787932407116,0.4403166174888611,0.55078125,2,2
34,4798,0.2919187908992172,0.45154809951782227,0.55859375,4,4
34,4899,0.2696406587492675,0.39900583028793335,0.5703125,2,2
34,4900,0.22744716471061113,0.3685219883918762,0.546875,1,2
34,4901,0.07460549706593157,0.19003987312316895,0.45703125,2,1
34,4902,0.11384432949125768,0.12245440483093262,0.671875,2,2
34,4903,0.09420886589214207,0.19607698917388916,0.4921875,4,3
34,4904,0.1263884697109461,0.29280948638916016,0.47265625,2,1
34,4905,0.11494786245748402,0.14319539070129395,0.62109375,1,1
34,4906,0.07734983693808319,0.08148789405822754,0.6796875,4,4
34,4907,0.2746373220579699,0.4380508065223694,0.55078125,2,2
34,4908,0.19495361950248483,0.31587421894073486,0.546875,2,2
34,4909,0.10443472396582366,0.2265702486038208,0.484375,1,1
34,4910,0.028037260519340645,0.15774810314178467,0.37109375,1,1
34,4911,0.17584070703014734,0.36597740650177,0.4921875,2,2
34,4912,0.08060996735002847,0.2053348422050476,0.45703125,1,3
34,4913,0.2761672325432301,0.4271831512451172,0.55859375,3,5
34,4914,0.26515848236158496,0.4229319095611572,0.55078125,2,3
34,4915,0.21269212383776906,0.3289980888366699,0.55859375,2,2
34,4916,0.13085846928879621,0.2964581251144409,0.4765625,2,2
34,4917,0.2808261255268008,0.37249475717544556,0.6015625,4,4
34,4918,0.10492448019795121,0.13231855630874634,0.6171875,5,6
34,4919,0.0888160145841539,0.09553319215774536,0.671875,2,2
34,4920,0.09909302718006076,0.1405419111251831,0.58203125,2,2
34,4921,0.05794322490692139,0.05794322490692139,0.7890625,2,1
34,4922,0.03182721138000488,0.03182721138000488,0.90625,2,3
34,4923,0.26048705913126474,0.3969326615333557,0.5625,4,4
34,4924,0.08246058877557517,0.11859500408172607,0.578125,2,1
34,4925,0.1207649150164798,0.293040931224823,0.46484375,2,3
34,4926,0.1834130252245814,0.4155197739601135,0.4765625,4,6
34,4927,0.08196855429559947,0.21412193775177002,0.453125,5,4
34,4928,0.23781459860038015,0.36785823106765747,0.55859375,5,6
34,4929,0.24948934034910059,0.39793938398361206,0.55078125,2,3
34,4930,0.08380792033858599,0.12401634454727173,0.5703125,1,2
34,4931,0.08966927672736348,0.12050044536590576,0.59765625,4,5
34,4718,0.2901647374965251,0.4293767213821411,0.5703125,5,5
34,4332,0.3059304943308235,0.43998992443084717,0.578125,2,3
34,4932,0.06220346316695214,0.18095552921295166,0.4375,3,3
34,4933,0.08432621508836748,0.10378611087799072,0.625,2,4
34,4934,0.25808998011052614,0.3932799696922302,0.5625,4,3
34,4935,0.05681580305099487,0.05681580305099487,0.796875,5,5
34,4936,0.28810959658585494,0.40303856134414673,0.5859375,1,2
34,4937,0.07078750187065454,0.17176872491836548,0.46484375,4,2
34,4938,0.2752198521047831,0.41938263177871704,0.5625,5,6
34,4939,0.19547313265502456,0.45286083221435547,0.47265625,6,6
34,4940,0.2663342221640051,0.43152886629104614,0.546875,6,6
34,4941,0.2792742447927595,0.4524949789047241,0.546875,4,6
34,4942,0.307169444160536,0.48242563009262085,0.5546875,5,4
34,4943,0.3050754661671818,0.4387602210044861,0.578125,5,5
34,4944,0.0,0.1894301176071167,0.15625,6,8
34,4945,0.11122452467679979,0.13689172267913818,0.625,3,4
34,4946,0.1743088148068637,0.4332335591316223,0.4609375,1,2
34,4947,0.1126551888883114,0.18252992630004883,0.546875,6,7
34,4948,0.09426213428378107,0.1436375379562378,0.5625,3,3
34,4949,0.06860917806625368,0.13721835613250732,0.5,3,3
34,4950,0.26337125734426087,0.4200812578201294,0.55078125,5,4
34,4951,0.2988024868536741,0.4358600378036499,0.57421875,2,4
34,4952,0.10524881002493204,0.13272756338119507,0.6171875,2,3
34,4953,0.29280134965665644,0.45985978841781616,0.5546875,4,4
34,4954,0.06164450710639358,0.16968810558319092,0.4453125,3,3
34,4955,0.26120562758296734,0.3464696407318115,0.6015625,1,2
34,4956,0.24947968230117118,0.3859021067619324,0.55859375,2,2
34,4957,0.2821333699394018,0.4364117383956909,0.55859375,2,2
34,4958,0.25517129525542265,0.3888324499130249,0.5625,5,6
34,4959,0.09324612747877838,0.17948126792907715,0.5078125,6,8
34,4960,0.307469841092825,0.418682336807251,0.59375,2,2
34,4961,0.29356561833992606,0.3945028781890869,0.59765625,6,8
34,4962,0.08979808143340053,0.1206735372543335,0.59765625,2,3
34,4963,0.16559022862929854,0.3517933487892151,0.48828125,6,7
34,4964,0.2004352186340839,0.34093964099884033,0.53515625,5,6
34,4965,0.27063355129212147,0.4761662483215332,0.52734375,5,6
34,4966,0.09989837172906847,0.15452557802200317,0.55859375,2,1
34,4967,0.21177160739898687,0.42354321479797363,0.5,2,5
34,4968,0.12365402653813365,0.22530555725097656,0.51953125,5,5
34,4969,0.05840929504483939,0.1607825756072998,0.4453125,5,4
34,4970,0.22602219390682882,0.40462714433670044,0.5234375,5,5
34,4971,0.1362922189291567,0.30876821279525757,0.4765625,2,2
34,4972,0.2582050510682166,0.4320293664932251,0.5390625,2,2
34,4973,0.0,0.18989956378936768,0.15625,2,2
34,4974,0.3047639052383602,0.4575927257537842,0.56640625,6,9
34,4975,0.14415473304688933,0.3127424716949463,0.484375,2,3
34,4976,0.09970063436776401,0.24779963493347168,0.4609375,3,3
34,4977,0.09338286076672377,0.1466626524925232,0.5546875,2,4
34,4978,0.02921009063720703,0.02921009063720703,0.84375,2,2
35,4798,0.30742415634449577,0.4025605320930481,0.60546875,4,4
35,4936,0.23785763513296845,0.3735678195953369,0.5546875,1,2
35,4979,0.18684348394162956,0.29344743490219116,0.5546875,4,5
35,4980,0.09702006925363095,0.2471356987953186,0.45703125,2,2
35,4981,0.09736589854583146,0.31955987215042114,0.421875,1,1
35,4982,0.08097426057793201,0.11327546834945679,0.5859375,2,3
35,4983,0.11111402511596682,0.2222280502319336,0.5,5,6
35,4984,0.08695436082780363,0.11840593814849854,0.59375,1,2
35,4985,0.1804604385979474,0.24904513359069824,0.58984375,2,3
35,4986,0.16277546016499403,0.2863953113555908,0.52734375,1,2
35,4987,0.09513284638524057,0.144964337348938,0.5625,1,1
35,4988,0.14347206056118014,0.22533035278320312,0.5546875,1,2
35,4989,0.07508245459757747,0.10952198505401611,0.57421875,1,2
35,4990,0.21959102014079696,0.42267143726348877,0.5078125,1,2
35,4991,0.09940062928944828,0.1285179853439331,0.609375,3,4
35,4992,0.12852797773666683,0.20185989141464233,0.5546875,4,4
35,4993,0.03019404411315918,0.03019404411315918,0.859375,3,4
35,4994,0.2653195979073644,0.4104037284851074,0.55859375,4,4
35,4995,0.03648108243942261,0.03648108243942261,0.80859375,4,4
35,4996,0.08147667499724777,0.12603038549423218,0.55859375,4,5
35,4997,0.1829414882231504,0.42382824420928955,0.47265625,5,7
35,4998,0.10349564161151649,0.1338125467300415,0.609375,2,2
35,4999,0.1535358831752092,0.23052895069122314,0.56640625,3,4
35,5000,0.08545403694733979,0.12290018796920776,0.578125,4,5
35,5001,0.23524367564823484,0.38728219270706177,0.54296875,4,4
35,5002,0.15727281966246667,0.2470051646232605,0.5546875,4,5
35,5003,0.18577902391552928,0.3325834274291992,0.5234375,3,4
35,5004,0.08568103960715236,0.12151992321014404,0.58203125,2,2
35,5005,0.07545442227274181,0.10851871967315674,0.578125,2,2
35,5006,0.04144120216369629,0.04144120216369629,0.84765625,3,3
35,5007,0.10035734903067352,0.1331164836883545,0.6015625,1,2
35,5008,0.219982260838151,0.3564269542694092,0.546875,1,2
35,5009,0.08786456659436227,0.1031804084777832,0.640625,2,4
35,5010,0.08775297086685897,0.09641528129577637,0.6640625,1,1
35,5011,0.2447332162410021,0.33325374126434326,0.59375,4,4
35,4943,0.261256579309702,0.398105263710022,0.5625,5,5
35,4974,0.2601951530668885,0.42835986614227295,0.54296875,6,9
35,5012,0.08570001460611822,0.1305904984474182,0.5625,7,9
35,5013,0.24301697441842413,0.3876158595085144,0.55078125,5,4
35,5014,0.2553921189391986,0.3725377917289734,0.57421875,6,6
35,5015,0.10820143902674319,0.23474210500717163,0.484375,4,3
35,5016,0.08298506215214731,0.24141108989715576,0.4375,5,5
35,5017,0.08629992231726648,0.08908379077911377,0.6875,4,3
35,5018,0.23620828462298965,0.37675589323043823,0.55078125,6,7
35,5019,0.2454296299256385,0.41747498512268066,0.53515625,5,6
35,5020,0.05161082744598389,0.05161082744598389,0.8359375,4,4
35,5021,0.21348123159259563,0.396023154258728,0.515625,4,4
35,5022,0.21788971335627144,0.397009015083313,0.51953125,5,6
35,5023,0.08517257287167014,0.16091644763946533,0.51171875,3,3
35,5024,0.0605213474482298,0.14345800876617432,0.46875,5,8
35,5025,0.057190656661987305,0.057190656661987305,0.82421875,5,5
35,5026,0.15736278519034388,0.4218311309814453,0.44921875,5,6
35,5027,0.0,0.16554057598114014,0.2890625,6,8
35,5028,0.22868206875864422,0.3764798045158386,0.54296875,4,3
35,5029,0.10441538691520692,0.1240386962890625,0.63671875,5,4
35,5030,0.10266343597322704,0.13273656368255615,0.609375,5,5
35,5031,0.0597014157101512,0.15595471858978271,0.453125,5,5
35,5032,0.08491866139229388,0.24021190404891968,0.44140625,6,8
35,5033,0.10991195053793491,0.1869598627090454,0.53515625,7,10
35,5034,0.06674317165743561,0.1417946219444275,0.48828125,4,2
35,5035,0.20478660147637132,0.29452455043792725,0.578125,4,3
35,5036,0.09597727470099927,0.2572793960571289,0.44921875,5,6
35,5037,0.05312711000442505,0.05312711000442505,0.828125,4,2
35,5038,0.0663520395755768,0.13270407915115356,0.5,5,4
35,5039,0.25560370739549404,0.40143895149230957,0.5546875,5,4
35,5040,0.10559549601748587,0.13316476345062256,0.6171875,5,4
35,5041,0.0889823427423835,0.14888548851013184,0.5390625,7,10
35,5042,0.2334921383298934,0.3971693515777588,0.53515625,5,6
35,5043,0.10169182252138854,0.13148033618927002,0.609375,5,5
35,5044,0.23410556861199444,0.39170604944229126,0.5390625,5,5
35,5045,0.24578913906589156,0.38019347190856934,0.55859375,6,8
35,5046,0.28461407776921993,0.440248966217041,0.55859375,4,2
35,5047,0.22332331351935866,0.350740909576416,0.5546875,5,5
35,5048,0.07980715460143985,0.1768885850906372,0.48046875,5,5
35,4685,0.26653584069572395,0.4251288175582886,0.55078125,2,4
35,4867,0.2578760879114271,0.3871922492980957,0.56640625,3,5
35,5049,0.08225233107805253,0.1253368854522705,0.5625,2,4
35,5050,0.27487691864371305,0.4453701972961426,0.546875,2,3
35,5051,0.21719562937505546,0.32611191272735596,0.56640625,3,6
35,5052,0.2560237632133067,0.368213951587677,0.578125,2,4
35,5053,0.2337245653616265,0.39756470918655396,0.53515625,2,4
35,5054,0.0659474649000913,0.13452231884002686,0.49609375,2,4
35,5055,0.07674799789674581,0.21709930896759033,0.44140625,1,2
35,5056,0.22290682827588176,0.4061505198478699,0.51953125,1,2
35,5057,0.21371534443460408,0.44480592012405396,0.4921875,2,4
35,5058,0.2221893961541355,0.37176787853240967,0.5390625,2,3
35,5059,0.20855729654431346,0.3178015947341919,0.5625,1,2
35,5060,0.0659474649000913,0.13452231884002686,0.49609375,3,6
35,5061,0.09866605978459121,0.21405518054962158,0.484375,3,5
35,5062,0.09604683262296022,0.2716904878616333,0.44140625,3,5
35,5063,0.07885254244320096,0.23609650135040283,0.43359375,3,4
35,5064,0.09774345159530641,0.1367340087890625,0.5859375,2,4
35,5065,0.271950381807983,0.3804333209991455,0.5859375,3,4
35,5066,0.08248722169082613,0.12032324075698853,0.57421875,2,3
35,5067,0.2394480183720589,0.36487317085266113,0.5625,3,6
35,5068,0.24396080290898686,0.3773653507232666,0.55859375,3,4
35,5069,0.0,0.17864114046096802,0.2265625,2,3
35,5070,0.22828002541791653,0.4478136897087097,0.50390625,3,4
35,5071,0.2335671244654805,0.4181341528892517,0.5234375,2,4
35,5072,0.0797072828281671,0.19810742139816284,0.4609375,3,4
35,5073,0.07541086385026576,0.11843669414520264,0.5546875,1,3
35,5074,0.0669720768928528,0.13394415378570557,0.5,2,3
35,5075,0.09539980604313315,0.2371101975440979,0.4609375,1,1
35,5076,0.0009586811065673828,0.0009586811065673828,0.96875,2,3
35,5077,0.09096125187352301,0.24383330345153809,0.44921875,1,1
35,5078,0.2697125785052777,0.4109905958175659,0.5625,2,4
35,5079,0.19730704650282863,0.3196873664855957,0.546875,2,4
35,5080,0.017760872840881348,0.017760872840881348,0.90234375,2,3
35,4893,0.2646870490862057,0.39741867780685425,0.56640625,4,4
35,4960,0.25397000042721635,0.38132739067077637,0.56640625,2,2
35,5081,0.27393112983554607,0.37301260232925415,0.59375,5,6
35,5082,0.09942837012931706,0.13019776344299316,0.60546875,5,3
35,5083,0.1523823856841773,0.419461190700531,0.4453125,2,3
35,5084,0.2317840440664441,0.4078124761581421,0.52734375,3,4
35,5085,0.19648522138595584,0.2994060516357422,0.5625,5,4
35,5086,0.182217187830247,0.24486929178237915,0.59765625,3,4
35,5087,0.0,0.17864102125167847,0.2265625,2,4
35,5088,0.09332606778480114,0.25017249584198,0.44921875,2,1
35,5089,0.11149427387863399,0.12944459915161133,0.64453125,1,2
35,5090,0.23907180503010753,0.3642998933792114,0.5625,5,4
35,5091,0.1036158745409921,0.1322975754737854,0.61328125,4,3
35,5092,0.1029860053677112,0.31764358282089233,0.4296875,5,4
35,5093,0.2602419652976096,0.40254950523376465,0.55859375,4,3
35,5094,0.24425194249488416,0.3667360544204712,0.56640625,4,4
35,5095,0.2842825455591083,0.3871081471443176,0.59375,4,4
35,5096,0.11065616214182229,0.12847155332565308,0.64453125,4,3
35,5097,0.09369086055085064,0.25115036964416504,0.44921875,5,5
35,5098,0.10296650044620038,0.13312840461730957,0.609375,5,4
35,5099,0.04640850145369769,0.16274762153625488,0.4140625,3,3
35,5100,0.0,0.22458696365356445,0.16796875,4,6
35,5101,0.0,0.20204955339431763,0.1953125,3,4
35,5102,0.21713347907643768,0.461296021938324,0.48828125,4,5
35,5103,0.205849377787672,0.36218172311782837,0.52734375,4,5
35,5104,0.26341827912256127,0.41371214389801025,0.5546875,4,4
35,5105,0.21220391988754278,0.42440783977508545,0.5,4,4
35,5106,0.23137140693143013,0.37488025426864624,0.546875,4,4
35,5107,0.2061727105174214,0.3095613718032837,0.56640625,4,5
35,5108,0.1260960074141622,0.19504880905151367,0.55859375,2,3
35,5109,0.0992001674603671,0.12509971857070923,0.6171875,4,4
35,5110,0.05069721140898765,0.1359003782272339,0.44921875,2,2
35,5111,0.13042450742796066,0.2890794277191162,0.48046875,3,3
35,5112,0.09917145129293205,0.27298808097839355,0.4453125,3,3
35,5113,0.10155089083127679,0.1524752378463745,0.56640625,2,3
35,5114,0.26067363191396004,0.38573670387268066,0.5703125,5,4
35,5115,0.08471167087554933,0.20079803466796875,0.46875,1,1
35,5116,0.20699447393417364,0.41398894786834717,0.5,2,4
35,5117,0.227310111746192,0.34637731313705444,0.5625,2,2
35,5118,0.12870670831762257,0.15652692317962646,0.62890625,5,6
35,5119,0.07628560287412257,0.20449334383010864,0.44921875,1,1
35,5120,0.08382686064578594,0.14258921146392822,0.53515625,5,3
36,4960,0.30117588187567895,0.3798080086708069,0.6171875,2,2
36,5068,0.30023635458201176,0.3833441734313965,0.61328125,3,4
36,5121,0.08951210975646974,0.1343994140625,0.56640625,2,1
36,5122,0.2751333202468232,0.4131034016609192,0.56640625,2,2
36,5123,0.27126357285305863,0.3552095890045166,0.60546875,3,3
36,5124,0.0976686291396618,0.148828387260437,0.5625,4,7
36,5125,0.10428358800709249,0.11709034442901611,0.65625,1,1
36,5126,0.1991120700258762,0.3386889696121216,0.53515625,2,2
36,5127,0.1426747860386968,0.2969491481781006,0.4921875,2,3
36,5128,0.16904458822682503,0.31937575340270996,0.51171875,1,1
36,5129,0.08554365998134018,0.1455094814300537,0.53515625,3,4
36,5130,0.30342792323790496,0.4024743437767029,0.6015625,3,3
36,5131,0.3017697385512293,0.4340059161186218,0.578125,2,3
36,5132,0.27971978159621363,0.3913019895553589,0.5859375,2,2
36,5133,0.2912399559281767,0.38136792182922363,0.60546875,3,4
36,5134,0.06864567450247706,0.1296921968460083,0.51171875,3,5
36,5135,0.0,0.1705019474029541,0.296875,3,4
36,5136,0.18843680527061227,0.46834778785705566,0.4609375,2,1
36,5137,0.12170477584004404,0.12563073635101318,0.6875,2,2
36,5138,0.10029287822544576,0.12647771835327148,0.6171875,2,1
36,5139,0.3015843187458814,0.43373924493789673,0.578125,2,2
36,5140,0.08155059814453125,0.08155059814453125,0.71484375,3,3
36,5141,0.16942963493056598,0.3087116479873657,0.51953125,3,3
36,5142,0.10382655588909985,0.11786961555480957,0.65234375,2,1
36,5143,0.21211343607865277,0.27082812786102295,0.61328125,3,5
36,5144,0.22852829936891797,0.30312561988830566,0.6015625,3,4
36,5095,0.3443992431275547,0.39098095893859863,0.65234375,4,4
36,5050,0.3069903794676066,0.441514253616333,0.578125,2,3
36,5145,0.2992538737598807,0.3820897340774536,0.61328125,2,4
36,5146,0.28158682514913386,0.388604998588562,0.58984375,2,4
36,5147,0.058982804417610175,0.15407752990722656,0.453125,6,8
36,5148,0.1516506224870682,0.2537422180175781,0.5390625,4,3
36,5149,0.2740716640837491,0.3834007978439331,0.5859375,2,3
36,5150,0.31040446623228496,0.3963268995285034,0.61328125,5,6
36,5151,0.095877543091774,0.11800312995910645,0.625,1,1
36,5152,0.22120748087763792,0.3826291561126709,0.53125,1,2
36,5153,0.06664833112154157,0.1307430863380432,0.50390625,4,4
36,5154,0.2985140270320699,0.3546152710914612,0.63671875,3,4
36,5155,0.09355231374502183,0.12739038467407227,0.59375,2,3
36,5156,0.32465671747922903,0.44208574295043945,0.59375,4,4
36,5157,0.26283738203346735,0.3579062223434448,0.59375,3,3
36,5158,0.1599659456405789,0.24018347263336182,0.56640625,4,5
36,5159,0.33896068856120115,0.41718238592147827,0.625,4,4
36,5160,3.814697265625e-06,3.814697265625e-06,1.0,5,5
36,5161,0.06664833112154157,0.1307430863380432,0.50390625,6,7
36,5162,0.3221365595236421,0.40624117851257324,0.6171875,4,4
36,5163,0.2861488284543157,0.3699702024459839,0.609375,3,4
36,5164,0.08337078010663392,0.13949620723724365,0.5390625,4,5
36,5165,0.11687412206083539,0.2129521369934082,0.51953125,4,3
36,5166,0.3096596617251635,0.4331851005554199,0.5859375,1,2
36,5167,0.33644119463860994,0.4043612480163574,0.6328125,5,7
36,5168,0.3167707761749626,0.3719877004623413,0.640625,2,4
36,5169,0.028550997376441963,0.15227198600769043,0.375,5,5
36,5170,0.08025700121652336,0.12801116704940796,0.55078125,5,7
36,5171,0.0008651018142700195,0.0008651018142700195,0.9765625,4,3
36,5172,0.2420012836810202,0.4049171805381775,0.5390625,1,2
36,5173,0.23298859654460105,0.3130975365638733,0.59765625,3,6
36,5174,0.25612449878826743,0.339729905128479,0.6015625,4,5
36,5175,0.22277971822768453,0.3116481304168701,0.5859375,5,6
36,5176,0.24438391614239666,0.3200116753578186,0.60546875,1,2
36,5177,0.30147784575819975,0.41605567932128906,0.58984375,4,3
36,5178,0.06665294955018909,0.13075214624404907,0.50390625,4,4
36,5179,0.290184541605413,0.36594700813293457,0.6171875,2,4
36,5180,0.04332518158480526,0.15732264518737793,0.41015625,5,6
36,5181,0.273494434542954,0.35360896587371826,0.609375,4,4
36,5182,0.24584353866521272,0.3586093783378601,0.57421875,3,4
36,5183,0.11436536314431581,0.21607035398483276,0.51171875,5,5
36,5184,0.17147242114879194,0.22453677654266357,0.60546875,6,7
36,5185,0.2338649032171816,0.3142751455307007,0.59765625,4,4
36,5046,0.3533926471136511,0.4512145519256592,0.61328125,4,2
36,4943,0.3040719954296947,0.40332865715026855,0.6015625,5,5
36,5186,0.17384772584773603,0.36933624744415283,0.48828125,6,8
36,5187,0.11578347627073528,0.12454020977020264,0.671875,3,2
36,5188,0.08907050639390947,0.12460136413574219,0.5859375,6,9
36,5189,0.2993633910082281,0.3822295665740967,0.61328125,4,2
36,5190,0.09755976498126985,0.12007355690002441,0.625,7,7
36,5191,0.3305435068905354,0.38816118240356445,0.640625,5,3
36,5192,0.3050510210450739,0.43264853954315186,0.58203125,4,4
36,5193,0.3354483906878159,0.42830318212509155,0.61328125,5,5
36,5194,0.29940542555414146,0.424641489982605,0.58203125,4,3
36,5195,0.13061469746753576,0.23382771015167236,0.5234375,3,3
36,5196,0.075158485211432,0.12784433364868164,0.53515625,6,9
36,5197,0.32069843169301754,0.4253823757171631,0.6015625,5,4
36,5198,0.09298140881583096,0.09502291679382324,0.69140625,6,8
36,5199,0.309508599806577,0.355310320854187,0.6484375,6,8
36,5200,0.11799283022992314,0.12559735774993896,0.67578125,6,6
36,5201,0.29583103302866226,0.3824886083602905,0.609375,6,8
36,5202,0.2892434145323933,0.37397128343582153,0.609375,6,6
36,5203,0.3115241439081729,0.4132133722305298,0.6015625,4,2
36,5204,0.2965872907079757,0.37402141094207764,0.6171875,6,8
36,5205,0.11315705394372345,0.12432706356048584,0.6640625,6,6
36,5206,0.28782272036187356,0.3867853879928589,0.59765625,6,7
36,5207,0.2990775662474335,0.38668614625930786,0.609375,5,5
36,5208,0.1961881262250245,0.40832650661468506,0.4921875,6,6
36,5209,0.30096608982421463,0.34167325496673584,0.65234375,5,5
36,5210,0.3193862140178681,0.39309072494506836,0.625,4,4
36,5211,0.0,0.17930841445922852,0.19921875,5,5
36,5212,0.109161414206028,0.11866378784179688,0.66796875,5,4
36,5213,0.06767669110558928,0.1327604055404663,0.50390625,5,5
36,5214,0.26219801953993743,0.37187087535858154,0.58203125,5,5
36,5215,0.07204311154782773,0.1413259506225586,0.50390625,6,10
36,5216,0.30498445779085165,0.4152979850769043,0.59375,5,5
36,5217,0.10981895495206119,0.11937856674194336,0.66796875,3,1
36,5218,0.0739703216822818,0.15088766813278198,0.49609375,4,5
36,5219,0.2006187571678311,0.2627028226852417,0.60546875,5,3
36,5220,0.10200739174615593,0.2260943055152893,0.48046875,5,6
36,5221,0.12574435793794694,0.18342196941375732,0.57421875,3,1
36,5222,0.06884193420410156,0.06884193420410156,0.73828125,4,3
36,5223,0.29544557421468204,0.4190253019332886,0.58203125,5,5
36,5224,0.04765609279274941,0.15640974044799805,0.421875,6,7
36,5225,0.14370659831911328,0.17902135848999023,0.62109375,4,2
36,4798,0.33700272487476474,0.40984654426574707,0.62890625,4,4
36,4994,0.3122834777459503,0.41422057151794434,0.6015625,4,4
36,5226,0.21740656159818175,0.2883734703063965,0.6015625,4,4
36,5227,0.07749238167889418,0.12360155582427979,0.55078125,5,4
36,5228,0.2978760763071478,0.41670095920562744,0.5859375,4,4
36,5229,0.265020851045847,0.38115358352661133,0.578125,6,5
36,5230,0.2557122558355332,0.31472277641296387,0.625,4,4
36,5231,0.08794034854508938,0.11817705631256104,0.59765625,4,4
36,5232,0.1917603344190866,0.22779881954193115,0.63671875,4,3
36,5233,0.08099587354809047,0.11985516548156738,0.5703125,4,5
36,5234,0.0,0.22892451286315918,0.10546875,5,5
36,5235,0.2789242900907994,0.39018917083740234,0.5859375,4,4
36,5236,0.22358207451179626,0.2687183618545532,0.6328125,5,5
36,5237,0.19745565042831006,0.2724994421005249,0.58984375,4,4
36,5238,0.13120939407963308,0.20928102731704712,0.55078125,4,3
36,5239,0.13894299301318827,0.38246673345565796,0.4453125,5,5
36,5240,0.11095036251936109,0.1259569525718689,0.65234375,4,3
36,5241,0.3260236572241411,0.3964943289756775,0.62890625,5,5
36,5242,0.18561399704776707,0.2632530927658081,0.58203125,5,7
36,5243,0.24504424887709325,0.4168194532394409,0.53515625,4,3
36,5244,0.14386934065259996,0.1883915662765503,0.60546875,4,4
36,5245,0.17031174770090732,0.2230169177055359,0.60546875,5,5
36,5246,0.07265858934260906,0.12359201908111572,0.53515625,4,5
36,5247,0.08099850453436376,0.11330938339233398,0.5859375,4,4
36,5248,0.07892390829510988,0.08765518665313721,0.66015625,4,3
36,5249,0.06664833112154157,0.1307430863380432,0.50390625,5,6
36,5250,0.2616398632526398,0.3562755584716797,0.59375,4,3
36,5251,0.07162630558013916,0.07162630558013916,0.75,4,4
36,5252,0.25743046961724764,0.3505436182022095,0.59375,4,4
36,5253,0.27551863528788095,0.40770387649536133,0.5703125,4,4
36,5254,0.021272122859954834,0.021272122859954834,0.91796875,3,4
36,5255,0.10503876360598953,0.13085120916366577,0.62109375,3,3
36,5256,0.3055760483257473,0.35884159803390503,0.640625,4,5
36,5257,0.09410323679912837,0.12645894289016724,0.59765625,5,3
36,5258,0.27173752768430864,0.38540059328079224,0.58203125,4,4
36,5259,0.25572847016155725,0.32651615142822266,0.61328125,4,3
36,5260,0.08087835833430292,0.12324321269989014,0.5625,4,4
36,5261,0.24591887765564027,0.3261929154396057,0.6015625,5,5
36,5262,0.11876790784299375,0.1809796690940857,0.5625,3,2
37,5166,0.2621126206358895,0.44585269689559937,0.53515625,1,2
37,5139,0.2852118297014386,0.44794005155563354,0.5546875,2,2
37,5263,0.11907974747009577,0.1308344006538391,0.6640625,1,2
37,5264,0.13487738370895386,0.13487738370895386,0.703125,1,1
37,5265,0.2662641792558134,0.4314153790473938,0.546875,1,2
37,5266,0.24923752748873088,0.3742217421531677,0.56640625,1,2
37,5267,0.12236402428243312,0.3891327977180481,0.42578125,3,4
37,5268,0.041003525257110596,0.041003525257110596,0.86328125,1,1
37,5269,0.2854045238345862,0.4349021315574646,0.5625,1,2
37,5270,0.2151308432221413,0.4477519989013672,0.4921875,1,2
37,5271,0.08958916971459986,0.2173917293548584,0.46484375,1,1
37,5272,0.10543231596238913,0.10774719715118408,0.69140625,2,4
37,5273,0.1198197603225708,0.1198197603225708,0.72265625,1,1
37,5274,0.23536055954173213,0.4141051769256592,0.52734375,2,3
37,5275,0.25172951654531067,0.414422869682312,0.54296875,1,2
37,5276,0.12566055497154596,0.1337592601776123,0.67578125,2,2
37,5277,0.2575012440793217,0.31316065788269043,0.62890625,1,3
37,5278,0.09149083786178382,0.13737040758132935,0.56640625,2,2
37,5279,0.054182444815523936,0.19674760103225708,0.41015625,1,2
37,5280,0.0,0.1875227689743042,0.21484375,1,2
37,5281,0.1757270693778992,0.4165382385253906,0.46875,2,4
37,5282,0.25424357538577175,0.3932710289955139,0.55859375,2,3
37,5283,0.10937147028744222,0.3589627742767334,0.421875,2,1
37,5284,0.280255725607276,0.38162481784820557,0.59375,1,2
37,5285,0.19419251801446083,0.43994057178497314,0.4765625,1,2
37,4798,0.2765271328389645,0.42137467861175537,0.5625,4,4
37,5167,0.27380852401256567,0.41723203659057617,0.5625,5,7
37,5286,0.22626677295193082,0.4355210065841675,0.5078125,4,4
37,5287,0.026739120483398438,0.026739120483398438,0.87109375,4,3
37,5288,0.2671141757164151,0.41951674222946167,0.5546875,4,6
37,5289,0.24520293786190456,0.3851040005683899,0.5546875,5,5
37,5290,0.08777049719356002,0.24827897548675537,0.44140625,5,4
37,5291,0.27832160214893525,0.4371185898780823,0.5546875,5,7
37,5292,0.17218358279205861,0.2834662199020386,0.54296875,3,4
37,5293,0.09812564915046097,0.11656689643859863,0.63671875,4,4
37,5294,0.2474431565497071,0.42089998722076416,0.53515625,5,4
37,5295,0.10417679871898146,0.10438066720962524,0.69921875,4,4
37,5296,0.10716844722628595,0.11774730682373047,0.6640625,3,1
37,5297,0.10269852227065714,0.1165890097618103,0.65234375,5,5
37,5298,0.2420400730334223,0.3984711170196533,0.54296875,4,4
37,5299,0.10134429414756597,0.2866755723953247,0.44140625,6,5
37,5300,0.12950795888900757,0.12950795888900757,0.734375,5,6
37,5301,0.10805073170922698,0.10826218128204346,0.69921875,5,5
37,5302,0.09182833414524795,0.21766716241836548,0.46875,5,7
37,5303,0.12022297305520625,0.35996586084365845,0.43359375,3,3
37,5304,0.2413570731878281,0.3471202850341797,0.578125,5,4
37,5305,0.21620029839687055,0.3939307928085327,0.51953125,4,5
37,5306,0.28516288544051355,0.38321101665496826,0.59765625,3,5
37,5307,0.2672349535860122,0.39544594287872314,0.5703125,4,3
37,5308,0.2683030567131937,0.4489253759384155,0.5390625,5,7
37,5309,0.18530798959545794,0.337643027305603,0.51953125,5,4
37,5310,0.26820662990212446,0.4086958169937134,0.5625,4,6
37,5311,0.23209923435933894,0.4083670377731323,0.52734375,4,3
37,5312,0.09532571211457254,0.18348407745361328,0.5078125,4,3
37,5313,0.31418327288702136,0.3820946216583252,0.62890625,4,4
37,5314,0.10051466652657838,0.13162022829055786,0.60546875,4,3
37,5315,0.04373204708099365,0.04373204708099365,0.86328125,4,6
37,5316,0.05976933240890503,0.05976933240890503,0.77734375,5,3
37,5317,0.08245742321014406,0.16491484642028809,0.5,3,3
37,5318,0.19933258951641622,0.26101863384246826,0.60546875,4,4
37,5319,0.27826028689742094,0.38926029205322266,0.5859375,5,3
37,5320,0.19055442267563197,0.36001425981521606,0.51171875,4,5
37,5321,0.13536543957889083,0.1426072120666504,0.6796875,6,9
37,5322,0.2465563695877791,0.4264758825302124,0.53125,4,3
37,5323,0.10941105522215368,0.14898526668548584,0.59375,5,4
37,5324,0.23126895446330312,0.3747142553329468,0.546875,5,6
37,5325,0.12856519222259521,0.12856519222259521,0.7421875,3,2
37,5326,0.0906662503257394,0.21491259336471558,0.46875,5,3
37,5327,0.19848766364157203,0.30245739221572876,0.5625,5,5
37,5328,0.26288919034414,0.3442436456680298,0.60546875,5,7
37,5329,0.08890641666948797,0.22646808624267578,0.45703125,4,4
37,5330,0.12558952951803806,0.13798677921295166,0.6640625,5,5
37,5331,0.1109691900201142,0.11936181783676147,0.671875,5,5
37,5095,0.28948459960520273,0.40496206283569336,0.5859375,4,4
37,5159,0.2720656183082611,0.42729324102401733,0.5546875,4,4
37,5332,0.2111115455627442,0.4222230911254883,0.5,2,4
37,5333,0.08739961008541287,0.18567883968353271,0.48828125,4,4
37,5334,0.09679119067732246,0.2056310772895813,0.48828125,4,3
37,5335,0.1579852062277496,0.2095555067062378,0.6015625,4,5
37,5336,0.14883663691580298,0.36992406845092773,0.4609375,4,4
37,5337,0.2746642148122192,0.44502556324005127,0.546875,4,4
37,5338,0.2733068279922009,0.416467547416687,0.5625,4,3
37,5339,0.17532181553542617,0.19685256481170654,0.65625,4,4
37,5340,0.09116716217249633,0.238150954246521,0.453125,4,3
37,5341,0.0,0.18247783184051514,0.28515625,4,4
37,5342,0.24915981362573805,0.2828599214553833,0.65234375,4,5
37,5343,0.13655777508392933,0.1381770372390747,0.6953125,5,6
37,5344,0.19738079817034307,0.2963606119155884,0.56640625,4,3
37,5345,0.27983476582448935,0.31079262495040894,0.66015625,4,4
37,5346,0.25466335937380796,0.41261911392211914,0.546875,3,4
37,5347,0.29251326969824737,0.393088698387146,0.59765625,2,4
37,5348,0.09602485923096539,0.12736976146697998,0.6015625,2,5
37,5349,0.10652390681207181,0.10673236846923828,0.69921875,4,3
37,5350,0.2974654607241974,0.38951998949050903,0.60546875,2,4
37,5351,0.09363125311210753,0.1327955722808838,0.58203125,4,5
37,5352,0.0,0.1898716688156128,0.19921875,5,5
37,5353,0.26965375593863433,0.38244521617889404,0.58203125,2,4
37,5354,0.058142491732724025,0.19714540243148804,0.41796875,4,5
37,5355,0.24206568580120807,0.3801767826080322,0.5546875,4,3
37,5356,0.2950875896494836,0.39654815196990967,0.59765625,4,3
37,5357,0.07539221970364453,0.16016936302185059,0.48828125,4,3
37,5358,0.2619971605017782,0.44565629959106445,0.53515625,3,4
37,5359,0.1097756379749626,0.1193314790725708,0.66796875,4,4
37,5360,0.2291325035039336,0.44103699922561646,0.5078125,3,3
37,5361,0.19218062434811148,0.36308664083480835,0.51171875,4,4
37,5362,0.25155220739543444,0.38331764936447144,0.5625,5,5
37,5363,0.09747588867321612,0.13099122047424316,0.59765625,3,5
37,5364,0.08672224008478226,0.1302105188369751,0.56640625,4,4
37,5365,0.26412080740556126,0.42794257402420044,0.546875,4,4
37,5366,0.13078031688928607,0.13499903678894043,0.6875,4,3
37,5367,0.00011491775512695312,0.00011491775512695312,0.99609375,4,4
37,5368,0.25115139177069074,0.4069288372993469,0.546875,4,5
37,5369,0.12014925747644158,0.136400043964386,0.65234375,2,3
37,5370,0.08423424232751132,0.2856154441833496,0.41796875,2,4
37,5371,0.21974151965696367,0.3737795948982239,0.53515625,4,4
37,5046,0.2992709772661329,0.4629206657409668,0.55859375,4,2
37,5193,0.260794778354466,0.43636250495910645,0.5390625,5,5
37,5372,0.2845098236575723,0.40918266773223877,0.578125,4,4
37,5373,0.2409377451986075,0.3903801441192627,0.546875,4,3
37,5374,0.09943285351619126,0.1285596489906311,0.609375,5,4
37,5375,0.2759940441465006,0.4143957495689392,0.56640625,5,6
37,5376,0.0908995126374066,0.19720572233200073,0.484375,4,1
37,5377,0.23710823059082037,0.4033203125,0.53515625,4,2
37,5378,0.1038973331451416,0.1038973331451416,0.75,5,3
37,5379,0.15119211841374638,0.18834638595581055,0.62109375,6,8
37,5380,0.12115570623427631,0.1390845775604248,0.6484375,4,1
37,5381,0.2362357345409692,0.42291152477264404,0.5234375,5,5
37,5382,0.09820619970560075,0.2130575180053711,0.484375,4,1
37,5383,0.08385126432403923,0.14030015468597412,0.5390625,5,3
37,5384,0.29235265299212193,0.38282495737075806,0.60546875,5,5
37,5385,0.27766065218020236,0.3458935618400574,0.62109375,4,2
37,5386,0.2137647728668526,0.3031788468360901,0.58203125,6,7
37,5387,0.07524017617106439,0.1825733184814453,0.46484375,4,2
37,5388,0.09041057620197536,0.15378808975219727,0.53515625,4,3
37,5389,0.09447350387927146,0.24064892530441284,0.45703125,5,5
37,5390,0.1959860221249983,0.29426640272140503,0.56640625,5,5
37,5391,0.28470744448713964,0.40379559993743896,0.58203125,5,5
37,5392,0.2077036355622113,0.3533031940460205,0.53515625,3,2
37,5393,0.09054388105869295,0.1302204132080078,0.578125,5,4
37,5394,0.25337160145863896,0.3919222354888916,0.55859375,4,4
37,5395,0.2578066838905216,0.38149428367614746,0.5703125,4,3
37,5396,0.12996704131364825,0.14592790603637695,0.65625,5,3
37,5397,0.12285375595092773,0.12285375595092773,0.734375,3,2
37,5398,0.08234618278220297,0.12737536430358887,0.55859375,4,2
37,5399,0.15242872177623215,0.4086047410964966,0.44921875,5,4
37,5400,0.1354306652210653,0.1356956958770752,0.69921875,3,2
37,5401,0.12953448295593262,0.12953448295593262,0.7265625,3,3
37,5402,0.11336273141205312,0.11701959371566772,0.6875,5,3
37,5403,0.2341132247820497,0.4423098564147949,0.51171875,4,2
37,5404,0.027312040328979492,0.027312040328979492,0.8984375,5,4
38,5356,0.31700877123512333,0.39491117000579834,0.62109375,4,3
38,5095,0.31494548544287687,0.40720224380493164,0.609375,4,4
38,5405,0.19647438358515504,0.25402748584747314,0.609375,4,5
38,5406,0.10650176089257003,0.31888246536254883,0.43359375,5,6
38,5407,0.24154893413651737,0.268271267414093,0.66015625,4,4
38,5408,0.3126030650455505,0.38017284870147705,0.62890625,4,3
38,5409,0.32669854070991283,0.41199421882629395,0.6171875,5,6
38,5410,0.24572645500302318,0.28528785705566406,0.64453125,4,4
38,5411,0.1188903304282576,0.12655270099639893,0.67578125,5,5
38,5412,0.07319688447751106,0.2481907606124878,0.41796875,4,4
38,5413,0.11080590169876815,0.18540072441101074,0.5390625,4,5
38,5414,0.0859276477713138,0.12186968326568604,0.58203125,4,2
38,5415,0.0,0.1804739236831665,0.1796875,3,2
38,5416,0.06652453634887935,0.12804722785949707,0.5078125,4,5
38,5417,0.2954193819314242,0.37254858016967773,0.6171875,4,5
38,5418,0.2306382899405435,0.3182932734489441,0.58984375,4,3
38,5419,0.28905990300700074,0.41572660207748413,0.578125,4,5
38,5420,0.21605237445328387,0.29033809900283813,0.59765625,3,4
38,5421,0.29760754713788634,0.3947540521621704,0.6015625,4,3
38,5422,0.122441653162241,0.13170194625854492,0.671875,3,4
38,5423,0.06541957193985583,0.13344550132751465,0.49609375,3,3
38,5424,0.27213760139420634,0.3806952238082886,0.5859375,4,4
38,5425,0.29052570462226873,0.3262042999267578,0.65625,3,3
38,5426,0.2657507890835405,0.4596770405769348,0.53125,4,4
38,5427,0.10052191046997906,0.11804407835006714,0.640625,5,4
38,5428,0.1115439608693123,0.13728487491607666,0.625,5,4
38,5429,0.06541957193985583,0.13344550132751465,0.49609375,4,5
38,5430,0.06541767262388022,0.13344162702560425,0.49609375,3,3
38,5431,0.17491356842219832,0.20540308952331543,0.640625,4,4
38,5432,0.2636491991579533,0.40175116062164307,0.5625,4,4
38,5433,0.30489893257617956,0.39925384521484375,0.60546875,4,5
38,5434,0.2207626104354859,0.4415252208709717,0.5,4,3
38,5435,0.29574921762105083,0.31480997800827026,0.67578125,3,3
38,5350,0.30152001511305576,0.38984405994415283,0.609375,2,4
38,5347,0.2647556574083865,0.3917771577835083,0.5703125,2,4
38,5436,0.2604146152734757,0.3745288848876953,0.578125,5,5
38,5437,0.2705142321065069,0.31406641006469727,0.64453125,4,2
38,5438,0.2330012373859063,0.26451581716537476,0.65234375,2,4
38,5439,0.3276031436398626,0.47115957736968994,0.578125,4,4
38,5440,0.09699722263030709,0.18325674533843994,0.51171875,2,4
38,5441,0.002981126308441162,0.002981126308441162,0.9453125,2,3
38,5442,0.06541957193985583,0.13344550132751465,0.49609375,6,6
38,5443,0.03254481113981456,0.16497963666915894,0.37890625,3,6
38,5444,0.1550951149547473,0.2473791241645813,0.55078125,3,6
38,5445,0.0,0.20999139547348022,0.09765625,4,6
38,5446,0.2751261424273253,0.3697233200073242,0.59765625,1,2
38,5447,0.13168228953145447,0.13324373960494995,0.6953125,4,4
38,5448,0.12127686780877413,0.1239396333694458,0.69140625,2,3
38,5449,0.08603793382644653,0.08603793382644653,0.74609375,1,1
38,5450,0.12078080361243339,0.1285650134086609,0.67578125,3,3
38,5451,0.2855191526468844,0.339178204536438,0.63671875,2,4
38,5452,0.2216291406657547,0.30586016178131104,0.58984375,5,7
38,5453,0.22614786936901515,0.37839120626449585,0.5390625,2,4
38,5454,0.25964268203824764,0.3734186887741089,0.578125,1,2
38,5455,0.11234561214223505,0.13662934303283691,0.62890625,3,2
38,5456,0.04847067687660457,0.37601494789123535,0.3515625,2,4
38,5457,0.25431953812949365,0.37097322940826416,0.57421875,4,5
38,5458,0.0,0.1804800033569336,0.1796875,2,4
38,5459,0.09299687971360983,0.23688757419586182,0.45703125,2,4
38,5460,0.257544927764684,0.46105945110321045,0.5234375,4,4
38,5461,0.10665333294309677,0.31933629512786865,0.43359375,5,6
38,5462,0.31037775613367563,0.36870861053466797,0.63671875,2,2
38,5463,0.10158883407711984,0.29553115367889404,0.4375,1,1
38,5464,0.07523930189199747,0.21283161640167236,0.44140625,1,1
38,5465,0.12145288265310229,0.12289303541183472,0.6953125,2,1
38,5466,0.11584550864063205,0.13151419162750244,0.65234375,5,5
38,5467,0.3630768894217909,0.4415566921234131,0.62890625,1,2
38,5468,0.26372503396123653,0.32072973251342773,0.62890625,2,4
38,5469,0.30743423348758375,0.42427581548690796,0.58984375,5,5
38,5470,0.18775033764541152,0.42534589767456055,0.4765625,6,6
38,5471,0.30725690163671976,0.40755319595336914,0.6015625,2,3
38,5472,0.28192289033904677,0.39984631538391113,0.58203125,1,2
38,5473,0.24637816450558606,0.36458271741867065,0.5703125,2,4
38,5474,0.08900336176156999,0.13562417030334473,0.5625,4,3
38,5475,0.06910144502762706,0.21975117921829224,0.42578125,4,4
38,5476,0.09019585815258326,0.09600889682769775,0.67578125,3,6
38,5477,0.31888675503432756,0.45862364768981934,0.578125,2,2
38,5478,0.07233311980962755,0.23740100860595703,0.421875,2,3
38,5479,0.0,0.18047046661376953,0.1796875,1,2
38,5046,0.3484992710873485,0.46225810050964355,0.6015625,4,2
38,5391,0.3390319787431509,0.4074750542640686,0.6328125,5,5
38,5480,0.11781443527434023,0.13374942541122437,0.65234375,4,5
38,5481,0.023341435706242922,0.14754092693328857,0.36328125,5,6
38,5482,0.2695637475699187,0.31655192375183105,0.640625,5,5
38,5483,0.19506854424253112,0.37547028064727783,0.5078125,5,5
38,5484,0.014758169651031494,0.014758169651031494,0.90234375,5,6
38,5485,0.015910446876659996,0.15972840785980225,0.33984375,5,2
38,5486,0.2911431740503759,0.3540743589401245,0.62890625,5,4
38,5487,0.2898069347720594,0.39994919300079346,0.58984375,6,6
38,5488,0.32412691134959465,0.3850417137145996,0.63671875,5,4
38,5489,0.21512427949346605,0.332760214805603,0.55859375,5,5
38,5490,0.052497271681204445,0.16191929578781128,0.4296875,5,5
38,5491,0.31851305847521877,0.42802804708480835,0.59765625,5,4
38,5492,0.1129002613015473,0.3107792139053345,0.4453125,4,1
38,5493,0.31126823031809187,0.3613817095756531,0.64453125,5,5
38,5494,0.17960793152451518,0.2382364273071289,0.6015625,5,4
38,5495,0.10711710224859418,0.12874168157577515,0.6328125,3,1
38,5496,0.08152524637989701,0.21853888034820557,0.44921875,3,1
38,5497,0.26830577384680515,0.38587796688079834,0.578125,5,5
38,5498,0.09986851853318514,0.1378239393234253,0.58984375,5,4
38,5499,0.12851185281760993,0.13133347034454346,0.69140625,4,3
38,5500,0.10617985716089608,0.12189257144927979,0.6484375,4,3
38,5501,0.08742994477506728,0.09504061937332153,0.66796875,5,4
38,5502,0.07528856629505755,0.20724594593048096,0.4453125,3,1
38,5503,0.09004532033577563,0.29553335905075073,0.421875,4,3
38,5504,0.0674505550414324,0.2213761806488037,0.421875,3,2
38,5505,0.11432448634877802,0.1342526078224182,0.640625,6,5
38,5506,0.25544380350038415,0.3388270139694214,0.6015625,5,5
38,5507,0.26519316108897334,0.4229872226715088,0.55078125,5,4
38,5508,0.3069701381027699,0.4180018901824951,0.59375,4,2
38,5509,0.30246483488008385,0.4350056052207947,0.578125,4,3
38,5510,0.18257825891487303,0.22204291820526123,0.62890625,5,5
38,5511,0.28387996205128735,0.3452411890029907,0.62890625,5,5
38,5512,0.281502258963883,0.3884882926940918,0.58984375,4,3
38,5513,0.23911742307245734,0.32560670375823975,0.59375,4,3
38,5313,0.3258262453600765,0.3826216459274292,0.640625,4,4
38,5306,0.2406046531395987,0.3721739649772644,0.55859375,3,5
38,5514,0.06882947636768223,0.13003945350646973,0.51171875,5,6
38,5515,0.09124640875961633,0.3093917965888977,0.41796875,2,2
38,5516,0.3292670950759203,0.4101818799972534,0.62109375,3,3
38,5517,0.08368656667880715,0.23672664165496826,0.44140625,2,1
38,5518,0.2049119534203783,0.2616332173347473,0.61328125,5,7
38,5519,0.2961305181961507,0.36013972759246826,0.62890625,3,4
38,5520,0.0972711304202676,0.13989555835723877,0.578125,2,2
38,5521,0.09276249550748618,0.09672993421554565,0.68359375,5,7
38,5522,0.27711442764848476,0.35828936100006104,0.609375,3,3
38,5523,0.301138767041266,0.36193203926086426,0.6328125,1,2
38,5524,0.08529126644134523,0.17058253288269043,0.5,4,5
38,5525,0.10224452486727388,0.12434488534927368,0.62890625,4,6
38,5526,0.2790102873696015,0.37494295835494995,0.59765625,1,2
38,5527,0.06268425122834743,0.2125452756881714,0.41796875,4,4
38,5528,0.3131641615182162,0.42643630504608154,0.59375,6,8
38,5529,0.12182455672882499,0.13242924213409424,0.66796875,5,6
38,5530,0.12739260622765872,0.13284116983413696,0.68359375,4,3
38,5531,0.2891936355736107,0.3991028070449829,0.58984375,3,3
38,5532,0.0911062089726329,0.2810022830963135,0.4296875,5,6
38,5533,0.0951681137084961,0.0951681137084961,0.71875,4,4
38,5534,0.09597005113027991,0.09807717800140381,0.69140625,4,5
38,5535,0.3022917369380594,0.39084184169769287,0.609375,4,4
38,5536,0.10314379632472993,0.12694621086120605,0.625,3,3
38,5537,0.08624166250228882,0.08624166250228882,0.71484375,3,5
38,5538,0.23287372174672788,0.3833805322647095,0.54296875,4,4
38,5539,0.15153062809258702,0.16299092769622803,0.671875,1,2
38,5540,0.26772271050140267,0.3597743511199951,0.59765625,4,6
38,5541,0.09404247999191284,0.09404247999191284,0.734375,4,4
38,5542,0.10961420577950777,0.12444007396697998,0.65234375,4,5
38,5543,0.08443138306029142,0.13060081005096436,0.55859375,4,5
38,5544,0.25443460489623254,0.37114107608795166,0.57421875,5,7
38,5545,0.11767459579277785,0.3523356318473816,0.43359375,3,4
38,5546,0.09954144002404065,0.13737255334854126,0.58984375,3,4
39,5452,0.1695210048928857,0.3144737482070923,0.515625,5,7
39,5545,0.12305198539979757,0.34808075428009033,0.44140625,3,4
39,5547,0.08391662780195476,0.13596618175506592,0.546875,4,6
39,5548,0.08108584186993541,0.11190283298492432,0.58984375,5,8
39,5549,0.05664073349907995,0.12288159132003784,0.484375,5,6
39,5550,0.25631550326943403,0.39057600498199463,0.5625,6,8
39,5551,0.0,0.16732358932495117,0.1796875,2,1
39,5552,0.2231733946828172,0.47412770986557007,0.48828125,5,6
39,5553,0.12819748162291947,0.3626359701156616,0.44140625,4,5
39,5554,0.13608806813135746,0.41974151134490967,0.4296875,3,4
39,5555,0.0801026187837124,0.19909000396728516,0.4609375,3,3
39,5556,0.1589502268470824,0.23520958423614502,0.5703125,6,9
39,5557,0.10981484642252327,0.3022860288619995,0.4453125,2,3
39,5558,0.13690237142145636,0.36698436737060547,0.44921875,2,2
39,5559,0.13266044040210548,0.37526047229766846,0.44140625,4,5
39,5560,0.11620263883378358,0.3114960789680481,0.44921875,3,3
39,5561,0.10040115367155523,0.2557482123374939,0.45703125,2,4
39,5562,0.09794961474835874,0.11244440078735352,0.6484375,1,1
39,5563,0.08016981557011606,0.08533668518066406,0.67578125,2,1
39,5528,0.24961677426472312,0.44686639308929443,0.5234375,6,8
39,5471,0.30433674831874674,0.4316354990005493,0.58203125,2,3
39,5564,0.06809699384029956,0.13890701532363892,0.49609375,2,2
39,5565,0.22664037812501198,0.4057338237762451,0.5234375,1,2
39,5566,0.0924744624644518,0.24156594276428223,0.453125,2,2
39,5567,0.09558215294964613,0.2562202215194702,0.44921875,1,2
39,5568,0.10830810398329051,0.324290931224823,0.43359375,5,6
39,5569,0.20535499230027202,0.3552086353302002,0.53125,5,5
39,5570,0.0,0.1673242449760437,0.1796875,6,8
39,5571,0.07962865242734553,0.2080095410346985,0.453125,2,2
39,5572,0.2144589722156525,0.3267946243286133,0.5625,6,7
39,5573,0.2348181707784534,0.46063947677612305,0.50390625,6,8
39,5574,0.07347476202994586,0.12096166610717773,0.54296875,6,8
39,5575,0.21624187193810945,0.41622495651245117,0.5078125,6,8
39,5576,0.2638137410394848,0.39610743522644043,0.56640625,3,5
39,5577,0.0,0.16731905937194824,0.17578125,5,5
39,5578,0.25567953428253537,0.4015580415725708,0.5546875,6,9
39,5579,0.10009849816560747,0.2911956310272217,0.4375,2,2
39,5580,0.22908306051976984,0.4328063726425171,0.51171875,7,10
39,5581,0.12664526188746097,0.18740570545196533,0.5703125,7,10
39,5582,0.08177342801354827,0.11285173892974854,0.58984375,2,2
39,5583,0.2406516107730568,0.47208285331726074,0.50390625,6,9
39,5584,0.04345285892486572,0.04345285892486572,0.78125,6,8
39,5585,0.27573042735457426,0.4539356231689453,0.54296875,6,6
39,5586,0.20470800669863823,0.3425179719924927,0.5390625,2,3
39,5587,0.0657279039733112,0.13407444953918457,0.49609375,6,8
39,5588,0.24100655922666195,0.31160444021224976,0.609375,7,9
39,5589,0.2186327958479524,0.2977127432823181,0.59375,6,9
39,5046,0.25937585416249936,0.49003851413726807,0.51171875,4,2
39,5391,0.2754266192205251,0.4260375499725342,0.55859375,5,5
39,5590,0.07659774424973877,0.1057090163230896,0.58984375,5,5
39,5591,0.26926899980753666,0.3571650981903076,0.6015625,5,6
39,5592,0.05664095329120756,0.12288206815719604,0.484375,5,4
39,5593,0.09380976576358081,0.11686277389526367,0.62109375,5,4
39,5594,0.244109541294165,0.4611958861351013,0.51171875,5,4
39,5595,0.16786792036145928,0.4172251224517822,0.4609375,3,2
39,5596,0.20875056856311863,0.38035690784454346,0.51953125,5,6
39,5597,0.07619830849580468,0.14666742086410522,0.5078125,5,5
39,5598,0.10005576163530351,0.11234331130981445,0.65625,5,4
39,5599,0.02300645713694394,0.1454235315322876,0.36328125,5,4
39,5600,0.25997680099681025,0.4349938631057739,0.5390625,5,6
39,5601,0.10832044505514206,0.2692236304283142,0.4609375,5,3
39,5602,0.23365692235529428,0.44974565505981445,0.5078125,5,4
39,5603,0.2854848504066468,0.455352783203125,0.55078125,4,3
39,5604,0.11857023113407197,0.18912136554718018,0.55078125,6,6
39,5605,0.2961224073078484,0.45805037021636963,0.55859375,5,5
39,5606,0.26840782409999525,0.44188040494918823,0.54296875,4,2
39,5607,0.09133287111762912,0.12273603677749634,0.59765625,5,5
39,5608,0.2235002806410194,0.4001123905181885,0.5234375,4,3
39,5609,0.19485468976199632,0.375058650970459,0.5078125,4,2
39,5610,0.05657542776316405,0.12273991107940674,0.484375,6,6
39,5611,0.05983763001859189,0.16471433639526367,0.4453125,4,2
39,5612,0.0,0.20939558744430542,0.11328125,4,1
39,5613,0.2735535120591522,0.35820817947387695,0.60546875,5,5
39,5614,0.2694171541370452,0.3276522159576416,0.62890625,6,5
39,5615,0.12175124371424319,0.3026050329208374,0.4609375,5,4
39,5616,0.02899122401140631,0.13372528553009033,0.38671875,5,6
39,5617,0.11166146071627737,0.2709510326385498,0.46484375,3,1
39,5618,0.20247619075234982,0.4301568865776062,0.48828125,5,5
39,5619,0.07443968730513008,0.1581457257270813,0.48828125,4,3
39,5620,0.24425485392566776,0.46147042512893677,0.51171875,5,5
39,5621,0.2096928376704455,0.3889954090118408,0.515625,5,5
39,5467,0.23294872045516973,0.46589744091033936,0.5,1,2
39,5516,0.24417497939430183,0.42961370944976807,0.52734375,3,3
39,5622,0.09256818494759501,0.11673623323440552,0.6171875,5,4
39,5623,0.06690324982628228,0.17476767301559448,0.453125,4,2
39,5624,0.13685779145453128,0.4640476107597351,0.41796875,3,3
39,5625,0.18202103732619437,0.2655121684074402,0.57421875,4,5
39,5626,0.09223117749206723,0.12394320964813232,0.59765625,2,1
39,5627,0.0893495036289096,0.12499165534973145,0.5859375,2,1
39,5628,0.2698024220298976,0.3992452025413513,0.5703125,3,5
39,5629,0.11393154482357205,0.3054081201553345,0.44921875,2,2
39,5630,0.060154918115586056,0.11578691005706787,0.5078125,3,3
39,5631,0.09241654549259694,0.11799818277359009,0.61328125,4,4
39,5632,0.09736422880087049,0.24801236391067505,0.45703125,5,4
39,5633,0.22774291248060766,0.35227906703948975,0.55859375,5,6
39,5634,0.010686482302844528,0.1519855260848999,0.328125,4,2
39,5635,0.07408638112246992,0.21552401781082153,0.4375,2,1
39,5636,0.19740765960887077,0.36620551347732544,0.515625,1,2
39,5637,0.052219390869140625,0.052219390869140625,0.796875,4,3
39,5638,0.0,0.16227930784225464,0.2265625,4,3
39,5639,0.24770182929933077,0.4767794609069824,0.5078125,2,3
39,5640,0.09396051708608867,0.23934221267700195,0.45703125,1,1
39,5641,0.0984206320717931,0.12411665916442871,0.6171875,3,1
39,5642,0.09853581595234574,0.12426191568374634,0.6171875,2,1
39,5643,0.2392427459126339,0.4209356904029846,0.52734375,4,4
39,5644,0.15311385691165927,0.3186759948730469,0.4921875,4,5
39,5645,0.27267060149461037,0.42824339866638184,0.5546875,1,2
39,5646,0.07482109265401961,0.16950619220733643,0.4765625,1,1
39,5647,0.10940606379881503,0.1314927339553833,0.6328125,2,4
39,5648,0.10953865572810174,0.11907386779785156,0.66796875,4,4
39,5649,0.18589449604041877,0.2965046167373657,0.55078125,1,2
39,5650,0.16760804713703695,0.2632371783256531,0.5546875,5,6
39,5651,0.0,0.20659852027893066,0.11328125,4,4
39,5652,0.09413770702667536,0.1172713041305542,0.62109375,2,2
39,5653,0.0,0.16732358932495117,0.1796875,1,2
39,5654,0.19653740618377927,0.4263862371444702,0.484375,4,5
39,5655,0.28305053012445575,0.4014456272125244,0.58203125,3,4
39,5656,0.06545423273928465,0.09685713052749634,0.5703125,3,3
39,5657,0.0,0.2178436517715454,0.11328125,4,3
39,5658,0.25499326735734945,0.41315364837646484,0.546875,1,2
39,5659,0.07615412585437299,0.16521573066711426,0.484375,1,1
39,5660,0.16687062452547255,0.3545135259628296,0.48828125,4,3
39,5661,0.24702635500580078,0.42728883028030396,0.53125,4,3
39,5662,0.06476149428635837,0.16917288303375244,0.453125,2,1
39,5663,0.23906419542618101,0.46015363931655884,0.5078125,4,5
39,5664,0.2155762996990234,0.3666945695877075,0.53515625,2,2
39,5665,0.26500080944970256,0.43627142906188965,0.54296875,3,5
39,5666,0.13605997711420062,0.3958108425140381,0.4375,2,1
39,5667,0.1917210484389216,0.4343414902687073,0.4765625,4,3
39,5668,0.0,0.1640481948852539,0.21484375,3,3
39,5669,0.10901149827986957,0.12107133865356445,0.66015625,4,3
39,5670,0.10719984106253834,0.12169915437698364,0.65234375,3,3
39,5671,0.10153564345091583,0.24638032913208008,0.46484375,1,1
39,5672,0.06774829234927894,0.11523962020874023,0.53515625,5,6
39,5673,0.18552342988550666,0.4725770950317383,0.45703125,4,6
39,5674,0.1887493068352342,0.2604842185974121,0.58984375,5,6
39,5675,0.076235598186031,0.17661821842193604,0.47265625,5,6
39,5676,0.20345053682103756,0.4234417676925659,0.4921875,3,4
39,5677,0.06655605509877206,0.11512398719787598,0.53125,6,6
39,5678,0.18398750200867656,0.36092567443847656,0.50390625,2,2
39,5679,0.22549975127913063,0.396755576133728,0.52734375,3,3
39,5680,0.07465952634811401,0.07465952634811401,0.703125,4,3
39,5681,0.07990828529000284,0.17336034774780273,0.484375,5,8
39,5682,0.1662818053737283,0.3767092227935791,0.4765625,5,5
39,5683,0.11155552743002774,0.11400485038757324,0.69140625,3,3
39,5684,0.25087714008986955,0.45711421966552734,0.51953125,4,4
39,5685,0.025999247562140233,0.14628148078918457,0.37109375,4,3
39,5686,0.12760582845658067,0.21007776260375977,0.54296875,3,3
39,5687,0.24165919679217046,0.4565664529800415,0.51171875,2,2
39,5688,0.0759998094290495,0.08724641799926758,0.6484375,5,5
