generation,genome_id,fitness,diversity,agreement,num_nodes,num_connections
0,1,0.031592369079589844,0.031592369079589844,0.75,1,4
0,2,0.06867309054359795,0.07465100288391113,0.66796875,1,4
0,3,0.06647956371307373,0.06647956371307373,0.71484375,1,4
0,4,0.04894816875457764,0.04894816875457764,0.765625,1,4
0,5,0.05912023526616395,0.05923593044281006,0.69921875,1,4
0,6,0.09321119589731099,0.11202847957611084,0.6328125,1,4
0,7,0.09014802891761066,0.10012102127075195,0.66015625,1,4
0,8,0.05129212141036987,0.05129212141036987,0.703125,1,4
0,9,0.038266897201538086,0.038266897201538086,0.73046875,1,4
0,10,0.05595595133490861,0.06214630603790283,0.66015625,1,4
0,11,0.031168460845947266,0.031168460845947266,0.796875,1,4
0,12,0.003475189208984375,0.003475189208984375,0.9375,1,4
0,13,0.0882061648881063,0.10240715742111206,0.64453125,1,4
0,14,0.05960900825448335,0.07081162929534912,0.63671875,1,4
0,15,0.06551863288041206,0.09557133913040161,0.57421875,1,4
0,16,0.04411029815673828,0.04411029815673828,0.76171875,1,4
0,17,0.055722713470458984,0.055722713470458984,0.75,1,4
0,18,0.039560794830322266,0.039560794830322266,0.76953125,1,4
0,19,0.0378858712501824,0.08219307661056519,0.484375,1,4
0,20,0.060389069491066046,0.07011157274246216,0.64453125,1,4
0,21,0.0060443878173828125,0.0060443878173828125,0.8984375,1,4
0,22,0.07644230127334596,0.09408283233642578,0.625,1,4
0,23,0.06962988991290332,0.07904767990112305,0.65234375,1,4
0,24,0.08588073228020222,0.09335654973983765,0.66796875,1,4
0,25,0.025150060653686523,0.025150060653686523,0.80078125,1,4
0,26,0.06804019212722778,0.06804019212722778,0.703125,1,4
0,27,0.02484971284866333,0.02484971284866333,0.79296875,1,4
0,28,0.0707066827453673,0.13609707355499268,0.5078125,1,4
0,29,0.062196314334869385,0.062196314334869385,0.74609375,1,4
0,30,0.06979799270629883,0.06979799270629883,0.71875,1,4
0,31,0.0856485925614834,0.08841145038604736,0.6875,1,4
0,32,0.052604079246520996,0.052604079246520996,0.70703125,1,4
0,33,0.04454612731933594,0.04454612731933594,0.765625,1,4
0,34,0.05905812978744507,0.05905812978744507,0.76171875,1,4
0,35,0.023895263671875,0.023895263671875,0.83984375,1,4
0,36,0.07489651255309583,0.07731252908706665,0.6875,1,4
0,37,0.04023034288547934,0.04030907154083252,0.69921875,1,4
0,38,0.01868969202041626,0.01868969202041626,0.828125,1,4
0,39,0.05386388301849365,0.05386388301849365,0.75,1,4
0,40,0.10993731021881104,0.10993731021881104,0.71484375,1,4
0,41,0.05259203910827637,0.05259203910827637,0.71484375,1,4
0,42,0.04237043857574463,0.04237043857574463,0.78515625,1,4
0,43,0.08196970820426942,0.08816909790039062,0.671875,1,4
0,44,0.08873911015689374,0.10541629791259766,0.63671875,1,4
0,45,0.0074520111083984375,0.0074520111083984375,0.8984375,1,4
0,46,0.10873295925557615,0.1354532241821289,0.62109375,1,4
0,47,0.06261003017425537,0.06261003017425537,0.75390625,1,4
0,48,0.05840477033052594,0.058519065380096436,0.69921875,1,4
0,49,0.06814341712743045,0.07407522201538086,0.66796875,1,4
0,50,0.0727070588618517,0.07659673690795898,0.6796875,1,4
0,51,0.04156029224395752,0.04156029224395752,0.7109375,1,4
0,52,0.08133655786514282,0.08133655786514282,0.76953125,1,4
0,53,0.07355099637061359,0.08443522453308105,0.6484375,1,4
0,54,0.06823956780135633,0.0905146598815918,0.6015625,1,4
0,55,0.0947253010235727,0.12564599514007568,0.6015625,1,4
0,56,0.05912114877719433,0.06426757574081421,0.66796875,1,4
0,57,0.02837514877319336,0.02837514877319336,0.8046875,1,4
0,58,0.04404342174530029,0.04404342174530029,0.80859375,1,4
0,59,0.06090235710144043,0.06090235710144043,0.70703125,1,4
0,60,0.01360826008021832,0.12441837787628174,0.34375,1,4
0,61,0.08147334353998305,0.09792101383209229,0.6328125,1,4
0,62,0.05891260318458081,0.06081300973892212,0.6875,1,4
0,63,0.05925471079535783,0.0672692060470581,0.65234375,1,4
0,64,0.027873754501342773,0.027873754501342773,0.80078125,1,4
0,65,0.03568315505981445,0.03568315505981445,0.76953125,1,4
0,66,0.061395347118377686,0.061395347118377686,0.7109375,1,4
0,67,0.024074545130133636,0.10626006126403809,0.390625,1,4
0,68,0.028466105461120605,0.028466105461120605,0.7890625,1,4
0,69,0.028527438640594482,0.028527438640594482,0.80078125,1,4
0,70,0.09490430681034924,0.11822628974914551,0.62109375,1,4
0,71,0.07896769046783447,0.07896769046783447,0.72265625,1,4
0,72,0.05823530419729651,0.08146578073501587,0.5859375,1,4
0,73,0.02162182331085205,0.02162182331085205,0.76953125,1,4
0,74,0.06795236980542542,0.07158768177032471,0.6796875,1,4
0,75,0.016952097415924072,0.016952097415924072,0.828125,1,4
0,76,0.03579151630401611,0.03579151630401611,0.7421875,1,4
0,77,0.05355389066971839,0.07390725612640381,0.58984375,1,4
0,78,0.04208254814147949,0.04208254814147949,0.734375,1,4
0,79,0.03709840774536133,0.03709840774536133,0.78125,1,4
0,80,0.04182922840118408,0.04182922840118408,0.7890625,1,4
0,81,0.07973179849795999,0.10714614391326904,0.59765625,1,4
0,82,0.04723036289215088,0.04723036289215088,0.79296875,1,4
0,83,0.06767701008357109,0.08976846933364868,0.6015625,1,4
0,84,0.055567785864695914,0.06040489673614502,0.66796875,1,4
0,85,0.06959414947777988,0.08172523975372314,0.640625,1,4
0,86,0.07462810981087388,0.07781994342803955,0.68359375,1,4
0,87,0.06738928507547827,0.07173246145248413,0.67578125,1,4
0,88,0.06896222382783891,0.08098316192626953,0.640625,1,4
0,89,0.06701717572286726,0.07285094261169434,0.66796875,1,4
0,90,0.019649624824523926,0.019649624824523926,0.85546875,1,4
0,91,0.06646396033465864,0.0780494213104248,0.640625,1,4
0,92,0.06704425811767578,0.06704425811767578,0.703125,1,4
0,93,0.06792843341827393,0.06792843341827393,0.73828125,1,4
0,94,0.038104891777038574,0.038104891777038574,0.7734375,1,4
0,95,0.052362263202667236,0.052362263202667236,0.74609375,1,4
0,96,0.062451350502669825,0.09376859664916992,0.56640625,1,4
0,97,0.06977904425002636,0.07585322856903076,0.66796875,1,4
0,98,0.05028506624512376,0.09678930044174194,0.5078125,1,4
0,99,0.06905356235802175,0.06987237930297852,0.6953125,1,4
0,100,0.026721708476543433,0.10858345031738281,0.3984375,1,4
0,101,0.06552255153656006,0.06552255153656006,0.70703125,1,4
0,102,0.06490737199783325,0.06490737199783325,0.72265625,1,4
0,103,0.09654304361902179,0.11741101741790771,0.62890625,1,4
0,104,0.01435244083404541,0.01435244083404541,0.859375,1,4
0,105,0.030280470848083496,0.030280470848083496,0.796875,1,4
0,106,0.1008259472437203,0.1157463788986206,0.6484375,1,4
0,107,0.04205894470214844,0.04205894470214844,0.80078125,1,4
0,108,0.07767219399102034,0.11493688821792603,0.5703125,1,4
0,109,0.05039036273956299,0.05039036273956299,0.7890625,1,4
0,110,0.015441742027178414,0.1550229787826538,0.33984375,1,4
0,111,0.04762446880340576,0.04762446880340576,0.78515625,1,4
0,112,0.04395556449890137,0.04395556449890137,0.734375,1,4
0,113,0.05964040756225586,0.05964040756225586,0.71875,1,4
0,114,0.10666573850903661,0.13619166612625122,0.61328125,1,4
0,115,0.0636020302772522,0.0636020302772522,0.76953125,1,4
0,116,0.0765021205879748,0.08881878852844238,0.64453125,1,4
0,117,0.07255434989929199,0.07255434989929199,0.70703125,1,4
0,118,0.05247377580963076,0.10703814029693604,0.49609375,1,4
0,119,0.04276144504547119,0.04276144504547119,0.72265625,1,4
0,120,0.05063474178314209,0.05063474178314209,0.796875,1,4
0,121,0.04606223106384277,0.04606223106384277,0.78125,1,4
0,122,0.02150571346282959,0.02150571346282959,0.828125,1,4
0,123,0.06510919332504272,0.06510919332504272,0.73046875,1,4
0,124,0.06473804451525213,0.06963419914245605,0.671875,1,4
0,125,0.080400288105011,0.0847015380859375,0.6796875,1,4
0,126,0.07130852481350304,0.07834756374359131,0.6640625,1,4
0,127,0.03450268507003784,0.03450268507003784,0.77734375,1,4
0,128,0.025667309761047363,0.025667309761047363,0.75390625,1,4
0,129,0.01282423734664917,0.01282423734664917,0.875,1,4
0,130,0.07514918502420188,0.07916951179504395,0.6796875,1,4
0,131,0.022003650665283203,0.022003650665283203,0.828125,1,4
0,132,0.01363760232925415,0.01363760232925415,0.83984375,1,4
0,133,0.038160085678100586,0.038160085678100586,0.71875,1,4
0,134,0.057938342681154616,0.07306510210037231,0.6171875,1,4
0,135,0.07632586639374496,0.08476972579956055,0.66015625,1,4
0,136,0.03299868106842041,0.03299868106842041,0.80078125,1,4
0,137,0.0587468040175736,0.07408463954925537,0.6171875,1,4
0,138,0.057553887367248535,0.057553887367248535,0.71484375,1,4
0,139,0.03288900852203369,0.03288900852203369,0.80078125,1,4
0,140,0.012735605239868164,0.012735605239868164,0.82421875,1,4
0,141,0.06753243133425714,0.07419872283935547,0.6640625,1,4
0,142,0.037045147269964225,0.10776770114898682,0.4375,1,4
0,143,0.0710985390469432,0.07647573947906494,0.671875,1,4
0,144,0.035733699798583984,0.035733699798583984,0.76171875,1,4
0,145,0.06495720148086548,0.06495720148086548,0.7109375,1,4
0,146,0.07130146026611328,0.07130146026611328,0.70703125,1,4
0,147,0.0,0.16089534759521484,0.28125,1,4
0,148,0.0639848615974188,0.06882405281066895,0.671875,1,4
0,149,0.06766234408132733,0.06914794445037842,0.69140625,1,4
0,150,0.027637958526611328,0.027637958526611328,0.80859375,1,4
1,46,0.08911319333128633,0.14213693141937256,0.55078125,1,4
1,114,0.09057206660509111,0.14224815368652344,0.5546875,1,4
1,151,0.08356710989028217,0.1812981367111206,0.484375,1,3
1,152,0.038356781005859375,0.038356781005859375,0.75,1,3
1,153,0.08135582308750601,0.11227542161941528,0.58984375,1,4
1,154,0.05524623394012451,0.05524623394012451,0.7109375,1,3
1,155,0.0861195183824748,0.12047320604324341,0.5859375,1,4
1,156,0.08492908137850465,0.1313706636428833,0.55859375,1,3
1,157,0.08764280751347543,0.14200353622436523,0.546875,1,3
1,158,0.07679037202615292,0.10597485303878784,0.58984375,2,5
1,159,0.09491537883877756,0.13650751113891602,0.578125,1,3
1,160,0.08639218378812076,0.13779687881469727,0.55078125,2,5
1,161,0.06811459385789932,0.08283770084381104,0.62890625,1,3
1,162,0.09537072735838593,0.14752209186553955,0.55859375,1,3
1,163,0.08910411258693786,0.14212244749069214,0.55078125,2,3
1,164,0.08082905970513822,0.11006510257720947,0.59375,1,2
1,165,0.08910411258693786,0.14212244749069214,0.55078125,2,5
1,166,0.0889513094443828,0.14187872409820557,0.55078125,1,3
1,167,0.09189323568716647,0.14214301109313965,0.55859375,1,4
1,168,0.08682315098121764,0.14067548513412476,0.546875,1,3
1,169,0.06674277782440186,0.06674277782440186,0.70703125,2,6
1,170,0.0912623628973961,0.13906645774841309,0.5625,1,3
1,171,0.07516706781461836,0.09842848777770996,0.60546875,2,5
1,172,0.04265025258064271,0.13998031616210938,0.421875,1,4
1,173,0.09029502142220737,0.14181303977966309,0.5546875,1,3
1,174,0.049555944744497545,0.07783019542694092,0.5546875,1,3
1,175,0.09189319715369494,0.14214295148849487,0.55859375,1,4
1,176,0.07008296763524414,0.08523154258728027,0.62890625,1,3
1,177,0.04206645488739014,0.04206645488739014,0.765625,1,3
1,178,0.03353929182048888,0.10665911436080933,0.42578125,1,3
1,179,0.09240233339369298,0.12099742889404297,0.60546875,1,4
1,180,0.08250925643369557,0.12762761116027832,0.55859375,1,3
1,181,0.09356515435501934,0.13845479488372803,0.5703125,1,3
1,182,0.08137045684270562,0.13396036624908447,0.54296875,1,4
1,183,0.0863142440794036,0.13351327180862427,0.55859375,1,4
1,184,0.08742656651884319,0.13944673538208008,0.55078125,1,3
1,185,0.08974457904696466,0.1347484588623047,0.56640625,1,4
1,186,0.0858731360640377,0.15373092889785767,0.5234375,1,3
1,187,0.028354883193969727,0.028354883193969727,0.79296875,1,4
1,188,0.08910411258693786,0.14212244749069214,0.55078125,1,3
1,189,0.08767451811581851,0.14205491542816162,0.546875,1,4
1,190,0.08910411258693786,0.14212244749069214,0.55078125,1,4
1,191,0.0889588580466807,0.1418907642364502,0.55078125,1,3
1,192,0.08909521868918092,0.1421082615852356,0.55078125,1,4
1,193,0.07238441286608578,0.12735676765441895,0.52734375,1,4
1,194,0.08475245721638204,0.14180803298950195,0.5390625,1,3
1,195,0.08910702739376576,0.14212709665298462,0.55078125,1,3
1,196,0.08331471355631949,0.12153029441833496,0.57421875,1,4
1,197,0.08908434421755375,0.14209091663360596,0.55078125,1,4
1,198,0.08946871291846038,0.1722104549407959,0.5078125,1,2
1,199,0.08092771656811239,0.09086620807647705,0.65625,1,3
1,40,0.08536538761109115,0.11624222993850708,0.59375,1,4
1,103,0.0844980727415532,0.12503761053085327,0.5703125,1,4
1,200,0.051843910594470806,0.13206011056900024,0.45703125,1,4
1,201,0.06525785347912462,0.09798246622085571,0.56640625,2,5
1,202,0.06701184972189368,0.08149659633636475,0.62890625,2,4
1,203,0.07067453861236572,0.07067453861236572,0.70703125,1,3
1,204,0.046505933627486236,0.06783771514892578,0.57421875,1,3
1,205,0.07365615805611016,0.0792267918586731,0.671875,2,6
1,206,0.06277266796678306,0.0661308765411377,0.6796875,1,4
1,207,0.08000103291124107,0.09503602981567383,0.63671875,1,4
1,208,0.0840927571989596,0.09875112771987915,0.640625,1,3
1,209,0.0784203715156764,0.11439096927642822,0.57421875,1,4
1,210,0.07400732766836883,0.08791589736938477,0.63671875,1,4
1,211,0.06917800428345801,0.07683110237121582,0.66015625,1,4
1,212,0.06438812077976765,0.09959733486175537,0.55859375,1,3
1,213,0.09167062025517227,0.13371896743774414,0.57421875,1,3
1,214,0.07779578224290164,0.08831804990768433,0.65234375,1,4
1,215,0.06873022112995388,0.08999967575073242,0.60546875,1,3
1,216,0.07078526658006014,0.10325372219085693,0.57421875,1,4
1,217,0.06997989141382278,0.08124649524688721,0.64453125,1,4
1,218,0.056570941349491484,0.08493936061859131,0.56640625,1,3
1,219,0.08764974423684181,0.11191189289093018,0.61328125,2,5
1,220,0.0746495039202273,0.08766180276870728,0.640625,1,3
1,221,0.08590073743835093,0.1511380672454834,0.52734375,1,4
1,222,0.08363549597561361,0.1274445652961731,0.5625,1,3
1,223,0.07053811103105546,0.08097648620605469,0.6484375,1,3
1,224,0.06812253361567856,0.08284735679626465,0.62890625,1,3
1,225,0.05296283087227494,0.08192437887191772,0.55859375,2,4
1,226,0.0782462563365698,0.1309218406677246,0.5390625,1,3
1,227,0.05981359584257007,0.06433731317520142,0.671875,2,5
1,228,0.02064460515975952,0.02064460515975952,0.8359375,1,3
1,229,0.07757372036576272,0.09782695770263672,0.6171875,1,3
1,230,0.07341126282699408,0.07428175210952759,0.6953125,1,3
1,231,0.0714396790135652,0.08110225200653076,0.65234375,1,3
1,232,0.09093736950308086,0.1190791130065918,0.60546875,1,4
1,233,0.05820328230038286,0.0861274003982544,0.5703125,1,4
1,234,0.050521968398243196,0.09044492244720459,0.5234375,1,4
1,235,0.08007271890528501,0.13182389736175537,0.54296875,1,4
1,236,0.06743657623883338,0.12740784883499146,0.51171875,1,3
1,237,0.06606151373125614,0.07847678661346436,0.63671875,1,4
1,238,0.06271922588348389,0.06271922588348389,0.703125,1,2
1,239,0.08357071736827494,0.13125216960906982,0.5546875,1,3
1,240,0.05537727987393738,0.09913694858551025,0.5234375,1,3
1,241,0.044745683670043945,0.044745683670043945,0.71484375,1,3
1,242,0.08449650811962785,0.09185183048248291,0.66796875,1,3
1,243,0.06804542988538743,0.0837482213973999,0.625,1,4
1,244,0.0790437855757773,0.10484564304351807,0.6015625,2,4
1,245,0.048547860467806465,0.09902989864349365,0.49609375,2,6
1,246,0.07705958001315595,0.11403036117553711,0.5703125,1,3
1,247,0.0769231994636357,0.10337185859680176,0.59765625,1,3
1,248,0.07168523967266084,0.08822798728942871,0.625,1,3
1,249,0.059757232666015625,0.059757232666015625,0.71875,1,4
1,250,0.057764649391174316,0.057764649391174316,0.734375,1,4
1,251,0.06379468180239202,0.10674142837524414,0.5390625,1,3
1,252,0.08122067095246167,0.10370320081710815,0.61328125,1,4
1,253,0.054964661598205566,0.054964661598205566,0.70703125,2,4
1,254,0.08151044789701702,0.13206756114959717,0.546875,1,3
1,255,0.08494457358028741,0.11722809076309204,0.58984375,1,4
1,256,0.07288241747301073,0.08274012804031372,0.65234375,1,4
1,257,0.05703091865871102,0.07104581594467163,0.62109375,1,4
1,258,0.062426261720247574,0.06933242082595825,0.66015625,1,4
1,259,0.073734724894166,0.11235767602920532,0.5625,2,5
1,260,0.05504847457632424,0.10211890935897827,0.515625,1,3
1,261,0.004202723503112793,0.004202723503112793,0.890625,1,4
1,262,0.06886795407626779,0.10984545946121216,0.55078125,1,4
1,263,0.06184412154834718,0.0702088475227356,0.65234375,1,4
1,264,0.06609358591958882,0.07761448621749878,0.640625,1,4
1,265,0.06593057757709177,0.07166975736618042,0.66796875,1,3
1,266,0.06663775444030762,0.06663775444030762,0.70703125,1,3
1,267,0.08610200742259623,0.09165120124816895,0.67578125,1,4
1,268,0.0429154634475708,0.0429154634475708,0.74609375,2,5
1,269,0.06471151113510133,0.07265853881835938,0.65625,2,4
1,270,0.08108907786663623,0.09632855653762817,0.63671875,1,3
1,271,0.06744034029543401,0.07104825973510742,0.6796875,1,3
1,272,0.07366422680206598,0.11569350957870483,0.5546875,1,3
1,273,0.04621940851211548,0.04621940851211548,0.71875,2,4
1,274,0.06935927341692151,0.08435142040252686,0.62890625,1,4
1,275,0.04138392210006714,0.04138392210006714,0.703125,1,3
1,276,0.05797050730325282,0.06301677227020264,0.66796875,1,4
1,277,0.06352168554440142,0.06427490711212158,0.6953125,1,4
1,278,0.0743514900095761,0.08169090747833252,0.6640625,2,4
1,279,0.08126198407262565,0.09542691707611084,0.640625,1,3
1,280,0.0787072910461575,0.08043539524078369,0.69140625,2,5
1,281,0.05906537489499898,0.10047000646591187,0.53515625,2,5
1,282,0.08068770216777922,0.12480998039245605,0.55859375,1,3
1,283,0.07937045465223493,0.0953935980796814,0.6328125,2,6
1,284,0.07959671295247973,0.09915697574615479,0.62109375,1,4
1,285,0.0758283967152238,0.10325568914413452,0.59375,1,3
1,286,0.0702219009399414,0.0702219009399414,0.71484375,2,5
1,287,0.065425465349108,0.09279179573059082,0.58203125,1,4
1,288,0.08081702375784518,0.14467942714691162,0.5234375,1,3
1,289,0.07191454293206336,0.08255660533905029,0.6484375,1,4
1,290,0.06627905368804932,0.06627905368804932,0.73046875,1,4
1,291,0.06547764083370568,0.07869613170623779,0.6328125,1,3
1,292,0.07289433060213925,0.07840734720230103,0.671875,1,4
1,293,0.07760170893743636,0.10855758190155029,0.5859375,1,2
1,294,0.06853251904249193,0.07219886779785156,0.6796875,1,3
1,295,0.0598612129688263,0.0764312744140625,0.61328125,1,3
1,296,0.0518469037488103,0.06789159774780273,0.60546875,1,3
2,213,0.08373191580176355,0.12759149074554443,0.5625,1,3
2,232,0.0808227580273524,0.11789530515670776,0.57421875,1,4
2,297,0.05833120085299016,0.07010698318481445,0.6328125,1,4
2,298,0.05780935287475586,0.05780935287475586,0.703125,1,2
2,299,0.06495546537917109,0.06638163328170776,0.69140625,1,1
2,300,0.0634948256192729,0.07208281755447388,0.65234375,1,2
2,301,0.08180106896907093,0.11443209648132324,0.5859375,1,4
2,302,0.09244301193393768,0.1311103105545044,0.58203125,1,3
2,303,0.06404695659875871,0.07882702350616455,0.625,1,2
2,304,0.09882699046283962,0.13457292318344116,0.59375,1,3
2,305,0.07590773887932302,0.09814333915710449,0.609375,2,3
2,306,0.08944114297628404,0.12863445281982422,0.578125,1,3
2,307,0.08642523479647936,0.12257540225982666,0.58203125,1,1
2,308,0.09463551035150887,0.15333348512649536,0.546875,2,5
2,309,0.09087478742003442,0.14724016189575195,0.546875,1,3
2,310,0.0692032480146736,0.07856333255767822,0.65234375,1,3
2,311,0.04217982292175293,0.04217982292175293,0.71484375,1,2
2,312,0.06482518161647023,0.07883727550506592,0.62890625,2,4
2,313,0.03959618695080281,0.04259085655212402,0.671875,2,5
2,314,0.08033715561032297,0.12241852283477783,0.5625,1,4
2,315,0.0913579072803259,0.13518857955932617,0.5703125,1,3
2,316,0.07306440570391716,0.15522396564483643,0.48828125,1,3
2,317,0.08515916392207147,0.12247610092163086,0.578125,1,2
2,318,0.09053341054823251,0.13593286275863647,0.56640625,2,4
2,319,0.03329730033874512,0.03329730033874512,0.78515625,1,2
2,320,0.04348301887512207,0.04348301887512207,0.7421875,2,5
2,321,0.06179786380380393,0.06717729568481445,0.66796875,1,3
2,322,0.05889664182905109,0.10731345415115356,0.51953125,1,3
2,323,0.07168369134888054,0.09268194437026978,0.609375,2,4
2,324,0.04372073896229268,0.07562506198883057,0.53125,1,3
2,325,0.06265019509010018,0.0666879415512085,0.67578125,1,2
2,326,0.03845155984163285,0.11185908317565918,0.4375,1,3
2,327,0.06023516366258264,0.06035304069519043,0.69921875,1,3
2,328,0.0,0.16540348529815674,0.28515625,1,4
2,329,0.03185832500457764,0.03185832500457764,0.796875,1,2
2,330,0.07179566752165557,0.10624098777770996,0.5703125,1,3
2,331,0.08043929282575847,0.08652293682098389,0.671875,1,3
2,332,0.05382072925567627,0.05382072925567627,0.72265625,1,3
2,333,0.05323493480682373,0.05323493480682373,0.703125,1,3
2,334,0.023010312579572208,0.19313573837280273,0.34765625,1,3
2,335,0.07629290828481318,0.0974113941192627,0.61328125,2,4
2,336,0.0906818878138438,0.132276713848114,0.57421875,2,4
2,337,0.06287569669075312,0.11879098415374756,0.51171875,1,4
2,338,0.05762850516475738,0.1832658052444458,0.42578125,1,3
2,339,0.017143322853371508,0.09645473957061768,0.37109375,1,2
2,340,0.0868101923260838,0.12312138080596924,0.58203125,1,3
2,341,0.07396312896162273,0.09562909603118896,0.609375,2,4
2,342,0.07894054800271989,0.09715759754180908,0.625,2,4
2,343,0.08400849159806968,0.11914777755737305,0.58203125,1,3
2,344,0.069816553266719,0.07355159521102905,0.6796875,1,2
2,345,0.07421438628807665,0.07738852500915527,0.68359375,1,1
2,346,0.0361100435256958,0.0361100435256958,0.75390625,1,3
2,347,0.09224738925695421,0.13267040252685547,0.578125,1,3
2,348,0.06152136530727149,0.06759428977966309,0.6640625,1,3
2,349,0.08888988755643369,0.13545125722885132,0.5625,1,4
2,350,0.07745936512947084,0.09096145629882812,0.640625,2,4
2,351,0.0523766091791913,0.05461674928665161,0.68359375,1,1
2,352,0.07394169364124538,0.1198042631149292,0.546875,1,4
2,353,0.08092625439167024,0.11638832092285156,0.578125,1,4
2,354,0.08471590001136066,0.09112298488616943,0.671875,1,3
2,355,0.06464971927925946,0.07103145122528076,0.6640625,1,3
2,356,0.04526345524936915,0.0961613655090332,0.48828125,1,4
2,357,0.09205760853365065,0.11902397871017456,0.609375,1,3
2,358,0.0796633716672659,0.09145212173461914,0.6484375,2,4
2,359,0.041447092546150095,0.12409889698028564,0.43359375,1,3
2,360,0.04227304458618164,0.04227304458618164,0.71484375,2,5
2,361,0.045929014682769775,0.045929014682769775,0.75,2,3
2,362,0.05630845448467882,0.0990719199180603,0.52734375,1,3
2,363,0.08281221636570991,0.09614479541778564,0.64453125,1,3
2,364,0.08144366741180421,0.1053009033203125,0.609375,1,3
2,365,0.018969297409057617,0.018969297409057617,0.8203125,1,2
2,366,0.06547662371303888,0.07778197526931763,0.63671875,2,4
2,367,0.080580597743392,0.08667492866516113,0.671875,1,3
2,368,0.05852156504988671,0.06361579895019531,0.66796875,1,2
2,369,0.02538203448057175,0.17099475860595703,0.359375,1,4
2,370,0.07786549627780916,0.11522293090820312,0.5703125,1,3
2,371,0.08607403747737409,0.1311604380607605,0.5625,2,4
2,372,0.023215889930725098,0.023215889930725098,0.7890625,1,2
2,373,0.04897046089172363,0.04897046089172363,0.75390625,1,3
2,374,0.08134974818676712,0.10386800765991211,0.61328125,1,2
2,375,0.028659164905548096,0.028659164905548096,0.7734375,1,3
2,376,0.05260326201096178,0.11412233114242554,0.484375,1,3
2,377,0.035045742988586426,0.035045742988586426,0.78515625,2,4
2,378,0.06694725528359415,0.07516884803771973,0.65625,1,3
2,379,0.05251947627402843,0.10713136196136475,0.49609375,1,4
2,162,0.09292712062597276,0.1416032314300537,0.5625,1,3
2,159,0.08885911572724582,0.13149094581604004,0.5703125,1,3
2,380,0.09052363014779986,0.13204586505889893,0.57421875,1,3
2,381,0.06444571120664479,0.07745587825775146,0.6328125,1,4
2,382,0.09450626559555532,0.11358499526977539,0.6328125,1,4
2,383,0.09317821823060514,0.13400912284851074,0.578125,1,3
2,384,0.09489530615974219,0.14248210191726685,0.56640625,2,3
2,385,0.024151325225830078,0.024151325225830078,0.83203125,2,5
2,386,0.08713766909204425,0.10988789796829224,0.6171875,2,4
2,387,0.09067644109018148,0.1361476182937622,0.56640625,2,4
2,388,0.06520557403564455,0.078369140625,0.6328125,1,2
2,389,0.08860582346096636,0.12395131587982178,0.5859375,1,2
2,390,0.08892172668129207,0.1335129737854004,0.56640625,1,3
2,391,0.06776232691481711,0.09479320049285889,0.5859375,1,3
2,392,0.09066091931890698,0.13612431287765503,0.56640625,1,2
2,393,0.09061173396185042,0.13605046272277832,0.56640625,1,2
2,394,0.08929614233784379,0.1302553415298462,0.57421875,1,3
2,395,0.08543269336223604,0.12286949157714844,0.578125,1,3
2,396,0.04076050966978074,0.07050466537475586,0.53125,1,4
2,397,0.05868180608376862,0.10885900259017944,0.515625,1,2
2,398,0.08992091892287137,0.13116669654846191,0.57421875,1,2
2,399,0.03157675266265869,0.03157675266265869,0.78125,2,4
2,400,0.09066091931890698,0.13612431287765503,0.56640625,1,2
2,401,0.08630229870323093,0.1334947943687439,0.55859375,1,3
2,402,0.07320192013867201,0.08902466297149658,0.62890625,1,3
2,403,0.09121777955442668,0.12760519981384277,0.5859375,1,3
2,404,0.09252561582252385,0.13691651821136475,0.5703125,1,4
2,405,0.08570050389971585,0.11516708135604858,0.59765625,1,4
2,406,0.08846437034662814,0.13282626867294312,0.56640625,1,2
2,407,0.09078985569067301,0.17152917385101318,0.51171875,1,2
2,408,0.0883641669061035,0.12889587879180908,0.57421875,2,5
2,409,0.09066091931890698,0.13612431287765503,0.56640625,1,3
2,410,0.06481287989299746,0.0788223147392273,0.62890625,1,4
2,411,0.08785770228132607,0.13590073585510254,0.55859375,1,4
2,412,0.08937323838472368,0.13618779182434082,0.5625,1,4
2,413,0.08273135405033828,0.11265546083450317,0.59375,1,2
2,414,0.06481616361998023,0.07882630825042725,0.62890625,1,3
2,415,0.09065818018279971,0.13612020015716553,0.56640625,1,3
2,416,0.09546534880064429,0.1353968381881714,0.58203125,1,3
2,417,0.09068715944886209,0.13616371154785156,0.56640625,1,3
2,418,0.0433605763828382,0.12265533208847046,0.44140625,1,4
2,419,0.05975544452667236,0.05975544452667236,0.7109375,1,2
2,420,0.06648820196278395,0.07898366451263428,0.63671875,1,3
2,421,0.0917265471071005,0.13573408126831055,0.5703125,1,2
2,422,0.09066008566878737,0.13612306118011475,0.56640625,1,3
2,423,0.09052217612043024,0.13591599464416504,0.56640625,1,2
2,424,0.06397276371717454,0.07873570919036865,0.625,2,3
2,425,0.05154549842700363,0.07518887519836426,0.57421875,1,4
2,426,0.08148889162112029,0.10950738191604614,0.59765625,1,3
2,427,0.01693117618560791,0.01693117618560791,0.76953125,2,3
2,428,0.09150887560099365,0.13541197776794434,0.5703125,1,2
2,429,0.0971938780276105,0.1459333300590515,0.56640625,1,3
2,430,0.10472897195722909,0.16704434156417847,0.55078125,1,2
2,431,0.09342392720282079,0.14236027002334595,0.5625,1,3
2,432,0.09544320113491268,0.13536542654037476,0.58203125,1,3
2,433,0.07273018988780679,0.09286248683929443,0.61328125,1,3
2,434,0.08345917845144869,0.12003117799758911,0.578125,1,4
2,435,0.09069097042083742,0.13616943359375,0.56640625,2,5
2,436,0.0904062674380839,0.12646996974945068,0.5859375,2,3
2,437,0.09054797957651319,0.13595473766326904,0.56640625,1,3
2,438,0.028132379055023193,0.028132379055023193,0.78125,1,3
2,439,0.09681715350598098,0.1354382038116455,0.5859375,1,3
2,440,0.08565615862607957,0.12319087982177734,0.578125,1,2
2,441,0.021229982376098633,0.021229982376098633,0.8203125,1,2
2,442,0.06341961026191713,0.07805490493774414,0.625,1,3
3,304,0.08450163435190917,0.1268763542175293,0.56640625,1,3
3,308,0.0911814901046455,0.14320528507232666,0.5546875,2,5
3,443,0.08042557118460537,0.11566823720932007,0.578125,1,1
3,444,0.05851551890373231,0.07201910018920898,0.625,1,2
3,445,0.06563145294785501,0.0893704891204834,0.59375,2,3
3,446,0.04844713211059571,0.0582275390625,0.6328125,2,4
3,447,0.06500140065327288,0.10531872510910034,0.546875,1,2
3,448,0.06461338326334955,0.10990715026855469,0.53515625,1,3
3,449,0.07250289141666146,0.10575920343399048,0.57421875,1,3
3,450,0.060827322769910104,0.08068287372589111,0.6015625,1,0
3,451,0.04458839818835259,0.04649543762207031,0.68359375,1,2
3,452,0.07469776016660036,0.10449522733688354,0.5859375,1,2
3,453,0.058922885917127146,0.11341547966003418,0.5078125,1,3
3,454,0.07178593729622663,0.11449968814849854,0.55078125,1,3
3,455,0.06061007024254651,0.10664039850234985,0.52734375,1,2
3,456,0.07127580046653749,0.07357501983642578,0.6875,1,3
3,457,0.07924553425982596,0.11559462547302246,0.57421875,1,2
3,458,0.041202737716957934,0.06571900844573975,0.55078125,2,5
3,459,0.07173779548611493,0.10464316606521606,0.57421875,1,3
3,460,0.05965138901956381,0.10495364665985107,0.52734375,1,4
3,461,0.07767456234432758,0.11330306529998779,0.57421875,1,2
3,462,0.06801695236936213,0.09514939785003662,0.5859375,1,2
3,463,0.08195929764769973,0.13492977619171143,0.54296875,1,2
3,464,0.06492178142070772,0.10196304321289062,0.5546875,2,3
3,465,0.060262058861553676,0.06481969356536865,0.671875,2,6
3,466,0.05185012612491847,0.06459188461303711,0.62109375,1,4
3,467,0.038550734519958496,0.038550734519958496,0.78515625,3,4
3,468,0.07848310517147185,0.12326180934906006,0.5546875,3,6
3,469,0.0794787530321628,0.12293994426727295,0.55859375,3,5
3,470,0.061838970403186984,0.15005475282669067,0.46484375,1,3
3,471,0.07173427520319821,0.11622768640518188,0.546875,1,2
3,472,0.07928160252049567,0.12451589107513428,0.5546875,1,3
3,473,0.053606825764290995,0.06844562292098999,0.61328125,2,6
3,474,0.05885810405015946,0.0660862922668457,0.65625,1,3
3,475,0.08429364277981223,0.10762679576873779,0.61328125,2,5
3,476,0.031018376350402832,0.031018376350402832,0.734375,2,2
3,477,0.026423752307891846,0.026423752307891846,0.75,1,1
3,478,0.07089206320233644,0.11307394504547119,0.55078125,1,4
3,479,0.07244570367038251,0.07959699630737305,0.6640625,2,5
3,480,0.07458812696859242,0.10578703880310059,0.58203125,1,1
3,481,0.03690117597579956,0.03690117597579956,0.765625,2,5
3,482,0.07674515957478435,0.09333378076553345,0.62890625,2,4
3,483,0.06393329263664783,0.0906754732131958,0.58203125,1,2
3,484,0.026219069957733154,0.026219069957733154,0.75390625,1,0
3,485,0.043842358514666564,0.17135334014892578,0.40234375,1,4
3,486,0.0678341395687312,0.09620797634124756,0.58203125,2,3
3,487,0.07938699354417623,0.12468141317367554,0.5546875,2,4
3,488,0.08954752888530494,0.10890340805053711,0.62890625,1,3
3,489,0.06074819527566434,0.10164403915405273,0.5390625,1,2
3,490,0.07097113667987288,0.11320006847381592,0.55078125,2,4
3,491,0.04590284824371338,0.04590284824371338,0.7265625,1,1
3,492,0.07058341149240734,0.09125936031341553,0.609375,1,3
3,493,0.047405790421180434,0.10071271657943726,0.48828125,3,4
3,494,0.06241959496401252,0.10444062948226929,0.5390625,1,3
3,495,0.06443722872063519,0.10608315467834473,0.54296875,2,4
3,496,0.07379222125746311,0.11769974231719971,0.55078125,1,2
3,497,0.06522777536883952,0.09251141548156738,0.58203125,1,3
3,498,0.05608919262886048,0.057898521423339844,0.6875,1,2
3,499,0.06177993386518211,0.0671578049659729,0.66796875,2,3
3,500,0.03806412220001221,0.03806412220001221,0.703125,1,2
3,501,0.05751057690940798,0.15830868482589722,0.4453125,2,4
3,502,0.0769639126956463,0.12470102310180664,0.546875,1,3
3,503,0.058298134244978435,0.0763392448425293,0.60546875,2,4
3,504,0.07916042371653022,0.12432557344436646,0.5546875,1,3
3,505,0.055015985039062805,0.07024484872817993,0.61328125,1,2
3,506,0.08797509712167086,0.13209164142608643,0.56640625,1,1
3,507,0.03867363929748535,0.03867363929748535,0.7109375,1,3
3,508,0.039061546325683594,0.039061546325683594,0.703125,1,1
3,509,0.03943795897066594,0.04071015119552612,0.6875,1,2
3,510,0.013923108577728271,0.013923108577728271,0.8515625,1,3
3,511,0.058316151611506946,0.06272661685943604,0.671875,1,2
3,512,0.05985147366300226,0.08986496925354004,0.56640625,1,4
3,513,0.05201661901082844,0.053158700466156006,0.69140625,1,3
3,514,0.07066218648105861,0.10162651538848877,0.578125,3,4
3,515,0.07419524714350702,0.09841442108154297,0.6015625,2,4
3,430,0.09664133470505477,0.15658342838287354,0.546875,1,2
3,429,0.08776449412107469,0.13373637199401855,0.5625,1,3
3,516,0.055805148556828506,0.07037496566772461,0.6171875,1,3
3,517,0.07895328500308098,0.12400025129318237,0.5546875,2,4
3,518,0.07810777961276473,0.12458312511444092,0.55078125,2,3
3,519,0.050129795214161284,0.05754810571670532,0.6484375,1,3
3,520,0.059883770067244775,0.06874549388885498,0.6484375,1,3
3,521,0.08224422310013325,0.14985424280166626,0.51953125,1,3
3,522,0.08577418397180737,0.12511789798736572,0.57421875,1,3
3,523,0.08008173108100893,0.12202930450439453,0.5625,1,4
3,524,0.08255082787945868,0.13375324010849,0.546875,2,2
3,525,0.08515124616678806,0.12420922517776489,0.57421875,1,3
3,526,0.08236446278169753,0.1714252233505249,0.4921875,1,2
3,527,0.09395325416699053,0.15222805738449097,0.546875,1,3
3,528,0.05347916553728283,0.12389743328094482,0.47265625,1,3
3,529,0.08328110212460162,0.1232367753982544,0.5703125,1,3
3,530,0.07201450830325486,0.10812735557556152,0.56640625,1,2
3,531,0.09116126457229258,0.12250542640686035,0.59765625,1,4
3,532,0.059136177878826864,0.06567835807800293,0.66015625,1,3
3,533,0.0,0.18356537818908691,0.2109375,1,3
3,534,0.0720168217085302,0.10074484348297119,0.5859375,1,3
3,535,0.10029560327529909,0.113861083984375,0.65234375,1,2
3,536,0.08057826710864903,0.12464070320129395,0.55859375,1,2
3,537,0.06891437072772534,0.159656822681427,0.47265625,1,3
3,538,0.060601111501455314,0.07116460800170898,0.640625,1,1
3,539,0.060553143266588456,0.13136953115463257,0.484375,1,3
3,540,0.047293240204453475,0.053101181983947754,0.65625,2,3
3,541,0.03854857909027488,0.06782430410385132,0.52734375,1,1
3,542,0.06579456198960544,0.11008763313293457,0.5390625,1,3
3,543,0.054964680923149,0.07017934322357178,0.61328125,1,2
3,544,0.08062481554225089,0.12471270561218262,0.55859375,1,4
3,545,0.04583178088068963,0.0564083456993103,0.625,1,2
3,546,0.0794076011516154,0.12471377849578857,0.5546875,1,2
3,547,0.07713133143261076,0.12497228384017944,0.546875,2,4
3,548,0.026245296001434326,0.026245296001434326,0.75390625,1,3
3,549,0.07572452537715436,0.10311424732208252,0.59375,1,3
3,550,0.08062681928277017,0.12471580505371094,0.55859375,1,1
3,551,0.07215234555769713,0.11160725355148315,0.55859375,1,2
3,552,0.07621472072787584,0.09611314535140991,0.6171875,1,3
3,553,0.08590009901672603,0.16850900650024414,0.50390625,2,3
3,554,0.07290025195106865,0.09546017646789551,0.60546875,1,3
3,555,0.08295112452469768,0.12454831600189209,0.56640625,1,3
3,556,0.08023431734181942,0.12410867214202881,0.55859375,1,3
3,557,0.08639458275865765,0.10263115167617798,0.63671875,1,4
3,558,0.07872642390429975,0.11820507049560547,0.56640625,1,3
3,559,0.03193032741546631,0.03193032741546631,0.78515625,1,1
3,560,0.080619536456652,0.12470453977584839,0.55859375,2,3
3,561,0.07083521876484157,0.09645646810531616,0.59375,1,3
3,562,0.0806263954145834,0.12471514940261841,0.55859375,1,1
3,563,0.08864520338829608,0.15596681833267212,0.52734375,2,3
3,564,0.09033230552449824,0.13367092609405518,0.5703125,1,2
3,565,0.05854737991467119,0.06797337532043457,0.64453125,1,3
3,566,0.05113285663537682,0.1733776330947876,0.41796875,1,1
3,567,0.07788498885929586,0.16897082328796387,0.484375,1,3
3,568,0.08936619688756765,0.13224130868911743,0.5703125,1,2
3,569,0.08062678074929865,0.12471574544906616,0.55859375,1,2
3,570,0.0753997564315796,0.11489486694335938,0.5625,2,2
3,571,0.09519382379949094,0.14086484909057617,0.5703125,1,1
3,572,0.061244000680744655,0.07191956043243408,0.640625,2,4
3,573,0.08443680731579663,0.1249469518661499,0.5703125,1,2
3,574,0.09101128159090878,0.1407787799835205,0.55859375,2,3
3,575,0.06222900783177466,0.085879385471344,0.58984375,1,2
3,576,0.0834993375465274,0.12355971336364746,0.5703125,1,2
3,577,0.045650259358808405,0.11346083879470825,0.4609375,1,2
3,578,0.03352428344078363,0.1699448823928833,0.37890625,3,3
3,579,0.0557745210826397,0.07033634185791016,0.6171875,2,4
3,580,0.07940889149904252,0.12471580505371094,0.5546875,1,2
3,581,0.0851653814315796,0.17033076286315918,0.5,1,2
3,582,0.06239718198776246,0.0767965316772461,0.625,1,2
3,583,0.05565711576491595,0.07018828392028809,0.6171875,1,2
3,584,0.07932558818720283,0.12458497285842896,0.5546875,1,2
3,585,0.07849949877709152,0.11616110801696777,0.5703125,1,2
3,586,0.07940889149904252,0.12471580505371094,0.5546875,1,2
3,587,0.07940889149904252,0.12471580505371094,0.5546875,1,3
3,588,0.07937853038311006,0.12466812133789062,0.5546875,1,2
4,571,0.09313458274118604,0.1462727189064026,0.5546875,1,1
4,527,0.07612575218081476,0.15844058990478516,0.4921875,1,3
4,589,0.08195456326939167,0.16076910495758057,0.50390625,3,3
4,590,0.0508171629626304,0.11773025989532471,0.47265625,1,4
4,591,0.05827229795977474,0.15620636940002441,0.44921875,2,4
4,592,0.07625209644902499,0.12553399801254272,0.54296875,1,3
4,593,0.08661128522362561,0.13004392385482788,0.56640625,2,4
4,594,0.08068076509516688,0.17140477895736694,0.48828125,1,1
4,595,0.08989475760608913,0.11198568344116211,0.62109375,2,5
4,596,0.08735922817140819,0.13116693496704102,0.56640625,2,2
4,597,0.09142893960233779,0.15051966905593872,0.54296875,2,2
4,598,0.0800248538143933,0.12015461921691895,0.56640625,1,2
4,599,0.0866153343813494,0.13005000352859497,0.56640625,1,3
4,600,0.06196002685464919,0.16609179973602295,0.44921875,2,3
4,601,0.045282697537913925,0.1355832815170288,0.43359375,1,4
4,602,0.09055238601285966,0.1359613537788391,0.56640625,1,2
4,603,0.06724156066775323,0.07549929618835449,0.65625,2,3
4,604,0.09061682131141426,0.12339311838150024,0.59375,1,4
4,605,0.1039806817425415,0.12953311204910278,0.62109375,1,2
4,606,0.08641950599849225,0.12975597381591797,0.56640625,1,0
4,607,0.05533327767625452,0.15231525897979736,0.4453125,2,4
4,608,0.07953748793806882,0.07969313859939575,0.69921875,1,1
4,609,0.046020848676562316,0.17986774444580078,0.40234375,2,3
4,610,0.06404404772911222,0.1554054617881775,0.46484375,1,2
4,611,0.07965015945956112,0.17654061317443848,0.48046875,1,2
4,612,0.020342469215393066,0.020342469215393066,0.8046875,1,2
4,613,0.07785816723480822,0.14709734916687012,0.51171875,1,2
4,614,0.0,0.19549405574798584,0.15234375,2,2
4,615,0.06999615021049978,0.1659168004989624,0.46875,1,3
4,616,0.05803402047604324,0.10765731334686279,0.515625,2,3
4,617,0.07899031369015576,0.16440260410308838,0.4921875,1,0
4,618,0.0864334001671523,0.12977683544158936,0.56640625,1,2
4,619,0.029195427894592285,0.029195427894592285,0.78125,2,1
4,620,0.0846647049766034,0.12349951267242432,0.57421875,1,1
4,621,0.09298278624191882,0.14830899238586426,0.55078125,1,1
4,622,0.06256906525231899,0.07520037889480591,0.6328125,1,4
4,623,0.0906236842274666,0.1380932331085205,0.5625,1,0
4,624,0.09477619081735612,0.14442086219787598,0.5625,1,1
4,625,0.07235932874027641,0.17558282613754272,0.46484375,3,4
4,626,0.066615202347748,0.07562524080276489,0.65234375,1,2
4,627,0.03286802826914937,0.1114465594291687,0.41796875,1,3
4,628,0.08694591047242285,0.12865984439849854,0.5703125,1,2
4,629,0.0866153343813494,0.13005000352859497,0.56640625,2,4
4,630,0.0841718725860119,0.10359615087509155,0.625,2,3
4,631,0.08527414174750449,0.12618601322174072,0.5703125,1,2
4,632,0.06197147374041379,0.0680888295173645,0.6640625,1,4
4,633,0.0866153343813494,0.13005000352859497,0.56640625,1,2
4,634,0.09476767387241126,0.10879158973693848,0.6484375,1,3
4,635,0.06580347567796709,0.06792616844177246,0.6875,1,1
4,636,0.0798722142353654,0.09950017929077148,0.62109375,1,2
4,637,0.06731603946536781,0.07558292150497437,0.65625,1,2
4,638,0.08661632682196797,0.13005149364471436,0.56640625,1,0
4,639,0.06378566706553103,0.17558205127716064,0.4453125,1,2
4,640,0.0669465120881796,0.07516801357269287,0.65625,1,1
4,641,0.08640030026435853,0.13165760040283203,0.5625,1,0
4,642,0.0866153343813494,0.13005000352859497,0.56640625,1,0
4,643,0.02460002899169922,0.02460002899169922,0.7890625,2,2
4,644,0.06476805917918683,0.10494065284729004,0.546875,1,4
4,645,0.06750663556158544,0.12085103988647461,0.5234375,1,3
4,646,0.07256111036986114,0.07723760604858398,0.67578125,3,4
4,647,0.05996879935264588,0.1744546890258789,0.4375,2,3
4,648,0.08343103528022768,0.16686207056045532,0.5,1,2
4,649,0.09841407043859364,0.11556881666183472,0.640625,2,3
4,650,0.0,0.19406497478485107,0.20703125,2,2
4,651,0.08660735515877606,0.13003802299499512,0.56640625,1,0
4,652,0.0909332479350269,0.154677152633667,0.53515625,1,0
4,653,0.0866153343813494,0.13005000352859497,0.56640625,1,1
4,654,0.0866145007312298,0.1300487518310547,0.56640625,2,3
4,655,0.08653950691223146,0.10651016235351562,0.625,1,4
4,656,0.08150573447346689,0.17682600021362305,0.484375,1,1
4,657,0.0866153343813494,0.13005000352859497,0.56640625,1,1
4,658,0.07821745797991754,0.09626764059066772,0.625,1,4
4,659,0.056543545797467246,0.10883569717407227,0.5078125,1,1
4,660,0.09010573977138849,0.12779539823532104,0.58203125,2,2
4,661,0.08159041847102345,0.10964381694793701,0.59765625,2,4
4,662,0.08953542774543168,0.12877005338668823,0.578125,1,4
4,663,0.09054749342612924,0.13208067417144775,0.57421875,1,3
4,664,0.0866153343813494,0.13005000352859497,0.56640625,1,3
4,535,0.09227868914604188,0.11637115478515625,0.6171875,1,2
4,430,0.09212269680574538,0.16208529472351074,0.52734375,1,2
4,665,0.07176743028685452,0.10775637626647949,0.56640625,1,1
4,666,0.0866153343813494,0.13005000352859497,0.56640625,1,1
4,667,0.05520740908104927,0.07418948411941528,0.59765625,2,2
4,668,0.08998334035277368,0.12587833404541016,0.5859375,1,2
4,669,0.09280754439532758,0.12807941436767578,0.58984375,2,3
4,670,0.06638047646265478,0.17794138193130493,0.44921875,2,2
4,671,0.08416436333209278,0.12636995315551758,0.56640625,3,4
4,672,0.08894006698392333,0.13354051113128662,0.56640625,1,1
4,673,0.06961587711703034,0.07731741666793823,0.66015625,2,3
4,674,0.08685240917839111,0.11986100673675537,0.58984375,2,3
4,675,0.05223488807678223,0.05223488807678223,0.70703125,1,1
4,676,0.029212772846221924,0.029212772846221924,0.78125,1,4
4,677,0.08248562179505826,0.16181087493896484,0.50390625,2,2
4,678,0.08047672407701613,0.09672319889068604,0.6328125,1,1
4,679,0.06267648562788965,0.06602954864501953,0.6796875,1,2
4,680,0.0794580534566194,0.08730155229568481,0.6640625,1,2
4,681,0.08832115237601103,0.10491979122161865,0.63671875,1,3
4,682,0.0789439668878913,0.11853170394897461,0.56640625,1,1
4,683,0.0866124761523679,0.13004571199417114,0.56640625,1,2
4,684,0.0,0.1722722053527832,0.2265625,1,1
4,685,0.09399637579917909,0.11568784713745117,0.625,1,2
4,686,0.08405774098355324,0.16489487886428833,0.50390625,1,3
4,687,0.08274121512658895,0.1592612862586975,0.5078125,1,1
4,688,0.07274013338610531,0.15453505516052246,0.48828125,1,3
4,689,0.08794931927695872,0.12303292751312256,0.5859375,1,3
4,690,0.06561582640279086,0.07287484407424927,0.66015625,3,6
4,691,0.11092969682067634,0.13818979263305664,0.62109375,2,5
4,692,0.0926406562794,0.15758144855499268,0.53515625,2,4
4,693,0.06819994328543545,0.1199944019317627,0.52734375,1,1
4,694,0.0294417142868042,0.0294417142868042,0.78125,1,2
4,695,0.07213703799061479,0.1067461371421814,0.5703125,1,1
4,696,0.09204589482396842,0.1253390908241272,0.59375,1,2
4,697,0.10086979425977917,0.13920575380325317,0.58984375,1,1
4,698,0.06735829543322326,0.07563036680221558,0.65625,1,1
4,699,0.08678088453598322,0.12841564416885376,0.5703125,1,2
4,700,0.07827975181862713,0.09192484617233276,0.640625,1,2
4,701,0.0,0.18986588716506958,0.2734375,1,2
4,702,0.0865890148561448,0.1300104856491089,0.56640625,2,3
4,703,0.0663573950296268,0.07063406705856323,0.67578125,1,3
4,704,0.06385231227613987,0.06796753406524658,0.67578125,1,2
4,705,0.06735866703093053,0.075630784034729,0.65625,1,1
4,706,0.12011990812607111,0.13636672496795654,0.65234375,1,2
4,707,0.08181760087609292,0.10994911193847656,0.59765625,2,5
4,708,0.023702502250671387,0.023702502250671387,0.765625,2,4
4,709,0.08287966623902322,0.10324668884277344,0.62109375,1,2
4,710,0.08661410375498237,0.13004815578460693,0.56640625,2,4
4,711,0.06579748250078411,0.10177737474441528,0.55859375,1,2
4,712,0.05704301595687866,0.05704301595687866,0.73828125,1,2
4,713,0.0787420237902552,0.08210980892181396,0.68359375,1,3
4,714,0.09137611091136934,0.12782669067382812,0.5859375,1,3
4,715,0.0394129753112793,0.0394129753112793,0.78125,1,3
4,716,0.09546326030977072,0.0956500768661499,0.69921875,3,4
4,717,0.08277636207640172,0.09294188022613525,0.65625,1,2
4,718,0.08085234090685846,0.09717464447021484,0.6328125,1,2
4,719,0.04250325565226377,0.10563915967941284,0.4609375,2,5
4,720,0.07254166714847089,0.10147905349731445,0.5859375,1,2
4,721,0.05810124939307571,0.06902050971984863,0.63671875,1,3
4,722,0.05342578142881394,0.05628395080566406,0.6796875,2,3
4,723,0.0866153343813494,0.13005000352859497,0.56640625,1,1
4,724,0.07989082660060377,0.09952336549758911,0.62109375,1,1
4,725,0.057535775937139995,0.13034653663635254,0.4765625,1,2
4,726,0.0641960685607046,0.18159329891204834,0.44140625,1,2
4,727,0.06732028629630805,0.0755876898765564,0.65625,2,4
4,728,0.04621544387191535,0.18062829971313477,0.40234375,1,1
4,729,0.09214431745931508,0.12716412544250488,0.58984375,1,1
4,730,0.08591653709299864,0.12900078296661377,0.56640625,2,3
4,731,0.09241621871478857,0.11799776554107666,0.61328125,1,3
4,732,0.0910812057554722,0.11209994554519653,0.625,1,3
4,733,0.08658742695115508,0.13000810146331787,0.56640625,2,2
4,734,0.07912899751681836,0.1188095211982727,0.56640625,2,3
5,704,0.06526327133178711,0.06526327133178711,0.70703125,1,2
5,715,0.03842651844024658,0.03842651844024658,0.7890625,1,3
5,735,0.027382493019104004,0.027382493019104004,0.80078125,1,1
5,736,0.052749037742614746,0.052749037742614746,0.74609375,1,1
5,737,0.07136645354330541,0.07221269607543945,0.6953125,2,3
5,738,0.05154240131378174,0.05154240131378174,0.75,1,1
5,739,0.04654574394226074,0.04654574394226074,0.78125,1,3
5,740,0.02942526340484619,0.02942526340484619,0.796875,1,2
5,741,0.08273632568307222,0.08806860446929932,0.67578125,2,3
5,742,0.05348467826843262,0.05348467826843262,0.76953125,1,3
5,743,0.026415705680847168,0.026415705680847168,0.83984375,1,1
5,744,0.05677694082260132,0.05677694082260132,0.73828125,1,2
5,745,0.05058318655937911,0.05940043926239014,0.640625,1,2
5,746,0.050990521907806396,0.050990521907806396,0.78125,1,3
5,747,0.048501789569854736,0.048501789569854736,0.77734375,1,2
5,748,0.029227614402770996,0.029227614402770996,0.79296875,1,1
5,749,0.026582181453704834,0.026582181453704834,0.796875,1,2
5,750,0.044770240783691406,0.044770240783691406,0.73828125,1,3
5,691,0.11016959021799268,0.14066541194915771,0.61328125,2,5
5,716,0.09790682792663574,0.09790682792663574,0.7109375,3,4
5,751,0.09690264519304038,0.12853407859802246,0.6015625,1,2
5,752,0.06950947223231198,0.10285794734954834,0.5703125,2,3
5,753,0.0999092096462846,0.12917554378509521,0.609375,1,2
5,754,0.08970351435709746,0.11174744367599487,0.62109375,1,2
5,755,0.04746576631441713,0.0485079288482666,0.69140625,1,2
5,756,0.08807799196802081,0.1727813482284546,0.50390625,4,5
5,757,0.09974902076646687,0.1817491054534912,0.51953125,1,2
5,758,0.10079254070296885,0.13031762838363647,0.609375,2,3
5,759,0.05021423101425171,0.05021423101425171,0.71875,3,4
5,760,0.06399271893315019,0.07429540157318115,0.64453125,3,3
5,761,0.09370645880699159,0.11817169189453125,0.6171875,2,4
5,762,0.05802363157272339,0.05802363157272339,0.7265625,3,4
5,763,0.10188710130751134,0.11439955234527588,0.65625,1,2
5,764,0.04765860410407186,0.054711222648620605,0.6484375,1,2
5,765,0.0734138209372759,0.17814159393310547,0.46484375,2,3
5,766,0.05952858924865723,0.05952858924865723,0.703125,2,3
5,767,0.08257923170458527,0.11712068319320679,0.58203125,1,2
5,768,0.10126038501039149,0.12769782543182373,0.6171875,2,2
5,769,0.10925525031052531,0.11629664897918701,0.67578125,1,3
5,770,0.06251557567156853,0.1516965627670288,0.46484375,1,2
5,771,0.03630754945334048,0.16747266054153442,0.38671875,2,3
5,772,0.08926516491919757,0.11541354656219482,0.609375,2,4
5,773,0.10099710524082185,0.12581634521484375,0.62109375,2,3
5,774,0.10042157024145128,0.1298379898071289,0.609375,1,2
5,775,0.09161865711212158,0.09161865711212158,0.73828125,2,5
5,776,0.0965917855501175,0.12332916259765625,0.61328125,2,4
5,777,0.06732606887817383,0.06732606887817383,0.73828125,3,5
5,778,0.0865707052871585,0.1765904426574707,0.49609375,2,4
5,779,0.09995117830112578,0.11474215984344482,0.6484375,1,3
5,780,0.051080541685223586,0.12107980251312256,0.46875,1,2
5,781,0.0971359950490296,0.17389380931854248,0.5234375,1,2
5,782,0.0881277322769165,0.0881277322769165,0.71484375,1,2
5,783,0.10181448422372343,0.15990495681762695,0.5546875,3,6
5,784,0.08266002498567106,0.14297950267791748,0.53125,2,3
5,785,0.10914249543566258,0.14291805028915405,0.60546875,2,3
5,786,0.05962773598730565,0.12936186790466309,0.484375,2,3
5,787,0.08351492881774902,0.08351492881774902,0.703125,3,4
5,788,0.10407552053220571,0.15181386470794678,0.57421875,3,5
5,789,0.09861622424796225,0.10835087299346924,0.6640625,2,4
5,790,0.10576068365480752,0.14212459325790405,0.59765625,1,0
5,791,0.07205188274383545,0.07205188274383545,0.70703125,2,3
5,792,0.10160968173295261,0.11285066604614258,0.66015625,2,5
5,793,0.09753673360683025,0.12453567981719971,0.61328125,1,2
5,794,0.10296640568412842,0.1252228021621704,0.62890625,1,2
5,795,0.06584775913506748,0.06597661972045898,0.69921875,1,3
5,796,0.09391310636419804,0.11156266927719116,0.63671875,1,1
5,797,0.11699654581025244,0.14228558540344238,0.62890625,1,1
5,798,0.10191005375236274,0.10736203193664551,0.6796875,1,2
5,799,0.053947668522596366,0.05742454528808594,0.67578125,1,2
5,800,0.0972037184983492,0.12893342971801758,0.6015625,2,4
5,801,0.06338898278772832,0.18440431356430054,0.4375,2,3
5,802,0.06060197926126421,0.0631939172744751,0.68359375,1,2
5,803,0.10231620073318483,0.13932418823242188,0.59375,1,1
5,804,0.045723019866272814,0.10134279727935791,0.48046875,1,2
5,805,0.09481647983193399,0.14448225498199463,0.5625,2,3
5,806,0.1009386330842972,0.1305065155029297,0.609375,1,1
5,807,0.09978210995905103,0.11992591619491577,0.6328125,2,4
5,808,0.0648263692855835,0.0648263692855835,0.734375,2,4
5,809,0.028436878230422742,0.14415526390075684,0.37890625,1,2
5,706,0.12339122686535121,0.14165091514587402,0.6484375,1,2
5,605,0.1083727963268757,0.1333819031715393,0.625,1,2
5,810,0.1134578676428646,0.12465757131576538,0.6640625,3,5
5,811,0.04574674274772406,0.1722230315208435,0.40625,1,2
5,812,0.05851600854657591,0.17520582675933838,0.43359375,1,2
5,813,0.046934306621551514,0.046934306621551514,0.765625,2,3
5,814,0.08760154992341997,0.10781729221343994,0.625,1,0
5,815,0.10841056564822794,0.14379847049713135,0.6015625,1,0
5,816,0.07209347328171135,0.07294833660125732,0.6953125,1,1
5,817,0.09572262689471246,0.12534523010253906,0.60546875,1,1
5,818,0.09662871598266067,0.126531720161438,0.60546875,1,1
5,819,0.09769193816464396,0.1312815546989441,0.59765625,1,3
5,820,0.0828326480695978,0.11748009920120239,0.58203125,1,1
5,821,0.09819681104272605,0.1302506923675537,0.6015625,1,1
5,822,0.09735551010817291,0.14001691341400146,0.578125,1,1
5,823,0.10135237080976368,0.12181317806243896,0.6328125,1,2
5,824,0.0936733710113913,0.16769498586654663,0.5234375,1,0
5,825,0.020840321667492393,0.09198486804962158,0.390625,1,3
5,826,0.07828716072253884,0.08887588977813721,0.65234375,1,0
5,827,0.06228841817937792,0.06562072038650513,0.6796875,2,2
5,828,0.10997570317704232,0.11239033937454224,0.69140625,1,2
5,829,0.09070499357767405,0.11299502849578857,0.62109375,1,2
5,830,0.09276518388651313,0.11698466539382935,0.6171875,2,2
5,831,0.09215436212252827,0.1741071343421936,0.51171875,1,3
5,832,0.06214594841003418,0.06214594841003418,0.703125,1,1
5,833,0.10793612804263832,0.14316916465759277,0.6015625,1,0
5,834,0.09213798842392863,0.17407619953155518,0.51171875,1,2
5,835,0.08789817919023336,0.12821614742279053,0.57421875,1,2
5,836,0.1160458945669234,0.15003913640975952,0.609375,1,0
5,837,0.026869893074035645,0.026869893074035645,0.8125,1,1
5,838,0.09996016148943455,0.13089412450790405,0.60546875,1,3
5,839,0.10831852140836419,0.16028636693954468,0.5703125,1,0
5,840,0.058254207717254765,0.06613337993621826,0.65234375,1,2
5,841,0.09754116798285396,0.16058224439620972,0.54296875,1,1
5,842,0.11293670022860171,0.16242581605911255,0.578125,2,3
5,843,0.07191765308380127,0.07191765308380127,0.7109375,1,2
5,844,0.11042998591437937,0.13756728172302246,0.62109375,1,1
5,845,0.12198681756854059,0.13402843475341797,0.6640625,1,1
5,846,0.10032482072710992,0.1178126335144043,0.640625,2,3
5,847,0.06963637983426453,0.07046210765838623,0.6953125,1,0
5,848,0.11592500377446414,0.12601613998413086,0.66796875,1,1
5,849,0.10151218110695483,0.11920696496963501,0.640625,1,3
5,850,0.09310367424041034,0.12037646770477295,0.609375,1,0
5,851,0.10785158677026631,0.14493441581726074,0.59765625,1,1
5,852,0.10990405082702637,0.10990405082702637,0.734375,2,3
5,853,0.032486557960510254,0.032486557960510254,0.77734375,3,4
5,854,0.09824180603027344,0.09824180603027344,0.7421875,3,5
5,855,0.1066128294914961,0.1624576449394226,0.5625,1,1
5,856,0.0640486894408241,0.07978814840316772,0.62109375,1,1
5,857,0.1174361591693014,0.15577024221420288,0.6015625,2,1
5,858,0.050889670848846436,0.050889670848846436,0.765625,1,3
5,859,0.09007542673498393,0.11221075057983398,0.62109375,1,1
5,860,0.0875898872036487,0.10527235269546509,0.6328125,1,1
5,861,0.07887414772994818,0.08954226970672607,0.65234375,1,1
5,862,0.08591197198256852,0.09974360466003418,0.64453125,1,0
5,863,0.09462489676661791,0.13058745861053467,0.58984375,1,1
5,864,0.08544237725436689,0.14779222011566162,0.53125,1,1
5,865,0.11535674892365934,0.13703632354736328,0.63671875,1,1
5,866,0.08235541440080853,0.11365491151809692,0.58984375,1,1
5,867,0.10181926144286992,0.11956757307052612,0.640625,1,1
5,868,0.11575642973184587,0.14966487884521484,0.609375,1,0
5,869,0.11575642973184587,0.14966487884521484,0.609375,1,0
5,870,0.09430453903041781,0.15041720867156982,0.55078125,1,1
5,871,0.06313565745949747,0.11712121963500977,0.515625,2,3
5,872,0.10316666518338026,0.15958106517791748,0.55859375,2,3
5,873,0.10131481289863588,0.13099288940429688,0.609375,1,1
5,874,0.07407736778259277,0.07407736778259277,0.74609375,1,2
5,875,0.0,0.20523732900619507,0.15234375,2,3
5,876,0.0465626041404903,0.18198513984680176,0.40234375,2,2
5,877,0.10693812137469651,0.12852656841278076,0.6328125,1,3
5,878,0.03633566747885198,0.18419665098190308,0.37890625,1,1
6,854,0.08883339073508979,0.09866094589233398,0.66015625,3,5
6,782,0.08150483435019852,0.08955037593841553,0.6640625,1,2
6,879,0.039786696434020996,0.039786696434020996,0.7578125,3,6
6,880,0.059204041957855225,0.059204041957855225,0.7265625,2,3
6,881,0.06663709622807802,0.07736551761627197,0.64453125,3,3
6,882,0.06776665244251491,0.07693243026733398,0.65234375,1,2
6,883,0.05431786947883666,0.054424166679382324,0.69921875,1,1
6,884,0.09749426413327457,0.14021646976470947,0.578125,1,1
6,885,0.060917556285858154,0.060917556285858154,0.71875,1,1
6,886,0.07331374438945205,0.11340373754501343,0.55859375,2,3
6,887,0.06279119523242117,0.06754010915756226,0.671875,3,4
6,888,0.041460514068603516,0.041460514068603516,0.7265625,1,2
6,889,0.06686440249904992,0.07346475124359131,0.6640625,3,4
6,890,0.08254101173952223,0.09692889451980591,0.640625,1,1
6,891,0.06867443933151664,0.07973086833953857,0.64453125,2,3
6,892,0.051669955253601074,0.051669955253601074,0.70703125,2,3
6,893,0.056927651399746544,0.060596585273742676,0.67578125,3,4
6,894,0.06396855949424209,0.06809127330780029,0.67578125,3,4
6,895,0.07443357259035112,0.09161055088043213,0.625,3,5
6,896,0.051091790199279785,0.051091790199279785,0.734375,3,6
6,897,0.06049497588537634,0.06308233737945557,0.68359375,1,0
6,898,0.06976810283958913,0.17340421676635742,0.4609375,3,6
6,899,0.07005117647349836,0.07952594757080078,0.65234375,2,3
6,900,0.07569926558062436,0.08317172527313232,0.6640625,2,3
6,901,0.07007540110498668,0.08422207832336426,0.6328125,1,1
6,902,0.06398986349813642,0.10884654521942139,0.53515625,3,5
6,903,0.017364978790283203,0.017364978790283203,0.8359375,3,4
6,904,0.0800617514178157,0.10483789443969727,0.60546875,2,3
6,844,0.09193930192850532,0.13804376125335693,0.56640625,1,1
6,691,0.09325447864830495,0.14210206270217896,0.5625,2,5
6,905,0.03652507066726685,0.1126556396484375,0.4296875,2,3
6,906,0.07847923133522273,0.13131165504455566,0.5390625,2,5
6,907,0.07338071521371604,0.09861135482788086,0.59765625,1,2
6,908,0.08970095054246487,0.09449976682662964,0.6796875,1,2
6,909,0.07728837616741659,0.12522673606872559,0.546875,1,3
6,910,0.06681803287938239,0.11961829662322998,0.5234375,1,3
6,911,0.08159614424221219,0.12815099954605103,0.5546875,1,1
6,912,0.06455830670893194,0.0724865198135376,0.65625,1,2
6,913,0.03717857599258423,0.03717857599258423,0.71875,2,3
6,914,0.06284117698669435,0.12568235397338867,0.5,2,3
6,915,0.06657164450734855,0.17390143871307373,0.453125,1,1
6,916,0.06357144983485342,0.12967562675476074,0.49609375,1,2
6,917,0.09586087672505529,0.10646587610244751,0.66015625,1,1
6,918,0.07806258369237186,0.1306145191192627,0.5390625,2,4
6,919,0.08319775061681868,0.11481738090515137,0.58984375,1,2
6,920,0.06754019390791656,0.16009527444839478,0.46875,2,3
6,921,0.08357570855878295,0.11853396892547607,0.58203125,1,3
6,922,0.0973905745195225,0.14206260442733765,0.57421875,1,1
6,923,0.075424334499985,0.13502538204193115,0.5234375,1,1
6,924,0.06976297893561424,0.08008664846420288,0.6484375,1,1
6,925,0.07489437051117422,0.10335826873779297,0.58984375,1,0
6,926,0.07588759809732439,0.13585472106933594,0.5234375,1,3
6,927,0.0765126100741327,0.13014769554138184,0.53515625,1,3
6,928,0.07502746907994153,0.11102330684661865,0.5703125,1,1
6,929,0.08946827682666482,0.09936606884002686,0.66015625,1,2
6,930,0.019663214683532715,0.019663214683532715,0.80859375,1,3
6,931,0.08585068956017496,0.08862006664276123,0.6875,1,2
6,932,0.0784337054938078,0.13566911220550537,0.53125,2,4
6,933,0.07960014743730427,0.1331871747970581,0.5390625,1,1
6,934,0.0700681288726628,0.1276686191558838,0.51953125,1,2
6,935,0.08020317647606136,0.1299494504928589,0.546875,1,1
6,936,0.09190078405663372,0.12189948558807373,0.6015625,2,5
6,937,0.08386704046279193,0.09848606586456299,0.640625,2,5
6,938,0.08320798911154272,0.1133044958114624,0.59375,1,1
6,939,0.08062694838736208,0.11760967969894409,0.57421875,2,5
6,940,0.08754257822874935,0.12416011095046997,0.58203125,1,3
6,941,0.07515347888693215,0.11284041404724121,0.56640625,2,3
6,942,0.07533792778849603,0.16344499588012695,0.484375,1,2
6,943,0.0827541855396703,0.09830659627914429,0.63671875,1,2
6,944,0.06835933728143574,0.08951401710510254,0.60546875,2,3
6,945,0.0764504660619423,0.11151748895645142,0.57421875,1,0
6,946,0.08611488342285158,0.105987548828125,0.625,2,3
6,947,0.04984738770872355,0.0834047794342041,0.5390625,2,5
6,948,0.09510644199326636,0.13873076438903809,0.57421875,1,2
6,949,0.08412234089337291,0.13211852312088013,0.5546875,2,4
6,950,0.04001575708389282,0.04001575708389282,0.70703125,1,1
6,951,0.06172209524083883,0.06307727098464966,0.69140625,1,1
6,952,0.08437780523672701,0.1104896068572998,0.60546875,3,6
6,953,0.0900052902288735,0.10946011543273926,0.62890625,1,2
6,954,0.07342075021006168,0.16633373498916626,0.4765625,3,5
6,955,0.07565471541602166,0.13311070203781128,0.52734375,1,1
6,956,0.06716479011811317,0.17108643054962158,0.45703125,1,1
6,957,0.08168741804547609,0.08348095417022705,0.69140625,1,1
6,958,0.07659868709743024,0.11672180891036987,0.5625,1,3
6,959,0.06769084930419922,0.06769084930419922,0.73828125,2,4
6,706,0.09261122392490508,0.1390526294708252,0.56640625,1,2
6,845,0.10340337560046466,0.13202625513076782,0.61328125,1,1
6,960,0.07881641387939455,0.15763282775878906,0.5,1,1
6,961,0.07730792462825777,0.16771888732910156,0.484375,3,3
6,962,0.03652060031890869,0.03652060031890869,0.75,1,0
6,963,0.08659868501126768,0.10169386863708496,0.640625,1,1
6,964,0.09099473524838687,0.11618280410766602,0.61328125,1,1
6,965,0.06284466013312341,0.0648719072341919,0.6875,1,1
6,966,0.07730792462825777,0.16771888732910156,0.484375,1,0
6,967,0.0034057936863973784,0.15852421522140503,0.30859375,1,1
6,968,0.054581800941377885,0.17914026975631714,0.421875,1,0
6,969,0.07408355246298017,0.08504658937454224,0.6484375,2,2
6,970,0.06416612956672908,0.07366156578063965,0.6484375,1,1
6,971,0.09761663479730488,0.11732327938079834,0.6328125,1,2
6,972,0.0796242024516687,0.1400948166847229,0.52734375,1,0
6,973,0.09360786061733962,0.12746602296829224,0.59375,1,2
6,974,0.0919300769455731,0.1010047197341919,0.6640625,2,2
6,975,0.09145419998094441,0.10048186779022217,0.6640625,1,1
6,976,0.0744805606082082,0.10864400863647461,0.57421875,1,0
6,977,0.07678877562284471,0.16659259796142578,0.484375,1,0
6,978,0.07786442223004998,0.13244712352752686,0.53515625,2,2
6,979,0.07729619718156756,0.13148057460784912,0.53515625,2,0
6,980,0.07023612689226867,0.17456746101379395,0.4609375,2,2
6,981,0.07956107449717821,0.16902601718902588,0.48828125,1,0
6,982,0.09882914624176921,0.13825279474258423,0.5859375,1,2
6,983,0.035424147266894586,0.0583188533782959,0.54296875,1,1
6,984,0.0,0.16904926300048828,0.26171875,1,1
6,985,0.07653754635248335,0.13466399908065796,0.52734375,1,0
6,986,0.06036055088043213,0.06036055088043213,0.73046875,3,5
6,987,0.06976988445967437,0.08009457588195801,0.6484375,1,0
6,988,0.08090831805020572,0.14484286308288574,0.5234375,1,0
6,989,0.05545076332055033,0.05555927753448486,0.69921875,1,0
6,990,0.05760628636926413,0.13050627708435059,0.4765625,1,1
6,991,0.044852495193481445,0.044852495193481445,0.7421875,1,0
6,992,0.07073357328772546,0.1676647663116455,0.46875,1,1
6,993,0.06407152861356737,0.06891727447509766,0.671875,1,0
6,994,0.08206514758057894,0.1288875937461853,0.5546875,2,2
6,995,0.07800148380920292,0.1396390199661255,0.5234375,1,1
6,996,0.07763002114370467,0.11487448215484619,0.5703125,1,0
6,997,0.08022658154368402,0.14882612228393555,0.515625,1,1
6,998,0.09208047017455102,0.17081594467163086,0.515625,1,1
6,999,0.08114945970010014,0.14785951375961304,0.51953125,1,0
6,1000,0.08303810795769097,0.15404170751571655,0.515625,1,0
6,1001,0.07649987528566272,0.13459771871566772,0.52734375,2,1
6,1002,0.03240203857421875,0.03240203857421875,0.75390625,1,0
6,1003,0.034208059310913086,0.034208059310913086,0.70703125,1,1
6,1004,0.06901412270963193,0.17153024673461914,0.4609375,2,3
6,1005,0.08912992919795217,0.11977565288543701,0.59765625,1,1
6,1006,0.08002768899314107,0.12568765878677368,0.5546875,2,2
6,1007,0.07459711260162295,0.09894746541976929,0.6015625,2,2
6,1008,0.07865056884475054,0.14330637454986572,0.51953125,1,2
6,1009,0.07316388771869244,0.08897840976715088,0.62890625,1,0
6,1010,0.09121859166771175,0.1410994529724121,0.55859375,1,3
6,1011,0.05250644939951599,0.055890440940856934,0.67578125,2,2
6,1012,0.08124638709705324,0.15349870920181274,0.51171875,1,0
6,1013,0.08226581825874747,0.14474260807037354,0.52734375,2,4
6,1014,0.06258337083272637,0.06526005268096924,0.68359375,1,1
6,1015,0.05584901571273804,0.05584901571273804,0.71484375,2,2
6,1016,0.05771650618407877,0.09817558526992798,0.53515625,2,3
6,1017,0.06719321454875173,0.1318119764328003,0.50390625,1,1
6,1018,0.05683830589987338,0.18075287342071533,0.42578125,1,1
6,1019,0.0612420995021239,0.12492412328720093,0.49609375,1,2
6,1020,0.0835295137949288,0.15495330095291138,0.515625,2,1
6,1021,0.07411646330729128,0.09960007667541504,0.59765625,1,0
6,1022,0.08504618273582311,0.1446632742881775,0.53515625,1,1
7,854,0.08926444780081512,0.09913969039916992,0.66015625,3,5
7,940,0.08759503369219603,0.12253731489181519,0.5859375,1,3
7,1023,0.08854500227607788,0.11030423641204834,0.62109375,1,2
7,1024,0.09038824844174088,0.11260044574737549,0.62109375,1,0
7,1025,0.07808595267124475,0.089641273021698,0.6484375,2,3
7,1026,0.054413795471191406,0.054413795471191406,0.71484375,1,1
7,1027,0.09393358812667431,0.11993515491485596,0.61328125,3,3
7,1028,0.0922592537244782,0.12398093938827515,0.59765625,1,1
7,1029,0.08040190231986345,0.08740079402923584,0.66796875,1,2
7,1030,0.07005190104246141,0.0723116397857666,0.6875,1,1
7,1031,0.07979822158813478,0.15959644317626953,0.5,1,1
7,1032,0.08775266585871579,0.12445807456970215,0.58203125,2,3
7,1033,0.08031495660543443,0.09884917736053467,0.625,1,2
7,1034,0.0712725091725588,0.07357162237167358,0.6875,1,1
7,1035,0.05178326368331909,0.05178326368331909,0.7265625,1,1
7,1036,0.055732905864715576,0.055732905864715576,0.7265625,1,2
7,1037,0.08919974474702032,0.12651044130325317,0.58203125,1,3
7,1038,0.038961708545684814,0.038961708545684814,0.75,2,2
7,1039,0.06775919906795026,0.07288384437561035,0.671875,1,0
7,1040,0.018381476402282715,0.018381476402282715,0.82421875,3,5
7,1041,0.08170816604979338,0.09820324182510376,0.6328125,1,0
7,1042,0.08904610108584167,0.12125426530838013,0.59375,1,2
7,1043,0.051003185333684094,0.05110299587249756,0.69921875,2,1
7,1044,0.03025496006011963,0.03025496006011963,0.76953125,2,2
7,1045,0.08472886914387347,0.14907622337341309,0.52734375,1,3
7,1046,0.08028951613232495,0.13008934259414673,0.546875,3,5
7,1047,0.10091016290243716,0.14719659090042114,0.57421875,2,2
7,1048,0.09733974072150887,0.12911385297775269,0.6015625,2,4
7,1049,0.07414126396179199,0.07414126396179199,0.703125,1,1
7,1050,0.09870881540700795,0.1292555332183838,0.60546875,1,2
7,1051,0.09502022620290519,0.11982846260070801,0.6171875,1,3
7,1052,0.06570922443643214,0.06648838520050049,0.6953125,1,2
7,1053,0.0861301103141159,0.1023169755935669,0.63671875,3,4
7,1054,0.05006653070449829,0.05006653070449829,0.7265625,1,1
7,1055,0.08407968236133458,0.10225367546081543,0.62890625,1,0
7,1056,0.0443340539932251,0.0443340539932251,0.73828125,3,4
7,1057,0.028560280799865723,0.028560280799865723,0.7890625,1,0
7,1058,0.05786137143149973,0.06095683574676514,0.6796875,3,4
7,691,0.09604213584680112,0.14009565114974976,0.57421875,2,5
7,936,0.08934020122978838,0.12329429388046265,0.58984375,2,5
7,1059,0.059966455330140896,0.06008380651473999,0.69921875,1,1
7,1060,0.06839246232993902,0.07434594631195068,0.66796875,1,1
7,1061,0.09284906834363939,0.11159324645996094,0.6328125,1,2
7,1062,0.0866425216663629,0.11062586307525635,0.61328125,1,2
7,1063,0.06773549318313599,0.06773549318313599,0.7109375,2,3
7,1064,0.0639336109161377,0.0639336109161377,0.73828125,1,1
7,1065,0.08893681084737183,0.11951613426208496,0.59765625,1,2
7,1066,0.04904580116271973,0.04904580116271973,0.7421875,1,3
7,1067,0.0672618343960494,0.07311689853668213,0.66796875,3,4
7,1068,0.08266312256455423,0.10173922777175903,0.625,1,1
7,1069,0.09804629522841425,0.12838798761367798,0.60546875,2,5
7,1070,0.08003234863281251,0.160064697265625,0.5,2,4
7,1071,0.02855783700942993,0.02855783700942993,0.7890625,1,1
7,1072,0.03604435920715332,0.03604435920715332,0.734375,1,2
7,1073,0.03884646017104388,0.11981558799743652,0.4296875,2,4
7,1074,0.06136086909100415,0.09787154197692871,0.55078125,1,1
7,1075,0.06501892814412714,0.06920933723449707,0.67578125,2,2
7,1076,0.08951906953006984,0.11874032020568848,0.6015625,1,1
7,1077,0.050908132456243045,0.06666231155395508,0.60546875,2,4
7,1078,0.07101509836502375,0.07481426000595093,0.6796875,2,5
7,1079,0.08151063742116095,0.09796583652496338,0.6328125,2,4
7,1080,0.09391464991495015,0.12457072734832764,0.6015625,2,4
7,1081,0.05206528818234802,0.05216717720031738,0.69921875,1,2
7,1082,0.0711426939815283,0.1686345338821411,0.46875,3,6
7,1083,0.06023150682449341,0.06023150682449341,0.72265625,1,2
7,1084,0.08995018852874638,0.11931216716766357,0.6015625,2,4
7,1085,0.07407999760471286,0.09700500965118408,0.60546875,1,1
7,1086,0.09097005659714343,0.12725865840911865,0.5859375,1,1
7,1087,0.052176058292388916,0.052176058292388916,0.7265625,1,1
7,1088,0.08619384048506619,0.09174895286560059,0.67578125,2,5
7,1089,0.08271475322544576,0.09713292121887207,0.640625,1,1
7,1090,0.07276889286004008,0.09778916835784912,0.59765625,2,6
7,1091,0.08464749157428743,0.10418152809143066,0.625,1,1
7,1092,0.04718196392059326,0.04718196392059326,0.7578125,1,3
7,1093,0.09497783752158286,0.14260601997375488,0.56640625,2,5
7,1094,0.08626415755134077,0.11592453718185425,0.59765625,1,2
7,1095,0.024936318397521973,0.024936318397521973,0.796875,2,5
7,1096,0.08047573862131686,0.0955999493598938,0.63671875,1,2
7,1097,0.09616856160573663,0.12278878688812256,0.61328125,2,4
7,1098,0.05139791965484619,0.05139791965484619,0.71875,1,2
7,1099,0.044488370418548584,0.044488370418548584,0.7265625,1,1
7,1100,0.06152566801756621,0.06833219528198242,0.66015625,2,3
7,1101,0.05959618091583252,0.05959618091583252,0.72265625,1,2
7,845,0.10295076528564097,0.134810209274292,0.60546875,1,1
7,982,0.08813919941894711,0.14058339595794678,0.55078125,1,2
7,1102,0.065235577756539,0.07840520143508911,0.6328125,2,3
7,1103,0.04704207181930542,0.04704207181930542,0.75,1,2
7,1104,0.08184346277266742,0.10449838638305664,0.61328125,1,1
7,1105,0.05468034744262695,0.05468034744262695,0.71875,1,1
7,1106,0.08899427647702397,0.1489054560661316,0.5390625,1,1
7,1107,0.09503307100385429,0.1228710412979126,0.609375,1,0
7,1108,0.07660600729286672,0.09543132781982422,0.62109375,1,1
7,1109,0.08351010945625605,0.105313241481781,0.6171875,1,1
7,1110,0.0807194644585252,0.08682429790496826,0.671875,1,1
7,1111,0.06344824680127205,0.06753742694854736,0.67578125,2,3
7,1112,0.052733540534973145,0.052733540534973145,0.71484375,1,1
7,1113,0.08325421856716277,0.15444260835647583,0.515625,1,3
7,1114,0.09075524215586485,0.1078113317489624,0.63671875,1,1
7,1115,0.08501865272410215,0.11277085542678833,0.6015625,1,1
7,1116,0.09781834855675699,0.13319945335388184,0.59375,1,1
7,1117,0.09301717928610743,0.13568317890167236,0.57421875,1,2
7,1118,0.04180377721786499,0.04180377721786499,0.73828125,1,1
7,1119,0.08778433001134546,0.11208373308181763,0.61328125,1,2
7,1120,0.051954023540019996,0.11271381378173828,0.484375,1,2
7,1121,0.09802832873538138,0.13713252544403076,0.5859375,2,1
7,1122,0.07633469521533699,0.1497446894645691,0.50390625,1,2
7,1123,0.0614856481552124,0.0614856481552124,0.71484375,1,1
7,1124,0.09289163746871056,0.13745814561843872,0.5703125,2,3
7,1125,0.06461127405054869,0.07023561000823975,0.66796875,1,1
7,1126,0.08848004788160325,0.10889852046966553,0.625,1,1
7,1127,0.0955389109440148,0.17103469371795654,0.5234375,1,1
7,1128,0.05125236511230469,0.05125236511230469,0.7109375,1,1
7,1129,0.09314483148045839,0.13586938381195068,0.57421875,1,1
7,1130,0.08638745709322394,0.10382717847824097,0.6328125,2,1
7,1131,0.08896028995513917,0.15387725830078125,0.53125,1,1
7,1132,0.09854003321379425,0.12903451919555664,0.60546875,2,1
7,1133,0.053792715072631836,0.053792715072631836,0.72265625,1,2
7,1134,0.09331992419902237,0.13612478971481323,0.57421875,1,1
7,1135,0.06885583605617286,0.07406342029571533,0.671875,1,2
7,1136,0.0941190446028486,0.14558595418930054,0.55859375,1,2
7,1137,0.08770013635512443,0.10418206453323364,0.63671875,1,1
7,1138,0.06840156437829138,0.0743558406829834,0.66796875,1,0
7,1139,0.08987748064100744,0.10676860809326172,0.63671875,1,1
7,1140,0.0791202890686691,0.09291189908981323,0.640625,1,0
7,1141,0.06452164752408864,0.06464791297912598,0.69921875,2,2
7,1142,0.08673176495358349,0.13621675968170166,0.5546875,1,2
7,1143,0.062477056169882424,0.06650364398956299,0.67578125,1,0
7,1144,0.09729301452171059,0.13798898458480835,0.58203125,2,3
7,1145,0.09964129747822882,0.16144412755966187,0.546875,1,1
7,1146,0.09400305896997453,0.11569607257843018,0.625,2,4
7,1147,0.05498389899730683,0.18045997619628906,0.421875,1,0
7,1148,0.09709027246572079,0.12713611125946045,0.60546875,1,1
7,1149,0.0819630997721106,0.09967958927154541,0.62890625,2,2
7,1150,0.08480588905513288,0.10192632675170898,0.6328125,1,0
7,1151,0.03809345699846745,0.18399858474731445,0.3828125,2,4
7,1152,0.05809310520999134,0.0698208212852478,0.6328125,1,2
7,1153,0.05840359954163433,0.06704628467559814,0.6484375,1,1
7,1154,0.07405002275481821,0.1715548038482666,0.47265625,2,4
7,1155,0.09414000576362015,0.13539236783981323,0.578125,1,1
7,1156,0.07621617370750756,0.17657321691513062,0.47265625,1,2
7,1157,0.08321851864457132,0.10001850128173828,0.6328125,1,1
7,1158,0.05010836338624359,0.17572247982025146,0.4140625,1,2
7,1159,0.07662523188628258,0.08896172046661377,0.64453125,1,1
7,1160,0.09375922009348871,0.11539596319198608,0.625,2,3
7,1161,0.07853324082680048,0.08536946773529053,0.66796875,2,2
7,1162,0.035648882389068604,0.035648882389068604,0.75390625,1,1
7,1163,0.09508914744947107,0.12451571226119995,0.60546875,1,2
7,1164,0.08558964135590942,0.11207646131515503,0.60546875,1,1
7,1165,0.08439217554405333,0.10263371467590332,0.62890625,2,1
7,1166,0.08464836655184628,0.11084389686584473,0.60546875,1,1
8,1050,0.08386728842742742,0.13376963138580322,0.55078125,1,2
8,1069,0.08338208519853653,0.13299572467803955,0.55078125,2,5
8,1167,0.08261730882804842,0.1755189299583435,0.48828125,2,3
8,1168,0.08362883480731399,0.13338929414749146,0.55078125,1,0
8,1169,0.0788109600543976,0.11334609985351562,0.578125,2,1
8,1170,0.04106119403149933,0.04370754957199097,0.67578125,1,2
8,1171,0.07788313878700139,0.11524903774261475,0.5703125,1,0
8,1172,0.07920267386361958,0.1283283829689026,0.546875,1,2
8,1173,0.08942679618485273,0.10266035795211792,0.6484375,2,4
8,1174,0.08196101803332569,0.13279759883880615,0.546875,2,4
8,1175,0.06293218978680672,0.06698811054229736,0.67578125,2,3
8,1176,0.059086803812533624,0.06562352180480957,0.66015625,1,0
8,1177,0.06422072183340789,0.10572671890258789,0.54296875,2,5
8,1178,0.07279761228710414,0.09912866353988647,0.59375,2,1
8,1179,0.08895739819854499,0.131636381149292,0.5703125,2,4
8,1180,0.08201216335874052,0.1308106780052185,0.55078125,1,2
8,1181,0.07842942350544037,0.13340818881988525,0.53515625,3,5
8,1182,0.07877293997444214,0.12371701002120972,0.5546875,1,0
8,1183,0.09264838893432172,0.12785977125167847,0.58984375,2,5
8,1184,0.06613383837975563,0.07189071178436279,0.66796875,2,5
8,1185,0.08975215977989139,0.13092052936553955,0.57421875,2,3
8,1186,0.06414031982421875,0.06414031982421875,0.703125,2,4
8,1187,0.08922602352686228,0.13015305995941162,0.57421875,2,3
8,1188,0.07001905445940794,0.08940088748931885,0.61328125,2,5
8,1189,0.09004657063633205,0.12596678733825684,0.5859375,1,2
8,1190,0.06433033570647241,0.07554388046264648,0.640625,1,2
8,1191,0.07983296946622433,0.08678233623504639,0.66796875,2,2
8,1192,0.08121352992020549,0.12562334537506104,0.55859375,2,3
8,1193,0.058600511401891715,0.0721237063407898,0.625,1,1
8,1194,0.08686084672808649,0.13235938549041748,0.5625,1,1
8,1195,0.0908405282534659,0.12707746028900146,0.5859375,2,4
8,1196,0.0655970844672993,0.06982475519180298,0.67578125,2,3
8,1197,0.0,0.17340505123138428,0.1875,3,5
8,1198,0.0941438765730709,0.1812092661857605,0.5078125,3,4
8,1199,0.045687317848205566,0.045687317848205566,0.73828125,2,3
8,1200,0.04929372901096941,0.04987823963165283,0.6953125,1,2
8,1201,0.08512345794588329,0.12781000137329102,0.56640625,1,2
8,1202,0.0794127427507192,0.09219801425933838,0.64453125,2,3
8,1203,0.07688788790255786,0.1426326036453247,0.515625,2,5
8,1204,0.07471783924847843,0.09540033340454102,0.61328125,3,6
8,1205,0.08381549455225469,0.13368701934814453,0.55078125,2,2
8,1206,0.08729925379157068,0.12047767639160156,0.58984375,2,5
8,1207,0.08412905829027297,0.13212907314300537,0.5546875,2,2
8,1208,0.0871868144022301,0.11716443300247192,0.59765625,2,4
8,1209,0.08386463520582767,0.13376539945602417,0.55078125,1,2
8,1210,0.054642112925648696,0.058774709701538086,0.671875,1,1
8,1211,0.0,0.1997683048248291,0.25,2,2
8,1212,0.05430026818066836,0.14555883407592773,0.44921875,2,4
8,1213,0.08525891602039339,0.12616348266601562,0.5703125,2,3
8,1214,0.0869276560842991,0.13246119022369385,0.5625,2,3
8,1215,0.09632811462506653,0.11058294773101807,0.6484375,1,3
8,1216,0.08485795278102161,0.13327383995056152,0.5546875,1,2
8,1217,0.08531946875154973,0.12270665168762207,0.578125,2,3
8,1218,0.0838671763194725,0.1337694525718689,0.55078125,2,4
8,1219,0.06632417533546688,0.07788527011871338,0.640625,1,1
8,1220,0.06755184335634114,0.09449875354766846,0.5859375,2,5
8,1047,0.09404172748327257,0.15237140655517578,0.546875,2,2
8,1132,0.08372606977354737,0.13354438543319702,0.55078125,2,1
8,1221,0.08376463491003962,0.13360589742660522,0.55078125,1,0
8,1222,0.02948451042175293,0.02948451042175293,0.78125,2,2
8,1223,0.08372300548944624,0.13353949785232544,0.55078125,2,2
8,1224,0.10167375556193294,0.1442021131515503,0.58203125,3,6
8,1225,0.09665744251105936,0.16441398859024048,0.53515625,2,3
8,1226,0.07893528579734267,0.12590301036834717,0.55078125,1,0
8,1227,0.07519530830904843,0.09600996971130371,0.61328125,1,1
8,1228,0.0882811371702701,0.12183272838592529,0.58984375,1,1
8,1229,0.06930583715438844,0.08529949188232422,0.625,1,0
8,1230,0.0575267979875207,0.06389093399047852,0.66015625,2,2
8,1231,0.02626699209213257,0.02626699209213257,0.78515625,1,0
8,1232,0.07334954198449851,0.11345911026000977,0.55859375,2,3
8,1233,0.06845450401306152,0.06845450401306152,0.7109375,3,4
8,1234,0.06465940922498704,0.07506942749023438,0.64453125,2,1
8,1235,0.03925659693777562,0.11420100927352905,0.4375,2,3
8,1236,0.04841955204028637,0.04851430654525757,0.69921875,2,2
8,1237,0.0779223181307316,0.11873877048492432,0.5625,2,0
8,1238,0.08380611485335977,0.1336720585823059,0.55078125,2,1
8,1239,0.03434103727340698,0.03434103727340698,0.7578125,1,0
8,1240,0.08517089660745115,0.1278812289237976,0.56640625,1,1
8,1241,0.06632417533546688,0.07788527011871338,0.640625,2,2
8,1242,0.08387154852971436,0.13377642631530762,0.55078125,2,1
8,1243,0.08529801527038218,0.12097668647766113,0.58203125,2,3
8,1244,0.07952486153226347,0.1268433928489685,0.55078125,2,1
8,1245,0.0,0.2050875425338745,0.15234375,2,1
8,1246,0.04878842830657959,0.04878842830657959,0.71875,1,0
8,1247,0.08088319888338448,0.12900996208190918,0.55078125,1,0
8,1248,0.023945705150254074,0.1726788878440857,0.35546875,2,3
8,1249,0.07349672494456173,0.09624123573303223,0.60546875,2,3
8,1250,0.08206793176941575,0.1232222318649292,0.56640625,2,3
8,1251,0.027758359909057617,0.027758359909057617,0.7890625,3,2
8,1252,0.08764626015909018,0.14429223537445068,0.54296875,2,1
8,1253,0.09972712723538281,0.16418099403381348,0.54296875,3,3
8,1254,0.08386818529106678,0.13377106189727783,0.55078125,3,4
8,1255,0.08378991531208159,0.12398970127105713,0.5703125,2,3
8,1256,0.0013592243194580078,0.0013592243194580078,0.96484375,3,3
8,1257,0.053453963249921806,0.055178284645080566,0.6875,2,1
8,1258,0.08616611605975778,0.12937551736831665,0.56640625,3,3
8,1259,0.08290501218289138,0.10856103897094727,0.60546875,1,1
8,1260,0.08977555483579637,0.11321449279785156,0.6171875,3,4
8,1261,0.07032799429725857,0.08761054277420044,0.62109375,2,2
8,845,0.09836046677082778,0.13393765687942505,0.59375,1,1
8,1145,0.09602337237447502,0.16609448194503784,0.53125,1,1
8,1262,0.07418035529553892,0.10668635368347168,0.578125,1,1
8,1263,0.07852288242429496,0.12722694873809814,0.546875,1,1
8,1264,0.07071079663001002,0.08599507808685303,0.62890625,2,2
8,1265,0.08387154852971436,0.13377642631530762,0.55078125,1,1
8,1266,0.04087316780351103,0.06952512264251709,0.53515625,1,1
8,1267,0.04560446739196777,0.04560446739196777,0.72265625,2,2
8,1268,0.09857578203082086,0.1342308521270752,0.59375,1,2
8,1269,0.07867463480215521,0.12548726797103882,0.55078125,2,1
8,1270,0.07104532350786032,0.09071123600006104,0.61328125,1,1
8,1271,0.09006674203556032,0.17668265104293823,0.50390625,1,1
8,1272,0.09612145903520287,0.12586748600006104,0.60546875,1,2
8,1273,0.08244860474951567,0.12753379344940186,0.55859375,2,2
8,1274,0.052025675773620605,0.052025675773620605,0.703125,2,3
8,1275,0.03437197208404541,0.03437197208404541,0.7421875,2,2
8,1276,0.042490950785577304,0.15996593236923218,0.40625,2,3
8,1277,0.0957078840583563,0.145840585231781,0.5625,1,2
8,1278,0.07951464992947878,0.11598718166351318,0.57421875,3,3
8,1279,0.07893616892397405,0.12397336959838867,0.5546875,1,0
8,1280,0.02079254388809204,0.02079254388809204,0.80859375,1,1
8,1281,0.06632417533546688,0.07788527011871338,0.640625,2,4
8,1282,0.09549423225689681,0.12192779779434204,0.61328125,1,2
8,1283,0.09288158069830389,0.14367181062698364,0.55859375,1,1
8,1284,0.10037770052440466,0.14853578805923462,0.5703125,1,1
8,1285,0.08422582922503354,0.1752992868423462,0.4921875,1,1
8,1286,0.07321315328590573,0.10103809833526611,0.58984375,2,0
8,1287,0.055106770247221,0.05688440799713135,0.6875,1,1
8,1288,0.05158718116581441,0.05219888687133789,0.6953125,1,1
8,1289,0.06295250798575582,0.06843245029449463,0.66796875,2,3
8,1290,0.07050093216821553,0.0857398509979248,0.62890625,1,1
8,1291,0.09697812609374525,0.1677459478378296,0.53125,1,1
8,1292,0.096187915885821,0.1259545087814331,0.60546875,1,2
8,1293,0.08840346289798619,0.11148416996002197,0.6171875,1,2
8,1294,0.07653250126168133,0.11006921529769897,0.578125,1,0
8,1295,0.09421757003292443,0.15511059761047363,0.54296875,1,1
8,1296,0.0961144412867725,0.1608189344406128,0.5390625,1,1
8,1297,0.07954589603468777,0.1249309778213501,0.5546875,1,1
8,1298,0.09738867834676058,0.16565781831741333,0.53515625,2,3
8,1299,0.07822059676982464,0.11744558811187744,0.56640625,1,0
8,1300,0.0686165139777586,0.08344811201095581,0.62890625,1,0
8,1301,0.08159432280808689,0.13220345973968506,0.546875,1,1
8,1302,0.09891433897428216,0.14637035131454468,0.5703125,1,1
8,1303,0.0,0.19853585958480835,0.171875,2,2
8,1304,0.08379090554080905,0.13364779949188232,0.55078125,1,1
8,1305,0.08616619301028551,0.14185559749603271,0.54296875,1,0
8,1306,0.099318660562858,0.16350853443145752,0.54296875,2,1
8,1307,0.08589949039742352,0.12182974815368652,0.58203125,1,2
8,1308,0.05003011226654053,0.05003011226654053,0.71875,2,4
8,1309,0.0927132172510028,0.12794923782348633,0.58984375,1,1
8,1310,0.08868755691219123,0.1460065245628357,0.54296875,2,1
9,1253,0.11040799284819515,0.1610509753227234,0.57421875,3,3
9,1047,0.10724648600444199,0.15002787113189697,0.5859375,2,2
9,1311,0.07209700345993042,0.07209700345993042,0.703125,2,3
9,1312,0.10204956214874984,0.13194286823272705,0.609375,4,4
9,1313,0.0732110633980483,0.07481849193572998,0.69140625,2,1
9,1314,0.02962625026702881,0.02962625026702881,0.7890625,2,4
9,1315,0.0,0.19996750354766846,0.2109375,3,3
9,1316,0.10209238948300482,0.1319982409477234,0.609375,4,3
9,1317,0.08715080120600761,0.1112748384475708,0.61328125,2,3
9,1318,0.08237767219543457,0.08237767219543457,0.70703125,1,2
9,1319,0.042267259676009424,0.32789146900177,0.3515625,4,5
9,1320,0.1020971378311515,0.13200438022613525,0.609375,3,4
9,1321,0.10080138687044383,0.13199567794799805,0.60546875,2,4
9,1322,0.09280641842633487,0.11999213695526123,0.609375,3,3
9,1323,0.10209939675405623,0.13200730085372925,0.609375,3,3
9,1324,0.11108824773691596,0.12205404043197632,0.6640625,1,2
9,1325,0.09929582523182036,0.12678170204162598,0.61328125,2,4
9,1326,0.10206127166748048,0.1319580078125,0.609375,1,1
9,1327,0.0832496713846922,0.09347331523895264,0.65625,2,1
9,1328,0.0,0.1975572109222412,0.2421875,3,3
9,1329,0.10172898205928506,0.10293525457382202,0.6953125,1,3
9,1330,0.05895340442657471,0.05895340442657471,0.7109375,2,3
9,1331,0.10206993855535985,0.13196921348571777,0.609375,3,2
9,1332,0.027644991874694824,0.027644991874694824,0.80078125,1,1
9,1333,0.0,0.19723719358444214,0.25390625,3,3
9,1334,0.09904159884899856,0.12805378437042236,0.609375,3,3
9,1335,0.07011991739273071,0.07011991739273071,0.703125,1,1
9,1336,0.10206191707402469,0.13195884227752686,0.609375,1,1
9,1337,0.10587984230369331,0.1404416561126709,0.6015625,2,2
9,1338,0.09934780257754029,0.13009226322174072,0.60546875,3,5
9,1339,0.0790146760409698,0.17513209581375122,0.48046875,3,3
9,1340,0.10194657370448114,0.13180971145629883,0.609375,2,2
9,1341,0.08060048881452532,0.1004074215888977,0.62109375,3,3
9,1342,0.10080138687044383,0.13199567794799805,0.60546875,4,6
9,1343,0.09803559444844724,0.1267530918121338,0.609375,3,4
9,1344,0.07909816503524782,0.1581963300704956,0.5,2,3
9,1345,0.10164682054892184,0.12818515300750732,0.6171875,3,2
9,1346,0.0720827579498291,0.0720827579498291,0.71484375,2,2
9,1347,0.10053202696144582,0.12998080253601074,0.609375,2,4
9,1348,0.0492626428604126,0.0492626428604126,0.7109375,3,4
9,1349,0.03057539463043213,0.03057539463043213,0.79296875,1,0
9,1350,0.09933433833066375,0.12683087587356567,0.61328125,1,1
9,1351,0.03465127944946289,0.03465127944946289,0.77734375,1,0
9,1352,0.00940770702436567,0.18525946140289307,0.3203125,2,3
9,1284,0.11445612146053465,0.1461384892463684,0.61328125,1,1
9,1302,0.12824261561036113,0.14399170875549316,0.65625,1,1
9,1353,0.06748569011688232,0.06748569011688232,0.7109375,1,1
9,1354,0.09974168054759504,0.12895894050598145,0.609375,1,0
9,1355,0.01412808895111084,0.01412808895111084,0.859375,2,2
9,1356,0.04474860429763794,0.04474860429763794,0.7421875,2,3
9,1357,0.08013286348432304,0.0880429744720459,0.6640625,2,1
9,1358,0.0938122719526291,0.09683847427368164,0.6875,1,1
9,1359,0.04798215627670288,0.04798215627670288,0.7578125,1,1
9,1360,0.073592969449237,0.07520878314971924,0.69140625,2,5
9,1361,0.08809837605804206,0.10714101791381836,0.62890625,1,1
9,1362,0.07755760475993158,0.11818301677703857,0.5625,1,1
9,1363,0.06457799673080444,0.06457799673080444,0.734375,1,2
9,1364,0.09629023075103761,0.1244964599609375,0.609375,1,1
9,1365,0.10137559333816172,0.13990378379821777,0.58984375,1,2
9,1366,0.08898653159849347,0.11085426807403564,0.62109375,1,1
9,1367,0.1059865881688893,0.13703316450119019,0.609375,1,0
9,1368,0.05593813955783845,0.1835918426513672,0.421875,2,4
9,1369,0.10060866200365128,0.13174331188201904,0.60546875,3,4
9,1370,0.10205435659736396,0.1319490671157837,0.609375,2,1
9,1371,0.09016735362820329,0.09123653173446655,0.6953125,1,2
9,1372,0.07358702213969083,0.16310197114944458,0.48046875,1,2
9,1373,0.08130598522257061,0.1430538296699524,0.52734375,1,2
9,1374,0.0641856206348166,0.09637254476547241,0.56640625,1,3
9,1375,0.08116776123642923,0.08730649948120117,0.671875,2,3
9,1376,0.06288957595825195,0.06288957595825195,0.734375,2,4
9,1377,0.040111541748046875,0.040111541748046875,0.7578125,1,0
9,1378,0.13026588410139087,0.14160537719726562,0.66796875,1,1
9,1379,0.08582779625430705,0.0868455171585083,0.6953125,3,4
9,1380,0.10035215783864261,0.12813043594360352,0.61328125,1,1
9,1381,0.08124101161956787,0.08124101161956787,0.72265625,1,2
9,1382,0.11540141666773708,0.12544697523117065,0.66796875,1,2
9,1383,0.06768608093261719,0.06768608093261719,0.70703125,1,1
9,1384,0.1312589552253485,0.15068292617797852,0.6484375,2,2
9,1385,0.07194363698363306,0.07208442687988281,0.69921875,3,3
9,1386,0.10367876291275026,0.10702323913574219,0.6875,1,1
9,1387,0.10202909354120494,0.13191640377044678,0.609375,3,3
9,1388,0.06427574157714844,0.06427574157714844,0.7109375,2,4
9,1389,0.08697399171069266,0.10968148708343506,0.6171875,1,0
9,1390,0.10057293064892293,0.13695037364959717,0.59375,1,1
9,1391,0.067278835689649,0.09284842014312744,0.58984375,1,1
9,1392,0.09805303195025773,0.12839680910110474,0.60546875,2,3
9,1393,0.07227915525436401,0.07227915525436401,0.703125,1,1
9,1394,0.0748796775005758,0.14689040184020996,0.50390625,1,2
9,1395,0.07895153760910034,0.07895153760910034,0.71875,1,1
9,1396,0.06099379062652588,0.06099379062652588,0.76171875,1,2
9,1397,0.058697521686553955,0.058697521686553955,0.74609375,1,2
9,1398,0.10438414989039303,0.1402747631072998,0.59765625,1,1
9,1399,0.1169931784970686,0.1328170895576477,0.65234375,1,1
9,1400,0.1089813467115164,0.14455556869506836,0.6015625,1,1
9,1401,0.08153101650532336,0.10409945249557495,0.61328125,2,5
9,1402,0.010797381401062012,0.010797381401062012,0.85546875,2,2
9,1403,0.073592969449237,0.07520878314971924,0.69140625,1,1
9,1404,0.09553782106377186,0.12048119306564331,0.6171875,1,2
9,1405,0.12094869953580202,0.1506708860397339,0.62109375,1,2
9,1406,0.04752778145484627,0.048091351985931396,0.6953125,1,2
9,1407,0.045922145596705384,0.16675275564193726,0.41015625,1,2
9,1224,0.12117349449545146,0.1422954797744751,0.640625,3,6
9,1306,0.11393658607266845,0.16159427165985107,0.58203125,2,1
9,1408,0.0,0.20866656303405762,0.1953125,2,2
9,1409,0.07097631692886353,0.07097631692886353,0.70703125,4,8
9,1410,0.10333937383256854,0.13194453716278076,0.61328125,1,1
9,1411,0.09791043167933823,0.1265912652015686,0.609375,2,1
9,1412,0.03730630874633789,0.03730630874633789,0.78515625,2,2
9,1413,0.0868195613147691,0.11667090654373169,0.59765625,3,5
9,1414,0.05200636386871338,0.05200636386871338,0.74609375,2,1
9,1415,0.09539540531113745,0.12180161476135254,0.61328125,1,1
9,1416,0.09609585255384447,0.09919571876525879,0.6875,3,5
9,1417,0.0717072307597846,0.07184755802154541,0.69921875,3,2
9,1418,0.08760689757764341,0.10529279708862305,0.6328125,1,1
9,1419,0.08876622689422221,0.18106895685195923,0.49609375,1,1
9,1420,0.08948439359664918,0.17896878719329834,0.5,1,0
9,1421,0.08471565204672517,0.17997682094573975,0.48828125,3,7
9,1422,0.1167561528272927,0.12558645009994507,0.671875,1,2
9,1423,0.08261885354295374,0.08443284034729004,0.69140625,2,3
9,1424,0.09376934077590705,0.1101144552230835,0.640625,2,3
9,1425,0.033365726470947266,0.033365726470947266,0.7890625,2,2
9,1426,0.10638136847410352,0.1696799397468567,0.55078125,1,0
9,1427,0.0928105707280338,0.13163161277770996,0.58203125,2,3
9,1428,0.10338826593942942,0.17020833492279053,0.54296875,2,1
9,1429,0.12529487838037315,0.18276631832122803,0.57421875,3,8
9,1430,0.12011601263657214,0.1553015112876892,0.609375,2,1
9,1431,0.0,0.20295226573944092,0.1953125,2,3
9,1432,0.1086921449750662,0.15632128715515137,0.578125,1,2
9,1433,0.0,0.19761347770690918,0.2578125,2,3
9,1434,0.11197296553291382,0.14662444591522217,0.60546875,1,0
9,1435,0.05652959214057774,0.17977112531661987,0.42578125,3,4
9,1436,0.057288527488708496,0.057288527488708496,0.73828125,2,2
9,1437,0.09972253371961416,0.13227444887161255,0.6015625,2,3
9,1438,0.09780780784785749,0.10981929302215576,0.65625,3,6
9,1439,0.0735908114584163,0.07520657777786255,0.69140625,1,0
9,1440,0.05467939376831055,0.05467939376831055,0.75390625,1,1
9,1441,0.031647324562072754,0.031647324562072754,0.78515625,3,3
9,1442,0.11419344367459418,0.14953207969665527,0.60546875,2,2
9,1443,0.03759610769338907,0.19058620929718018,0.37890625,2,3
9,1444,0.056413814541883774,0.05882662534713745,0.68359375,1,2
9,1445,0.09974732971750201,0.16421425342559814,0.54296875,1,3
9,1446,0.048854291439056396,0.048854291439056396,0.76953125,3,6
9,1447,0.11187966004945339,0.11909019947052002,0.67578125,1,2
9,1448,0.11033290252089502,0.13579434156417847,0.625,3,7
9,1449,0.09786677453666927,0.1265348196029663,0.609375,1,0
9,1450,0.08618799434043468,0.10358744859695435,0.6328125,3,4
9,1451,0.0,0.1696605086326599,0.296875,1,1
9,1452,0.08725970238447191,0.10612106323242188,0.62890625,1,2
9,1453,0.08850716252345593,0.11300665140151978,0.61328125,2,1
9,1454,0.1041154586710036,0.1497390866279602,0.578125,2,4
10,1047,0.09273388143628837,0.15516257286071777,0.5390625,2,2
10,1337,0.09113038913346828,0.14535439014434814,0.55078125,2,2
10,1455,0.066897451877594,0.066897451877594,0.71875,3,5
10,1456,0.07442002743482591,0.08265304565429688,0.66015625,3,3
10,1457,0.03416341543197632,0.03416341543197632,0.7890625,1,0
10,1458,0.09468462865334006,0.13066989183425903,0.58984375,2,1
10,1459,0.0888171228580177,0.17423129081726074,0.50390625,2,2
10,1460,0.046880915877409286,0.05442863702774048,0.64453125,1,1
10,1461,0.06545016588643195,0.0704001784324646,0.671875,2,2
10,1462,0.08543185377493502,0.13417518138885498,0.5546875,3,3
10,1463,0.029994487762451172,0.029994487762451172,0.796875,2,1
10,1464,0.08257237938232721,0.10413068532943726,0.6171875,1,1
10,1465,0.07160087558440865,0.07866877317428589,0.6640625,4,4
10,1466,0.07684503868222238,0.1567516326904297,0.49609375,4,4
10,1467,0.09244147152639927,0.13679200410842896,0.5703125,2,2
10,1468,0.05622867168858648,0.061779141426086426,0.6640625,3,3
10,1469,0.09389216860290618,0.1497594714164734,0.55078125,2,1
10,1470,0.09244614397175611,0.1367989182472229,0.5703125,3,2
10,1471,0.09243808803148569,0.13678699731826782,0.5703125,4,4
10,1472,0.0715246549807489,0.07858502864837646,0.6640625,3,3
10,1473,0.09244485502131285,0.1367970108985901,0.5703125,2,3
10,1474,0.09220651327632369,0.12074100971221924,0.60546875,3,3
10,1475,0.09297937061637641,0.13372313976287842,0.578125,4,3
10,1476,0.08732073940336706,0.1128995418548584,0.609375,3,2
10,1477,0.024749457836151123,0.024749457836151123,0.8046875,2,2
10,1478,0.09243885334581138,0.13678812980651855,0.5703125,3,3
10,1479,0.02898627519607544,0.02898627519607544,0.796875,4,4
10,1480,0.029293537139892578,0.029293537139892578,0.796875,4,4
10,1481,0.09243087796494366,0.13677632808685303,0.5703125,3,3
10,1482,0.06740004499442877,0.06753194332122803,0.69921875,2,3
10,1483,0.09244441194459797,0.13679635524749756,0.5703125,4,3
10,1484,0.08208583854138853,0.10480785369873047,0.61328125,3,3
10,1485,0.08413898712024094,0.17875170707702637,0.48828125,2,1
10,1486,0.0923452030401677,0.13664954900741577,0.5703125,2,3
10,1487,0.09540316415950657,0.1334601640701294,0.5859375,1,2
10,1488,0.03245413303375244,0.03245413303375244,0.75390625,2,2
10,1489,0.0789130001794547,0.08958637714385986,0.65234375,4,4
10,1490,0.05522693856619299,0.08292138576507568,0.56640625,2,2
10,1378,0.10624144831672312,0.14862191677093506,0.5859375,1,1
10,1302,0.10759127000346781,0.15051019191741943,0.5859375,1,1
10,1491,0.08134594559669496,0.17647933959960938,0.484375,1,1
10,1492,0.10195767879486085,0.1254863739013672,0.625,1,2
10,1493,0.10349942813627423,0.17317551374435425,0.5390625,2,2
10,1494,0.019746601581573486,0.019746601581573486,0.8359375,1,0
10,1495,0.08527566632255913,0.09680962562561035,0.65234375,1,2
10,1496,0.0956978148315102,0.12218773365020752,0.61328125,1,1
10,1497,0.08634801907464863,0.10889208316802979,0.6171875,2,4
10,1498,0.018670320510864258,0.018670320510864258,0.84375,2,1
10,1499,0.09373034792952241,0.10298269987106323,0.6640625,1,2
10,1500,0.10070248681586237,0.11962801218032837,0.63671875,1,1
10,1501,0.10680335049983115,0.118618905544281,0.66015625,1,1
10,1502,0.09952560160309078,0.16125667095184326,0.546875,1,1
10,1503,0.0768265121150762,0.10896170139312744,0.58203125,1,1
10,1504,0.0917702039005235,0.12332373857498169,0.59765625,1,0
10,1505,0.09240896580740811,0.13674390316009521,0.5703125,1,0
10,1506,0.07064389111474158,0.07442319393157959,0.6796875,2,2
10,1507,0.05294358730316162,0.05294358730316162,0.74609375,2,2
10,1508,0.09657913260161878,0.12031269073486328,0.62109375,1,1
10,1509,0.064520959276706,0.07406890392303467,0.6484375,1,1
10,1510,0.09396034770179541,0.14107829332351685,0.56640625,1,0
10,1511,0.10492148296907546,0.13565605878829956,0.609375,1,1
10,1512,0.05157327651977539,0.05157327651977539,0.7265625,1,1
10,1513,0.09244215628132225,0.13679301738739014,0.5703125,1,1
10,1514,0.0,0.2088322639465332,0.1875,2,2
10,1515,0.07134374463930727,0.18636733293533325,0.453125,1,2
10,1516,0.09244441194459797,0.13679635524749756,0.5703125,1,1
10,1517,0.09364598686806859,0.12262594699859619,0.60546875,1,2
10,1518,0.02209782600402832,0.02209782600402832,0.7734375,2,2
10,1519,0.03858983516693115,0.03858983516693115,0.7734375,2,4
10,1520,0.06431096722371878,0.10760527849197388,0.5390625,1,1
10,1521,0.10346557409502567,0.12291038036346436,0.63671875,1,1
10,1522,0.07079119153786452,0.10326236486434937,0.57421875,2,2
10,1523,0.08791251853108407,0.1724567413330078,0.50390625,1,1
10,1524,0.032872021198272705,0.032872021198272705,0.7890625,1,2
10,1525,0.10799715737812222,0.14513003826141357,0.59765625,1,1
10,1526,0.09014154225587846,0.15592050552368164,0.53125,1,1
10,1527,0.05443824199028314,0.09108620882034302,0.5390625,1,2
10,1528,0.08842317224480213,0.11150902509689331,0.6171875,1,0
10,1529,0.03813278675079346,0.03813278675079346,0.70703125,2,2
10,1530,0.09159790235571565,0.13753116130828857,0.56640625,1,0
10,1531,0.05192241352051497,0.0589451789855957,0.65234375,1,2
10,1532,0.09242225810885431,0.1367635726928711,0.5703125,1,0
10,1533,0.0924449758604169,0.13679718971252441,0.5703125,1,0
10,1534,0.07884175330400468,0.09703600406646729,0.625,1,2
10,1535,0.07465104293078186,0.0897214412689209,0.6328125,2,2
10,1536,0.04419433779548854,0.04804140329360962,0.66796875,2,2
10,1537,0.06614040769636632,0.06967878341674805,0.6796875,1,1
10,1384,0.11105705332010986,0.15751028060913086,0.58203125,2,2
10,1429,0.12195954099297525,0.1858431100845337,0.5625,3,8
10,1538,0.04068960179574789,0.18768537044525146,0.38671875,3,3
10,1539,0.09573933156207205,0.12865757942199707,0.59765625,2,2
10,1540,0.0771867921575904,0.18296128511428833,0.46875,1,2
10,1541,0.0901218520011753,0.13940298557281494,0.55859375,1,1
10,1542,0.06512749195098877,0.06512749195098877,0.703125,4,7
10,1543,0.06298167165368797,0.07481813430786133,0.63671875,1,1
10,1544,0.027611076831817627,0.027611076831817627,0.81640625,4,6
10,1545,0.08905268786475064,0.11513882875442505,0.609375,1,0
10,1546,0.06153739651199431,0.1842523217201233,0.43359375,1,2
10,1547,0.030955195426940918,0.030955195426940918,0.79296875,1,2
10,1548,0.07905500335618855,0.183150053024292,0.47265625,2,1
10,1549,0.009852766990661621,0.009852766990661621,0.890625,2,3
10,1550,0.05418319220189006,0.06290656328201294,0.64453125,1,1
10,1551,0.08882449683733286,0.11631238460540771,0.60546875,2,1
10,1552,0.08758119982667269,0.17865169048309326,0.49609375,2,2
10,1553,0.09067911375313999,0.1341841220855713,0.5703125,2,2
10,1554,0.00586777925491333,0.00586777925491333,0.90625,1,0
10,1555,0.06369473785161973,0.0657494068145752,0.6875,1,0
10,1556,0.08904771087691189,0.1398540735244751,0.5546875,3,3
10,1557,0.0813750622328371,0.18036377429962158,0.48046875,2,4
10,1558,0.10528497537598015,0.13965260982513428,0.6015625,2,2
10,1559,0.07485095760785045,0.1906651258468628,0.45703125,3,4
10,1560,0.0395526122301817,0.07613134384155273,0.5078125,3,7
10,1561,0.09536702651530506,0.14112114906311035,0.5703125,3,3
10,1562,0.09472291939891876,0.1256428360939026,0.6015625,3,4
10,1563,0.09446237795054914,0.11092829704284668,0.640625,1,1
10,1564,0.09418235567864032,0.16020387411117554,0.53515625,2,0
10,1565,0.06941156275570394,0.0754537582397461,0.66796875,1,0
10,1566,0.09156387147959323,0.129863440990448,0.58203125,1,1
10,1567,0.09124937653541566,0.13904666900634766,0.5625,2,2
10,1568,0.08996361913159491,0.1731630563735962,0.5078125,2,1
10,1569,0.0891548835206777,0.16844022274017334,0.51171875,2,3
10,1570,0.09167920937761666,0.17320942878723145,0.51171875,2,2
10,1571,0.08304709102958442,0.15131711959838867,0.51953125,2,3
10,1572,0.10923595400527121,0.16401410102844238,0.56640625,1,1
10,1573,0.08037720667198302,0.09775090217590332,0.62890625,1,1
10,1574,0.02627265453338623,0.02627265453338623,0.83203125,3,5
10,1575,0.09627950401045383,0.11178028583526611,0.64453125,3,4
10,1576,0.07160505279898645,0.0786733627319336,0.6640625,1,1
10,1577,0.06479117460548879,0.18848341703414917,0.4375,2,2
10,1578,0.09376536763738842,0.1594945788383484,0.53515625,2,2
10,1579,0.06400330225005747,0.06476223468780518,0.6953125,4,9
10,1580,0.06204092502593994,0.06204092502593994,0.73828125,2,2
10,1581,0.0848818151280284,0.1766645908355713,0.4921875,3,3
10,1582,0.049162476207129664,0.16669660806655884,0.41796875,4,9
10,1583,0.01174960122443736,0.14672672748565674,0.33203125,2,3
10,1584,0.09550225362181665,0.14552724361419678,0.5625,2,2
10,1585,0.10137935564853252,0.16962820291519165,0.5390625,3,4
10,1586,0.09460704377852382,0.10507333278656006,0.66015625,3,7
10,1587,0.08915650658309461,0.12822508811950684,0.578125,3,5
10,1588,0.08930539735592903,0.1184569001197815,0.6015625,1,0
10,1589,0.09061908116564156,0.15162408351898193,0.5390625,1,0
10,1590,0.10147612635046245,0.16706037521362305,0.54296875,1,1
10,1591,0.05084612965583803,0.10169225931167603,0.5,2,3
10,1592,0.07583467871882023,0.12095749378204346,0.55078125,3,3
10,1593,0.07714927056804301,0.07806408405303955,0.6953125,3,6
10,1594,0.0943602256011218,0.1459590196609497,0.55859375,2,1
10,1595,0.068631025031209,0.1839742660522461,0.44921875,1,0
10,1596,0.09426410635933281,0.16034293174743652,0.53515625,2,1
10,1597,0.02093040384352208,0.19136369228363037,0.34375,3,3
10,1598,0.10159067809581758,0.1313495635986328,0.609375,2,4
11,1558,0.1060900070006028,0.14640992879867554,0.58984375,2,2
11,1598,0.10723811318166555,0.13692247867584229,0.61328125,2,4
11,1599,0.08972698124125601,0.1290455460548401,0.578125,1,0
11,1600,0.07322236988693477,0.08800435066223145,0.6328125,2,4
11,1601,0.07526598765980454,0.08359259366989136,0.66015625,2,2
11,1602,0.10604318138211967,0.1443992257118225,0.59375,3,6
11,1603,0.0788627222646028,0.09478336572647095,0.6328125,2,3
11,1604,0.08143465581815691,0.08852344751358032,0.66796875,2,3
11,1605,0.047946810722351074,0.047946810722351074,0.73046875,2,1
11,1606,0.021634221076965332,0.021634221076965332,0.78515625,2,3
11,1607,0.09528101608157159,0.14519011974334717,0.5625,3,5
11,1608,0.09528211131691934,0.14519178867340088,0.5625,2,2
11,1609,0.08940309751778842,0.1285797357559204,0.578125,2,0
11,1610,0.09271493554115297,0.1603717803955078,0.53125,2,2
11,1611,0.0613837029086426,0.061503827571868896,0.69921875,1,1
11,1612,0.07247024960815908,0.07795119285583496,0.671875,4,3
11,1613,0.09641707804985346,0.14267498254776,0.5703125,1,1
11,1614,0.06541861686855556,0.06685495376586914,0.69140625,1,0
11,1615,0.06256157159805298,0.06256157159805298,0.703125,3,1
11,1616,0.07209208514541389,0.08184289932250977,0.65234375,3,3
11,1617,0.07604359788820149,0.08929890394210815,0.640625,2,1
11,1618,0.09418887086212636,0.1435258984565735,0.5625,2,2
11,1619,0.08143066929187627,0.09673434495925903,0.63671875,2,4
11,1620,0.07570932980161162,0.09666627645492554,0.61328125,2,2
11,1621,0.040160417556762695,0.040160417556762695,0.73828125,2,3
11,1622,0.08290879265405239,0.08825218677520752,0.67578125,2,5
11,1623,0.06330590555444361,0.06738591194152832,0.67578125,3,5
11,1624,0.055315256118774414,0.055315256118774414,0.71875,2,1
11,1625,0.11266459664329888,0.14944112300872803,0.6015625,2,4
11,1626,0.09505207277834417,0.1448412537574768,0.5625,2,3
11,1627,0.09515728137921543,0.11047738790512085,0.64453125,2,4
11,1628,0.09111506014596672,0.1368061900138855,0.56640625,2,1
11,1629,0.09528101608157159,0.14519011974334717,0.5625,2,2
11,1630,0.08332876127678902,0.10639482736587524,0.61328125,2,0
11,1631,0.0634909155778587,0.06758284568786621,0.67578125,1,1
11,1632,0.07898163795471191,0.07898163795471191,0.72265625,1,1
11,1633,0.09527608752250673,0.14518260955810547,0.5625,2,1
11,1634,0.09528070315718652,0.14518964290618896,0.5625,2,3
11,1635,0.05597314983606339,0.06020641326904297,0.671875,4,7
11,1636,0.08582775213290007,0.12172800302505493,0.58203125,2,1
11,1637,0.08822810521814974,0.12513238191604614,0.58203125,1,0
11,1638,0.09858380374498667,0.14588123559951782,0.5703125,3,2
11,1639,0.09703199565410615,0.17072296142578125,0.52734375,1,2
11,1640,0.008860564790666109,0.1744849681854248,0.3203125,2,2
11,1641,0.10053299565333874,0.1194266676902771,0.63671875,2,2
11,1642,0.09510081075131895,0.14491552114486694,0.5625,3,5
11,1643,0.0706834977027029,0.10024917125701904,0.58203125,1,3
11,1644,0.09065409132745118,0.13611406087875366,0.56640625,2,1
11,1384,0.10265232156962158,0.16373205184936523,0.55078125,2,2
11,1572,0.10554244928061964,0.1710054874420166,0.546875,1,1
11,1645,0.10837582556996496,0.162722647190094,0.56640625,2,1
11,1646,0.09586484683677556,0.1125752329826355,0.640625,1,1
11,1647,0.1076300630811602,0.1771916151046753,0.54296875,1,0
11,1648,0.07393106259405614,0.08301031589508057,0.65625,2,1
11,1649,0.08619343559257688,0.11005246639251709,0.61328125,1,2
11,1650,0.0989744580583647,0.16294187307357788,0.54296875,1,1
11,1651,0.0881908282171935,0.12507951259613037,0.58203125,1,0
11,1652,0.10061741760000588,0.18665260076522827,0.515625,1,1
11,1653,0.0381392240524292,0.0381392240524292,0.7734375,2,2
11,1654,0.0,0.2170337438583374,0.16015625,2,3
11,1655,0.08416757010854782,0.09771835803985596,0.64453125,2,3
11,1656,0.06461975967977197,0.19348138570785522,0.43359375,2,1
11,1657,0.0952532831579447,0.14514786005020142,0.5625,1,0
11,1658,0.09718942362815143,0.15264105796813965,0.5546875,1,0
11,1659,0.08988517243415119,0.12927305698394775,0.578125,2,1
11,1660,0.10753235779702665,0.1638588309288025,0.5625,1,0
11,1661,0.07658342830836774,0.08694171905517578,0.65234375,1,1
11,1662,0.10919738304801287,0.14674293994903564,0.59765625,1,1
11,1663,0.000395108480006462,0.20229554176330566,0.30078125,3,4
11,1664,0.10823190025985242,0.16492480039596558,0.5625,2,2
11,1665,0.030198097229003906,0.030198097229003906,0.76171875,2,2
11,1666,0.0712560801766813,0.08272814750671387,0.64453125,1,1
11,1667,0.09282975271344186,0.16057038307189941,0.53125,2,2
11,1668,0.08404554100707175,0.19040405750274658,0.4765625,1,0
11,1669,0.08770463021937759,0.12438994646072388,0.58203125,3,3
11,1670,0.07682590559124948,0.09455496072769165,0.625,1,2
11,1671,0.016068361233919866,0.20065855979919434,0.33203125,2,1
11,1672,0.06981232704129071,0.07588940858840942,0.66796875,1,1
11,1673,0.09776943479664625,0.15355199575424194,0.5546875,4,3
11,1674,0.1033553145825863,0.18184852600097656,0.52734375,2,2
11,1675,0.014215350151062012,0.014215350151062012,0.859375,2,3
11,1676,0.06964905036147685,0.0741378664970398,0.67578125,3,4
11,1677,0.07263503596186639,0.08155512809753418,0.65625,1,0
11,1678,0.10012785124126823,0.1311137080192566,0.60546875,3,3
11,1679,0.08979926817119123,0.17615795135498047,0.50390625,1,1
11,1680,0.10796029213815929,0.13784456253051758,0.61328125,1,1
11,1681,0.04841446876525879,0.04841446876525879,0.7578125,3,2
11,1682,0.0913461393211037,0.11379373073577881,0.62109375,4,5
11,1683,0.08670564135536553,0.12470024824142456,0.578125,1,2
11,1684,0.0910878647118807,0.16306638717651367,0.5234375,3,4
11,1685,0.0916951526887715,0.16707444190979004,0.51953125,1,1
11,1686,0.08504073251970114,0.12061178684234619,0.58203125,1,0
11,1687,0.06535396946128459,0.0681491494178772,0.68359375,1,0
11,1688,0.07152262842282654,0.07943511009216309,0.66015625,2,2
11,1689,0.09337028115987779,0.1381664276123047,0.5703125,1,1
11,1690,0.09115666325669737,0.1368686556816101,0.56640625,2,1
11,1691,0.09410643298178913,0.13925576210021973,0.5703125,2,2
11,1692,0.0992815336212516,0.17173022031784058,0.53125,2,2
11,1693,0.10585106094367804,0.1637333631515503,0.55859375,3,4
11,1694,0.08536594128236176,0.11037212610244751,0.609375,1,0
11,1695,0.10017978167161347,0.18253397941589355,0.51953125,3,4
11,1696,0.04304699995554984,0.14596068859100342,0.41796875,2,3
11,1697,0.09432812221348287,0.14373809099197388,0.5625,3,3
11,1698,0.10711149079725148,0.15191435813903809,0.58203125,1,2
11,1699,0.09503122093155981,0.1347811222076416,0.58203125,3,3
11,1700,0.032093703746795654,0.032093703746795654,0.80859375,3,5
11,1701,0.06714609544724227,0.07147359848022461,0.67578125,1,0
11,1702,0.08311348082497717,0.099892258644104,0.6328125,1,0
11,1429,0.11678154871333392,0.1862683892250061,0.55078125,3,8
11,1525,0.09285603859461845,0.1528691053390503,0.54296875,1,1
11,1703,0.09509337879717351,0.14490419626235962,0.5625,1,0
11,1704,0.03856003284454346,0.03856003284454346,0.74609375,1,2
11,1705,0.055486686062067754,0.05845510959625244,0.6796875,1,2
11,1706,0.09069145284593107,0.12349474430084229,0.59375,1,1
11,1707,0.09713427722454072,0.13226795196533203,0.59375,4,9
11,1708,0.03450572490692139,0.03450572490692139,0.77734375,2,2
11,1709,0.04363059345632792,0.06852412223815918,0.5546875,2,3
11,1710,0.06837010243907572,0.12239682674407959,0.5234375,1,1
11,1711,0.1126954893115908,0.14389050006866455,0.61328125,1,1
11,1712,0.09790074056945743,0.14487046003341675,0.5703125,1,2
11,1713,0.09443421056494118,0.15300732851028442,0.546875,1,1
11,1714,0.0698989871889353,0.1656864881515503,0.46875,2,4
11,1715,0.09843267872929574,0.13769817352294922,0.5859375,1,2
11,1716,0.0540580153465271,0.0540580153465271,0.7265625,3,7
11,1717,0.037830650806427,0.037830650806427,0.7734375,1,1
11,1718,0.09511673077940942,0.14493978023529053,0.5625,1,0
11,1719,0.0952818375080824,0.14519137144088745,0.5625,1,0
11,1720,0.09511074516922237,0.1428055763244629,0.56640625,2,1
11,1721,0.08912243973463775,0.12817609310150146,0.578125,1,2
11,1722,0.09514615545049311,0.14285874366760254,0.56640625,1,0
11,1723,0.0869613674003631,0.12165087461471558,0.5859375,1,1
11,1724,0.09520407579839231,0.14507287740707397,0.5625,2,2
11,1725,0.09096258832141758,0.13082259893417358,0.578125,1,1
11,1726,0.06997382640838623,0.06997382640838623,0.70703125,1,1
11,1727,0.08591504232026638,0.11395984888076782,0.6015625,1,0
11,1728,0.08893270906992258,0.1375635862350464,0.55859375,1,1
11,1729,0.10346323577687146,0.1447354555130005,0.5859375,3,9
11,1730,0.056719156680628664,0.08908039331436157,0.5546875,1,1
11,1731,0.07655796420294793,0.08691281080245972,0.65234375,1,0
11,1732,0.09127128310501577,0.14334630966186523,0.5546875,1,1
11,1733,0.09456895664334299,0.14410507678985596,0.5625,1,0
11,1734,0.08709447004366667,0.14814740419387817,0.53515625,3,8
11,1735,0.0986349186860025,0.1459568738937378,0.5703125,1,2
11,1736,0.09523043967783452,0.1451130509376526,0.5625,1,0
11,1737,0.07669190014712514,0.08706486225128174,0.65234375,1,0
11,1738,0.09114741371013226,0.13685476779937744,0.56640625,1,1
11,1739,0.09527608752250673,0.14518260955810547,0.5625,1,0
11,1740,0.10403044987469913,0.1416584849357605,0.59375,1,1
11,1741,0.0952790603041649,0.1451871395111084,0.5625,1,0
11,1742,0.05683792848140002,0.13472694158554077,0.46875,4,10
12,1645,0.1118086500791833,0.15025204420089722,0.59765625,2,1
12,1638,0.10645225644111635,0.13101816177368164,0.625,3,2
12,1743,0.11321109579876067,0.15837180614471436,0.5859375,4,3
12,1744,0.07378828525543213,0.07378828525543213,0.703125,3,0
12,1745,0.11161275487393142,0.14075303077697754,0.6171875,4,3
12,1746,0.10848651174455883,0.130387544631958,0.6328125,1,1
12,1747,0.10024734935723247,0.1190873384475708,0.63671875,1,1
12,1748,0.11017634114250542,0.13241851329803467,0.6328125,1,1
12,1749,0.110171084292233,0.13241219520568848,0.6328125,1,0
12,1750,0.004620790481567383,0.004620790481567383,0.93359375,2,1
12,1751,0.07378840446472168,0.07378840446472168,0.703125,2,1
12,1752,0.11008062679320575,0.13230347633361816,0.6328125,1,1
12,1753,0.11088775447569789,0.14158236980438232,0.61328125,1,0
12,1754,0.09277373540680857,0.09875291585922241,0.67578125,2,2
12,1755,0.05010247230529785,0.05010247230529785,0.73046875,2,3
12,1756,0.11873938934877516,0.16386675834655762,0.58984375,2,0
12,1757,0.11265309154987337,0.1716618537902832,0.5625,4,4
12,1758,0.11017500213347377,0.13241690397262573,0.6328125,3,4
12,1759,0.07876077457331122,0.11017900705337524,0.5859375,1,3
12,1760,0.07371336221694946,0.07371336221694946,0.703125,1,1
12,1761,0.1101741590537131,0.13241589069366455,0.6328125,2,2
12,1762,0.1061545964330435,0.13224124908447266,0.62109375,3,2
12,1763,0.07378828525543213,0.07378828525543213,0.703125,2,2
12,1764,0.10875963524449618,0.1322682499885559,0.62890625,2,3
12,1765,0.02592390775680542,0.02592390775680542,0.82421875,3,1
12,1766,0.1101597771048546,0.1323986053466797,0.6328125,1,0
12,1767,0.1101741590537131,0.13241589069366455,0.6328125,3,4
12,1768,0.11017376231029631,0.13241541385650635,0.6328125,4,6
12,1769,0.10983286052942277,0.1320056915283203,0.6328125,1,1
12,1770,0.09306921134702863,0.1118578314781189,0.6328125,4,4
12,1771,0.05018568038940431,0.188934326171875,0.40625,1,1
12,1772,0.08455076720565559,0.09094536304473877,0.671875,4,2
12,1773,0.11007814714685084,0.1323004961013794,0.6328125,2,2
12,1774,0.1099355178885162,0.13212907314300537,0.6328125,4,3
12,1775,0.1101653315126896,0.13240528106689453,0.6328125,2,2
12,1776,0.08104670932516457,0.08627009391784668,0.67578125,1,2
12,1777,0.1101741590537131,0.13241589069366455,0.6328125,3,5
12,1778,0.10859108692966403,0.13206326961517334,0.62890625,1,1
12,1779,0.10790576087310912,0.12818503379821777,0.63671875,4,2
12,1780,0.11013468308374287,0.13236844539642334,0.6328125,2,1
12,1781,0.10441603919025512,0.12403947114944458,0.63671875,2,0
12,1782,0.1078547479119152,0.13116776943206787,0.62890625,1,1
12,1783,0.10865186317823829,0.12907135486602783,0.63671875,2,1
12,1784,0.03718256950378418,0.03718256950378418,0.76953125,1,1
12,1785,0.026193737983703613,0.026193737983703613,0.82421875,2,2
12,1786,0.10891406843438746,0.13245606422424316,0.62890625,4,4
12,1787,0.07378995418548584,0.07378995418548584,0.703125,1,0
12,1788,0.056600093841552734,0.056600093841552734,0.71875,2,2
12,1789,0.11017445661127569,0.1324162483215332,0.6328125,3,2
12,1790,0.1101741590537131,0.13241589069366455,0.6328125,2,2
12,1791,0.10889436607249083,0.13243210315704346,0.62890625,3,2
12,1792,0.10903239040635528,0.1295233964920044,0.63671875,1,1
12,1711,0.09824068425223233,0.13557744026184082,0.58984375,1,1
12,1625,0.10464096092619003,0.14061987400054932,0.59765625,2,4
12,1793,0.11500569293275477,0.15871405601501465,0.58984375,1,1
12,1794,0.08402810944244267,0.17851614952087402,0.48828125,2,1
12,1795,0.08863793476484717,0.1586804986000061,0.5234375,3,6
12,1796,0.07378828525543213,0.07378828525543213,0.703125,1,0
12,1797,0.09969736263155939,0.17847919464111328,0.5234375,2,2
12,1798,0.08788543939590455,0.10816669464111328,0.625,1,1
12,1799,0.11319720558822156,0.15835237503051758,0.5859375,1,0
12,1800,0.11174052103888245,0.15847963094711304,0.58203125,1,0
12,1801,0.11014033667743207,0.13237524032592773,0.6328125,2,1
12,1802,0.0737936468794942,0.1834094524383545,0.4609375,1,0
12,1803,0.08715806144755335,0.17778855562210083,0.49609375,2,5
12,1804,0.08897291310131551,0.09989941120147705,0.65625,1,0
12,1805,0.08272645995020868,0.1794743537902832,0.484375,1,1
12,1806,0.07074355892837049,0.07609391212463379,0.671875,2,4
12,1807,0.11104247253388168,0.14357006549835205,0.609375,1,0
12,1808,0.10977661889046432,0.13843750953674316,0.6171875,1,0
12,1809,0.11295321118086578,0.15179014205932617,0.59765625,2,1
12,1810,0.11639186704996975,0.16507655382156372,0.58203125,1,0
12,1811,0.07378828525543213,0.07378828525543213,0.703125,1,1
12,1812,0.10562370368279518,0.16588753461837769,0.5546875,3,4
12,1813,0.08572595682926477,0.1042557954788208,0.62890625,1,1
12,1814,0.07378190755844116,0.07378190755844116,0.703125,1,0
12,1815,0.09569744020700456,0.14582467079162598,0.5625,2,4
12,1816,0.10783611796796323,0.12810230255126953,0.63671875,1,1
12,1817,0.1122870754916221,0.17368876934051514,0.55859375,1,1
12,1818,0.10371684143319727,0.14313483238220215,0.58984375,2,3
12,1819,0.06298678682651372,0.18859201669692993,0.43359375,1,2
12,1820,0.10875532496720554,0.13714957237243652,0.6171875,1,0
12,1821,0.10025782103184612,0.12192875146865845,0.62890625,1,1
12,1822,0.0912971921497956,0.11373275518417358,0.62109375,1,2
12,1823,0.11339537543244661,0.15862959623336792,0.5859375,2,1
12,1824,0.10952630534302445,0.13644152879714966,0.62109375,1,0
12,1825,0.09892021748237313,0.12630212306976318,0.61328125,2,4
12,1826,0.10873194411396982,0.1322345733642578,0.62890625,1,1
12,1827,0.10812011919915678,0.12994718551635742,0.6328125,1,1
12,1828,0.09530537261161955,0.11590582132339478,0.62890625,1,0
12,1829,0.08112387359142305,0.08725929260253906,0.671875,1,0
12,1830,0.05011116969399155,0.05070537328720093,0.6953125,1,2
12,1831,0.11779338121414186,0.16941070556640625,0.578125,2,2
12,1832,0.07720418111421169,0.0773552656173706,0.69921875,2,5
12,1833,0.05315113067626953,0.05315113067626953,0.71875,1,0
12,1834,0.089002906344831,0.09993308782577515,0.65625,1,0
12,1835,0.11134719045367093,0.15366512537002563,0.58984375,2,1
12,1836,0.0973328616237268,0.12125164270401001,0.62109375,3,4
12,1837,0.035993874073028564,0.035993874073028564,0.76171875,2,3
12,1838,0.10168159240856768,0.14832186698913574,0.57421875,1,2
12,1839,0.09222332434728743,0.10469698905944824,0.65234375,1,1
12,1840,0.10552192945033313,0.12833070755004883,0.62890625,2,2
12,1841,0.08726855483837427,0.09692299365997314,0.66015625,2,2
12,1842,0.11032877094112338,0.1482633352279663,0.59765625,1,0
12,1843,0.1119714640080929,0.15247178077697754,0.59375,2,2
12,1844,0.070048900321126,0.10074448585510254,0.578125,2,2
12,1845,0.10148997232317926,0.17555022239685059,0.53125,1,0
12,1846,0.11163248110096903,0.14253324270248413,0.61328125,2,1
12,1847,0.056454657576978214,0.09147083759307861,0.546875,2,5
12,1848,0.11207312112674118,0.15677988529205322,0.5859375,2,2
12,1849,0.0809836257249117,0.09193706512451172,0.65234375,2,4
12,1850,0.11006807792000474,0.1338595151901245,0.62890625,1,0
12,1851,0.09827508707530798,0.11951744556427002,0.62890625,1,1
12,1852,0.0947843473404646,0.12572431564331055,0.6015625,2,4
12,1853,0.04262220859527588,0.04262220859527588,0.75,3,3
12,1854,0.10969434294383974,0.13665086030960083,0.62109375,1,0
12,1855,0.10397424828261138,0.12351465225219727,0.63671875,1,1
12,1856,0.07906244834885003,0.08329212665557861,0.6796875,1,0
12,1857,0.09283690340816976,0.1553349494934082,0.5390625,2,4
12,1429,0.11330335820093752,0.17794883251190186,0.5546875,3,8
12,1720,0.1093948546331376,0.12995398044586182,0.63671875,2,1
12,1858,0.06308543682098389,0.06308543682098389,0.71484375,3,7
12,1859,0.04747064271941782,0.06732678413391113,0.58203125,3,9
12,1860,0.06552543304860593,0.11528873443603516,0.52734375,3,8
12,1861,0.09057397954165937,0.10636210441589355,0.640625,3,2
12,1862,0.0,0.23282766342163086,0.28125,4,7
12,1863,0.009949658880941573,0.1242493987083435,0.33203125,3,8
12,1864,0.03435071557760239,0.09455680847167969,0.4453125,3,7
12,1865,0.08076446037739517,0.08687269687652588,0.671875,1,0
12,1866,0.05835914611816407,0.08892822265625,0.5625,4,8
12,1867,0.07243826799094678,0.07874393463134766,0.66796875,2,2
12,1868,0.021820247173309326,0.021820247173309326,0.83203125,3,2
12,1869,0.05546794412657619,0.07171612977981567,0.609375,1,1
12,1870,0.08076446037739517,0.08687269687652588,0.671875,2,1
12,1871,0.09864261327311398,0.11855638027191162,0.6328125,2,2
12,1872,0.06275983946397902,0.08114403486251831,0.609375,3,8
12,1873,0.06029243348166348,0.10088145732879639,0.5390625,4,9
12,1874,0.12636700272560122,0.19255924224853516,0.5625,4,10
12,1875,0.10826370934955777,0.1286102533340454,0.63671875,3,3
12,1876,0.0841767869424075,0.09248608350753784,0.6640625,2,2
12,1877,0.030758023262023926,0.030758023262023926,0.78515625,2,2
12,1878,0.07087777089327575,0.07623827457427979,0.671875,3,8
12,1879,0.07179017225280405,0.07336640357971191,0.69140625,2,3
12,1880,0.06229083519428969,0.08834600448608398,0.58203125,4,10
12,1881,0.06547513999976219,0.09286224842071533,0.58203125,3,9
12,1882,0.056569635868072524,0.11313927173614502,0.5,4,9
12,1883,0.09678502066526563,0.1763485074043274,0.51953125,2,3
12,1884,0.07028000673744829,0.09967690706253052,0.58203125,3,8
12,1885,0.046124307671561844,0.09048140048980713,0.50390625,3,8
12,1886,0.10818649001885207,0.12851852178573608,0.63671875,2,2
13,1743,0.11543027171865107,0.163712739944458,0.58203125,4,3
13,1757,0.10912902140989901,0.1768166422843933,0.546875,4,4
13,1887,0.0762406282592565,0.080319344997406,0.6796875,3,4
13,1888,0.11232766136527063,0.1452317237854004,0.609375,4,2
13,1889,0.11420873645693065,0.1642552614212036,0.578125,4,2
13,1890,0.05525785684585571,0.05525785684585571,0.7265625,4,3
13,1891,0.11662980355322362,0.16773724555969238,0.578125,4,2
13,1892,0.07030088454484941,0.07256865501403809,0.6875,4,4
13,1893,0.0762406282592565,0.080319344997406,0.6796875,3,4
13,1894,0.024796664714813232,0.024796664714813232,0.82421875,4,3
13,1895,0.1130143739283085,0.1461195945739746,0.609375,3,1
13,1896,0.10794138093478979,0.13612312078475952,0.6171875,3,1
13,1897,0.09276504209265114,0.11698448657989502,0.6171875,4,3
13,1898,0.05863422155380249,0.05863422155380249,0.78515625,5,5
13,1899,0.07252822443842889,0.074867844581604,0.6875,4,4
13,1900,0.03102010488510132,0.03102010488510132,0.8046875,4,3
13,1901,0.11511155124753715,0.16791200637817383,0.57421875,3,3
13,1902,0.05960513674654067,0.08820182085037231,0.5703125,3,3
13,1903,0.03264622727874667,0.1505843997001648,0.38671875,4,3
13,1904,0.10820406838320197,0.13815581798553467,0.61328125,2,2
13,1905,0.10819473187439145,0.1381438970565796,0.61328125,4,2
13,1906,0.10732769710011782,0.13534921407699585,0.6171875,4,3
13,1907,0.0762406282592565,0.080319344997406,0.6796875,3,2
13,1908,0.0928126215003431,0.10536599159240723,0.65234375,5,7
13,1909,0.11270206514745952,0.15346664190292358,0.59375,5,6
13,1910,0.11561086494475604,0.16627180576324463,0.578125,4,3
13,1911,0.11545900383498521,0.15515750646591187,0.59765625,3,2
13,1912,0.10819006361998619,0.13813793659210205,0.61328125,4,3
13,1913,0.03569662570953369,0.03569662570953369,0.79296875,3,4
13,1914,0.11320108082145454,0.14636099338531494,0.609375,4,4
13,1429,0.11953218886628748,0.17688000202178955,0.5703125,3,8
13,1645,0.11430968530476095,0.15565574169158936,0.59375,2,1
13,1915,0.11887696478515866,0.22052538394927979,0.515625,4,9
13,1916,0.10816121380776168,0.13810110092163086,0.61328125,2,1
13,1917,0.08932806435041131,0.10611593723297119,0.63671875,1,0
13,1918,0.03822092502377929,0.19375360012054443,0.37890625,2,1
13,1919,0.11407674103975297,0.17383122444152832,0.5625,2,1
13,1920,0.10292991320602597,0.12980324029922485,0.6171875,2,1
13,1921,0.10697689908556642,0.1349068284034729,0.6171875,2,2
13,1922,0.10530162788927556,0.13444995880126953,0.61328125,1,1
13,1923,0.10820117406547071,0.1381521224975586,0.61328125,3,4
13,1924,0.10816742258612068,0.138109028339386,0.61328125,2,0
13,1925,0.052981019020080566,0.052981019020080566,0.76171875,3,6
13,1926,0.028992116451263428,0.028992116451263428,0.82421875,3,6
13,1927,0.09667752077803017,0.12499719858169556,0.609375,2,3
13,1928,0.10818772949278356,0.13813495635986328,0.61328125,3,1
13,1929,0.1081937982235104,0.13814270496368408,0.61328125,2,3
13,1930,0.05387063696980477,0.05397605895996094,0.69921875,3,7
13,1931,0.10811159026343377,0.13803774118423462,0.61328125,2,1
13,1932,0.0762270495761186,0.08030503988265991,0.6796875,2,1
13,1933,0.11099869734607638,0.1491636037826538,0.59765625,3,5
13,1934,0.08344130404293539,0.12906932830810547,0.55859375,2,3
13,1935,0.07469690102152528,0.07951104640960693,0.67578125,4,9
13,1936,0.11430968530476095,0.15565574169158936,0.59375,2,1
13,1937,0.03169769048690796,0.03169769048690796,0.79296875,3,6
13,1938,0.0430755615234375,0.0430755615234375,0.7265625,3,4
13,1939,0.08148652617819609,0.08584588766098022,0.6796875,3,6
13,1940,0.04738306999206543,0.04738306999206543,0.76953125,2,4
13,1941,0.10816989676095547,0.13811218738555908,0.61328125,2,1
13,1942,0.08396140346303584,0.09531760215759277,0.65234375,3,8
13,1943,0.1072577665327117,0.13694757223129272,0.61328125,2,1
13,1944,0.010718652047216896,0.1524430513381958,0.328125,3,7
13,1945,0.10811159026343377,0.13803774118423462,0.61328125,2,1
13,1946,0.10820677597075702,0.13815927505493164,0.61328125,2,2
13,1947,0.11369273671880366,0.15904557704925537,0.5859375,3,2
13,1948,0.10070389136672021,0.12699604034423828,0.6171875,2,1
13,1949,0.11315196589566769,0.16989386081695557,0.56640625,1,0
13,1950,0.10810701537411661,0.13803189992904663,0.61328125,2,1
13,1756,0.11595452972687782,0.16914165019989014,0.57421875,2,0
13,1831,0.11118206498213114,0.1746172308921814,0.5546875,2,2
13,1951,0.1148958755657077,0.1652435064315796,0.578125,2,1
13,1952,0.08956295298412444,0.1864074468612671,0.4921875,2,2
13,1953,0.09395147860050203,0.11848068237304688,0.6171875,2,1
13,1954,0.11344938050024213,0.1703404188156128,0.56640625,1,0
13,1955,0.08462936338037254,0.1875767707824707,0.48046875,1,0
13,1956,0.011831215582787996,0.1682661771774292,0.328125,1,1
13,1957,0.11344938050024213,0.1703404188156128,0.56640625,2,0
13,1958,0.022595226764678955,0.022595226764678955,0.84765625,3,4
13,1959,0.07646751613356174,0.07973802089691162,0.68359375,3,3
13,1960,0.09946651163045318,0.141071617603302,0.58203125,2,1
13,1961,0.07771440106444062,0.08272302150726318,0.67578125,1,0
13,1962,0.11277315428014846,0.15563303232192993,0.58984375,3,4
13,1963,0.0,0.17575746774673462,0.28515625,2,4
13,1964,0.051798224449157715,0.051798224449157715,0.7265625,1,1
13,1965,0.10804054210893811,0.1362481713294983,0.6171875,1,0
13,1966,0.08366724103689195,0.09394216537475586,0.65625,1,1
13,1967,0.11373743251897396,0.15910810232162476,0.5859375,1,0
13,1968,0.11641310248523952,0.15243864059448242,0.60546875,1,1
13,1969,0.11598730087280275,0.14996337890625,0.609375,2,2
13,1970,0.10075021069496871,0.12705445289611816,0.6171875,1,0
13,1971,0.10884525312576444,0.13897448778152466,0.61328125,1,0
13,1972,0.09354594815522434,0.11796927452087402,0.6171875,2,0
13,1973,0.11602331418544055,0.16686499118804932,0.578125,1,0
13,1974,0.11344938050024213,0.1703404188156128,0.56640625,1,0
13,1975,0.11177308892365546,0.1427127718925476,0.61328125,1,0
13,1976,0.11593364062719048,0.17155498266220093,0.5703125,1,0
13,1977,0.06898682098835708,0.18989920616149902,0.4453125,3,4
13,1978,0.11451964825391771,0.1647024154663086,0.578125,1,0
13,1979,0.07217748335096986,0.07682925462722778,0.67578125,1,1
13,1980,0.11118346918374301,0.17461943626403809,0.5546875,1,0
13,1981,0.11577610671520235,0.17132186889648438,0.5703125,1,0
13,1982,0.10305956751108171,0.14417076110839844,0.5859375,3,4
13,1983,0.1059920934494585,0.16395151615142822,0.55859375,1,1
13,1984,0.11324137263000013,0.14641308784484863,0.609375,2,2
13,1985,0.11595452972687782,0.16914165019989014,0.57421875,2,0
13,1986,0.11517393030226232,0.1527695655822754,0.6015625,2,1
13,1987,0.11529275123029949,0.14906537532806396,0.609375,1,0
13,1988,0.11730591044761242,0.17111289501190186,0.57421875,1,1
13,1989,0.11239229771308602,0.15722638368606567,0.5859375,1,0
13,1990,0.09675847715698184,0.12202054262161255,0.6171875,2,1
13,1991,0.11659204680472614,0.15074527263641357,0.609375,2,1
13,1992,0.11732442246284337,0.16639918088912964,0.58203125,1,1
13,1993,0.07046650676056744,0.18889451026916504,0.44921875,2,1
13,1994,0.021413226611912257,0.19577807188034058,0.34375,1,1
13,1995,0.07114935363642873,0.19072496891021729,0.44921875,3,4
13,1996,0.09472737461328508,0.11945915222167969,0.6171875,1,0
13,1997,0.09514932706952096,0.18314456939697266,0.5078125,1,0
13,1998,0.10453538410365583,0.18081796169281006,0.53125,1,0
13,1999,0.09280374040827157,0.11153876781463623,0.6328125,1,0
13,2000,0.0,0.20095336437225342,0.265625,2,1
13,1874,0.12720326671842488,0.19676154851913452,0.55859375,4,10
13,1748,0.10820416174829008,0.13815593719482422,0.61328125,1,1
13,2001,0.07798168971203269,0.09263718128204346,0.63671875,3,5
13,2002,0.06639960035681726,0.24997496604919434,0.40625,4,8
13,2003,0.0015207529067993164,0.0015207529067993164,0.95703125,3,5
13,2004,0.10820402170065792,0.1381557583808899,0.61328125,2,2
13,2005,0.05758798681199552,0.10309457778930664,0.5234375,3,8
13,2006,0.11533429287374021,0.12405705451965332,0.671875,4,10
13,2007,0.06152546405792236,0.06152546405792236,0.75390625,3,4
13,2008,0.10820406838320197,0.13815581798553467,0.61328125,3,3
13,2009,0.06549966870807113,0.11934459209442139,0.51953125,3,6
13,2010,0.0728989113122225,0.1048433780670166,0.578125,5,12
13,2011,0.006324887275695801,0.006324887275695801,0.90625,2,2
13,2012,0.10820518876425923,0.13815724849700928,0.61328125,2,3
13,2013,0.10888539883308114,0.1356431245803833,0.62109375,3,7
13,2014,0.07624334399588407,0.08032220602035522,0.6796875,3,4
13,2015,0.06212598085403444,0.12425196170806885,0.5,5,9
13,2016,0.10820406838320197,0.13815581798553467,0.61328125,2,2
13,2017,0.0,0.1993337869644165,0.2890625,2,2
13,2018,0.10820481530390681,0.13815677165985107,0.61328125,1,0
13,2019,0.04658228158950806,0.04658228158950806,0.765625,1,1
13,2020,0.10497391223907473,0.20994782447814941,0.5,4,9
13,2021,0.10820472193881871,0.13815665245056152,0.61328125,4,9
13,2022,0.021076440811157227,0.021076440811157227,0.81640625,1,2
13,2023,0.10819132404867561,0.138139545917511,0.61328125,1,1
13,2024,0.10818446171469988,0.138130784034729,0.61328125,1,1
13,2025,0.10820584231987597,0.13815808296203613,0.61328125,2,2
13,2026,0.1081067352788523,0.13803154230117798,0.61328125,2,3
13,2027,0.10818091384135188,0.13812625408172607,0.61328125,1,0
13,2028,0.07624611631035806,0.08032512664794922,0.6796875,1,1
14,1901,0.11168562248349191,0.1652688980102539,0.5703125,3,3
14,1972,0.09589342935942115,0.11525219678878784,0.6328125,2,0
14,2029,0.10677530406974257,0.14735567569732666,0.58984375,3,1
14,2030,0.04947495460510254,0.04947495460510254,0.78125,2,0
14,2031,0.09190710028633477,0.11046111583709717,0.6328125,1,1
14,2032,0.04742711782455444,0.04742711782455444,0.79296875,1,0
14,2033,0.09502373007126154,0.11288201808929443,0.63671875,2,0
14,2034,0.10421070351731034,0.13305705785751343,0.61328125,3,2
14,2035,0.07517462968826294,0.07517462968826294,0.7265625,3,3
14,2036,0.10369865689426662,0.14120668172836304,0.59375,1,0
14,2037,0.05441403388977051,0.05441403388977051,0.77734375,2,0
14,2038,0.1049766098149121,0.14487338066101074,0.58984375,3,2
14,2039,0.08950535394251348,0.09239262342453003,0.6875,3,3
14,2040,0.09956069942563774,0.13557201623916626,0.59375,2,0
14,2041,0.09465158206876369,0.11243993043899536,0.63671875,2,1
14,2042,0.09775186073966326,0.13136208057403564,0.59765625,2,0
14,2043,0.08303231932222845,0.08838367462158203,0.67578125,2,0
14,2044,0.09531385148875417,0.11591613292694092,0.62890625,2,1
14,2045,0.0954221037682146,0.11887133121490479,0.62109375,2,1
14,2046,0.10617707041092218,0.16935408115386963,0.55078125,2,2
14,1991,0.10744272044394167,0.14827674627304077,0.58984375,2,1
14,1968,0.11158789903856815,0.1499553918838501,0.59765625,1,1
14,2047,0.10921303951181473,0.15489494800567627,0.58203125,1,0
14,2048,0.115305382758379,0.14908170700073242,0.609375,2,2
14,2049,0.08234799501951785,0.08765524625778198,0.67578125,3,3
14,2050,0.09241914562880994,0.1097879409790039,0.63671875,3,2
14,2051,0.08929973607882859,0.11124444007873535,0.62109375,2,3
14,2052,0.061460793018341064,0.061460793018341064,0.74609375,4,3
14,2053,0.10539266676642002,0.16302430629730225,0.55859375,1,0
14,2054,0.10889109992422165,0.1502755880355835,0.58984375,1,0
14,2055,0.10781206784304233,0.1667667031288147,0.55859375,4,4
14,2056,0.056107521057128906,0.056107521057128906,0.765625,5,4
14,2057,0.10763115319423379,0.16648685932159424,0.55859375,2,0
14,2058,0.07786226272583008,0.07786226272583008,0.71484375,2,0
14,2059,0.09966229461133481,0.13571035861968994,0.59375,1,0
14,2060,0.10695467249024661,0.14760321378707886,0.58984375,1,1
14,2061,0.09954965603537859,0.17515265941619873,0.52734375,4,3
14,2062,0.10331331286579372,0.14858543872833252,0.578125,2,1
14,2063,0.10117562953382732,0.13777107000350952,0.59375,2,1
14,2064,0.07786071300506592,0.07786071300506592,0.71875,1,0
14,2065,0.10079634375870229,0.13725459575653076,0.59375,1,0
14,2066,0.08990576257929207,0.10557740926742554,0.640625,4,3
14,2067,0.0483159434515983,0.18883788585662842,0.40234375,1,1
14,2068,0.07786226272583008,0.07786226272583008,0.71484375,2,1
14,2069,0.1055006254464388,0.14366042613983154,0.59375,2,0
14,2070,0.0,0.19356822967529297,0.296875,1,0
14,2071,0.07786226272583008,0.07786226272583008,0.71484375,2,0
14,2072,0.10600444301962854,0.1443464756011963,0.59375,1,0
14,2073,0.1062268763780594,0.14659881591796875,0.58984375,1,0
14,2074,0.10789872938767077,0.15094029903411865,0.5859375,1,1
14,2075,0.10857676528394224,0.15615534782409668,0.578125,2,3
14,2076,0.10619343083817513,0.16426295042037964,0.55859375,1,1
14,2077,0.09367834648583086,0.17698639631271362,0.51171875,1,0
14,2078,0.0,0.19753330945968628,0.21875,1,1
14,2079,0.11267525446601213,0.16673332452774048,0.5703125,2,2
14,2080,0.08373604842927308,0.09102517366409302,0.66796875,1,1
14,2081,0.09656967292539777,0.175956130027771,0.51953125,1,1
14,2082,0.08274673577398063,0.17951834201812744,0.484375,2,0
14,2083,0.06334407068789007,0.18427366018295288,0.4375,2,1
14,2084,0.058055758476257324,0.058055758476257324,0.7578125,3,4
14,2085,0.11111120972782375,0.17450594902038574,0.5546875,2,2
14,2086,0.10570197738707067,0.14393460750579834,0.59375,1,0
14,2087,0.09545111772604288,0.12827026844024658,0.59765625,3,3
14,2088,0.09964758716523649,0.1356903314590454,0.59375,3,2
14,2089,0.10481957264710219,0.15289920568466187,0.57421875,1,2
14,2090,0.10098508931696416,0.13751161098480225,0.59375,2,1
14,2091,0.1072247192496434,0.1710250973701477,0.55078125,2,1
14,2092,0.10616630327422173,0.16422098875045776,0.55859375,1,0
14,2093,0.08285542600788177,0.11434495449066162,0.58984375,1,1
14,2094,0.10517662391066553,0.1432192325592041,0.59375,1,0
14,2095,0.028759777545928955,0.028759777545928955,0.83203125,2,1
14,2096,0.1067626087460667,0.16514337062835693,0.55859375,2,1
14,2097,0.10817696421872826,0.1725439429283142,0.55078125,2,1
14,1429,0.14886207995004955,0.18544375896453857,0.62109375,3,8
14,1915,0.06458581099286677,0.2189929485321045,0.41796875,4,9
14,2098,0.0936856035841629,0.11670809984207153,0.62109375,4,3
14,2099,0.09453889774158598,0.1136242151260376,0.6328125,4,4
14,2100,0.09682512329891325,0.13011670112609863,0.59765625,5,3
14,2101,0.10177140834275634,0.1267809271812439,0.62109375,3,7
14,2102,0.09968610666692258,0.13574278354644775,0.59375,4,4
14,2103,0.10432779416441919,0.14206337928771973,0.59375,5,11
14,2104,0.0680091449758038,0.06814223527908325,0.69921875,3,4
14,2105,0.09964040853083135,0.13568055629730225,0.59375,4,2
14,2106,0.07785916328430176,0.07785916328430176,0.71875,3,1
14,2107,0.10848920419812204,0.14390277862548828,0.6015625,4,4
14,2108,0.10472314432263376,0.14260172843933105,0.59375,4,2
14,2109,0.0979593440424651,0.13518917560577393,0.58984375,4,8
14,2110,0.11816754145547749,0.12983214855194092,0.6640625,3,5
14,2111,0.09316437784582378,0.14410924911499023,0.55859375,4,8
14,2112,0.0545044387690723,0.07324481010437012,0.59765625,4,8
14,2113,0.10569112189114095,0.14391982555389404,0.59375,4,3
14,2114,0.09694908326491715,0.1207735538482666,0.62109375,4,2
14,2115,0.0,0.15885305404663086,0.2890625,4,8
14,2116,0.10549756139516832,0.14365625381469727,0.59375,4,3
14,2117,0.09438734175637366,0.113442063331604,0.6328125,4,4
14,2118,0.083230220945552,0.08678996562957764,0.68359375,4,1
14,2119,0.09960477799177171,0.13563203811645508,0.59375,5,3
14,2120,0.06119941477663816,0.07813990116119385,0.61328125,4,5
14,2121,0.02650010585784912,0.02650010585784912,0.83984375,4,2
14,2122,0.10497592762112619,0.1357264518737793,0.609375,4,2
14,2123,0.09369863488245757,0.11963516473770142,0.61328125,3,5
14,2124,0.03547888994216919,0.03547888994216919,0.80078125,4,2
14,2125,0.05622279644012451,0.05622279644012451,0.78125,3,7
14,2126,0.07390119787305595,0.08882021903991699,0.6328125,3,6
14,2127,0.10594276804476978,0.14426249265670776,0.59375,4,2
14,2128,0.10598265426233412,0.15912938117980957,0.56640625,4,2
14,2129,0.09968479350209238,0.1357409954071045,0.59375,4,3
14,1874,0.15274138003587726,0.20798826217651367,0.59375,4,10
14,1992,0.10906708030961455,0.16376054286956787,0.56640625,1,1
14,2130,0.06830644607543945,0.06830644607543945,0.73046875,2,2
14,2131,0.11009919783100487,0.17291653156280518,0.5546875,1,0
14,2132,0.02280369214713574,0.19140148162841797,0.34765625,2,0
14,2133,0.0996685540303588,0.13571888208389282,0.59375,1,0
14,2134,0.06720411777496338,0.06720411777496338,0.734375,3,2
14,2135,0.0996836554259062,0.13573944568634033,0.59375,1,0
14,2136,0.08890264248475434,0.12269043922424316,0.58984375,1,2
14,2137,0.10632417490705849,0.16446518898010254,0.55859375,1,0
14,2138,0.09503552410751583,0.17629778385162354,0.515625,1,1
14,2139,0.17172153596766296,0.19713324308395386,0.6484375,4,10
14,2140,0.06197071075439453,0.06197071075439453,0.7734375,1,1
14,2141,0.09673044923692943,0.12830567359924316,0.6015625,4,9
14,2142,0.06784826517105104,0.10338783264160156,0.5625,4,8
14,2143,0.0796576738357544,0.0796576738357544,0.703125,2,0
14,2144,0.10392388817854227,0.13105672597885132,0.6171875,3,7
14,2145,0.07597083877772094,0.08347010612487793,0.6640625,4,11
14,2146,0.10290455818176271,0.15680694580078125,0.5625,1,1
14,2147,0.09448529616929592,0.12532764673233032,0.6015625,3,8
14,2148,0.10737910750322045,0.1686444878578186,0.5546875,1,1
14,2149,0.10808908694889398,0.15766841173171997,0.57421875,1,0
14,2150,0.10499122925102712,0.17011237144470215,0.546875,1,0
14,2151,0.10687874874565752,0.16047483682632446,0.56640625,1,1
14,2152,0.09968234226107599,0.13573765754699707,0.59375,2,1
14,2153,0.09803077136166395,0.13003045320510864,0.6015625,4,9
14,2154,0.09908629674464466,0.13492602109909058,0.59375,1,0
14,2155,0.08374258293770255,0.09948074817657471,0.63671875,4,10
14,2156,0.030131816864013672,0.030131816864013672,0.82421875,1,0
14,2157,0.10092689155135305,0.13928455114364624,0.58984375,1,1
14,2158,0.10776968102436514,0.16670113801956177,0.55859375,1,0
14,2159,0.07601416110992432,0.07601416110992432,0.7109375,4,10
14,2160,0.09964434802532197,0.13568592071533203,0.59375,2,0
14,2161,0.02873212774284185,0.24116146564483643,0.34765625,5,12
14,2162,0.015070088091306397,0.24889951944351196,0.32421875,4,11
14,2163,0.09968247357755901,0.1357378363609314,0.59375,1,1
14,2164,0.0977441710419953,0.13489222526550293,0.58984375,3,9
14,2165,0.09480495471507312,0.17587006092071533,0.515625,2,2
14,2166,0.08505334425717594,0.18452250957489014,0.484375,1,1
14,2167,0.08884042222052814,0.10432636737823486,0.640625,3,1
14,2168,0.006750822067260742,0.006750822067260742,0.90625,1,1
14,2169,0.07285255193710327,0.07285255193710327,0.7109375,4,9
14,2170,0.0,0.17549508810043335,0.296875,5,11
15,2060,0.10061167622916402,0.14269578456878662,0.58203125,1,1
15,2029,0.11044450337067248,0.14279693365097046,0.609375,3,1
15,2171,0.05708092451095581,0.05708092451095581,0.7578125,1,1
15,2172,0.10415929346345366,0.12975561618804932,0.62109375,3,2
15,2173,0.08586157369427384,0.101997971534729,0.63671875,1,1
15,2174,0.10036801686510445,0.12503266334533691,0.62109375,3,1
15,2175,0.02801525592803955,0.02801525592803955,0.8515625,1,1
15,2176,0.09092132141813637,0.10800862312316895,0.63671875,1,0
15,2177,0.04846000671386719,0.04846000671386719,0.79296875,2,0
15,2178,0.0959778167307377,0.12254524230957031,0.61328125,3,3
15,2179,0.09154189657419921,0.16981685161590576,0.515625,4,3
15,2180,0.07042419910430908,0.07042419910430908,0.703125,3,1
15,2181,0.10819484665989877,0.13988828659057617,0.609375,3,2
15,2182,0.113121121423319,0.14812791347503662,0.60546875,1,1
15,2183,0.11060792952775957,0.14300823211669922,0.609375,1,0
15,2184,0.10683262860402466,0.13640475273132324,0.61328125,4,2
15,2185,0.11162914847955109,0.1500108242034912,0.59765625,1,1
15,2186,0.07374073611572386,0.07768571376800537,0.6796875,1,0
15,2187,0.10668234550394119,0.13289868831634521,0.62109375,2,0
15,2188,0.08492104988545181,0.12566351890563965,0.5703125,1,1
15,2189,0.10819484665989877,0.13988828659057617,0.609375,4,2
15,2190,0.018479585647583008,0.018479585647583008,0.859375,1,1
15,2191,0.11044450337067248,0.14279693365097046,0.609375,4,3
15,2192,0.029622912406921387,0.029622912406921387,0.83984375,4,2
15,2193,0.09598530177026988,0.15074992179870605,0.5546875,4,2
15,2194,0.10583966947160663,0.13184893131256104,0.62109375,4,2
15,2195,0.008195161819458008,0.008195161819458008,0.91796875,1,0
15,2196,0.10147069185040893,0.12640631198883057,0.62109375,4,2
15,2197,0.07379063777625562,0.07773828506469727,0.6796875,1,0
15,2198,0.11336073023267092,0.14844167232513428,0.60546875,1,0
15,2199,0.10288564406801017,0.15447932481765747,0.56640625,1,1
15,2200,0.039670467376708984,0.039670467376708984,0.8125,5,3
15,2201,0.11123439390212299,0.15997755527496338,0.578125,1,1
15,2202,0.07971960213035346,0.10307180881500244,0.609375,4,2
15,2203,0.10728596895933153,0.1634833812713623,0.5625,1,0
15,2204,0.1000313423573971,0.1673727035522461,0.5390625,4,2
15,2205,0.10775066865608098,0.13931399583816528,0.609375,2,1
15,2110,0.10716802580282093,0.12442183494567871,0.64453125,3,5
15,2048,0.11029087891802193,0.14442181587219238,0.60546875,2,2
15,2206,0.11337867926340552,0.1564686894416809,0.58984375,2,1
15,2207,0.1138931647874415,0.1593259572982788,0.5859375,3,3
15,2208,0.07300722866784783,0.07771247625350952,0.67578125,2,3
15,2209,0.10455666994675995,0.150373637676239,0.578125,1,1
15,2210,0.0988770639523864,0.10310602188110352,0.68359375,4,6
15,2211,0.05460775271058083,0.17922544479370117,0.421875,1,0
15,2212,0.05921059846878052,0.05921059846878052,0.70703125,1,1
15,2213,0.07790338620543481,0.11870992183685303,0.5625,2,3
15,2214,0.10427713277749719,0.1331418752670288,0.61328125,3,5
15,2215,0.10683370230253787,0.13640612363815308,0.61328125,3,4
15,2216,0.11373498768080027,0.16130834817886353,0.58203125,2,2
15,2217,0.00041425228118896484,0.00041425228118896484,0.9609375,2,3
15,2218,0.0,0.17531490325927734,0.26171875,3,3
15,2219,0.10004447493702175,0.13806676864624023,0.58984375,3,4
15,2220,0.10825878335162999,0.12427914142608643,0.6484375,2,2
15,2221,0.10462078754790129,0.15708458423614502,0.56640625,2,2
15,2222,0.10823232354596259,0.1454460620880127,0.59765625,3,6
15,2223,0.07994727871846409,0.15683144330978394,0.50390625,1,1
15,2224,0.0,0.1906834840774536,0.2109375,2,2
15,2225,0.10413543973118068,0.14371252059936523,0.58984375,2,2
15,2226,0.09575918316841127,0.11785745620727539,0.625,1,1
15,2227,0.09861258789896966,0.12749910354614258,0.609375,2,2
15,2228,0.10950299352407457,0.14157962799072266,0.609375,2,3
15,2229,0.061598645523190505,0.1791960597038269,0.4375,3,2
15,2230,0.11196910031139852,0.15246856212615967,0.59375,2,2
15,2231,0.11484075011685492,0.1543266773223877,0.59765625,2,2
15,2232,0.07379063777625562,0.07773828506469727,0.6796875,2,2
15,2233,0.011128067970275879,0.011128067970275879,0.88671875,1,1
15,2234,0.11378542613238098,0.1549418568611145,0.59375,1,1
15,2235,0.08093319984618576,0.1033361554145813,0.61328125,3,3
15,2236,0.0883072118740529,0.09303146600723267,0.6796875,3,3
15,2237,0.11198022752068938,0.15453875064849854,0.58984375,1,0
15,2238,0.10333397611975671,0.127180278301239,0.625,3,5
15,2239,0.10579722945112736,0.13179606199264526,0.62109375,1,0
15,2240,0.10055476822890343,0.13167273998260498,0.60546875,3,5
15,1429,0.12210113275796176,0.16850614547729492,0.58984375,3,8
15,2107,0.10313380393199624,0.13859450817108154,0.59765625,4,4
15,2241,0.10282818716950716,0.15905749797821045,0.55859375,2,2
15,2242,0.05725127458572388,0.05725127458572388,0.77734375,2,4
15,2243,0.05485730804502965,0.07183361053466797,0.60546875,2,6
15,2244,0.1053012984339148,0.13117825984954834,0.62109375,1,0
15,2245,0.08782959217205645,0.10196995735168457,0.64453125,1,0
15,2246,0.019221999100409455,0.16133874654769897,0.34765625,4,8
15,2247,0.0990889146924019,0.15099263191223145,0.5625,2,2
15,2248,0.10738616343587638,0.135422945022583,0.6171875,1,1
15,2249,0.06761144567281009,0.1045832633972168,0.55859375,3,7
15,2250,0.05766148190014066,0.20221012830734253,0.4140625,3,6
15,2251,0.11573921050876382,0.18752682209014893,0.546875,3,7
15,2252,0.08126752381213011,0.09435141086578369,0.64453125,1,1
15,2253,0.09071647468954326,0.15178704261779785,0.5390625,3,8
15,2254,0.08180734456982465,0.1346796154975891,0.54296875,3,8
15,2255,0.07492224988527597,0.0814441442489624,0.66796875,4,5
15,2256,0.07842820044606925,0.10679584741592407,0.59375,3,8
15,2257,0.10829806560650469,0.14002174139022827,0.609375,4,4
15,2258,0.041375935077667236,0.041375935077667236,0.77734375,3,7
15,2259,0.04918303689919413,0.113944411277771,0.47265625,3,6
15,2260,0.013349831104278564,0.013349831104278564,0.89453125,1,0
15,2261,0.1028831508010626,0.13302063941955566,0.609375,4,3
15,2262,0.09413828118704261,0.1172720193862915,0.62109375,3,7
15,2263,0.09042087942361833,0.11128723621368408,0.625,3,7
15,2264,0.07379063777625562,0.07773828506469727,0.6796875,4,4
15,2265,0.06379214767366649,0.13552522659301758,0.48828125,4,5
15,2266,0.10204667039215566,0.12712383270263672,0.62109375,1,0
15,2267,0.08938638120889665,0.10870742797851562,0.62890625,3,8
15,2268,0.0,0.18934166431427002,0.203125,5,4
15,2269,0.01606464385986328,0.01606464385986328,0.875,4,4
15,2270,0.09305415675044061,0.12185096740722656,0.60546875,5,5
15,2139,0.13175566785503182,0.1725291609764099,0.60546875,4,10
15,1874,0.13174945651553574,0.18430525064468384,0.5859375,4,10
15,2271,0.002376854419708252,0.002376854419708252,0.91796875,5,11
15,2272,0.013689279556274414,0.013689279556274414,0.87890625,1,1
15,2273,0.03554534912109375,0.03554534912109375,0.80859375,5,11
15,2274,0.10397235536947848,0.16583752632141113,0.55078125,4,4
15,2275,0.0819799266755581,0.1328282356262207,0.546875,4,9
15,2276,0.04784679412841797,0.04784679412841797,0.75,3,6
15,2277,0.07086277927737684,0.08617991209030151,0.62890625,4,8
15,2278,0.06343303923495115,0.1794348955154419,0.44140625,4,9
15,2279,0.09351148735731842,0.14464616775512695,0.55859375,1,1
15,2280,0.03749237442389131,0.18109524250030518,0.3828125,1,1
15,2281,0.09980586729943754,0.13590586185455322,0.59375,4,11
15,2282,0.0,0.1898040771484375,0.234375,5,11
15,2283,0.11296642874367537,0.15180790424346924,0.59765625,1,0
15,2284,0.09072294947691263,0.11583578586578369,0.61328125,5,11
15,2285,0.11339523713104428,0.14126121997833252,0.62109375,4,9
15,2286,0.10583966947160663,0.13184893131256104,0.62109375,4,8
15,2287,0.057803020812571056,0.07200765609741211,0.62109375,5,11
15,2288,0.10688997292891146,0.13820117712020874,0.609375,3,3
15,2289,0.0,0.18579769134521484,0.29296875,2,1
15,2290,0.0793684485834092,0.10665786266326904,0.59765625,5,6
15,2291,0.10645637381821872,0.13425040245056152,0.6171875,2,1
15,2292,0.09909186617005618,0.15327805280685425,0.55859375,4,10
15,2293,0.11157281626947226,0.14070266485214233,0.6171875,4,10
15,2294,0.08945978712290527,0.1405012607574463,0.5546875,4,9
15,2295,0.08488707477226855,0.10084033012390137,0.63671875,1,2
15,2296,0.06645047664642334,0.06645047664642334,0.75390625,4,9
15,2297,0.08402025699615479,0.08402025699615479,0.73828125,4,11
15,2298,0.11185588594526054,0.16087138652801514,0.578125,1,0
15,2299,0.07377117499709131,0.07771778106689453,0.6796875,2,2
15,2300,0.08561759488657118,0.09828746318817139,0.6484375,1,0
15,2301,0.1058170379837975,0.13182073831558228,0.62109375,2,1
15,2302,0.10110774624627085,0.15180987119674683,0.56640625,4,10
15,2303,0.08544109901413323,0.11333119869232178,0.6015625,1,2
15,2304,0.10051709762774409,0.133328378200531,0.6015625,1,2
15,2305,0.0847078561782837,0.17279052734375,0.49609375,1,0
15,2306,0.09193996503017844,0.16176378726959229,0.52734375,4,9
15,2307,0.05456017726100982,0.08192026615142822,0.56640625,3,7
15,2308,0.11185588594526054,0.16087138652801514,0.578125,1,0
15,2309,0.06420019688084723,0.17672312259674072,0.4453125,1,0
15,2310,0.115009643137455,0.15255165100097656,0.6015625,1,1
15,2311,0.11346585745923222,0.15247905254364014,0.59765625,1,0
15,2312,0.0650141767691821,0.07067358493804932,0.66796875,4,10
16,2189,0.11040164623409511,0.13922572135925293,0.6171875,4,2
16,2181,0.11040164623409511,0.13922572135925293,0.6171875,3,2
16,2313,0.08942620852030815,0.09421032667160034,0.6796875,3,1
16,2314,0.07337438687682153,0.09030693769454956,0.625,1,2
16,2315,0.10153131186962129,0.12496161460876465,0.625,2,1
16,2316,0.10568900743965061,0.12853389978408813,0.62890625,1,1
16,2317,0.10232709348201753,0.12594103813171387,0.625,4,5
16,2318,0.10867626091931017,0.13538259267807007,0.62109375,4,3
16,2319,0.11040164623409511,0.13922572135925293,0.6171875,3,2
16,2320,0.09850674122571947,0.1212390661239624,0.625,2,0
16,2321,0.11040164623409511,0.13922572135925293,0.6171875,3,2
16,2322,0.10612569702789189,0.13220524787902832,0.62109375,4,2
16,2323,0.06385165452957153,0.06385165452957153,0.7265625,4,3
16,2324,0.07865321636199951,0.07865321636199951,0.70703125,4,4
16,2325,0.09549652319401504,0.10722416639328003,0.65625,1,1
16,2326,0.07009059190750122,0.07009059190750122,0.72265625,3,2
16,2327,0.12178625911474229,0.14989078044891357,0.625,3,2
16,2328,0.08073419332504272,0.08073419332504272,0.70703125,3,1
16,2329,0.05930381419602783,0.11633545160293579,0.50390625,1,2
16,2330,0.09030797425657512,0.0951392650604248,0.6796875,3,2
16,2331,0.015865981578826904,0.015865981578826904,0.91796875,1,1
16,2332,0.05352652072906494,0.05352652072906494,0.77734375,3,4
16,2333,0.07504532008897515,0.07825499773025513,0.68359375,3,4
16,2334,0.10866904258728027,0.10866904258728027,0.71484375,4,6
16,2335,0.11495976196601988,0.134998619556427,0.640625,2,3
16,2336,0.11906553059816362,0.14654219150543213,0.625,3,2
16,2337,0.07317841053009033,0.07317841053009033,0.7109375,4,2
16,2338,0.0373799204826355,0.0373799204826355,0.80859375,1,1
16,2339,0.0,0.16938942670822144,0.2734375,1,1
16,2340,0.03842979669570923,0.03842979669570923,0.8046875,3,1
16,2341,0.09459707024507226,0.11369413137435913,0.6328125,5,4
16,2310,0.11689232010394336,0.15306615829467773,0.60546875,1,1
16,2231,0.12101889355108143,0.15451788902282715,0.61328125,2,2
16,2342,0.11927884840406479,0.15229618549346924,0.61328125,2,1
16,2343,0.10419747512787582,0.12980318069458008,0.62109375,2,2
16,2344,0.03603208065032959,0.03603208065032959,0.8125,2,0
16,2345,0.10183065151795746,0.15993034839630127,0.5546875,2,3
16,2346,0.09086136100813748,0.0998305082321167,0.6640625,1,0
16,2347,0.10837516933679582,0.1333848237991333,0.625,1,1
16,2348,0.12665388034656647,0.17020153999328613,0.59765625,1,1
16,2349,0.10466493736021222,0.13038551807403564,0.62109375,1,0
16,2350,0.11927884840406479,0.15229618549346924,0.61328125,1,0
16,2351,0.04346955846995116,0.14266932010650635,0.421875,1,1
16,2352,0.02677929401397705,0.02677929401397705,0.8515625,1,2
16,2353,0.11805194499902429,0.14887338876724243,0.6171875,1,1
16,2354,0.12134760688059033,0.17210519313812256,0.58203125,1,1
16,2355,0.11659343540668489,0.14349961280822754,0.625,1,0
16,2356,0.09841981157660486,0.12113207578659058,0.625,1,0
16,2357,0.044313141144812114,0.16091012954711914,0.41015625,1,1
16,2358,0.10223068040795626,0.17389404773712158,0.53515625,2,2
16,2359,0.11452118027955295,0.16705083847045898,0.57421875,1,1
16,2360,0.07299518585205078,0.07299518585205078,0.7109375,2,1
16,2361,0.07605536514893176,0.12725603580474854,0.5390625,2,3
16,2362,0.11896958621218802,0.1538192629814148,0.609375,1,0
16,2363,0.0983263779198751,0.17915695905685425,0.51953125,1,0
16,2364,0.11627968354150654,0.1720670461654663,0.5703125,1,0
16,2365,0.08060168521478774,0.18260204792022705,0.4765625,1,0
16,2366,0.10995386121794583,0.13866102695465088,0.6171875,1,0
16,2367,0.06367284059524536,0.06367284059524536,0.73828125,3,4
16,2368,0.11424910929054023,0.14232492446899414,0.62109375,2,1
16,2369,0.11860045976936819,0.15334200859069824,0.609375,1,0
16,2370,0.09460398834198715,0.14633607864379883,0.55859375,1,1
16,2371,0.10487101308535786,0.13064223527908325,0.62109375,1,0
16,2372,0.05913054943084717,0.05913054943084717,0.76953125,3,4
16,2373,0.11860066594090314,0.1682092547416687,0.58203125,1,0
16,2374,0.10650165332481266,0.13430750370025635,0.6171875,2,1
16,2375,0.09842971735633911,0.1793452501296997,0.51953125,1,0
16,2376,0.10480268800165506,0.130557119846344,0.62109375,1,0
16,2377,0.11860066594090314,0.1682092547416687,0.58203125,2,2
16,2378,0.05135512351989746,0.05135512351989746,0.78125,3,3
16,2379,0.12630986701697114,0.17199641466140747,0.59375,1,1
16,1429,0.1369296116754413,0.17483282089233398,0.61328125,3,8
16,2198,0.11911095574032517,0.1483815312385559,0.62109375,1,0
16,2380,0.11424709972925486,0.14232242107391357,0.62109375,1,0
16,2381,0.11516920127905907,0.1434711217880249,0.62109375,5,5
16,2382,0.10022405930794777,0.1383146047592163,0.58984375,2,5
16,2383,0.10986254597082735,0.13854587078094482,0.6171875,1,0
16,2384,0.08122950792312622,0.08122950792312622,0.71875,3,7
16,2385,0.111023360863328,0.14538097381591797,0.60546875,1,1
16,2386,0.06757498986553402,0.08628028631210327,0.61328125,1,2
16,2387,0.09539286757353695,0.11332052946090698,0.63671875,4,2
16,2388,0.11424709972925486,0.14232242107391357,0.62109375,3,1
16,2389,0.08609059383161367,0.10347038507461548,0.6328125,3,7
16,2390,0.06780779361724854,0.06780779361724854,0.7265625,1,1
16,2391,0.02414834499359131,0.02414834499359131,0.8515625,2,4
16,2392,0.11849225009791554,0.14761078357696533,0.62109375,4,5
16,2393,0.11489833146333696,0.17002296447753906,0.5703125,2,0
16,2394,0.11415544245392086,0.1714005470275879,0.56640625,1,0
16,2395,0.013705551624298096,0.013705551624298096,0.87890625,3,8
16,2396,0.10094676655717195,0.12276661396026611,0.62890625,4,4
16,2397,0.07324302196502686,0.07324302196502686,0.7109375,3,0
16,2398,0.1172828954877332,0.18706804513931274,0.55078125,3,6
16,2399,0.09381351247429849,0.1030740737915039,0.6640625,1,1
16,2400,0.07724976539611816,0.07724976539611816,0.73828125,3,7
16,2401,0.09676003921777011,0.1794968843460083,0.515625,1,1
16,2402,0.11097911698743702,0.1453230381011963,0.60546875,1,1
16,2403,0.12371140264440329,0.15795570611953735,0.61328125,1,0
16,2404,0.11732773692347111,0.13621723651885986,0.64453125,1,2
16,2405,0.0986016953829676,0.11991465091705322,0.62890625,1,1
16,2406,0.12036573723889889,0.1517912745475769,0.6171875,1,0
16,2407,0.0731697678565979,0.0731697678565979,0.7109375,1,1
16,2408,0.12307521968614311,0.16116243600845337,0.60546875,1,1
16,2409,0.07256132364273071,0.07256132364273071,0.7109375,2,2
16,2410,0.1261138264089823,0.16102313995361328,0.61328125,4,1
16,2411,0.09036355279386045,0.0971977710723877,0.671875,1,0
16,2412,0.10300508758518846,0.11958867311477661,0.64453125,1,1
16,2413,0.05946681229397655,0.07064270973205566,0.63671875,2,5
16,2414,0.11632436409126969,0.14491015672683716,0.62109375,1,0
16,2415,0.11796852201223375,0.14519202709197998,0.625,2,1
16,2416,0.09085584804415704,0.09772729873657227,0.671875,1,1
16,2417,0.10487101308535786,0.13064223527908325,0.62109375,4,3
16,2418,0.11213002866134049,0.1449761986732483,0.609375,1,1
16,2139,0.154193208552897,0.18107092380523682,0.640625,4,10
16,1874,0.12911191023886207,0.1910557746887207,0.5703125,4,10
16,2419,0.10499546723440291,0.12619173526763916,0.6328125,1,1
16,2420,0.07626760657876731,0.10385376214981079,0.59375,4,10
16,2421,0.0896641560830176,0.14527863264083862,0.546875,3,4
16,2422,0.03311884775757791,0.30280089378356934,0.34375,4,8
16,2423,0.05715442216023804,0.1023184061050415,0.5234375,4,10
16,2424,0.012628754600882535,0.11546289920806885,0.34375,4,10
16,2425,0.11075622215867044,0.1687713861465454,0.5625,4,9
16,2426,0.07424473785795273,0.08619797229766846,0.64453125,3,6
16,2427,0.1163977049291134,0.15849900245666504,0.59375,5,11
16,2428,0.09508473984897138,0.10676181316375732,0.65625,1,0
16,2429,0.04082673788070679,0.04082673788070679,0.78125,4,8
16,2430,0.08053512126207353,0.1824512481689453,0.4765625,4,8
16,2431,0.05875371582806111,0.08219099044799805,0.5859375,4,11
16,2432,0.07870949059724809,0.08837556838989258,0.65625,5,12
16,2433,0.10328468028455974,0.13699936866760254,0.6015625,3,3
16,2434,0.08405691385269165,0.08405691385269165,0.71875,3,6
16,2435,0.08894777297973633,0.08894777297973633,0.72265625,3,5
16,2436,0.0003754338249564224,0.19222211837768555,0.30078125,3,7
16,2437,0.11723413411527873,0.15157544612884521,0.609375,3,8
16,2438,0.10536612756550313,0.1654829978942871,0.5546875,4,7
16,2439,0.11339183792006226,0.12326246500015259,0.66796875,4,8
16,2440,0.12126129120588304,0.14924466609954834,0.625,2,2
16,2441,0.02444404363632202,0.02444404363632202,0.8359375,4,9
16,2442,0.10961506841704251,0.13823378086090088,0.6171875,3,3
16,2443,0.08111405372619629,0.08111405372619629,0.71484375,1,1
16,2444,0.011143803596496582,0.011143803596496582,0.8828125,4,11
16,2445,0.05826449394226074,0.05826449394226074,0.76953125,4,7
16,2446,0.11853019427508117,0.16581273078918457,0.5859375,3,3
16,2447,0.08742940658703448,0.09210669994354248,0.6796875,2,1
16,2448,0.1022020324598998,0.12429320812225342,0.62890625,1,1
16,2449,0.01205456256866455,0.01205456256866455,0.90625,5,11
16,2450,0.08981159701943399,0.11053735017776489,0.625,3,6
16,2451,0.03141677379608154,0.03141677379608154,0.8125,3,3
16,2452,0.11850987235084177,0.11991512775421143,0.6953125,3,2
16,2453,0.02760779857635498,0.02760779857635498,0.84375,4,9
16,2454,0.06031878618523479,0.07002997398376465,0.64453125,4,9
17,2354,0.08987790346145631,0.1797558069229126,0.5,1,1
17,2335,0.1079894225113094,0.1432398557662964,0.6015625,2,3
17,2455,0.005059331655502324,0.16189861297607422,0.3125,1,1
17,2456,0.09075587592087687,0.10418611764907837,0.6484375,1,1
17,2457,0.028598486911505468,0.19266349077224731,0.359375,2,3
17,2458,0.0997945577837527,0.1199408769607544,0.6328125,1,0
17,2459,0.033897221088409424,0.033897221088409424,0.80859375,2,2
17,2460,0.08562218863517047,0.10290741920471191,0.6328125,2,3
17,2461,0.10586477164179088,0.1742854118347168,0.54296875,1,1
17,2462,0.10312073305249216,0.1284618377685547,0.62109375,1,0
17,2463,0.07413226738572122,0.1757209300994873,0.46875,1,2
17,2464,0.10123594384640457,0.13428187370300293,0.6015625,2,3
17,2465,0.09837986016646029,0.1155286431312561,0.640625,2,3
17,2466,0.09590589499566705,0.1687416434288025,0.52734375,1,1
17,2467,0.05859172344207764,0.05859172344207764,0.7421875,2,3
17,2468,0.10670121968723835,0.16757982969284058,0.5546875,1,1
17,2469,0.05348418443463744,0.18756097555160522,0.4140625,2,2
17,2470,0.08052117656916381,0.08147597312927246,0.6953125,2,3
17,2471,0.05199819209519775,0.1888161301612854,0.41015625,1,1
17,2472,0.1082492913119495,0.1399586796760559,0.609375,2,3
17,2473,0.08052117656916381,0.08147597312927246,0.6953125,1,1
17,2474,0.1041771402815357,0.12977784872055054,0.62109375,1,1
17,2475,0.07337387371808292,0.18236613273620605,0.4609375,1,0
17,2348,0.09960700059309603,0.17831742763519287,0.5234375,1,1
17,2379,0.1005567009560764,0.1800175905227661,0.5234375,1,1
17,2476,0.08015509508550168,0.12784862518310547,0.55078125,4,4
17,2477,0.11061458999756725,0.16135233640670776,0.57421875,1,0
17,2478,0.009383916854858398,0.009383916854858398,0.90625,2,2
17,2479,0.1063591710990295,0.1696445345878601,0.55078125,3,4
17,2480,0.08250685199163856,0.1752842664718628,0.48828125,1,1
17,2481,0.1102605164051056,0.14255905151367188,0.609375,3,1
17,2482,0.11854683049023153,0.17049431800842285,0.578125,1,2
17,2483,0.11010039097163828,0.14795643091201782,0.59765625,1,1
17,2484,0.10002343449741603,0.17301350831985474,0.53125,1,0
17,2485,0.11297719087451698,0.1624840497970581,0.578125,1,1
17,2486,0.08052117656916381,0.08147597312927246,0.6953125,2,2
17,2487,0.06197625398635864,0.06197625398635864,0.74609375,1,1
17,2488,0.11263520596548916,0.15756618976593018,0.5859375,2,2
17,2489,0.0,0.1992952823638916,0.19921875,1,1
17,2490,0.10868443490471692,0.16318601369857788,0.56640625,1,1
17,2491,0.11050599860027434,0.15458762645721436,0.5859375,1,1
17,2492,0.11227681383024903,0.15494805574417114,0.58984375,1,0
17,2493,0.0805053897202015,0.08145999908447266,0.6953125,1,0
17,2494,0.007143139839172363,0.007143139839172363,0.921875,1,1
17,2495,0.05645415210165084,0.17953121662139893,0.42578125,1,2
17,2496,0.1119431289844215,0.16329026222229004,0.57421875,1,1
17,2497,0.037590086460113525,0.037590086460113525,0.796875,3,3
17,2498,0.10617655212990941,0.1355670690536499,0.61328125,1,1
17,2499,0.10115991905331613,0.1564769744873047,0.55859375,1,1
17,2500,0.057517826557159424,0.057517826557159424,0.75390625,3,5
17,2501,0.08045779354870321,0.08141183853149414,0.6953125,1,1
17,2502,0.05520521756261588,0.07137644290924072,0.609375,1,1
17,2503,0.1107554202899337,0.16629552841186523,0.56640625,1,1
17,2504,0.007458090782165527,0.007458090782165527,0.91796875,2,1
17,2505,0.11368540814146401,0.159035325050354,0.5859375,1,0
17,2506,0.1085713477805257,0.1440117359161377,0.6015625,1,0
17,2507,0.10398405604064466,0.1311326026916504,0.6171875,3,1
17,2508,0.09341649350244553,0.17649167776107788,0.51171875,4,4
17,2509,0.09824883984401823,0.17588603496551514,0.5234375,2,2
17,2510,0.1097468649968505,0.14189493656158447,0.609375,1,0
17,2511,0.09390763053670527,0.10660910606384277,0.65234375,2,2
17,2512,0.10286696883849801,0.1382359266281128,0.59765625,2,3
17,2513,0.06973264121916146,0.1692090630531311,0.46484375,3,4
17,2514,0.08367063198238613,0.18152272701263428,0.484375,1,2
17,2515,0.05097305774688721,0.05097305774688721,0.74609375,2,2
17,2516,0.09351306362077595,0.17667412757873535,0.51171875,1,0
17,2517,0.06790995597839355,0.06790995597839355,0.72265625,2,2
17,2518,0.09836925077252091,0.17307579517364502,0.52734375,4,1
17,2519,0.0660092830657959,0.0660092830657959,0.7265625,1,0
17,2520,0.11061458999756725,0.16135233640670776,0.57421875,2,0
17,2521,0.0,0.19880461692810059,0.23046875,1,0
17,2522,0.10290460113901646,0.16941207647323608,0.54296875,1,1
17,2523,0.10970122646540405,0.14551043510437012,0.6015625,1,0
17,2524,0.10924966400489212,0.1507704257965088,0.58984375,1,0
17,2525,0.02159780263900757,0.02159780263900757,0.83203125,1,1
17,2526,0.10216046310961248,0.17093515396118164,0.5390625,4,1
17,2527,0.10591998486779632,0.13523948192596436,0.61328125,2,1
17,2528,0.09341649350244553,0.17649167776107788,0.51171875,1,0
17,2529,0.031706392765045166,0.031706392765045166,0.80078125,1,0
17,2530,0.09203610313124956,0.09796774387359619,0.67578125,1,2
17,2531,0.10987520869821311,0.14206087589263916,0.609375,1,0
17,2532,0.0779517791233957,0.1622411012649536,0.4921875,1,1
17,2533,0.06389343738555908,0.06389343738555908,0.73046875,3,2
17,2534,0.06579619646072388,0.06579619646072388,0.73046875,2,2
17,2535,0.1111945213051513,0.14942675828933716,0.59765625,1,1
17,2536,0.09061199007555844,0.17775225639343262,0.50390625,3,2
17,2537,0.03233808837831022,0.19252443313598633,0.3671875,4,1
17,1429,0.11814497434534134,0.1773906946182251,0.56640625,3,8
17,2446,0.09901941544376315,0.17421972751617432,0.52734375,3,3
17,2538,0.10896522726397963,0.1391276717185974,0.61328125,3,3
17,2539,0.05121944868005813,0.1304694414138794,0.45703125,3,8
17,2540,0.0,0.19821494817733765,0.24609375,3,1
17,2541,0.0639984104782343,0.18617719411849976,0.4375,3,2
17,2542,0.11805792339146139,0.13863682746887207,0.640625,3,4
17,2543,0.0,0.2402646541595459,0.296875,3,7
17,2544,0.09459710400551559,0.1073918342590332,0.65234375,3,4
17,2545,0.09040921926498413,0.09040921926498413,0.71484375,3,2
17,2546,0.08104644739069046,0.14767181873321533,0.51953125,4,8
17,2547,0.09468234423547985,0.17564260959625244,0.515625,3,3
17,2548,0.03544348478317261,0.03544348478317261,0.796875,3,5
17,2549,0.07143360399641098,0.18196022510528564,0.45703125,3,3
17,2550,0.06968182325363159,0.06968182325363159,0.71484375,3,7
17,2551,0.10027020145207645,0.10563445091247559,0.6796875,3,3
17,2552,0.09186251205392183,0.19119352102279663,0.4921875,3,2
17,2553,0.0,0.2138381004333496,0.13671875,2,1
17,2554,0.09309123980347069,0.11058634519577026,0.63671875,3,2
17,2555,0.0941396865528077,0.10807067155838013,0.6484375,4,5
17,2556,0.10815231665037574,0.14345592260360718,0.6015625,3,2
17,2557,0.060643239878118045,0.07121407985687256,0.640625,4,4
17,2558,0.0629657506942749,0.0629657506942749,0.7578125,5,9
17,2559,0.0488180669490248,0.06156367063522339,0.6171875,3,5
17,2560,0.10276712756603958,0.12498044967651367,0.62890625,3,4
17,2561,0.08683038002345712,0.18446952104568481,0.48828125,3,4
17,2562,0.10909015964716674,0.15912866592407227,0.57421875,3,4
17,2563,0.051050078123807914,0.0628308653831482,0.625,3,3
17,2564,0.11324488394893707,0.15841907262802124,0.5859375,3,3
17,2565,0.10457990574650468,0.11017471551895142,0.6796875,3,3
17,2566,0.10897903481964023,0.13575977087020874,0.62109375,4,9
17,2567,0.08050786377862097,0.08146250247955322,0.6953125,2,1
17,2568,0.08055741363205017,0.08071506023406982,0.69921875,3,5
17,2139,0.13308635365683588,0.17884570360183716,0.59765625,4,10
17,1874,0.12334689125418666,0.19372272491455078,0.5546875,4,10
17,2569,0.0678909793496132,0.10345292091369629,0.5625,3,6
17,2570,0.08051428454928101,0.08146899938583374,0.6953125,4,3
17,2571,0.059682390419766314,0.06223499774932861,0.68359375,5,12
17,2572,0.10099854390136899,0.1393834352493286,0.58984375,5,10
17,2573,0.11616409290581943,0.15818089246749878,0.59375,5,10
17,2574,0.06348249502480031,0.18467634916305542,0.4375,6,11
17,2575,0.1030017383163795,0.1283136010169983,0.62109375,4,2
17,2576,0.10880182846449317,0.24115383625030518,0.48046875,4,8
17,2577,0.12422848271671685,0.19216006994247437,0.55859375,4,7
17,2578,0.066304090898484,0.0868227481842041,0.60546875,4,9
17,2579,0.04300270811654628,0.09962618350982666,0.47265625,5,11
17,2580,0.0026015723124146527,0.2220008373260498,0.3046875,4,9
17,2581,0.04270142316818237,0.04270142316818237,0.7890625,4,9
17,2582,0.01860332489013672,0.01860332489013672,0.828125,4,6
17,2583,0.050570280756801374,0.15141510963439941,0.43359375,5,10
17,2584,0.05131012201309204,0.05131012201309204,0.7578125,5,11
17,2585,0.0933286026120186,0.14221501350402832,0.5625,4,10
17,2586,0.1199917660560459,0.18560659885406494,0.55859375,4,9
17,2587,0.0878867069259286,0.14239871501922607,0.546875,5,11
17,2588,0.09778210520744325,0.1331501007080078,0.59375,4,10
17,2589,0.0775997042655945,0.08010292053222656,0.6875,6,12
17,2590,0.07911181449890137,0.07911181449890137,0.73828125,4,6
17,2591,0.10282283148262651,0.13128501176834106,0.61328125,4,6
17,2592,0.19870555051602426,0.2635679841041565,0.6015625,4,9
17,2593,0.08501059329137207,0.13351356983184814,0.5546875,4,9
17,2594,0.10825007501989604,0.1399596929550171,0.609375,4,2
17,2595,0.08313298225402832,0.08313298225402832,0.71484375,5,10
17,2596,0.11669431556947532,0.20890730619430542,0.5234375,4,9
18,2596,0.10880343429744246,0.20183825492858887,0.515625,4,9
18,2472,0.08984402159694584,0.13489776849746704,0.56640625,2,3
18,2597,0.08984473615419121,0.134898841381073,0.56640625,2,3
18,2598,0.022298879921436317,0.11892735958099365,0.375,2,4
18,2599,0.05198677349835635,0.08423173427581787,0.546875,4,7
18,2600,0.09114800975658001,0.1348779797554016,0.5703125,2,2
18,2601,0.10724567284341903,0.17655879259109497,0.54296875,4,9
18,2602,0.09109000698663296,0.13479214906692505,0.5703125,3,6
18,2603,0.07747044321149589,0.1755082607269287,0.4765625,1,0
18,2604,0.07319403055589647,0.07791131734848022,0.67578125,3,5
18,2605,0.0,0.17869937419891357,0.17578125,2,3
18,2606,0.09664700028952213,0.1643962264060974,0.53515625,1,1
18,2607,0.0,0.19678688049316406,0.14453125,2,2
18,2608,0.02825695276260376,0.02825695276260376,0.8125,4,9
18,2609,0.08791057392954828,0.14021873474121094,0.55078125,5,9
18,2610,0.07728546857833864,0.1143646240234375,0.5703125,3,6
18,2611,0.08984533161856235,0.13489973545074463,0.56640625,2,2
18,2612,0.09168510511517526,0.1439962387084961,0.5546875,4,9
18,2613,0.05414891242980957,0.05414891242980957,0.73046875,3,4
18,2614,0.08088571345433594,0.1353381872177124,0.5390625,4,8
18,2615,0.03436839580535889,0.03436839580535889,0.7421875,4,7
18,2616,0.02879875898361206,0.02879875898361206,0.8203125,3,5
18,2617,0.008497459231875842,0.20717614889144897,0.31640625,4,8
18,2618,0.06782278348691763,0.17276251316070557,0.45703125,1,1
18,2619,0.03500509262084961,0.03500509262084961,0.80859375,3,4
18,2620,0.09817269467748703,0.16162192821502686,0.54296875,1,0
18,2621,0.07573151914402844,0.17156875133514404,0.4765625,3,4
18,2622,0.08445773902349175,0.09805524349212646,0.64453125,4,10
18,2623,0.025871634483337402,0.025871634483337402,0.796875,4,9
18,2482,0.09983147052116693,0.16435277462005615,0.54296875,1,2
18,2505,0.10223750094883145,0.15350615978240967,0.56640625,1,0
18,2624,0.0917857037857175,0.17026913166046143,0.515625,1,2
18,2625,0.0748324189335108,0.07724636793136597,0.6875,2,2
18,2626,0.07336779905017467,0.1626160740852356,0.48046875,1,1
18,2627,0.09041314758360387,0.1677229404449463,0.515625,2,2
18,2628,0.0766676706261933,0.08246606588363647,0.671875,1,1
18,2629,0.08984751498792322,0.13490301370620728,0.56640625,1,2
18,2630,0.10269370605237783,0.15419113636016846,0.56640625,1,0
18,2631,0.07450401561800392,0.07769054174423218,0.68359375,1,1
18,2632,0.09259058116003872,0.139021635055542,0.56640625,1,0
18,2633,0.09251492307521404,0.16277539730072021,0.52734375,2,3
18,2634,0.016077280044555664,0.016077280044555664,0.890625,1,1
18,2635,0.09237037273123862,0.14966338872909546,0.546875,1,2
18,2636,0.030511558055877686,0.030511558055877686,0.8046875,1,0
18,2637,0.09692525863647462,0.15704345703125,0.546875,1,1
18,2638,0.0995405634166673,0.14945679903030396,0.56640625,3,4
18,2639,0.09153649606741966,0.1667853593826294,0.51953125,3,2
18,2640,0.08276352542452516,0.1563650369644165,0.51171875,1,2
18,2641,0.10322460159659387,0.1572946310043335,0.5625,1,0
18,2642,0.08206382044591011,0.10885149240493774,0.6015625,1,0
18,2643,0.050781965255737305,0.050781965255737305,0.74609375,1,0
18,2644,0.08571046055294575,0.17838925123214722,0.4921875,1,1
18,2645,0.08519393415190281,0.11448633670806885,0.59765625,2,1
18,2646,0.0892213210463524,0.12149286270141602,0.59375,3,3
18,2647,0.07055914402008057,0.07055914402008057,0.71875,4,4
18,2648,0.10197011823765935,0.1508921980857849,0.5703125,1,0
18,2649,0.04133268585428596,0.16795504093170166,0.3984375,1,3
18,2650,0.014493763446807861,0.014493763446807861,0.8671875,1,2
18,2651,0.054259086493402726,0.13485753536224365,0.4609375,1,1
18,2652,0.08852300117723645,0.12555062770843506,0.58203125,1,0
18,2653,0.021947801113128662,0.021947801113128662,0.83984375,1,1
18,2654,0.09325823280960323,0.1511019468307495,0.546875,1,2
18,2655,0.09707786655053498,0.1436527967453003,0.5703125,2,0
18,2656,0.08840637211687864,0.13273918628692627,0.56640625,1,0
18,2657,0.07436551712453367,0.0775461196899414,0.68359375,1,1
18,2658,0.09166361670941116,0.17643523216247559,0.5078125,1,1
18,2659,0.05408900929614902,0.13443481922149658,0.4609375,1,1
18,2660,0.08401252608746292,0.11915349960327148,0.58203125,2,3
18,2661,0.09241843153722586,0.13675791025161743,0.5703125,1,1
18,2662,0.08262474858202042,0.10419672727584839,0.6171875,1,0
18,2663,0.10034729610197247,0.1706904172897339,0.53515625,1,1
18,2664,0.09663883410394193,0.1472591757774353,0.5625,1,0
18,2665,0.04046515282243491,0.1523393988609314,0.40625,1,1
18,2666,0.1012656236998737,0.15204691886901855,0.56640625,2,2
18,2667,0.07453425321727992,0.07772207260131836,0.68359375,2,1
18,2668,0.08859998476691545,0.11906349658966064,0.59765625,1,0
18,2669,0.08615825593005867,0.12936371564865112,0.56640625,3,3
18,2577,0.13753918954171243,0.19506943225860596,0.58203125,4,7
18,1429,0.13279992993921044,0.1761491298675537,0.6015625,3,8
18,2670,0.09762824547942729,0.13119596242904663,0.59765625,4,5
18,2671,0.10268656723201276,0.156474769115448,0.5625,3,0
18,2672,0.07825468294322492,0.11924523115158081,0.5625,5,9
18,2673,0.038840413093566895,0.038840413093566895,0.77734375,1,0
18,2674,0.1444798129377887,0.1844729781150818,0.61328125,5,8
18,2675,0.019236882682889703,0.12159609794616699,0.36328125,3,8
18,2676,0.08965851459652187,0.13461923599243164,0.56640625,1,0
18,2677,0.08689325745217504,0.13046729564666748,0.56640625,1,0
18,2678,0.11017200094647707,0.12507331371307373,0.65234375,3,2
18,2679,0.11878662765957416,0.15166771411895752,0.61328125,3,8
18,2680,0.09931622003205122,0.10149681568145752,0.69140625,4,8
18,2681,0.08808327885344626,0.12322032451629639,0.5859375,1,0
18,2682,0.11107178404927255,0.14732837677001953,0.6015625,3,5
18,2683,0.07725453888997437,0.10807192325592041,0.5859375,3,8
18,2684,0.11516176885925235,0.1368046998977661,0.63671875,3,5
18,2685,0.09149976982735099,0.1373838186264038,0.56640625,2,0
18,2686,0.11681854748167099,0.1387728452682495,0.63671875,3,4
18,2687,0.07579051330685617,0.08327198028564453,0.6640625,2,2
18,2688,0.08641414646990599,0.0949442982673645,0.6640625,4,7
18,2689,0.11251373286359014,0.1336590051651001,0.63671875,3,4
18,2690,0.05321991443634033,0.05321991443634033,0.78125,3,4
18,2691,0.08696871832944454,0.17060530185699463,0.50390625,1,0
18,2692,0.1250075958669186,0.17978620529174805,0.578125,3,8
18,2693,0.09088617004454137,0.1031789779663086,0.65234375,3,9
18,2694,0.09149976982735099,0.1373838186264038,0.56640625,2,1
18,2695,0.08644118020311,0.08833909034729004,0.69140625,3,4
18,2696,0.10558569431304932,0.10558569431304932,0.70703125,2,2
18,2697,0.08983663783874364,0.13488668203353882,0.56640625,2,2
18,2698,0.07373501406982542,0.09185481071472168,0.62109375,2,3
18,2699,0.10557540669105948,0.11009085178375244,0.68359375,2,2
18,2700,0.09347813483327629,0.1005479097366333,0.671875,4,7
18,2701,0.08868673467077316,0.1414567232131958,0.55078125,1,1
18,2702,0.0910795704694465,0.1367529034614563,0.56640625,1,0
18,2703,0.09706919663585724,0.1415938138961792,0.57421875,3,3
18,2704,0.07912315544672312,0.12426704168319702,0.5546875,3,4
18,2705,0.110327010974288,0.12955832481384277,0.640625,4,7
18,2592,0.19714594585821035,0.261499285697937,0.6015625,4,9
18,2139,0.13750229682773354,0.17778074741363525,0.609375,4,10
18,2706,0.06393746845424177,0.07339906692504883,0.6484375,4,10
18,2707,0.14977988786995414,0.1681739091873169,0.65625,4,10
18,2708,0.08902619313448669,0.10454452037811279,0.640625,4,9
18,2709,0.08608607668429615,0.11130321025848389,0.609375,5,8
18,2710,0.09860298514831813,0.129116952419281,0.60546875,5,10
18,2711,0.05282950657419861,0.07290756702423096,0.58984375,4,6
18,2712,0.04836678504943848,0.04836678504943848,0.76953125,4,9
18,2713,0.0692016191314906,0.28120023012161255,0.3984375,5,10
18,2714,0.09420612081885339,0.12028312683105469,0.61328125,3,7
18,2715,0.06594711588695647,0.0709347128868103,0.671875,3,3
18,2716,0.09228354692459108,0.134613037109375,0.57421875,4,9
18,2717,0.08785975119099022,0.1165393590927124,0.6015625,4,9
18,2718,0.05008281755726786,0.0982467532157898,0.50390625,3,8
18,2719,0.07976301619783045,0.1334596872329712,0.5390625,3,7
18,2720,0.03089712047949434,0.10476374626159668,0.41796875,4,8
18,2721,0.06778628751635553,0.08342927694320679,0.625,4,8
18,2722,0.08505137998145075,0.12406355142593384,0.57421875,3,3
18,2723,0.07756351376883687,0.09903371334075928,0.61328125,3,4
18,2724,0.0836375984363258,0.11542439460754395,0.58984375,2,2
18,2725,0.08833437645807864,0.13873374462127686,0.5546875,3,6
18,2726,0.07103740377351643,0.07187974452972412,0.6953125,3,6
18,2727,0.069029922131449,0.1155010461807251,0.5390625,4,8
18,2728,0.08258811314590277,0.108146071434021,0.60546875,4,9
18,2729,0.06571039510890843,0.26701366901397705,0.3984375,4,8
18,2730,0.1065466671716422,0.16480934619903564,0.55859375,4,7
18,2731,0.08733124216087164,0.1485501527786255,0.53515625,4,7
18,2732,0.0845737117342651,0.10285449028015137,0.62890625,4,8
18,2733,0.07403630088083447,0.08595597743988037,0.64453125,3,6
18,2734,0.0008326172828674316,0.0008326172828674316,0.9765625,3,6
18,2735,0.07034689374268056,0.08763408660888672,0.62109375,5,11
18,2736,0.027944326400756836,0.027944326400756836,0.81640625,5,8
18,2737,0.02088417811319233,0.20966076850891113,0.33984375,5,9
18,2738,0.1438729763031006,0.17707443237304688,0.625,3,6
19,2670,0.0945694441907108,0.12708544731140137,0.59765625,4,5
19,2703,0.09609739901497961,0.13820749521255493,0.578125,3,3
19,2739,0.097714067902416,0.10852408409118652,0.66015625,4,6
19,2740,0.09303002431988718,0.1266791820526123,0.59375,4,4
19,2741,0.08970671519637109,0.11598443984985352,0.609375,3,4
19,2742,0.095103457570076,0.1170504093170166,0.625,4,4
19,2743,0.09057083516381682,0.1028209924697876,0.65234375,5,5
19,2744,0.08538820780813695,0.11040091514587402,0.609375,4,6
19,2745,0.08698194706812502,0.11246150732040405,0.609375,4,5
19,2746,0.09485495241824539,0.12746912240982056,0.59765625,3,3
19,2747,0.028717517852783203,0.028717517852783203,0.80078125,4,4
19,2748,0.10657670767977835,0.11227834224700928,0.6796875,4,5
19,2749,0.12364102713763715,0.13299202919006348,0.671875,4,6
19,2750,0.10907279374077918,0.11373782157897949,0.68359375,4,6
19,2751,0.08436072058975698,0.10907244682312012,0.609375,4,5
19,2752,0.08945717860478909,0.130490243434906,0.57421875,4,4
19,2753,0.1011756118386984,0.1541723608970642,0.5625,3,2
19,2754,0.11653033457696439,0.12151432037353516,0.68359375,4,6
19,2755,0.09605783224105836,0.13080215454101562,0.59375,3,3
19,2756,0.06303918361663818,0.06303918361663818,0.71484375,4,6
19,2757,0.09188280953094365,0.12187564373016357,0.6015625,5,6
19,2758,0.09372249990701677,0.12762212753295898,0.59375,4,5
19,2759,0.0942261873278767,0.10816997289657593,0.6484375,4,5
19,2674,0.11619339557364586,0.20801055431365967,0.5234375,5,8
19,2577,0.13183308881707492,0.20705074071884155,0.5546875,4,7
19,2760,0.0,0.1883227825164795,0.17578125,3,8
19,2761,0.11004205455537887,0.11474853754043579,0.68359375,4,7
19,2762,0.11304099299013616,0.11668747663497925,0.6875,3,6
19,2763,0.07781643560156228,0.1151503324508667,0.5703125,5,8
19,2764,0.07335620373487474,0.12273979187011719,0.5390625,3,6
19,2765,0.10402953624725342,0.10402953624725342,0.70703125,3,5
19,2766,0.06313854292966427,0.13141030073165894,0.4921875,3,7
19,2767,0.11353313713334502,0.16102206707000732,0.58203125,5,8
19,2768,0.0865710391663015,0.14252209663391113,0.54296875,3,7
19,2769,0.11955845495685936,0.14039891958236694,0.640625,5,8
19,2770,0.05571588082239033,0.2824409008026123,0.37890625,5,8
19,2771,0.07289881131146105,0.08659905195236206,0.63671875,4,8
19,2772,0.059630489209666855,0.06218087673187256,0.68359375,3,5
19,2773,0.07227264065295459,0.17962908744812012,0.4609375,3,5
19,2774,0.07265926524996759,0.10164356231689453,0.5859375,4,5
19,2775,0.12813965650275352,0.13499486446380615,0.6796875,4,7
19,2776,0.09574998170137407,0.11784613132476807,0.625,3,8
19,2777,0.05070793628692627,0.05070793628692627,0.76953125,3,8
19,2778,0.09653818607330322,0.09653818607330322,0.73046875,3,6
19,2779,0.1168546322733164,0.13120520114898682,0.65625,4,8
19,2780,0.11879400163888933,0.12262606620788574,0.6875,3,5
19,2781,0.09584616380743684,0.12550699710845947,0.60546875,2,5
19,2782,0.07972348807379605,0.13560938835144043,0.53515625,5,9
19,2783,0.11854752246290447,0.15930795669555664,0.59765625,3,4
19,2784,0.0844410121208057,0.15385693311691284,0.51953125,4,7
19,2785,0.10846502613276245,0.1628565788269043,0.56640625,4,8
19,2786,0.12980536278337243,0.13134455680847168,0.6953125,3,5
19,2787,0.0976027916185558,0.14442956447601318,0.5703125,4,7
19,2788,0.048188268207013614,0.09104204177856445,0.51171875,4,8
19,2789,0.04398345947265625,0.04398345947265625,0.8046875,5,6
19,2790,0.0663700515870005,0.1188163161277771,0.5234375,4,7
19,2791,0.06667365529574455,0.11730897426605225,0.52734375,5,9
19,2792,0.06669092737138273,0.11535727977752686,0.53125,4,7
19,2793,0.014268696308135986,0.014268696308135986,0.8359375,4,8
19,2794,0.12129713478498162,0.15883409976959229,0.60546875,2,4
19,2795,0.049886395689100034,0.07956957817077637,0.55078125,2,4
19,2796,0.09877323545515539,0.10737133026123047,0.66796875,3,6
19,2797,0.0637528281658888,0.08918428421020508,0.5859375,3,6
19,2798,0.11740863160230221,0.13039743900299072,0.66015625,3,4
19,2799,0.040746505372226245,0.1798466444015503,0.390625,4,6
19,2800,0.1211419375613332,0.1375269889831543,0.65234375,3,5
19,2707,0.12836891086772087,0.18995630741119385,0.5703125,4,10
19,2738,0.12892894970718774,0.19943088293075562,0.55859375,3,6
19,2801,0.09338031802326442,0.14665865898132324,0.5546875,3,5
19,2802,0.0,0.19088518619537354,0.15625,4,9
19,2803,0.09546313632745297,0.1571611762046814,0.54296875,2,2
19,2804,0.0961066819727421,0.13086867332458496,0.59375,1,0
19,2805,0.10358796222135426,0.14295697212219238,0.58984375,1,0
19,2806,0.001813650131225586,0.001813650131225586,0.953125,5,10
19,2807,0.07361036725342275,0.0759848952293396,0.6875,4,8
19,2808,0.08235174603760244,0.13779115676879883,0.5390625,4,11
19,2809,0.0,0.20050662755966187,0.15625,6,11
19,2810,0.07990034017711879,0.09172415733337402,0.6484375,4,6
19,2811,0.05041391705162824,0.10492652654647827,0.4921875,4,10
19,2812,0.10232723923400046,0.14716726541519165,0.578125,1,0
19,2813,0.0961066819727421,0.13086867332458496,0.59375,5,8
19,2814,0.08792213303968312,0.14245611429214478,0.546875,5,10
19,2815,0.06084239482879639,0.06084239482879639,0.7265625,2,4
19,2816,0.05728125362657011,0.06650340557098389,0.64453125,3,7
19,2817,0.09231221675872804,0.11361503601074219,0.625,3,7
19,2818,0.08691734075546266,0.1738346815109253,0.5,5,11
19,2819,0.053924196632578976,0.07246506214141846,0.59765625,4,9
19,2820,0.09609950333833696,0.1308588981628418,0.59375,3,5
19,2821,0.09335769969038667,0.1288386583328247,0.58984375,5,10
19,2822,0.0,0.2861374616622925,0.25,4,9
19,2823,0.07223145884927364,0.12708765268325806,0.52734375,3,6
19,2824,0.05561325978487731,0.09010756015777588,0.546875,4,9
19,2825,0.0,0.28474730253219604,0.25,4,9
19,2826,0.0061168670654296875,0.0061168670654296875,0.91796875,4,9
19,2827,0.0034273155033588496,0.2924642562866211,0.3046875,2,5
19,2828,0.1042810268700123,0.1499772071838379,0.578125,5,10
19,2829,0.0712663307785988,0.08771240711212158,0.625,4,9
19,2830,0.021832467056810863,0.1996111273765564,0.34375,5,11
19,2831,0.11168261570855978,0.2034928798675537,0.51953125,4,8
19,2592,0.1763966330327094,0.2904021739959717,0.54296875,4,9
19,2139,0.14036867767572406,0.20187854766845703,0.578125,4,10
19,2832,0.05595487356185913,0.05595487356185913,0.703125,4,10
19,2833,0.10191182163544,0.15301716327667236,0.56640625,1,0
19,2834,0.06392218871042134,0.08821606636047363,0.58984375,4,7
19,2835,0.10368434945121409,0.16284167766571045,0.5546875,1,0
19,2836,0.05487869214266539,0.08891737461090088,0.546875,4,10
19,2837,0.08427205262705685,0.15633076429367065,0.515625,3,5
19,2838,0.10226977185811849,0.16312187910079956,0.55078125,1,1
19,2839,0.05234825611114502,0.05234825611114502,0.7265625,3,0
19,2840,0.08122237958014013,0.1237674355506897,0.5625,4,6
19,2841,0.07322096824645996,0.07322096824645996,0.703125,4,9
19,2842,0.0,0.1902550458908081,0.22265625,1,0
19,2843,0.09339056443423034,0.17324626445770264,0.515625,1,1
19,2844,0.07405337970703842,0.07567930221557617,0.69140625,5,7
19,2845,0.072378340177238,0.07704305648803711,0.67578125,4,9
19,2846,0.05983803200069816,0.09544259309768677,0.55078125,4,10
19,2847,0.07410803437232973,0.09120988845825195,0.625,4,9
19,2848,0.10191182163544,0.15301716327667236,0.56640625,1,0
19,2849,0.10235634294804187,0.14930611848831177,0.57421875,1,0
19,2850,0.06897684128489347,0.12136131525039673,0.52734375,4,2
19,2851,0.09475132077932359,0.12902307510375977,0.59375,3,1
19,2852,0.08840245031751694,0.11575973033905029,0.60546875,1,0
19,2853,0.0645812547300011,0.06470763683319092,0.69921875,1,0
19,2854,0.09589276742190124,0.13057738542556763,0.59375,1,0
19,2855,0.0319521427154541,0.0319521427154541,0.79296875,4,6
19,2856,0.10248333751223983,0.16346251964569092,0.55078125,3,1
19,2857,0.06652280653361232,0.07081013917922974,0.67578125,4,7
19,2858,0.09943322394974531,0.15616506338119507,0.5546875,1,0
19,2859,0.045417189598083496,0.045417189598083496,0.74609375,1,0
19,2860,0.04717882815748454,0.07644164562225342,0.546875,5,11
19,2861,0.03565061092376709,0.03565061092376709,0.7734375,4,6
19,2862,0.09443391719833018,0.1321042776107788,0.5859375,1,1
19,2863,0.10478289332240821,0.14268308877944946,0.59375,1,0
19,2864,0.0,0.19681119918823242,0.15625,5,9
19,2865,0.014748632907867432,0.014748632907867432,0.86328125,1,0
19,2866,0.07246698485687376,0.08319079875946045,0.6484375,1,1
19,2867,0.07077221060171725,0.17589986324310303,0.4609375,1,0
19,2868,0.04751682258211077,0.14227259159088135,0.43359375,1,1
19,2869,0.0,0.2016109824180603,0.15625,4,6
19,2870,0.13735114596784118,0.20035266876220703,0.57421875,3,7
19,2871,0.08632176369428636,0.15728378295898438,0.51953125,4,8
19,2872,0.06045140745118261,0.06502336263656616,0.671875,3,2
19,2873,0.07197345863096417,0.1746464967727661,0.46484375,1,0
19,2874,0.045944809913635254,0.045944809913635254,0.7421875,1,0
19,2875,0.048731327056884766,0.048731327056884766,0.7421875,1,0
19,2876,0.09764527750667186,0.13121885061264038,0.59765625,1,0
19,2877,0.0,0.4068659543991089,0.1953125,4,10
19,2878,0.04776585102081299,0.04776585102081299,0.734375,5,13
19,2879,0.05948577076196672,0.10289430618286133,0.53125,4,8
19,2880,0.047152817249298096,0.047152817249298096,0.80859375,4,9
20,2754,0.11183354817330839,0.1242055892944336,0.66015625,4,6
20,2863,0.11379645043052734,0.14529621601104736,0.61328125,1,0
20,2881,0.12322944751940669,0.14810675382614136,0.6328125,4,6
20,2882,0.08698687492869796,0.1287204623222351,0.5703125,5,7
20,2883,0.08067691326141357,0.08067691326141357,0.70703125,4,7
20,2884,0.08583372784778477,0.11845517158508301,0.58984375,4,6
20,2885,0.07607988826930524,0.07698202133178711,0.6953125,3,4
20,2886,0.10162017110269518,0.10816949605941772,0.67578125,4,7
20,2887,0.06631886994000526,0.07059305906295776,0.67578125,5,8
20,2888,0.05386871099472046,0.05386871099472046,0.7421875,4,5
20,2889,0.07607988826930524,0.07698202133178711,0.6953125,1,0
20,2890,0.11494029907044025,0.13048654794692993,0.65234375,4,6
20,2891,0.07582759321667255,0.07672673463821411,0.6953125,1,0
20,2892,0.06712841987609863,0.06712841987609863,0.7421875,4,7
20,2893,0.10053699708078058,0.1768898367881775,0.52734375,4,6
20,2894,0.116190915228799,0.16034972667694092,0.58984375,4,5
20,2895,0.1051517464220524,0.11806511878967285,0.65625,4,6
20,2896,0.10679833334870638,0.13468164205551147,0.6171875,1,1
20,2897,0.13309848960489037,0.15996813774108887,0.6328125,4,7
20,2898,0.09010159748140724,0.1210814118385315,0.59765625,4,6
20,2899,0.08598481013905258,0.17539530992507935,0.49609375,1,0
20,2900,0.1288986196741462,0.16057443618774414,0.62109375,4,7
20,2901,0.06551530025899412,0.19058996438980103,0.4375,4,6
20,2902,0.0961651192046702,0.1721557378768921,0.5234375,3,3
20,2903,0.03335684537887573,0.03335684537887573,0.78125,5,8
20,2904,0.1086112246848643,0.12468373775482178,0.6484375,4,5
20,2905,0.10530170705169441,0.17619109153747559,0.5390625,5,6
20,2738,0.1362406562548131,0.1656893491744995,0.62890625,3,6
20,2707,0.12929010670632127,0.16507863998413086,0.61328125,4,10
20,2906,0.05764987925067545,0.07453721761703491,0.609375,4,8
20,2907,0.07984166871756317,0.11482846736907959,0.578125,1,1
20,2908,0.06274205911904575,0.08322262763977051,0.6015625,4,9
20,2909,0.06089000031352044,0.06836771965026855,0.65625,3,6
20,2910,0.0,0.19952648878097534,0.1875,4,9
20,2911,0.07535773934796454,0.07701230049133301,0.69140625,3,5
20,2912,0.07446449855342509,0.08548390865325928,0.6484375,4,9
20,2913,0.1132556637749076,0.15843415260314941,0.5859375,4,9
20,2914,0.06938041094690563,0.09202790260314941,0.6015625,5,11
20,2915,0.07514380663633348,0.07679367065429688,0.69140625,5,10
20,2916,0.09670223086141051,0.11760461330413818,0.62890625,2,1
20,2917,0.09595900401473047,0.09905445575714111,0.6875,3,6
20,2918,0.09297338034957649,0.17247235774993896,0.515625,1,0
20,2919,0.0,0.1305578351020813,0.296875,3,5
20,2920,0.08732744795270266,0.11150038242340088,0.61328125,4,8
20,2921,0.07587285968475045,0.10760915279388428,0.58203125,3,6
20,2922,0.10553543432615699,0.1496790647506714,0.58203125,5,10
20,2923,0.05406544101424516,0.07171374559402466,0.6015625,4,9
20,2924,0.08990155183710159,0.11199414730072021,0.62109375,3,6
20,2925,0.11818852485157551,0.1724003553390503,0.57421875,3,6
20,2926,0.0661211592378095,0.07343608140945435,0.66015625,4,7
20,2927,0.06667468859814109,0.07569277286529541,0.65234375,4,10
20,2928,0.07626962661743164,0.07626962661743164,0.7265625,3,6
20,2929,0.11402258067391814,0.14558494091033936,0.61328125,1,0
20,2930,0.11876531504094602,0.15355515480041504,0.609375,5,9
20,2931,0.06868614489212634,0.09110701084136963,0.6015625,3,7
20,2932,0.10985262622125448,0.1335974931716919,0.62890625,3,5
20,2577,0.14339653402566913,0.17648804187774658,0.625,4,7
20,2786,0.11528356571216138,0.13384395837783813,0.64453125,3,5
20,2933,0.10534808039665224,0.11331558227539062,0.671875,3,4
20,2934,0.11995780933648349,0.1701340675354004,0.58203125,5,8
20,2935,0.12188272923231126,0.15000951290130615,0.625,3,5
20,2936,0.10811252123676242,0.12411123514175415,0.6484375,3,6
20,2937,0.1090659499168396,0.1090659499168396,0.70703125,3,3
20,2938,0.1232206199783832,0.14809614419937134,0.6328125,5,9
20,2939,0.08732264651916923,0.12921732664108276,0.5703125,4,7
20,2940,0.12227362766861917,0.1329174041748047,0.66796875,3,4
20,2941,0.12179300654679538,0.13675004243850708,0.65625,3,4
20,2942,0.12618193204980346,0.15719014406204224,0.62109375,4,7
20,2943,0.1274272380396724,0.15874147415161133,0.62109375,4,7
20,2944,0.11948468349874022,0.1999220848083496,0.5390625,3,6
20,2945,0.07121574878692627,0.07121574878692627,0.71484375,4,7
20,2946,0.10503696696832777,0.12058055400848389,0.6484375,3,4
20,2947,0.10881295474246146,0.1610180139541626,0.5703125,5,8
20,2948,0.10826043831184508,0.14940524101257324,0.58984375,3,4
20,2949,0.09841403830796482,0.09958100318908691,0.6953125,2,2
20,2950,0.08743675029836596,0.09606784582138062,0.6640625,5,7
20,2951,0.07176894345320763,0.10178864002227783,0.58203125,4,8
20,2952,0.11858926061540843,0.16365957260131836,0.58984375,4,7
20,2953,0.14640323352068665,0.16085505485534668,0.6640625,4,6
20,2954,0.06118780816905201,0.061307549476623535,0.69921875,2,4
20,2955,0.11701507191173734,0.14230811595916748,0.62890625,3,5
20,2956,0.06801226851530374,0.0747259259223938,0.6640625,3,4
20,2957,0.1010637152940035,0.174812912940979,0.53125,2,5
20,2958,0.07542365044355394,0.11001968383789062,0.57421875,4,7
20,2959,0.11350128834601493,0.12885290384292603,0.65234375,3,5
20,2960,0.10965612973086537,0.16226571798324585,0.5703125,1,1
20,2961,0.1257907852996141,0.15670287609100342,0.62109375,4,5
20,2962,0.11047950014472009,0.11404335498809814,0.6875,3,4
20,2963,0.08158837072551252,0.13878154754638672,0.53515625,4,7
20,2964,0.046588897705078125,0.046588897705078125,0.7578125,3,5
20,2965,0.07108616828918457,0.07108616828918457,0.7265625,4,7
20,2966,0.07302618026733398,0.07302618026733398,0.70703125,3,4
20,2967,0.09367341944016518,0.13664042949676514,0.57421875,4,6
20,2968,0.10450142621994019,0.10450142621994019,0.703125,3,5
20,2969,0.11563842790201308,0.1270533800125122,0.6640625,5,8
20,2970,0.06037740409374238,0.15772056579589844,0.453125,5,8
20,2971,0.03323644399642944,0.03323644399642944,0.7578125,4,5
20,2972,0.10281763924285771,0.14383232593536377,0.5859375,5,8
20,2973,0.07607988826930524,0.07698202133178711,0.6953125,4,5
20,2974,0.05524182319641113,0.05524182319641113,0.71875,2,1
20,2975,0.1188724896637723,0.16859477758407593,0.58203125,3,4
20,2976,0.10319960513152183,0.11338669061660767,0.6640625,4,7
20,2977,0.083767157047987,0.10695457458496094,0.61328125,4,5
20,2978,0.04096609354019165,0.04096609354019165,0.75,4,5
20,2979,0.0639491081237793,0.0639491081237793,0.734375,4,7
20,2980,0.09975537937134506,0.10843896865844727,0.66796875,4,6
20,2981,0.05025452375411987,0.05025452375411987,0.77734375,4,8
20,2982,0.08349764347076416,0.08349764347076416,0.73828125,4,6
20,2983,0.08087942341808231,0.08103770017623901,0.69921875,4,6
20,2592,0.2215204890817404,0.2543015480041504,0.6484375,4,9
20,2139,0.14867053320631388,0.17067110538482666,0.6484375,4,10
20,2984,0.1017751879990101,0.1404552459716797,0.58984375,6,11
20,2985,0.09505398781038822,0.10791051387786865,0.65234375,5,8
20,2986,0.1119021661579609,0.14287757873535156,0.61328125,1,1
20,2987,0.08734847512096168,0.13718533515930176,0.5546875,3,7
20,2988,0.07607988826930524,0.07698202133178711,0.6953125,5,10
20,2989,0.03483755211345852,0.17660224437713623,0.37890625,3,7
20,2990,0.14213109505362811,0.21985232830047607,0.55859375,3,6
20,2991,0.09827418427448721,0.11409610509872437,0.64453125,5,7
20,2992,0.0,0.2093287706375122,0.1328125,5,9
20,2993,0.060251712799072266,0.060251712799072266,0.73046875,4,8
20,2994,0.10512767336331309,0.1206846833229065,0.6484375,3,7
20,2995,0.0044356794096529545,0.20646071434020996,0.30859375,3,7
20,2996,0.0,0.20491528511047363,0.1328125,4,7
20,2997,0.0,0.2027820348739624,0.23046875,3,6
20,2998,0.11534390412271024,0.13702106475830078,0.63671875,1,1
20,2999,0.10392813244834544,0.14946967363357544,0.578125,4,9
20,3000,0.0945624145679176,0.1097867488861084,0.64453125,4,9
20,3001,0.061452624388039126,0.18954062461853027,0.4296875,5,8
20,3002,0.07608006498776378,0.07698220014572144,0.6953125,5,7
20,3003,0.1003612829372287,0.1220545768737793,0.62890625,3,1
20,3004,0.07606821600347759,0.1125633716583252,0.5703125,3,6
20,3005,0.08434105454944076,0.09266656637191772,0.6640625,3,1
20,3006,0.07157735154032709,0.10591793060302734,0.5703125,4,9
20,3007,0.06057906243950129,0.08712494373321533,0.578125,5,12
20,3008,0.06593468645587565,0.08524888753890991,0.609375,5,9
20,3009,0.06196030788123608,0.07112932205200195,0.6484375,3,7
20,3010,0.11042575468309225,0.17080962657928467,0.55859375,3,7
20,3011,0.07572032511234285,0.07661819458007812,0.6953125,4,5
20,3012,0.04152023792266846,0.04152023792266846,0.78125,4,2
20,3013,0.11342189833521844,0.15444684028625488,0.59375,2,1
20,3014,0.07608077186159791,0.07698291540145874,0.6953125,1,0
20,3015,0.08008685766253622,0.17750853300094604,0.48046875,1,1
20,3016,0.11660823645070197,0.17009520530700684,0.57421875,5,8
20,3017,0.09264653548598291,0.13709545135498047,0.5703125,4,10
20,3018,0.06377160549163818,0.06377160549163818,0.7109375,1,0
20,3019,0.10584389767609538,0.1662333607673645,0.5546875,1,0
20,3020,0.06329440698027612,0.06808137893676758,0.671875,4,9
20,3021,0.09831932722590865,0.1454898715019226,0.5703125,5,11
20,3022,0.10649172798730434,0.16725081205368042,0.5546875,1,0
21,3013,0.12205082830041648,0.1598210334777832,0.60546875,2,1
21,3019,0.11408271640539171,0.17129135131835938,0.56640625,1,0
21,3023,0.11816845228895546,0.14902031421661377,0.6171875,1,1
21,3024,0.11985864560119809,0.1530364751815796,0.61328125,3,2
21,3025,0.05397340469062329,0.1279369592666626,0.46875,1,1
21,3026,0.11289479397237302,0.15372908115386963,0.59375,2,2
21,3027,0.07351044868119062,0.1827055811882019,0.4609375,2,1
21,3028,0.11901502846740188,0.16424715518951416,0.58984375,2,1
21,3029,0.07879371196031572,0.18254470825195312,0.47265625,1,0
21,3030,0.11546651693060996,0.17086374759674072,0.5703125,2,1
21,3031,0.09968897735234351,0.137576162815094,0.58984375,3,3
21,3032,0.11113785160705449,0.17454779148101807,0.5546875,1,0
21,3033,0.10871471953578295,0.181901752948761,0.5390625,2,2
21,3034,0.11115656164474787,0.17457717657089233,0.5546875,2,1
21,3035,0.07607263326644897,0.07607263326644897,0.72265625,1,0
21,3036,0.056224942207336426,0.056224942207336426,0.7578125,2,2
21,3037,0.11408271640539171,0.17129135131835938,0.56640625,1,0
21,3038,0.11909274756908418,0.16890716552734375,0.58203125,2,0
21,3039,0.12010911968536676,0.16575706005096436,0.58984375,2,0
21,3040,0.11838218290358783,0.14928984642028809,0.6171875,1,0
21,3016,0.11915278108790518,0.17380690574645996,0.57421875,5,8
21,2863,0.11823862127494068,0.1509680151939392,0.61328125,1,0
21,3041,0.06899333000183105,0.06899333000183105,0.75,2,3
21,3042,0.1263970071449876,0.1484295129776001,0.640625,6,10
21,3043,0.10585021716542543,0.1742614507675171,0.54296875,5,7
21,3044,0.0393521785736084,0.0393521785736084,0.80859375,3,5
21,3045,0.06928029702976347,0.16050457954406738,0.47265625,1,1
21,3046,0.10795118683017792,0.16954296827316284,0.5546875,5,9
21,3047,0.05543053150177002,0.05543053150177002,0.75,5,7
21,3048,0.0913152126595378,0.10032916069030762,0.6640625,1,0
21,3049,0.11860083113424481,0.15143048763275146,0.61328125,1,0
21,3050,0.08069180429447444,0.19580191373825073,0.46484375,6,9
21,3051,0.06873220205307007,0.06873220205307007,0.7734375,1,2
21,3052,0.12128485925495626,0.14576959609985352,0.6328125,5,7
21,3053,0.11011405522003771,0.14236968755722046,0.609375,1,2
21,3054,0.12995948293246332,0.1369120478630066,0.6796875,3,5
21,3055,0.04084283113479614,0.04084283113479614,0.79296875,1,0
21,3056,0.12514321121852848,0.16387039422988892,0.60546875,5,8
21,3057,0.03367340564727783,0.03367340564727783,0.765625,3,4
21,3058,0.1033824624028057,0.1850762963294983,0.5234375,5,8
21,3059,0.12145608500577511,0.15904223918914795,0.60546875,1,1
21,3060,0.1095074370969087,0.1862717866897583,0.53515625,6,9
21,3061,0.12467326596379281,0.14312267303466797,0.6484375,3,5
21,3062,0.12030912749469282,0.15555119514465332,0.609375,1,0
21,3063,0.02528214454650879,0.02528214454650879,0.84765625,1,1
21,3064,0.11823862127494068,0.1509680151939392,0.61328125,1,0
21,3065,0.071830234490335,0.18763816356658936,0.453125,5,7
21,3066,0.06520676612854004,0.06520676612854004,0.79296875,5,7
21,3067,0.09461579099297525,0.09480094909667969,0.69921875,3,5
21,3068,0.0748131275177002,0.0748131275177002,0.70703125,5,8
21,3069,0.11201204615645112,0.12440383434295654,0.66015625,3,5
21,2953,0.12621676246635619,0.1652761697769165,0.60546875,4,6
21,2577,0.13309959135949614,0.19142413139343262,0.578125,4,7
21,3070,0.1252949025947601,0.133370041847229,0.67578125,3,4
21,3071,0.07713711261749268,0.07713711261749268,0.7109375,4,9
21,3072,0.11738139670342208,0.1598384976387024,0.59375,3,5
21,3073,0.09145064465701581,0.16371583938598633,0.5234375,4,7
21,3074,0.08076525130309166,0.13296401500701904,0.54296875,4,6
21,3075,0.10692282300442459,0.13319826126098633,0.62109375,3,3
21,3076,0.09204394696280362,0.17716729640960693,0.5078125,4,6
21,3077,0.09713016822934152,0.18350791931152344,0.51171875,5,8
21,3078,0.0003294805064797448,0.16869401931762695,0.30078125,4,8
21,3079,0.08672218350693585,0.15258336067199707,0.52734375,5,9
21,3080,0.007181218359619384,0.14141476154327393,0.3203125,3,7
21,3081,0.10892215301282705,0.17931878566741943,0.54296875,3,6
21,3082,0.10594709776341917,0.18325984477996826,0.53125,4,5
21,3083,0.11396601737942548,0.17628580331802368,0.55859375,4,6
21,3084,0.07664162456057967,0.19048792123794556,0.4609375,4,6
21,3085,0.11182689666748047,0.11182689666748047,0.703125,3,3
21,3086,0.10597770474851133,0.12737226486206055,0.6328125,3,4
21,3087,0.11363274138420822,0.17577028274536133,0.55859375,4,6
21,3088,0.09440315072424711,0.10372191667556763,0.6640625,3,5
21,3089,0.10989819816313685,0.11011326313018799,0.69921875,2,2
21,3090,0.09214508533477783,0.09214508533477783,0.71484375,3,5
21,3091,0.1187374140135944,0.12771755456924438,0.671875,4,7
21,3092,0.03857098170556129,0.2781456708908081,0.35546875,4,6
21,3093,0.06347655085846783,0.07454127073287964,0.640625,4,6
21,3094,0.08439525635913016,0.08983445167541504,0.67578125,4,6
21,3095,0.012147784233093262,0.012147784233093262,0.875,5,10
21,3096,0.09060862474143506,0.11715054512023926,0.609375,3,5
21,3097,0.0,0.1977907419204712,0.234375,3,3
21,3098,0.0,0.21108412742614746,0.15625,3,5
21,3099,0.07389044761657715,0.07389044761657715,0.703125,4,5
21,3100,0.09582487004809083,0.1745990514755249,0.51953125,5,7
21,3101,0.1204256967175752,0.16846436262130737,0.5859375,5,6
21,3102,0.07948881248012186,0.09125173091888428,0.6484375,4,7
21,3103,0.11139501025900246,0.1749516725540161,0.5546875,3,3
21,3104,0.07943475246429443,0.07943475246429443,0.72265625,4,4
21,3105,0.13066170434467497,0.1451166868209839,0.66015625,4,7
21,3106,0.1201084286440164,0.16575610637664795,0.58984375,4,6
21,3107,0.0,0.20584559440612793,0.22265625,4,7
21,3108,0.053036982077173896,0.12287300825119019,0.47265625,4,8
21,3109,0.08612757921218872,0.08612757921218872,0.72265625,3,3
21,3110,0.0,0.2092289924621582,0.15625,3,4
21,3111,0.11600576341152193,0.17677068710327148,0.5625,4,5
21,3112,0.053372979164123535,0.053372979164123535,0.76953125,3,3
21,3113,0.11098717502318324,0.16664350032806396,0.56640625,4,5
21,3114,0.07526564598083496,0.07526564598083496,0.71875,5,9
21,3115,0.1025555105879903,0.17444658279418945,0.53515625,2,4
21,3116,0.07683068513870239,0.07683068513870239,0.73828125,4,7
21,3117,0.12067024153657259,0.13117444515228271,0.66796875,2,2
21,3118,0.1169514652574435,0.17559868097305298,0.56640625,6,9
21,3119,0.066291262046434,0.09953409433364868,0.56640625,4,6
21,3120,0.00027370452880859375,0.00027370452880859375,0.98828125,3,5
21,3121,0.0967235015705228,0.1176304817199707,0.62890625,4,5
21,3122,0.11932186223566534,0.12834620475769043,0.671875,3,5
21,3123,0.10220279521308841,0.10444676876068115,0.69140625,4,6
21,3124,0.08987710904330017,0.10317730903625488,0.6484375,4,6
21,3125,0.12441184371709825,0.14123916625976562,0.65234375,4,5
21,3126,0.11482095858082177,0.18033230304718018,0.5546875,3,5
21,3127,0.11811276292428376,0.15271145105361938,0.609375,3,3
21,3128,0.12790532817598435,0.13903933763504028,0.66796875,5,7
21,3129,0.10938834818080069,0.11766141653060913,0.671875,5,8
21,3130,0.11902931751683356,0.15586447715759277,0.60546875,4,4
21,3131,0.08936053840443493,0.18598616123199463,0.4921875,4,6
21,3132,0.0829266905784607,0.0829266905784607,0.703125,5,6
21,3133,0.11718446016311647,0.1442270278930664,0.625,5,8
21,3134,0.11429976765066387,0.1342235803604126,0.640625,4,7
21,2592,0.18529277993366125,0.2664884924888611,0.578125,4,9
21,2139,0.1428638849174604,0.1870749592781067,0.60546875,4,10
21,3135,0.04816626571118832,0.15808415412902832,0.421875,3,6
21,3136,0.08618704858236016,0.13536125421524048,0.5546875,3,6
21,3137,0.08252859115600586,0.08252859115600586,0.71484375,4,9
21,3138,0.11979899858124556,0.13908636569976807,0.64453125,4,10
21,3139,0.08268803358078003,0.08268803358078003,0.703125,4,8
21,3140,0.052225749939680106,0.0795820951461792,0.5625,4,10
21,3141,0.0793033097870648,0.14196956157684326,0.5234375,5,9
21,3142,0.09570086002349856,0.19140172004699707,0.5,3,6
21,3143,0.07078417716547848,0.07613760232925415,0.671875,5,10
21,3144,0.1012285351753235,0.1542530059814453,0.5625,3,5
21,3145,0.007636511349119251,0.18618541955947876,0.31640625,4,6
21,3146,0.04954953258857132,0.08428359031677246,0.53515625,3,6
21,3147,0.12005133368074895,0.15521788597106934,0.609375,4,7
21,3148,0.0650747654726729,0.10713273286819458,0.54296875,4,9
21,3149,0.0730521962977946,0.10656046867370605,0.57421875,4,9
21,3150,0.1628730620723218,0.20795762538909912,0.61328125,3,6
21,3151,0.0,0.2145547866821289,0.15625,4,6
21,3152,0.07659220695495605,0.07659220695495605,0.7421875,4,6
21,3153,0.0,0.21430611610412598,0.265625,2,3
21,3154,0.08297097682952881,0.08297097682952881,0.703125,4,9
21,3155,0.11256436863914134,0.17678821086883545,0.5546875,4,9
21,3156,0.1227770787663758,0.3051546812057495,0.4609375,4,8
21,3157,0.1214021695777774,0.15696442127227783,0.609375,4,7
21,3158,0.08240526914596558,0.08240526914596558,0.70703125,4,7
21,3159,0.10237939632497729,0.12753832340240479,0.62109375,4,10
21,3160,0.09788512391969563,0.12344133853912354,0.6171875,4,8
21,3161,0.08341824740637095,0.1418941617012024,0.53515625,4,9
21,3162,0.075154950725846,0.11625176668167114,0.55859375,4,9
21,3163,0.06023982167243958,0.09179401397705078,0.5625,3,6
21,3164,0.07876319868955763,0.1435115933418274,0.51953125,4,8
22,3037,0.07874597283080222,0.16389405727386475,0.4921875,1,0
22,3165,0.03132808208465576,0.03132808208465576,0.7421875,1,1
22,3166,0.07262684032320978,0.13001728057861328,0.5234375,1,0
22,3167,0.07874597283080222,0.16389405727386475,0.4921875,1,0
22,3168,0.05450251768343151,0.07521641254425049,0.58984375,1,1
22,3169,0.054045137017965324,0.0735933780670166,0.59375,1,0
22,3170,0.07708497531712057,0.14563655853271484,0.51171875,1,0
22,3171,0.06531642936170103,0.11297976970672607,0.53125,1,0
22,3172,0.023387935012578968,0.18143367767333984,0.3515625,1,0
22,3173,0.068872511619702,0.17117828130722046,0.4609375,1,0
22,3174,0.003055870532989502,0.003055870532989502,0.9140625,1,0
22,3175,0.0775180298369378,0.16468560695648193,0.48828125,1,0
22,3176,0.05848081293515862,0.1751004457473755,0.43359375,1,0
22,3177,0.07874597283080222,0.16389405727386475,0.4921875,1,0
22,3178,0.06581588648259641,0.17192721366882324,0.453125,1,0
22,3179,0.08259660203475507,0.1560496687889099,0.51171875,1,0
22,3180,0.03190594469197095,0.17951476573944092,0.37109375,1,0
22,3181,0.031885562231764204,0.17940008640289307,0.37109375,1,0
22,3182,0.06082874722778798,0.17695635557174683,0.4375,1,1
22,3183,0.0666389660909772,0.08301496505737305,0.62109375,1,1
22,3184,0.08195525151677431,0.154837965965271,0.51171875,1,0
22,3185,0.06914389226585628,0.09054136276245117,0.60546875,1,1
22,3105,0.08972203126177193,0.14091312885284424,0.5546875,4,7
22,3070,0.09565554640721531,0.12854498624801636,0.59765625,3,4
22,3186,0.03647398296743632,0.03690648078918457,0.6953125,5,5
22,3187,0.06657247617840768,0.19366538524627686,0.4375,4,7
22,3188,0.0668495073914528,0.1156315803527832,0.53125,5,8
22,3189,0.06181752448901535,0.16148251295089722,0.453125,6,8
22,3190,0.03438681364059448,0.03438681364059448,0.73046875,4,8
22,3191,0.06709578447043897,0.07879137992858887,0.640625,5,8
22,3192,0.041022481396794326,0.04817318916320801,0.640625,4,5
22,3193,0.08152978774160148,0.15403413772583008,0.51171875,5,8
22,3194,0.06630476564168931,0.1230001449584961,0.515625,4,7
22,3195,0.009361505508422852,0.009361505508422852,0.8359375,4,3
22,3196,0.0,0.20067083835601807,0.17578125,4,4
22,3197,0.05842343717813493,0.09466075897216797,0.546875,3,2
22,3198,0.061749901855364456,0.10503637790679932,0.53515625,4,6
22,3199,0.07561717182397844,0.11030197143554688,0.57421875,4,7
22,3200,0.06665953423362227,0.16175204515457153,0.46484375,2,2
22,3201,0.05668332846835256,0.16971850395202637,0.43359375,4,6
22,3202,0.07547021086793394,0.16727596521377563,0.48046875,4,5
22,3203,0.07149296253919603,0.13262462615966797,0.515625,3,4
22,3204,0.059429200366139426,0.09629034996032715,0.546875,3,3
22,3205,0.03647488355636597,0.03647488355636597,0.703125,3,3
22,3206,0.0636661956086755,0.15091246366500854,0.46875,5,5
22,3207,0.052128708106465645,0.06826061010360718,0.60546875,4,7
22,3208,0.047433120664209134,0.05049014091491699,0.67578125,3,4
22,3209,0.07443154579959811,0.13561904430389404,0.51953125,4,6
22,3210,0.059813984669744975,0.16464924812316895,0.4453125,6,6
22,3211,0.06549044372513892,0.11932778358459473,0.51953125,5,7
22,3212,0.07724659284576775,0.1607733964920044,0.4921875,3,6
22,3213,0.08095236588269474,0.11481332778930664,0.58203125,4,6
22,3214,0.06680403975769879,0.12858521938323975,0.5078125,4,7
22,3215,0.06567435432225467,0.11359888315200806,0.53125,5,5
22,2577,0.0852152891457081,0.20199179649353027,0.46875,4,7
22,3054,0.0881661220919341,0.1323784589767456,0.56640625,3,5
22,3216,0.06388775794766845,0.11240732669830322,0.52734375,4,5
22,3217,0.07096348796039821,0.1607668399810791,0.4765625,4,7
22,3218,0.05225355084985495,0.14007234573364258,0.44921875,4,6
22,3219,0.09258408832829447,0.1212354302406311,0.60546875,4,6
22,3220,0.07027304777875544,0.15575671195983887,0.48046875,5,8
22,3221,0.05266825295984746,0.17285990715026855,0.421875,4,5
22,3222,0.0774796719197184,0.13179266452789307,0.53515625,2,1
22,3223,0.06219170708209277,0.16245996952056885,0.453125,5,6
22,3224,0.08165836334228517,0.1633167266845703,0.5,5,6
22,3225,0.06717604713048787,0.15562957525253296,0.47265625,1,2
22,3226,0.07767647597938777,0.11171448230743408,0.578125,5,7
22,3227,0.07019716920331122,0.13262343406677246,0.51171875,1,0
22,3228,0.08065971382893623,0.13720190525054932,0.53515625,4,8
22,3229,0.0642445287667215,0.17221570014953613,0.44921875,3,4
22,3230,0.06035468797199429,0.16613763570785522,0.4453125,4,5
22,3231,0.0888597294688225,0.1354053020477295,0.5625,6,8
22,3232,0.06618341174907984,0.16449469327926636,0.4609375,5,6
22,3233,0.024860620498657227,0.024860620498657227,0.73828125,7,11
22,3234,0.050019670277833946,0.05742168426513672,0.6484375,4,5
22,3235,0.03558024286758155,0.18036717176437378,0.37890625,4,8
22,3236,0.036142370663583286,0.041490793228149414,0.6484375,3,3
22,3237,0.08045164681971075,0.14402532577514648,0.5234375,5,6
22,3238,0.082699335180223,0.12063264846801758,0.57421875,4,6
22,3239,0.06606019288301469,0.1565871238708496,0.46875,5,7
22,3240,0.0704524035099894,0.16322004795074463,0.47265625,5,6
22,3241,0.08734325319528581,0.14614295959472656,0.5390625,4,4
22,3242,0.08085410110652448,0.15861034393310547,0.50390625,5,6
22,3243,0.0,0.19827401638031006,0.1796875,3,4
22,3244,0.06744054146111013,0.1598590612411499,0.46875,2,3
22,3245,0.07114847004413606,0.1543560028076172,0.484375,5,7
22,3246,0.0591160977492109,0.13695675134658813,0.47265625,5,6
22,3247,0.07416662806645037,0.16090387105941772,0.484375,5,7
22,3248,0.10535037377849223,0.21926581859588623,0.4921875,4,7
22,3249,0.07412898540496828,0.14825797080993652,0.5,4,5
22,3250,0.07406932557933034,0.1453007459640503,0.50390625,1,1
22,3251,0.017525880830362446,0.1471024751663208,0.34765625,4,7
22,3252,0.028146028518676758,0.028146028518676758,0.75,3,4
22,3253,0.08416097145527603,0.14081835746765137,0.5390625,3,4
22,3254,0.08577352948486806,0.12692499160766602,0.5703125,6,10
22,3255,0.07081474864389749,0.08612149953842163,0.62890625,4,6
22,3256,0.07666241214610638,0.1563791036605835,0.49609375,4,5
22,3257,0.06384823168627919,0.15869075059890747,0.4609375,6,9
22,3258,0.06983320321887733,0.12079256772994995,0.53125,2,3
22,3259,0.06460317107848824,0.16056710481643677,0.4609375,2,2
22,3260,0.07581064198166133,0.15464162826538086,0.49609375,6,10
22,3261,0.0730408737435937,0.1165013313293457,0.55078125,4,5
22,2592,0.1589189246296883,0.2844982147216797,0.5234375,4,9
22,3150,0.13688366347923878,0.21833157539367676,0.55078125,3,6
22,3262,0.049365455284714706,0.06722104549407959,0.59375,3,4
22,3263,0.011880218982696533,0.011880218982696533,0.83203125,3,2
22,3264,0.05465721152722836,0.07646036148071289,0.5859375,4,7
22,3265,0.053904204629361636,0.13080072402954102,0.46484375,5,6
22,3266,0.017554044723510742,0.017554044723510742,0.80859375,3,6
22,3267,0.021728170337155468,0.2713371515274048,0.33203125,3,6
22,3268,0.07033266336657108,0.125910222530365,0.5234375,5,5
22,3269,0.0169876937288791,0.18908041715621948,0.3359375,5,6
22,3270,0.05246841697953642,0.17790615558624268,0.41796875,2,2
22,3271,0.01874106342438609,0.18814557790756226,0.33984375,4,7
22,3272,0.05936634540557863,0.11873269081115723,0.5,4,8
22,3273,0.07661445066332818,0.11674582958221436,0.5625,4,10
22,3274,0.0890608762856573,0.142053484916687,0.55078125,4,10
22,3275,0.08379277586936952,0.167585551738739,0.5,4,6
22,3276,0.03788067679852248,0.09895360469818115,0.453125,3,6
22,3277,0.06596475932747127,0.06674695014953613,0.6953125,3,5
22,3278,0.05671069864183665,0.1284773349761963,0.4765625,3,8
22,3279,0.04695131443440915,0.11129200458526611,0.46875,3,6
22,3280,0.03098134044557811,0.1844470500946045,0.3671875,4,9
22,3281,0.1318985582329333,0.2137090563774109,0.546875,5,10
22,3282,0.0,0.2044069766998291,0.17578125,4,9
22,3283,0.03762608161196113,0.09130120277404785,0.46484375,4,9
22,3284,0.05325928702950478,0.13912630081176758,0.453125,3,7
22,3285,0.0146839109947905,0.18336981534957886,0.33203125,3,1
22,3286,0.07673888280987741,0.16648435592651367,0.484375,2,0
22,3287,0.041868054307997234,0.18479692935943604,0.390625,4,7
22,3288,0.1242082740645856,0.19507557153701782,0.5546875,5,9
22,3289,0.0821447321213782,0.155195951461792,0.51171875,2,0
22,3290,0.052318739471957094,0.1212090253829956,0.47265625,4,10
22,3291,0.07849029125645758,0.16336190700531006,0.4921875,2,0
22,3292,0.06700599985197188,0.1485154628753662,0.48046875,4,8
22,3293,0.057813312392681844,0.17831575870513916,0.4296875,2,2
22,3294,0.05427192337810994,0.14177155494689941,0.453125,4,8
22,3295,0.05465721152722836,0.07646036148071289,0.5859375,3,2
22,3296,0.05435563204810024,0.07603847980499268,0.5859375,4,9
22,3297,0.09046585997566582,0.12830615043640137,0.58203125,4,10
22,3298,0.061651281430386014,0.07323771715164185,0.63671875,3,6
22,3299,0.04350480786524714,0.08534276485443115,0.50390625,4,9
22,3300,0.08215419668704273,0.1552138328552246,0.51171875,2,1
22,3301,0.05847432324662805,0.1750810146331787,0.43359375,1,0
22,3302,0.05719201196916403,0.10238569974899292,0.5234375,4,6
22,3303,0.05947809491772205,0.17808645963668823,0.43359375,5,8
22,3304,0.0,0.1989835500717163,0.17578125,4,9
22,3305,0.044872722588479526,0.1235206127166748,0.4453125,2,2
22,3306,0.054086229298263795,0.17751377820968628,0.421875,4,7
22,3307,0.07977267354726793,0.16272354125976562,0.49609375,2,0
23,3167,0.08652681950479747,0.1605135202407837,0.515625,1,0
23,3308,0.009345829486846924,0.009345829486846924,0.86328125,1,0
23,3309,0.07479203736875208,0.11929446458816528,0.55078125,1,0
23,3310,0.09411785006523134,0.1455841064453125,0.55859375,1,0
23,3311,0.07886855863034727,0.17110466957092285,0.484375,1,0
23,3312,0.08315356471575798,0.1600549817085266,0.5078125,1,1
23,3313,0.08652681950479747,0.1605135202407837,0.515625,1,0
23,3314,0.0820076451636851,0.1468108892440796,0.5234375,1,1
23,3315,0.08740991842933,0.13728183507919312,0.5546875,1,0
23,3316,0.08513729833066465,0.15793585777282715,0.515625,1,1
23,3317,0.027191638946533203,0.027191638946533203,0.76171875,1,0
23,3318,0.0,0.19134294986724854,0.20703125,1,1
23,3319,0.08566735731437804,0.15891915559768677,0.515625,1,0
23,3320,0.056245244108140476,0.07272112369537354,0.609375,1,1
23,3321,0.08652681950479747,0.1605135202407837,0.515625,1,0
23,3322,0.09552046435419471,0.1434207558631897,0.56640625,1,1
23,3323,0.07439840957522394,0.17635178565979004,0.46875,1,1
23,3324,0.08540481165982784,0.1362220048904419,0.55078125,1,0
23,3325,0.0679771030554548,0.17315560579299927,0.45703125,1,0
23,3326,0.08652681950479747,0.1605135202407837,0.515625,1,0
23,3327,0.0921817591879517,0.15680086612701416,0.53515625,1,0
23,3328,0.08321724378038199,0.169749915599823,0.49609375,1,0
23,3329,0.08624053560197355,0.15998244285583496,0.515625,1,0
23,3330,0.096829172805883,0.15444403886795044,0.55078125,1,0
23,2577,0.10890953242778781,0.1883840560913086,0.53125,4,7
23,3246,0.0650444703642279,0.12288844585418701,0.51171875,5,6
23,3331,0.042618751525878906,0.042618751525878906,0.765625,4,5
23,3332,0.05881659267470241,0.1332482099533081,0.4765625,4,6
23,3333,0.1109118686290458,0.16653043031692505,0.56640625,5,8
23,3334,0.0374297823291272,0.2699161767959595,0.35546875,4,6
23,3335,0.03440123796463013,0.03440123796463013,0.7421875,5,5
23,3336,0.06805812497623266,0.11576664447784424,0.53515625,5,7
23,3337,0.04760324954986572,0.04760324954986572,0.7109375,4,4
23,3338,0.04078540834598244,0.06824225187301636,0.5390625,4,6
23,3339,0.06336785689927639,0.1435590386390686,0.4765625,5,9
23,3340,0.06536463066004218,0.11909854412078857,0.51953125,4,6
23,3341,0.06049071857705714,0.11643326282501221,0.5078125,5,5
23,3342,0.05884057562798262,0.08462464809417725,0.578125,5,6
23,3343,0.05516499653458596,0.05933713912963867,0.671875,4,6
23,3344,0.08047786133829506,0.09136289358139038,0.65234375,5,7
23,3345,0.10162430978380145,0.15960627794265747,0.5546875,4,8
23,3346,0.06726153765339406,0.11441165208816528,0.53515625,5,7
23,3347,0.050393879413604736,0.050393879413604736,0.7109375,4,7
23,3281,0.130702028865926,0.20217353105545044,0.55859375,5,10
23,3248,0.11488034925423565,0.2056599259376526,0.5234375,4,7
23,3348,0.09355644695460798,0.1326894760131836,0.58203125,3,3
23,3349,0.0917620633263141,0.1510680913925171,0.54296875,3,4
23,3350,0.06374991743359716,0.08347815275192261,0.60546875,4,6
23,3351,0.08004411612637342,0.12381446361541748,0.55859375,6,8
23,3352,0.04288486763834954,0.044268250465393066,0.6875,5,8
23,3353,0.07806709758006038,0.12852203845977783,0.54296875,2,1
23,3354,0.08623208873905243,0.11010181903839111,0.61328125,3,4
23,3355,0.08998891874216498,0.17321175336837769,0.5078125,5,8
23,3356,0.06787943840026855,0.06787943840026855,0.73046875,4,5
23,3357,0.07390329043846579,0.15075093507766724,0.49609375,5,9
23,3358,0.08771887840703131,0.10542738437652588,0.6328125,4,8
23,3359,0.09806552482768895,0.14511430263519287,0.5703125,3,4
23,3360,0.05590695887804032,0.07228374481201172,0.609375,1,0
23,3361,0.0845723863458261,0.1540963053703308,0.51953125,3,5
23,3362,0.05855768825858833,0.10128897428512573,0.53125,4,7
23,3363,0.07304099202156068,0.14608198404312134,0.5,4,5
23,3364,0.05621739942580462,0.0726851224899292,0.609375,1,1
23,3365,0.02635025978088379,0.02635025978088379,0.73828125,3,5
23,3366,0.04633200168609619,0.04633200168609619,0.7421875,4,7
23,3367,0.06822193181142212,0.17377924919128418,0.45703125,6,10
23,3368,0.029417097568511963,0.029417097568511963,0.7421875,6,7
23,3369,0.07513632252812387,0.12173986434936523,0.546875,5,5
23,3370,0.0605033184401691,0.0664757490158081,0.6640625,4,6
23,3371,0.05767977237701416,0.05767977237701416,0.703125,4,7
23,3372,0.06188757251948119,0.08001625537872314,0.609375,3,3
23,3373,0.10080573766026647,0.17147022485733032,0.53515625,4,7
23,3374,0.05666744266636671,0.1090741753578186,0.5078125,1,1
23,3375,0.09022063948214055,0.12285363674163818,0.59375,3,4
23,3376,0.010300278663635254,0.010300278663635254,0.8203125,3,4
23,3377,0.05846682703122497,0.12168705463409424,0.4921875,5,9
23,3378,0.05031797569245101,0.0885319709777832,0.52734375,5,7
23,3379,0.08400541543960573,0.16801083087921143,0.5,1,0
23,3380,0.07128127478063108,0.10251688957214355,0.578125,3,5
23,3381,0.058003142476081855,0.07314682006835938,0.6171875,5,7
23,3382,0.06640911696013065,0.0916481614112854,0.58984375,4,5
23,3383,0.08387805148959161,0.12063360214233398,0.578125,5,7
23,3384,0.07490785606205465,0.11764669418334961,0.5546875,5,7
23,3385,0.08297987747937442,0.13444840908050537,0.546875,1,0
23,3386,0.08487748098559679,0.10322391986846924,0.62890625,3,3
23,3387,0.029147207736968994,0.029147207736968994,0.7578125,5,6
23,3388,0.03997147083282471,0.03997147083282471,0.703125,4,6
23,3389,0.06756027042865755,0.08315110206604004,0.625,5,8
23,3390,0.0,0.20266425609588623,0.17578125,4,5
23,3391,0.050131876487284906,0.05123257637023926,0.69140625,3,4
23,3392,0.07442966196686031,0.17243432998657227,0.47265625,4,4
23,3393,0.09396737907081844,0.1370692253112793,0.57421875,3,4
23,3394,0.08673276775516571,0.13834011554718018,0.55078125,2,0
23,3395,0.05774765834212304,0.07466363906860352,0.609375,1,0
23,3396,0.06522619619499893,0.17484718561172485,0.44921875,5,5
23,3397,0.08871069841552527,0.11326652765274048,0.61328125,4,6
23,3398,0.029626497533172376,0.14310157299041748,0.3828125,4,7
23,3399,0.04475446161814035,0.07488328218460083,0.5390625,6,11
23,3400,0.06450502492953093,0.13703972101211548,0.48828125,6,9
23,3401,0.06666337698698045,0.10158228874206543,0.5625,5,9
23,3402,0.0731678861193359,0.16576087474822998,0.4765625,7,12
23,3403,0.05666003248188646,0.10704773664474487,0.51171875,4,6
23,3404,0.050343407434411354,0.18280726671218872,0.41015625,4,9
23,3405,0.05610648170113564,0.07254171371459961,0.609375,4,7
23,3406,0.08120886026881637,0.10368812084197998,0.61328125,5,8
23,2592,0.18115658732131126,0.268069863319397,0.5703125,4,9
23,3150,0.13415235443972054,0.2075105905532837,0.55859375,3,6
23,3407,0.05804614780936391,0.07059293985366821,0.62890625,4,9
23,3408,0.09115727711468936,0.14316725730895996,0.5546875,5,6
23,3409,0.06888952385634185,0.10819458961486816,0.5546875,3,5
23,3410,0.03951213986147196,0.06721001863479614,0.53515625,4,7
23,3411,0.0866366419941187,0.16071724891662598,0.515625,1,0
23,3412,0.036876368336379535,0.06601643562316895,0.5234375,4,10
23,3413,0.07509899442084135,0.08251219987869263,0.6640625,3,4
23,3414,0.15544811775907877,0.2334001064300537,0.56640625,4,9
23,3415,0.006587624549865723,0.006587624549865723,0.890625,3,2
23,3416,0.04236577637493611,0.07859158515930176,0.515625,3,5
23,3417,0.0773898483021185,0.09411782026290894,0.62890625,3,7
23,3418,0.040212705265730626,0.04565167427062988,0.65234375,4,6
23,3419,0.02436590823344887,0.11769193410873413,0.3828125,4,9
23,3420,0.06347407680004837,0.17472434043884277,0.4453125,1,0
23,3421,0.028051137924194336,0.028051137924194336,0.7578125,5,6
23,3422,0.056241556070745,0.0727163553237915,0.609375,5,6
23,3423,0.07822918938472868,0.17339110374450684,0.48046875,5,10
23,3424,0.0704703787341714,0.17514967918395996,0.4609375,4,8
23,3425,0.07781375700142236,0.07796603441238403,0.69921875,5,10
23,3426,0.05318861827254296,0.08104932308197021,0.5625,4,9
23,3427,0.02474892069585622,0.1919916272163391,0.3515625,3,6
23,3428,0.04696965217590332,0.04696965217590332,0.7109375,4,6
23,3429,0.08575962856411935,0.15625953674316406,0.51953125,4,6
23,3430,0.0,0.19822221994400024,0.17578125,5,8
23,3431,0.03927580220624805,0.0742037296295166,0.51171875,3,5
23,3432,0.013670255430042749,0.1944214105606079,0.328125,3,6
23,3433,0.08054150617681445,0.12458384037017822,0.55859375,4,9
23,3434,0.02228295523673297,0.24801898002624512,0.3359375,5,7
23,3435,0.11308946949429813,0.19236481189727783,0.53515625,5,9
23,3436,0.06891241401899607,0.14057034254074097,0.49609375,4,8
23,3437,0.07888809265568854,0.17114704847335815,0.484375,1,0
23,3438,0.020997703075408936,0.020997703075408936,0.80859375,4,6
23,3439,0.0963712597731501,0.1366816759109497,0.58203125,5,8
23,3440,0.056241556070745,0.0727163553237915,0.609375,4,4
23,3441,0.014238119125366211,0.014238119125366211,0.828125,5,7
23,3442,0.0,0.20483851432800293,0.17578125,4,9
23,3443,0.0870209678541869,0.16749900579452515,0.5078125,4,3
23,3444,0.09437741152942182,0.14598560333251953,0.55859375,2,1
23,3445,0.0,0.19982314109802246,0.17578125,3,5
23,3446,0.05916838767006994,0.14357447624206543,0.46484375,1,1
23,3447,0.05103299068287016,0.08268636465072632,0.546875,4,8
23,3448,0.07492422731593253,0.16973984241485596,0.4765625,3,2
23,3449,0.012268543243408203,0.012268543243408203,0.8359375,1,0
23,3450,0.04200899694114924,0.08085942268371582,0.5078125,4,7
24,3313,0.09158282494172455,0.16395246982574463,0.5234375,1,0
24,3451,0.06147636659443379,0.17884033918380737,0.4375,1,0
24,3452,0.04449869832023979,0.18082010746002197,0.3984375,1,0
24,3453,0.09055289905518295,0.14671862125396729,0.546875,1,1
24,3454,0.04459863365627826,0.1812261939048767,0.3984375,1,0
24,3455,0.011367082595825195,0.011367082595825195,0.859375,1,0
24,3456,0.09248724440112711,0.16557157039642334,0.5234375,1,0
24,3457,0.04099760204553605,0.1809549331665039,0.390625,1,0
24,3458,0.08241957426071168,0.1014394760131836,0.625,1,1
24,3459,0.09086949017364533,0.15988034009933472,0.52734375,1,1
24,3460,0.09339736145921053,0.14897024631500244,0.55078125,1,0
24,3461,0.09158282494172455,0.16395246982574463,0.5234375,1,0
24,3462,0.08631553687155248,0.13152843713760376,0.5625,1,0
24,3463,0.08523911237716676,0.1704782247543335,0.5,1,0
24,3464,0.07724313356447966,0.1359054446220398,0.52734375,1,1
24,3465,0.061471427092328675,0.07657754421234131,0.62109375,1,0
24,3466,0.06632495485246183,0.17779254913330078,0.44921875,1,0
24,3467,0.06607971573248507,0.13479208946228027,0.49609375,1,1
24,3468,0.08516955375671388,0.17033910751342773,0.5,1,0
24,3469,0.09158282494172455,0.16395246982574463,0.5234375,1,0
24,3470,0.07902941852808,0.11694526672363281,0.5703125,1,0
24,3471,0.08511851192452015,0.13166368007659912,0.55859375,1,0
24,3472,0.061471427092328675,0.07657754421234131,0.62109375,1,1
24,3373,0.09700368274934591,0.1650029420852661,0.53515625,4,7
24,3322,0.0924986293539405,0.1475367546081543,0.55078125,1,1
24,3473,0.021071489201858643,0.15195214748382568,0.35546875,5,8
24,3474,0.08553094742819668,0.10654950141906738,0.62109375,5,8
24,3475,0.08313427632674576,0.13056671619415283,0.5546875,1,1
24,3476,0.0649073423119262,0.11040717363357544,0.53515625,4,6
24,3477,0.07762583205476405,0.11486828327178955,0.5703125,1,0
24,3478,0.07498119072988631,0.12148851156234741,0.546875,4,8
24,3479,0.09510774747468533,0.12143433094024658,0.61328125,4,7
24,3480,0.08605288504622878,0.1220473051071167,0.58203125,3,5
24,3481,0.08428200706839563,0.14578509330749512,0.53125,1,1
24,3482,0.09894451720174403,0.18028324842453003,0.51953125,4,6
24,3483,0.06463975086808206,0.07590723037719727,0.640625,1,1
24,3484,0.05441067600622774,0.0631706714630127,0.64453125,4,7
24,3485,0.0,0.13905096054077148,0.27734375,4,7
24,3486,0.0422579396981746,0.042340636253356934,0.69921875,4,7
24,3487,0.040604178560897715,0.158697247505188,0.40234375,4,6
24,3488,0.026313056936487562,0.1480470895767212,0.37109375,3,5
24,3489,0.014971017837524414,0.014971017837524414,0.7734375,4,8
24,3490,0.07486854633316399,0.12527024745941162,0.5390625,4,7
24,3491,0.0,0.17595934867858887,0.28125,4,6
24,3492,0.11483877198770644,0.14305949211120605,0.62109375,4,6
24,3281,0.14279306132812056,0.20252090692520142,0.58203125,5,10
24,3248,0.1233596205711365,0.2064056396484375,0.5390625,4,7
24,3493,0.041835313662886627,0.12170273065567017,0.4375,5,8
24,3494,0.07265766581986101,0.10304909944534302,0.58203125,4,5
24,3495,0.053370215697214014,0.06648552417755127,0.62109375,4,5
24,3496,0.04925874434411527,0.09481382369995117,0.5078125,4,5
24,3497,0.07843131432309748,0.11123776435852051,0.58203125,3,3
24,3498,0.056224048137664795,0.056224048137664795,0.73046875,5,9
24,3499,0.12674482911825183,0.17975997924804688,0.58203125,4,9
24,3500,0.07211272139102222,0.10371267795562744,0.578125,3,2
24,3501,0.1018791999667883,0.13690853118896484,0.59765625,4,6
24,3502,0.08500450593419374,0.1884082555770874,0.48046875,4,7
24,3503,0.068483519484289,0.0920303463935852,0.59765625,4,7
24,3504,0.08669007325079293,0.09628051519393921,0.66015625,2,2
24,3505,0.08834540704265238,0.14314192533493042,0.546875,1,0
24,3506,0.04920778458472342,0.0697905421257019,0.58203125,5,7
24,3507,0.06546518474351616,0.13353854417800903,0.49609375,4,5
24,3508,0.051255121710710234,0.0817527174949646,0.55078125,5,10
24,3509,0.10654574632644655,0.1623554229736328,0.5625,4,6
24,3510,0.06729030609130861,0.1345806121826172,0.5,4,5
24,3511,0.04489132133312524,0.065482497215271,0.57421875,4,7
24,3512,0.06455451250076295,0.12910902500152588,0.5,5,8
24,3513,0.04728829860687256,0.04728829860687256,0.73828125,3,2
24,3514,0.08221402927301825,0.14979922771453857,0.51953125,5,7
24,3515,0.08701762184500696,0.13259828090667725,0.5625,4,6
24,3516,0.0952577516436577,0.117240309715271,0.625,4,5
24,3517,0.07454644329845907,0.07543039321899414,0.6953125,3,4
24,3518,0.060799667611718185,0.13190436363220215,0.484375,4,4
24,3519,0.0943488576449454,0.1133958101272583,0.6328125,3,3
24,3520,0.10444056289270522,0.13503426313400269,0.609375,4,6
24,3521,0.11706010275520386,0.14582669734954834,0.62109375,3,4
24,3522,0.112221161602065,0.2008994221687317,0.5234375,4,6
24,3523,0.06566950213164092,0.07215189933776855,0.6640625,4,7
24,3524,0.004230499267578125,0.004230499267578125,0.921875,4,6
24,3525,0.05669601797126234,0.05794084072113037,0.69140625,6,9
24,3526,0.0851352739846334,0.13168960809707642,0.55859375,1,0
24,3527,0.08143181540071966,0.08578824996948242,0.6796875,3,3
24,3528,0.07640509516932072,0.09182959794998169,0.6328125,3,4
24,3529,0.07716442807577552,0.11418551206588745,0.5703125,5,6
24,3530,0.0851352739846334,0.13168960809707642,0.55859375,4,4
24,3531,0.0601519555784762,0.07229530811309814,0.6328125,5,9
24,3532,0.07977191568352283,0.11636245250701904,0.57421875,5,8
24,3533,0.07125993305817248,0.09968602657318115,0.5859375,4,8
24,3534,0.06830534408800305,0.12228089570999146,0.5234375,5,8
24,3535,0.10190976667217912,0.11831700801849365,0.64453125,3,4
24,3536,0.06297822087071837,0.06436097621917725,0.69140625,2,4
24,3537,0.06827154709026219,0.12439513206481934,0.51953125,3,4
24,3538,0.07808086113072933,0.11723577976226807,0.56640625,3,5
24,3539,0.06710094213485718,0.06710094213485718,0.70703125,4,5
24,3540,0.06752339098602535,0.12996983528137207,0.5078125,5,6
24,3541,0.023164282552897937,0.1022423505783081,0.390625,5,7
24,3542,0.08271865104325117,0.10059845447540283,0.62890625,4,8
24,3543,0.08128742873668672,0.12386655807495117,0.5625,4,8
24,3544,0.041536076692864306,0.06424915790557861,0.55859375,4,7
24,3545,0.07803289871662857,0.11547064781188965,0.5703125,5,8
24,3546,0.10797530785202981,0.12977313995361328,0.6328125,3,5
24,3547,0.06824576389044525,0.08606362342834473,0.6171875,4,5
24,2592,0.1854042639024556,0.2666488289833069,0.578125,4,9
24,3414,0.17446712753735485,0.23445451259613037,0.59765625,4,9
24,3548,0.09191038832068445,0.158980131149292,0.53125,5,4
24,3549,0.0,0.20517289638519287,0.15625,5,9
24,3550,0.08809915324673058,0.14274293184280396,0.546875,1,0
24,3551,0.08819031342864038,0.1606884002685547,0.51953125,4,1
24,3552,0.0766190978465602,0.14475637674331665,0.51171875,5,10
24,3553,0.034239888191223145,0.034239888191223145,0.75390625,5,6
24,3554,0.0,0.19734859466552734,0.1640625,4,4
24,3555,0.07533924211747946,0.17454159259796143,0.47265625,6,9
24,3556,0.0801758272573352,0.1739407777786255,0.484375,6,8
24,3557,0.061471379245631404,0.07657748460769653,0.62109375,1,0
24,3558,0.0,0.20105034112930298,0.15625,4,7
24,3559,0.0614682692103088,0.07657361030578613,0.62109375,1,1
24,3560,0.08381471503525974,0.14023900032043457,0.5390625,5,9
24,3561,0.09280492854304613,0.1578608751296997,0.53515625,1,0
24,3562,0.05350410751998425,0.11607670783996582,0.484375,3,5
24,3563,0.07553198514506222,0.17111670970916748,0.4765625,5,10
24,3564,0.09195139957591893,0.15640902519226074,0.53515625,1,0
24,3565,0.049548499519005425,0.17992079257965088,0.41015625,1,0
24,3566,0.0708368648774922,0.17606055736541748,0.4609375,1,0
24,3567,0.08203138411045076,0.12138748168945312,0.5703125,1,1
24,3568,0.09242949914187194,0.15722227096557617,0.53515625,1,0
24,3569,0.052930235862731934,0.052930235862731934,0.75,4,8
24,3570,0.09088165196590127,0.15990173816680908,0.52734375,5,10
24,3571,0.07898584404028954,0.1414012312889099,0.5234375,5,10
24,3572,0.09205663204193117,0.15923309326171875,0.53125,1,0
24,3573,0.0617634803056717,0.17967557907104492,0.4375,4,9
24,3574,0.05922758951783181,0.0679922103881836,0.6484375,4,9
24,3575,0.053988905972801156,0.055174291133880615,0.69140625,2,3
24,3576,0.09420554991811515,0.1550908088684082,0.54296875,1,1
24,3577,0.08717893436551095,0.13284409046173096,0.5625,1,1
24,3578,0.09009804413653912,0.16129440069198608,0.5234375,4,3
24,3579,0.05244765896350146,0.05469083786010742,0.68359375,5,8
24,3580,0.08059316501021387,0.12100791931152344,0.56640625,5,9
24,3581,0.09402674564626069,0.16543537378311157,0.52734375,1,1
24,3582,0.0,0.20404815673828125,0.25,4,9
24,3583,0.08628354035317899,0.1314796805381775,0.5625,1,0
24,3584,0.028408348560333252,0.028408348560333252,0.7890625,4,3
24,3585,0.09637607913464309,0.17560338973999023,0.51953125,5,9
24,3586,0.04110348829999567,0.18142229318618774,0.390625,3,5
24,3587,0.08184587268624456,0.15463131666183472,0.51171875,1,1
24,3588,0.049189559184014804,0.1725003719329834,0.4140625,5,7
24,3589,0.08593713864684106,0.13496875762939453,0.5546875,3,1
24,3590,0.04767791868653149,0.16166287660598755,0.41796875,4,9
24,3591,0.061470326618291445,0.07657617330551147,0.62109375,4,7
24,3592,0.08226385060697795,0.13328826427459717,0.546875,4,9
24,3593,0.07040259637869896,0.09985077381134033,0.58203125,2,3
25,3461,0.10017780074849726,0.17625784873962402,0.52734375,1,0
25,3594,0.10057660378515722,0.17397034168243408,0.53125,1,0
25,3595,0.10017780074849726,0.17625784873962402,0.52734375,1,0
25,3596,0.07980561908334495,0.08494901657104492,0.67578125,1,0
25,3597,0.04956254223361613,0.1937100887298584,0.40234375,1,0
25,3598,0.09758793842047454,0.17470288276672363,0.5234375,1,1
25,3599,0.004030585289001465,0.004030585289001465,0.953125,1,0
25,3600,0.09306006878614427,0.17263317108154297,0.515625,1,1
25,3601,0.09616068284958602,0.1691899299621582,0.52734375,1,0
25,3602,0.09414032846689226,0.14345192909240723,0.5625,1,0
25,3603,0.07980561908334495,0.08494901657104492,0.67578125,1,0
25,3604,0.011110126972198486,0.011110126972198486,0.87890625,1,0
25,3605,0.0994774983264506,0.17502570152282715,0.52734375,1,0
25,3606,0.09372007101774217,0.14281153678894043,0.5625,1,0
25,3607,0.08883538190275432,0.1209673285484314,0.59375,1,0
25,3608,0.09757842542603613,0.1532520055770874,0.5546875,1,0
25,3609,0.09564125072211029,0.1774214506149292,0.515625,1,0
25,3610,0.09483598906081171,0.1791735291481018,0.51171875,1,0
25,3611,0.021759497001767165,0.19894397258758545,0.34375,1,1
25,3612,0.07839270494878293,0.18581974506378174,0.46875,1,1
25,3613,0.0978026343509555,0.15846502780914307,0.546875,1,0
25,3614,0.017716169357299805,0.017716169357299805,0.83984375,1,0
25,3615,0.01016974286176265,0.20026570558547974,0.3203125,1,1
25,3492,0.11037005798425527,0.1523166298866272,0.58984375,4,6
25,3373,0.12342050345614554,0.17750364542007446,0.578125,4,7
25,3616,0.0062160491943359375,0.0062160491943359375,0.92578125,4,7
25,3617,0.04087004158645869,0.18039190769195557,0.390625,3,4
25,3618,0.0548182042548433,0.09024733304977417,0.54296875,4,6
25,3619,0.0,0.2144777774810791,0.25,4,7
25,3620,0.07946547330357136,0.15588629245758057,0.50390625,4,7
25,3621,0.017395079135894775,0.017395079135894775,0.83984375,4,7
25,3622,0.09729628730565311,0.12905621528625488,0.6015625,4,6
25,3623,0.03276538848876953,0.03276538848876953,0.7265625,5,7
25,3624,0.05013299896381796,0.14181268215179443,0.44140625,3,4
25,3625,0.09277162409853192,0.12148100137710571,0.60546875,4,6
25,3626,0.05459964275360109,0.10919928550720215,0.5,4,6
25,3627,0.061742402147501714,0.07982856035232544,0.609375,4,6
25,3628,0.09626290434971453,0.1559702754020691,0.546875,4,6
25,3629,0.10068801231682302,0.16576290130615234,0.54296875,4,5
25,3630,0.12885454064235094,0.1665998101234436,0.609375,4,7
25,3631,0.0024728775024414062,0.0024728775024414062,0.94921875,5,8
25,3632,0.07201954349875452,0.12893009185791016,0.5234375,4,5
25,3633,0.11576133221387865,0.14247548580169678,0.625,4,7
25,3634,0.08792925719171764,0.16311514377593994,0.515625,4,6
25,3635,0.029719021171331413,0.13117361068725586,0.390625,4,8
25,3636,0.13164849882014099,0.186714768409729,0.58203125,4,6
25,3281,0.14085094747133556,0.22121375799179077,0.5546875,5,10
25,3499,0.14319584215991202,0.20031768083572388,0.5859375,4,9
25,3637,0.09761156886816026,0.1329178810119629,0.59375,3,5
25,3638,0.08687782706692816,0.09973418712615967,0.6484375,5,7
25,3639,0.12183322245255114,0.16160261631011963,0.6015625,2,2
25,3640,0.06663252878934146,0.11723661422729492,0.52734375,5,9
25,3641,0.07644845172762872,0.14443397521972656,0.51171875,4,4
25,3642,0.10668899584561588,0.14527863264083862,0.59375,4,7
25,3643,0.09371029236353935,0.14070284366607666,0.56640625,3,3
25,3644,0.10015117353759707,0.17621099948883057,0.52734375,1,0
25,3645,0.10155611461959782,0.191869854927063,0.51171875,4,9
25,3646,0.12135100574232639,0.1377643346786499,0.65234375,5,9
25,3647,0.06526249647140503,0.06526249647140503,0.71484375,4,7
25,3648,0.12435424327850343,0.15305137634277344,0.625,4,6
25,3649,0.09901138849090786,0.12641853094100952,0.61328125,5,7
25,3650,0.07005362445488574,0.07696878910064697,0.6640625,5,8
25,3651,0.04780983924865723,0.04780983924865723,0.75,6,11
25,3652,0.028472368139773614,0.10338902473449707,0.41015625,6,9
25,3653,0.039384010713547475,0.10557389259338379,0.44921875,5,9
25,3654,0.046840667724609375,0.046840667724609375,0.7265625,5,7
25,3655,0.10636206157505514,0.14483344554901123,0.59375,5,8
25,3656,0.06397491693496704,0.06397491693496704,0.7578125,5,7
25,3657,0.06980606028810145,0.09633612632751465,0.58984375,4,6
25,3658,0.06753685325384141,0.07500839233398438,0.66015625,4,5
25,3659,0.08286582492291929,0.09843921661376953,0.63671875,3,4
25,3660,0.0796413834905252,0.0847741961479187,0.67578125,4,4
25,3661,0.09640412172302605,0.12787282466888428,0.6015625,3,5
25,3662,0.12063738284632565,0.17350095510482788,0.578125,4,7
25,3663,0.08362140215467663,0.11540204286575317,0.58984375,4,4
25,3664,0.007348780985921626,0.12137341499328613,0.32421875,3,3
25,3665,0.10383167862892152,0.1277928352355957,0.625,3,6
25,3666,0.07058851164765657,0.14996397495269775,0.48828125,3,3
25,3667,0.06349746417254211,0.12952470779418945,0.49609375,5,7
25,3668,0.09138908376917244,0.13523471355438232,0.5703125,4,7
25,3669,0.08969461359083654,0.1289989948272705,0.578125,3,4
25,3670,0.08644414739683272,0.1603601574897766,0.515625,4,8
25,3671,0.0791941029019654,0.14177405834197998,0.5234375,4,5
25,3672,0.09115315787494184,0.09505176544189453,0.68359375,4,5
25,3673,0.08808382460847498,0.10463786125183105,0.63671875,3,4
25,3674,0.050791919231414795,0.050791919231414795,0.76171875,3,3
25,3675,0.041055262088775635,0.041055262088775635,0.76953125,3,5
25,3676,0.06810560147278012,0.07907044887542725,0.64453125,4,7
25,3677,0.015517890453338623,0.015517890453338623,0.859375,4,7
25,3678,0.017242372035980225,0.017242372035980225,0.8671875,5,8
25,3679,0.08809409849345685,0.10587835311889648,0.6328125,4,5
25,3680,0.054208887740969665,0.08385181427001953,0.55859375,3,3
25,3681,0.08106553042307497,0.08540236949920654,0.6796875,4,6
25,3682,0.06761560798622669,0.07350146770477295,0.66796875,4,5
25,3683,0.09047578740864994,0.12320107221603394,0.59375,3,5
25,3684,0.06357922265306117,0.08433306217193604,0.6015625,5,8
25,3685,0.09937045769765974,0.13180744647979736,0.6015625,2,1
25,3686,0.08506882213987411,0.18072712421417236,0.48828125,4,6
25,3687,0.014548469334840781,0.1460552215576172,0.33984375,5,10
25,3688,0.12300583557225765,0.16315799951553345,0.6015625,3,3
25,3689,0.12572331982664767,0.1528986692428589,0.62890625,3,4
25,3690,0.0915403962135315,0.0915403962135315,0.703125,4,6
25,3691,0.08962253574281932,0.11587560176849365,0.609375,4,8
25,3692,0.0,0.2235337495803833,0.25390625,5,9
25,3693,0.09781902283430101,0.17210769653320312,0.52734375,3,3
25,2592,0.16799635835923257,0.29558122158050537,0.52734375,4,9
25,3414,0.16186819178983572,0.2581822872161865,0.55078125,4,9
25,3694,0.0,0.21743392944335938,0.1640625,5,10
25,3695,0.09310425259172918,0.16104519367218018,0.53125,1,1
25,3696,0.012601613998413086,0.012601613998413086,0.86328125,4,10
25,3697,0.09533967263996602,0.17686200141906738,0.515625,1,0
25,3698,0.0,0.2039915919303894,0.2421875,4,8
25,3699,0.06879895296879114,0.16694343090057373,0.46484375,5,8
25,3700,0.08047790429554881,0.18644654750823975,0.47265625,2,1
25,3701,0.09358669351786376,0.15919065475463867,0.53515625,1,1
25,3702,0.021498022601008422,0.19655334949493408,0.34375,2,3
25,3703,0.1067701866850257,0.1729947328567505,0.546875,4,7
25,3704,0.08054397325031461,0.18659961223602295,0.47265625,1,0
25,3705,0.052349826786667115,0.0848199725151062,0.546875,4,10
25,3706,0.014057457447052002,0.014057457447052002,0.86328125,1,0
25,3707,0.08820294099859895,0.1551886796951294,0.52734375,1,1
25,3708,0.012533708475530153,0.13950562477111816,0.3359375,4,9
25,3709,0.11397504410706462,0.15316331386566162,0.59765625,5,9
25,3710,0.08855117764323951,0.12735450267791748,0.578125,1,1
25,3711,0.09908497170545162,0.1580420732498169,0.55078125,1,0
25,3712,0.10258328926283868,0.1496371626853943,0.57421875,4,9
25,3713,0.09979479294270278,0.13589078187942505,0.59375,4,9
25,3714,0.1005383199080825,0.17390412092208862,0.53125,2,1
25,3715,0.09499420505017044,0.1794724464416504,0.51171875,1,0
25,3716,0.09138184797484429,0.18640440702438354,0.49609375,3,6
25,3717,0.06777335330843927,0.11339855194091797,0.5390625,3,7
25,3718,0.04178358684293927,0.19273149967193604,0.38671875,1,1
25,3719,0.05894649028778076,0.05894649028778076,0.734375,1,0
25,3720,0.07980561908334495,0.08494901657104492,0.67578125,1,1
25,3721,0.06786205014213921,0.10995370149612427,0.546875,4,10
25,3722,0.09750057128258051,0.16313821077346802,0.5390625,1,0
25,3723,0.08115938189439477,0.1880253553390503,0.47265625,1,1
25,3724,0.0,0.20167845487594604,0.27734375,5,4
25,3725,0.10017780074849726,0.17625784873962402,0.52734375,1,0
25,3726,0.09729948034510018,0.18049758672714233,0.515625,1,1
25,3727,0.09246777801308782,0.18139272928237915,0.50390625,1,0
25,3728,0.08862215431872757,0.18827611207962036,0.48828125,5,8
25,3729,0.08621334517374636,0.09575104713439941,0.66015625,4,10
25,3730,0.0997183966683224,0.17544955015182495,0.52734375,1,0
25,3731,0.08854134404100479,0.1329418420791626,0.56640625,1,0
25,3732,0.08785245241597296,0.18284738063812256,0.4921875,1,0
25,3733,0.0576037159189582,0.11300039291381836,0.50390625,5,10
25,3734,0.08316330064553769,0.09441155195236206,0.65234375,1,0
25,3735,0.12991763348691168,0.1638370156288147,0.6171875,4,9
25,3736,0.0950645934790373,0.17018556594848633,0.5234375,1,0
26,3595,0.09534711576998235,0.1649247407913208,0.53125,1,0
26,3737,0.02586827415507287,0.1865430474281311,0.35546875,1,0
26,3738,0.08074826002120973,0.16149652004241943,0.5,1,1
26,3739,0.10078173433430494,0.1470092535018921,0.57421875,1,0
26,3740,0.06614775536581875,0.07593643665313721,0.6484375,1,0
26,3741,0.09910068078897895,0.14455711841583252,0.57421875,1,0
26,3742,0.0714805298484862,0.17766034603118896,0.4609375,1,0
26,3743,0.03786923806183041,0.13280171155929565,0.4140625,1,1
26,3744,0.10118503752164544,0.1519259214401245,0.56640625,1,0
26,3745,0.05686996260192246,0.18085354566574097,0.42578125,1,0
26,3746,0.09361253539100291,0.1365516185760498,0.57421875,1,0
26,3747,0.09933159803040327,0.1662018895149231,0.5390625,1,1
26,3748,0.05679085536394269,0.07631736993789673,0.59765625,1,1
26,3749,0.09534711576998235,0.1649247407913208,0.53125,1,0
26,3750,0.07343662390485407,0.10712122917175293,0.57421875,1,1
26,3751,0.01634046505205334,0.16404545307159424,0.33984375,1,1
26,3752,0.08435817854478957,0.10638272762298584,0.6171875,1,0
26,3753,0.06614640541374685,0.07593488693237305,0.6484375,1,0
26,3754,0.09942042420152576,0.14502352476119995,0.57421875,1,0
26,3755,0.036526910495013006,0.1851661205291748,0.37890625,1,0
26,3756,0.07690267637372018,0.17422199249267578,0.4765625,1,0
26,3757,0.09853699104860426,0.16222167015075684,0.54296875,1,0
26,3758,0.08777123107574882,0.17217957973480225,0.50390625,1,0
26,3759,0.09534711576998235,0.1649247407913208,0.53125,1,0
26,3373,0.1009562909603119,0.1776275634765625,0.52734375,4,7
26,3629,0.0931276846677065,0.16108572483062744,0.53125,4,5
26,3760,0.032541096210479736,0.032541096210479736,0.74609375,1,1
26,3761,0.06688648695126177,0.07593321800231934,0.65234375,3,3
26,3762,0.05371821345761419,0.06236672401428223,0.64453125,4,7
26,3763,0.09805676573887469,0.16143107414245605,0.54296875,2,2
26,3764,0.07000705716200174,0.07014405727386475,0.69921875,4,7
26,3765,0.0,0.20141685009002686,0.1640625,4,7
26,3766,0.08207490644417705,0.1309107542037964,0.55078125,4,4
26,3767,0.019660372054204348,0.1417762041091919,0.35546875,3,1
26,3768,0.09736032318323852,0.16028451919555664,0.54296875,4,5
26,3769,0.08824460429605098,0.13249629735946655,0.56640625,5,7
26,3770,0.018367038108408455,0.13244962692260742,0.35546875,5,6
26,3771,0.060538415797054775,0.16664338111877441,0.4453125,4,5
26,3772,0.06767316861078145,0.07515978813171387,0.66015625,3,4
26,3773,0.09521347330883147,0.13319480419158936,0.5859375,4,8
26,3774,0.0,0.19787442684173584,0.15234375,5,6
26,3775,0.0,0.18175512552261353,0.2578125,5,9
26,3776,0.09325688937678935,0.17619013786315918,0.51171875,4,7
26,3777,0.0,0.20784270763397217,0.15234375,4,6
26,3778,0.0,0.18221181631088257,0.2890625,4,4
26,3499,0.12251881090924145,0.17871689796447754,0.57421875,4,9
26,3281,0.1480689644813538,0.20162582397460938,0.59375,5,10
26,3779,0.10696237580850722,0.14963042736053467,0.5859375,3,4
26,3780,0.09304932737722994,0.11880612373352051,0.61328125,2,4
26,3781,0.0889757201075554,0.12279129028320312,0.58984375,4,5
26,3782,0.031716227531433105,0.031716227531433105,0.75,2,2
26,3783,0.029216527938842773,0.029216527938842773,0.78125,5,8
26,3784,0.09791634371504189,0.1586492657661438,0.546875,4,6
26,3785,0.06981298048049213,0.07064080238342285,0.6953125,4,7
26,3786,0.09120593662373723,0.129355788230896,0.58203125,4,6
26,3787,0.0466914176940918,0.0466914176940918,0.70703125,3,4
26,3788,0.057617341517470784,0.08171766996383667,0.58203125,3,3
26,3789,0.10710928821936251,0.14983594417572021,0.5859375,5,9
26,3790,0.10149801988154651,0.11919033527374268,0.640625,4,7
26,3791,0.03872179985046387,0.03872179985046387,0.7265625,3,2
26,3792,0.10312273725867273,0.1697711944580078,0.54296875,3,4
26,3793,0.02625398430973292,0.11587965488433838,0.390625,3,5
26,3794,0.10677455971017481,0.14936769008636475,0.5859375,3,3
26,3795,0.0823894066270441,0.13141238689422607,0.55078125,5,8
26,3796,0.07554074842482807,0.08299756050109863,0.6640625,3,3
26,3797,0.05889264936558903,0.17633354663848877,0.43359375,5,7
26,3798,0.006898508872836833,0.1139366626739502,0.32421875,4,8
26,3799,0.09202160313725473,0.13234567642211914,0.578125,4,5
26,3800,0.05031102325301618,0.08024686574935913,0.55078125,4,7
26,3801,0.0576693331822753,0.1251131296157837,0.484375,5,7
26,3802,0.10490306839346887,0.12911146879196167,0.625,4,7
26,3803,0.06350684654898943,0.19587653875350952,0.4296875,5,8
26,3804,0.03327643871307373,0.03327643871307373,0.7578125,3,2
26,3805,0.10054578771814705,0.14878451824188232,0.5703125,3,2
26,3806,0.0668858044082299,0.07593244314193726,0.65234375,6,11
26,3807,0.06178085168357939,0.07696300745010376,0.62109375,4,5
26,3808,0.12089793849736455,0.20564699172973633,0.53515625,5,9
26,3809,0.09353690023999663,0.15910595655441284,0.53515625,4,8
26,3810,0.04403268604073674,0.18632012605667114,0.39453125,5,10
26,3811,0.04439172009006143,0.05335342884063721,0.6328125,4,5
26,3812,0.0,0.1273815631866455,0.28515625,4,4
26,3813,0.05495227687060834,0.130257248878479,0.46875,4,5
26,3814,0.0887042172253132,0.11920356750488281,0.59765625,3,3
26,3815,0.06329904077574612,0.07186055183410645,0.65234375,2,3
26,3816,0.0946929673664272,0.11119908094406128,0.640625,2,2
26,3817,0.04020428657531738,0.04020428657531738,0.7109375,3,3
26,3818,0.05138569464907051,0.18020188808441162,0.4140625,4,4
26,3819,0.07158198952674867,0.1044158935546875,0.57421875,5,10
26,3820,0.058944663731381304,0.07168567180633545,0.62890625,4,6
26,3821,0.08146648714318873,0.10533040761947632,0.609375,3,4
26,3822,0.029933810234069824,0.029933810234069824,0.78125,4,6
26,3823,0.049788138247095055,0.049885571002960205,0.69921875,3,4
26,3824,0.11755461269058289,0.15393340587615967,0.60546875,5,7
26,3825,0.0975918732583523,0.16329097747802734,0.5390625,4,6
26,3826,0.11646192194893959,0.1948643922805786,0.5390625,5,8
26,3827,0.09239405812695624,0.10975813865661621,0.63671875,3,4
26,3828,0.09681579656898977,0.12677669525146484,0.60546875,3,4
26,3829,0.016836822032928467,0.016836822032928467,0.7734375,5,9
26,3830,0.09099213778972627,0.13086509704589844,0.578125,2,1
26,3831,0.1182172982953489,0.1749342679977417,0.5703125,3,4
26,3832,0.10212851513642819,0.13724356889724731,0.59765625,4,6
26,3833,0.043716251850128174,0.043716251850128174,0.72265625,3,3
26,3834,0.019107046071439992,0.2126697301864624,0.3359375,4,7
26,3835,0.05085921287536621,0.05085921287536621,0.71875,4,7
26,3836,0.09426395921036602,0.15273147821426392,0.546875,4,5
26,2592,0.1806640874128789,0.26734107732772827,0.5703125,4,9
26,3414,0.17126392014324668,0.23321044445037842,0.59375,4,9
26,3837,0.0993539420887828,0.1449265480041504,0.57421875,1,0
26,3838,0.10513936798088254,0.16512686014175415,0.5546875,4,8
26,3839,0.04946498107165099,0.07114064693450928,0.578125,3,6
26,3840,0.04711139202117921,0.191436767578125,0.3984375,4,8
26,3841,0.1322921718237922,0.19297319650650024,0.57421875,4,9
26,3842,0.052674170583486564,0.08026540279388428,0.5625,4,8
26,3843,0.08100177347660066,0.13553237915039062,0.5390625,1,1
26,3844,0.09716147510334851,0.16257083415985107,0.5390625,1,0
26,3845,0.0899045839905739,0.1667795181274414,0.515625,4,6
26,3846,0.06515529775060715,0.08531844615936279,0.60546875,4,8
26,3847,0.059171429369598634,0.06432223320007324,0.66796875,5,9
26,3848,0.0,0.20381057262420654,0.15234375,4,7
26,3849,0.0,0.20389389991760254,0.2109375,5,9
26,3850,0.030589852249249826,0.1821163296699524,0.3671875,4,7
26,3851,0.05238803790416569,0.06688946485519409,0.61328125,4,9
26,3852,0.08219035388901831,0.11045002937316895,0.59765625,4,8
26,3853,0.026582837104797363,0.026582837104797363,0.765625,4,7
26,3854,0.04402761498931796,0.186298668384552,0.39453125,4,10
26,3855,0.0011029243469238281,0.0011029243469238281,0.9453125,6,10
26,3856,0.08729138248600067,0.15358483791351318,0.52734375,4,8
26,3857,0.03493032231926919,0.13150238990783691,0.40625,1,1
26,3858,0.08115044608712198,0.12365782260894775,0.5625,4,9
26,3859,0.047381015494465835,0.07219964265823364,0.5625,4,8
26,3860,0.05648283427581192,0.06632846593856812,0.640625,3,4
26,3861,0.06781476596370341,0.06861889362335205,0.6953125,4,8
26,3862,0.09427279327064754,0.16586828231811523,0.52734375,2,2
26,3863,0.10682924371212722,0.15364205837249756,0.578125,4,10
26,3864,0.0775156323798001,0.19266021251678467,0.4609375,3,5
26,3865,0.024353981018066406,0.024353981018066406,0.79296875,5,9
26,3866,0.09850664134137334,0.176347553730011,0.5234375,3,6
26,3867,0.08736066520214082,0.13312101364135742,0.5625,4,8
26,3868,0.0,0.20576047897338867,0.2421875,4,9
26,3869,0.07020757568534465,0.11942285299301147,0.53515625,4,9
26,3870,0.0952750504948199,0.15685153007507324,0.54296875,4,8
26,3871,0.06610055593773724,0.17719101905822754,0.44921875,1,1
26,3872,0.0636661823373288,0.10154855251312256,0.55078125,4,9
26,3873,0.013208458665758377,0.1878536343574524,0.328125,4,7
26,3874,0.09342652058694513,0.10376220941543579,0.66015625,4,8
26,3875,0.07599414372816683,0.09466910362243652,0.62109375,2,1
26,3876,0.04703123029321433,0.06579232215881348,0.5859375,5,10
26,3877,0.015861034393310547,0.015861034393310547,0.8125,4,8
26,3878,0.05118578439578415,0.1578742265701294,0.4296875,4,7
26,3879,0.10470183449797334,0.1444941759109497,0.58984375,3,5
27,3749,0.09275825042277576,0.16044670343399048,0.53125,1,0
27,3880,0.08972578402608634,0.12057638168334961,0.59765625,1,0
27,3881,0.10735685855615885,0.1481582522392273,0.58984375,1,0
27,3882,0.09127384435851128,0.16059178113937378,0.52734375,1,0
27,3883,0.09495941922068597,0.12595653533935547,0.6015625,1,0
27,3884,0.048321051523089416,0.17546367645263672,0.41015625,1,0
27,3885,0.08955122740007938,0.1631680727005005,0.51953125,1,0
27,3886,0.07655227649956943,0.13021516799926758,0.53515625,1,1
27,3887,0.0722179999575019,0.07608151435852051,0.6796875,1,0
27,3888,0.10136209125630559,0.143760085105896,0.58203125,1,0
27,3889,0.09275825042277576,0.16044670343399048,0.53125,1,0
27,3890,0.0265580527484417,0.17891740798950195,0.359375,1,0
27,3891,0.0709636532701552,0.07180511951446533,0.6953125,1,1
27,3892,0.0722179999575019,0.07608151435852051,0.6796875,1,1
27,3893,0.0890406802063808,0.16223782300949097,0.51953125,1,0
27,3894,0.08951197215355934,0.16309654712677002,0.51953125,1,0
27,3895,0.07097421889193357,0.07400977611541748,0.68359375,1,1
27,3896,0.10388935846276583,0.14533156156539917,0.5859375,1,0
27,3897,0.04685556888580322,0.04685556888580322,0.7421875,1,0
27,3898,0.09740557242184879,0.12920117378234863,0.6015625,1,1
27,3899,0.08364185690879823,0.16728371381759644,0.5,1,0
27,3900,0.0,0.18186920881271362,0.296875,1,0
27,3901,0.03774082660675049,0.03774082660675049,0.78125,1,1
27,3759,0.09275825042277576,0.16044670343399048,0.53125,1,0
27,3902,0.07665724796243013,0.16990697383880615,0.48046875,1,0
27,3903,0.07098445051815362,0.07402044534683228,0.68359375,1,0
27,3904,0.0003545833751559308,0.18154668807983398,0.30078125,1,0
27,3905,0.07295972597785295,0.07608020305633545,0.68359375,1,1
27,3906,0.07382879406213762,0.09086620807647705,0.625,1,1
27,3907,0.09275825042277576,0.16044670343399048,0.53125,1,0
27,3908,0.09275825042277576,0.16044670343399048,0.53125,1,0
27,3909,0.09275825042277576,0.16044670343399048,0.53125,1,0
27,3910,0.09884327463805677,0.12779736518859863,0.609375,1,1
27,3911,0.09275825042277576,0.16044670343399048,0.53125,1,0
27,3912,0.09517855150625111,0.15925300121307373,0.5390625,1,0
27,3913,0.06696944031864406,0.1517183780670166,0.4765625,1,1
27,3914,0.08277285099029542,0.16554570198059082,0.5,1,1
27,3915,0.0989022731082514,0.15775066614151,0.55078125,1,0
27,3916,0.02990138530731201,0.02990138530731201,0.70703125,1,1
27,3917,0.09862262010574342,0.1548919677734375,0.5546875,1,0
27,3918,0.07201630622148515,0.17070531845092773,0.46875,1,0
27,3919,0.09871116641443224,0.15744584798812866,0.55078125,1,0
27,3920,0.07258511497639121,0.11227667331695557,0.55859375,1,1
27,3921,0.09275825042277576,0.16044670343399048,0.53125,1,0
27,3922,0.10627490375190975,0.14666509628295898,0.58984375,1,0
27,3281,0.1499363349284977,0.2126520872116089,0.58203125,5,10
27,3841,0.16316718980669978,0.2032642364501953,0.62109375,4,9
27,3923,0.06960147619247437,0.06960147619247437,0.71875,3,4
27,3924,0.09849818353541197,0.1359328031539917,0.58984375,4,8
27,3925,0.032650113105773926,0.032650113105773926,0.8125,5,9
27,3926,0.06189618818461896,0.18006163835525513,0.4375,5,5
27,3927,0.016744494438171387,0.016744494438171387,0.84765625,5,9
27,3928,0.09037675091531129,0.13979727029800415,0.55859375,4,9
27,3929,0.10872430982999505,0.130673348903656,0.6328125,4,4
27,3930,0.10544897429645063,0.14359009265899658,0.59375,3,3
27,3931,0.10111175081692637,0.1719907522201538,0.53515625,3,3
27,3932,0.0,0.17240625619888306,0.2734375,4,9
27,3933,0.07327945670112969,0.09356379508972168,0.61328125,6,13
27,3934,0.0,0.20410633087158203,0.1640625,3,3
27,3935,0.0,0.18715441226959229,0.1875,4,4
27,3936,0.05753826210275294,0.09472537040710449,0.54296875,4,7
27,3937,0.020292341709136963,0.020292341709136963,0.828125,4,4
27,3938,0.09740889770910145,0.129205584526062,0.6015625,5,7
27,3939,0.03587990999221802,0.03587990999221802,0.8046875,2,1
27,3940,0.07108284882269801,0.11163932085037231,0.5546875,4,8
27,3941,0.12834014149848375,0.22580808401107788,0.52734375,4,9
27,3942,0.07514220010489227,0.07528924942016602,0.69921875,5,8
27,3943,0.0847865608520806,0.1517857313156128,0.5234375,4,9
27,3944,0.09711168566718699,0.12246596813201904,0.6171875,4,5
27,3945,0.0,0.18109965324401855,0.27734375,4,4
27,3946,0.10196396615356208,0.17060637474060059,0.5390625,4,8
27,3947,0.09103139536455275,0.12562823295593262,0.58984375,6,12
27,3948,0.09743635379709305,0.12924200296401978,0.6015625,3,2
27,3949,0.06218670029193164,0.09766745567321777,0.5546875,5,9
27,3950,0.10779561218805613,0.14298278093338013,0.6015625,5,10
27,3951,0.06669827178120614,0.16577434539794922,0.4609375,4,8
27,3952,0.10030967672355474,0.1280761957168579,0.61328125,5,8
27,3953,0.11733125406317416,0.19958007335662842,0.53515625,5,10
27,3954,0.05359774827957153,0.05359774827957153,0.75390625,5,9
27,3955,0.10693613765761258,0.12852418422698975,0.6328125,4,9
27,3956,0.08811102365143599,0.11840641498565674,0.59765625,4,3
27,3957,0.10521417972631754,0.16274821758270264,0.55859375,3,4
27,3958,0.09792999923229219,0.09812164306640625,0.69921875,5,9
27,3959,0.1131951422430575,0.14101195335388184,0.62109375,5,7
27,3960,0.14147982886061075,0.20347660779953003,0.578125,5,10
27,3961,0.0,0.17590713500976562,0.20703125,5,6
27,3962,0.09475592244416477,0.11949515342712402,0.6171875,3,3
27,3963,0.08107852307148279,0.16874879598617554,0.4921875,3,3
27,3964,0.0,0.15484797954559326,0.28125,3,4
27,3965,0.08466949756257237,0.11230772733688354,0.6015625,3,7
27,3966,0.06490879505872728,0.0798877477645874,0.625,5,7
27,3967,0.05787371890619398,0.05798697471618652,0.69921875,3,4
27,3968,0.07098034978844227,0.07555496692657471,0.67578125,5,7
27,3969,0.079041586490348,0.09389626979827881,0.63671875,3,3
27,3970,0.07840480841696264,0.1053628921508789,0.59765625,5,11
27,3971,0.030369102954864502,0.030369102954864502,0.796875,5,9
27,3972,0.09600579785183073,0.16891741752624512,0.52734375,4,9
27,3973,0.0585116136353463,0.11935436725616455,0.49609375,5,7
27,3974,0.07446883572265507,0.16505646705627441,0.48046875,3,7
27,2592,0.19569517741911116,0.2775510549545288,0.58203125,4,9
27,3414,0.16799575882032516,0.24859488010406494,0.5703125,4,9
27,3975,0.09761861083097757,0.16070973873138428,0.54296875,3,5
27,3976,0.071459241444245,0.07302820682525635,0.69140625,3,5
27,3977,0.0,0.19481736421585083,0.16796875,5,10
27,3978,0.0851546673802659,0.14982539415359497,0.52734375,4,5
27,3979,0.09275825042277576,0.16044670343399048,0.53125,2,1
27,3980,0.0,0.2035144567489624,0.28125,5,10
27,3981,0.04205897357314826,0.1380397081375122,0.421875,4,5
27,3982,0.0,0.19115358591079712,0.171875,3,5
27,3983,0.10168327065184714,0.11673057079315186,0.6484375,4,7
27,3984,0.03928667632862926,0.08900344371795654,0.4765625,4,7
27,3985,0.05507180024869741,0.08268845081329346,0.56640625,5,11
27,3986,0.08201027614995839,0.1328774094581604,0.546875,4,8
27,3987,0.10292663564905526,0.1420443058013916,0.58984375,1,0
27,3988,0.0,0.1896505355834961,0.2890625,5,10
27,3989,0.06316177244298161,0.06723248958587646,0.67578125,5,8
27,3990,0.05953364074230195,0.08106708526611328,0.59375,4,8
27,3991,0.07252062344923617,0.0756223201751709,0.68359375,4,8
27,3992,0.06812350160907955,0.07251399755477905,0.67578125,4,7
27,3993,0.07715622545219959,0.12909799814224243,0.5390625,4,9
27,3994,0.08259737491607667,0.16519474983215332,0.5,2,3
27,3995,0.08263280242681505,0.1719837188720703,0.4921875,3,4
27,3996,0.004486382007598877,0.004486382007598877,0.9140625,4,8
27,3997,0.05352501198649407,0.08156192302703857,0.5625,4,9
27,3998,0.018578626681119207,0.1441251039505005,0.3515625,5,7
27,3999,0.07287657260894775,0.07287657260894775,0.703125,4,9
27,4000,0.00565946102142334,0.00565946102142334,0.875,5,11
27,4001,0.10527485283091666,0.1327604055404663,0.6171875,3,5
27,4002,0.014790012501180177,0.13522297143936157,0.34375,4,5
27,4003,0.031249582767486572,0.031249582767486572,0.81640625,4,9
27,4004,0.08500589523464443,0.09544521570205688,0.65625,3,5
27,4005,0.07332775043323637,0.09247243404388428,0.6171875,4,6
27,4006,0.0,0.3655831813812256,0.234375,5,9
27,4007,0.10026105586439372,0.14419567584991455,0.578125,5,12
27,4008,0.10286001197528095,0.12219101190567017,0.63671875,5,7
27,4009,0.09427580982446672,0.11603176593780518,0.625,4,7
27,4010,0.010903768241405494,0.18008804321289062,0.32421875,2,0
27,4011,0.007408807519823318,0.1806337833404541,0.31640625,1,0
27,4012,0.09882567892782392,0.165355384349823,0.5390625,1,1
27,4013,0.0996223520487547,0.16141343116760254,0.546875,3,5
27,4014,0.024817052879370752,0.17896240949630737,0.35546875,3,3
27,4015,0.07574912533164026,0.10314774513244629,0.59375,4,7
27,4016,0.0740020126104355,0.17541217803955078,0.46875,1,1
27,4017,0.06417053937911987,0.06417053937911987,0.7265625,4,9
27,4018,0.07226278248708697,0.11177808046340942,0.55859375,1,1
27,4019,0.09743496077135207,0.12924015522003174,0.6015625,4,5
27,4020,0.06673932075500488,0.06673932075500488,0.71484375,6,10
27,4021,0.09419022174552084,0.17795348167419434,0.51171875,3,5
27,4022,0.09478350542485715,0.1639498472213745,0.53125,4,7
27,4023,0.04978162050247193,0.1448192596435547,0.4375,5,10
28,3759,0.1064209849573672,0.1574784517288208,0.5703125,1,0
28,4024,0.10324273444712163,0.1334855556488037,0.609375,1,0
28,4025,0.03655439615249634,0.03655439615249634,0.8046875,1,0
28,4026,0.1058056438341737,0.13679921627044678,0.609375,1,0
28,4027,0.0981184074189514,0.16689908504486084,0.53515625,1,1
28,4028,0.1064209849573672,0.1574784517288208,0.5703125,1,0
28,4029,0.05602908134460449,0.05602908134460449,0.7578125,1,0
28,4030,0.00035428232513368634,0.18139255046844482,0.30078125,1,0
28,4031,0.1011926759965718,0.16140389442443848,0.55078125,1,0
28,4032,0.09792412351816894,0.1266089677810669,0.609375,1,0
28,4033,0.09792416961863638,0.12660902738571167,0.609375,1,0
28,4034,0.09833340346813203,0.16453170776367188,0.5390625,1,0
28,4035,0.10147724812850357,0.15937530994415283,0.5546875,1,0
28,4036,0.061322803376242525,0.17346560955047607,0.44140625,1,1
28,4037,0.08868070878088476,0.16754436492919922,0.51171875,1,0
28,4038,0.1027454558061436,0.15892952680587769,0.55859375,1,0
28,4039,0.11025448131840677,0.15215712785720825,0.58984375,1,0
28,4040,0.06419160868972541,0.1720738410949707,0.44921875,1,0
28,4041,0.0781217683106661,0.0906991958618164,0.64453125,1,0
28,4042,0.07293700939044358,0.07380187511444092,0.6953125,1,0
28,4043,0.1064209849573672,0.1574784517288208,0.5703125,1,0
28,4044,0.04790157079696655,0.04790157079696655,0.77734375,1,1
28,3889,0.1064209849573672,0.1574784517288208,0.5703125,1,0
28,4045,0.09791158419102432,0.126592755317688,0.609375,1,0
28,4046,0.07863166031893344,0.1670514941215515,0.48828125,1,1
28,4047,0.03497688379138709,0.1773085594177246,0.37890625,1,0
28,4048,0.09066248824819924,0.14689618349075317,0.546875,1,1
28,4049,0.11050148541107775,0.1524980068206787,0.58984375,1,0
28,4050,0.07289530383422972,0.07375967502593994,0.6953125,1,1
28,4051,0.09780916257295759,0.14267319440841675,0.57421875,1,1
28,4052,0.08040745044127108,0.09551882743835449,0.63671875,1,0
28,4053,0.10450915619730951,0.15925204753875732,0.5625,1,0
28,4054,0.0669214129447937,0.0669214129447937,0.7109375,1,0
28,4055,0.10976245987694712,0.151478111743927,0.58984375,1,0
28,4056,0.01613559480756522,0.1795961856842041,0.3359375,1,1
28,4057,0.10706101544201375,0.14578521251678467,0.59375,1,0
28,4058,0.05787070258520544,0.17327368259429932,0.43359375,1,0
28,4059,0.07053167163394393,0.17114794254302979,0.46484375,1,0
28,4060,0.09874102380126716,0.12766516208648682,0.609375,1,0
28,4061,0.11169448192231358,0.15414440631866455,0.58984375,1,0
28,4062,0.10269957873970272,0.13278329372406006,0.609375,1,0
28,4063,0.04686307534575463,0.17642569541931152,0.40625,1,0
28,4064,0.1064209849573672,0.1574784517288208,0.5703125,1,0
28,4065,0.05186104774475098,0.05186104774475098,0.765625,1,0
28,3841,0.15761644463054839,0.19168555736541748,0.62890625,4,9
28,3281,0.15493452479131523,0.2055090069770813,0.6015625,5,10
28,4066,0.11589653161354364,0.15994346141815186,0.58984375,5,9
28,4067,0.0954438839107752,0.129966139793396,0.59375,5,9
28,4068,0.07043739501386882,0.07057523727416992,0.69921875,5,9
28,4069,0.07213168777525426,0.11687159538269043,0.546875,4,9
28,4070,0.10321269789710642,0.17269575595855713,0.5390625,5,11
28,4071,0.0,0.1535550355911255,0.2890625,5,10
28,4072,0.08363611064851285,0.08633404970169067,0.6875,5,9
28,4073,0.07502588164061309,0.08155679702758789,0.66796875,1,0
28,4074,0.10021187819074841,0.13122373819351196,0.60546875,1,0
28,4075,0.02551090717315674,0.02551090717315674,0.828125,5,10
28,4076,0.08737508661579342,0.10144227743148804,0.64453125,5,6
28,4077,0.10028695594519378,0.11776816844940186,0.640625,5,10
28,4078,0.08972498564980926,0.12057530879974365,0.59765625,6,11
28,4079,0.060284331440925605,0.07419610023498535,0.625,5,6
28,4080,0.0997630711644888,0.12898659706115723,0.609375,5,8
28,4081,0.07101295259781183,0.11881905794143677,0.5390625,5,8
28,4082,0.04573802975937725,0.12590253353118896,0.4453125,5,8
28,4083,0.10935542080551387,0.14890950918197632,0.59375,1,0
28,4084,0.10077265975996853,0.13907170295715332,0.58984375,4,8
28,4085,0.050255865673534586,0.09494835138320923,0.51171875,4,8
28,4086,0.04306000471115112,0.04306000471115112,0.78515625,1,0
28,4087,0.07822862791363151,0.07838171720504761,0.69921875,5,10
28,4088,0.067829737206921,0.07073080539703369,0.68359375,4,8
28,4089,0.08354198466986419,0.13978266716003418,0.5390625,5,10
28,4090,0.10918514127843083,0.1267637014389038,0.64453125,4,10
28,4091,0.057991981506347656,0.057991981506347656,0.703125,5,9
28,4092,0.10300308535806836,0.11958634853363037,0.64453125,5,9
28,4093,0.08448410034179688,0.08448410034179688,0.74609375,4,8
28,4094,0.012427714886143807,0.15519487857818604,0.33203125,4,4
28,4095,0.07699886045884342,0.10920614004135132,0.58203125,5,10
28,4096,0.06191474199295044,0.06191474199295044,0.75390625,6,11
28,4097,0.04149625555146486,0.11123603582382202,0.44921875,5,10
28,4098,0.05055882316082717,0.05937182903289795,0.640625,5,11
28,4099,0.06396424770355225,0.06396424770355225,0.71484375,5,11
28,4100,0.1213981235632673,0.15123075246810913,0.62109375,4,8
28,4101,0.10699282493442298,0.14191794395446777,0.6015625,3,4
28,4102,0.07912973384372891,0.08983242511749268,0.65234375,5,7
28,4103,0.07112564519047739,0.07196903228759766,0.6953125,5,9
28,4104,0.10314244322944434,0.13506120443344116,0.60546875,4,9
28,4105,0.04118037223815918,0.04118037223815918,0.80859375,3,5
28,4106,0.1131903142668307,0.13141369819641113,0.64453125,4,10
28,4107,0.11119345761835576,0.15141236782073975,0.59375,4,4
28,4108,0.07828679541125895,0.130989670753479,0.5390625,6,11
28,4109,0.05115783214569092,0.05115783214569092,0.73046875,5,8
28,4110,0.07242994057014586,0.07630479335784912,0.6796875,5,9
28,4111,0.05961164273321629,0.08117330074310303,0.59375,5,10
28,4112,0.05921707930974663,0.13719069957733154,0.47265625,4,10
28,4113,0.10473002772778274,0.17523455619812012,0.5390625,4,8
28,4114,0.1072826641611755,0.14230239391326904,0.6015625,4,5
28,4115,0.0906878085806966,0.1595606803894043,0.52734375,5,10
28,4116,0.12038728990592064,0.15181845426559448,0.6171875,4,4
28,4117,0.0529748797416687,0.0529748797416687,0.7578125,4,3
28,4118,0.10609130188822748,0.1337900161743164,0.6171875,6,11
28,2592,0.20574756525456908,0.27290868759155273,0.6015625,4,9
28,3414,0.18649305356666449,0.23518335819244385,0.6171875,4,9
28,4119,0.09789780015125872,0.12657493352890015,0.609375,1,0
28,4120,0.11612083716318013,0.16938424110412598,0.57421875,3,5
28,4121,0.101970705203712,0.1626448631286621,0.55078125,2,1
28,4122,0.0498376579489559,0.07827264070510864,0.5546875,4,9
28,4123,0.09655288164503874,0.11084097623825073,0.6484375,3,5
28,4124,0.10963021183852108,0.15129560232162476,0.58984375,1,0
28,4125,0.09024759987369181,0.10975480079650879,0.62890625,4,9
28,4126,0.08129507757257672,0.16582900285720825,0.49609375,1,1
28,4127,0.10632898611947895,0.1573423147201538,0.5703125,1,0
28,4128,0.09787719324231149,0.12654829025268555,0.609375,1,0
28,4129,0.07690492272377016,0.1704559326171875,0.48046875,1,0
28,4130,0.0,0.16176307201385498,0.2421875,4,6
28,4131,0.10541461966931821,0.13629364967346191,0.609375,3,5
28,4132,0.09584249742329122,0.16578161716461182,0.53125,1,0
28,4133,0.0895972726866603,0.11298966407775879,0.6171875,3,3
28,4134,0.10320620052516462,0.15964221954345703,0.55859375,1,0
28,4135,0.10963687102776022,0.15549606084823608,0.58203125,1,0
28,4136,0.06592323258519174,0.11030292510986328,0.5390625,4,8
28,4137,0.0679243803024292,0.0679243803024292,0.703125,5,10
28,4138,0.09792269440367819,0.12660712003707886,0.609375,3,1
28,4139,0.06367325643077494,0.10000216960906982,0.5546875,4,9
28,4140,0.020232319831848145,0.020232319831848145,0.83203125,6,8
28,4141,0.036530494689941406,0.036530494689941406,0.8359375,3,4
28,4142,0.0897761886008084,0.11607426404953003,0.609375,3,5
28,4143,0.0945091887842864,0.11773407459259033,0.62109375,3,5
28,4144,0.10534721438307316,0.1581752896308899,0.56640625,1,0
28,4145,0.026674628257751465,0.026674628257751465,0.84765625,1,0
28,4146,0.11499146721325816,0.13820570707321167,0.6328125,4,10
28,4147,0.07551225484348835,0.10563462972640991,0.5859375,3,5
28,4148,0.0,0.1990746259689331,0.1484375,3,5
28,4149,0.07793364836834372,0.09366673231124878,0.6328125,4,6
28,4150,0.09790430031716825,0.12658333778381348,0.609375,1,0
28,4151,0.07705496507696809,0.10928571224212646,0.58203125,3,4
28,4152,0.11687747016549112,0.1438491940498352,0.625,5,10
28,4153,0.09792416961863638,0.12660902738571167,0.609375,5,7
28,4154,0.09959876909852029,0.12877416610717773,0.609375,1,0
28,4155,0.11664965411182494,0.16544216871261597,0.58203125,4,6
28,4156,0.0953201847150922,0.12324225902557373,0.609375,4,10
28,4157,0.09983462421223523,0.11333775520324707,0.65234375,5,6
28,4158,0.08657959965057672,0.12111681699752808,0.5859375,4,7
28,4159,0.04145759716629983,0.12060391902923584,0.4375,3,5
28,4160,0.08321497309952976,0.19725030660629272,0.46875,4,9
28,4161,0.06443898752331735,0.09014415740966797,0.5859375,4,9
28,4162,0.05632835626602174,0.11265671253204346,0.5,1,1
28,4163,0.0774701312184334,0.16807079315185547,0.484375,4,8
28,4164,0.01810091733932495,0.01810091733932495,0.8671875,4,7
28,4165,0.09140132227912547,0.1181754469871521,0.609375,1,0
28,4166,0.0992855690419674,0.1634540557861328,0.54296875,2,3
28,4167,0.050052242819219835,0.0810973048210144,0.546875,4,6
29,3889,0.10411456343717874,0.15632450580596924,0.56640625,1,0
29,4168,0.07700656214728953,0.1670650839805603,0.484375,1,0
29,4169,0.10731943417340518,0.13702630996704102,0.61328125,1,0
29,4170,0.07328915596008301,0.07328915596008301,0.7265625,1,0
29,4171,0.10839687776751818,0.1456671953201294,0.59765625,1,0
29,4172,0.10924588679336013,0.14490646123886108,0.6015625,1,0
29,4173,0.10144107486121358,0.12952077388763428,0.61328125,1,0
29,4174,0.10658446419984104,0.13608789443969727,0.61328125,1,1
29,4175,0.09845185559242965,0.15951693058013916,0.546875,1,0
29,4176,0.0,0.160752534866333,0.27734375,1,1
29,4177,0.10838144645094873,0.1475832462310791,0.59375,1,0
29,4178,0.07228815811686219,0.07314532995223999,0.6953125,1,1
29,4179,0.092140473658219,0.10945689678192139,0.63671875,1,0
29,4180,0.09879541164264084,0.16007357835769653,0.546875,1,0
29,4181,0.10300293006002904,0.1524205207824707,0.5703125,1,0
29,4182,0.09017969854176046,0.10589909553527832,0.640625,1,0
29,4183,0.008834898471832275,0.008834898471832275,0.890625,1,0
29,4184,0.10773414373397829,0.14670181274414062,0.59375,1,0
29,4185,0.11147156637161972,0.14232778549194336,0.61328125,1,0
29,4186,0.10844679828733207,0.14767223596572876,0.59375,1,0
29,4187,0.10411456343717874,0.15632450580596924,0.56640625,1,0
29,4188,0.03952119033783675,0.17443835735321045,0.390625,1,0
29,4028,0.10411456343717874,0.15632450580596924,0.56640625,1,0
29,4189,0.07328259944915771,0.07328259944915771,0.7265625,1,0
29,4190,0.10583837656304242,0.14805805683135986,0.5859375,1,1
29,4191,0.10139906534459443,0.1263170838356018,0.62109375,1,1
29,4192,0.09817219898104669,0.15906381607055664,0.546875,1,0
29,4193,0.10937777173239739,0.14698535203933716,0.59765625,1,0
29,4194,0.10411456343717874,0.15632450580596924,0.56640625,1,0
29,4195,0.09370969608426095,0.1620924472808838,0.53125,1,0
29,4196,0.07328259944915771,0.07328259944915771,0.7265625,1,0
29,4197,0.07328855991363525,0.07328855991363525,0.7265625,1,0
29,4198,0.1061240495182574,0.1505138874053955,0.58203125,1,0
29,4199,0.10090612201020123,0.15150713920593262,0.56640625,1,0
29,4200,0.10411456343717874,0.15632450580596924,0.56640625,1,0
29,4201,0.10287721641361715,0.15676528215408325,0.5625,1,1
29,4202,0.10411456343717874,0.15632450580596924,0.56640625,1,0
29,4203,0.1047223210334778,0.15061187744140625,0.578125,1,0
29,4204,0.06632819736842067,0.08066517114639282,0.62890625,1,1
29,4205,0.10731868725270034,0.1370253562927246,0.61328125,1,0
29,4206,0.0003020592266693754,0.15465432405471802,0.30078125,1,1
29,4207,0.07182287983596326,0.13323664665222168,0.515625,1,1
29,4208,0.07328915596008301,0.07328915596008301,0.7265625,1,0
29,4209,0.10159997362643482,0.12656736373901367,0.62109375,1,0
29,3841,0.16987313283607366,0.20416676998138428,0.6328125,4,9
29,3281,0.14150053658522668,0.20938807725906372,0.5703125,5,10
29,4210,0.1141999806277454,0.15147769451141357,0.6015625,5,11
29,4211,0.09054933255538346,0.13399207592010498,0.5703125,3,2
29,4212,0.06463086605072021,0.06463086605072021,0.75390625,4,3
29,4213,0.10148302093148233,0.154640793800354,0.5625,4,7
29,4214,0.07390997884795071,0.14226281642913818,0.5078125,4,9
29,4215,0.02212547813542188,0.10687023401260376,0.3828125,4,9
29,4216,0.06407063198275866,0.06483036279678345,0.6953125,5,9
29,4217,0.09501636028289796,0.14478683471679688,0.5625,3,6
29,4218,0.062434787862002857,0.06786966323852539,0.66796875,4,10
29,4219,0.0950204022228718,0.1169481873512268,0.625,4,5
29,4220,0.01966869831085205,0.01966869831085205,0.8203125,4,8
29,4221,0.07328355312347412,0.07328355312347412,0.7265625,4,7
29,4222,0.04844126442912967,0.06685155630111694,0.58984375,3,5
29,4223,0.06644690036773682,0.06644690036773682,0.74609375,4,11
29,4224,0.05378842353820801,0.05378842353820801,0.75390625,1,0
29,4225,0.12021220615133645,0.14116662740707397,0.640625,4,4
29,4226,0.13501100428402427,0.23353254795074463,0.53125,4,9
29,4227,0.12002078187651934,0.1362541913986206,0.65234375,4,5
29,4228,0.031179602374322723,0.1754280924797058,0.37109375,5,9
29,4229,0.09456329699605705,0.15321648120880127,0.546875,5,9
29,4230,0.1130934087559581,0.15607500076293945,0.58984375,5,6
29,4231,0.08675310947000982,0.09848690032958984,0.65234375,1,0
29,4232,0.08257995173335077,0.09073162078857422,0.6640625,3,3
29,4233,0.06575612607412042,0.09074699878692627,0.58984375,5,8
29,4234,0.08631876390427352,0.1796553134918213,0.4921875,4,8
29,4235,0.09530684852506967,0.12168854475021362,0.61328125,5,6
29,4236,0.12370730750262739,0.15044689178466797,0.62890625,4,5
29,4237,0.015657544136047363,0.015657544136047363,0.84375,4,10
29,4238,0.05722099728882314,0.1081075668334961,0.51171875,5,9
29,4239,0.09476258489303292,0.1180497407913208,0.62109375,1,0
29,4240,0.07807811535894872,0.13064050674438477,0.5390625,4,4
29,4241,0.10142198391258718,0.12634563446044922,0.62109375,4,7
29,4242,0.058010372333228595,0.06734991073608398,0.64453125,4,10
29,4243,0.014609819278121,0.18244457244873047,0.33203125,4,9
29,4244,0.12136817234568299,0.15496385097503662,0.61328125,3,1
29,4245,0.1170969685772434,0.13910359144210815,0.63671875,3,5
29,4246,0.11481383861973883,0.16061389446258545,0.5859375,4,8
29,4247,0.027736783027648926,0.027736783027648926,0.8125,5,9
29,4248,0.12395054101943971,0.15255451202392578,0.625,4,4
29,4249,0.12336944416165353,0.15183931589126587,0.625,4,4
29,4250,0.08859842945821585,0.11173003911972046,0.6171875,4,10
29,4251,0.12241915753111245,0.14053499698638916,0.6484375,5,8
29,4252,0.11180183943361045,0.14455187320709229,0.609375,5,10
29,4253,0.011483853333629671,0.14340811967849731,0.33203125,4,10
29,4254,0.09832572843879463,0.12248849868774414,0.62109375,1,0
29,4255,0.07329082489013672,0.07329082489013672,0.7265625,3,6
29,4256,0.052239418029785156,0.052239418029785156,0.765625,3,3
29,4257,0.06188394944183529,0.06727087497711182,0.66796875,6,12
29,4258,0.14097060053609314,0.20563232898712158,0.57421875,4,7
29,4259,0.10100948810577394,0.10980224609375,0.66796875,4,8
29,2592,0.17434581136330965,0.28248435258865356,0.546875,4,9
29,3414,0.1564801713684574,0.24958831071853638,0.55078125,4,9
29,4260,0.10783416032791139,0.141204833984375,0.60546875,1,1
29,4261,0.10405898676253857,0.1562410593032837,0.56640625,1,0
29,4262,0.10411456343717874,0.15632450580596924,0.56640625,1,0
29,4263,0.10797752160578968,0.1867719292640686,0.53125,4,9
29,4264,0.11540671251714231,0.16597819328308105,0.578125,4,8
29,4265,0.09679389791563155,0.13007473945617676,0.59765625,3,4
29,4266,0.06427993602119388,0.10252749919891357,0.55078125,5,9
29,4267,0.023169994354248047,0.023169994354248047,0.796875,3,3
29,4268,0.06988584995269775,0.06988584995269775,0.73828125,1,0
29,4269,0.11437217099592091,0.14247822761535645,0.62109375,1,0
29,4270,0.06337004946544768,0.07706761360168457,0.62890625,4,9
29,4271,0.10452646599151195,0.1569429636001587,0.56640625,1,0
29,4272,0.09807327459566297,0.16682231426239014,0.53515625,2,3
29,4273,0.005655394401401285,0.13788390159606934,0.31640625,3,5
29,4274,0.08028516126796605,0.1123114824295044,0.5859375,4,8
29,4275,0.11846286337822677,0.13911235332489014,0.640625,5,10
29,4276,0.05532634258270264,0.05532634258270264,0.75,1,1
29,4277,0.0955665457295254,0.16255837678909302,0.53515625,1,1
29,4278,0.0,0.20137035846710205,0.21484375,4,9
29,4279,0.10411456343717874,0.15632450580596924,0.56640625,1,0
29,4280,0.11051503708586098,0.1428881287574768,0.609375,1,0
29,4281,0.0,0.16139519214630127,0.27734375,1,1
29,4282,0.10402961052022876,0.1561969518661499,0.56640625,1,0
29,4283,0.08102756622247399,0.16528332233428955,0.49609375,1,0
29,4284,0.08377056231256576,0.11257356405258179,0.59765625,3,7
29,4285,0.07706254720687866,0.07706254720687866,0.703125,1,0
29,4286,0.0714383674785495,0.08486413955688477,0.63671875,4,5
29,4287,0.10886529088020326,0.33577728271484375,0.4296875,4,8
29,4288,0.10141002223826946,0.12633073329925537,0.62109375,1,0
29,4289,0.06928772013634445,0.16423755884170532,0.46875,1,1
29,4290,0.06497612781822683,0.11052417755126953,0.53515625,1,1
29,4291,0.06749260146170856,0.08111786842346191,0.6328125,4,9
29,4292,0.1060994314029813,0.13380026817321777,0.6171875,1,0
29,4293,0.09813510673120619,0.17880845069885254,0.51953125,2,4
29,4294,0.058553218841552734,0.058553218841552734,0.76953125,3,4
29,4295,0.1186803448945284,0.16602277755737305,0.5859375,3,5
29,4296,0.029522192664444457,0.17576003074645996,0.3671875,1,0
29,4297,0.11796676716767253,0.1564740538597107,0.6015625,3,5
29,4298,0.10003322828561069,0.14591741561889648,0.57421875,1,1
29,4299,0.10435036732815207,0.15667855739593506,0.56640625,1,0
29,4300,0.056166983675211675,0.07857239246368408,0.5859375,4,9
29,4301,0.0,0.17985159158706665,0.28515625,1,1
29,4302,0.0,0.23747336864471436,0.27734375,4,8
29,4303,0.10218883701600136,0.15121585130691528,0.5703125,1,0
29,4304,0.10690363892354073,0.13481444120407104,0.6171875,1,0
29,4305,0.0899963639676571,0.10568380355834961,0.640625,1,0
29,4306,0.07328915596008301,0.07328915596008301,0.7265625,1,0
29,4307,0.07034055422991516,0.09094536304473877,0.609375,4,7
29,4308,0.10268613696098329,0.15647411346435547,0.5625,2,2
29,4309,0.06112296273931862,0.11338752508163452,0.515625,1,1
29,4310,0.0,0.18390202522277832,0.2109375,1,0
29,4311,0.0767608741298318,0.18195170164108276,0.46875,3,4
30,4028,0.08409958961419763,0.1532348394393921,0.51953125,1,0
30,4312,0.08802767959423365,0.14728814363479614,0.5390625,1,0
30,4313,0.0906535414978862,0.1303781270980835,0.578125,1,1
30,4314,0.08142929524183275,0.10396957397460938,0.61328125,1,0
30,4315,0.08148729102686049,0.15116482973098755,0.515625,1,1
30,4316,0.08128707879222931,0.15945971012115479,0.50390625,1,0
30,4317,0.061546135693788535,0.06910443305969238,0.65625,1,1
30,4318,0.03838887857273222,0.16944056749343872,0.390625,1,0
30,4319,0.08407479338347913,0.15318965911865234,0.51953125,1,0
30,4320,0.07030292507261039,0.1628737449645996,0.47265625,1,1
30,4321,0.08142263162881137,0.1567232608795166,0.5078125,1,0
30,4322,0.08409958961419763,0.1532348394393921,0.51953125,1,0
30,4323,0.076951801776886,0.15390360355377197,0.5,1,1
30,4324,0.07930657058022918,0.09879553318023682,0.62109375,1,0
30,4325,0.0837738672271371,0.15540659427642822,0.515625,1,0
30,4326,0.07370997639372946,0.15659546852111816,0.48828125,1,1
30,4327,0.06018412439152599,0.06832432746887207,0.65234375,1,1
30,4328,0.05660386593081058,0.057846665382385254,0.69140625,1,1
30,4329,0.0,0.17981809377670288,0.20703125,1,0
30,4330,0.0,0.1482471227645874,0.27734375,1,1
30,4331,0.0,0.1758946180343628,0.28125,1,0
30,4332,0.07730521517805757,0.16089540719985962,0.4921875,1,0
30,4187,0.08409958961419763,0.1532348394393921,0.51953125,1,0
30,4333,0.08634487725794317,0.117576003074646,0.59375,1,0
30,4334,0.08979150967206807,0.13097792863845825,0.57421875,1,0
30,4335,0.018947858363389976,0.17323756217956543,0.34375,1,0
30,4336,0.08409958961419763,0.1532348394393921,0.51953125,1,0
30,4337,0.08147059869952501,0.15681558847427368,0.5078125,1,0
30,4338,0.08484967402182521,0.14928877353668213,0.52734375,1,1
30,4339,0.06143851974047721,0.16912108659744263,0.4453125,1,1
30,4340,0.08704072050750257,0.15055692195892334,0.53125,1,0
30,4341,0.06086960760876537,0.06910252571105957,0.65234375,1,0
30,4342,0.0902158278040588,0.1509493589401245,0.5390625,1,1
30,4343,0.001710379030555491,0.14595234394073486,0.3046875,1,1
30,4344,0.06740921630989762,0.16357117891311646,0.46484375,1,0
30,4345,0.09032217948697509,0.13561570644378662,0.56640625,1,1
30,4346,0.08401435986161233,0.11440253257751465,0.59375,1,0
30,4347,0.07292316772509368,0.1616305708885193,0.48046875,1,0
30,4348,0.07524885470047595,0.12192219495773315,0.546875,1,1
30,4349,0.08388661360368134,0.15561574697494507,0.515625,1,0
30,4350,0.07539022341370584,0.13040471076965332,0.53125,1,1
30,4351,0.08355618221685292,0.15500277280807495,0.515625,1,0
30,4352,0.08989622397348286,0.13497614860534668,0.56640625,1,0
30,3841,0.15428478503599766,0.18763375282287598,0.62890625,4,9
30,3281,0.15859170816838744,0.1999974250793457,0.6171875,5,10
30,4353,0.0437129600904882,0.044231295585632324,0.6953125,5,7
30,4354,0.07463401556015015,0.07463401556015015,0.7421875,4,10
30,4355,0.02989731612615288,0.10856330394744873,0.41015625,4,9
30,4356,0.07564311800524594,0.17136847972869873,0.4765625,3,6
30,4357,0.08888909709639849,0.08906304836273193,0.69921875,3,5
30,4358,0.0646383077837527,0.10815298557281494,0.5390625,4,8
30,4359,0.07851936388760807,0.17034709453582764,0.484375,3,2
30,4360,0.053096176823601134,0.0669587254524231,0.6171875,3,2
30,4361,0.09195747936610134,0.16179460287094116,0.52734375,5,8
30,4362,0.09021445165853949,0.1534544825553894,0.53515625,5,11
30,4363,0.06185020960401744,0.06197124719619751,0.69921875,4,5
30,4364,0.057329820469021804,0.0665597915649414,0.64453125,5,10
30,4365,0.08477519266307355,0.0911867618560791,0.671875,4,9
30,4366,0.04749597050249577,0.13074159622192383,0.4453125,5,7
30,4367,0.0,0.19265663623809814,0.22265625,4,5
30,4368,0.05794340372085572,0.05981254577636719,0.6875,4,3
30,4369,0.05437919637188316,0.05974709987640381,0.6640625,3,7
30,4370,0.09041275817435236,0.09239786863327026,0.69140625,3,5
30,4371,0.033839404582977295,0.033839404582977295,0.75,3,6
30,4372,0.0,0.1920222043991089,0.16015625,5,11
30,4373,0.02063457295298577,0.1886589527130127,0.34375,6,10
30,4374,0.09538702410645784,0.1004900336265564,0.6796875,4,4
30,4375,0.08144472725689413,0.140877366065979,0.53125,2,1
30,4376,0.024817466735839844,0.024817466735839844,0.7890625,5,8
30,4377,0.06087701057549567,0.0691109299659729,0.65234375,4,7
30,4378,0.04120516777038574,0.04120516777038574,0.73046875,4,5
30,4379,0.037953734397888184,0.037953734397888184,0.74609375,4,9
30,4380,0.05821607448160649,0.06261897087097168,0.671875,4,7
30,4381,0.08624787814915182,0.11744391918182373,0.59375,5,8
30,4382,0.0805297715123743,0.10545074939727783,0.60546875,1,0
30,4383,0.1011634240858257,0.1023629903793335,0.6953125,3,3
30,4384,0.11118762195110322,0.13684630393981934,0.625,4,6
30,4385,0.07276897854171695,0.11979973316192627,0.54296875,5,9
30,4386,0.062448896467685706,0.06446337699890137,0.6875,5,7
30,4387,0.0630933507345617,0.1946011781692505,0.4296875,4,10
30,4388,0.08221973455511035,0.0913156270980835,0.66015625,5,10
30,4389,0.11561180418357256,0.21065211296081543,0.51953125,4,8
30,4390,0.06842941883951427,0.0743861198425293,0.66796875,4,8
30,4391,0.07910487498156728,0.08248817920684814,0.68359375,4,7
30,4392,0.03825971705373377,0.17647725343704224,0.38671875,2,4
30,4393,0.08521281089633705,0.1012272834777832,0.63671875,4,3
30,4394,0.036272287368774414,0.036272287368774414,0.76171875,4,3
30,4395,0.10692326352000238,0.14182567596435547,0.6015625,4,3
30,4396,0.0,0.19992077350616455,0.29296875,4,6
30,4397,0.017879128456115723,0.017879128456115723,0.796875,3,1
30,4398,0.09190514590591194,0.15377593040466309,0.5390625,4,10
30,4399,0.10873274819459768,0.13883084058761597,0.61328125,4,5
30,4400,0.0467676054686308,0.06454181671142578,0.58984375,4,8
30,4401,0.026733040809631348,0.026733040809631348,0.8125,5,7
30,4402,0.06739547336474062,0.08499133586883545,0.6171875,4,8
30,4403,0.060059589799493565,0.0988762378692627,0.54296875,5,10
30,4404,0.1086811402346939,0.15203481912612915,0.5859375,4,4
30,4405,0.09206736646592618,0.13823604583740234,0.56640625,3,1
30,2592,0.21043977350927892,0.26869118213653564,0.61328125,4,9
30,3414,0.18514619080815467,0.23639613389968872,0.61328125,4,9
30,4406,0.006812870502471924,0.006812870502471924,0.87109375,6,11
30,4407,0.08437293698079885,0.15373289585113525,0.51953125,1,0
30,4408,0.07260632514953613,0.07260632514953613,0.703125,3,6
30,4409,0.04993870714679361,0.051035165786743164,0.69140625,4,9
30,4410,0.08898448012769224,0.14888906478881836,0.5390625,1,0
30,4411,0.059483100194484,0.06752848625183105,0.65234375,6,11
30,4412,0.11177531490102412,0.11655592918395996,0.68359375,3,4
30,4413,0.056172591750510044,0.07172161340713501,0.61328125,4,8
30,4414,0.07074576616287231,0.07074576616287231,0.73828125,4,9
30,4415,0.07246240507811309,0.11740744113922119,0.546875,4,8
30,4416,0.0581850428134203,0.06258559226989746,0.671875,4,10
30,4417,0.059309799922630205,0.11634719371795654,0.50390625,5,10
30,4418,0.08667135634459557,0.11961114406585693,0.58984375,1,0
30,4419,0.08273714780807495,0.08273714780807495,0.7109375,4,5
30,4420,0.07045024260878564,0.08776283264160156,0.62109375,5,11
30,4421,0.14751713792793456,0.19823825359344482,0.59765625,5,10
30,4422,0.05287289619445801,0.05287289619445801,0.71484375,4,4
30,4423,0.06322731077671052,0.08609676361083984,0.59375,5,10
30,4424,0.07398676872253418,0.07398676872253418,0.75,5,9
30,4425,0.0905131045728922,0.11702704429626465,0.609375,4,5
30,4426,0.08242139511276038,0.15017706155776978,0.51953125,4,7
30,4427,0.03525722026824951,0.03525722026824951,0.76171875,3,4
30,4428,0.038908842019736774,0.12373495101928711,0.42578125,4,8
30,4429,0.08083864371292294,0.11465203762054443,0.58203125,4,8
30,4430,0.08838747115805747,0.1219794750213623,0.58984375,1,1
30,4431,0.08190784533508123,0.1576572060585022,0.5078125,1,0
30,4432,0.08510650868993254,0.10350245237350464,0.62890625,5,10
30,4433,0.024786710739135742,0.024786710739135742,0.80078125,5,6
30,4434,0.07044580252841116,0.08272534608840942,0.640625,5,10
30,4435,0.0,0.14056265354156494,0.2890625,3,5
30,4436,0.15753641957417133,0.20628809928894043,0.60546875,5,10
30,4437,0.06869310757610948,0.09742623567581177,0.58203125,4,8
30,4438,0.0791838993318379,0.11889195442199707,0.56640625,5,10
30,4439,0.010675149969756607,0.15182435512542725,0.328125,4,7
30,4440,0.0,0.17975068092346191,0.203125,5,9
30,4441,0.10840117558836938,0.13341683149337769,0.625,4,4
30,4442,0.04565091198310257,0.07061409950256348,0.55859375,4,9
30,4443,0.13812316302210095,0.16797876358032227,0.62890625,4,9
30,4444,0.09393829805776478,0.15717780590057373,0.5390625,4,5
30,4445,0.1116774962283671,0.1358168125152588,0.62890625,4,7
30,4446,0.05249977111816406,0.05249977111816406,0.73046875,3,5
30,4447,0.04216571059077979,0.0754854679107666,0.5234375,5,10
30,4448,0.08008545637130739,0.16017091274261475,0.5,1,0
30,4449,0.09307741024531425,0.09512102603912354,0.69140625,3,6
30,4450,0.08381239185109736,0.1316317319869995,0.5546875,1,1
30,4451,0.1082686521112919,0.1514577865600586,0.5859375,4,5
30,4452,0.08550888381432743,0.15044862031936646,0.52734375,1,1
30,4453,0.045190607663244016,0.30444198846817017,0.359375,4,8
30,4454,0.0,0.20162487030029297,0.265625,5,10
30,4455,0.08569461666047574,0.1457662582397461,0.53515625,5,10
31,4187,0.1170146365184337,0.16148650646209717,0.58984375,1,0
31,4456,0.11332790646702053,0.16769909858703613,0.5703125,1,1
31,4457,0.0653470396064222,0.1798800230026245,0.4453125,1,0
31,4458,0.10981030389666559,0.1289515495300293,0.640625,1,0
31,4459,0.08567392826080322,0.08567392826080322,0.703125,1,0
31,4460,0.07283979654312134,0.07283979654312134,0.703125,1,0
31,4461,0.1170146365184337,0.16148650646209717,0.58984375,1,0
31,4462,0.10478926729410888,0.16978514194488525,0.546875,1,1
31,4463,0.0,0.16741997003555298,0.234375,1,1
31,4464,0.08870410430245103,0.1331862211227417,0.56640625,1,1
31,4465,0.1170146365184337,0.16148650646209717,0.58984375,1,0
31,4466,0.011299371719360352,0.011299371719360352,0.90234375,1,1
31,4467,0.08425163268111648,0.08441650867462158,0.69921875,1,0
31,4468,0.12090775463730098,0.14531636238098145,0.6328125,1,0
31,4469,0.11989655485376717,0.14410102367401123,0.6328125,1,0
31,4470,0.1088131768628955,0.1708967685699463,0.5546875,1,0
31,4471,0.10863207280635835,0.17061233520507812,0.5546875,1,0
31,4472,0.07491691410541536,0.1775808334350586,0.46875,1,0
31,4473,0.07287180423736572,0.07287180423736572,0.703125,1,1
31,4474,0.10982588632032277,0.12896984815597534,0.640625,1,0
31,4475,0.11768646386917682,0.14660698175430298,0.62109375,1,1
31,4322,0.1170146365184337,0.16148650646209717,0.58984375,1,0
31,4476,0.009183883666992188,0.009183883666992188,0.90625,1,0
31,4477,0.10963574144989253,0.1695876121520996,0.55859375,1,1
31,4478,0.009593132766895,0.11979717016220093,0.33203125,1,1
31,4479,0.07287180423736572,0.07287180423736572,0.703125,1,0
31,4480,0.09150350536219777,0.1556471586227417,0.53515625,1,1
31,4481,0.11694916035048665,0.16139614582061768,0.58984375,1,0
31,4482,0.030382376164197932,0.16203933954238892,0.375,1,1
31,4483,0.11146678507793696,0.12654322385787964,0.65234375,1,0
31,4484,0.0535130500793457,0.0535130500793457,0.76953125,1,1
31,4485,0.08776199817657472,0.17552399635314941,0.5,1,1
31,4486,0.07274287939071655,0.07274287939071655,0.70703125,1,1
31,4487,0.10982588632032277,0.12896984815597534,0.640625,1,1
31,4488,0.1170146365184337,0.16148650646209717,0.58984375,1,0
31,4489,0.08239952614530922,0.08256077766418457,0.69921875,1,0
31,4490,0.0942534049972892,0.11886143684387207,0.6171875,1,1
31,4491,0.1170146365184337,0.16148650646209717,0.58984375,1,0
31,4492,0.1170146365184337,0.16148650646209717,0.58984375,1,0
31,4493,0.009697973728179932,0.009697973728179932,0.90625,1,0
31,4494,0.10981030389666559,0.1289515495300293,0.640625,1,0
31,4495,0.10773421870544554,0.16920220851898193,0.5546875,1,0
31,3281,0.13325063511729243,0.20304858684539795,0.5625,5,10
31,3841,0.13479222217574718,0.1885617971420288,0.5859375,4,9
31,4496,0.04823899269104004,0.04823899269104004,0.734375,5,5
31,4497,0.07498538494110107,0.07498538494110107,0.703125,1,0
31,4498,0.08352517231833191,0.13322395086288452,0.55078125,5,9
31,4499,0.1219758390216157,0.15573972463607788,0.61328125,3,1
31,4500,0.08445368241518737,0.09084093570709229,0.671875,4,6
31,4501,0.09585095336660744,0.09795546531677246,0.69140625,4,3
31,4502,0.1034506818978116,0.12581175565719604,0.62890625,3,3
31,4503,0.06722986698150635,0.06722986698150635,0.71875,3,0
31,4504,0.06582331657409668,0.06582331657409668,0.734375,4,4
31,4505,0.1551309011410922,0.23996078968048096,0.55859375,5,12
31,4506,0.11687950417399408,0.14385169744491577,0.625,3,4
31,4507,0.07720957277342679,0.0848311185836792,0.6640625,4,6
31,4508,0.10247264953795822,0.12765449285507202,0.62109375,4,5
31,4509,0.11740800342522563,0.1394730806350708,0.63671875,4,5
31,4510,0.09033872012514622,0.1440916657447815,0.55078125,4,10
31,4511,0.07991280429996551,0.08686912059783936,0.66796875,5,6
31,4512,0.11276632454246284,0.16218078136444092,0.578125,3,3
31,4513,0.02285444736480713,0.02285444736480713,0.828125,4,5
31,4514,0.07326114177703857,0.07326114177703857,0.71875,5,10
31,4515,0.09570948081091048,0.10629773139953613,0.66015625,3,1
31,4516,0.006982953986153012,0.1375104784965515,0.3203125,5,7
31,4517,0.0681450739502907,0.07651376724243164,0.65625,3,3
31,4518,0.10195810301229359,0.14460539817810059,0.58203125,3,4
31,4519,0.10448386892676355,0.1285955309867859,0.625,4,6
31,4520,0.11818527895957233,0.15280520915985107,0.609375,3,2
31,4521,0.024084389209747314,0.024084389209747314,0.87890625,3,5
31,4522,0.1086266152560711,0.16552627086639404,0.5625,6,12
31,4523,0.08694253116846086,0.1124105453491211,0.609375,5,7
31,4524,0.1028923341073096,0.11427521705627441,0.66015625,4,5
31,4525,0.05660586804151536,0.05843186378479004,0.6875,5,5
31,4526,0.09879676636774094,0.16805297136306763,0.53515625,5,9
31,4527,0.08551164064556362,0.09197890758514404,0.671875,4,7
31,4528,0.10773182776756586,0.13755285739898682,0.61328125,4,6
31,4529,0.11457232292741538,0.15197157859802246,0.6015625,5,10
31,4530,0.11261793156154455,0.14202064275741577,0.6171875,5,4
31,4531,0.04481065273284912,0.04481065273284912,0.72265625,3,2
31,4532,0.10643546003848316,0.1182103157043457,0.66015625,4,3
31,4533,0.0,0.19626760482788086,0.171875,4,3
31,4534,0.08463760465383531,0.10054397583007812,0.63671875,4,4
31,4535,0.09470797888934614,0.10405683517456055,0.6640625,3,3
31,4536,0.07739903242327274,0.1295042634010315,0.5390625,5,6
31,4537,0.048133687581866993,0.2036731243133545,0.39453125,5,11
31,4538,0.11052743683103473,0.16595321893692017,0.56640625,2,2
31,4539,0.05802276567555965,0.08229267597198486,0.58203125,5,9
31,4540,0.09196418151259424,0.09493076801300049,0.6875,5,4
31,4541,0.027089238166809082,0.027089238166809082,0.86328125,4,4
31,4542,0.024302899837493896,0.024302899837493896,0.828125,4,4
31,4543,0.050189197063446045,0.050189197063446045,0.80078125,4,5
31,4544,0.11123981326818468,0.12628555297851562,0.65234375,2,0
31,4545,0.0177382230758667,0.0177382230758667,0.890625,3,1
31,4546,0.10652162844780834,0.13269847631454468,0.62109375,4,5
31,4547,0.09420559112913908,0.17164862155914307,0.51953125,4,5
31,2592,0.19727386336307975,0.2722485661506653,0.58984375,4,9
31,3414,0.1725762614514679,0.23816454410552979,0.58984375,4,9
31,4548,0.10018650954589249,0.14015161991119385,0.5859375,5,10
31,4549,0.09926076699048282,0.14275705814361572,0.578125,5,9
31,4550,0.05461899680085481,0.18519818782806396,0.41796875,5,10
31,4551,0.11060956399887802,0.11773824691772461,0.67578125,5,7
31,4552,0.041315980255603804,0.19956398010253906,0.3828125,3,8
31,4553,0.028158724308013916,0.028158724308013916,0.8359375,4,7
31,4554,0.03777647018432617,0.03777647018432617,0.7890625,4,5
31,4555,0.07980550511274488,0.1272910237312317,0.55078125,5,10
31,4556,0.06234755460172892,0.09094572067260742,0.57421875,5,9
31,4557,0.10041902714874597,0.2048388123512268,0.49609375,5,10
31,4558,0.07480097631923856,0.19053781032562256,0.45703125,4,9
31,4559,0.07579429913312198,0.12280595302581787,0.546875,5,11
31,4560,0.1153500454965979,0.14727985858917236,0.61328125,4,4
31,4561,0.005432605743408203,0.005432605743408203,0.91015625,5,11
31,4562,0.10698502021841706,0.16802555322647095,0.5546875,3,2
31,4563,0.06024930789135397,0.15347087383270264,0.45703125,4,5
31,4564,0.09137655748054387,0.17588269710540771,0.5078125,4,6
31,4565,0.0920746922492981,0.0920746922492981,0.7421875,6,11
31,4566,0.10822853760328145,0.16741091012954712,0.55859375,5,6
31,4567,0.13233491324353966,0.1930355429649353,0.57421875,4,9
31,4568,0.08138689468614758,0.18039000034332275,0.48046875,4,5
31,4569,0.12161274219397457,0.1552761197090149,0.61328125,1,0
31,4570,0.10045094741508366,0.1708667278289795,0.53515625,6,10
31,4571,0.07383717340417208,0.18351763486862183,0.4609375,5,5
31,4572,0.06453114864416422,0.09027308225631714,0.5859375,4,6
31,4573,0.1044432199560106,0.14610636234283447,0.5859375,1,1
31,4574,0.07738561928272249,0.18343257904052734,0.46875,4,6
31,4575,0.09475112310610713,0.16962438821792603,0.5234375,2,5
31,4576,0.11926390603184701,0.16240191459655762,0.59375,5,9
31,4577,0.03586705774068834,0.1912909746170044,0.375,4,9
31,4578,0.02097994089126587,0.02097994089126587,0.8359375,4,10
31,4579,0.09592872345820071,0.17795473337173462,0.515625,5,5
31,4580,0.11728834128007294,0.16407549381256104,0.5859375,3,4
31,4581,0.1050635506398976,0.12061107158660889,0.6484375,3,7
31,4582,0.11448056297376753,0.1518498659133911,0.6015625,3,5
31,4583,0.05057933740317822,0.07707327604293823,0.5625,4,8
31,4584,0.07578962377738209,0.09676879644393921,0.61328125,4,8
31,4585,0.05939662456512451,0.05939662456512451,0.76171875,3,6
31,4586,0.059222717187367394,0.1883355975151062,0.42578125,5,10
31,4587,0.09881191060412677,0.1147204041481018,0.64453125,4,5
31,4588,0.08273950591683389,0.12994670867919922,0.5546875,5,11
31,4589,0.10728426696732642,0.1684955358505249,0.5546875,3,3
31,4590,0.0917673872318119,0.18001878261566162,0.50390625,4,4
31,4591,0.09587410069070758,0.16308152675628662,0.53515625,4,8
31,4592,0.09759811125695707,0.16881835460662842,0.53125,3,4
31,4593,0.0,0.19765996932983398,0.171875,4,8
31,4594,0.0899500051746145,0.17645364999771118,0.50390625,4,5
31,4595,0.07864612678531559,0.12947529554367065,0.54296875,6,11
31,4596,0.10177765740081669,0.1702946424484253,0.5390625,5,8
31,4597,0.05092061706818641,0.07123321294784546,0.5859375,4,9
31,4598,0.06350204930640758,0.10454356670379639,0.54296875,3,5
31,4599,0.10578345134854318,0.1286487579345703,0.62890625,4,9
32,4322,0.09283817606046797,0.163344144821167,0.52734375,1,0
32,4600,0.07544125278946014,0.17477792501449585,0.47265625,1,0
32,4601,0.08908564876765014,0.13182616233825684,0.5703125,1,0
32,4602,0.08167994371615352,0.12086743116378784,0.5703125,1,0
32,4603,0.0922777345404029,0.136549711227417,0.5703125,1,0
32,4604,0.07745870901271702,0.1754816770553589,0.4765625,1,0
32,4605,0.08062505861744286,0.11930644512176514,0.5703125,1,0
32,4606,0.08023088146001102,0.11872315406799316,0.5703125,1,0
32,4607,0.06925536983180793,0.1764116883277893,0.45703125,1,0
32,4608,0.08239357918500902,0.12192344665527344,0.5703125,1,0
32,4609,0.061872698366642005,0.07615101337432861,0.625,1,0
32,4610,0.028198063373565674,0.028198063373565674,0.78125,1,0
32,4611,0.06190931051969529,0.07619607448577881,0.625,1,1
32,4612,0.09283817606046797,0.163344144821167,0.52734375,1,0
32,4613,0.09283817606046797,0.163344144821167,0.52734375,1,0
32,4614,0.04469836363568903,0.1816314458847046,0.3984375,1,0
32,4615,0.08512991946190597,0.142439603805542,0.5390625,1,1
32,4616,0.09877869277261199,0.1575535535812378,0.55078125,1,0
32,4617,0.09283817606046797,0.163344144821167,0.52734375,1,0
32,4618,0.08851754665374757,0.170379638671875,0.5078125,1,0
32,4619,0.0095293268095702,0.18765443563461304,0.3203125,1,0
32,4620,0.09302355675026776,0.16653168201446533,0.5234375,1,0
32,4621,0.09825391299091281,0.14539307355880737,0.5703125,1,0
32,4461,0.09283817606046797,0.163344144821167,0.52734375,1,0
32,4622,0.09766329335980119,0.15577447414398193,0.55078125,1,0
32,4623,0.07416649069637062,0.1758020520210266,0.46875,1,0
32,4624,0.06639617541804911,0.08074784278869629,0.62890625,1,1
32,4625,0.06190931051969529,0.07619607448577881,0.625,1,1
32,4626,0.07058665668591858,0.13586604595184326,0.5078125,1,1
32,4627,0.046835005050525076,0.12892216444015503,0.4453125,1,1
32,4628,0.09135814895853402,0.13518893718719482,0.5703125,1,1
32,4629,0.07892907969653608,0.1320643424987793,0.5390625,1,1
32,4630,0.08480915799736978,0.1292330026626587,0.5625,1,0
32,4631,0.09283817606046797,0.163344144821167,0.52734375,1,0
32,4632,0.05165821872651578,0.18115758895874023,0.4140625,1,1
32,4633,0.04874298861250282,0.05723947286605835,0.640625,1,0
32,4634,0.09283817606046797,0.163344144821167,0.52734375,1,0
32,4635,0.09445308591239156,0.16618549823760986,0.52734375,1,0
32,4636,0.09863407351076604,0.15732288360595703,0.55078125,1,0
32,4637,0.0600357900839299,0.1797562837600708,0.43359375,1,1
32,4638,0.09088402334600688,0.15990591049194336,0.52734375,1,1
32,4639,0.09120439644902946,0.16919076442718506,0.515625,1,0
32,4640,0.04921295307576657,0.17870235443115234,0.41015625,1,1
32,4641,0.04987045470625163,0.1810898780822754,0.41015625,1,0
32,4642,0.07244159281253816,0.10719680786132812,0.5703125,1,0
32,4505,0.18667751830071214,0.23835134506225586,0.61328125,5,12
32,3841,0.15173311321996155,0.1937340497970581,0.61328125,4,9
32,4643,0.07968203024938704,0.11791098117828369,0.5703125,2,0
32,4644,0.061019634827971465,0.18270206451416016,0.43359375,4,4
32,4645,0.10170447709970178,0.21167761087417603,0.4921875,4,10
32,4646,0.05636795819737018,0.07197105884552002,0.61328125,4,8
32,4647,0.06989872455596924,0.06989872455596924,0.72265625,5,11
32,4648,0.06058089097496123,0.07367557287216187,0.62890625,1,0
32,4649,0.05755108874291182,0.06461876630783081,0.65625,5,3
32,4650,0.06208538543432952,0.07461905479431152,0.6328125,3,6
32,4651,0.07176922168582679,0.13313710689544678,0.515625,5,13
32,4652,0.04008287191390991,0.04008287191390991,0.78515625,5,11
32,4653,0.09885218739509584,0.15063190460205078,0.5625,2,3
32,4654,0.07601377065293492,0.09244430065155029,0.62890625,3,4
32,4655,0.10325145022943617,0.12862467765808105,0.62109375,4,5
32,4656,0.08855149964801969,0.13103574514389038,0.5703125,1,0
32,4657,0.07395586674101652,0.15392440557479858,0.4921875,6,10
32,4658,0.06136286677792669,0.12517046928405762,0.49609375,4,10
32,4659,0.05271315202116967,0.059186697006225586,0.65625,4,6
32,4660,0.09309413132723422,0.1440005898475647,0.55859375,4,5
32,4661,0.07848654035478832,0.13350534439086914,0.53515625,5,12
32,4662,0.05946126300841571,0.11030495166778564,0.515625,3,7
32,4663,0.05739951133728029,0.11479902267456055,0.5,3,7
32,4664,0.09443032066337766,0.1661454439163208,0.52734375,1,0
32,4665,0.07706098980270328,0.11403244733810425,0.5703125,1,0
32,4666,0.051445033401250846,0.06111335754394531,0.63671875,1,0
32,4667,0.05269167083315552,0.0815049409866333,0.55859375,4,9
32,4668,0.07171868043951692,0.10171735286712646,0.58203125,1,0
32,4669,0.05642850813455881,0.1106950044631958,0.50390625,5,9
32,4670,0.03805124759674072,0.03805124759674072,0.73828125,5,11
32,4671,0.032627105712890625,0.032627105712890625,0.73828125,5,10
32,4672,0.09726706030778588,0.1439327597618103,0.5703125,2,1
32,4673,0.0,0.19878005981445312,0.265625,4,8
32,4674,0.04079207405447961,0.21755772829055786,0.375,3,5
32,4675,0.0415613609366119,0.08153033256530762,0.50390625,4,9
32,4676,0.06286040670238437,0.06906551122665405,0.6640625,6,11
32,4677,0.09435659274458887,0.12199640274047852,0.609375,1,1
32,4678,0.10696357558481397,0.14006483554840088,0.60546875,4,5
32,4679,0.0615493436343968,0.13076043128967285,0.48828125,4,9
32,4680,0.07490691822022201,0.15279817581176758,0.49609375,4,8
32,4681,0.08368273591622712,0.13776707649230957,0.54296875,5,10
32,4682,0.05637523205950857,0.08464550971984863,0.56640625,6,12
32,4683,0.10232033324427904,0.14120757579803467,0.58984375,5,4
32,4684,0.05930924415588379,0.05930924415588379,0.703125,3,2
32,4685,0.06773379258811475,0.11716115474700928,0.53125,5,11
32,4686,0.07421694765798749,0.13058102130889893,0.52734375,5,10
32,4687,0.09319996181875469,0.1510075330734253,0.546875,4,4
32,4688,0.0952979202847928,0.13901007175445557,0.57421875,1,0
32,4689,0.062226472655311234,0.0784727931022644,0.6171875,1,0
32,4690,0.0902004772797227,0.12972652912139893,0.578125,3,3
32,4691,0.1433481057174504,0.19263577461242676,0.59765625,4,8
32,4692,0.08346107974648477,0.12717878818511963,0.5625,1,0
32,2592,0.19558929023332897,0.27361124753952026,0.5859375,4,9
32,3414,0.1499188989400864,0.2429065704345703,0.546875,4,9
32,4693,0.09177637053653599,0.13387322425842285,0.57421875,1,1
32,4694,0.05580776929855347,0.05580776929855347,0.70703125,4,8
32,4695,0.058047489146702005,0.1021316647529602,0.52734375,3,6
32,4696,0.09348464815411718,0.16448158025741577,0.52734375,1,0
32,4697,0.0835640331497416,0.1292591691017151,0.55859375,2,3
32,4698,0.053182587260380394,0.08226430416107178,0.55859375,3,7
32,4699,0.06117093563079835,0.17795181274414062,0.4375,1,0
32,4700,0.09419736755080522,0.15507733821868896,0.54296875,1,1
32,4701,0.058018543291836984,0.1789487600326538,0.4296875,4,1
32,4702,0.027083516120910645,0.027083516120910645,0.76953125,5,9
32,4703,0.0931943589821458,0.16683745384216309,0.5234375,2,0
32,4704,0.09283817606046797,0.163344144821167,0.52734375,3,4
32,4705,0.0827150931581855,0.14553308486938477,0.52734375,1,1
32,4706,0.10630726511590184,0.1695617437362671,0.55078125,4,9
32,4707,0.06087836727965624,0.07583874464035034,0.62109375,1,1
32,4708,0.014987260801717644,0.1871579885482788,0.33203125,1,0
32,4709,0.06190931051969529,0.07619607448577881,0.625,3,0
32,4710,0.05806275876238943,0.1790851354598999,0.4296875,1,1
32,4711,0.08084786171093584,0.1649167537689209,0.49609375,3,4
32,4712,0.09858119592536242,0.15723854303359985,0.55078125,1,0
32,4713,0.04884690186008812,0.051995038986206055,0.67578125,1,0
32,4714,0.09858403599355371,0.15724307298660278,0.55078125,1,0
32,4715,0.09753430821001531,0.15803027153015137,0.546875,1,0
32,4716,0.09564518555998804,0.16544032096862793,0.53125,1,1
32,4717,0.06188722699880601,0.07616889476776123,0.625,2,0
32,4718,0.07037780480459334,0.1305559277534485,0.515625,4,9
32,4719,0.03246712684631348,0.03246712684631348,0.765625,1,0
32,4720,0.09821781143546106,0.15192604064941406,0.55859375,5,8
32,4721,0.07839614851400258,0.11274951696395874,0.578125,3,6
32,4722,0.04355823993682862,0.08711647987365723,0.5,4,9
32,4723,0.033899534493684776,0.1807975172996521,0.375,4,3
32,4724,0.0,0.1936962604522705,0.20703125,3,4
32,4725,0.09432608156930657,0.16596204042434692,0.52734375,3,0
32,4726,0.09569473005831243,0.16011667251586914,0.5390625,5,7
32,4727,0.042757151881232865,0.0681983232498169,0.55078125,4,9
32,4728,0.09309342456981541,0.16962218284606934,0.51953125,3,3
32,4729,0.0550458817742765,0.18066340684890747,0.421875,1,1
32,4730,0.072445074794814,0.10134392976760864,0.5859375,4,9
32,4731,0.06190931051969529,0.07619607448577881,0.625,1,0
32,4732,0.0797297563403845,0.15346479415893555,0.5078125,1,1
32,4733,0.0,0.20122873783111572,0.1640625,4,6
32,4734,0.0987080263439566,0.14606505632400513,0.5703125,1,0
32,4735,0.0,0.19825232028961182,0.1640625,5,9
32,4736,0.09884027740918101,0.15765178203582764,0.55078125,3,1
32,4737,0.09283817606046797,0.163344144821167,0.52734375,3,1
32,4738,0.05769621022045613,0.15881967544555664,0.4453125,4,9
32,4739,0.07911628298461439,0.17923688888549805,0.4765625,4,9
32,4740,0.0670330384746194,0.1243511438369751,0.515625,4,8
32,4741,0.09376090299338104,0.16785168647766113,0.5234375,1,0
32,4742,0.0761658474802971,0.1095418930053711,0.578125,5,10
32,4743,0.09285478550009431,0.16622954607009888,0.5234375,1,1
33,4461,0.08055373071692885,0.16431677341461182,0.49609375,1,0
33,4744,0.08230868889950217,0.13128364086151123,0.55078125,1,0
33,4745,0.09105077572166921,0.1574932336807251,0.53125,1,0
33,4746,0.06484031025320293,0.17848515510559082,0.4453125,1,0
33,4747,0.08779350528493525,0.15446829795837402,0.52734375,1,0
33,4748,0.08762114681303503,0.15156090259552002,0.53125,1,0
33,4749,0.03480758517980576,0.18564045429229736,0.375,1,0
33,4750,0.05724944942630828,0.1820603609085083,0.42578125,1,1
33,4751,0.07741109281778337,0.10979080200195312,0.58203125,1,0
33,4752,0.07634788029827179,0.17296510934829712,0.4765625,1,0
33,4753,0.0631007046904415,0.17849481105804443,0.44140625,1,0
33,4754,0.08230472775176169,0.13127732276916504,0.55078125,1,0
33,4755,0.06086683622561396,0.07582437992095947,0.62109375,1,1
33,4756,0.0777003869879991,0.11334073543548584,0.57421875,1,0
33,4757,0.08055349695496263,0.1643162965774536,0.49609375,1,0
33,4758,0.08055373071692885,0.16431677341461182,0.49609375,1,0
33,4759,0.08055373071692885,0.16431677341461182,0.49609375,1,0
33,4760,0.08044370077550413,0.16742753982543945,0.4921875,1,0
33,4761,0.08094484370667489,0.16511458158493042,0.49609375,1,0
33,4762,0.08822394208982588,0.1607496738433838,0.51953125,1,0
33,4763,0.09506255225278439,0.14273321628570557,0.56640625,1,0
33,4612,0.08055373071692885,0.16431677341461182,0.49609375,1,0
33,4764,0.08909497282002123,0.16832703351974487,0.51171875,1,1
33,4765,0.06173351407051087,0.07597970962524414,0.625,1,0
33,4766,0.09041566774249078,0.13777625560760498,0.5625,1,0
33,4767,0.08803304238244893,0.13826048374176025,0.5546875,1,1
33,4768,0.08370974846184255,0.16421222686767578,0.50390625,1,1
33,4769,0.07982351712416859,0.12731975317001343,0.55078125,1,0
33,4770,0.0,0.16200590133666992,0.2578125,1,1
33,4771,0.09360873431432994,0.1592281460762024,0.53515625,1,1
33,4772,0.08903546479996295,0.15665346384048462,0.52734375,1,0
33,4773,0.08526315982453526,0.13391023874282837,0.5546875,1,0
33,4774,0.07375467941164972,0.17482590675354004,0.46875,1,0
33,4775,0.08055373071692885,0.16431677341461182,0.49609375,1,0
33,4776,0.08866394311189653,0.1533646583557129,0.53125,1,0
33,4777,0.05766853329259903,0.06546849012374878,0.65234375,1,0
33,4778,0.05832221545279027,0.1798853874206543,0.4296875,1,0
33,4779,0.08112238592002542,0.1654767394065857,0.49609375,1,0
33,4780,0.08055373071692885,0.16431677341461182,0.49609375,1,0
33,4781,0.08683508075773717,0.1610853672027588,0.515625,1,0
33,4782,0.08055373071692885,0.16431677341461182,0.49609375,1,0
33,4783,0.08918191445991398,0.15691113471984863,0.52734375,1,0
33,4505,0.18755258200690153,0.24877440929412842,0.6015625,5,12
33,3841,0.1411247947253287,0.19742047786712646,0.5859375,4,9
33,4784,0.06426929682493211,0.08104896545410156,0.6171875,3,7
33,4785,0.08675344171933831,0.14515608549118042,0.5390625,4,9
33,4786,0.09356225654482843,0.15403175354003906,0.54296875,1,1
33,4787,0.08920420543290676,0.15695035457611084,0.52734375,2,1
33,4788,0.086014939006418,0.13509094715118408,0.5546875,1,0
33,4789,0.08230868889950217,0.13128364086151123,0.55078125,4,9
33,4790,0.051525876391679055,0.08621323108673096,0.5390625,5,12
33,4791,0.09221071773208679,0.15180671215057373,0.54296875,3,4
33,4792,0.08851711312308909,0.17037880420684814,0.5078125,5,11
33,4793,0.0642748537939042,0.10251939296722412,0.55078125,5,7
33,4794,0.022129058837890625,0.022129058837890625,0.8203125,5,10
33,4795,0.05429264588747175,0.09552520513534546,0.52734375,3,7
33,4796,0.11522029305342586,0.1508767008781433,0.60546875,4,4
33,4797,0.11712884856387976,0.1897783875465393,0.546875,5,11
33,4798,0.08706706389784814,0.1615157127380371,0.515625,1,0
33,4799,0.0038974881172180176,0.0038974881172180176,0.91796875,5,10
33,4800,0.07708809757605196,0.11086827516555786,0.578125,4,8
33,4801,0.05352499126456679,0.09582096338272095,0.5234375,4,7
33,4802,0.012954950332641602,0.012954950332641602,0.87109375,4,3
33,4803,0.11117475875653328,0.14194881916046143,0.61328125,4,6
33,4804,0.1139081632718444,0.1551089882850647,0.59375,2,3
33,4805,0.06940348853822799,0.17678898572921753,0.45703125,2,0
33,4806,0.09426341438665987,0.17809176445007324,0.51171875,2,3
33,4807,0.07596929837018253,0.1683821678161621,0.48046875,2,2
33,4808,0.05827785981819034,0.05896890163421631,0.6953125,3,6
33,4809,0.07464809389784934,0.138477623462677,0.515625,4,8
33,4810,0.014981389045715332,0.014981389045715332,0.84375,6,13
33,4811,0.05606220359914006,0.09863865375518799,0.52734375,4,9
33,4812,0.019482851028442383,0.019482851028442383,0.7890625,6,13
33,4813,0.1002390526700765,0.13125932216644287,0.60546875,4,6
33,4814,0.10468979401048274,0.12436467409133911,0.63671875,6,5
33,4815,0.07164039392955603,0.09381043910980225,0.60546875,4,8
33,4816,0.05462196259759367,0.08578664064407349,0.5546875,4,8
33,4817,0.058075547218322754,0.058075547218322754,0.703125,3,5
33,4818,0.0709230797365308,0.1571974754333496,0.48046875,5,5
33,4819,0.07978671253658833,0.12341630458831787,0.55859375,1,1
33,4820,0.05008578673005105,0.08663487434387207,0.53125,5,11
33,4821,0.007193505764007568,0.007193505764007568,0.91015625,5,8
33,4822,0.06409752019681038,0.07118856906890869,0.66015625,4,9
33,4823,0.12014090758748354,0.16580092906951904,0.58984375,5,11
33,4824,0.09839366795495154,0.17927956581115723,0.51953125,5,11
33,4825,0.0,0.21311414241790771,0.23828125,4,9
33,4826,0.08409815025515856,0.15323221683502197,0.51953125,4,9
33,4827,0.08624471887014808,0.1629420518875122,0.51171875,1,0
33,4828,0.08882981259375812,0.2057957649230957,0.47265625,4,9
33,4829,0.06153001636266709,0.07572925090789795,0.625,1,0
33,4830,0.04450003977399321,0.18829768896102905,0.39453125,3,6
33,4831,0.08835741877555849,0.17671483755111694,0.5,2,4
33,4832,0.1097131595015526,0.14366531372070312,0.60546875,4,5
33,4833,0.09518236108124258,0.17657017707824707,0.515625,6,6
33,4834,0.09168468229472639,0.15858972072601318,0.53125,4,7
33,2592,0.18826328683644536,0.27461767196655273,0.57421875,4,9
33,3414,0.17722217109985652,0.24791735410690308,0.5859375,4,9
33,4835,0.07873302698135377,0.167266845703125,0.48828125,1,0
33,4836,0.06169806420803071,0.07593607902526855,0.625,1,0
33,4837,0.06173845380544663,0.07598578929901123,0.625,1,1
33,4838,0.05611783987842501,0.0616573691368103,0.6640625,3,6
33,4839,0.06203383672982455,0.08336305618286133,0.59765625,1,0
33,4840,0.07847045001108201,0.16670900583267212,0.48828125,3,1
33,4841,0.08043121022637935,0.1640668511390686,0.49609375,1,0
33,4842,0.06633578671608122,0.09676331281661987,0.57421875,1,1
33,4843,0.0,0.20670968294143677,0.16015625,4,6
33,4844,0.07091811439022423,0.1762624979019165,0.4609375,1,0
33,4845,0.07772171159740539,0.17226630449295044,0.48046875,1,0
33,4846,0.07886281446553768,0.16754257678985596,0.48828125,4,2
33,4847,0.1138756535947323,0.17098045349121094,0.56640625,5,9
33,4848,0.09005231258925052,0.15844255685806274,0.52734375,3,0
33,4849,0.06294033816084267,0.07145333290100098,0.65234375,4,9
33,4850,0.08082279074005784,0.1648656129837036,0.49609375,3,1
33,4851,0.09376981575042011,0.14504575729370117,0.55859375,1,0
33,4852,0.0693443580530584,0.17663836479187012,0.45703125,4,2
33,4853,0.060439693741500385,0.07264113426208496,0.6328125,1,0
33,4854,0.05010772682726384,0.16445612907409668,0.421875,1,1
33,4855,0.07866903103422375,0.16713088750839233,0.48828125,1,0
33,4856,0.004760861396789551,0.004760861396789551,0.92578125,4,10
33,4857,0.0,0.19364356994628906,0.20703125,1,0
33,4858,0.08627459534909578,0.1629984974861145,0.51171875,1,0
33,4859,0.08212516817729922,0.1309909224510193,0.55078125,1,1
33,4860,0.09427531622350217,0.1436576247215271,0.5625,3,0
33,4861,0.060943443095311536,0.11104285717010498,0.51953125,3,6
33,4862,0.06952221924439074,0.12667393684387207,0.51953125,5,11
33,4863,0.06173845380544663,0.07598578929901123,0.625,1,0
33,4864,0.12184228375554086,0.1464395523071289,0.6328125,4,9
33,4865,0.06164101511240006,0.07586586475372314,0.625,1,0
33,4866,0.080830582883209,0.12892603874206543,0.55078125,3,5
33,4867,0.08341994206421079,0.1636437177658081,0.50390625,1,0
33,4868,0.07905622385442258,0.12809109687805176,0.546875,4,6
33,4869,0.06305021047592163,0.06305021047592163,0.703125,4,6
33,4870,0.06173845380544663,0.07598578929901123,0.625,4,9
33,4871,0.07873302698135377,0.167266845703125,0.48828125,1,0
33,4872,0.08552326657809318,0.16157901287078857,0.51171875,1,0
33,4873,0.056366949342191226,0.07287847995758057,0.609375,5,9
33,4874,0.06173845380544663,0.07598578929901123,0.625,1,0
33,4875,0.08981534396298231,0.1580256223678589,0.52734375,1,0
33,4876,0.09082817099988462,0.15710818767547607,0.53125,1,0
33,4877,0.08102557109668852,0.16863858699798584,0.4921875,1,1
33,4878,0.08224261994473638,0.13117825984954834,0.55078125,1,0
33,4879,0.08545045251958074,0.16144144535064697,0.51171875,1,1
33,4880,0.06173845380544663,0.07598578929901123,0.625,1,0
33,4881,0.055480796378105886,0.18209081888198853,0.421875,1,0
33,4882,0.04408235102891923,0.14947128295898438,0.41796875,3,7
33,4883,0.08698448818176986,0.16136252880096436,0.515625,1,0
33,4884,0.057105596177279956,0.15719389915466309,0.4453125,1,1
33,4885,0.08446505665779115,0.16893011331558228,0.5,1,1
33,4886,0.11195444734767081,0.16809582710266113,0.56640625,5,9
33,4887,0.029281198978424072,0.029281198978424072,0.7890625,1,1
34,4612,0.09477261244319381,0.16674768924713135,0.52734375,1,0
34,4888,0.09517598419915886,0.16745740175247192,0.52734375,1,0
34,4889,0.09171026595868172,0.16710197925567627,0.51953125,1,1
34,4890,0.09477261244319381,0.16674768924713135,0.52734375,1,0
34,4891,0.09758191695436837,0.15325748920440674,0.5546875,1,0
34,4892,0.08576248632743956,0.13469445705413818,0.5546875,1,0
34,4893,0.083549766917713,0.11227685213088989,0.59765625,1,0
34,4894,0.09481106372550131,0.1586381196975708,0.5390625,1,0
34,4895,0.08614015579223634,0.17228031158447266,0.5,1,0
34,4896,0.06702919094823302,0.07609522342681885,0.65234375,1,0
34,4897,0.067035018815659,0.07610183954238892,0.65234375,1,1
34,4898,0.09398158080875875,0.16824674606323242,0.5234375,1,0
34,4899,0.09450666024349631,0.16075551509857178,0.53515625,1,0
34,4900,0.09477261244319381,0.16674768924713135,0.52734375,1,0
34,4901,0.010726332664489746,0.010726332664489746,0.890625,1,0
34,4902,0.09682430257089437,0.162006676197052,0.5390625,1,0
34,4903,0.0752622401341796,0.17839938402175903,0.46875,1,0
34,4904,0.08509309962391855,0.13364315032958984,0.5546875,1,0
34,4905,0.06683152914047243,0.07503890991210938,0.65625,1,0
34,4906,0.09210375789552928,0.15666818618774414,0.53515625,1,1
34,4758,0.09477261244319381,0.16674768924713135,0.52734375,1,0
34,4907,0.09743339067790659,0.16573387384414673,0.53515625,1,0
34,4908,0.042472798377275474,0.18746614456176758,0.390625,1,0
34,4909,0.08508065156638624,0.13362360000610352,0.5546875,1,0
34,4910,0.09460757835768165,0.1609271764755249,0.53515625,1,0
34,4911,0.04365837201476098,0.1847362518310547,0.39453125,1,0
34,4912,0.06379900407046081,0.06862413883209229,0.671875,1,1
34,4913,0.0,0.19439387321472168,0.24609375,1,0
34,4914,0.08822264755144717,0.1385582685470581,0.5546875,1,0
34,4915,0.07207081187516452,0.17912745475769043,0.4609375,1,0
34,4916,0.08161486359313132,0.11905074119567871,0.57421875,1,0
34,4917,0.09438597899861635,0.16055023670196533,0.53515625,1,0
34,4918,0.0678695607930422,0.07224369049072266,0.67578125,1,1
34,4919,0.06703591137193145,0.0761028528213501,0.65234375,1,0
34,4920,0.01780003309249878,0.01780003309249878,0.8359375,1,1
34,4921,0.09477261244319381,0.16674768924713135,0.52734375,1,0
34,4922,0.08303971809800716,0.11459928750991821,0.58984375,1,1
34,4923,0.07360345218330623,0.17860174179077148,0.46484375,1,0
34,4924,0.009450078010559082,0.009450078010559082,0.890625,1,0
34,4925,0.06724792101886125,0.18026667833328247,0.44921875,1,0
34,4505,0.16551273595541718,0.24851179122924805,0.56640625,5,12
34,3841,0.1431981429923326,0.20032089948654175,0.5859375,4,9
34,4926,0.008017659187316895,0.008017659187316895,0.88671875,4,9
34,4927,0.028595447540283203,0.028595447540283203,0.8046875,6,14
34,4928,0.10910722019616516,0.13269096612930298,0.62890625,4,6
34,4929,0.06359075009822847,0.09987258911132812,0.5546875,5,12
34,4930,0.10987801384180786,0.12903106212615967,0.640625,4,5
34,4931,0.03511852771043778,0.08521652221679688,0.46484375,4,7
34,4932,0.06065666233189405,0.07205617427825928,0.63671875,5,12
34,4933,0.09552692249417306,0.1652357578277588,0.53125,2,1
34,4934,0.10530433373060079,0.1493512988090515,0.58203125,3,7
34,4935,0.09830155642703177,0.16447842121124268,0.5390625,2,3
34,4936,0.016759872436523438,0.016759872436523438,0.82421875,4,10
34,4937,0.11642969632521273,0.1564619541168213,0.59765625,6,6
34,4938,0.08568896725773813,0.11078977584838867,0.609375,6,12
34,4939,0.09670017182361336,0.1701391339302063,0.52734375,4,5
34,4940,0.10445277951657773,0.13505005836486816,0.609375,4,7
34,4941,0.04336013563442976,0.06707066297531128,0.55859375,5,11
34,4942,0.0523407030850649,0.19704735279083252,0.40625,6,12
34,4943,0.05194443464279175,0.05194443464279175,0.73046875,5,11
34,4944,0.11626287596300246,0.14844536781311035,0.61328125,4,5
34,4945,0.06260371208190918,0.06260371208190918,0.7109375,3,3
34,4946,0.05496424157172443,0.09507328271865845,0.53125,5,12
34,4947,0.04402304044924677,0.1492701768875122,0.41796875,5,9
34,4948,0.09630262153223158,0.10932803153991699,0.65234375,6,4
34,4949,0.1106663236860186,0.14679056406021118,0.6015625,3,3
34,4950,0.10743633820675315,0.1687343716621399,0.5546875,5,12
34,4951,0.09948452783282848,0.12098830938339233,0.62890625,2,3
34,4952,0.12149266130290928,0.19378268718719482,0.55078125,5,11
34,4953,0.09804800408892335,0.1614166498184204,0.54296875,4,4
34,4954,0.07101430452894421,0.22583431005477905,0.42578125,3,7
34,4955,0.03128916025161743,0.03128916025161743,0.7578125,5,11
34,4956,0.07382743153721096,0.12989568710327148,0.52734375,5,11
34,4957,0.09805176733061673,0.16406047344207764,0.5390625,3,2
34,4958,0.0955139562720433,0.14774364233016968,0.55859375,3,0
34,4959,0.10502133145928386,0.18801021575927734,0.5234375,5,10
34,4960,0.026242406922392554,0.1476495862007141,0.37109375,5,9
34,4961,0.08379981946200134,0.1296238899230957,0.55859375,2,1
34,4962,0.07432264275848867,0.13787388801574707,0.515625,5,10
34,4963,0.1023858147673309,0.17131221294403076,0.5390625,4,6
34,4964,0.05140638398006559,0.06908154487609863,0.59765625,5,11
34,4965,0.11429970618337394,0.1297593116760254,0.65234375,3,3
34,4966,0.07629811763763429,0.0986480712890625,0.609375,4,5
34,4967,0.07360683055594565,0.1829451322555542,0.4609375,4,4
34,4968,0.07073837821371855,0.076896071434021,0.66796875,5,9
34,4969,0.047941306140273816,0.0905754566192627,0.51171875,5,11
34,4970,0.1060415441170335,0.15468168258666992,0.57421875,4,4
34,4971,0.07992589799687268,0.15384232997894287,0.5078125,5,12
34,4972,0.10237912507727744,0.16079175472259521,0.5546875,3,2
34,4973,0.09647370176389815,0.11075007915496826,0.6484375,5,12
34,4974,0.06792976241558792,0.073067307472229,0.671875,3,3
34,2592,0.19534515263512733,0.2809458374977112,0.578125,4,9
34,3414,0.14994427049532535,0.24685359001159668,0.54296875,4,9
34,4975,0.06689451076090337,0.1747448444366455,0.453125,3,5
34,4976,0.07371639576740564,0.17887580394744873,0.46484375,1,1
34,4977,0.09550964832305911,0.19101929664611816,0.5,4,9
34,4978,0.08257772866636516,0.12398767471313477,0.56640625,6,5
34,4979,0.09300557989627124,0.17901825904846191,0.5078125,6,8
34,4980,0.0956526064546779,0.16270476579666138,0.53515625,1,0
34,4981,0.07653133908752353,0.17730337381362915,0.47265625,1,0
34,4982,0.09526817221194507,0.14962363243103027,0.5546875,1,0
34,4983,0.006058363243937498,0.19386762380599976,0.3125,4,8
34,4984,0.09567219438031317,0.16273808479309082,0.53515625,1,0
34,4985,0.08759219897910954,0.13756811618804932,0.5546875,1,1
34,4986,0.0818678183713928,0.17392665147781372,0.48828125,3,1
34,4987,0.09593212860636414,0.16318023204803467,0.53515625,1,0
34,4988,0.08507624920457603,0.13361668586730957,0.5546875,2,0
34,4989,0.09982632100582124,0.11589813232421875,0.64453125,5,5
34,4990,0.08603784348815681,0.1330857276916504,0.55859375,3,1
34,4991,0.06703591137193145,0.0761028528213501,0.65234375,1,0
34,4992,0.00828927755355835,0.00828927755355835,0.890625,6,5
34,4993,0.06081454572267831,0.15491068363189697,0.45703125,5,8
34,4994,0.10247285629156978,0.1802958846092224,0.52734375,5,9
34,4995,0.09522885130718352,0.15933716297149658,0.5390625,3,3
34,4996,0.0,0.25337034463882446,0.2890625,3,6
34,4997,0.050074568018317236,0.1885160207748413,0.40625,2,3
34,4998,0.07657150016166271,0.17739641666412354,0.47265625,1,0
34,4999,0.08326029835734518,0.1768849492073059,0.48828125,1,2
34,5000,0.0703486881684512,0.14945447444915771,0.48828125,4,9
34,5001,0.09318771958351137,0.1486358642578125,0.55078125,5,10
34,5002,0.12179034610744567,0.14811557531356812,0.62890625,3,6
34,5003,0.032444655895233154,0.032444655895233154,0.7578125,4,8
34,5004,0.08984317211434246,0.14110338687896729,0.5546875,1,0
34,5005,0.09522885130718352,0.15933716297149658,0.5390625,1,0
34,5006,0.07516222586855294,0.08000636100769043,0.67578125,6,10
34,5007,0.0335290834773332,0.18864715099334717,0.37109375,5,8
34,5008,0.039135349914431586,0.18903112411499023,0.3828125,3,8
34,5009,0.09357957355678083,0.15657758712768555,0.5390625,2,0
34,5010,0.0873839631676674,0.17824935913085938,0.49609375,1,1
34,5011,0.0907818377017975,0.18156367540359497,0.5,5,9
34,5012,0.04119392554275693,0.1900116205215454,0.38671875,2,2
34,5013,0.09969324897974731,0.17244237661361694,0.53125,1,1
34,5014,0.0802477706456557,0.08723324537277222,0.66796875,6,6
34,5015,0.007745116949081426,0.15251922607421875,0.3203125,4,9
34,5016,0.06604548683390023,0.1818026304244995,0.4453125,1,0
34,5017,0.06382870674133302,0.12765741348266602,0.5,4,9
34,5018,0.047174984239973135,0.18437856435775757,0.40234375,2,2
34,5019,0.08721595944371076,0.13095182180404663,0.56640625,1,0
34,5020,0.11634894274175168,0.15843260288238525,0.59375,5,10
34,5021,0.0698646876262501,0.07285279035568237,0.68359375,5,8
34,5022,0.07601989642716946,0.17611849308013916,0.47265625,2,1
34,5023,0.07375865557696672,0.1708797812461853,0.47265625,4,7
34,5024,0.11719707492738964,0.16394782066345215,0.5859375,5,10
34,5025,0.08491087844595314,0.17320466041564941,0.49609375,1,0
34,5026,0.07476948318071665,0.09093105792999268,0.62890625,1,0
34,5027,0.056441664695739746,0.056441664695739746,0.70703125,4,9
34,5028,0.07817706628702582,0.15047615766525269,0.5078125,4,9
34,5029,0.015221611713059252,0.1900845170021057,0.33203125,1,0
34,5030,0.06678956584073605,0.07582318782806396,0.65234375,1,0
34,5031,0.05964332958683372,0.14823973178863525,0.4609375,4,10
35,4758,0.09479660075157882,0.158613920211792,0.5390625,1,0
35,5032,0.062474853941239424,0.07421606779098511,0.63671875,1,0
35,5033,0.08101645624265076,0.1721179485321045,0.48828125,1,0
35,5034,0.09484026557765902,0.15127170085906982,0.55078125,1,1
35,5035,0.08395996398758145,0.17126494646072388,0.49609375,1,0
35,5036,0.02477273414842785,0.10482347011566162,0.39453125,1,1
35,5037,0.09311692183837296,0.13779151439666748,0.5703125,1,0
35,5038,0.09782764967530967,0.15850555896759033,0.546875,1,1
35,5039,0.016408287454396493,0.18263137340545654,0.3359375,1,1
35,5040,0.0932481538038701,0.16406548023223877,0.52734375,1,0
35,5041,0.08813238563016058,0.1696382761001587,0.5078125,1,0
35,5042,0.062474853941239424,0.07421606779098511,0.63671875,1,0
35,5043,0.07272409577853979,0.09522950649261475,0.60546875,1,0
35,5044,0.09479660075157882,0.158613920211792,0.5390625,1,0
35,5045,0.0934082673629746,0.13625365495681763,0.57421875,1,0
35,5046,0.062474853941239424,0.07421606779098511,0.63671875,1,0
35,5047,0.07787893491331489,0.10747712850570679,0.58984375,1,0
35,5048,0.09393249638378622,0.13509392738342285,0.578125,1,0
35,5049,0.0953877209685743,0.15703701972961426,0.54296875,1,0
35,5050,0.09322790347505362,0.13599056005477905,0.57421875,1,0
35,5051,0.10133744473569097,0.16163480281829834,0.55078125,1,1
35,4890,0.09479660075157882,0.158613920211792,0.5390625,1,0
35,5052,0.09913012990728022,0.1533372402191162,0.55859375,1,0
35,5053,0.06620002351701261,0.07773947715759277,0.640625,1,1
35,5054,0.09280836442485453,0.16329169273376465,0.52734375,1,0
35,5055,0.09202563110738994,0.1270003318786621,0.58984375,1,0
35,5056,0.05940047767944635,0.06194102764129639,0.68359375,1,0
35,5057,0.09202822251245381,0.12700390815734863,0.58984375,1,1
35,5058,0.09322967322077604,0.139981210231781,0.56640625,1,0
35,5059,0.09328481520060451,0.15867716073989868,0.53515625,1,1
35,5060,0.07975258538499476,0.1694328784942627,0.48828125,1,1
35,5061,0.09010729612782599,0.16715556383132935,0.515625,1,0
35,5062,0.008128464221954346,0.008128464221954346,0.91015625,1,0
35,5063,0.10072503238916398,0.1490497589111328,0.5703125,1,0
35,5064,0.09202390350401403,0.1269979476928711,0.58984375,1,1
35,5065,0.010078847408294678,0.010078847408294678,0.90625,1,0
35,5066,0.006617282400839035,0.16133564710617065,0.31640625,1,1
35,5067,0.09010899416171016,0.15077060461044312,0.5390625,1,1
35,5068,0.07035267725586893,0.17485713958740234,0.4609375,1,0
35,5069,0.062474853941239424,0.07421606779098511,0.63671875,1,0
35,5070,0.10256118304096164,0.1496049165725708,0.57421875,1,1
35,5071,0.0555850078817457,0.1767672300338745,0.42578125,1,0
35,4505,0.1243044190341607,0.23484820127487183,0.51171875,5,12
35,3841,0.11174773040693256,0.1966145634651184,0.52734375,4,9
35,5072,0.07662702980451287,0.11177504062652588,0.57421875,3,3
35,5073,0.10320357023738326,0.13689178228378296,0.6015625,4,4
35,5074,0.1080754111753777,0.1901533007621765,0.52734375,4,8
35,5075,0.03688478469848633,0.03688478469848633,0.765625,4,4
35,5076,0.09688233106862755,0.14546555280685425,0.56640625,4,6
35,5077,0.09917037282139064,0.21980619430541992,0.48046875,5,12
35,5078,0.0,0.1994982361793518,0.2734375,5,14
35,5079,0.0648883581161499,0.0648883581161499,0.7265625,3,2
35,5080,0.06223075254820288,0.07392609119415283,0.63671875,4,5
35,5081,0.06469181645661594,0.12451958656311035,0.5078125,4,7
35,5082,0.08635193249210717,0.16018909215927124,0.515625,5,10
35,5083,0.08830140391364695,0.19571566581726074,0.48046875,5,11
35,5084,0.07647211011499168,0.10413223505020142,0.59375,2,2
35,5085,0.07344515796285124,0.0815703272819519,0.66015625,6,13
35,5086,0.09647028939798476,0.1296398639678955,0.59765625,4,6
35,5087,0.011617611162364488,0.1652282476425171,0.328125,3,6
35,5088,0.0,0.20196020603179932,0.1875,5,12
35,5089,0.08120980858802797,0.1624196171760559,0.5,6,5
35,5090,0.06798491114750506,0.08267998695373535,0.62890625,4,3
35,5091,0.05440372228622437,0.06695842742919922,0.625,3,7
35,5092,0.090239682700485,0.1166735291481018,0.609375,5,6
35,5093,0.07858599978499116,0.10845291614532471,0.58984375,6,4
35,5094,0.04669554729480297,0.14849764108657837,0.42578125,5,5
35,5095,0.0713193512056023,0.1347435712814331,0.51171875,5,13
35,5096,0.04842567723244429,0.08983314037322998,0.515625,5,10
35,5097,0.08952325209975244,0.1305866241455078,0.57421875,3,2
35,5098,0.06025834358297289,0.06097286939620972,0.6953125,5,6
35,5099,0.055362653220072396,0.056019127368927,0.6953125,4,3
35,5100,0.08187958924099804,0.11299824714660645,0.58984375,4,3
35,5101,0.09728982020169498,0.15763413906097412,0.546875,3,3
35,5102,0.09062413498759271,0.16223621368408203,0.5234375,7,9
35,5103,0.08613268146291377,0.1086205244064331,0.6171875,4,8
35,5104,0.05222109868191183,0.07305246591567993,0.5859375,3,3
35,5105,0.04482566937804223,0.06270694732666016,0.5859375,6,12
35,5106,0.048334896331653006,0.0770949125289917,0.55078125,4,5
35,5107,0.08573424560017885,0.1900256872177124,0.48046875,4,7
35,5108,0.0022928714752197266,0.0022928714752197266,0.9375,5,10
35,5109,0.03825336694717407,0.03825336694717407,0.75390625,3,3
35,5110,0.09048264473676683,0.1513957977294922,0.5390625,3,2
35,5111,0.08444413007237019,0.11653745174407959,0.58984375,5,11
35,5112,0.07781902328133584,0.10596632957458496,0.59375,3,7
35,5113,0.07034791493788363,0.11966156959533691,0.53515625,5,11
35,5114,0.07822284288704397,0.11919671297073364,0.5625,3,2
35,5115,0.07867296016775073,0.17437469959259033,0.48046875,4,5
35,5116,0.10436023515649141,0.15442901849746704,0.5703125,4,4
35,5117,0.03657406568527222,0.03657406568527222,0.75,5,11
35,5118,0.10646210610866548,0.15099334716796875,0.58203125,3,4
35,5119,0.07904338929802181,0.0950005054473877,0.6328125,6,6
35,5120,0.032082557678222656,0.032082557678222656,0.79296875,5,10
35,5121,0.06394053180702032,0.07340258359909058,0.6484375,6,12
35,5122,0.08603440690785648,0.16560006141662598,0.5078125,5,10
35,5123,0.07544173556379975,0.10006779432296753,0.6015625,5,9
35,5124,0.056117190280929215,0.15447312593460083,0.4453125,4,10
35,2592,0.1333785951137543,0.26675719022750854,0.5,4,9
35,3414,0.132546597160399,0.23320913314819336,0.52734375,4,9
35,5125,0.04070591181516648,0.17966747283935547,0.390625,1,0
35,5126,0.09052953612990679,0.14003360271453857,0.55859375,4,6
35,5127,0.06318572233431043,0.09773743152618408,0.55859375,5,9
35,5128,0.02831089496612549,0.02831089496612549,0.80078125,1,0
35,5129,0.09256658982485534,0.16011518239974976,0.53125,1,0
35,5130,0.0938750506611541,0.14520853757858276,0.55859375,1,0
35,5131,0.06118888221681119,0.07104015350341797,0.64453125,3,4
35,5132,0.09089922066777946,0.130731463432312,0.578125,5,8
35,5133,0.0,0.21053051948547363,0.18359375,4,10
35,5134,0.09202822251245381,0.12700390815734863,0.58984375,4,3
35,5135,0.09588011994492264,0.18114620447158813,0.51171875,4,9
35,5136,0.08968854311387987,0.13873273134231567,0.55859375,5,8
35,5137,0.08805508934892715,0.11679846048355103,0.6015625,5,6
35,5138,0.09852762776426972,0.1547427773475647,0.5546875,1,0
35,5139,0.07675562240183355,0.10451829433441162,0.59375,1,0
35,5140,0.0895726934541017,0.12361514568328857,0.58984375,2,0
35,5141,0.08719562378246339,0.16473859548568726,0.51171875,5,10
35,5142,0.057122686295770116,0.06785804033279419,0.63671875,5,9
35,5143,0.05946131388191135,0.18909436464309692,0.42578125,5,9
35,5144,0.059490342973731465,0.07994502782821655,0.59765625,5,10
35,5145,0.0954743961337954,0.15717971324920654,0.54296875,1,0
35,5146,0.08476096391677858,0.16952192783355713,0.5,1,2
35,5147,0.09202822251245381,0.12700390815734863,0.58984375,1,0
35,5148,0.0977269377326593,0.14673370122909546,0.56640625,1,0
35,5149,0.051772892475128174,0.051772892475128174,0.734375,4,6
35,5150,0.0931918522110209,0.1441517472267151,0.55859375,1,0
35,5151,0.08533424278721215,0.13402187824249268,0.5546875,5,9
35,5152,0.06226095790043474,0.07396197319030762,0.63671875,1,0
35,5153,0.09202822251245381,0.12700390815734863,0.58984375,1,0
35,5154,0.062474853941239424,0.07421606779098511,0.63671875,1,0
35,5155,0.08738086419180037,0.11742520332336426,0.59765625,2,0
35,5156,0.07383123808540405,0.12154853343963623,0.54296875,4,9
35,5157,0.10358944279141725,0.15328842401504517,0.5703125,3,6
35,5158,0.06247008731588722,0.07421040534973145,0.63671875,1,0
35,5159,0.024085521697998047,0.024085521697998047,0.8125,4,8
35,5160,0.062409375561401255,0.07413828372955322,0.63671875,1,0
35,5161,0.06243000389076771,0.09656846523284912,0.55859375,5,10
35,5162,0.06247455289121718,0.07421571016311646,0.63671875,1,0
35,5163,0.050896827597171075,0.05842864513397217,0.6484375,3,7
35,5164,0.05059638782404364,0.17743390798568726,0.4140625,5,4
35,5165,0.01648947619833053,0.18353503942489624,0.3359375,1,2
35,5166,0.06805723439902069,0.12625110149383545,0.515625,4,9
35,5167,0.09848669171333314,0.1436614990234375,0.57421875,1,1
35,5168,0.058064678683877,0.06818604469299316,0.640625,3,5
35,5169,0.054045130731537945,0.16181933879852295,0.43359375,4,8
35,5170,0.07230230560526253,0.10699069499969482,0.5703125,4,8
35,5171,0.003434479236602783,0.003434479236602783,0.9296875,3,6
35,5172,0.026049137115478516,0.026049137115478516,0.81640625,1,0
35,5173,0.06331912521272899,0.09794378280639648,0.55859375,4,8
35,5174,0.06975792767480017,0.08483624458312988,0.62890625,3,5
35,5175,0.09037581179291011,0.16765367984771729,0.515625,1,0
36,4890,0.11332343984395267,0.16530370712280273,0.57421875,1,0
36,5176,0.11332343984395267,0.16530370712280273,0.57421875,1,0
36,5177,0.11251358804292978,0.15957605838775635,0.58203125,1,0
36,5178,0.10573189344722779,0.13845199346542358,0.60546875,1,1
36,5179,0.11576682224404068,0.15557116270065308,0.59765625,1,0
36,5180,0.09934235364198686,0.17183542251586914,0.53125,1,0
36,5181,0.11350982729345561,0.16325008869171143,0.578125,1,0
36,5182,0.11332343984395267,0.16530370712280273,0.57421875,1,0
36,5183,0.11332343984395267,0.16530370712280273,0.57421875,1,0
36,5184,0.0670564970932901,0.17975354194641113,0.44921875,1,0
36,5185,0.07154008350335063,0.07615077495574951,0.67578125,1,0
36,5186,0.0,0.19982635974884033,0.140625,1,0
36,5187,0.10724847670644523,0.13693571090698242,0.61328125,1,0
36,5188,0.10567634867038579,0.1349284052848816,0.61328125,1,0
36,5189,0.10753026790916921,0.16888189315795898,0.5546875,1,0
36,5190,0.04969632625579834,0.04969632625579834,0.7578125,1,1
36,5191,0.10480078868567945,0.13216257095336914,0.6171875,1,1
36,5192,0.11371237772982569,0.16127628087997437,0.58203125,1,1
36,5193,0.06865567201748492,0.17934542894363403,0.453125,1,0
36,5194,0.10480078868567945,0.13216257095336914,0.6171875,1,0
36,5195,0.06873865891247989,0.17956221103668213,0.453125,1,0
36,5196,0.11070593958720566,0.16381919384002686,0.5703125,1,0
36,5044,0.11332343984395267,0.16530370712280273,0.57421875,1,0
36,5197,0.11398483486846091,0.14737433195114136,0.609375,1,0
36,5198,0.062134250998497016,0.1807541847229004,0.4375,1,0
36,5199,0.1076520159840584,0.16907310485839844,0.5546875,1,1
36,5200,0.00036848429590464164,0.18866395950317383,0.30078125,1,0
36,5201,0.11332343984395267,0.16530370712280273,0.57421875,1,0
36,5202,0.10718834283761682,0.1421772837638855,0.6015625,1,0
36,5203,0.11332343984395267,0.16530370712280273,0.57421875,1,0
36,5204,0.07154215534683318,0.0761529803276062,0.67578125,1,1
36,5205,0.11332343984395267,0.16530370712280273,0.57421875,1,0
36,5206,0.11354429775383325,0.16562587022781372,0.57421875,1,0
36,5207,0.10480078868567945,0.13216257095336914,0.6171875,1,1
36,5208,0.10479620401747526,0.13215678930282593,0.6171875,1,0
36,5209,0.10620225733146073,0.16939425468444824,0.55078125,1,0
36,5210,0.10468802344985308,0.1484771966934204,0.58203125,1,1
36,5211,0.10480078868567945,0.13216257095336914,0.6171875,1,0
36,5212,0.1128185281995684,0.16000854969024658,0.58203125,1,0
36,5213,0.11791193205863239,0.15440130233764648,0.60546875,1,0
36,5214,0.0734035042114556,0.1781165599822998,0.46484375,1,1
36,5215,0.104789114324376,0.13214784860610962,0.6171875,1,0
36,5216,0.11332343984395267,0.16530370712280273,0.57421875,1,0
36,5217,0.11332343984395267,0.16530370712280273,0.57421875,1,0
36,4505,0.15984822250902656,0.23653841018676758,0.5703125,5,12
36,3841,0.15442146454006436,0.18559575080871582,0.6328125,4,9
36,5218,0.07347839511930944,0.07662105560302734,0.68359375,1,1
36,5219,0.06087517738342285,0.06087517738342285,0.73828125,3,4
36,5220,0.018055379390716553,0.018055379390716553,0.84375,3,6
36,5221,0.00399547815322876,0.00399547815322876,0.9296875,6,13
36,5222,0.1174939493648708,0.16898006200790405,0.578125,4,5
36,5223,0.09016023064032198,0.1334162950515747,0.5703125,5,12
36,5224,0.07929066941142084,0.08902812004089355,0.65625,1,0
36,5225,0.11384356068447234,0.14181971549987793,0.62109375,3,5
36,5226,0.05712580587714911,0.08971905708312988,0.5546875,5,13
36,5227,0.09092545579187573,0.10098445415496826,0.66015625,5,13
36,5228,0.06584287201985718,0.10668212175369263,0.546875,5,12
36,5229,0.08976890123449267,0.14098674058914185,0.5546875,6,13
36,5230,0.1137005793862045,0.1470068097114563,0.609375,1,0
36,5231,0.08572395995724948,0.1821189522743225,0.48828125,3,5
36,5232,0.08500867162365468,0.09441310167312622,0.66015625,1,1
36,5233,0.09124503890052439,0.107150137424469,0.640625,4,5
36,5234,0.08110758103430273,0.17596220970153809,0.484375,3,3
36,5235,0.09943831246346237,0.1430124044418335,0.578125,3,4
36,5236,0.10901340655982496,0.140946626663208,0.609375,4,3
36,5237,0.07293135439977051,0.07379615306854248,0.6953125,1,0
36,5238,0.08093718462623657,0.12152445316314697,0.56640625,3,3
36,5239,0.039931416511535645,0.039931416511535645,0.765625,2,1
36,5240,0.09776427783071996,0.1720113754272461,0.52734375,3,3
36,5241,0.08579614548943938,0.1019202470779419,0.63671875,4,4
36,5242,0.0799222521018237,0.17714369297027588,0.48046875,1,0
36,5243,0.09714090148918332,0.1034015417098999,0.67578125,2,2
36,5244,0.046677734819240875,0.09916597604751587,0.48828125,4,10
36,5245,0.10698088887147607,0.14763939380645752,0.58984375,2,3
36,5246,0.06248903926461936,0.06651639938354492,0.67578125,4,8
36,5247,0.11756967008113864,0.1904926300048828,0.546875,5,12
36,5248,0.09049499407410623,0.09733915328979492,0.671875,3,4
36,5249,0.032251060009002686,0.032251060009002686,0.78515625,1,0
36,5250,0.062193486839532866,0.09477102756500244,0.5625,5,12
36,5251,0.09073446760885419,0.17464679479599,0.5078125,4,4
36,5252,0.08922117459587754,0.1750239133834839,0.50390625,3,1
36,5253,0.048194321803748615,0.14864754676818848,0.4296875,3,6
36,5254,0.05983531475067139,0.05983531475067139,0.71875,4,5
36,5255,0.10648355504963548,0.1469530463218689,0.58984375,1,1
36,5256,0.08056515734642745,0.10970574617385864,0.59375,3,4
36,5257,0.07053256034851074,0.07053256034851074,0.703125,4,7
36,5258,0.026725049130618583,0.22431516647338867,0.34765625,5,11
36,5259,0.06754152849316598,0.08312803506851196,0.625,4,8
36,5260,0.09784724935889245,0.1692492961883545,0.53125,4,4
36,5261,0.0,0.18702638149261475,0.203125,6,12
36,5262,0.047345800325274474,0.11222708225250244,0.46875,5,11
36,5263,0.07966840127483012,0.13330137729644775,0.5390625,5,9
36,5264,0.10173944360576571,0.1423240303993225,0.5859375,4,4
36,5265,0.10607944149523975,0.1525636911392212,0.578125,4,4
36,5266,0.011296629905700684,0.011296629905700684,0.83203125,5,12
36,5267,0.11524102021940054,0.15285855531692505,0.6015625,1,0
36,5268,0.08249868731945754,0.0887380838394165,0.671875,4,3
36,5269,0.05103870341554285,0.0659894347190857,0.609375,4,8
36,5270,0.013466019416227942,0.11302626132965088,0.34765625,4,7
36,5271,0.10659889387898148,0.12964046001434326,0.62890625,1,1
36,5272,0.042486488819122314,0.042486488819122314,0.76953125,1,1
36,5273,0.061957534169778235,0.1855102777481079,0.43359375,3,4
36,5274,0.09088812139816584,0.12714403867721558,0.5859375,6,13
36,2592,0.20161205949261787,0.2640035152435303,0.60546875,4,9
36,3414,0.18198424205183986,0.2323589324951172,0.61328125,4,9
36,5275,0.049527883529663086,0.049527883529663086,0.734375,4,9
36,5276,0.11369518912397326,0.16125190258026123,0.58203125,1,0
36,5277,0.06647847662679852,0.06932175159454346,0.68359375,1,1
36,5278,0.09678766503930093,0.17327022552490234,0.5234375,1,0
36,5279,0.0,0.19234126806259155,0.2421875,1,0
36,5280,0.0,0.216383695602417,0.13671875,5,10
36,5281,0.1139955904800445,0.16167795658111572,0.58203125,1,0
36,5282,0.07377799320966007,0.10181760787963867,0.58984375,3,6
36,5283,0.11499488307163121,0.16309523582458496,0.58203125,1,0
36,5284,0.105540007352829,0.13309478759765625,0.6171875,1,0
36,5285,0.06871447199955584,0.09234070777893066,0.59765625,4,8
36,5286,0.0,0.21705538034439087,0.16796875,4,9
36,5287,0.018855134490877397,0.18929076194763184,0.33984375,1,1
36,5288,0.0,0.16176140308380127,0.26171875,1,1
36,5289,0.07154008350335063,0.07615077495574951,0.67578125,1,0
36,5290,0.07154008350335063,0.07615077495574951,0.67578125,1,1
36,5291,0.11332343984395267,0.16530370712280273,0.57421875,1,0
36,5292,0.06471669673919678,0.06471669673919678,0.71875,4,9
36,5293,0.03252217825502158,0.07708960771560669,0.46875,5,11
36,5294,0.09246306470595302,0.1746903657913208,0.51171875,1,1
36,5295,0.06902858242392541,0.08495825529098511,0.625,3,5
36,5296,0.11390294157899918,0.16614902019500732,0.57421875,1,1
36,5297,0.00032530108001083596,0.16655415296554565,0.30078125,1,1
36,5298,0.062159729423001416,0.08245021104812622,0.6015625,4,10
36,5299,0.09988068672828378,0.1342228651046753,0.59765625,5,10
36,5300,0.0,0.20591437816619873,0.28515625,4,9
36,5301,0.05438175494782627,0.07307994365692139,0.59765625,3,7
36,5302,0.09742527175694705,0.11440765857696533,0.640625,1,0
36,5303,0.11240574950352313,0.1594231128692627,0.58203125,1,0
36,5304,0.004197120666503906,0.004197120666503906,0.9140625,1,1
36,5305,0.04499812074936927,0.1633974313735962,0.41015625,4,9
36,5306,0.08820797153748573,0.13644254207611084,0.55859375,4,8
36,5307,0.018587872269563384,0.18660765886306763,0.33984375,1,0
36,5308,0.11383230076171459,0.14905917644500732,0.60546875,1,2
36,5309,0.06445726181846113,0.11340934038162231,0.52734375,4,8
36,5310,0.0331574782030657,0.14030271768569946,0.39453125,1,2
36,5311,0.07583061256445946,0.14595967531204224,0.5078125,5,11
36,5312,0.10937584843486549,0.14141523838043213,0.609375,1,0
36,5313,0.10770605877041818,0.1691579818725586,0.5546875,1,0
36,5314,0.0,0.21808677911758423,0.15625,4,9
36,5315,0.11467096977867187,0.15825212001800537,0.58984375,1,0
36,5316,0.07006768696010114,0.11004495620727539,0.5546875,4,9
36,5317,0.04858409485314042,0.17641884088516235,0.41015625,2,2
36,5318,0.07694212673231961,0.1208416223526001,0.5546875,4,10
36,5319,0.05650186538696289,0.05650186538696289,0.75390625,5,9
37,5044,0.11015916243195535,0.16786158084869385,0.5625,1,0
37,5320,0.0716133819660172,0.0762287974357605,0.67578125,1,1
37,5321,0.09501135593745859,0.16161400079727173,0.53515625,1,1
37,5322,0.10281861759722234,0.1400083303451538,0.59375,1,0
37,5323,0.0022542926017195043,0.19236630201339722,0.3046875,1,0
37,5324,0.1110111608868465,0.1491803526878357,0.59765625,1,0
37,5325,0.10844850190915169,0.17032402753829956,0.5546875,1,0
37,5326,0.07147165667265655,0.07607793807983398,0.67578125,1,0
37,5327,0.09922246984206141,0.1333383321762085,0.59765625,1,0
37,5328,0.11133255064487459,0.16964960098266602,0.5625,1,0
37,5329,0.1113086510449648,0.16961318254470825,0.5625,1,0
37,5330,0.09925493714399637,0.13338196277618408,0.59765625,1,0
37,5331,0.11015916243195535,0.16786158084869385,0.5625,1,0
37,5332,0.10804958408698441,0.14520049095153809,0.59765625,1,0
37,5333,0.11015916243195535,0.16786158084869385,0.5625,1,0
37,5334,0.0949976753909141,0.17947900295257568,0.51171875,1,0
37,5335,0.029813051223754883,0.029813051223754883,0.78125,1,0
37,5336,0.11015916243195535,0.16786158084869385,0.5625,1,0
37,5337,0.11425496370065959,0.1535394787788391,0.59765625,1,0
37,5338,0.08234768989495934,0.1825195550918579,0.48046875,1,0
37,5339,0.11355252563953401,0.15259552001953125,0.59765625,1,0
37,5340,0.09435748169198634,0.11899268627166748,0.6171875,1,0
37,5341,0.112021800596267,0.15887856483459473,0.58203125,1,0
37,5176,0.11015916243195535,0.16786158084869385,0.5625,1,0
37,5342,0.07616144127678127,0.16880804300308228,0.48046875,1,1
37,5343,0.03179537318646909,0.18929338455200195,0.3671875,1,0
37,5344,0.10841043666005136,0.17026424407958984,0.5546875,1,0
37,5345,0.09388129692524673,0.12138187885284424,0.609375,1,0
37,5346,0.10270085930824281,0.1776447296142578,0.53125,1,0
37,5347,0.014635801315307617,0.014635801315307617,0.84765625,1,0
37,5348,0.11015916243195535,0.16786158084869385,0.5625,1,0
37,5349,0.05048239231109619,0.05048239231109619,0.71484375,1,0
37,5350,0.11015916243195535,0.16786158084869385,0.5625,1,0
37,5351,0.05234324932098389,0.05234324932098389,0.71484375,1,0
37,5352,0.02855783700942993,0.02855783700942993,0.796875,1,0
37,5353,0.07145194616168739,0.07605695724487305,0.67578125,1,1
37,5354,0.11384950834326447,0.16147077083587646,0.58203125,1,0
37,5355,0.11015916243195535,0.16786158084869385,0.5625,1,0
37,5356,0.11015916243195535,0.16786158084869385,0.5625,1,0
37,5357,0.0615519816055894,0.06228184700012207,0.6953125,1,0
37,5358,0.007878763717599218,0.19209176301956177,0.31640625,1,0
37,5359,0.061797760426998145,0.08887767791748047,0.578125,1,1
37,5360,0.0716133819660172,0.0762287974357605,0.67578125,1,0
37,5361,0.06118321605026723,0.09913229942321777,0.546875,1,1
37,5362,0.07161075016483666,0.07622599601745605,0.67578125,1,1
37,4505,0.18700877577066424,0.23016464710235596,0.625,5,12
37,3841,0.15356128290295604,0.1803288459777832,0.640625,4,9
37,5363,0.10672126337885858,0.1434154510498047,0.59765625,1,0
37,5364,0.06990601494908334,0.07441139221191406,0.67578125,3,4
37,5365,0.10616613645106555,0.1805882453918457,0.53515625,4,9
37,5366,0.11272579059004785,0.15769290924072266,0.5859375,1,0
37,5367,0.11444524303078653,0.15180301666259766,0.6015625,4,4
37,5368,0.1152579460758716,0.15488731861114502,0.59765625,1,0
37,5369,0.09944294882006945,0.10809934139251709,0.66796875,3,4
37,5370,0.10114668181631715,0.12300974130630493,0.62890625,1,1
37,5371,0.12412188842426987,0.18636482954025269,0.56640625,4,9
37,5372,0.06542557384818794,0.08150339126586914,0.62109375,5,10
37,5373,0.05909723229706288,0.08047282695770264,0.59375,1,1
37,5374,0.09525961382314564,0.12473893165588379,0.60546875,1,0
37,5375,0.06661066017113627,0.07397973537445068,0.66015625,5,11
37,5376,0.11462616431526841,0.15403831005096436,0.59765625,1,0
37,5377,0.08820849645417185,0.11550575494766235,0.60546875,5,12
37,5378,0.0572933554649353,0.0572933554649353,0.7265625,3,5
37,5379,0.17393591522704813,0.2066245675086975,0.63671875,5,10
37,5380,0.09432094614021481,0.1189466118812561,0.6171875,1,0
37,5381,0.06317128299269827,0.07504338026046753,0.63671875,5,13
37,5382,0.08414800791069867,0.13016247749328613,0.55859375,1,1
37,5383,0.012289047241210938,0.012289047241210938,0.8828125,1,2
37,5384,0.09504377190023662,0.13669216632843018,0.578125,1,1
37,5385,0.1152579460758716,0.15488731861114502,0.59765625,1,0
37,5386,0.0716133819660172,0.0762287974357605,0.67578125,1,0
37,5387,0.09971851855516435,0.12575340270996094,0.6171875,1,1
37,5388,0.11595672927796843,0.20057380199432373,0.53125,5,11
37,5389,0.08353161136619748,0.09482967853546143,0.65234375,1,0
37,5390,0.100641981465742,0.13178694248199463,0.60546875,5,12
37,5391,0.09742674417793752,0.13092517852783203,0.59765625,1,0
37,5392,0.1023729480803013,0.1770775318145752,0.53125,1,0
37,5393,0.10785272624343635,0.14305853843688965,0.6015625,1,0
37,5394,0.10832329560071231,0.13830804824829102,0.61328125,4,9
37,5395,0.08643994387239219,0.11176073551177979,0.609375,3,4
37,5396,0.10998486354947092,0.1675959825515747,0.5625,1,0
37,5397,0.07151734933722766,0.09610730409622192,0.59765625,6,12
37,5398,0.019963622093200684,0.019963622093200684,0.8046875,3,5
37,5399,0.06274667195975782,0.09705829620361328,0.55859375,6,12
37,5400,0.11234106251504274,0.16867631673812866,0.56640625,4,9
37,5401,0.1147880149073899,0.15841364860534668,0.58984375,1,1
37,5402,0.11044877395033838,0.16830289363861084,0.5625,1,0
37,5403,0.07141370105091484,0.07601624727249146,0.67578125,4,8
37,5404,0.04142504930496216,0.04142504930496216,0.7734375,4,4
37,5405,0.09389351587742568,0.12295007705688477,0.60546875,1,0
37,5406,0.12075559026561679,0.1504303216934204,0.62109375,4,4
37,5407,0.06080669886432589,0.0621417760848999,0.69140625,1,1
37,5408,0.06563108786940576,0.1063389778137207,0.546875,5,12
37,5409,0.001956641674041748,0.001956641674041748,0.96484375,6,13
37,5410,0.08371704351156951,0.1742403507232666,0.4921875,5,10
37,5411,0.05398799874819816,0.06129014492034912,0.65234375,4,8
37,2592,0.18699942389503124,0.26521801948547363,0.58203125,4,9
37,3414,0.1606687065213919,0.23107409477233887,0.578125,4,9
37,5412,0.09465141652617605,0.15582484006881714,0.54296875,4,8
37,5413,0.01631075143814087,0.01631075143814087,0.8671875,1,1
37,5414,0.02848970890045166,0.02848970890045166,0.80078125,1,0
37,5415,0.09393240651115776,0.18080222606658936,0.5078125,1,0
37,5416,0.017400437034666545,0.247472882270813,0.328125,4,8
37,5417,0.07353742606937887,0.11205703020095825,0.5625,5,11
37,5418,0.07401285599917175,0.07961046695709229,0.671875,1,0
37,5419,0.01279902458190918,0.01279902458190918,0.8203125,4,9
37,5420,0.0716133819660172,0.0762287974357605,0.67578125,1,0
37,5421,0.10122436285018922,0.17509078979492188,0.53125,1,1
37,5422,0.0716133819660172,0.0762287974357605,0.67578125,1,0
37,5423,0.09099161624908449,0.18198323249816895,0.5,1,0
37,5424,0.04616170562803747,0.1875777244567871,0.3984375,1,0
37,5425,0.07058541686274113,0.07142239809036255,0.6953125,1,1
37,5426,0.11567225703038277,0.1640559434890747,0.58203125,1,0
37,5427,0.09500120882876219,0.17948567867279053,0.51171875,1,2
37,5428,0.1088385224575177,0.16835445165634155,0.55859375,1,1
37,5429,0.0716133819660172,0.0762287974357605,0.67578125,1,0
37,5430,0.10297733428888024,0.1751641035079956,0.53515625,1,0
37,5431,0.0716133819660172,0.0762287974357605,0.67578125,1,0
37,5432,0.0,0.21303951740264893,0.140625,4,9
37,5433,0.11575909727253021,0.1619362235069275,0.5859375,1,0
37,5434,0.08534709224477412,0.11320650577545166,0.6015625,1,1
37,5435,0.09926531603559853,0.13339591026306152,0.59765625,1,0
37,5436,0.10320382355712356,0.12403839826583862,0.6328125,4,9
37,5437,0.08675390062853695,0.17018389701843262,0.50390625,1,1
37,5438,0.06101779080927373,0.06113719940185547,0.69921875,1,0
37,5439,0.09556084859650583,0.18054300546646118,0.51171875,4,10
37,5440,0.11255015060305597,0.15962791442871094,0.58203125,1,1
37,5441,0.11101183341816069,0.15744614601135254,0.58203125,1,1
37,5442,0.09847379289567472,0.13409197330474854,0.59375,1,0
37,5443,0.10139483120292427,0.17538565397262573,0.53125,1,0
37,5444,0.0,0.17540282011032104,0.2265625,1,1
37,5445,0.07142630009911956,0.07602965831756592,0.67578125,1,0
37,5446,0.07071324903517963,0.15022897720336914,0.48828125,1,2
37,5447,0.052452683448791504,0.052452683448791504,0.71484375,1,0
37,5448,0.10453103715553881,0.17490160465240479,0.5390625,1,0
37,5449,0.11300251143984498,0.16483557224273682,0.57421875,4,9
37,5450,0.10810887208208443,0.15123426914215088,0.5859375,1,1
37,5451,0.07161517383065076,0.07623070478439331,0.67578125,1,0
37,5452,0.11347998131532223,0.16553205251693726,0.57421875,1,0
37,5453,0.08812952088192107,0.1323235034942627,0.56640625,5,10
37,5454,0.10727286804467441,0.142289400100708,0.6015625,1,0
37,5455,0.11210352182388307,0.1486968994140625,0.6015625,1,0
37,5456,0.09389029210433365,0.18072116374969482,0.5078125,1,0
37,5457,0.10844254354014994,0.17031466960906982,0.5546875,1,0
37,5458,0.11015916243195535,0.16786158084869385,0.5625,1,0
37,5459,0.08405692130327226,0.14539575576782227,0.53125,4,9
37,5460,0.04054820537567139,0.04054820537567139,0.74609375,1,0
37,5461,0.10034834826365115,0.16258972883224487,0.546875,1,1
37,5462,0.09391487948596479,0.18076848983764648,0.5078125,1,0
37,5463,0.00559234619140625,0.00559234619140625,0.9140625,1,1
38,5176,0.09224810893647374,0.16230595111846924,0.52734375,1,0
38,5464,0.08512043859809638,0.1316666603088379,0.55859375,1,0
38,5465,0.08169548213481904,0.12448835372924805,0.5625,1,0
38,5466,0.047569990158081055,0.047569990158081055,0.7265625,1,0
38,5467,0.08512082393281163,0.13166725635528564,0.55859375,1,1
38,5468,0.09224810893647374,0.16230595111846924,0.52734375,1,0
38,5469,0.0674321057740599,0.17176735401153564,0.45703125,1,1
38,5470,0.09194320766255261,0.16459763050079346,0.5234375,1,0
38,5471,0.07833938347175719,0.1142728328704834,0.57421875,1,0
38,5472,0.08864007424563171,0.16746759414672852,0.51171875,1,1
38,5473,0.0708133145235479,0.09516119956970215,0.59765625,1,0
38,5474,0.07709931023418905,0.11246395111083984,0.57421875,1,0
38,5475,0.07403402007184924,0.1715177297592163,0.47265625,1,0
38,5476,0.07100700377486648,0.09799349308013916,0.58984375,1,0
38,5477,0.04188034869730473,0.17721271514892578,0.39453125,1,0
38,5478,0.09792344155721368,0.15379387140274048,0.5546875,1,0
38,5479,0.055830679950304336,0.06632322072982788,0.63671875,1,1
38,5480,0.09224810893647374,0.16230595111846924,0.52734375,1,0
38,5481,0.0639963101129979,0.07782924175262451,0.62890625,1,0
38,5482,0.08512409927789123,0.13167232275009155,0.55859375,1,0
38,5483,0.09224810893647374,0.16230595111846924,0.52734375,1,0
38,5484,0.09324033558368684,0.14871978759765625,0.55078125,1,0
38,5331,0.09224810893647374,0.16230595111846924,0.52734375,1,0
38,5485,0.08867419976741077,0.16157007217407227,0.51953125,1,1
38,5486,0.07827815832570197,0.11753201484680176,0.56640625,1,0
38,5487,0.09224810893647374,0.16230595111846924,0.52734375,1,0
38,5488,0.0,0.1942480206489563,0.15625,1,1
38,5489,0.09112628689035775,0.16313517093658447,0.5234375,1,0
38,5490,0.09868026827462019,0.15498250722885132,0.5546875,1,0
38,5491,0.09224810893647374,0.16230595111846924,0.52734375,1,0
38,5492,0.09224241762422027,0.16229593753814697,0.52734375,1,1
38,5493,0.0,0.18564152717590332,0.27734375,1,0
38,5494,0.04341995995491744,0.1764366626739502,0.3984375,1,0
38,5495,0.0851187431253493,0.13166403770446777,0.55859375,1,0
38,5496,0.09184517757967116,0.16159701347351074,0.52734375,1,0
38,5497,0.08752327971160413,0.12951421737670898,0.5703125,1,1
38,5498,0.09244147804565729,0.16264617443084717,0.52734375,1,0
38,5499,0.09512853669002654,0.15916931629180908,0.5390625,1,0
38,5500,0.05324008176103235,0.17473667860031128,0.421875,1,0
38,5501,0.07808329630643131,0.16940104961395264,0.484375,1,0
38,5502,0.09800818702206017,0.15392696857452393,0.5546875,1,0
38,5503,0.08936379477381708,0.14952373504638672,0.5390625,1,1
38,5504,0.09224810893647374,0.16230595111846924,0.52734375,1,0
38,5505,0.08886464405804874,0.1648503541946411,0.515625,1,1
38,2592,0.16124096349813047,0.26978880167007446,0.5390625,4,9
38,3414,0.15246661985293034,0.2358396053314209,0.55859375,4,9
38,5506,0.09160676877945663,0.11140775680541992,0.62890625,4,9
38,5507,0.08194478973746301,0.12303733825683594,0.56640625,1,0
38,5508,0.08512409927789123,0.13167232275009155,0.55859375,1,1
38,5509,0.0898502280469984,0.15033763647079468,0.5390625,1,1
38,5510,0.04493285459466279,0.07397305965423584,0.54296875,3,7
38,5511,0.015080162556841976,0.16784876585006714,0.3359375,4,8
38,5512,0.06403586186934264,0.07787734270095825,0.62890625,1,0
38,5513,0.08087779814377428,0.16833102703094482,0.4921875,1,0
38,5514,0.05655459314584733,0.05837893486022949,0.6875,1,0
38,5515,0.09374945517629386,0.14953184127807617,0.55078125,1,1
38,5516,0.0,0.20071625709533691,0.26171875,4,8
38,5517,0.06107049016281964,0.20707345008850098,0.41796875,4,9
38,5518,0.09800454997457565,0.1563187837600708,0.55078125,1,1
38,5519,0.0893870673608035,0.1600216031074524,0.5234375,4,9
38,5520,0.05245614051818848,0.05245614051818848,0.71875,1,0
38,5521,0.05972940474748612,0.17375826835632324,0.4375,1,0
38,5522,0.09715918870642783,0.1574224829673767,0.546875,1,0
38,5523,0.0928910819347948,0.14816272258758545,0.55078125,1,0
38,5524,0.08251353469677271,0.1558927297592163,0.51171875,1,1
38,5525,0.05476871738210321,0.09163916110992432,0.5390625,3,6
38,5526,0.09700658801011743,0.1706782579421997,0.52734375,2,2
38,5527,0.055190678103826954,0.10826677083969116,0.50390625,4,7
38,5528,0.0,0.2017054557800293,0.1640625,5,10
38,5529,0.04585802927613259,0.17264199256896973,0.40625,1,1
38,5530,0.08511893579270692,0.13166433572769165,0.55859375,3,7
38,5531,0.09208363678772004,0.16201657056808472,0.52734375,1,0
38,5532,0.08993825141806157,0.16387325525283813,0.51953125,1,0
38,5533,0.03701914846897126,0.08031272888183594,0.484375,4,9
38,5534,0.13583243149332705,0.17786753177642822,0.60546875,4,10
38,5535,0.09358179755508901,0.14260083436965942,0.5625,1,1
38,5536,0.08629681728780271,0.13764476776123047,0.55078125,1,0
38,5537,0.06126298231538386,0.17329639196395874,0.44140625,1,0
38,5538,0.0,0.17245101928710938,0.2890625,1,1
38,5539,0.09269936103373767,0.15019643306732178,0.546875,1,0
38,5540,0.08947322051972152,0.12868058681488037,0.578125,1,1
38,5541,0.07687611225992443,0.11056339740753174,0.578125,1,0
38,5542,0.041669607162475586,0.041669607162475586,0.71484375,4,8
38,5543,0.09673896804451944,0.15674161911010742,0.546875,1,0
38,5544,0.0853500794619322,0.1382887363433838,0.546875,1,0
38,5545,0.09848432522267105,0.15467476844787598,0.5546875,1,0
38,5546,0.08778895740397276,0.16585958003997803,0.51171875,1,0
38,5547,0.0782869578106329,0.11419636011123657,0.57421875,1,0
38,5548,0.111233375268057,0.17469781637191772,0.5546875,4,9
38,5549,0.09614545886870475,0.1582844853401184,0.54296875,1,0
38,5550,0.0,0.19732654094696045,0.2734375,3,5
38,5551,0.06053809239529074,0.06651395559310913,0.6640625,1,0
38,5552,0.08933651377446951,0.11266082525253296,0.6171875,4,9
38,5553,0.005246639251708984,0.005246639251708984,0.9296875,1,0
38,5554,0.07779447501525284,0.08280825614929199,0.67578125,4,9
38,4505,0.1372163274791092,0.2334045171737671,0.53515625,5,12
38,5379,0.14892696077004078,0.217238187789917,0.57421875,5,10
38,5555,0.05783763993531466,0.06423616409301758,0.66015625,5,12
38,5556,0.08727455884218217,0.15096139907836914,0.53125,1,1
38,5557,0.0,0.24867403507232666,0.265625,4,8
38,5558,0.02503526210784912,0.02503526210784912,0.7890625,3,3
38,5559,0.08975461591035129,0.1454252004623413,0.546875,1,0
38,5560,0.06915197288617493,0.08829379081726074,0.61328125,4,8
38,5561,0.04852341511286796,0.049588799476623535,0.69140625,6,12
38,5562,0.012962818145751953,0.012962818145751953,0.88671875,1,0
38,5563,0.06404875172302128,0.07789301872253418,0.62890625,4,5
38,5564,0.08733238372951747,0.137160062789917,0.5546875,4,3
38,5565,0.08145752386189999,0.1260007619857788,0.55859375,1,0
38,5566,0.1132279606536031,0.19585376977920532,0.53125,5,10
38,5567,0.046008918667212136,0.07826101779937744,0.53515625,3,6
38,5568,0.12776366248726848,0.19468748569488525,0.5625,4,9
38,5569,0.09820933407172562,0.15191292762756348,0.55859375,5,9
38,5570,0.032176434993743896,0.032176434993743896,0.7421875,4,11
38,5571,0.08834861870855094,0.13666009902954102,0.55859375,1,0
38,5572,0.08688624110072853,0.15028971433639526,0.53125,4,9
38,5573,0.0955068221082911,0.15233486890792847,0.55078125,1,0
38,5574,0.002164928941056138,0.1847406029701233,0.3046875,1,0
38,5575,0.09185764007270338,0.1644444465637207,0.5234375,4,5
38,5576,0.03914844989776611,0.03914844989776611,0.76171875,2,1
38,5577,0.11189101077616216,0.15236222743988037,0.59375,4,3
38,5578,0.08796998881734909,0.13607442378997803,0.55859375,1,0
38,5579,0.0,0.19129598140716553,0.18359375,1,1
38,5580,0.08278572186827661,0.15357351303100586,0.515625,5,11
38,5581,0.07540052384138109,0.10267305374145508,0.59375,1,1
38,5582,0.07956258580088617,0.11442708969116211,0.578125,5,4
38,5583,0.04770078975707293,0.16727948188781738,0.4140625,1,1
38,5584,0.03125166893005371,0.03125166893005371,0.75390625,3,2
38,5585,0.08721773582510652,0.14358675479888916,0.54296875,1,0
38,5586,0.10978587227873506,0.16014349460601807,0.57421875,4,8
38,5587,0.11542385327629748,0.20663291215896606,0.5234375,4,9
38,5588,0.0794042970519513,0.168692946434021,0.48828125,1,0
38,5589,0.07949572149664165,0.08374857902526855,0.6796875,5,6
38,5590,0.0634886557236314,0.07721185684204102,0.62890625,6,13
38,5591,0.056433951947838075,0.08863246440887451,0.5546875,6,13
38,5592,0.09457907488103957,0.14200729131698608,0.56640625,1,1
38,5593,0.0929049833212048,0.1481848955154419,0.55078125,1,0
38,5594,0.05604675225913525,0.08540457487106323,0.5625,5,11
38,5595,0.08752546529285611,0.20277392864227295,0.47265625,4,8
38,5596,0.07359227619599552,0.18745893239974976,0.45703125,4,9
38,5597,0.07804795331321658,0.1658114194869995,0.48828125,4,11
38,5598,0.10860259528271855,0.22153198719024658,0.49609375,4,8
38,5599,0.08473402494564654,0.13106894493103027,0.55859375,1,0
38,5600,0.02229166030883789,0.02229166030883789,0.859375,4,4
38,5601,0.07802619750145824,0.11715370416641235,0.56640625,1,0
38,5602,0.06960469856858255,0.1127772331237793,0.546875,4,8
38,5603,0.09949172660708429,0.15160644054412842,0.5625,1,1
38,5604,0.057916421676054604,0.08448207378387451,0.57421875,5,11
38,5605,0.0038223862648010254,0.0038223862648010254,0.9453125,1,0
38,5606,0.01764988899230957,0.01764988899230957,0.86328125,1,1
38,5607,0.03736358880996704,0.03736358880996704,0.7421875,5,10
39,5468,0.1051729815080762,0.1579136848449707,0.56640625,1,0
39,5608,0.1051729815080762,0.1579136848449707,0.56640625,1,0
39,5609,0.0679813767783344,0.0694739818572998,0.69140625,1,0
39,5610,0.0,0.16958045959472656,0.23828125,1,1
39,5611,0.09852962754666807,0.14580106735229492,0.5703125,1,1
39,5612,0.07720972737297417,0.08304911851882935,0.671875,1,0
39,5613,0.08683798322454096,0.11371111869812012,0.60546875,1,0
39,5614,0.08924256451427938,0.16555142402648926,0.515625,1,0
39,5615,0.07972755935043098,0.16937971115112305,0.48828125,1,1
39,5616,0.1051729815080762,0.1579136848449707,0.56640625,1,0
39,5617,0.10981093416921796,0.1536152958869934,0.5859375,1,0
39,5618,0.09619605750776829,0.1636291742324829,0.53515625,1,0
39,5619,0.10068153846077622,0.16058862209320068,0.55078125,1,0
39,5620,0.06929461471736433,0.07152992486953735,0.6875,1,0
39,5621,0.1051729815080762,0.1579136848449707,0.56640625,1,0
39,5622,0.07454959070309998,0.11031615734100342,0.5703125,1,1
39,5623,0.10497743217274548,0.14107203483581543,0.59765625,1,0
39,5624,0.09705980680882932,0.1624007225036621,0.5390625,1,0
39,5625,0.08535415213555099,0.16743803024291992,0.50390625,1,0
39,5626,0.05945265293121338,0.05945265293121338,0.71875,1,0
39,5627,0.1038742968812585,0.1493922472000122,0.578125,1,1
39,5628,0.10060279315803201,0.1388372778892517,0.58984375,1,1
39,5629,0.08170856069773437,0.1056433916091919,0.609375,1,1
39,5630,0.0,0.18326252698898315,0.29296875,1,0
39,5631,0.0944409933872521,0.1606438159942627,0.53515625,1,1
39,5632,0.09694573469460012,0.16768991947174072,0.53125,1,1
39,5633,0.08414405584335329,0.16828811168670654,0.5,1,0
39,5634,0.10111710545606913,0.13588440418243408,0.59765625,1,0
39,5635,0.09782334556803109,0.1584985852241516,0.546875,1,1
39,5636,0.06612236984074117,0.1727278232574463,0.453125,1,0
39,5379,0.1757750436663628,0.2331523895263672,0.6015625,5,10
39,4505,0.18123405892401936,0.26065123081207275,0.578125,5,12
39,5637,0.05173051357269287,0.05173051357269287,0.734375,3,5
39,5638,0.10087698523420842,0.1774880290031433,0.52734375,5,11
39,5639,0.09990942827425899,0.13426148891448975,0.59765625,1,0
39,5640,0.0640859603881836,0.0640859603881836,0.7109375,4,7
39,5641,0.05280997068621219,0.06347113847732544,0.6328125,4,9
39,5642,0.09241534979082645,0.12258201837539673,0.6015625,1,0
39,5643,0.09365894040092827,0.12586188316345215,0.59765625,1,0
39,5644,0.06927185528911652,0.0707927942276001,0.69140625,1,0
39,5645,0.11148820887319745,0.14788073301315308,0.6015625,1,1
39,5646,0.11895341612398626,0.13356173038482666,0.65625,4,3
39,5647,0.06948839477263392,0.15401756763458252,0.48046875,1,1
39,5648,0.10738595598377289,0.1443086862564087,0.59765625,1,0
39,5649,0.09372394345700742,0.10881328582763672,0.64453125,1,1
39,5650,0.09531898598652334,0.12170404195785522,0.61328125,1,1
39,5651,0.04984369548037649,0.06698155403137207,0.59765625,4,9
39,5652,0.06853138888254763,0.11657166481018066,0.53515625,5,9
39,5653,0.0,0.1839386224746704,0.2734375,1,0
39,5654,0.09662361256778242,0.16713273525238037,0.53125,1,1
39,5655,0.08584845159202815,0.10961198806762695,0.61328125,3,2
39,5656,0.0673996659461409,0.10585469007492065,0.5546875,3,4
39,5657,0.12740557116921994,0.2032138705253601,0.55078125,4,7
39,5658,0.009197326377034194,0.18111658096313477,0.3203125,4,9
39,5659,0.06908755120821299,0.07060444355010986,0.69140625,1,0
39,5660,0.11013104813173415,0.15406310558319092,0.5859375,4,4
39,5661,0.0,0.32040607929229736,0.26171875,4,9
39,5662,0.07345834386069329,0.10418468713760376,0.58203125,5,10
39,5663,0.07886624522507192,0.08665132522583008,0.6640625,5,11
39,5664,0.038973093032836914,0.038973093032836914,0.7734375,6,13
39,5665,0.10256546596065165,0.15865111351013184,0.55859375,1,0
39,5666,0.09497853717766704,0.13107550144195557,0.58984375,1,0
39,5667,0.009051382541656494,0.009051382541656494,0.89453125,5,10
39,5668,0.09091033693403007,0.16864526271820068,0.515625,3,2
39,5669,0.10687700205016883,0.16047221422195435,0.56640625,5,10
39,5670,0.04208679264411331,0.16449189186096191,0.40234375,4,6
39,5671,0.11182697210460903,0.15227502584457397,0.59375,1,0
39,5672,0.07045427581761034,0.08995658159255981,0.61328125,3,6
39,5673,0.05905964807607234,0.06559336185455322,0.66015625,3,2
39,5674,0.08613517787307502,0.10352396965026855,0.6328125,1,1
39,5675,0.09886991977691652,0.1161041259765625,0.640625,5,12
39,5676,0.006483912467956543,0.006483912467956543,0.9296875,5,7
39,5677,0.0574380437610671,0.06520682573318481,0.65234375,5,9
39,5678,0.08337494940496983,0.12896668910980225,0.55859375,4,8
39,5679,0.06193551048636437,0.0762283205986023,0.625,4,8
39,5680,0.10751723172143103,0.14261353015899658,0.6015625,1,1
39,5681,0.05674547329545022,0.08646929264068604,0.5625,4,9
39,5682,0.08114406967069955,0.096393883228302,0.63671875,5,12
39,5683,0.07458758354187012,0.07458758354187012,0.7265625,5,9
39,5684,0.05163010954856873,0.16945266723632812,0.421875,1,1
39,5685,0.018480300903320312,0.018480300903320312,0.87890625,5,10
39,5686,0.043402910232543945,0.043402910232543945,0.765625,5,8
39,5687,0.034469008445739746,0.034469008445739746,0.8046875,4,9
39,5688,0.05695406743325294,0.17566555738449097,0.4296875,1,1
39,5689,0.10202088346704843,0.18925613164901733,0.515625,5,10
39,5690,0.05591463297605515,0.060143470764160156,0.671875,4,3
39,5691,0.10772694647312166,0.12947463989257812,0.6328125,4,2
39,5692,0.12688588444143536,0.15250134468078613,0.6328125,4,2
39,5693,0.05624789069406689,0.06840598583221436,0.62890625,5,7
39,5694,0.04123676475137473,0.14461112022399902,0.4140625,4,9
39,5695,0.11426771245896818,0.16908979415893555,0.5703125,4,9
39,2592,0.19380920287221673,0.2909979820251465,0.56640625,4,9
39,3414,0.19054237473756078,0.25274014472961426,0.6015625,4,9
39,5696,0.0885238980408758,0.15057885646820068,0.53515625,4,8
39,5697,0.11678464338183406,0.2054767608642578,0.52734375,4,9
39,5698,0.07096341205760838,0.0852893590927124,0.6328125,3,7
39,5699,0.039505720138549805,0.039505720138549805,0.77734375,1,0
39,5700,0.09367437567561866,0.12588262557983398,0.59765625,3,6
39,5701,0.07224435021635146,0.08999782800674438,0.62109375,3,5
39,5702,0.1090309062274173,0.15046852827072144,0.58984375,1,1
39,5703,0.060148886870592846,0.23508572578430176,0.40234375,4,8
39,5704,0.05866712832357735,0.0788387656211853,0.59765625,4,8
39,5705,0.10586411808617414,0.15665441751480103,0.5703125,1,0
39,5706,0.10726845986209811,0.1564713716506958,0.57421875,1,0
39,5707,0.06218910217285156,0.06218910217285156,0.73828125,4,10
39,5708,0.079713934333995,0.14270466566085815,0.5234375,5,8
39,5709,0.10701306187547745,0.13331067562103271,0.62109375,4,11
39,5710,0.06315863225609065,0.08600324392318726,0.59375,4,9
39,5711,0.08040793647523971,0.09778827428817749,0.62890625,4,7
39,5712,0.06608065078034998,0.13479399681091309,0.49609375,4,9
39,5713,0.06388342822901906,0.06464093923568726,0.6953125,1,0
39,5714,0.0,0.19707709550857544,0.16015625,6,10
39,5715,0.0635327899362892,0.1200324296951294,0.51171875,4,10
39,5716,0.07333169085904957,0.09481269121170044,0.609375,4,9
39,5717,0.08806568617001177,0.1303168535232544,0.5703125,1,1
39,5718,0.06406575441360474,0.06406575441360474,0.703125,1,1
39,5719,0.10917870269622655,0.15067249536514282,0.58984375,1,0
39,5720,0.06914150924421848,0.06996136903762817,0.6953125,4,7
39,5721,0.07486225198954345,0.134019136428833,0.5234375,4,8
39,5722,0.060962189105339355,0.07982772588729858,0.60546875,3,6
39,5723,0.11156252841465177,0.14992129802703857,0.59765625,1,0
39,5724,0.10837800055742265,0.1558694839477539,0.578125,1,0
39,5725,0.051098879426717765,0.08838725090026855,0.53125,4,10
39,5726,0.040112853050231934,0.040112853050231934,0.80078125,4,9
39,5727,0.0,0.20030593872070312,0.16015625,3,6
39,5728,0.0907628368586302,0.15699517726898193,0.53125,4,10
39,5729,0.007646024227142334,0.007646024227142334,0.91015625,4,6
39,5730,0.1110269066412002,0.14920151233673096,0.59765625,1,0
39,5731,0.10977825382724406,0.15356957912445068,0.5859375,1,0
39,5732,0.06927185528911652,0.0707927942276001,0.69140625,3,6
39,5733,0.06999045610427856,0.06999045610427856,0.7109375,3,6
39,5734,0.06109013501554728,0.0831865668296814,0.59375,5,11
39,5735,0.10379920061677696,0.1492842435836792,0.578125,1,1
39,5736,0.09947314299643041,0.16117167472839355,0.546875,1,0
39,5737,0.1061949352733791,0.1571439504623413,0.5703125,1,0
39,5738,0.08772801747545601,0.15984606742858887,0.51953125,4,9
39,5739,0.09413481282535942,0.16562551259994507,0.52734375,4,9
39,5740,0.05876804608851672,0.16177010536193848,0.4453125,3,5
39,5741,0.05934896448161454,0.06317394971847534,0.67578125,4,8
39,5742,0.1090121555607766,0.1546100378036499,0.58203125,1,0
39,5743,0.026214677374809987,0.2033623456954956,0.3515625,3,6
39,5744,0.06527335359714927,0.17967718839645386,0.4453125,3,5
39,5745,0.10901526734232904,0.14844632148742676,0.59375,3,8
39,5746,0.1101529063889757,0.14802700281143188,0.59765625,1,0
39,5747,0.07018452743068339,0.08057057857513428,0.6484375,4,9
39,5748,0.08097770751919599,0.1148492693901062,0.58203125,6,10
39,5749,0.07639288343489171,0.14171433448791504,0.515625,4,9
39,5750,0.12492807861417535,0.2160918116569519,0.53125,5,10
39,5751,0.06202320358715952,0.06467592716217041,0.68359375,4,7
39,5752,0.08546523819677533,0.1453760862350464,0.53515625,1,1
